True_u,Predicted_u,Absolute_Error_u
0.4039946178371701,0.4039908454094269,3.772427743187201e-06
-0.7325259809229254,-0.7280984817624371,0.004427499160488346
-0.5002263604139461,-0.4944737112156028,0.005752649198343285
0.7339133639396607,0.7050551403889838,0.02885822355067691
0.9665386303119858,0.9388365221341219,0.027702108177863893
0.7376817293115014,0.7082065688525409,0.029475160458960592
-0.9538177788093842,-0.9275465071656213,0.026271271643762972
0.759334475572364,0.7327479954487495,0.02658648012361453
0.1257690472994459,0.11108302009250501,0.0146860272069409
0.12173333086467848,0.1267820300056633,0.005048699140984811
-0.08021008114798583,-0.06486769017919185,0.015342390968793987
0.17579300464233838,0.1820131971328703,0.006220192490531934
-0.5784106267178578,-0.5575605205664137,0.020850106151444114
-0.18173374689886884,-0.16644020565173048,0.01529354124713836
-0.8845351863986237,-0.852792673400891,0.031742512997732675
0.8063463008834474,0.7948296373021347,0.011516663581312647
-0.15265318926291865,-0.15712649993061936,0.004473310667700708
0.9514996593200005,0.925411205728457,0.026088453591543437
0.4065978933783925,0.4070623662766215,0.00046447289822898474
-0.9591544427617901,-0.9324737261296968,0.02668071663209326
0.8547633014335919,0.8394113169526857,0.015351984480906244
-0.14193681937998961,-0.15202476499084283,0.010087945610853216
-0.2187994878171326,-0.2044302152267921,0.014369272590340487
0.34568423218273664,0.346265459282412,0.000581227099675341
-0.5403315293207741,-0.5186323765270219,0.02169915279375223
-0.9655039238604398,-0.9350330956646725,0.030470828195767297
0.8102110917330075,0.7947754357574464,0.01543565597556118
0.46850673253518516,0.4455367840829016,0.022969948452283562
0.19378020326789644,0.1798892318785329,0.013890971389363543
-0.5131397952710994,-0.4876044507828796,0.025535344488219813
0.8938260599483585,0.8797212654515515,0.014104794496807016
0.08208250337817674,0.0831050829670566,0.0010225795888798572
-0.8509763977240169,-0.8194906793766958,0.03148571834732106
0.5176957135898905,0.5162949370607612,0.0014007765291292884
-0.5122433700522404,-0.49228905188606353,0.019954318166176876
0.7225140128454329,0.7140092292320522,0.008504783613380695
-0.014550680301684963,-0.025518259089765228,0.010967578788080265
-0.15144347646499992,-0.13272416120116168,0.018719315263838243
0.18475574485758484,0.18615269453309832,0.001396949675513487
0.19389333141143572,0.19817110328555057,0.00427777187411485
0.32464558561731577,0.3072632523872551,0.017382333230060665
0.12699506537710042,0.11304182960021107,0.013953235776889353
-0.3957308758028777,-0.3904102023299886,0.005320673472889115
-0.8658777621418879,-0.8401723177025919,0.02570544443929601
0.9349325119882135,0.9149815619065648,0.01995095008164871
0.5263433593849838,0.5209164654880888,0.005426893896894991
0.18820933378769458,0.19063612601707308,0.0024267922293784994
0.7019846520312576,0.6884136327569883,0.013571019274269291
-0.8975726335145673,-0.8806758131043693,0.01689682041019802
-0.9116138897364365,-0.8797572427397538,0.03185664699668278
-0.944608451288569,-0.9249121231866674,0.019696328101901583
0.43943740375452106,0.42329823148965134,0.016139172264869717
0.2951859878594196,0.29838241385899505,0.0031964259995754807
-0.6811076537379751,-0.6518337045860515,0.029273949151923606
0.3829199394656206,0.36304067621057595,0.019879263255044632
0.2821444870314975,0.28904443373246924,0.006899946700971715
-0.16439516308363983,-0.14461563771036068,0.01977952537327915
0.2748589707749024,0.2821864309539271,0.007327460179024692
0.7328837685759677,0.7202382947272835,0.012645473848684197
-0.712169325942653,-0.6818963011160669,0.030273024826586115
0.9048295876624439,0.8917708644712086,0.013058723191235355
-0.010680644811058262,-0.017606047791927624,0.006925402980869362
-0.8473134272209821,-0.8211742320013348,0.02613919521964736
-0.6034116346652464,-0.6052485506255897,0.0018369159603432994
0.8241358286017431,0.8127335619938229,0.011402266607920208
0.861185628437229,0.8317776691817309,0.029407959255498106
-0.5230615616417607,-0.5032381412910765,0.019823420350684184
0.30170932691516417,0.2889954158850631,0.012713911030101055
0.26383394711466407,0.24903650156473345,0.014797445549930621
0.8879198437929626,0.8569667093980315,0.03095313439493108
-0.24023381391890486,-0.22434565448159327,0.01588815943731159
0.12674477552102656,0.1234688703933213,0.0032759051277052587
-0.7386472569247096,-0.7109407449377952,0.027706511986914317
0.10784516467348593,0.12087310003012207,0.013027935356636142
0.9367281780839888,0.9160358058297763,0.0206923722542125
-0.9012474952895834,-0.8731619675992377,0.02808552769034567
-0.7164523171028984,-0.7059518640152187,0.010500453087679662
0.9330637881527898,0.9161151596960547,0.01694862845673506
0.1864960869937911,0.17150210872643548,0.014993978267355629
0.068535828259631,0.07781595683746043,0.009280128577829422
0.26316711901432427,0.24281935306760183,0.02034776594672244
-0.9540562556244072,-0.9307586729662906,0.023297582658116656
0.7037625762337133,0.6820733397668839,0.02168923646682941
-0.7662165230408754,-0.741097276310822,0.02511924673005339
-0.6924975604488952,-0.671198362183328,0.021299198265567254
0.736523156985697,0.6999772154387707,0.036545941546926364
-0.9636755561593883,-0.9387166767319575,0.024958879427430802
0.44535762700107856,0.44372621626846315,0.0016314107326154126
0.8395367311539033,0.8217684941030103,0.01776823705089292
-0.7942778323049328,-0.7646107133317559,0.029667118973176865
0.9690027194460353,0.9423169805427285,0.026685738903306833
0.9412342456241581,0.9141652224664215,0.027069023157736627
-0.5771843571863303,-0.5586238411107081,0.018560516075622258
-0.9030909080011157,-0.8753632225236415,0.027727685477474173
0.48650194027760424,0.46485259853270094,0.021649341744903294
-0.9436323314555247,-0.9246711445536675,0.01896118690185722
0.9186834181501459,0.8903317803881967,0.028351637761949156
-0.8150290822194706,-0.8043874304491208,0.010641651770349814
0.6986916446012917,0.688838747759527,0.009852896841764713
-0.20995728016680404,-0.19510946991618217,0.014847810250621873
0.967503354550307,0.9412648454345723,0.026238509115734665
-0.9631189209310987,-0.9489171024208432,0.014201818510255593
0.4318329561404885,0.4081803237281652,0.023652632412323293
0.3488385564154739,0.34698801731341233,0.0018505391020615658
-0.5292122707698226,-0.5345596985262725,0.005347427756449918
-0.9562228638895093,-0.926935124810765,0.029287739078744268
-0.9626797508046874,-0.9376382350664889,0.02504151573819846
-0.762712135605973,-0.7493593187907217,0.013352816815251245
-0.6157894759791093,-0.6131954268822374,0.0025940490968718866
0.7211097771499617,0.7062777426733868,0.014832034476574885
-0.8543270347486291,-0.8262502497262811,0.028076785022348005
-0.8249798885457463,-0.7998413538817424,0.025138534664003953
-0.16472190977768159,-0.17113943053137565,0.0064175207536940615
0.474909700711007,0.45540558542725795,0.01950411528374907
0.2274413883091423,0.23445076686270416,0.0070093785535618736
-0.9646007786821695,-0.9338479218937196,0.030752856788449967
-0.04892531788796647,-0.062496157821237554,0.013570839933271087
-0.28053988568089233,-0.2691949222140742,0.011344963466818125
0.9150177543610817,0.9006223333379864,0.014395421023095323
0.8171252290937406,0.8049334717297272,0.012191757364013456
0.8743311873291035,0.8504583758375555,0.023872811491548074
0.4949305778939359,0.49477266526863883,0.00015791262529707417
0.5741807777049227,0.5646557446686676,0.00952503303625507
-0.3823756177407847,-0.38069619619580464,0.0016794215449800753
-0.20866237785699718,-0.21154522516268817,0.0028828473056909942
-0.4389070319104165,-0.43759846952124126,0.0013085623891752607
0.25898119035202916,0.26624025689745046,0.0072590665454213
0.13310821499238376,0.13452986107646844,0.0014216460840846823
-0.08622978637119774,-0.09763073370187145,0.011400947330673705
0.34402254954988637,0.34818567921855054,0.004163129668664167
0.9181715126995502,0.8904418546866377,0.027729658012912495
0.5935305110151373,0.5875537745829363,0.00597673643220098
0.7724539615856149,0.7676138458764201,0.004840115709194737
0.34365922394394516,0.32551725364498324,0.018141970298961918
-0.1661213577109336,-0.1767023680915023,0.010581010380568717
-0.9236091667790223,-0.8945799661237867,0.02902920065523562
0.5254512029527136,0.5207007138398816,0.004750489112832046
0.6554892932573072,0.6321017245090058,0.02338756874830139
0.7722340671310024,0.7642709717807902,0.007963095350212224
-0.8675424037482868,-0.8588847308147027,0.008657672933584104
0.235345970816562,0.23980624315891813,0.004460272342356131
-0.8022718188907557,-0.7774405393430539,0.024831279547701812
-0.7339133627066575,-0.7098497471428954,0.02406361556376213
0.8828196294263968,0.853274899184399,0.029544730241997774
0.9541018189857329,0.9261536628522176,0.02794815613351531
0.9655171536481261,0.9491891926764564,0.016327960971669664
0.11839434830390834,0.12671256311957635,0.00831821481566801
-0.07211749167498609,-0.05804046286765294,0.01407702880733315
-0.8884504511334574,-0.8580327206980339,0.030417730435423507
0.035814796416860875,0.022372380437948695,0.01344241597891218
-0.5771126551370569,-0.5553670408110032,0.021745614326053708
-0.827235365049431,-0.8112942818951158,0.015941083154315194
0.3531708462201382,0.3580197245636752,0.0048488783435369776
-0.5992667593154548,-0.5955809107198846,0.003685848595570196
-0.9348836201199608,-0.9119385704128231,0.022945049707137732
0.9687469106143304,0.9410868915936699,0.02766001902066051
0.6065744139521075,0.5983004021471913,0.00827401180491627
0.6938340069548051,0.6843669867892895,0.009467020165515594
-0.03206554955056281,-0.03813169859648692,0.006066149045924112
-0.8560086519111803,-0.830603086340188,0.025405565570992272
0.6059186952648805,0.6013028042932379,0.004615890971642611
0.3221056186378802,0.3008589091848401,0.02124670945304008
0.31031081095127494,0.3093399876289367,0.0009708233223382212
0.9406193754577368,0.9096104159535262,0.031008959504210565
0.6738073023619355,0.6540347803624295,0.019772521999506076
-0.7609883219441674,-0.7308976767423672,0.03009064520180027
0.9630248750940662,0.9352845042624642,0.027740370831601968
0.968638990033742,0.9424990062318587,0.026139983801883315
0.43291860401962906,0.41136776408609804,0.02155083993353102
-0.8228566470473453,-0.8150673525145552,0.007789294532790092
0.2982825073267495,0.27933770159618165,0.018944805730567837
0.608113537581181,0.603523557351041,0.004589980230140012
0.9445069502154969,0.9247288380777078,0.019778112137789128
0.7451447176281288,0.7292031823035229,0.01594153532460596
0.26057638554722123,0.23195418938566223,0.028622196161559005
0.9300113341843885,0.9092143850026594,0.02079694918172914
-0.9635407616253375,-0.9425777959070787,0.02096296571825884
-0.9527930615625266,-0.9262200582339207,0.026573003328605904
0.9073190725366611,0.8763297683211992,0.030989304215461866
-0.8256969561009575,-0.8124511873645556,0.01324576873640193
-0.9641330106835906,-0.9406536566223589,0.023479354061231694
-0.8222559820947691,-0.8093597334475586,0.012896248647210506
-0.14869558204185887,-0.13663578773185736,0.01205979431000151
-0.6076314700045092,-0.5985785758650328,0.009052894139476408
0.2171871813605702,0.19846343634832786,0.018723745012242332
-0.3439290587812735,-0.34658974530517433,0.002660686523900835
-0.2231724883647289,-0.2026180919295633,0.0205543964351656
0.904465301742,0.8761322640944096,0.02833303764759043
-0.5909882475594775,-0.5666437141565295,0.024344533402948065
0.9612063290774245,0.925969145516664,0.035237183560760554
0.8736716377991482,0.8471578127429436,0.0265138250562047
0.6753710314737282,0.6651881320532094,0.010182899420518865
-0.9043885060271954,-0.8946488814222181,0.009739624604977348
0.5472728134141349,0.5432595519806054,0.004013261433529536
0.5596411147836381,0.5372595824006581,0.02238153238298002
0.8657342863260726,0.8379567518888744,0.027777534437198215
0.9337155797629,0.9124153328838761,0.021300246879023876
-0.31668579374950145,-0.3196168719194804,0.002931078169978951
0.3401661487679591,0.3385407017699055,0.001625446998053559
-0.9661185548891985,-0.9379906514601197,0.028127903429078782
0.4147421144492049,0.415629974610115,0.0008878601609101366
0.20177876490386068,0.20722411617195974,0.005445351268099058
-0.9663775962067517,-0.9421183492803946,0.02425924692635706
-0.9668844350578263,-0.943959266466329,0.02292516859149729
0.2580705456387463,0.2429280369906135,0.015142508648132824
-0.8339314152837654,-0.8202851413703875,0.013646273913377804
0.08361908235414973,0.09394212835172105,0.01032304599757132
0.420724604051254,0.41924056726653935,0.0014840367847146485
-0.2358898847851408,-0.21975986660524996,0.016130018179890848
0.44692938663579307,0.42832700844677807,0.018602378189015
0.962119209147756,0.9384948229603594,0.023624386187396595
0.9298415169229454,0.9079208842829355,0.021920632640009874
0.119531616172611,0.12493594255985614,0.00540432638724514
-0.6188806752968957,-0.5937922780734811,0.025088397223414605
-0.6281077779448856,-0.5983369596402338,0.02977081830465178
-0.8944608523282187,-0.8794875307630825,0.0149733215651362
0.36240063780548104,0.36338837414906205,0.0009877363435810138
0.12265372453722921,0.11991821967176369,0.0027355048654655184
0.23146079481061135,0.24029481598306898,0.008834021172457629
-0.524106200489408,-0.5039179087604915,0.020188291728916563
-0.9670170455820865,-0.9430947723360501,0.023922273246036352
0.770652029595549,0.7601277217582141,0.010524307837334934
-0.5338345196896058,-0.5325731775842032,0.0012613421054026297
0.937979391959921,0.9077854176938268,0.03019397426609416
-0.28205701169034186,-0.2599761367026118,0.022080874987730037
-0.24409938273321008,-0.23088563969307294,0.013213743040137144
0.6639289381744813,0.6390409527169768,0.02488798545750448
-0.740006056064857,-0.7228307986297934,0.01717525743506365
-0.7857919521083897,-0.7622579804158578,0.023533971692531908
-0.9526984789272247,-0.9313998775431594,0.021298601384065252
-0.20525528367390083,-0.2037589399843472,0.0014963436895536475
-0.507476209090657,-0.509836431133712,0.0023602220430549714
-0.8559116050820719,-0.8345615397667887,0.021350065315283162
0.6970546870623471,0.6712017440903614,0.025852942971985704
0.7438885249990081,0.7181312292151165,0.02575729578389163
0.8974147471321391,0.8624793125176623,0.03493543461447679
0.7388981193321325,0.7304759746731501,0.008422144658982389
0.3455296522459499,0.3478555108113667,0.002325858565416783
0.9600531655217388,0.9415685452400766,0.0184846202816622
-0.12826950052256492,-0.11052930468486395,0.017740195837700964
0.19938260092814947,0.2027351816529716,0.0033525807248221406
-0.8181959699043692,-0.7719616921492997,0.0462342777550695
0.8863894491185069,0.867287486444818,0.01910196267368891
0.946928279891177,0.9150200276092211,0.03190825228195593
-0.9311471649890685,-0.8983159884732435,0.03283117651582501
0.7792040155353002,0.7600126648100971,0.01919135072520306
0.8863374135756217,0.8635926663400727,0.02274474723554898
0.4873959909811458,0.48767327810665634,0.00027728712551056134
0.8498722887763541,0.8322542886650562,0.017618000111297882
0.17727353382310412,0.16167255916025497,0.015600974662849154
0.13105768471380447,0.14352677320398738,0.012469088490182911
-0.8270468744105502,-0.8125903972044376,0.01445647720611265
-0.3486815046582177,-0.3369177727718836,0.011763731886334061
-0.43961208380116235,-0.4395943021556108,1.778164555155115e-05
-0.6308340856803266,-0.6218285796976759,0.009005505982650708
-0.733913362415969,-0.7030802351723825,0.030833127243586556
0.37005710935620173,0.3453689792686352,0.02468813008756654
0.10297724769197411,0.08847294230661228,0.014504305385361835
-0.5743733252001099,-0.5463543862302154,0.02801893896989449
-0.8224412080042861,-0.8054360616921818,0.017005146312104258
-0.4501813584905726,-0.4248412845680885,0.025340073922484108
0.8839286679618027,0.8715173783914412,0.012411289570361528
-0.5485401485245166,-0.5215979133537879,0.02694223517072869
0.6975482247476895,0.6849869188650836,0.012561305882605955
-0.3184152618994279,-0.3186596971711074,0.0002444352716794995
0.9635196500333946,0.9366799841599046,0.02683966587348996
0.9639615419761379,0.9492763762784528,0.014685165697685076
-0.9244357472179834,-0.911816616146179,0.012619131071804346
0.16378654893968303,0.1493809779003321,0.014405571039350917
-0.11577442309038563,-0.12547079533817687,0.00969637224779124
0.8943259963796715,0.878885382332421,0.0154406140472505
-0.2433761827076532,-0.22263551718273378,0.020740665524919433
-0.13161576382307802,-0.11276947679916983,0.018846287023908184
0.10085872624394253,0.09888683828710451,0.001971887956838017
0.7153589851143572,0.6901615949760428,0.025197390138314457
0.7155725511199639,0.6869912294524609,0.028581321667502935
-0.4479659920644322,-0.444079702633381,0.0038862894310512375
-0.32157815605099677,-0.30368135583283784,0.017896800218158926
0.35322960029002903,0.33063715438147473,0.022592445908554304
0.20645521841674128,0.21402848123953463,0.0075732628227933585
-0.9585068808864414,-0.9334210038047742,0.025085877081667207
0.6052386139316871,0.5797518422617476,0.025486771669939512
-0.6936453684471203,-0.6884418596711209,0.005203508775999399
-0.9115743733214584,-0.8846109352233459,0.026963438098112524
-0.8303475408422686,-0.8015788770100715,0.028768663832197117
-0.007199797102986369,0.0009831352053915271,0.008182932308377897
0.9081709932182138,0.8812542800361743,0.026916713182039476
-0.35482423781779765,-0.33875596587080914,0.01606827194698851
-0.46443811960289294,-0.45949630759303206,0.00494181200986088
0.9374064127974774,0.9209104678535232,0.016495944943954233
0.17636877287826952,0.18615287354751084,0.009784100669241319
0.07979777913199076,0.07123244460278816,0.008565334529202606
0.9216823281828433,0.9058549542350508,0.015827373947792545
-0.9386255802833566,-0.9122144621047747,0.026411118178581883
-0.8365056949449041,-0.8174564181695523,0.019049276775351842
-0.9421791920531345,-0.9176276642609663,0.024551527792168182
-0.30945371916595366,-0.31067843627653335,0.0012247171105796983
0.508811777257911,0.48450075934854503,0.024311017909366017
0.6421439573092766,0.6316577941786863,0.010486163130590365
0.19843409098015352,0.2008590332993112,0.0024249423191576858
-0.35645287369838996,-0.3409889559107164,0.015463917787673587
0.2673505617409195,0.25150266985131003,0.015847891889609445
0.7883477138729078,0.7675631928016678,0.02078452107123996
-0.2878443532793236,-0.2960382709554321,0.008193917676108498
0.8808389703284571,0.868406888420935,0.012432081907522097
0.03707242818170999,0.025866943099247384,0.011205485082462607
-0.3350171141778946,-0.33208876741497667,0.0029283467629179216
-0.804639236622152,-0.7921235001001052,0.012515736522046739
-0.8316366939682829,-0.8154272144370588,0.01620947953122409
0.24058481739413792,0.2203340565942299,0.020250760799908035
-0.28519292737053087,-0.26856633272428926,0.01662659464624161
0.03571426310707356,0.050265207293236316,0.014550944186162755
-0.22400804203512362,-0.2266445737412477,0.0026365317061240734
0.6884438248936968,0.665660887084734,0.02278293780896279
-0.3266174101138254,-0.32971078728128533,0.003093377167459943
0.8202802751878083,0.7958503647826227,0.024429910405185606
-0.17045459422005277,-0.17524075079156487,0.004786156571512101
0.020499147520287246,0.004117823572217685,0.01638132394806956
-0.208962590827482,-0.1927056373809922,0.016256953446489808
-0.9502643642586943,-0.9368926501950885,0.013371714063605822
-0.9217954172089433,-0.9061577437370649,0.01563767347187839
-0.5686214666171691,-0.5682145619700965,0.00040690464707260343
-0.6916988360950067,-0.6813700209706439,0.010328815124362789
0.8108810921546986,0.7823758268232022,0.028505265331496443
0.30912442343791463,0.296374279249657,0.01275014418825765
-0.702751275686372,-0.6790934364440386,0.023657839242333334
0.15553426461925915,0.1417919288374564,0.013742335781802756
0.6840114821682787,0.662323026762577,0.021688455405701634
0.8476291229665399,0.8273237294576471,0.02030539350889282
0.9393306962279571,0.9229053934357238,0.01642530279223331
-0.71803612373111,-0.7046995442225872,0.01333657950852285
0.05334902533373478,0.05805811277000175,0.004709087436266975
0.8936324098415398,0.8797742271820169,0.013858182659522877
-0.9473837492322595,-0.9272756422878872,0.020108106944372373
0.09626492958269192,0.10912295020910603,0.012858020626414113
-0.2675713505653162,-0.2658105241364253,0.001760826428890916
-0.4721011470506197,-0.4698277817819139,0.0022733652687057515
-0.9152338375079153,-0.8917854612030218,0.023448376304893492
-0.1189997298656657,-0.1306381818125795,0.011638451946913791
0.6326243431069437,0.6175482102100753,0.015076132896868377
0.9687308432490948,0.9433236610774943,0.02540718217160043
-0.5887388250904182,-0.5654705878348799,0.023268237255538282
-0.6348919750114839,-0.6325965039363891,0.002295471075094757
-0.7178632555895016,-0.7052169763277727,0.012646279261728899
0.9322490695088081,0.9128147482060596,0.01943432130274858
-0.7824137110337249,-0.751905147038372,0.030508563995352955
0.6961821656767261,0.6678397039080319,0.02834246176869415
0.7020158134178536,0.694795491105546,0.0072203223123076254
0.7466360331679135,0.7226563462207898,0.023979686947123713
-0.6854615088170983,-0.6580214166645524,0.027440092152545947
0.8242411756208766,0.7898481245201,0.03439305110077662
-0.14395143866757734,-0.15037920917796,0.006427770510382652
-0.62226567474373,-0.5957350388487469,0.026530635894983057
0.9568565828497712,0.9352773456484333,0.02157923720133781
-0.8976732901552976,-0.8799018344305028,0.01777145572479477
-0.8481349865654609,-0.827342436195894,0.020792550369566953
-0.6931033676629467,-0.6812385870143814,0.01186478064856522
0.7587889683443633,0.7293880651143273,0.02940090323003597
-0.7434575786550536,-0.7180356937594987,0.025421884895554858
0.020319964334761714,0.03485788549610967,0.014537921161347958
0.7904224208067864,0.762819318522731,0.02760310228405538
-0.294969103637475,-0.28330334826569437,0.011665755371780662
-0.8938897550565457,-0.8728916247565991,0.02099813029994657
-0.6868817794140036,-0.679365533806985,0.00751624560701869
-0.6891960410095912,-0.6696695471537362,0.01952649385585503
0.5807839243730705,0.5535579747821097,0.027225949590960807
0.4009795004949497,0.3767027296443763,0.024276770850573393
0.9595274709491486,0.9371208179847046,0.022406652964443996
-0.3992031483359572,-0.39900394344731127,0.000199204888645943
-0.5401446479830718,-0.5118442152513607,0.028300432731711123
0.30493215354546804,0.2842681105281612,0.020664043017306843
-0.831759711732833,-0.8214111859817985,0.01034852575103451
0.9064290611980302,0.8977867972681304,0.008642263929899863
-0.6665129465695315,-0.6405370712012612,0.025975875368270285
0.6315248739033698,0.6027892587024488,0.02873561520092094
-0.6912015773246624,-0.6792136399071887,0.011987937417473615
-0.9037748047762617,-0.8832939005865469,0.02048090418971482
0.9186890603647312,0.8883900814327402,0.03029897893199096
-0.9029266266550686,-0.872104730458935,0.030821896196133625
-0.5193227855465851,-0.5206778068510913,0.0013550213045062653
-0.865296597629411,-0.8476090522437224,0.01768754538568862
-0.7703342135726534,-0.7670070991457648,0.0033271144268886
0.6483093033899047,0.6392473808759632,0.009061922513941445
-0.6095358402404415,-0.5871389973938866,0.022396842846554854
0.3685742543074011,0.3455228557923654,0.02305139851503568
-0.6359502002605956,-0.613591701298081,0.022358498962514517
-0.6443670252370373,-0.6388744165674431,0.005492608669594112
-0.13024209624669475,-0.14126324821837574,0.011021151971680992
-0.4765401606998977,-0.4758259684430893,0.0007141922568084103
0.9636403105533214,0.939827110312996,0.023813200240325405
0.9200151683109031,0.9008862343740941,0.019128933936809034
0.6847556902551547,0.650173683244285,0.034582007010869664
0.9459784275992469,0.9280964998838025,0.01788192771544439
0.6040184145817794,0.5859845123918921,0.01803390218988732
0.8088370084752827,0.7946801365932333,0.014156871882049393
0.7811064953850837,0.7714768736089311,0.009629621776152564
-0.7379722799171693,-0.7252251999453254,0.012747079971843878
0.13529838909014197,0.14600221764722615,0.010703828557084183
-0.03991482417453851,-0.032095391968303334,0.007819432206235176
-0.49353120242518655,-0.4894104432940583,0.004120759131128249
0.8503965330696576,0.829685047145568,0.020711485924089557
-0.6553788154988994,-0.644052512324924,0.011326303173975427
-0.938653366502967,-0.9250873049757468,0.013566061527220286
-0.7202023705628023,-0.7076751144361202,0.012527256126682151
-0.4469057945484388,-0.44577378147423175,0.0011320130742070722
0.8979632077418453,0.8823760315690754,0.015587176172769945
0.9416521674290836,0.9270860692444137,0.014566098184669918
-0.04688593948726491,-0.04779240801460003,0.0009064685273351206
-0.09464175093475788,-0.07533648427809067,0.019305266656667208
-0.8899503115413804,-0.8715933988695697,0.01835691267181072
-0.3753341320175987,-0.35600908831079503,0.019325043706803657
0.19849489185046046,0.18280157606287406,0.015693315787586398
-0.8362120070033967,-0.8173596292261699,0.018852377777226814
-0.7811711081370631,-0.7774419762658893,0.003729131871173852
-0.3086155153755449,-0.28658651998302503,0.022028995392519846
-0.9467831304193279,-0.9153575298904478,0.031425600528880104
0.743072967832063,0.733910278984264,0.009162688847799028
0.01822090943351585,0.018144450627072987,7.645880644286188e-05
0.752554374998604,0.7406268405948782,0.011927534403725848
-0.7983328448681195,-0.793825287776738,0.004507557091381509
-0.05365844053277349,-0.041824752036191855,0.011833688496581632
0.21370654640849646,0.2028439038871798,0.010862642521316662
-0.6031894750785086,-0.5947360179031788,0.00845345717532986
-0.9691064058157299,-0.9359436472091137,0.033162758606616216
0.10549714097135178,0.11269108446759345,0.007193943496241667
-0.9542303607842192,-0.9272692628668451,0.02696109791737411
-0.0045113637200566445,-0.011700663125501956,0.0071892994054453116
-0.5075206269572706,-0.4820546222509589,0.025466004706311718
0.2773576839620815,0.27897892452131845,0.0016212405592369583
-0.2742394195636451,-0.280907794968235,0.006668375404589866
-0.9361908556100608,-0.9236131933052122,0.01257766230484858
-0.26129689581226534,-0.2511340633888518,0.010162832423413537
0.6763071806136147,0.6493694539419846,0.02693772667163008
-0.4292472620402629,-0.41094068190819505,0.018306580132067873
0.8327035262508826,0.8224893655819305,0.010214160668952088
-0.8992729278864238,-0.8768918288945764,0.02238109899184737
-0.9060462749761024,-0.8884646961702094,0.01758157880589295
0.5896077304872352,0.5852710470320368,0.004336683455198442
-0.8449185672862701,-0.8276162005383122,0.01730236674795793
-0.19625952841051086,-0.20183733838387027,0.00557780997335941
-0.5140680247279851,-0.5196125430215168,0.005544518293531753
-0.2136711803962861,-0.22391289020446967,0.010241709808183563
-0.8212273934248563,-0.8044856493858279,0.016741744039028394
-0.12370499511433077,-0.10873917099685211,0.014965824117478654
-0.7223054642627357,-0.7134465895696943,0.008858874693041363
0.5762247206843757,0.5549194383858417,0.021305282298534012
0.9391128784406637,0.9165482192968424,0.02256465914382133
-0.9531315189514149,-0.9314618736400603,0.021669645311354624
0.39407300429764586,0.3968758262200779,0.0028028219224320305
0.6762616428076208,0.6709848045136858,0.005276838293934993
0.7130066698473869,0.6897546578595317,0.023252011987855203
-0.9471194597032047,-0.9215123976812489,0.02560706202195573
-0.5941983857484183,-0.5921821113300818,0.0020162744183365167
-0.3562115923524595,-0.3374752774603344,0.018736314892125128
-0.5604475454749789,-0.5386700892705485,0.02177745620443039
-0.9300573293046078,-0.9084988305882039,0.021558498716403918
-0.423997727915851,-0.42161347425945617,0.0023842536563948302
0.7559742718355333,0.7236233595092638,0.03235091232626952
0.763798049958149,0.738249982976788,0.02554806698136103
-0.3660546643385584,-0.3477089885307733,0.018345675807785067
0.8819167967488923,0.8703716991013251,0.011545097647567282
0.6661078168132015,0.6375187068515688,0.028589109961632775
-0.8718341765020119,-0.8573409865206821,0.014493189981329757
-0.8161793285963524,-0.7910770841507413,0.025102244445611155
0.9502604349412052,0.9163746981062386,0.03388573683496654
-0.924755724569105,-0.8957995678941665,0.02895615667493856
-0.4080666455169557,-0.4064902751060306,0.0015763704109251209
-0.4146132712970996,-0.41647075873924494,0.0018574874421453669
0.9395942719279126,0.9162726582943571,0.02332161363355545
0.6965336302577023,0.670203714978855,0.026329915278847316
-0.594117483806969,-0.5911786213025745,0.002938862504394568
-0.453935407463866,-0.4356405781655332,0.018294829298332815
-0.9656283660652125,-0.935537429704364,0.030090936360848475
-0.6356928770839027,-0.6279192735400865,0.007773603543816177
-0.08758634527138148,-0.07712216200305488,0.010464183268326599
-0.09051062594764123,-0.07988714235716199,0.010623483590479238
-0.6265361325349508,-0.603040705435918,0.02349542709903274
-0.3509137932411737,-0.33400602223655673,0.01690777100461699
0.8513974848991344,0.8222176709953318,0.02917981390380253
0.7990766262300238,0.7729162215339541,0.026160404696069728
0.9059289902442142,0.8830465087760817,0.022882481468132543
0.4526314853590423,0.4391900485383648,0.0134414368206775
0.7612949384456188,0.7259826427315044,0.03531229571411443
-0.6849924637073993,-0.6633689673431368,0.02162349636426253
0.9683022258990975,0.9301893745396903,0.03811285135940723
-0.9671145158128345,-0.9370617685944669,0.030052747218367593
-0.6706368995764754,-0.6485752802104869,0.022061619365988494
-0.9535646872433784,-0.9296412164540472,0.023923470789331214
-0.848482160963404,-0.8317132788242894,0.01676888213911465
-0.7517070509593858,-0.7292496404837463,0.02245741047563954
-0.9337503320517547,-0.9055361824914547,0.028214149560299995
-0.7144794007270339,-0.7015644671895526,0.012914933537481299
-0.7303499621092636,-0.7062790548198402,0.024070907289423404
0.8576321062217737,0.8492148063067668,0.008417299915006837
-0.13381176664492994,-0.12191263686413945,0.011899129780790496
0.19773127024459966,0.2061799049251846,0.008448634680584932
-0.618728136986837,-0.5906251305981232,0.02810300638871388
-0.45546198978601915,-0.45776808294858856,0.0023060931625694114
0.9662905301166121,0.9370510594294711,0.029239470687141056
-0.23696088605584253,-0.2086595766413605,0.02830130941448203
0.681562824771349,0.6548446710366652,0.02671815373468378
0.9573769557146201,0.9304474974010324,0.02692945831358773
0.2693113653445782,0.2662056177402697,0.0031057476043085397
0.9516063508118263,0.929841704364765,0.02176464644706133
-0.6105572640956977,-0.5746393664164398,0.035917897679257904
-0.8940004804408284,-0.8767774203892872,0.017223060051541172
-0.5733745685342436,-0.5707597333770953,0.002614835157148332
-0.16517638792267467,-0.15171820316787754,0.013458184754797126
-0.2626829021745204,-0.24842393762926995,0.014258964545250441
0.685401903835631,0.6770770183160671,0.008324885519563896
-0.8308220259507275,-0.8032124467802635,0.027609579170464027
0.3572126536423737,0.3469027998144855,0.010309853827888182
0.15942028172238254,0.1579274864748252,0.001492795247557327
-0.9693820670996685,-0.9422732296413137,0.027108837458354795
-0.4104679959359116,-0.4103259283999248,0.00014206753598677846
-0.8828488291629715,-0.8707791060451677,0.012069723117803743
-0.6571874474359546,-0.6345016750039904,0.022685772431964235
0.4767253260542697,0.45136552827817333,0.02535979777609637
-0.5175230001532738,-0.491452833693599,0.026070166459674804
0.8832876953500111,0.8693722948470594,0.013915400502951702
-0.9678627165800268,-0.950283645666331,0.017579070913695816
0.05503512109530932,0.04324938550422795,0.01178573559108137
0.9616155320101305,0.934383366139243,0.027232165870887504
-0.8354728191981298,-0.8162782250774513,0.019194594120678476
-0.8439568541368612,-0.8335378845864284,0.010418969550432755
0.8381528975443374,0.8107661086352372,0.02738678890910018
0.4126290882267774,0.4087329745423478,0.003896113684429603
-0.92691186888221,-0.908058054280817,0.018853814601393015
-0.4336605884143709,-0.41431600181959094,0.019344586594779944
0.8253022417681145,0.7966273528888891,0.028674888879225424
-0.9688549374449761,-0.9396682059051858,0.029186731539790234
-0.07718336075545512,-0.0789477099536726,0.0017643491982174825
-0.958766296479537,-0.9300295492565158,0.02873674722302122
0.5030149595625153,0.47871809068666854,0.024296868875846755
-0.26753261029175796,-0.27167336471486053,0.004140754423102577
0.09585256322266682,0.07890599628359571,0.01694656693907111
-0.963180339215531,-0.9460812800911618,0.017099059124369265
0.9478699384489975,0.9299713998597015,0.01789853858929602
-0.46817952978112076,-0.4429860559453095,0.025193473835811275
-0.7195834112743787,-0.6958030242024343,0.02378038707194441
-0.8071457714754666,-0.7816516765727084,0.025494094902758224
0.7658018898512344,0.7498222120532304,0.01597967779800402
0.9033051641342794,0.8755047802905037,0.0278003838437757
0.8417047737938581,0.8219780426252241,0.019726731168633993
-0.9625077889297335,-0.9391566709506696,0.023351117979063973
0.968387009590549,0.9443171260277187,0.024069883562830352
-0.938722878554661,-0.9070287125611565,0.0316941659935045
0.5522070992572723,0.5433303875550864,0.008876711702185847
-0.9033841061362867,-0.8881637437999194,0.015220362336367366
-0.8118454191619164,-0.7881614169643578,0.023684002197558618
-0.9616145952991313,-0.9352895744053593,0.026325020893771978
0.0987442127264203,0.11083813416517281,0.012093921438752514
0.7176434984236645,0.6923949318338616,0.0252485665898029
-0.9581793978069506,-0.9379100808244755,0.02026931698247514
-0.6885832450469486,-0.6643383168154267,0.02424492823152191
0.25939151582552805,0.26576168044980686,0.006370164624278807
-0.8481946074667138,-0.8145368680958033,0.033657739370910544
0.5465863469821776,0.5381016315654148,0.008484715416762767
-0.9413150096696181,-0.9095219807863016,0.031793028883316476
-0.9667327262263465,-0.9400489258787239,0.026683800347622633
0.8420659379538769,0.8149033031164129,0.02716263483746395
-0.9235378958912738,-0.9054119466743461,0.018125949216927673
0.7627217397009194,0.7528785074753254,0.009843232225594023
-0.9516397990669306,-0.9229526377757404,0.0286871612911902
0.2747373765845395,0.25885648195773736,0.015880894626802144
-0.9571844022751366,-0.9351139222515753,0.022070480023561267
-0.4011282867057315,-0.39440014859263095,0.0067281381131005236
0.2480142617054576,0.24992134651374676,0.0019070848082891612
0.8057774399117501,0.7917117479211991,0.014065691990550966
0.9185771890053241,0.8995416399791419,0.019035549026182208
-0.7303915406572582,-0.7217673646941402,0.008624175963118041
0.9113665508929928,0.8809178001471077,0.030448750745885045
-0.9103147448074085,-0.890439278909962,0.019875465897446487
0.09216267959435412,0.0975152276194068,0.005352548025052681
-0.05186151543063972,-0.03730312471029041,0.014558390720349312
0.9228192341277354,0.9160645176153549,0.006754716512380465
-0.9632715928923079,-0.9394439740341741,0.02382761885813378
0.87313642137006,0.8617081898850171,0.011428231485042906
0.4679873927055606,0.4660378674308586,0.0019495252747019909
0.779187305275061,0.7571420512623723,0.022045254012688642
-0.8840618917444467,-0.86298974410125,0.02107214764319676
-0.12678499187715186,-0.10800638944435219,0.018778602432799676
0.32421807379656864,0.3060714645218827,0.01814660927468592
-0.9552555246414558,-0.9304555074346241,0.02480001720683167
-0.6763065055506103,-0.6559216769269157,0.020384828623694617
0.919234444312091,0.8980827478437724,0.021151696468318604
0.6206850925963849,0.6105780855588561,0.01010700703752887
0.8704740772525632,0.8540870740562025,0.01638700319636066
-0.8740794164993431,-0.853389687191469,0.02068972930787405
-0.6194059624082254,-0.6156168218603355,0.0037891405478899243
-0.7341066742477158,-0.7041864099946118,0.029920264253104012
0.09110569665974279,0.10231548910800928,0.01120979244826649
-0.8827899417684415,-0.862077244713673,0.020712697054768525
-0.8664899263207989,-0.8517862136252581,0.014703712695540827
-0.8215722341499893,-0.8066662732101659,0.014905960939823326
-0.34945626082252906,-0.3262584166481513,0.023197844174377757
-0.9422157299850676,-0.9172336534765057,0.02498207650856199
0.7154425896643811,0.6870742390464502,0.02836835061793097
-0.17276850394048993,-0.18209218852155723,0.009323684581067304
0.7721942026065144,0.7536414759771404,0.018552726629374017
-0.7774506901337055,-0.7660046300498977,0.011446060083807774
-0.375817135813531,-0.3579506600635882,0.017866475749942767
-0.8788476327057456,-0.8520051828714001,0.026842449834345472
-0.9458269789400655,-0.9302937750248211,0.015533203915244376
0.9644602878063984,0.9490028588826046,0.015457428923793759
-0.015492619089450967,-0.004433810277620567,0.0110588088118304
-0.9614426175888215,-0.9354245373995512,0.02601808018927032
-0.027460841993429252,-0.04103873807279129,0.01357789607936204
0.9179003777145307,0.8973504647042578,0.02054991301027287
-0.48910655828311844,-0.48533088146815706,0.0037756768149613817
0.4630383448731452,0.4570463263239347,0.005992018549210498
0.8380972822017834,0.820466192548177,0.01763108965360638
0.526316799393335,0.5222809990873297,0.004035800306005255
-0.13270003253566556,-0.11542762849225563,0.017272404043409934
0.9607074783087991,0.9312962478542754,0.02941123045452365
0.9160997484913244,0.8970323608956507,0.019067387595673613
-0.8718473239461433,-0.8459818778654116,0.025865446080731713
0.9294651073106122,0.9048627651388758,0.024602342171736402
-0.12214803647866167,-0.12928961283098625,0.007141576352324583
0.5789818187264587,0.5772623269506225,0.0017194917758361905
-0.8659741081869383,-0.8477138088711544,0.01826029931578388
0.6506404145878553,0.6457240792497672,0.004916335338088107
-0.8878916964813593,-0.8628298361477208,0.025061860333638553
0.5896114475011349,0.5698409626271275,0.019770484874007455
-0.9687801262704808,-0.9373305405617407,0.031449585708740124
0.31700872598410956,0.32307887306234256,0.006070147078233001
0.6762776053886319,0.6697358756608123,0.006541729727819634
0.8653028144007076,0.8374942377307684,0.02780857666993919
-0.9288479867528482,-0.9164768865834697,0.01237110016937848
-0.5363166592022369,-0.5179676699431726,0.018348989259064363
-0.8032603411876601,-0.7892015067047756,0.014058834482884475
0.6815715285680458,0.6816782518830979,0.00010672331505212629
-0.7700843205590984,-0.748196578226934,0.021887742332164395
0.027020754543118437,0.014298623657857248,0.012722130885261189
-0.3128400366840404,-0.28965569345250614,0.023184343231534288
-0.7207698631147841,-0.7116199186356497,0.00914994447913442
-0.8513989522031146,-0.819015756472961,0.03238319573015358
0.11816902842504975,0.12599918406075714,0.007830155635707381
0.7803312014817761,0.7686142063196153,0.011716995162160848
-0.6467796655247093,-0.6377188537864107,0.009060811738298646
0.5084601971307462,0.5087644114879599,0.0003042143572137279
-0.6617507624198969,-0.6326116576862298,0.0291391047336671
-0.4053746940734361,-0.4062015051258253,0.000826811052389187
-0.9424415109829847,-0.9182350853987113,0.024206425584273328
-0.381958523055912,-0.38288116995611726,0.0009226469002052706
-0.9428978663145552,-0.9196496384922043,0.02324822782235092
-0.8400857609521925,-0.8198131501532576,0.02027261079893483
0.6678209797340978,0.6478678682936061,0.019953111440491722
0.6275973485331107,0.6045595024913295,0.023037846041781163
0.24633921393808253,0.23064920321497026,0.01569001072311227
-0.9096081926607544,-0.8849466022212009,0.024661590439553516
0.3526847690082752,0.3552752250418375,0.002590456033562283
0.5983841521364044,0.5843292962584457,0.014054855877958738
0.5913166209354286,0.5695734301982522,0.021743190737176343
-0.2156243069029681,-0.2185426261814438,0.0029183192784756895
0.6684990046399585,0.6418983372617252,0.0266006673782333
0.6009755942723702,0.5777149535309499,0.023260640741420313
-0.9679493707913115,-0.9448503504365336,0.023099020354777844
0.7093543564394482,0.694943807788755,0.014410548650693245
0.2860086716198271,0.2654254997017039,0.0205831719181232
-0.7540991128281265,-0.7288500533984608,0.02524905942966571
-0.8996303881197066,-0.8693793718978015,0.03025101622190518
0.9526532516275737,0.9282438724527149,0.02440937917485886
-0.6278444264385045,-0.6189383703607527,0.008906056077751745
-0.7930790529867029,-0.7685240283904287,0.024555024596274233
0.12026388682606039,0.1259665212856332,0.005702634459572822
0.3894005593732594,0.3682919510562432,0.02110860831701622
0.3701732720797041,0.37170164033221004,0.0015283682525059628
0.9435760841270604,0.9209593985778237,0.02261668554923668
-0.548447466020197,-0.5211288002727053,0.027318665747491755
-0.7244276564133484,-0.7232673045685626,0.0011603518447858008
0.94005006718035,0.9251303671451551,0.014919700035194938
-0.5940153022362681,-0.5856240930943215,0.008391209141946576
-0.9041284393724315,-0.8780349804029353,0.02609345896949622
-0.7914872273806504,-0.7689741021107235,0.02251312526992688
-0.2996092618223087,-0.2817745778028935,0.01783468401941518
0.7296287353260387,0.7048245765169857,0.024804158809052956
-0.9463051972600908,-0.9278181777674539,0.01848701949263687
-0.9553887038144082,-0.938496326126735,0.016892377687673266
-0.6144243696350378,-0.5918529229791152,0.02257144665592259
0.6861449211434595,0.66138061835108,0.02476430279237951
0.9272486581942808,0.9160398583218047,0.011208799872476138
-0.554831727797744,-0.531513692881676,0.023318034916067987
0.2908059181940401,0.2965768895651414,0.0057709713711012744
-0.52152573540132,-0.5212818203280871,0.00024391507323284767
0.38431441488593193,0.36925963756326563,0.015054777322666302
-0.4687272434207047,-0.4606543070318882,0.00807293638881651
0.1754312590224685,0.18033654980965474,0.0049052907871862395
0.6391000756789095,0.5988902643908746,0.04020981128803491
0.7699247353829274,0.7473384848084197,0.022586250574507694
-0.9068265472385886,-0.8883538814129914,0.018472665825597145
-0.34136092988740135,-0.3236967536931044,0.017664176194296943
-0.1715464648918093,-0.17628756696262526,0.004741102070815961
-0.9625146920942931,-0.9318899134321357,0.030624778662157404
-0.9620706272487792,-0.9378410080371846,0.02422961921159461
-0.9406985667982254,-0.9238981495819278,0.016800417216297547
-0.9593280181449702,-0.9339417940643944,0.02538622408057578
-0.8578167857814739,-0.8419489347599349,0.01586785102153898
0.7427935140352833,0.7076042909336472,0.03518922310163608
-0.6690634660418038,-0.664641099692277,0.004422366349526752
-0.8290742980462245,-0.8025694971592832,0.026504800886941293
0.014192677271519743,0.002226448759092598,0.011966228512427145
-0.7300710578620747,-0.7099378120427151,0.020133245819359602
-0.7215956837552696,-0.6976658307058633,0.023929853049406313
-0.7424080673429935,-0.7129392448579901,0.029468822485003376
0.23463433737372885,0.23929611194546552,0.004661774571736665
0.05340040047002702,0.06487095525060087,0.01147055478057385
0.809035755974794,0.7806320705852606,0.028403685389533417
0.7205881914568704,0.7090482544820835,0.011539936974786835
-0.2079445048683516,-0.19008325046920152,0.017861254399150067
0.12666417856190834,0.13180999380947972,0.005145815247571378
0.3367785923581821,0.32214183778163075,0.014636754576551336
-0.030377382540008,-0.018858036138269845,0.011519346401738156
0.5976099776157628,0.5797952944931991,0.017814683122563735
-0.9678890250937402,-0.9490924543756114,0.01879657071812879
-0.31695547385533407,-0.3085727979218553,0.008382675933478745
0.373741342959138,0.35168424544440174,0.02205709751473628
0.3101039282360647,0.3124044904072632,0.002300562171198506
-0.8935983809100501,-0.8641526634802587,0.029445717429791407
0.11725444804595925,0.12667527758351216,0.00942082953755291
0.21047437343458478,0.191350355590911,0.01912401784367379
0.5099529543220594,0.5008821672382519,0.009070787083807597
-0.2637594059565192,-0.2646313990608608,0.0008719931043416063
-0.5129085327270017,-0.5091314373771941,0.0037770953498075244
-0.5971216918276993,-0.576186521875514,0.02093516995218525
0.22213603612050428,0.2020385690981266,0.02009746702237769
-0.6395344609298287,-0.6297108589998579,0.009823601929970782
0.44805132835678124,0.425350972409119,0.022700355947662232
0.12066245527543004,0.11591159764726691,0.00475085762816313
-0.8964335522402032,-0.8873561312051862,0.009077421035016964
-0.061873748225252045,-0.07355920311680092,0.011685454891548874
0.054793444269511535,0.048362777894307665,0.0064306663752038695
0.7172675456842922,0.6895217901164226,0.027745755567869623
0.42658887682995666,0.40448877044665166,0.022100106383305007
0.9652992776970926,0.944969352700757,0.02032992499633557
0.7267930394076347,0.708680647742563,0.018112391665071725
-0.6244461177488998,-0.6176292273533345,0.006816890395565323
-0.8363241150374116,-0.8218722877104495,0.014451827326962041
0.17691467949188905,0.1614603901480437,0.015454289343845351
-0.909386147763827,-0.8907322161098082,0.01865393165401874
-0.9634927278206814,-0.9387774693839676,0.02471525843671385
0.40239823051721146,0.3816525223598346,0.020745708157376863
0.40823340354528637,0.4061350254064752,0.002098378138811141
0.8131944727849955,0.800187550945305,0.013006921839690433
-0.6334636289119222,-0.6293111359156709,0.004152492996251311
0.915627039688353,0.8875883763060637,0.02803866338228933
-0.32950781956234243,-0.32508626341679536,0.0044215561455470676
-0.9438454071167458,-0.9181831920605923,0.025662215056153515
-0.5529585155785444,-0.5450650465040633,0.007893469074481074
0.9063135993381772,0.892462678906651,0.013850920431526248
0.4790955686863244,0.48011630211312295,0.0010207334267985368
0.907062891714402,0.8839634093460595,0.023099482368342472
-0.057045587807353026,-0.04777424540076811,0.009271342406584913
0.9273558229712432,0.8992158221143056,0.028140000856937575
0.6890855541791099,0.6596946110901167,0.02939094308899315
0.5041465683404269,0.49990110317693476,0.004245465163492168
-0.12673903015418606,-0.1273056371611453,0.0005666070069592355
-0.8557078759651343,-0.83799914261715,0.017708733347984285
-0.7734234877861905,-0.7472125906392852,0.026210897146905277
-0.6816394561969731,-0.660949109536463,0.02069034666051006
0.9098623708725344,0.886933262538456,0.022929108334078463
0.9418637604185089,0.9111904894778057,0.030673270940703268
-0.9625336212243026,-0.939027061520882,0.023506559703420637
0.9337563999794234,0.9193968862235133,0.014359513755910047
0.2199759105536572,0.22647507509770698,0.006499164544049779
0.6313852379594974,0.6283578837602329,0.003027354199264476
-0.32759030476072976,-0.3284426987327994,0.0008523939720696538
0.6595747108491171,0.6503461636562885,0.009228547192828618
0.06909325713348995,0.05446932028977917,0.014623936843710779
0.9106800198264005,0.8941205542404428,0.016559465585957667
-0.7092442750389192,-0.6978933684149335,0.011350906623985635
0.946229667263967,0.9160644588779061,0.03016520838606085
0.8124300440904574,0.782376495589319,0.030053548501138394
0.9275728674941986,0.8988655797328771,0.028707287761321587
-0.9333091370644705,-0.9022604645925619,0.031048672471908567
0.6484412102422669,0.6218197399228561,0.026621470319410756
0.6856235845272076,0.679372670936955,0.006250913590252649
-0.9659867837734607,-0.9422816900070975,0.023705093766363206
-0.9315102322734712,-0.9017115384419475,0.02979869383152367
0.058653832233683624,0.07230173527511886,0.01364790304143524
0.29444209489835305,0.3014867811858208,0.0070446862874677385
-0.4040434661351417,-0.4023830481365752,0.0016604179985664769
0.22912768272127304,0.23526479097867237,0.006137108257399326
0.9111635269321507,0.8826041603193157,0.02855936661283509
0.4713439456670865,0.45893323161874344,0.012410714048343041
-0.6853021258159975,-0.6631973551503478,0.022104770665649642
-0.3611470517831106,-0.36335406082050675,0.0022070090373961793
0.21396976589283484,0.2182371531328039,0.004267387239969056
0.5881896469746167,0.5828929644261567,0.005296682548460052
-0.5086177597484397,-0.5062068279643521,0.0024109317840875777
0.07738955947305609,0.09050195015484688,0.013112390681790792
0.7741254238353071,0.7458980962366395,0.02822732759866764
0.05011993701079229,0.04312865967021771,0.0069912773405745796
0.6027926042455521,0.604245133660111,0.0014525294145588674
0.8936291669761599,0.8796514451116859,0.013977721864473991
0.7502215181009371,0.725097797247611,0.025123720853326037
-0.4469539695520916,-0.4496496233963441,0.0026956538442525213
0.9359440927298239,0.9163364279089016,0.019607664820922355
-0.7478312679971029,-0.7409484057278231,0.00688286226927981
0.24707561206564177,0.23249405673341542,0.014581555332226354
0.9570684964069819,0.9337873783105709,0.02328111809641098
-0.96296973970397,-0.9329890826460947,0.029980657057875337
-0.7080010508653333,-0.6988094435536955,0.009191607311637817
0.5921488733806001,0.578159030865003,0.013989842515597095
0.06124023969770903,0.07245148303331729,0.01121124333560826
-0.7527050531213031,-0.722834820312752,0.029870232808551056
0.6027085915561292,0.575283490412282,0.02742510114384722
-0.8962357157688546,-0.8786848580508233,0.017550857718031332
0.18749217867837362,0.17327613834921965,0.014216040329153967
0.4689367799430656,0.46432960753369174,0.004607172409373861
-0.9429145733522397,-0.9129231868867695,0.02999138646547017
0.3545740339134016,0.3355064182750691,0.01906761563833248
0.4411126849788307,0.4192171450316507,0.02189553994718002
-0.5292551763380252,-0.5266859991847603,0.002569177153264879
-0.9076190623787482,-0.8870010631507343,0.020617999228013884
0.09286030399682887,0.07612993486488968,0.01673036913193919
0.3870677701683407,0.36578771160312534,0.021280058565215365
-0.21676721524421702,-0.2025356522667196,0.01423156297749742
0.1310717189382405,0.14270598973749613,0.011634270799255636
0.5629232696030976,0.5615660745916522,0.001357195011445378
0.8929834031880624,0.8726705309465937,0.020312872241468605
0.25932828401108626,0.26593736004182417,0.006609076030737904
-0.9616201051454776,-0.9420570524582318,0.019563052687245785
-0.8805565568838102,-0.8576584935713909,0.02289806331241928
-0.9423326077206443,-0.9232666378298418,0.01906596989080256
0.957529986574994,0.9307017532961638,0.026828233278830216
-0.13689549107411692,-0.14834143183368556,0.011445940759568646
0.6760183304448562,0.6664129733800989,0.009605357064757292
0.016302672914982216,0.023948355781044425,0.007645682866062209
0.750461968856924,0.7431517419137398,0.007310226943184173
-0.9525333079083756,-0.9278623056131856,0.024671002295190037
0.5343814987053186,0.519051356406674,0.0153301422986446
0.7052263466403214,0.6940495026961377,0.011176843944183612
0.9628395203182047,0.933045539985575,0.0297939803326297
0.9128729152296383,0.8915862080053488,0.02128670722428949
-0.7736962883310681,-0.7495513977468283,0.024144890584239742
-0.9641791290284925,-0.9346040966384813,0.029575032390011136
0.7986949226692697,0.7848957862908218,0.013799136378447874
0.8945964226907884,0.87012950351608,0.024466919174708446
-0.5700451959167939,-0.5665327800504683,0.003512415866325669
0.08954722922500469,0.07672545423289588,0.012821774992108806
0.7095740093758608,0.6820551289662727,0.027518880409588053
0.966816501155106,0.9403015472482444,0.026514953906861538
0.9332144479693666,0.9165520465991597,0.016662401370206914
0.6863406190798719,0.6792691456863686,0.007071473393503225
-0.7486622834222173,-0.7231494237675351,0.025512859654682196
0.9255788438882765,0.8992172511002459,0.02636159278803063
-0.724379462881778,-0.7140643724411978,0.01031509044058021
0.3811625602168041,0.37612303416190757,0.005039526054896548
-0.14213231114039507,-0.14676321664097997,0.004630905500584898
-0.937155896638667,-0.9143768092696707,0.022779087368996365
-0.40671455588695965,-0.38854965832909394,0.01816489755786571
0.05575923207127955,0.0399403399344044,0.01581889213687515
-0.3037912555135356,-0.30973392931076305,0.00594267379722746
0.5652008326104637,0.5561172196155912,0.00908361299487248
-0.9628748917002257,-0.9346415994625692,0.02823329223765647
0.5590652084901395,0.5332190606964956,0.025846147793643914
-0.7273087318990591,-0.7160960383077208,0.011212693591338252
-0.7017221807057092,-0.6727452552201864,0.028976925485522886
-0.7152051968935283,-0.7073028904833372,0.007902306410191184
-0.5599814727989063,-0.5321032882192926,0.027878184579613663
0.8810387173543807,0.8651242760736431,0.0159144412807376
-0.33410046307008245,-0.3119825470910147,0.02211791597906776
0.5630165417101274,0.5402986237231645,0.022717917986962877
-0.10342121468604143,-0.10913086563605129,0.005709650950009859
-0.911931274278372,-0.8899028742693882,0.02202840000898376
0.9023169440295563,0.8833084777847326,0.019008466244823663
-0.41721480703691,-0.4165794105993547,0.0006353964375552801
-0.737410722786849,-0.6940081765117136,0.0434025462751354
-0.2320176581486828,-0.22162789293245866,0.010389765216224145
0.10359782846886137,0.09538022763948033,0.008217600829381042
-0.11587441656738229,-0.1078687942498661,0.008005622317516184
-0.10066020482022832,-0.09063959637157225,0.010020608448656071
0.6465240650125772,0.6303148760408152,0.016209188971762045
-0.47476835975801346,-0.4732233867902202,0.0015449729677932678
-0.9535612108328709,-0.9332682290036556,0.02029298182921535
0.7145709521835971,0.7008963200820317,0.013674632101565387
-0.199480752096385,-0.1972384901948314,0.002242261901553605
0.5199727229049388,0.49764248351649754,0.022330239388441253
0.4069563851031826,0.4018352014900682,0.005121183613114422
-0.3725592708098808,-0.3793730118743685,0.006813741064487677
0.1592992776086286,0.14207211594591657,0.017227161662712043
0.09016648086776266,0.09603380216500121,0.005867321297238548
-0.8503965349960272,-0.8274758701097182,0.02292066488630895
-0.13965323406462904,-0.14357428587125662,0.003921051806627579
-0.8290571980587756,-0.8007883098260591,0.02826888823271656
0.682907364966754,0.6748811344150207,0.008026230551733238
0.8820417847979491,0.8683445230906915,0.013697261707257602
0.9054081763093051,0.8791920471958766,0.02621612911342852
-0.8792981196717742,-0.8593611825627887,0.019936937108985475
0.8962898185930007,0.8738259454831094,0.022463873109891286
0.8200132420863148,0.7898027925520946,0.03021044953422014
0.061987278205418404,0.05111716892046552,0.010870109284952884
-0.9107926061996596,-0.8852413126059301,0.02555129359372954
0.005130493817382758,-0.007659270013604777,0.012789763830987535
0.9570405496217389,0.9358814340060975,0.021159115615641433
0.35154713833242973,0.32876249665572554,0.022784641676704187
-0.7387934323769235,-0.7148405663516915,0.023952866025232056
-0.784379435085792,-0.7756687622911297,0.00871067279466231
0.9399494738488305,0.9127449779209564,0.027204495927874106
-0.4103447021202607,-0.39723786691129864,0.013106835208962053
-0.4843081473466098,-0.479406332147584,0.004901815199025827
0.9552398534833715,0.9327062219144986,0.02253363156887289
-0.7498221879782451,-0.7130754712796411,0.036746716698603965
-0.5980767103435105,-0.5870689864009622,0.011007723942548342
0.3110466741503073,0.311809241942419,0.0007625677921117013
-0.09632446773457551,-0.10617714621361482,0.009852678479039312
-0.7096307338799864,-0.6989189899874838,0.010711743892502623
0.22688239474266558,0.23215149968216583,0.005269104939500252
-0.7685955646904019,-0.7547956484328895,0.013799916257512423
-0.319288886184366,-0.3042354478315894,0.015053438352776616
0.9569377835282702,0.9282675299960829,0.02867025353218733
-0.06268631429977178,-0.06745791022292436,0.004771595923152572
0.1458338388740036,0.15467580067116063,0.008841961797157016
-0.954639420446869,-0.9291627266393867,0.025476693807482298
-0.7580748934551544,-0.7500907672393233,0.007984126215831111
-0.7996713224754016,-0.7859977497974975,0.013673572677904144
0.07047310089007038,0.07333251465109072,0.002859413761020349
0.24403867383130945,0.25063134151368494,0.006592667682375486
-0.48015340720060895,-0.4765659647680362,0.0035874424325727516
-0.056215132329806634,-0.06388461646229682,0.007669484132490183
-0.31793353183893824,-0.3185379443537538,0.0006044125148155777
0.7059408699196021,0.6849477232718998,0.020993146647702354
0.8768282791544889,0.8471307032176544,0.02969757593683453
-0.8441994767395155,-0.8195761079818389,0.024623368757676567
0.9662552613034626,0.9410689682822293,0.02518629302123332
0.10961167842257431,0.09873421210672503,0.01087746631584928
0.20910290057008596,0.21875036699267192,0.00964746642258596
-0.7736962888174553,-0.7429446406943645,0.030751648123090836
-0.9661686026026017,-0.9389302730576582,0.02723832954494354
-0.2607904061055468,-0.2395341785110905,0.021256227594456334
-0.29989220183767573,-0.30126672688531364,0.001374525047637909
-0.4675295572000906,-0.4482287955662046,0.019300761633886
-0.9548140526302832,-0.9223506695868069,0.03246338304347629
0.3417058511112935,0.324583751830715,0.017122099280578507
0.8771044075766482,0.8548663548770503,0.022238052699597888
-0.4232822896179817,-0.4043734055562483,0.01890888406173341
0.3652038581221974,0.36408807872603893,0.0011157793961584783
-0.3957096863604691,-0.39616965084719524,0.00045996448672613877
0.9692964829523724,0.9485381477608231,0.020758335191549238
-0.34651813934122216,-0.3297201991605009,0.016797940180721282
0.3360036678584568,0.3447897819619363,0.008786114103479514
-0.6852789975278376,-0.6753124446963988,0.009966552831438769
0.07912086011499984,0.08539130636409119,0.006270446249091344
0.962159100253182,0.9493577700780392,0.012801330175142733
0.2977320187411814,0.2757562404596158,0.021975778281565606
0.35467938121365544,0.3588542378267084,0.004174856613052946
0.5738085553069551,0.5708638330078811,0.002944722299073943
0.5030149618745199,0.4809774423188235,0.022037519555696383
0.35171335732433723,0.35400866148380117,0.00229530415946394
0.4012158688423851,0.4054675194682256,0.004251650625840542
-0.7465763904704402,-0.7424479185627687,0.004128471907671516
-0.2714714094560181,-0.2557416363598022,0.015729773096215927
-0.6837673338807612,-0.6757119403824476,0.008055393498313523
-0.7022871712811093,-0.691264985895874,0.01102218538523525
0.8749211762308855,0.8451539194111458,0.029767256819739685
0.643134217573505,0.6376405850972882,0.005493632476216814
0.4985914983921496,0.4723347986921287,0.026256699700020925
0.954837170897375,0.9312245489876608,0.023612621909714138
-0.7635165686139489,-0.7395283435311498,0.023988225082799075
-0.07162851752612136,-0.05430036522865981,0.017328152297461548
0.38097375500607333,0.3616625234011319,0.019311231604941415
0.9244767113927226,0.8971549044560548,0.027321806936667747
0.968474165721342,0.9549535882817312,0.013520577439610881
-0.7554519762775863,-0.7249944805956929,0.030457495681893376
0.2970339716801724,0.30155482952567786,0.004520857845505433
0.0424424800418631,0.028793552022246136,0.013648928019616965
-0.018203571908957356,-0.014641094147154188,0.003562477761803167
0.9159721347328582,0.8916409818626861,0.024331152870172068
-0.7434625499835573,-0.7197343806696543,0.02372816931390298
0.8278896154254285,0.799758663248091,0.02813095217733752
-0.9524344962063234,-0.9325750969197756,0.019859399286547785
-0.9401913917690622,-0.9168281985373389,0.02336319323172331
-0.5877476752668058,-0.563803729995481,0.023943945271324818
-0.8790347505129968,-0.8622699647569342,0.01676478575606266
0.8045076226637885,0.7936555950453104,0.010852027618478144
0.8072883111390471,0.7813813131224941,0.02590699801655294
-0.8120451309976588,-0.7870433280450926,0.025001802952566266
0.5572669405631361,0.5349309872411956,0.022335953321940494
-0.3568259187097325,-0.3625996099496764,0.005773691239943868
-0.9618099213457608,-0.9384243433897153,0.023385577956045567
-0.9112410139214309,-0.8797860206023793,0.03145499331905155
0.09947132881206619,0.08692628828077029,0.012545040531295903
-0.6372758265530598,-0.6283421747304238,0.008933651822636057
0.8316230425518361,0.8209528302403126,0.01067021231152343
-0.9638769800179763,-0.9392865494145868,0.0245904306033895
0.7807061544282756,0.7536245343631779,0.027081620065097733
0.5541684534760516,0.547104150819986,0.007064302656065613
-0.2418207763442794,-0.21324929645729646,0.028571479886982942
-0.9427051276335227,-0.9253430261189002,0.017362101514622474
0.842701466232834,0.8324195069230167,0.010281959309817346
0.2964932704319687,0.2736544017312641,0.022838868700704618
0.21751594416809467,0.20307538332468736,0.014440560843407307
0.8149269139245268,0.7875075478846262,0.027419366039900583
-0.07733085552265906,-0.06650280936401216,0.010828046158646895
-0.9453968808161612,-0.9208879559685931,0.02450892484756817
0.9683473179182207,0.929133764330147,0.03921355358807366
0.964798049059746,0.9458037346364861,0.018994314423259828
0.4752659814007128,0.4503430132381155,0.024922968162597314
-0.21132192972207814,-0.1976175959902339,0.013704333731844237
-0.7825267279364894,-0.7510895464901559,0.03143718144633345
0.8242645411007146,0.812714368928827,0.011550172171887585
-0.6441588902682349,-0.6336986418526144,0.010460248415620543
0.9191735962761659,0.8950756503293676,0.02409794594679826
0.2753841504032999,0.28250598091744483,0.0071218305141449445
-0.041230223595033054,-0.050193876497862354,0.0089636529028293
-0.2494050823498992,-0.23493329928244794,0.014471783067451255
-0.6823610675701292,-0.6719722093882214,0.010388858181907712
0.9596864914102603,0.935323486231769,0.024363005178491326
-0.7414709029589311,-0.7176649636237248,0.02380593933520636
-0.5768868611448947,-0.5553441521020414,0.02154270904285338
-0.6336948473741009,-0.6293477027973364,0.004347144576764439
-0.8941443783823655,-0.8777067450955509,0.01643763328681458
-0.6500982424918789,-0.6389196350069791,0.011178607484899739
0.6564491302298076,0.6360891277208438,0.020360002508963748
0.6765531538538946,0.6499073623462129,0.02664579150768165
0.893174386663064,0.8657757763505527,0.02739861031251134
-0.9094157306884406,-0.8908126186782932,0.018603112010147416
0.9635058712972907,0.9367347391881082,0.02677113210918247
0.4174600062964149,0.39671750063122946,0.02074250566518543
-0.79380162764892,-0.7644950433785312,0.02930658427038879
0.9495254370255708,0.9188340046690352,0.030691432356535597
-0.13948326868789251,-0.12738924097429205,0.012094027713600464
-0.8942697288353797,-0.8824372903814204,0.011832438453959315
-0.13034121039791707,-0.14051402462477686,0.010172814226859783
-0.8705872752708353,-0.8491568036025191,0.021430471668316242
0.04722586848637296,0.052323662322326873,0.0050977938359539135
0.7119516913730597,0.7039972981050405,0.007954393268019166
0.8400786180454928,0.8296189142770324,0.010459703768460393
-0.8791756480420974,-0.8623433546723078,0.01683229336978953
-0.4728834885442849,-0.4489686820681889,0.023914806476096007
-0.4137206447482708,-0.4118029333804725,0.0019177113677982804
0.9685788383307055,0.9429825562316595,0.025596282099045964
0.96645263680842,0.9386310839154213,0.027821552892998702
0.6189234610866787,0.6105904559468127,0.008333005139866012
-0.8901662593024181,-0.8733198991836519,0.016846360118766168
0.8428234828144516,0.8265531161057855,0.016270366708666106
0.918557822797983,0.9037953095302217,0.014762513267761346
0.9016942152341826,0.8902739920902938,0.011420223143888797
-0.889949926588902,-0.8733679334588846,0.016581993130017403
-0.027719437453900573,-0.013265558108441574,0.014453879345459
-0.6150047893226339,-0.592842706628136,0.02216208269449793
-0.9282760272413434,-0.8968264363183178,0.03144959092302557
0.7176103484191758,0.6892403929242645,0.02836995549491128
0.8425789024943566,0.8130443425335606,0.029534559960796014
0.6308302022189513,0.6123890199978872,0.018441182221064056
-0.48701145241925187,-0.46682857613729184,0.020182876281960027
0.4880016271818021,0.4855377783823946,0.002463848799407531
0.07898285688743582,0.08591323550040769,0.006930378612971869
-0.7026232770619539,-0.6797237247699451,0.022899552292008796
-0.46000050181841334,-0.45915493497197657,0.0008455668464367738
0.8552571548116735,0.8453339161542884,0.009923238657385092
0.9266857209235528,0.8973168795486464,0.029368841374906474
-0.10868545023466718,-0.11352730366328993,0.0048418534286227555
0.782511019295284,0.7592030426084698,0.02330797668681417
0.4907793635680957,0.46840854538220944,0.022370818185886265
-0.18518248634295761,-0.17598317588958443,0.009199310453373188
-0.04967829997220141,-0.0590833471240243,0.009405047151822887
-0.8717421226469394,-0.8480428766736086,0.02369924597333084
-0.9586569069526054,-0.938878439497046,0.019778467455559445
-0.4772407931392034,-0.47187337764060183,0.005367415498601591
-0.4386497921044042,-0.4184674055127858,0.020182386591618418
-0.16674323534995555,-0.1545263336070716,0.012216901742883951
0.6814542037601629,0.6536233811756362,0.027830822584526627
0.8841887436575164,0.8634797681082265,0.020708975549289965
-0.676373818534609,-0.6750616155668239,0.0013122029677851144
0.8296931749792985,0.8207264157357526,0.008966759243545952
-0.8232131489226869,-0.80678579428779,0.016427354634896973
-0.35131232303590687,-0.3280752886175456,0.02323703441836128
0.5402687357726728,0.5145542177183519,0.0257145180543209
-0.9510156180182752,-0.930246986329857,0.020768631688418138
0.6799062149912358,0.6689891635725,0.01091705141873578
-0.9684419971594511,-0.9398820625054481,0.028559934654002972
0.5016196398943179,0.4963112838401231,0.005308356054194829
0.5669962732680341,0.5640925010743993,0.0029037721936348015
-0.7440548329331278,-0.7314375440522862,0.01261728888084157
0.28742812218950275,0.29462313945492263,0.0071950172654198785
0.9508821077224431,0.9267270550542884,0.024155052668154653
0.25234398343926173,0.23613672849801948,0.016207254941242255
-0.5493553456201973,-0.5420858405439005,0.007269505076296756
-0.6757264730799628,-0.6531214160207542,0.022605057059208566
0.8988532172515609,0.8707799213362731,0.028073295915287733
-0.5085839655038097,-0.49779387935893926,0.010790086144870425
0.13456266274411083,0.129512644571625,0.005050018172485821
0.9636382852173603,0.92776783114756,0.03587045406980027
-0.6632258224908735,-0.6398609806174035,0.023364841873469988
-0.43067237869392766,-0.4294316633138789,0.0012407153800487736
0.9522546317283065,0.9271393165841207,0.025115315144185746
-0.011990527974726408,0.001409917419951671,0.013400445394678079
0.9659055662767887,0.9403475333094188,0.025558032967369915
-0.9402647129327838,-0.9129429573974704,0.027321755535313352
0.5589624040325305,0.5396916931202977,0.019270710912232758
0.9311840907956562,0.9161668066962749,0.0150172840993813
0.9387321998226121,0.9109020158992219,0.027830183923390206
-0.6321033996096967,-0.6037418141681248,0.028361585441571968
-0.6115341257047231,-0.5829610343183693,0.028573091386353777
0.9618080880122156,0.9376480629672029,0.02416002504501269
-0.35789548455876796,-0.35843777907830054,0.0005422945195325823
-0.9623786142043834,-0.9331405879903556,0.029238026214027824
-0.3747547777524621,-0.3637317919022029,0.011022985850259182
0.48636058338946947,0.46156221524399216,0.024798368145477312
0.827356277243405,0.8099699653341559,0.017386311909249108
0.04252978371721329,0.035253122301883245,0.007276661415330045
0.1522037902048708,0.15622843406516962,0.004024643860298827
0.516149700588919,0.5129640340080176,0.0031856665809013585
-0.781906611812841,-0.7654376180598831,0.01646899375295796
-0.8636163713778829,-0.838297766730067,0.02531860464781599
-0.8420228050474061,-0.8242683259436396,0.017754479103766485
0.41749103743411986,0.3983350547084546,0.019155982725665266
-0.4261012251378206,-0.4299433435338555,0.003842118396034877
0.30945273291160713,0.3077087995648788,0.0017439333467283435
-0.946128063103544,-0.921521243855108,0.024606819248435996
-0.8863350931054409,-0.8623241894696786,0.024010903635762304
0.38617904309280204,0.3899394502637586,0.003760407170956548
-0.07126163135292837,-0.06105913769407206,0.01020249365885631
-0.5275299181575985,-0.5065789162283414,0.02095100192925714
-0.05492682878256177,-0.03925647652598782,0.015670352256573948
-0.5070531899896933,-0.5041934270076197,0.002859762982073577
0.5700539605800546,0.5657986128841112,0.00425534769594349
0.44250813038421627,0.42750538118146064,0.015002749202755628
0.46883482686385053,0.4612447759861165,0.0075900508777340114
-0.5052387125660434,-0.5041751697823019,0.0010635427837414335
0.9029110409737165,0.8862844727565132,0.01662656821720332
-0.9251726892556994,-0.9114050675867351,0.01376762166896428
0.8014723343535444,0.7740639389572476,0.027408395396296803
-0.9471645188942504,-0.9265585377685963,0.020605981125654038
-0.862702300428336,-0.8443072042356645,0.018395096192671434
-0.6154973706590987,-0.5853268481371788,0.030170522521919874
0.33505862765756206,0.33823567805277144,0.00317705039520938
-0.7232154453950514,-0.7116725124144291,0.011542932980622367
0.526515432005733,0.525481083452191,0.0010343485535420083
0.8483640762452123,0.8296859408721778,0.01867813537303442
0.8641545632027308,0.8359918431882143,0.028162720014516474
-0.4685212180781591,-0.4634467163295317,0.005074501748627391
0.9636120484090579,0.9438319182237891,0.019780130185268807
-0.6655897113374671,-0.6425971492814742,0.022992562055992982
0.8918749422987002,0.8599697168152444,0.03190522548345587
0.968917340515197,0.9395695376694653,0.029347802845731685
0.6076158116849365,0.5853025467139845,0.022313264970951985
0.9670394680031439,0.9448571807300594,0.022182287273084467
-0.14008307267182427,-0.15124867167654418,0.011165599004719917
-0.9555212671476748,-0.9336765605379174,0.021844706609757458
0.13771208908740454,0.11922852879720822,0.01848356029019632
0.9466688349123646,0.9205779637300829,0.026090871182281705
-0.9545880077094286,-0.9420835703746342,0.01250443733479445
-0.6056126379637143,-0.5827015319721415,0.022911105991572867
-0.9638382321171388,-0.939037909110596,0.02480032300654278
0.35445464724481834,0.33987271025388754,0.0145819369909308
-0.08354386829905659,-0.06662663022549879,0.0169172380735578
-0.6653825625974704,-0.6419047791895648,0.023477783407905628
0.8719595539152607,0.8502241563865364,0.02173539752872433
0.47053169013707524,0.451928599539809,0.018603090597266225
-0.9687074696424962,-0.9375149226895311,0.03119254695296514
-0.29537637497673364,-0.27835511027008575,0.017021264706647887
-0.9268266936933935,-0.9023038821697967,0.02452281152359681
-0.9539475675229584,-0.9333495927951507,0.020597974727807666
0.9475634260189869,0.9112803711693903,0.0362830548495966
0.8688588274671947,0.8652282460114389,0.003630581455755788
-0.7279825641795031,-0.6968170225041127,0.03116554167539043
0.8120451320187534,0.7830643164805718,0.028980815538181548
0.10117174749738478,0.10626404695095432,0.005092299453569538
-0.44810823960859086,-0.4498280450578092,0.0017198054492183479
0.7567584131048066,0.7437049426218745,0.01305347048293215
0.10660054027139557,0.09378165802004437,0.012818882251351194
0.9584842542071765,0.928277497756841,0.030206756450335548
-0.9260928381558737,-0.9043795944683809,0.021713243687492834
0.461752615129077,0.4577705877975943,0.003982027331482729
-0.9627173721522188,-0.9424458112153519,0.020271560936866884
-0.5477699874663059,-0.5462494922767558,0.0015204951895501084
-0.5901642452636015,-0.5863913597508423,0.0037728855127591165
-0.9147047006406341,-0.8870738082703975,0.027630892370236637
-0.9639925485616724,-0.9381368396327432,0.02585570892892919
-0.7488612346197232,-0.734082437084902,0.014778797534821253
-0.844059857302657,-0.8233171131958215,0.02074274410683552
0.5410223212741699,0.5144660276794321,0.02655629359473788
0.25768544654685666,0.252376764670853,0.00530868187600364
-0.8915823180834177,-0.856743825166363,0.03483849291705465
-0.7709984330068494,-0.7650372581046795,0.005961174902169963
0.706846420503063,0.7013249717370968,0.005521448765966164
0.4120830059783378,0.39318698621139503,0.018896019766942773
-0.9064595433508882,-0.8900861794853181,0.01637336386557009
0.06691131095268964,0.07433123462086011,0.007419923668170472
-0.4655354799107703,-0.44051162531478666,0.025023854595983663
-0.07926071736842981,-0.08255797988098194,0.003297262512552135
0.733232220193896,0.710007458748048,0.023224761445847952
-0.3993174780661795,-0.37583817038665235,0.02347930767952716
-0.3140041412134923,-0.31409661726743726,9.24760539449676e-05
0.9460812303886412,0.9283088764122559,0.017772353976385324
0.6769213308771798,0.6548289729425157,0.02209235793466402
-0.9003303233408535,-0.8857307408124837,0.014599582528369792
0.39470566034305943,0.3915607425438412,0.0031449177992182165
-0.9174429362318263,-0.8922949378473227,0.025147998384503545
-0.9582968944236456,-0.941853865779223,0.016443028644422597
-0.42853275166434024,-0.404293557013928,0.024239194650412244
0.42386606051207976,0.4148433162680896,0.009022744243990133
0.9692313341532253,0.9435030892512385,0.025728244901986774
0.014029480365520314,-0.0008313449144424529,0.014860825279962768
0.9438541722959333,0.9207981871687455,0.02305598512718776
0.04381263761641234,0.02939576807944668,0.014416869536965658
-0.9398078156255931,-0.9149018985290568,0.024905917096536334
-0.9613530672345505,-0.9422100133354093,0.01914305389914117
-0.9047920153598528,-0.8866750538305449,0.018116961529307862
-0.9473613957118316,-0.9274747417266267,0.01988665398520495
0.7415826587318629,0.7263905323833326,0.015192126348530288
-0.9292478690050625,-0.8980685074610258,0.031179361544036666
-0.9573569400251396,-0.9333460829540915,0.02401085707104811
0.09159570595287295,0.08053615696774782,0.011059548985125123
-0.046158530089545784,-0.03161259331824369,0.014545936771302094
-0.23403345524746202,-0.21307492841661033,0.020958526830851698
0.3612444015471587,0.3593642911435589,0.0018801104035998106
-0.4755523682892552,-0.46796374721490885,0.0075886210743463245
-0.7987468061540762,-0.7845944693887217,0.014152336765354545
0.7467596562667418,0.7246792519248892,0.022080404341852544
0.8019852319429365,0.7859869543471631,0.015998277595773325
-0.17771833542802787,-0.16166622892528615,0.01605210650274172
0.04782642924522794,0.04138986917145785,0.006436560073770088
-0.2526021279663153,-0.24822442464437694,0.004377703321938375
0.8606158254350507,0.8323299953694255,0.028285830065625128
-0.934709658788747,-0.9155987696990954,0.01911088908965164
-0.4270581256457234,-0.4259363393344407,0.0011217863112826798
0.49874935577969676,0.47342271983902207,0.02532663594067469
0.4845563847629963,0.4780322626835378,0.006524122079458461
-0.7487334765937141,-0.7345988409551859,0.014134635638528237
0.7230257965489694,0.6979075466984724,0.025118249850496932
-0.18473691133903092,-0.166439410093116,0.01829750124591492
0.49914745958072954,0.4747803354928243,0.024367124087905256
0.7814677116649889,0.7697292651215794,0.011738446543409498
0.22382916641828488,0.20930185854838795,0.014527307869896922
-0.5789167255818687,-0.5699457639661071,0.008970961615761608
0.6324548688918541,0.6027464377444677,0.029708431147386416
0.28622277161375664,0.272201431255939,0.014021340357817658
0.5408293740345836,0.5402801467410812,0.0005492272935024856
0.3267640501007578,0.3082138782035749,0.018550171897182943
-0.4900939194969096,-0.46955434171336613,0.020539577783543483
0.3836432748544851,0.38599386838287175,0.0023505935283866797
-0.6022205728439302,-0.5730739134029369,0.02914665944099326
0.3348513814317831,0.3280577117039421,0.006793669727841012
0.2735418127136463,0.26194158382233257,0.011600228891313735
-0.6536507936025364,-0.6298981813036851,0.023752612298851283
-0.9113942211221056,-0.8899305942404355,0.021463626881670028
0.9223655255322827,0.9053665827311137,0.01699894280116898
0.4096104178493358,0.3940276065364972,0.015582811312838563
-0.36163615238415153,-0.36248769002991577,0.0008515376457642332
-0.7487195874975763,-0.7372080655341378,0.01151152196343852
-0.33884952251216754,-0.3406761985600632,0.001826676047895659
0.9406236459914984,0.919547461688698,0.021076184302800338
0.8372651925542665,0.824090515677373,0.013174676876893443
-0.8812257028281341,-0.8497275738294443,0.031498128998689756
-0.5542101300687218,-0.546984129031449,0.007226001037272778
0.5612874398074925,0.5359637826697101,0.025323657137782396
0.871202977105106,0.8464092937287389,0.024793683376367115
0.3694258441039873,0.36978121152299487,0.0003553674190075462
-0.9477480540647419,-0.9270907500266523,0.02065730403808963
-0.9684535070466559,-0.9462381241908646,0.022215382855791277
-0.21241817894779708,-0.2202199499123799,0.007801770964582816
-0.4087478487226304,-0.390237473560235,0.018510375162395398
-0.024443283014829224,-0.03870415377304936,0.014260870758220134
0.43534730955605744,0.4373286508875218,0.0019813413314643813
0.5311417470350971,0.5131657923592406,0.017975954675856443
0.46265717006424384,0.4382839609148318,0.024373209149412045
0.3858739693145495,0.3666125777295813,0.0192613915849682
-0.25769094475564486,-0.23743346975839832,0.020257474997246533
-0.9687842611971508,-0.9398375879874784,0.02894667320967237
0.4985492110860044,0.48162603448029007,0.016923176605714352
0.8222430534120778,0.8033375562427568,0.018905497169320995
-0.9367873632690501,-0.9097712192711711,0.027016143997878994
-0.7371048307433771,-0.7084902149256386,0.028614615817738498
0.2951783328476025,0.30174893699034144,0.006570604142738967
-0.7602466405430001,-0.7472209782658796,0.013025662277120431
-0.9620193226861959,-0.9374449019425614,0.024574420743634584
-0.44750291099629597,-0.4286250326263817,0.01887787836991428
0.9582551885337028,0.9332443780199239,0.025010810513778958
-0.8544868653496962,-0.8267275976531486,0.027759267696547574
-0.3934068234963152,-0.37019113996181163,0.023215683534503595
-0.4906332993435389,-0.49136930680646934,0.0007360074629304547
0.34967440097115343,0.33079740049642886,0.01887700047472457
0.2863044302463744,0.29135134721920314,0.005046916972828719
0.7530366932379764,0.7452408615072381,0.0077958317307382785
-0.9587872528122503,-0.9385327869758194,0.02025446583643087
-0.6748609622149934,-0.6627245249656352,0.0121364372493582
-0.8326546183332838,-0.8027727574735823,0.02988186085970146
0.5682840945185711,0.5646987443778646,0.003585350140706489
0.7334150955834304,0.7213123770022195,0.012102718581210925
-0.3443970415907278,-0.3488607243078252,0.004463682717097406
-0.22201764963465406,-0.22522131726436678,0.00320366762971272
0.13125566037978817,0.13938222819623758,0.00812656781644941
0.8997060583242693,0.8834244161752451,0.016281642149024167
0.9662943371864994,0.9384390911333302,0.027855246053169136
-0.48337470815170497,-0.4628073386245185,0.020567369527186463
0.905276471518641,0.8831982602064307,0.022078211312210327
-0.7867550798771249,-0.7550443503729173,0.03171072950420761
0.9256510403260603,0.8883105112480588,0.03734052907800145
0.08994963822335565,0.1058866821001703,0.015937043876814647
0.81822616245463,0.8117169019133061,0.006509260541323836
-0.008133379931356863,-0.01689138725141948,0.008758007320062617
-0.06464863516692122,-0.07117421358375345,0.006525578416832226
-0.3772099684947841,-0.377751183970005,0.000541215475220902
-0.8175474567387782,-0.8094514810053776,0.008095975733400596
0.9132188557531133,0.8917566845921479,0.021462171160965493
0.37285373498757285,0.3719060990550453,0.0009476359325275574
-0.9138761467574782,-0.8934008295166105,0.020475317240867708
0.4030331232579044,0.40537549514153437,0.0023423718836299567
-0.6644116034909017,-0.6420485886058072,0.022363014885094512
0.8042522796019311,0.7789178810572358,0.025334398544695325
-0.39408272919302717,-0.3757442522177855,0.018338476975241658
0.21333704647929047,0.20332116728009578,0.010015879199194694
-0.5941312792600786,-0.5761671025886153,0.017964176671463328
-0.9158948862418369,-0.8921303942580123,0.023764491983824576
0.5873009479241023,0.5646095563496393,0.022691391574462982
0.6492388562003925,0.6246284038969939,0.024610452303398533
-0.9048485794835108,-0.8731775759941127,0.03167100348939811
-0.024173509786039944,-0.02940480313143256,0.005231293345392615
-0.035687423979529176,-0.03616098813613101,0.00047356415660183143
0.6446663549390103,0.6231444142178758,0.021521940721134447
-0.9566082312462947,-0.9293717128472405,0.027236518399054166
-0.876296706918717,-0.8528363800914213,0.023460326827295708
-0.7113817402251259,-0.703596685074494,0.007785055150631881
-0.2635060715760228,-0.24714048268456487,0.01636558889145792
0.2779295324688513,0.2617953369783607,0.01613419549049061
0.4227044199412186,0.4235452470380959,0.0008408270968772724
0.13707395531573008,0.1455092970466656,0.00843534173093552
0.6679555282153383,0.6606472928529544,0.007308235362383897
0.9120439958457026,0.8819326210428179,0.030111374802884727
0.47962184787855716,0.46833558813619336,0.011286259742363802
-0.6428264945057016,-0.6347497036399794,0.008076790865722216
-0.39170056401245584,-0.3731881705346264,0.01851239347782946
-0.8140547455877803,-0.7975818394232834,0.016472906164496925
0.488623771114401,0.48238261739112936,0.0062411537232716086
0.7920233645858666,0.7612192325677964,0.030804132018070196
0.9669601622289101,0.9392337447220842,0.027726417506825918
-0.9648028185208819,-0.9481682482639151,0.016634570256966796
-0.10978716624866545,-0.12085015491869076,0.011062988670025309
0.6486928697188494,0.6238160724829932,0.02487679723585623
-0.4508165420579061,-0.4543591765253782,0.0035426344674721055
0.4992298293806945,0.49586006198227506,0.003369767398419432
-0.7272215605356106,-0.7028283409118355,0.024393219623775053
0.8642839675776705,0.8351293292438096,0.029154638333860894
-0.030411799865679934,-0.023436065998192243,0.006975733867487691
-0.9167046404249658,-0.8958511275779907,0.02085351284697512
-0.4602984734899837,-0.4444790566414219,0.015819416848561807
0.9387115108300981,0.9101375005396587,0.028574010290439378
0.6560347116631976,0.6358187206055151,0.02021599105768246
-0.9012300282779971,-0.8799669510176691,0.021263077260328056
0.9678618965803788,0.9417123846122738,0.026149511968105
-0.6778801548511003,-0.6541319458503851,0.02374820900071517
-0.9674304244047269,-0.9395314665189194,0.02789895788580754
-0.8685713850455398,-0.8475655015995299,0.021005883446009843
-0.4540938665473809,-0.44765727681736833,0.006436589730012543
-0.7031190094300388,-0.6732636582520638,0.029855351177974998
-0.6791055975937651,-0.6553010473225658,0.02380455027119932
0.4315557683210647,0.43088698491728694,0.0006687834037777396
-0.4710679598032355,-0.45191716352079014,0.01915079628244537
0.9139345890590562,0.8829597881065138,0.03097480095254246
-0.8461661093219462,-0.8371372284681812,0.009028880853765076
-0.46101811497988643,-0.44182766024443887,0.01919045473544756
0.9344119671188407,0.9082132435657222,0.026198723553118475
0.5883054672947556,0.5793770618122617,0.008928405482493962
-0.403279804980237,-0.40002655354260336,0.003253251437633664
0.16599774079824783,0.15066392474634535,0.015333816051902482
-0.5821834399533333,-0.5541293199794047,0.028054119973928593
-0.9332690807014286,-0.9182524802969344,0.015016600404494151
0.9532779360174549,0.9269776848191595,0.026300251198295377
-0.5264167491451066,-0.5048090399214855,0.021607709223621097
0.31090694692864296,0.2887430359816653,0.022163910946977672
0.8506914278903257,0.8389872004811813,0.011704227409144452
0.8828299739477603,0.8582000704626066,0.024629903485153704
0.21522966019377343,0.2175793558271039,0.0023496956333304564
-0.8008838374711147,-0.7761725269123168,0.02471131055879794
0.5204347381404176,0.49851277884864137,0.02192195929177626
-0.2565453443579264,-0.25779989199669723,0.0012545476387708088
0.9667053402640169,0.9434391493465877,0.023266190917429208
-0.1134425086777149,-0.12109920594902315,0.007656697271308258
-0.04081983863804022,-0.04267659522590302,0.0018567565878628012
0.6728430339133126,0.6476427642636564,0.02520026964965616
0.9431166496001356,0.9149120074298331,0.028204642170302496
-0.08238070204104958,-0.09220750766405218,0.009826805623002602
-0.5995303311443689,-0.5773115355191997,0.022218795625169263
-0.8823397482583515,-0.8709824207706752,0.011357327487676261
0.8516365290482133,0.8248725462680264,0.02676398278018688
-0.5019413905339983,-0.49709815688307324,0.004843233650925094
-0.8985402409448245,-0.8736154631414574,0.024924777803367104
-0.7028157051726205,-0.6770568968549718,0.02575880831764865
0.8640272590845033,0.8384546120995686,0.025572646984934666
0.4048522876849661,0.38765384636605105,0.01719844131891507
0.7891420072838636,0.7817435622414491,0.007398445042414492
0.908538787072708,0.885739596990206,0.022799190082501974
-0.7743723236463222,-0.7678006433662083,0.006571680280113901
-0.6522500157559825,-0.642384540863924,0.009865474892058468
-0.8909261215590695,-0.8740061426454647,0.01691997891360475
-0.688058764654495,-0.6581514989815073,0.029907265672987737
-0.818902167640712,-0.8022197667888203,0.016682400851891654
0.9578169327854968,0.9464437113491364,0.011373221436360437
0.669686331066652,0.6407562348798123,0.028930096186839727
-0.9494376285151758,-0.9256123213800764,0.02382530713509934
-0.812515393287661,-0.8020076828052362,0.010507710482424826
0.7868709261970528,0.7755150713706306,0.011355854826422207
0.8673043895595619,0.8535751930407198,0.01372919651884208
0.3862766332236425,0.38841253128609066,0.0021358980624481827
-0.8843346671830044,-0.8593857151149231,0.02494895206808123
0.5879977432389167,0.5786509714309833,0.009346771807933418
-0.6548895572584646,-0.6377351228623607,0.01715443439610398
-0.9544094601064377,-0.9296500761311001,0.024759383975337612
-0.4199627522635676,-0.39549364397868203,0.024469108284885577
0.5285607219550871,0.5281216431583462,0.00043907879674087713
0.9622562578318471,0.9355486373828825,0.026707620448964575
-0.5011747771401492,-0.49691953536779326,0.004255241772355978
-0.0005858286979630497,0.003541703041961471,0.00412753173992452
0.31915868145045717,0.30188023415675286,0.017278447293704313
-0.767209966328258,-0.758496726521957,0.00871323980630101
0.8617462950873275,0.8494353411123247,0.012310953975002814
0.601193344492083,0.5924760574276553,0.008717287064427648
-0.3245012991890514,-0.3034869724764928,0.021014326712558595
0.9511815328819795,0.9319870759048372,0.019194456977142282
0.040087869566969414,0.023715311795475376,0.016372557771494038
0.1350382760342916,0.13996306013584883,0.0049247841015572225
0.6852789965090278,0.6716635184589431,0.013615478050084673
0.9650344666665017,0.9449118281068692,0.020122638559632477
0.9581145553657865,0.9365004115918274,0.021614143773959094
0.6920743693088611,0.6815361645734365,0.010538204735424661
-0.9205661667981154,-0.9000221897548963,0.020543977043219086
0.9669453826479827,0.9404904633714465,0.026454919276536204
-0.7330321498360753,-0.7260622856481946,0.006969864187880703
0.8532370810775868,0.8244400248190579,0.028797056258528908
0.9638875241528952,0.9466070161208225,0.017280508032072706
0.3877385375164645,0.3704638141707708,0.017274723345693688
-0.7680377367691767,-0.7556756599888759,0.012362076780300879
-0.9512173935572875,-0.9296586418434546,0.021558751713832924
0.6551283687849275,0.6488451449510393,0.006283223833888241
-0.9552015674172545,-0.9218048472241231,0.033396720193131335
-0.6054296884262038,-0.5774855186008139,0.027944169825389942
-0.44463988285297007,-0.4401369230391019,0.004502959813868168
0.15859165724524177,0.16227600938966852,0.00368435214442675
-0.9013884113697146,-0.8767073818053146,0.024681029564399992
0.8670035406353673,0.8488643995426802,0.018139141092687106
0.9593747765845632,0.9242453751280628,0.03512940145650034
0.6260746197386293,0.6211828744764073,0.004891745262222025
0.8554443253769364,0.8439179214624113,0.011526403914525085
0.2119037746069912,0.19728132091783332,0.014622453689157877
-0.9017221727640783,-0.8797441165264523,0.021978056237625943
0.9650220924092984,0.9424061962739662,0.022615896135332214
0.9349873548126821,0.9160920332258637,0.018895321586818392
-0.4696424552378254,-0.4472363599074774,0.022406095330347986
0.6987281297255773,0.6728806939911904,0.02584743573438686
-0.46972350643123906,-0.45097796477401064,0.018745541657228415
0.9094665683791912,0.8925408703624796,0.01692569801671151
0.556597410997086,0.5297474204018985,0.026849990595187556
-0.09904492298810337,-0.08198758177312736,0.017057341214976013
-0.08289347425944646,-0.09154756747186828,0.008654093212421818
-0.2168206808100969,-0.21169480316501627,0.005125877645080629
0.8314718343952747,0.8212298078005735,0.010242026594701192
0.49876280777654286,0.47271466775423276,0.026048140022310096
0.9497041761723463,0.9330639627481294,0.016640213424216843
0.8428253949271262,0.8250093607053476,0.017816034221778576
0.9351836445603453,0.8998106284647146,0.035373016095630705
-0.56655374392729,-0.538955808243125,0.02759793568416502
-0.006343974397949825,-0.019938263613621464,0.01359428921567164
-0.6885069852552662,-0.6755793470350084,0.012927638220257776
-0.8776618965325081,-0.8452928890699246,0.03236900746258353
0.9666347887506559,0.944542018231614,0.022092770519041904
0.6841877151554252,0.6743779308505031,0.009809784304922076
-0.9518792162265552,-0.928223724220223,0.023655492006332213
0.43718503950734017,0.43260322130868567,0.004581818198654497
0.89242881582726,0.870998554884614,0.021430260942645996
-0.7482641939811929,-0.7238140735258812,0.024450120455311697
-0.3092396787864999,-0.3084697206657654,0.000769958120734493
-0.9398775547812633,-0.9139067638437194,0.025970790937543953
-0.12287572074164137,-0.12777427140778103,0.004898550666139659
0.37378677870451366,0.353480636382558,0.020306142321955656
0.9399300027400933,0.9093433257975513,0.030586676942542024
-0.46332112963308053,-0.4423289408787857,0.020992188754294816
0.1515636897771284,0.13546401115196913,0.016099678625159264
-0.5414016260114062,-0.51934771275067,0.022053913260736135
-0.9453103675353274,-0.914627412254305,0.030682955281022384
-0.4742786190516526,-0.468229172678401,0.00604944637325161
-0.8529645943837396,-0.8321123326783287,0.02085226170541088
0.9320015115309219,0.9072729810983251,0.024728530432596818
0.23412840881164176,0.2422637762945347,0.008135367482892925
0.3103361448508494,0.3123764912425226,0.0020403463916731646
-0.4505056914186298,-0.44588172102422363,0.004623970394406152
0.549405402795115,0.5405654871866014,0.008839915608513604
-0.7195811334896687,-0.6889442666904642,0.03063686679920452
-0.7083571401932279,-0.6956315311091602,0.012725609084067724
0.27695399761759953,0.2598571411364931,0.017096856481106426
-0.05623578066026724,-0.056202459976225104,3.332068404213878e-05
0.07311336793019213,0.06797316600646157,0.005140201923730561
0.952356280565105,0.9320095991211469,0.020346681443958126
-0.8764323997044899,-0.8603982041759642,0.016034195528525697
-0.7967431632901317,-0.7559440872645864,0.04079907602554533
-0.5446210865464849,-0.5164249282879024,0.02819615825858246
0.0324618858563316,0.05006395200309833,0.01760206614676673
-0.053162384684007635,-0.03721916345192006,0.015943221232087572
0.28846817089954924,0.2706482640555177,0.017819906844031563
0.9592446017914417,0.9387051087477035,0.020539493043738144
-0.9598203473737464,-0.93481709763569,0.025003249738056454
0.14959612127985242,0.1542486723666342,0.004652551086781781
0.8765943809012504,0.8468880067388387,0.02970637416241173
-0.7350749051200084,-0.7093610999095167,0.025713805210491714
0.44572114428978077,0.4216958896451831,0.02402525464459765
0.07078098052309785,0.05454849279390959,0.016232487729188262
-0.12654293927970733,-0.10791285865192803,0.018630080627779308
0.2981666606581802,0.3001228189091126,0.0019561582509323716
0.5699534229842251,0.553678275132769,0.016275147851456118
0.6670735654751828,0.6376390752179205,0.029434490257262302
0.6831764708979557,0.6759259845377055,0.0072504863602502745
-0.8498974486988695,-0.8249403068544582,0.024957141844411335
0.7576171782830239,0.7463960759842305,0.011221102298793362
0.04042074382888182,0.04781660040417153,0.007395856575289711
-0.02117754950008852,-0.03289714751614433,0.01171959801605581
0.9642418880406032,0.9449104353896484,0.019331452650954817
0.6193111511709923,0.6188526583271291,0.0004584928438632341
-0.826895783319519,-0.7990252094711588,0.027870573848360114
0.7373699137859724,0.7249246371939484,0.01244527659202399
0.8514415381963443,0.8322595029480684,0.019182035248275886
-0.7490460139945442,-0.7205998780549147,0.028446135939629524
-0.42044280119261385,-0.39557670547778967,0.024866095714824177
-0.4268115887081655,-0.42044891428952497,0.006362674418640524
0.12043142626877788,0.12573114944907296,0.005299723180295077
0.16526493265257244,0.15147026346923906,0.013794669183333386
-0.8063463028006493,-0.7927014700197518,0.013644832780897564
0.9286296258923986,0.9008078310325134,0.02782179485988523
0.634647432796073,0.6231306910037888,0.011516741792284235
0.2877509487183345,0.2691213917050521,0.018629557013282394
0.9662871182584717,0.9452321574262684,0.021054960832203262
0.1850377207874913,0.19206134911544298,0.00702362832795167
-0.38918754557982593,-0.37083468059821906,0.018352864981606876
-0.875065364514895,-0.8544787481671048,0.020586616347790243
-0.7720314156679092,-0.7536435013443451,0.018387914323564125
0.9455306057950102,0.9115520133151603,0.03397859247984991
0.06536811694130429,0.049298675206200245,0.016069441735104044
0.7608407299777211,0.75090811112201,0.009932618855711173
0.8597016993932404,0.8442381410516978,0.01546355834154256
-0.8702441575113254,-0.8651263085371327,0.005117848974192762
-0.0949352143686289,-0.08424097211581998,0.01069424225280892
0.3608493070892099,0.3568354639382498,0.00401384315096015
-0.8865076397635644,-0.8656441156243494,0.020863524139214995
0.648527660111377,0.6440268128506146,0.004500847260762386
-0.9635209268853937,-0.9360254984769125,0.027495428408481182
0.9597966165391062,0.9297764505757844,0.0300201659633218
0.3052381682245912,0.30637154049961285,0.001133372275021638
-0.15528272339561058,-0.16415294382787957,0.008870220432268983
-0.7292419138228536,-0.72475072165917,0.004491192163683655
0.33354852710885136,0.3164573588508872,0.01709116825796414
-0.7946993367209862,-0.7812001368186502,0.013499199902336056
-0.7372858292024524,-0.7141299420604719,0.02315588714198058
0.8839706750724187,0.8695701909326136,0.014400484139805103
0.8912210085089753,0.8770196763753736,0.014201332133601752
-0.6822946407702456,-0.6585266167503434,0.02376802401990219
-0.9595391237291305,-0.9408536940229059,0.018685429706224665
0.9333181516277126,0.9113244461883033,0.02199370543940926
-0.6171949343313242,-0.613982391843889,0.0032125424874351882
0.7864497228635978,0.7589476715926422,0.02750205127095562
0.1411218590199348,0.14722330969667713,0.006101450676742337
-0.4518572719512187,-0.4471488250690424,0.004708446882176309
0.8949111078188892,0.8764304151915079,0.01848069262738128
-0.8658879593037826,-0.8322788944477184,0.033609064856064186
0.23679054408143727,0.22110455450598898,0.015685989575448284
0.8652601491699022,0.8504783036589524,0.014781845510949854
0.7989426532992246,0.7806830561517472,0.01825959714747749
0.9240425850726337,0.9104395116339636,0.013603073438670066
0.3049510333767987,0.2854061418759013,0.019544891500897388
0.5203091831532454,0.5142053362517592,0.006103846901486132
0.5024008919474993,0.4974352543226518,0.004965637624847474
0.6554518372435472,0.6454812273721771,0.009970609871370106
-0.9081709929782893,-0.8767142571680581,0.03145673581023123
-0.2090155360693314,-0.19509679197168628,0.013918744097645125
0.9643889046684837,0.9376772463484628,0.02671165832002087
-0.644840600378296,-0.622457853684137,0.022382746694159072
-0.6936969627483975,-0.6837701126181669,0.009926850130230647
-0.9664443970615406,-0.9366491686881975,0.02979522837334314
0.41293098897310765,0.3950793708598615,0.017851618113246148
-0.29645805137175213,-0.2742343595684646,0.022223691803287537
-0.24689572222932268,-0.2517787302968765,0.00488300806755379
0.18996930866167117,0.19349656909231724,0.0035272604306460786
0.6895508314294136,0.6831655590801952,0.006385272349218485
-0.9343516984187503,-0.9149808852505831,0.019370813168167245
0.28203695515684857,0.2895285600334058,0.007491604876557256
0.07849128701778964,0.08702263407497952,0.008531347057189886
-0.8096484747734453,-0.8007916016662374,0.008856873107207841
0.8567792945774969,0.8460598937997343,0.010719400777762567
-0.19700018391216756,-0.19776882924808595,0.0007686453359183887
0.18906600812739344,0.19909344516307217,0.010027437035678738
-0.8583139508591404,-0.8238911307124086,0.034422820146731814
-0.34809284303703214,-0.35275492060250857,0.00466207756547643
0.6455940517232887,0.6339042607400985,0.011689790983190118
0.724605113137647,0.7110231360802782,0.013581977057368744
-0.7837101810298631,-0.7729257616198711,0.010784419409991974
0.9425732856721912,0.9183511838938996,0.02422210177829165
-0.9414663366552699,-0.9244812375848428,0.016985099070427112
-0.5196653015492805,-0.4942487239906722,0.025416577558608267
-0.1659051363777192,-0.15371637322146361,0.012188763156255583
-0.45380764320545325,-0.43202879732294086,0.021778845882512388
-0.9613127833680087,-0.9340970712923282,0.02721571207568052
0.7545851621833461,0.7240712981462472,0.030513864037098992
0.8651288108032881,0.8410109477561033,0.024117863047184773
-0.7274947329119809,-0.7191864067895131,0.00830832612246779
-0.9568789366875852,-0.9377560354752755,0.01912290121230964
-0.9260875169765681,-0.9147534611692969,0.011334055807271204
0.7521073466069323,0.7364105810085113,0.015696765598421036
-0.9012053953910064,-0.8753726992035717,0.025832696187434667
0.32010546602917683,0.33088553210975896,0.010780066080582129
0.8847345834743894,0.8717014160951838,0.013033167379205568
0.8789908024841259,0.8425367064039585,0.036454096080167364
0.9630553888605491,0.9418185707164919,0.0212368181440572
0.3832419175573618,0.3634313809503483,0.019810536607013485
0.41205785391489597,0.4025648075114294,0.009493046403466543
-0.5998750676810362,-0.5777843945877007,0.022090673093335456
-0.07277498758132901,-0.062432216992834556,0.010342770588494456
0.7002013881206739,0.6781185977566903,0.02208279036398364
0.9042272779154936,0.8890665797191739,0.01516069819631971
0.40638513316587127,0.38939797508634205,0.01698715807952922
-0.9501193801241291,-0.9275145126013485,0.02260486752278057
-0.5383890311687372,-0.5320633579924082,0.0063256731763289276
-0.41190336111057557,-0.41478123959029495,0.0028778784797193757
0.47725334899447724,0.4686942933467791,0.008559055647698155
-0.9235449799579689,-0.904782301047771,0.018762678910197894
0.632302352403467,0.6308066771203147,0.001495675283152309
0.7423618863439482,0.7130721806570776,0.029289705686870615
-0.8045848408242078,-0.7798137275463091,0.024771113277898715
-0.445882313987063,-0.4214512763665476,0.024431037620515406
-0.3713000490895596,-0.35822230108137615,0.013077748008183454
-0.7454433161721221,-0.7160981166870471,0.02934519948507497
0.3562115925075823,0.3418408080584408,0.014370784449141472
0.6088772205969165,0.6076591635179616,0.0012180570789549483
0.8117820284524091,0.8016711734076511,0.01011085504475795
0.5991502323502117,0.5850447686229134,0.014105463727298262
0.8498656515173535,0.8202660555292209,0.029599595988132554
0.03941269609411169,0.04689081661413992,0.007478120520028234
-0.0526688344192566,-0.06597947135858741,0.013310636939330808
-0.9333248291787699,-0.9134127284712874,0.019912100707482505
0.6538123379992035,0.6463255769452362,0.0074867610539672835
0.7670093049601185,0.7379669540205344,0.029042350939584183
0.23588988281638212,0.22094107861152618,0.014948804204855948
-0.5818053686710053,-0.5590648254136183,0.022740543257386947
0.7329113016234046,0.7224610362847657,0.010450265338638909
0.10895575259677225,0.12028066702231302,0.011324914425540775
-0.0835770761444193,-0.0754994309830869,0.0080776451613324
0.8006505492631869,0.7716978175812925,0.028952731681894384
0.8262533212120257,0.7989958183608653,0.027257502851160353
0.13529661613109442,0.12623339982095197,0.009063216310142452
0.59042465217707,0.5666051387243487,0.023819513452721264
0.9011119544777265,0.8844493803458955,0.01666257413183103
0.39132899708968655,0.3752075613989479,0.01612143569073865
0.8974070454699382,0.8835232771034508,0.013883768366487415
-0.45611101921165775,-0.45538985159477935,0.0007211676168784042
-0.5403315265948563,-0.5191090878427678,0.021222438752088513
-0.5226878852550707,-0.5044142464694458,0.018273638785624935
0.9592857073319317,0.9290321824309228,0.030253524901008966
0.25590364097485135,0.25997087700353944,0.0040672360286880815
-0.20943692717085674,-0.21503176239176072,0.005594835220903982
0.5028068211172666,0.49911754380903733,0.0036892773082292663
-0.6677251354692719,-0.660101767694202,0.007623367775069889
0.9376023906047649,0.9124774954653225,0.025124895139442383
-0.2671350381130198,-0.25630682196784565,0.010828216145174152
0.12591321299430178,0.13610379318382973,0.010190580189527954
0.4884278836872597,0.4894187844843403,0.000990900797080585
0.5028286604273837,0.4995042588116011,0.003324401615782624
0.15118904273644027,0.13405101325490612,0.017138029481534145
-0.11620256285999546,-0.10497227195874376,0.011230290901251702
0.09457896693529938,0.08320377163469136,0.011375195300608015
0.5251228108070042,0.5012729819927153,0.023849828814288876
0.8606805750465613,0.8409847302707311,0.019695844775830196
-0.958943567948087,-0.9375077890423511,0.02143577890573589
-0.6487677722215709,-0.6413694401425686,0.007398332079002312
0.9581525957969224,0.9304508641513123,0.027701731645610073
0.6789877086332127,0.6532262705991188,0.02576143803409392
0.6140613319288949,0.5970370216467519,0.017024310282143018
0.9396288778697257,0.9123586154269303,0.0272702624427954
-0.7436325470299723,-0.7324646549923889,0.011167892037583393
0.4347112202077807,0.4327324712220556,0.0019787489857250873
-0.18566886140109712,-0.19072256353970804,0.0050537021386109215
-0.8883590288104104,-0.8680171089807817,0.02034191982962874
0.17652864655444286,0.16247209490501316,0.014056551649429705
-0.9650909185068558,-0.9404170336313904,0.0246738848754654
0.9666511854368623,0.9402886285511703,0.026362556885692
-0.515932764742441,-0.5129113412743838,0.003021423468057227
-0.0820451995140294,-0.06718539361095341,0.014859805903075993
-0.7360372160876765,-0.725830981921171,0.010206234166505457
0.03219878947277847,0.028123892599579703,0.004074896873198765
-0.9000124857573257,-0.8725041605273519,0.027508325229973818
-0.9484119536951329,-0.9253703279163384,0.023041625778794428
0.5842112299860434,0.5749276951106549,0.009283534875388466
-0.603620416705473,-0.5758022992500441,0.027818117455428837
-0.8181099787265739,-0.791447293150692,0.026662685575881917
0.4804280513442379,0.4735261429433097,0.006901908400928192
-0.9578103642133721,-0.9327204916840024,0.025089872529369672
0.05655768952435283,0.06873443079664467,0.012176741272291833
-0.5318296038398326,-0.5309065981132702,0.0009230057265623426
0.8648446881515274,0.8367633625273024,0.02808132562422494
0.7727833975368625,0.7634916956029243,0.009291701933938246
0.9681328452973328,0.9407386567377722,0.02739418855956055
0.8150822016588922,0.7991566714689029,0.015925530189989323
0.20490696261569047,0.20663862400079813,0.0017316613851076634
-0.0405195303279757,-0.051530082215669744,0.011010551887694044
-0.0643470469209975,-0.06922761414950236,0.004880567228504856
0.7306450835439844,0.7162407793555245,0.014404304188459838
0.04733984655132442,0.05521114805380833,0.007871301502483906
-0.5240512153632011,-0.5006883205864243,0.023362894776776777
-0.7217023044836505,-0.7102641766366147,0.011438127847035795
0.6390282330945546,0.627650095931086,0.011378137163468582
-0.4679422696966756,-0.46321782553275537,0.004724444163920205
-0.9614426201729391,-0.9364232238046839,0.02501939636825523
0.4190832644674636,0.3980787767464831,0.021004487720980458
0.015415704653079763,0.0005793681891024066,0.014836336463977357
-0.5712592922848515,-0.544226011064222,0.027033281220629535
0.8783896030528262,0.8608136517267061,0.01757595132612011
0.8371147839241808,0.8227498197512297,0.014364964172951078
-0.9310509878209378,-0.9064805779172014,0.02457040990373638
0.847870911112484,0.8199765160877218,0.02789439502476221
-0.6934350924029383,-0.6696449643861687,0.023790128016769607
-0.2389581336577819,-0.23744180221802402,0.0015163314397578787
0.9596083480713189,0.933382535701062,0.026225812370256896
-0.6217677034376546,-0.5953789564047345,0.026388747032920157
0.964099148967111,0.9369406516356877,0.02715849733142328
0.0033896636698441973,-0.007240571686129257,0.010630235355973454
-0.688458422926455,-0.6585151199017979,0.029943303024657086
0.38462630746993015,0.38703438772618753,0.0024080802562573833
-0.015087295797042167,-0.014173352447603815,0.0009139433494383519
0.11799441748589441,0.10117580315963752,0.016818614326256892
0.645480510948975,0.6240022241084219,0.021478286840553085
-0.7304538210750684,-0.6994773242129297,0.03097649686213866
0.951444165292791,0.9210286455476695,0.030415519745121466
0.32248399682568507,0.3222668060221469,0.00021719080353815867
-0.8494248438553609,-0.8378137734054822,0.011611070449878635
0.7598332393826929,0.7313413853861568,0.028491853996536087
0.8639181257173199,0.8431136934644969,0.020804432252822913
0.3407516416450425,0.34089468086524577,0.000143039220203256
-0.9445437517320933,-0.9137672425470514,0.030776509185041823
0.650071477265255,0.6292939561180129,0.020777521147242184
0.795814209100446,0.7908524242771892,0.004961784823256821
0.8703010999085118,0.8469579821692471,0.023343117739264674
-0.7179388190962938,-0.7058767053237185,0.012062113772575267
0.8544116546121906,0.8304733048801807,0.023938349732009923
0.7188268110500029,0.6889364309650792,0.02989038008492373
0.936514754801155,0.9136372825062632,0.022877472294891787
-0.9485073885211653,-0.9183586239495178,0.0301487645716475
-0.8317290717307932,-0.8000961257304527,0.0316329460003405
-0.7461534899132715,-0.732273927394121,0.013879562519150457
0.9468462142240314,0.9166794024253825,0.030166811798648885
0.10819849277720987,0.10097343333436877,0.007225059442841103
-0.6587490090030679,-0.6354480313577358,0.02330097764533212
-0.9621496697336395,-0.9368729882097755,0.025276681523863975
-0.280424275524208,-0.2597130699686868,0.020711205555521195
-0.2398663264106801,-0.2417958769573935,0.0019295505467133989
-0.5475506301396755,-0.5502068044981279,0.0026561743584523345
-0.9621630778169178,-0.9378443071355012,0.024318770681416635
-0.9636178933833243,-0.9367977563977227,0.026820136985601595
-0.08821975658770714,-0.09648950284415218,0.00826974625644504
-0.9268443345476687,-0.9054365762544354,0.02140775829323327
0.9475308151434185,0.9252843379015658,0.02224647724185269
-0.6605969954105814,-0.6404400401114435,0.020156955299137858
0.540825906508609,0.5350899732784571,0.005735933230151868
-0.46312587146604,-0.4527504129597094,0.010375458506330593
0.23147717534881218,0.2112335378337519,0.02024363751506028
0.9477648913383107,0.9308622915898324,0.016902599748478297
-0.46645379200928705,-0.442130545383907,0.024323246625380046
-0.7421220869090539,-0.7172710897200842,0.02485099718896966
-0.7959747788820071,-0.765628901616461,0.03034587726554605
0.8433314255699998,0.8284195612678917,0.014911864302108113
0.2106455184211931,0.20695147803084907,0.0036940403903440444
0.9216370573286817,0.8939782497885138,0.027658807540167918
-0.4013168261809478,-0.3997795215978565,0.0015373045830913146
0.1997503048820492,0.18642889945892946,0.013321405423119742
-0.6188514551408169,-0.5972866996221998,0.02156475551861703
0.5788832081693738,0.5523221802806765,0.026561027888697297
-0.8419250612274476,-0.8123827398823714,0.029542321345076172
0.7260419307810113,0.7178304448943251,0.008211485886686187
0.7045500530191802,0.6790439395222059,0.025506113496974292
0.08621104575868159,0.09353407117163584,0.007323025412954251
-0.32979818692973956,-0.3294073414569535,0.0003908454727860611
-0.7031034677617043,-0.6900689622796603,0.01303450548204399
-0.8447692655535722,-0.8263005870955092,0.018468678458062993
-0.6328873712979342,-0.6100092539585017,0.022878117339432458
0.3833071243950859,0.36574632864942874,0.017560795745657165
-0.7814410577981709,-0.7685620700870632,0.012878987711107626
0.10256428794880856,0.09034990755932232,0.012214380389486246
0.7085149011842077,0.7010356415362112,0.00747925964799645
-0.41782411702881056,-0.42194259765495956,0.0041184806261490015
0.27844069776171987,0.2598360515286063,0.018604646233113586
-0.1294654076100214,-0.11427320859544839,0.015192199014573013
0.401114876473669,0.4015326575871739,0.0004177811135048781
-0.62202286234706,-0.599677990161441,0.02234487218561898
-0.5548055082847431,-0.5284514171925407,0.026354091092202325
-0.696971963817996,-0.6859747390614829,0.010997224756513102
-0.9532283877352125,-0.9291960264652521,0.024032361269960334
-0.9544572049915443,-0.9297444132179089,0.02471279177363539
-0.29750346086991497,-0.2801798691544437,0.017323591715471265
0.23357379779316806,0.21546224844096334,0.018111549352204714
-0.5368656107930604,-0.5091710726298365,0.02769453816322387
-0.7410454683611092,-0.7285205110844475,0.012524957276661697
-0.21920268223477962,-0.20405564345136368,0.015147038783415945
-0.964800025348525,-0.9485569651466336,0.01624306020189148
-0.8550164376179343,-0.8368441005360996,0.018172337081834744
-0.09825454169590334,-0.08162209090997731,0.016632450785926026
0.07215504410865216,0.0683462677359327,0.0038087763727194524
-0.8242724413640161,-0.8075777511292777,0.016694690234738463
-0.5074035174656158,-0.5073480461755221,5.5471290093755954e-05
-0.636719120332678,-0.608185029622118,0.02853409071056001
-0.9289797881347536,-0.9051012774280194,0.02387851070673419
0.2965501973425926,0.2960170205393452,0.0005331768032473816
-0.4365496968790996,-0.4346412850353063,0.0019084118437933117
-0.9278523711488738,-0.896762445866715,0.031089925282158704
-0.6585673914445519,-0.6357517442043368,0.02281564724021512
-0.866017118308977,-0.8436711376073496,0.02234598070162741
-0.17375969365439276,-0.16381410157841186,0.009945592075980891
-0.9438204399835657,-0.9221092001370715,0.021711239846494146
0.7242655984536089,0.7001621221107693,0.024103476342839603
-0.9344119674556878,-0.9046741854149021,0.0297377820407857
-0.8075430072936128,-0.7824946508803933,0.025048356413219564
0.3986334476585305,0.40176956992374896,0.0031361222652184773
0.21551139763958374,0.20494732845122085,0.01056406918836289
-0.9596417320442977,-0.9304748468599375,0.02916688518436017
-0.10628734644692851,-0.09101578559388157,0.015271560853046942
0.33907618473846574,0.3210210910653094,0.01805509367315633
-0.03524297652375347,-0.045581158021774405,0.010338181498020932
0.4857995194967857,0.4814864496144267,0.004313069882358966
0.9041807798998179,0.8730615844294155,0.031119195470402428
0.3172542862482232,0.29531076404658935,0.02194352220163387
0.6592969426132519,0.6516147134283271,0.007682229184924783
0.9046923707054381,0.884685691668889,0.02000667903654907
0.5911059265878505,0.5849459153886126,0.006160011199237925
0.462697646077129,0.4612330293021533,0.0014646167749756689
0.22235924855868805,0.23306323853548327,0.010703989976795225
-0.17983599686855603,-0.16181372320692824,0.018022273661627786
-0.6154108252489859,-0.5953717606316606,0.020039064617325297
0.6708232740205847,0.6584892746722684,0.01233399934831636
-0.9101239174671468,-0.8900003364929019,0.020123580974244937
0.15409385233981612,0.16020581158449107,0.006111959244674947
-0.9002576783828143,-0.8854115226986694,0.014846155684144935
-0.8018918578488121,-0.7864294715516496,0.015462386297162567
-0.7268725221852929,-0.7016276968508642,0.025244825334428622
0.680191943909029,0.653622604516837,0.026569339392192082
0.4593190006036668,0.4347456109615555,0.02457338964211131
-0.532381051446726,-0.5235841720078264,0.008796879438899619
-0.03437344625143364,-0.045151576177103886,0.010778129925670246
0.9686763859269353,0.946721863610513,0.021954522316422254
0.48706890452273627,0.4641334237557702,0.022935480766966054
-0.5286289966434929,-0.507772344274943,0.020856652368549944
0.07804721302214103,0.07028656793092458,0.007760645091216448
-0.9432921288498296,-0.912688873437318,0.030603255412511632
0.22320915674076577,0.20561550444231175,0.017593652298454027
0.6574712082189597,0.651070792584697,0.006400415634262635
0.6755125026973509,0.6649812956272653,0.010531207070085591
-0.2717644270573351,-0.2514583203342057,0.020306106723129436
-0.20372165451117247,-0.21264246512683446,0.008920810615661995
-0.9547238980824146,-0.9345517157741066,0.020172182308308084
-0.6626246628393515,-0.6396745921464462,0.022950070692905333
-0.08932746057879278,-0.07440444252332717,0.0149230180554656
0.3704055082004821,0.3404813872221847,0.02992412097829744
-0.934585530057303,-0.917043871377777,0.017541658679526062
-0.9630863758860244,-0.9358545907053083,0.027231785180716117
0.8484785148804912,0.8206022098937075,0.02787630498678373
0.458678203516223,0.4342727422886773,0.02440546122754572
0.2992083643261545,0.3067034175936896,0.007495053267535079
-0.8713629166305762,-0.8560907590069841,0.01527215762359213
0.5907576275359027,0.5678894787402589,0.022868148795643806
0.9340075007764556,0.9082515712761102,0.02575592950034533
0.9641414007590434,0.9367833772043569,0.027358023554686528
-0.18757865531861415,-0.16867219816090692,0.018906457157707224
-0.23829774227758851,-0.24213178018168,0.0038340379040914807
-0.938781057509238,-0.9203792314005197,0.018401826108718322
-0.44197230337189886,-0.4148261340215445,0.027146169350354354
-0.7253197350469228,-0.718033132192508,0.0072866028544148476
-0.4002911281884607,-0.3984609511616276,0.0018301770268330797
0.43855215230348915,0.4384620277104505,9.012459303864295e-05
0.8677786389887409,0.8387963857084791,0.028982253280261716
0.5414442067769506,0.5403227755862035,0.0011214311907471464
0.6696160338331607,0.6627070096357838,0.006909024197376934
-0.4997486022407879,-0.49741741718684035,0.0023311850539475265
0.5637745941051163,0.5576053579958125,0.006169236109303866
0.08602788389853692,0.09173233137439178,0.005704447475854857
0.14947255108827395,0.15367624518396383,0.0042036940956898805
-0.6554892939398342,-0.626972723030642,0.02851657090919224
0.937065233680795,0.9125630755383322,0.024502158142462815
0.8080778485425351,0.7797447820337334,0.02833306650880163
-0.08451711398776296,-0.08299774257861309,0.0015193714091498722
0.5134656061405568,0.5066609222450086,0.006804683895548225
-0.7396321316919138,-0.715888045821021,0.023744085870892828
0.7734234849186031,0.7486903544497615,0.024733130468841624
-0.7247943742866872,-0.7038360122763475,0.020958362010339737
-0.9576330861827026,-0.9326955712656237,0.02493751491707885
0.9179562200089049,0.8879283429167663,0.03002787709213861
0.36845510436564655,0.36845799610480634,2.8917391597937936e-06
-0.9649964674976175,-0.9390644981763526,0.025931969321264847
0.845915140688479,0.8210712824035156,0.024843858284963383
0.6189351235092275,0.6019298978543851,0.017005225654842415
0.3816580715803574,0.35692843102926164,0.024729640551095777
0.8942116870716627,0.8773295326672685,0.016882154404394112
-0.9659454871934173,-0.938427534473316,0.02751795272010138
-0.7799626817776527,-0.7688758028910225,0.01108687888663018
0.38125218794772764,0.35876862924375763,0.022483558703970008
0.954230358816101,0.9293023200356784,0.0249280387804226
-0.32718402164349397,-0.31137510019066755,0.01580892145282642
0.20659272413587373,0.2063439161884086,0.0002488079474651239
-0.9672056587832135,-0.9396100212286586,0.027595637554554964
0.4047923395894332,0.39256264554994097,0.012229694039492256
0.16721953681950397,0.15559305626919626,0.01162648055030771
-0.9634579043693096,-0.9380908079828806,0.025367096386428978
-0.5174952445221401,-0.5118898908722022,0.005605353649937972
-0.9634286287286145,-0.9407823967192229,0.02264623200939153
-0.18072949424605658,-0.1864902185578276,0.0057607243117710205
-0.6957863935849611,-0.6683708750639931,0.02741551852096802
-0.5111926745941672,-0.5062336054717159,0.004959069122451254
-0.7196842143544687,-0.7114719823020587,0.008212232052410062
0.8291342186173567,0.8096220017659732,0.01951221685138349
0.8179688885871583,0.8010994114475107,0.016869477139647593
-0.9228946864250553,-0.9048105977759616,0.01808408864909372
0.7411392930195745,0.7305950770250279,0.01054421599454658
-0.22689825928151802,-0.23473486580713715,0.007836606525619128
-0.8661132610410853,-0.8419909543347368,0.024122306706348517
0.9239839167631803,0.9014947595436538,0.02248915721952649
-0.5323696623663406,-0.5308490835763371,0.0015205787900035572
0.6248007865977576,0.6006043472785325,0.024196439319225105
0.6295999552111958,0.613220376763586,0.016379578447609844
0.7700457525607549,0.7406520702441164,0.029393682316638525
-0.7490546317298152,-0.7258851427307049,0.02316948899911031
0.6587050795576733,0.6317508687232725,0.02695421083440086
-0.9625615223878734,-0.935541464885361,0.02702005750251235
0.6888607902147583,0.6823048606621559,0.006555929552602424
-0.33233187064773917,-0.3312551715280619,0.0010766991196772824
0.964843052005858,0.9351992469841605,0.0296438050216975
0.8948265911910279,0.8762712903543782,0.01855530083664969
-0.9683342232409587,-0.948727212383992,0.0196070108569667
-0.7141042455945854,-0.6924582961738601,0.021645949420725286
0.8720242205909425,0.8555853624411109,0.016438858149831592
-0.6224208423744075,-0.616237782114884,0.006183060259523532
0.25051502376667895,0.2542867576313298,0.0037717338646508503
-0.6871273039499757,-0.6742622929147778,0.012865011035197882
0.08410334313363428,0.07002275832624803,0.014080584807386248
-0.8962072417171842,-0.87949508248823,0.016712159228954193
0.9335033474196317,0.9135588977422301,0.01994444967740161
-0.9349792932666393,-0.9156219745285744,0.0193573187380649
0.18256666144686912,0.18937465728658656,0.006807995839717446
-0.3678523347512311,-0.3452661447934124,0.022586189957818692
-0.9502709294996164,-0.9269128089606885,0.02335812053892794
0.3233311131296036,0.3219965759840572,0.0013345371455464328
0.3150007408605293,0.32122815067622973,0.006227409815700413
0.031201174664445216,0.0188639838730685,0.012337190791376716
0.9184380167146707,0.8762317400710663,0.042206276643604435
-0.885206925003719,-0.862458820488043,0.022748104515675993
0.35328935108874404,0.3377033249831917,0.01558602610555232
0.06282569389918254,0.06917459998517175,0.006348906085989217
-0.739026243750136,-0.7148968494328115,0.024129394317324526
-0.8281820021185641,-0.8154274001180835,0.01275460200048062
-0.2554134893894253,-0.26319333244552423,0.007779843056098912
-0.27145016427791585,-0.24890061698843102,0.022549547289484828
0.9405761140676631,0.9253835884323962,0.015192525635266851
-0.433640531505992,-0.43584158595195077,0.00220105444595875
0.2952201583665988,0.28267882449846604,0.012541333868132776
0.8054777062352498,0.7784205638729729,0.027057142362276965
-0.6964183436848572,-0.6481263886995984,0.048291954985258845
0.6992160573883013,0.6693928188432745,0.029823238545026776
0.15441557048266089,0.13176065693878014,0.022654913543880745
-0.2639552350438257,-0.24836657808923462,0.015588656954591051
-0.1509272009492472,-0.13246917947200337,0.01845802147724382
0.07493914227449915,0.07931290238907047,0.004373760114571329
0.7412501839255856,0.7180667046001363,0.023183479325449285
0.708492465798742,0.6838081679129933,0.024684297885748774
0.7457857787054025,0.733010944948169,0.012774833757233539
-0.12266268117487156,-0.13225212202928208,0.00958944085441052
-0.903211590571532,-0.8868776488973811,0.01633394167415092
-0.8927165268784556,-0.8646360739067551,0.028080452971700476
0.7354221389859251,0.7271563905296974,0.00826574845622774
-0.7978679114239167,-0.771708040344588,0.02615987107932871
-0.5799131338148061,-0.5743201517904343,0.005592982024371862
-0.9395170953891719,-0.9196234680133327,0.019893627375839218
0.20135493775905913,0.18984291494101374,0.011512022818045392
0.6188846719308404,0.6144093215800067,0.0044753503508336845
-0.5140889345750355,-0.4817496831261964,0.032339251448839035
0.9085054925330028,0.8837377095222143,0.024767783010788524
0.5822310672121184,0.5807320139779808,0.0014990532341375706
0.5425833095463741,0.5402697534609129,0.0023135560854612436
0.9451264990514759,0.9200733441074317,0.025053154944044254
0.9636865705728916,0.9358487020632598,0.02783786850963188
-0.8989749657077676,-0.8668673566826826,0.03210760902508503
0.6345894315999016,0.6236148547723613,0.010974576827540217
0.9660952197198621,0.9404793870728925,0.02561583264696965
-0.9268756749201208,-0.9076547406300431,0.01922093429007765
0.14035501594842842,0.14556466607051385,0.005209650122085435
-0.948502774081662,-0.9275837212178025,0.020919052863859422
-0.46259412939019307,-0.46511450737227394,0.002520377982080879
-0.008316722351688661,-0.001672878498295826,0.0066438438533928355
-0.4404340701315742,-0.42094546452433756,0.019488605607236642
-0.18713217730297957,-0.18889889127138854,0.0017667139684089672
0.8633823249877453,0.8419805110947679,0.02140181389297735
0.11030829582985399,0.12278109620135366,0.01247280037149967
-0.6872415813166061,-0.6858655343246646,0.001376046991941493
0.19241463595432018,0.1955868134999864,0.0031721775456662327
0.9606137178924552,0.9370632742961623,0.02355044359629288
-0.8972522118812303,-0.8719771813472336,0.025275030533996712
-0.4069573496825974,-0.40337406091625655,0.003583288766340842
0.9652285341560483,0.9444126125518345,0.02081592160421375
-0.6692094964270169,-0.6461255454344014,0.02308395099261551
0.7162529941630024,0.7036854521031433,0.012567542059859105
-0.08965541375130398,-0.0788300673260558,0.010825346425248183
0.7543818034266301,0.7273593325382522,0.027022470888377836
-0.2829822543093937,-0.28815873031821015,0.005176476008816433
0.4222319456140702,0.4227318276996354,0.0004998820855652286
-0.946979288254312,-0.9255281446297275,0.021451143624584446
-0.25485444105076044,-0.2580175863086905,0.0031631452579300445
0.5790152277481543,0.5544850218012839,0.024530205946870387
-0.7205230288257674,-0.7079797501033692,0.012543278722398132
-0.40051952866648044,-0.38681407365622594,0.013705455010254497
0.9140920667039663,0.8944610089571703,0.019631057746795966
0.675269674074351,0.66444539993012,0.010824274144231039
0.7861830032344764,0.7713201431103995,0.014862860124076893
-0.4474804373528519,-0.4465808366755377,0.0008996006773142051
-0.9105748554148659,-0.8815094318507961,0.029065423564069826
0.937369283492528,0.9169513013702809,0.020417982122247103
0.04962633434468659,0.028561307341958077,0.021065027002728515
0.25096069129616927,0.2596685972038689,0.008707905907699653
-0.6716704007024963,-0.6521401897366067,0.019530210965889583
0.9513250812188219,0.9240984075129558,0.027226673705866067
-0.820281466928523,-0.7913399660585287,0.028941500869994252
0.9653487991253075,0.9371200882630379,0.028228710862269524
0.4930177333628031,0.46763417032307464,0.02538356303972844
-0.7547413007885855,-0.7462027681514279,0.008538532637157537
-0.692074367678631,-0.6849344241761601,0.007139943502470825
0.8116280736543687,0.7961984724449513,0.015429601209417387
0.6278495410178735,0.6122939290769291,0.015555611940944347
-0.4359850743445695,-0.43322660616874303,0.0027584681758264784
-0.47625412268653855,-0.4777185140037183,0.0014643913171797363
0.2678270923808757,0.2592981315309932,0.008528960849882528
-0.14571444273022374,-0.1295776715386947,0.016136771191529037
-0.9620000322156017,-0.936364464727865,0.025635567487736655
0.931121627063543,0.9064621810225246,0.02465944604101833
-0.9473084574190017,-0.9296540701413342,0.01765438727766755
-0.5848943912541228,-0.5564006608885248,0.02849373036559799
0.9015925766028148,0.880287502387422,0.02130507421539274
-0.9620199963227867,-0.9379671255406717,0.024052870782114932
0.9660108281982853,0.9402425278740386,0.025768300324246707
0.9564396454978222,0.942813064610948,0.013626580886874184
0.7577782337454475,0.742630901705391,0.015147332040056471
0.777790993780048,0.75347471861286,0.02431627516718804
0.6929967179189528,0.6898095002456854,0.0031872176732673507
-0.6048430762163642,-0.6030155319446519,0.001827544271712389
0.5139941332434831,0.47844308939105457,0.03555104385242852
0.642431275914766,0.6205703615478885,0.021860914366877537
-0.6423801053163086,-0.6348136708105863,0.007566434505722364
0.36525912888701595,0.35360052411122184,0.011658604775794112
0.9403874445659137,0.9232358748647136,0.01715156970120013
0.7124829700051382,0.6990338793154504,0.013449090689687804
-0.9550689728910218,-0.9407954804328554,0.014273492458166337
0.3557757823693282,0.34734994679809805,0.008425835571230167
0.9350113118030713,0.9124962939851466,0.022515017817924643
-0.842775551190223,-0.829002393107701,0.013773158082521997
0.24272986213814415,0.24958286278407427,0.006853000645930113
0.45759847846769275,0.437904270393832,0.01969420807386074
-0.8495053954599561,-0.8360866935023221,0.01341870195763395
0.9364115900229121,0.898409404873592,0.03800218514932008
-0.0299477042703696,-0.03278419346830145,0.002836489197931849
0.7187172962850217,0.703639820463301,0.015077475821720698
-0.9486968719387546,-0.9192370149770599,0.02945985696169473
0.6215645600022748,0.5950836182734525,0.026480941728822316
-0.7560121774388053,-0.748278759343521,0.007733418095284383
-0.967627493892246,-0.9442740414182493,0.023353452473996672
-0.5650897879159132,-0.5395285468637672,0.025561241052146078
0.783609349430393,0.7533119990875442,0.03029735034284875
0.9322601947099781,0.9052654345836936,0.026994760126284545
0.888273345834219,0.8579899983335018,0.03028334750071726
0.8651879625261095,0.8340912182692691,0.031096744256840392
-0.173370137500538,-0.15941873019806235,0.013951407302475655
0.805018052386105,0.7914670528491968,0.013550999536908193
0.9640793788391212,0.9372695289387114,0.0268098499004098
0.9173389368471704,0.9035626689764535,0.01377626787071684
0.3915952011710105,0.3709633080994865,0.020631893071523966
-0.09085659048088085,-0.08678358165640089,0.0040730088244799595
-0.7586425618110338,-0.7381754860488421,0.020467075762191755
-0.04115882449290522,-0.05069242098721435,0.009533596494309127
-0.07214557052942018,-0.08257212487978398,0.010426554350363798
-0.24549404198211203,-0.25352236984106474,0.008028327858952716
0.6527513892035725,0.6410058213627955,0.01174556784077696
0.8270468757029719,0.807646399268903,0.019400476434068836
0.5085036432147739,0.5075801242315918,0.0009235189831821033
0.0075982269317621965,0.021907163490649424,0.014308936558887228
0.7744528349158055,0.7476733119439664,0.026779522971839165
0.02196027987409132,0.010213323626519439,0.01174695624757188
0.7246663259546146,0.6960913593864237,0.028574966568190807
0.7746959532088135,0.7435695867814963,0.031126366427317143
-0.9642014306564709,-0.9403278750841311,0.023873555572339833
-0.33512957068190086,-0.3373110874840722,0.002181516802171324
0.011915283635170465,0.022622078759516214,0.010706795124345749
-0.3508308472440819,-0.34361108300324383,0.007219764240838089
0.9083535736625122,0.88376779373945,0.024585779923062212
0.7093854259274153,0.7002019207893146,0.009183505138100623
0.9159496675842684,0.9017721227986901,0.014177544785578311
-0.9279267574692086,-0.911575301405993,0.01635145606321564
0.046990789807403475,0.03464547462159027,0.012345315185813208
-0.6683973495329186,-0.6336899469331074,0.0347074025998112
-0.9117254182990173,-0.8846335929265471,0.027091825372470235
0.9438912834631954,0.9182223780323373,0.02566890543085809
0.9024390032517059,0.8844335470143944,0.018005456237311535
0.9668887980327168,0.9389249615318135,0.027963836500903283
-0.925751413734929,-0.904385137117121,0.02136627661780799
0.5588073331409747,0.552464728327532,0.0063426048134427315
-0.5060786787458142,-0.4886369043027169,0.017441774443097358
-0.2908059196214982,-0.29330315035136595,0.0024972307298677388
-0.49225205063664523,-0.483377959547067,0.008874091089578207
-0.8850195269061294,-0.8704084927150717,0.014611034191057692
0.3681825590544269,0.3683046578530131,0.0001220987985862121
0.14600824957973332,0.13277893350075298,0.013229316078980341
-0.4782482500660384,-0.47611556234082575,0.002132687725212634
0.9658397256128866,0.9377036191603936,0.02813610645249298
0.9168667138865629,0.896906321106317,0.019960392780245972
0.5401830723159599,0.5135136032976091,0.026669469018350767
-0.8306908547160108,-0.8003728027412237,0.030318051974787097
0.5051917178556831,0.5016908299700584,0.0035008878856246373
0.9351849500320081,0.9070458499818116,0.028139100050196486
-0.8777823704582318,-0.8695295425152428,0.008252827942988983
-0.9632182097638639,-0.9309101507667056,0.03230805899715827
-0.715941896072783,-0.6858263728169433,0.03011552325583977
-0.9549191879484741,-0.9319912651317528,0.02292792281672129
0.5435376835605199,0.5250363646060439,0.018501318954476043
-0.3540232641405393,-0.35585681238233813,0.0018335482417988214
0.9635058695478531,0.9438028811666135,0.019702988381239628
0.6367779800377367,0.6148740011719599,0.021903978865776774
0.07799038992228437,0.08494991101162207,0.0069595210893377
-0.9666860288917488,-0.9389616307526182,0.027724398139130635
-0.5436852622146574,-0.5203315390633969,0.023353723151260497
0.5785112334846717,0.5693889585247017,0.009122274959969978
-0.24252333671985965,-0.2423046398030858,0.00021869691677384173
0.11595711992964068,0.0982160566628804,0.017741063266760282
0.8261256369798422,0.8008899045593313,0.025235732420510915
-0.9529802226879951,-0.9289449973800289,0.0240352253079662
0.8750032431183514,0.8463945106311926,0.028608732487158783
-0.7148661746268273,-0.6914984033642817,0.023367771262545634
-0.9017689239715868,-0.8781346799227654,0.023634244048821418
0.1757930072981513,0.181588604226008,0.005795596927856694
0.2679934430372452,0.2699439313691271,0.0019504883318818833
0.07887844398190835,0.06968920502787146,0.009189238954036894
-0.9252328641046693,-0.9004403408484383,0.024792523256231047
-0.9376974878774417,-0.9039032933008213,0.03379419457662036
0.6127635560049894,0.5868003804494432,0.02596317555554628
-0.094535265798162,-0.10513010490101025,0.010594839102848252
0.7541767995581071,0.7441082222466772,0.01006857731142996
0.3747667085482192,0.36566595610302355,0.009100752445195648
-0.5152838076455929,-0.4901977647545086,0.025086042891084293
0.5051275542282408,0.49733312832146304,0.007794425906777813
0.7149891513200792,0.6943555888663687,0.020633562453710508
-0.5188031335338595,-0.5117369824647293,0.007066151069130222
0.8688694493081535,0.8388162587690782,0.030053190539075292
0.5959131496809766,0.5687629758489866,0.027150173831990032
0.13473948340988906,0.12010582584494463,0.014633657564944433
0.9629697377629876,0.9349879167237483,0.027981821039239296
-0.18079127811737827,-0.19100637245209295,0.01021509433471468
0.000472846649277523,0.005390923215892352,0.004918076566614829
0.6220833860528786,0.6021522422493881,0.01993114380349048
0.5324878079400008,0.5316925657051099,0.0007952422348909138
-0.8916273178493895,-0.8600173352139451,0.031609982635444456
0.7445402482438662,0.7235920986984338,0.02094814954543245
-0.4435009559058536,-0.4233517272071728,0.0201492286986808
-0.33499296385993693,-0.33927198531252173,0.004279021452584797
-0.8958059305131496,-0.8735687567317284,0.022237173781421204
0.3848469680491309,0.38755418043032464,0.0027072123811937576
-0.6492605654134666,-0.6394248363222547,0.009835729091211887
-0.8032763954978199,-0.7914837720312531,0.011792623466566843
0.8881242189796161,0.8818038261296758,0.006320392849940348
-0.4812538060127786,-0.481377305443183,0.0001234994304044057
-0.9597397976990227,-0.9358096300025516,0.02393016769647116
-0.9685270651923256,-0.9504790430893151,0.018048022103010486
-0.8624064055382973,-0.8376962665117517,0.02471013902654562
-0.4447365973010017,-0.42686433192190115,0.017872265379100527
0.9402868828079263,0.9171771516845022,0.02310973112342407
0.10201679577533078,0.09126722784541513,0.010749567929915646
-0.0334898384408703,-0.05299000450971792,0.01950016606884762
0.9377031989633885,0.9142170055886417,0.023486193374746778
-0.5002144281013275,-0.4728560967805051,0.027358331320822438
0.9617110641804016,0.9401639274022671,0.02154713677813458
0.8610015713718144,0.8343897219398747,0.026611849431939727
-0.4563652986446619,-0.4364809514869309,0.01988434715773102
-0.7325023889329879,-0.719039535665552,0.013462853267435904
-0.3859193909604396,-0.38814128792805347,0.002221896967613879
-0.6004229139198604,-0.5902000756222826,0.010222838297577752
-0.9229688710902239,-0.8929868771477892,0.029981993942434615
0.7884260684020173,0.7596093186607117,0.02881674974130566
-0.9655297441414491,-0.9408196795921138,0.02471006454933533
0.9646730133538197,0.9387881799837478,0.02588483337007197
-0.17746832686267178,-0.1812322174543655,0.0037638905916937138
-0.7480306835093824,-0.7173330588044615,0.03069762470492088
0.9474680967491261,0.9213437619788171,0.026124334770309066
-0.8224994631060193,-0.8141353671830072,0.008364095923012127
0.006905345464259771,0.016214492156825144,0.009309146692565374
0.6840585367454196,0.673477872691819,0.010580664053600586
-0.7804244601759633,-0.7560039322657981,0.024420527910165246
0.9640784071636201,0.9366892682409003,0.02738913892271988
0.34293774056796045,0.3239562555492766,0.018981485018683852
0.43369103404063303,0.41010274911991973,0.0235882849207133
0.5818671342758073,0.5758378565568532,0.006029277718954118
0.2675346887265024,0.24618034392986124,0.02135434479664114
0.48788916899345025,0.4721021494989223,0.015787019494527932
0.03175266773705453,0.04670613019598018,0.014953462458925655
-0.7904288547997608,-0.766251778660116,0.024177076139644815
-0.2128481862479435,-0.21880877869470058,0.00596059244675709
-0.6319213522287088,-0.6221533553462171,0.009767996882491747
-0.9371459873964205,-0.9130350579766745,0.02411092941974602
-0.9630845798049328,-0.9491353831821534,0.01394919662277938
0.9471547606571827,0.9291622539915051,0.017992506665677643
0.29820283026605904,0.3013498895120196,0.0031470592459605373
0.9151754165840824,0.9009678061786184,0.014207610405464033
0.637621464713572,0.6323747852347751,0.005246679478796867
-0.8669409436942349,-0.8544109995212469,0.012529944172988028
-0.5967221497969301,-0.5786467068843767,0.018075442912553363
-0.4104062879174075,-0.4028864875492354,0.007519800368172125
0.5958388363888691,0.5723517059373587,0.023487130451510407
0.9526899911153487,0.9310304564914015,0.021659534623947208
-0.8137889395857246,-0.7943928160983496,0.019396123487375072
0.8765031330083356,0.8577834395777956,0.01871969343054003
0.894732961733203,0.8598949768221353,0.03483798491106771
-0.949634916731511,-0.9267974594076915,0.022837457323819477
-0.6496511331570533,-0.6264755583542657,0.023175574802787535
-0.5403745639352416,-0.5379516920928005,0.0024228718424411655
0.45014223394603226,0.4526338844471992,0.002491650501166953
-0.5976944715635304,-0.5708550228511642,0.02683944871236621
-0.29492050710993645,-0.2785985835252545,0.01632192358468193
0.4657156747443844,0.4606368297100328,0.005078845034351631
-0.6915801729532883,-0.6681172542533671,0.02346291869992123
-0.475596722264896,-0.4748322280479123,0.0007644942169837132
-0.5143889763908918,-0.5111766697200596,0.0032123066708321657
0.968601366368512,0.943235387667461,0.025365978701051062
-0.7615479371400763,-0.7382306989002537,0.02331723823982257
0.11531125208204034,0.1276792565390301,0.012368004456989753
-0.4417089668553787,-0.4412358096968719,0.0004731571585068206
-0.8681042466469733,-0.8509082102966251,0.017196036350348165
0.329089936599014,0.31088909881716165,0.01820083778185233
-0.25829863234760747,-0.26495439444341945,0.006655762095811979
-0.13127666501347118,-0.13942022206719407,0.008143557053722883
-0.17209093346603008,-0.15859374352703112,0.013497189938998955
-0.067825152876852,-0.05129325690574905,0.016531895971102946
-0.12675533627876256,-0.11331895046845625,0.013436385810306317
-0.13759131110353007,-0.14689076603259718,0.009299454929067114
0.6795848685322378,0.6556780382805001,0.023906830251737676
0.760324890936278,0.7338513053749264,0.026473585561351598
0.7811711068014107,0.7794515336324609,0.0017195731689497729
-0.31181108138055375,-0.31613512208569566,0.004324040705141918
-0.1407557724113795,-0.12574816027954494,0.015007612131834547
-0.9479050917097394,-0.9216676484473338,0.026237443262405513
-0.7843478336611494,-0.7734589121893968,0.010888921471752577
0.14902180624464553,0.1339130309828587,0.015108775261786833
0.9124129027223604,0.8891289310560042,0.023283971666356207
0.47163832141753537,0.45557776660691646,0.01606055481061891
-0.8260766824922579,-0.8124880023447166,0.013588680147541221
-0.3127205787235721,-0.3142258804563738,0.0015053017328016671
0.8938077759192047,0.8653531957026293,0.02845458021657543
-0.34577239101353874,-0.3341178410671122,0.011654549946426562
-0.036565634092755206,-0.030931231398468186,0.00563440269428702
-0.27117050078471444,-0.260801694861869,0.010368805922845448
0.9145011703710025,0.9002927933909199,0.014208376980082593
-0.8807896789040888,-0.8505922723042055,0.030197406599883236
-0.7929684574864821,-0.766759756651967,0.026208700834515097
-0.044928942944292546,-0.05490037805168209,0.009971435107389542
-0.9273004418418141,-0.8965982446812306,0.030702197160583533
-0.8892774165634841,-0.8575922916324799,0.03168512493100428
0.8288512351269425,0.8122577770764333,0.016593458050509158
0.236298661773231,0.21902479220640025,0.017273869566830746
0.026530540028603496,0.038373012346609725,0.011842472318006229
-0.4804753749716852,-0.463309258696737,0.017166116274948184
0.737963849181454,0.7082146271998732,0.02974922198158081
0.6506268069828013,0.6389219044875604,0.01170490249524092
-0.2819064137474417,-0.2664376692994797,0.01546874444796198
-0.0005503291250114009,0.011629881267626018,0.01218021039263742
-0.23300939167954482,-0.21863668837247988,0.014372703307064943
-0.26104258545020387,-0.24307811795513884,0.01796446749506503
0.9402804943778458,0.9174728452768821,0.022807649100963667
-0.26681743219306764,-0.2684989986451532,0.0016815664520855589
-0.9614781829452456,-0.9334600118811335,0.028018171064112085
-0.006808323823904455,-0.01864386120927568,0.011835537385371226
-0.8899382340330925,-0.8730527888004819,0.016885445232610596
0.7949831844938506,0.7719988973790453,0.02298428711480538
0.19923256564369002,0.18017287250495664,0.019059693138733375
-0.6724820475872952,-0.6423797413041852,0.03010230628311006
-0.9680375527003345,-0.9452924058128793,0.022745146887455214
0.7374020661234333,0.7067495375651656,0.030652528558267722
-0.7675647342790404,-0.7421786791225747,0.025386055156465637
0.5472536991843056,0.5223762843685904,0.02487741481571515
-0.7892985380668366,-0.7648698121205428,0.02442872594629375
-0.7970595476421721,-0.7660933689197216,0.030966178722450555
0.9590325644188974,0.9268851238608131,0.03214744055808427
0.025074206691441815,0.009982055326620769,0.015092151364821046
0.9154100873905155,0.8966739148764538,0.01873617251406179
0.909210369071801,0.8930368248246053,0.016173544247195637
0.6037024453050092,0.5994585253411326,0.004243919963876519
-0.3315120847141722,-0.33515282442303096,0.0036407397088587534
0.6530486824048938,0.6501512733400543,0.0028974090648394846
-0.27462598197954635,-0.2794586658492423,0.004832683869695931
-0.42506057567847616,-0.42740458221104705,0.002344006532570886
-0.9539313800017445,-0.9296536452785036,0.024277734723240907
0.7923485959826196,0.7749453306105724,0.017403265372047283
0.4732761317418902,0.46953406187531666,0.0037420698665735497
-0.5221140423427713,-0.4949074639926031,0.027206578350168154
-0.7874582795210724,-0.7574653061272891,0.029992973393783262
0.9676380949826902,0.9376675333305712,0.029970561652118977
0.3419529965944624,0.3447735168764305,0.0028205202819681086
-0.019125746750714892,-0.02275872664541507,0.0036329798947001765
0.7450293307897436,0.7197115140045114,0.02531781678523226
-0.3145738931728611,-0.32046411686491766,0.005890223692056551
0.8264969602257498,0.8071340152483254,0.019362944977424412
-0.11118237511938732,-0.11847940516893542,0.007297030049548098
0.638382995645962,0.6312428992101324,0.007140096435829579
0.7783792762144878,0.7665551097879026,0.011824166426585125
0.08147125812697766,0.06776651405350041,0.013704744073477243
0.6256715830057948,0.6230513332571332,0.002620249748661596
-0.2726608902046728,-0.2760227559752692,0.003361865770596384
-0.9490334559977566,-0.9232861270520387,0.02574732894571785
0.948787276862281,0.9272750420543571,0.02151223480792397
-0.17290242408390788,-0.1795351175019061,0.0066326934179982144
0.7608283731922171,0.7538263796073682,0.007001993584848876
-0.8832741359448407,-0.8690811957811082,0.014192940163732515
0.9221911897919471,0.8942626698839128,0.027928519908034355
0.6661546770120691,0.6567959440792316,0.00935873293283751
-0.4391154448218841,-0.41351661250751975,0.025598832314364328
-0.7654385622847464,-0.753488526932515,0.01195003535223138
0.5275157816379904,0.5224007112488938,0.005115070389096643
0.43930413151772474,0.4372221424397156,0.002081989078009161
-0.6776905032416838,-0.6700265639941122,0.007663939247571583
-0.9137759597523273,-0.8888362480454708,0.024939711706856493
-0.76029201103074,-0.7357776780849685,0.024514332945771433
-0.2777468176645247,-0.2570843897849708,0.020662427879553913
0.47786059879386805,0.45492349439561225,0.022937104398255803
-0.9533605877304976,-0.9307059768508099,0.022654610879687676
0.4619833438387346,0.4609735165729553,0.0010098272657792506
-0.33476475245072934,-0.31735828582861675,0.017406466622112593
-0.741822352324854,-0.7170090202411218,0.024813332083732265
0.9599843835039049,0.9454202428755819,0.014564140628323008
-0.9497696318416309,-0.9189792088747671,0.03079042296686374
-0.5088506643097462,-0.48484784286019106,0.02400282144955518
0.8837286521455678,0.8635202847827441,0.02020836736282372
0.23316721077479,0.23063706308812865,0.0025301476866613493
0.8605189486278174,0.836688788807837,0.02383015981998038
0.4944500322828743,0.4949920483493047,0.0005420160664303952
-0.8189803168436889,-0.788194628304215,0.030785688539473832
-0.5013994382031274,-0.5006691273249894,0.0007303108781380185
-0.9402294669335133,-0.9136100430677665,0.026619423865746783
-0.5083443347506945,-0.5097596586654307,0.0014153239147361996
-0.7312506401277071,-0.7054903334539343,0.025760306673772826
0.9673430700909488,0.9372437764060706,0.03009929368487818
0.9633909840474444,0.9402028148517686,0.02318816919567579
0.6637415734118959,0.6535098316794784,0.010231741732417476
0.6825242785431637,0.6756554744981391,0.006868804045024546
0.7871158907781023,0.7511013390242629,0.036014551753839386
0.6721496259273021,0.666500078959484,0.005649546967818053
-0.4108539448514361,-0.41134847243422096,0.0004945275827848428
0.761267871689585,0.7220113732160689,0.03925649847351609
-0.027311344464547468,-0.035824613423124145,0.008513268958576677
0.9323372025103915,0.9108435936959022,0.021493608814489362
0.4474804377089504,0.4460287058995483,0.0014517318094021125
0.6901538764189387,0.6729648255389213,0.01718905088001732
0.29901808730125445,0.30574709006392103,0.0067290027626665805
0.6984147615516731,0.6746700145228625,0.023744747028810687
0.7422320720093021,0.73349879874937,0.008733273259932117
0.9250179856125168,0.8922476017988493,0.03277038381366748
0.8004389591197373,0.7927302212969323,0.007708737822805012
-0.5526480836466509,-0.5313557290406993,0.02129235460595158
-0.7255536785284293,-0.7194611055703787,0.006092572958050657
0.9460370566345706,0.9176682415807601,0.028368815053810503
-0.7782463723056952,-0.7527752554051501,0.025471116900545043
0.9481043077230188,0.9218354572197858,0.02626885050323302
-0.7761377138342479,-0.7513465548178103,0.02479115901643758
-0.7304563850009185,-0.698268407958439,0.03218797704247944
0.1976492985305576,0.18237143947671192,0.015277859053845683
-0.34377265108917643,-0.3344612730747321,0.009311378014444316
-0.6231371715790672,-0.6204404080918384,0.0026967634872288038
0.967606450637371,0.9431535248003314,0.02445292583703962
-0.5267789188256933,-0.5174776411558072,0.009301277669886088
-0.8548787380767386,-0.8383077836846087,0.016570954392129966
0.7479673426738688,0.7234662641926043,0.024501078481264482
0.2956027385087244,0.2762188265726596,0.019383911936064813
-0.48345997666226964,-0.469519792121255,0.013940184541014644
0.8641174531622983,0.8519329256941555,0.012184527468142803
-0.9643662060936238,-0.9400857907493217,0.02428041534430203
0.6960424322276496,0.6719465262780844,0.024095905949565233
-0.9426213458521365,-0.9210447548401185,0.02157659101201803
-0.9554416191316046,-0.9307196628964532,0.024721956235151388
-0.8236628885867235,-0.8097447425597704,0.013918146026953182
0.18403373714247956,0.16935576807376515,0.014677969068714408
-0.7187014252146215,-0.6951876081444335,0.02351381707018807
0.4848326271843014,0.461294224986365,0.023538402197936403
-0.6105731216914609,-0.5853881148910429,0.02518500680041802
0.24600727988653914,0.2318007595637063,0.014206520322832844
0.5205683905738443,0.5027540753987673,0.017814315175077033
0.9685399460026964,0.9436625506266711,0.02487739537602529
-0.48988353460570816,-0.4808496325933793,0.009033902012328843
-0.8999185637022755,-0.8892399292473808,0.010678634454894698
0.15156534297951055,0.16307345766382492,0.011508114684314369
0.9685961725034804,0.9435584745575974,0.025037697945882953
-0.6457433456935704,-0.6217594561941718,0.02398388949939856
-0.911779696470702,-0.8877480112313962,0.024031685239305767
2.7836871599250528e-12,-0.0005173090833055117,0.0005173090860891988
0.03951510558513493,0.02872438563245278,0.01079071995268215
-0.4923317134222728,-0.48359570259228374,0.008736010829989038
-0.9596901968985488,-0.9426922408126461,0.01699795608590271
-0.9533512383751225,-0.923007571575423,0.030343666799699465
0.3639467411295537,0.36199249369519093,0.001954247434362788
0.9673095815676049,0.9398421209551248,0.027467460612480177
-0.25413114972638245,-0.25850760757030905,0.0043764578439265955
-0.6612174057128576,-0.652004568651767,0.00921283706109055
-0.6256743440423008,-0.6073147158505867,0.018359628191714106
-0.9376701006206755,-0.9069800247848907,0.030690075835784758
-0.031418289465099385,-0.04078201309069861,0.009363723625599223
0.8512740150818436,0.836681748414776,0.014592266667067588
-0.9449320689459645,-0.9191168741193445,0.02581519482661998
-0.4651366605413698,-0.46268650985302084,0.002450150688348973
-0.9285776518537817,-0.9067384555166452,0.02183919633713649
0.661987221491996,0.6446617297118327,0.017325491780163293
0.0625229734147713,0.05553933205844422,0.006983641356327078
0.6537488252425462,0.6445745087257442,0.009174316516802006
0.8684603374898521,0.8494253100988416,0.019035027391010484
0.7451956484755707,0.7371560411177271,0.008039607357843592
-0.6161279834657737,-0.5937821602333567,0.02234582323241696
-0.9233152964727438,-0.8983308402701057,0.024984456202638117
-0.776327495694739,-0.7642785646286958,0.012048931066043211
-0.49802195397670906,-0.497157361198046,0.0008645927786630758
-0.17636278356698634,-0.18072403507420828,0.0043612515072219415
0.13878766848668836,0.14943595912566376,0.010648290638975405
-0.6605305464145087,-0.6480742067155484,0.012456339698960317
-0.9230471060002003,-0.9056250349263706,0.01742207107382976
-0.632922428041352,-0.6041106879397098,0.028811740101642225
-0.8793587540006007,-0.8671683064168783,0.012190447583722452
-0.8680292019227857,-0.8518478795874361,0.016181322335349524
-0.9450885982333515,-0.919424511378469,0.025664086854882417
-0.6223323199137026,-0.6212456723283364,0.0010866475853662516
0.6329121764633338,0.6125147934021483,0.020397383061185437
-0.6935977139354143,-0.6821580140631838,0.01143969987223048
0.40279044592134333,0.4033191971464588,0.0005287512251154758
0.8452497412466932,0.815337788967055,0.029911952279638165
-0.9622750999297891,-0.9293606439892164,0.03291445594057274
-0.6293812187816626,-0.6078780193801591,0.02150319940150358
0.6585029441077404,0.6468581187687282,0.011644825339012121
-0.3935310240204932,-0.36938140645732237,0.024149617563170855
-0.9603216063503996,-0.93658586132607,0.023735745024329624
0.43575387060236764,0.42901572710413916,0.006738143498228488
-0.4641793878078033,-0.4650841818897664,0.0009047940819630895
0.5636075518175317,0.5566967079890249,0.0069108438285068186
-0.4208853666057859,-0.41834888719206437,0.0025364794137215374
-0.762075045097046,-0.7390289595405058,0.023046085556540197
-0.7474805120556514,-0.7389988581211303,0.00848165393452105
0.5963115939921468,0.5702923629174456,0.026019231074701277
0.5061491862146804,0.5029239066926562,0.003225279522024227
-0.7140949170114003,-0.6919030387946218,0.022191878216778482
0.5926284721634564,0.5657355481316519,0.026892924031804433
0.8681687797448718,0.8502424113235494,0.017926368421322447
-0.7044199953030318,-0.693272612256888,0.011147383046143822
-0.5731638774687403,-0.5643197535736755,0.008844123895064837
0.13773813344093444,0.14189711936570057,0.004158985924766129
0.7945009487019771,0.7852206764041163,0.00928027229786077
0.8056222775410892,0.7775390721408715,0.028083205400217692
-0.5930899503862145,-0.5714127483911722,0.021677201995042306
0.5911901492657118,0.5891021435552145,0.002088005710497276
0.8981930026396305,0.870042749504403,0.028150253135227565
0.8236170662998727,0.8080279368416028,0.015589129458269957
0.4425197614583019,0.4243832409224233,0.01813652053587861
0.4596898315788066,0.4576740527652914,0.0020157788135152233
-0.7033346944487742,-0.6923690455662989,0.01096564888247531
0.8590472572062857,0.8480692204060564,0.010978036800229352
0.7233408696513639,0.6772913073687807,0.04604956228258317
0.39256179945561126,0.3953365854826721,0.002774786027060827
0.36730501900074114,0.3653054709420948,0.0019995480586463277
0.12294498829056823,0.13488069835979868,0.011935710069230457
0.9499054374985416,0.9245723164807338,0.025333121017807825
0.9610453056355298,0.9336389908675421,0.027406314767987716
-0.05483468413478836,-0.0580171874768286,0.0031825033420402396
0.9688453030185065,0.945010326050117,0.023834976968389432
0.9478632393936017,0.9269276225637776,0.020935616829824144
0.20669831667342642,0.1888572100002304,0.017841106673196022
-0.4475150033764551,-0.4278152251218196,0.019699778254635536
0.7672224392383261,0.7479908053575449,0.019231633880781196
0.5102357700662223,0.5045947658769288,0.005641004189293586
-0.771894408212492,-0.7569560556146296,0.014938352597862359
0.3321440352567213,0.32456278742238326,0.007581247834338056
0.7329999669196052,0.7186703969785401,0.014329569941065157
-0.8874423631033219,-0.868282121029379,0.019160242073942957
0.09901560480810659,0.08287306920531605,0.01614253560279054
-0.46237785105985285,-0.46412043366481176,0.0017425826049589088
0.057179311847731534,0.047366173610831175,0.00981313823690036
-0.1849743028039238,-0.17194580430827372,0.013028498495650076
-0.5289929683091675,-0.5082209940105524,0.020771974298615103
0.5017636474297154,0.4768902368578219,0.02487341057189346
-0.9069370996001462,-0.8949709415835374,0.01196615801660883
-0.008873007137232871,-0.017622593088682973,0.008749585951450102
0.7926359213312018,0.7771831176050471,0.015452803726154651
-0.9552641503183107,-0.932337639899709,0.02292651041860172
0.807935211228875,0.7835329632647117,0.02440224796416335
0.9671852213369714,0.9384767000737796,0.02870852126319179
-0.9627301418615286,-0.9325944725908322,0.03013566927069644
-0.969076996914318,-0.9446313329502708,0.024445663964047237
0.05841403641169071,0.04322506237615255,0.015188974035538164
-0.9625130304340338,-0.9375052536039997,0.02500777683003408
-0.6636628152318519,-0.6411547340426436,0.02250808118920833
-0.8331029656312982,-0.8199223129946882,0.013180652636609946
0.5644163426493706,0.5560247086016027,0.008391634047767882
-0.9388935190676129,-0.9177164557740987,0.02117706329351421
-0.5262286820031672,-0.5246614685694243,0.0015672134337428867
0.510771230505996,0.5112855076562212,0.0005142771502251176
0.07892174612832865,0.06391668480861891,0.015005061319709745
-0.666978933587859,-0.6613444328140468,0.005634500773812223
0.002931721659965417,0.010779522774352302,0.007847801114386885
-0.15847467931375575,-0.16924364922480598,0.010768969911050225
-0.14121631782275468,-0.1286248710999752,0.012591446722779481
0.8594659511600298,0.8410416635204866,0.01842428763954318
-0.5486274160327784,-0.543086073442632,0.005541342590146381
0.5554418901827334,0.5292848834702779,0.026157006712455466
-0.8773386031513226,-0.8709413709401501,0.006397232211172499
-0.139766129738849,-0.12269099573460644,0.017075134004242556
-0.9224541203528303,-0.8918888366902933,0.03056528366253697
0.9647655165797477,0.9429175049174435,0.021848011662304212
0.4821810022357237,0.45889704090765193,0.023283961328071756
-0.06595474610741799,-0.049858060306157324,0.01609668580126066
-0.8332318557819899,-0.8067812785920172,0.02645057718997268
0.18976612132206283,0.19969200041984908,0.00992587909778625
-0.25093341997216223,-0.2345341841745007,0.016399235797661532
0.26462060325377845,0.2683042437423539,0.003683640488575446
0.32098439006612633,0.301770378809445,0.019214011256681318
0.08218772642178447,0.07141017578239747,0.010777550639386999
0.2709310182193965,0.2755506815094266,0.004619663290030052
-0.9661729610617116,-0.9527206095962115,0.013452351465500056
-0.8437984642172411,-0.8183603328117016,0.02543813140553952
-0.9544652433932529,-0.9283291098713086,0.026136133521944327
0.298856335944044,0.3018688796067641,0.003012543662720135
-0.5404940660287326,-0.5349312576153783,0.005562808413354325
-0.14129505465506542,-0.14422899770967004,0.002933943054604621
0.8610861377569249,0.8457777628370341,0.015308374919890788
-0.09858005145349691,-0.08492357819749996,0.013656473255996948
0.6690027144927085,0.6515205364449922,0.017482178047716346
-0.8597878409828541,-0.839988530028151,0.01979931095470311
0.8476927493290498,0.8304839280481426,0.01720882128090717
0.788971290832259,0.770872969545803,0.018098321286456054
-0.6512512599643604,-0.6282944458174174,0.02295681414694295
0.4158729038511627,0.3979648359706777,0.01790806788048499
0.9203839396100094,0.9021499545810762,0.018233985028933253
0.8863170491348563,0.8623079009868231,0.024009148148033232
-0.8769560147225511,-0.8593252124251941,0.01763080229735703
-0.5772326958510611,-0.5544506784960932,0.022782017354967876
0.9404529796482921,0.9133723550413122,0.02708062460697991
-0.9648208483523274,-0.932114371146264,0.032706477206063345
0.3603885551942355,0.36172792049074126,0.0013393652965057457
-0.949385077621427,-0.9188876908251196,0.030497386796307424
0.2966957081754687,0.3010030056734099,0.004307297497941176
-0.4049875781166047,-0.39302401333375697,0.011963564782847713
0.9357023461276868,0.9162033874941969,0.019498958633489827
-0.7634552632331503,-0.7602473123535939,0.003207950879556387
0.9637919165017014,0.9381245760548764,0.02566734044682495
-0.522011368059317,-0.5154460301260183,0.0065653379332987205
-0.951676146318475,-0.9387843628144579,0.012891783504017096
0.5289260736407277,0.5253051775014839,0.0036208961392438788
0.5143339539976065,0.49527245171284556,0.019061502284760945
-0.9469554857368438,-0.9284882262626302,0.018467259474213682
-0.8013083381019551,-0.7949686440921344,0.006339694009820707
-0.5906053921683072,-0.5838283973091628,0.006776994859144403
-0.7016676492791148,-0.6759066489590921,0.02576100032002271
0.28988213524018364,0.27192131404704534,0.0179608211931383
-0.9669394626381888,-0.9442272591317432,0.02271220350644554
0.6208524013430022,0.6139761548525474,0.006876246490454818
-0.342805953663926,-0.33317666997198403,0.009629283691941992
0.42339347744439426,0.4191376949076584,0.004255782536735864
0.558404663000258,0.5562212769553752,0.0021833860448828846
-0.319155263858377,-0.30287777708455693,0.01627748677382007
0.5872726238308252,0.5619635654722933,0.025309058358531922
-0.9146759256724408,-0.8943004337347858,0.020375491937654977
-0.7952921791304253,-0.781497551312354,0.013794627818071281
-0.37031696653457474,-0.36786766187391073,0.002449304660664009
0.4839636107856328,0.45968641395153365,0.02427719683409918
-0.6647870851773707,-0.6413630774665163,0.0234240077108544
-0.5126165722516847,-0.5007128033703312,0.011903768881353471
0.4210637935996486,0.42423897734850546,0.0031751837488568913
-0.3712314752707598,-0.359860111313967,0.01137136395679278
0.905694435780116,0.8762672884447193,0.029427147335396642
0.96880801466044,0.9442305297973608,0.024577484863079202
-0.09410638047740706,-0.0809374575478482,0.01316892292955886
-0.8579599919867181,-0.8393227674139343,0.018637224572783828
0.9515475717093804,0.9297179892256975,0.02182958248368294
-0.7785588205960209,-0.7614304605065852,0.017128360089435635
0.9039361126927237,0.8892326199595855,0.014703492733138201
0.5300707074421106,0.5289207986517247,0.0011499087903859007
0.7979620638645043,0.7684750174197156,0.029487046444788723
0.6236295870832402,0.5960833835527224,0.027546203530517843
0.20427278825274578,0.1938675811079915,0.010405207144754292
-0.6899677021959633,-0.6786963209117398,0.011271381284223447
0.574977046752652,0.5718224533631128,0.003154593389539273
0.557804871680334,0.5530362727307853,0.00476859894954873
0.19281758932481893,0.17758132812597088,0.01523626119884805
0.34945459640515836,0.34817315887886524,0.0012814375262931166
0.04220752481174059,0.02697074446810008,0.015236780343640507
0.9281981085257214,0.9021518770976972,0.026046231428024202
0.892538937082907,0.8780311209806885,0.014507816102218518
0.9353038855674889,0.901282990807536,0.03402089475995285
-0.9300697641904718,-0.9153801351994791,0.014689628990992687
-0.7758017920901948,-0.7627598521502291,0.013041939939965719
-0.6433244626547988,-0.6335533786226261,0.00977108403217275
0.695386064666352,0.6677954410732697,0.027590623593082286
0.7388993408293401,0.7309573352558998,0.00794200557344027
0.09757599600935664,0.11015380109431303,0.012577805084956387
0.6812970726301528,0.6670684563595348,0.014228616270618
-0.9157467735501956,-0.897226432197527,0.018520341352668668
0.7494383347038405,0.7399282610740827,0.009510073629757754
0.0031812340276695683,-0.010477285249065878,0.013658519276735446
-0.5517358622479509,-0.5471593228830426,0.004576539364908316
-0.22688239628046988,-0.22790695089075605,0.0010245546102861658
0.5013342368245685,0.49874121712205643,0.0025930197025120227
0.38024978582486996,0.377602315418413,0.0026474704064569643
0.7287624568248505,0.7027444954468596,0.02601796137799095
0.9615733252539727,0.9404639044620051,0.021109420791967537
0.5106539975935273,0.5104865851946389,0.0001674123988884002
0.6426217024040629,0.6210268323324305,0.02159487007163241
0.7214361155726642,0.6919755379110075,0.02946057766165666
0.9542838942488766,0.9327631216559433,0.02152077259293328
-0.45194425536403565,-0.4373351837020325,0.014609071662003148
0.9389769737201346,0.910166337163661,0.028810636556473534
0.856785340081898,0.8442176864715345,0.012567653610363494
-0.7634140607331347,-0.7512588808762997,0.012155179856835008
0.9420162046560404,0.9209361693219228,0.02108003533411762
-0.940479412294718,-0.9063945543430664,0.034084857951651615
-0.9640436031425879,-0.9390428304257943,0.025000772716793573
-0.5822990907530247,-0.559783299602616,0.022515791150408693
-0.9469937787274396,-0.9246359662670628,0.022357812460376825
-0.22029313253333482,-0.2063279761224553,0.013965156410879531
0.5100091963080475,0.49318458936588294,0.01682460694216459
0.32710875505665854,0.3299427963066676,0.0028340412500090784
0.03032844726696351,0.022985688537634753,0.007342758729328755
-0.5474018652317091,-0.5425206755080403,0.0048811897236687996
-0.9676282657877314,-0.9449885115399355,0.022639754247795962
-0.4190091120685666,-0.3956056878915861,0.023403424176980492
-0.877646755172489,-0.851775607537659,0.025871147634830005
0.40075005114616374,0.4048777841810478,0.004127733034884062
0.6011140132510405,0.5951995636306315,0.00591444962040899
0.9584281605876724,0.9435867795678576,0.014841381019814803
0.9619308928729312,0.9400571452165969,0.02187374765633432
0.7154589863746076,0.715775781316482,0.0003167949418744209
-0.6899475395439718,-0.6675344124614422,0.022413127082529627
0.27533595607866324,0.254657839668538,0.020678116410125236
-0.716196871842501,-0.6920448966599212,0.024151975182579832
0.7619561735979935,0.7291883250037211,0.0327678485942724
0.8670035428684216,0.8491919609470296,0.017811581921391983
-0.9606490422543463,-0.9305813261333613,0.030067716120985022
-0.1816874255692769,-0.1856406728782788,0.0039532473090019005
-0.9217983322529404,-0.898010390518233,0.02378794173470744
0.8508407261966265,0.840220871114962,0.01061985508166452
0.7578394837407354,0.7328247733617554,0.025014710378979954
-0.5250320039486154,-0.5237304517101886,0.001301552238426762
-0.4616916980628957,-0.46532250793682384,0.0036308098739281647
-0.854209348667333,-0.8343032938527762,0.01990605481455676
-0.01776192607172925,-0.006466126005260784,0.011295800066468464
0.9265404575282647,0.9103609617588995,0.016179495769365282
0.9687789059626514,0.942716654806094,0.02606225115655736
-0.07693476670113196,-0.07788033070435968,0.0009455640032277196
0.23670898172510246,0.2189213750964031,0.017787606628699354
-0.5707561836695112,-0.56308583531144,0.007670348358071233
-0.18779373200274702,-0.19643402299056836,0.008640290987821347
-0.34604921877523226,-0.33847192739467974,0.00757729138055252
0.11104082778664615,0.08866487817988994,0.022375949606756207
-0.2840499297198871,-0.26646276795677776,0.017587161763109316
0.5887861835294096,0.5580887736401264,0.030697409889283156
0.9649897519322301,0.9429035750116992,0.022086176920530942
-0.8442035678327832,-0.8171673543584844,0.027036213474298743
-0.9685264414253059,-0.9521652394170372,0.016361202008268627
-0.7400829551945377,-0.7094384296442366,0.03064452555030106
-0.9520005900802498,-0.923277704130282,0.028722885949967858
0.10309407177815487,0.0892862068009356,0.013807864977219267
-0.6649657597443148,-0.6541456249072101,0.010820134837104756
0.927312634416715,0.8970887640587436,0.03022387035797136
0.8488597846695377,0.8236840829097202,0.025175701759817537
-0.9646014021408984,-0.9446537003706018,0.01994770177029659
-0.9613458628138271,-0.9314379270861213,0.02990793572770578
0.18467382277730904,0.16749979786042216,0.017174024916886882
0.8781804413692146,0.8609159270169672,0.017264514352247406
0.9511796819196762,0.9248999831549582,0.026279698764717918
-0.030955407534450065,-0.01412991886045677,0.016825488673993295
0.6062246789149729,0.5964568784968001,0.009767800418172823
0.24574651278319276,0.23016656960577547,0.015579943177417288
0.0018670037104080387,-0.009762638777325899,0.011629642487733937
0.6587486306581986,0.6326464706248054,0.026102160033393162
-0.7739174386719497,-0.7424735756351841,0.03144386303676561
-0.1055751223737343,-0.0946148058866087,0.010960316487125601
-0.6664307134205975,-0.6447926170716696,0.021638096348927882
-0.34114507200111727,-0.3169080971601786,0.024236974840938674
-0.9673095812584941,-0.9451305113156063,0.022179069942887764
-0.9153147178619172,-0.8974763326241241,0.01783838523779313
-0.9290684676205676,-0.912083347742576,0.01698511987799156
0.7301610589876512,0.7031348814219759,0.02702617756567527
0.024842017799965817,0.016714851298536042,0.008127166501429774
-0.8690456985689645,-0.8481365459429315,0.02090915262603299
0.967687901846756,0.9426025404328494,0.025085361413906604
-0.18945340508852956,-0.16945688905623657,0.019996516032292994
-0.42794168900909796,-0.4153244078314499,0.012617281177648043
0.6151203733874542,0.6005772825038591,0.014543090883595067
-0.8432052431106865,-0.8244415081729588,0.01876373493772765
0.8214768736034667,0.8037165023161108,0.01776037128735586
-0.5585185520929162,-0.5530100868229928,0.005508465269923435
0.8863136888473956,0.8765065651152986,0.009807123732097023
-0.9057855370743423,-0.8838112872145921,0.02197424985975016
0.18260721664321658,0.19472733117089738,0.012120114527680803
0.5266624676050365,0.5239032762496842,0.0027591913553522973
0.8547688693521688,0.8356747655873494,0.019094103764819348
0.0784871717487173,0.08761744539390413,0.009130273645186829
0.7413185641547034,0.7078737623126914,0.03344480184201204
-0.31355024592759423,-0.31367756597322755,0.00012732004563331678
-0.2055861799336036,-0.18609608558545265,0.019490094348150938
-0.3097730331872648,-0.3042997087953072,0.005473324391957579
0.6585947076210735,0.631070072123824,0.027524635497249483
-0.386312629649109,-0.3872646266551036,0.0009519970059945759
0.2877654294532395,0.27305557768788435,0.014709851765355164
-0.732465935683294,-0.7196941788560086,0.012771756827285374
-0.9439909131798694,-0.9187216763384073,0.025269236841462095
0.3761115102546666,0.3545314843876169,0.021580025867049712
-0.5632641559401865,-0.5602181867324033,0.0030459692077832168
-0.025231609602005028,-0.03216638942139442,0.006934779819389395
-0.365477727093926,-0.34180016799636737,0.023677559097558643
-0.5487119314332627,-0.5441044687885259,0.004607462644736771
-0.9682536025915326,-0.9395880049478982,0.02866559764363441
0.8815584993850437,0.8519816372183888,0.029576862166654894
-0.20013713577283226,-0.20547396817536884,0.005336832402536573
0.7501441917432486,0.7370759842737341,0.013068207469514537
0.40276360975855496,0.40851971475637167,0.005756104997816702
-0.8743076446545976,-0.8563597669238215,0.017947877730776107
0.941251179264666,0.9265885159209734,0.014662663343692595
-0.46794912805428934,-0.4658724184681227,0.002076709586166625
0.6052289522434132,0.5670907068124407,0.03813824543097255
0.9456440799212422,0.9271670504905163,0.018477029430725933
-0.21777442706561648,-0.22022435898401066,0.0024499319183941826
-0.4674001516279192,-0.4434279129674176,0.023972238660501577
0.5862401117745659,0.5828355092487629,0.003404602525802991
-0.05715228110481587,-0.05447975906922765,0.0026725220355882234
-0.798068965426336,-0.7718292411136196,0.026239724312716373
-0.5814079873090285,-0.5531455490225562,0.028262438286472347
0.7709266295365482,0.7593673755603444,0.011559253976203832
-0.4377132054293229,-0.4127538868683458,0.024959318560977106
-0.26595385754309003,-0.2711884236434836,0.005234566100393578
-0.9596639773450512,-0.9358029201393975,0.02386105720565368
-0.8681062348461949,-0.8527006311236416,0.015405603722553285
-0.8565294979316576,-0.8363265338662565,0.020202964065401008
-0.8909261242296884,-0.869870171170774,0.02105595305891439
0.6004095451628805,0.5991507766856154,0.0012587684772650265
-0.5443299843872388,-0.5190583383144469,0.025271646072791865
0.13954870539488204,0.12064577068001076,0.018902934714871283
-0.6525901003799252,-0.6463902680855121,0.00619983229441301
-0.7553366355226075,-0.7497279030810869,0.005608732441520603
0.6545134272799813,0.647322751110288,0.007190676169693266
-0.6722258947839709,-0.6499961625328358,0.022229732251135115
-0.6014888360548998,-0.5942090522950633,0.007279783759836511
-0.19590111035302132,-0.20266647482852426,0.0067653644755029385
0.45547976452945976,0.4534604118144263,0.002019352715033451
-0.8177016533010607,-0.7988146508388766,0.01888700246218411
-0.9681806320655566,-0.9369918285153696,0.03118880355018705
0.956673291216916,0.9322244183758865,0.02444887284102948
0.9500836881387464,0.9329212781105528,0.01716241002819363
0.4821299764907228,0.45757837526037565,0.024551601230347164
0.9120831305897571,0.888905852273388,0.023177278316369065
-0.6445730864898545,-0.6216378211185903,0.022935265371264113
-0.957984042484013,-0.9423653609369993,0.015618681547013735
-0.3818204301535631,-0.385123675321417,0.0033032451678539076
-0.43827649080284475,-0.4134177828015781,0.02485870800126666
0.720792556600725,0.7098562280846736,0.010936328516051419
-0.8419219803661144,-0.8259757688669382,0.01594621149917619
-0.9668766511525686,-0.9359389420314571,0.03093770912111149
-0.9645926145536002,-0.949817594219921,0.014775020333679278
-0.9113551615100862,-0.8905162342328183,0.020838927277267882
0.8247212917596463,0.8058096176630646,0.018911674096581677
-0.060102231352191074,-0.05185746523088246,0.008244766121308617
-0.9028989680344202,-0.8869650509592766,0.015933917075143578
-0.16578245107119471,-0.1472726561252835,0.018509794945911207
-0.1725410787478264,-0.15741039143216215,0.015130687315664249
0.3817098349300773,0.3851897576256692,0.003479922695591886
-0.12517434803593094,-0.13286797490736577,0.007693626871434822
-0.9199909281820191,-0.8905926402916395,0.02939828789037957
-0.864390659058868,-0.8486472699005836,0.015743389158284438
0.8063509515097356,0.7838542487502042,0.022496702759531417
0.5258473239578499,0.5216554863387771,0.004191837619072825
0.02960677865931491,0.012426167597187426,0.017180611062127482
0.17670252654604413,0.17606014634616943,0.0006423801998746981
0.07070478001059301,0.06304160355364585,0.0076631764569471544
-0.4047770119073577,-0.38469393349543746,0.020083078411920252
-0.7206925112571445,-0.707947443486089,0.012745067771055552
-0.818172437510884,-0.7926288680856041,0.02554356942527991
-0.8180197283760102,-0.7939776719302809,0.02404205644572932
-0.49840614315861215,-0.4861121308528643,0.012294012305747837
0.18449026125912,0.18751573383928033,0.0030254725801603377
-0.938112975745547,-0.909257349279537,0.02885562646600992
-0.6592500276339993,-0.6475739747405895,0.011676052893409783
0.6302303838581653,0.6079448087730402,0.022285575085125076
-0.640698198404048,-0.6205836702121141,0.020114528191933823
0.7319738258745853,0.7222887143347487,0.009685111539836533
0.3521539804361078,0.3562852984279863,0.0041313179918784915
0.6505009360516404,0.6429806953156822,0.007520240735958139
-0.9221892641389916,-0.895509528025786,0.02667973611320562
-0.2641572606759203,-0.24834520681858885,0.015812053857331476
-0.7912796532701531,-0.7750267261454559,0.01625292712469728
0.8955885760345959,0.8788315148205756,0.016757061214020208
-0.7346063670863349,-0.7225724233610241,0.012033943725310747
0.7325259789771408,0.7285857447302299,0.003940234246910923
-0.7758850914818002,-0.7546143549902269,0.021270736491573294
-0.6473011938079887,-0.6411477125643475,0.0061534812436411235
-0.047046146652455566,-0.05273065818902433,0.005684511536568765
-0.7335912684662863,-0.7051081353198394,0.028483133146446904
0.7714455088223541,0.7410540126604338,0.030391496161920273
0.6421186714851328,0.640290403615597,0.0018282678695358268
-0.7198688629335374,-0.7074139879942364,0.012454874939300975
-0.5866795862649633,-0.5792214923195383,0.0074580939454249595
0.5081086411306696,0.5047431106815105,0.0033655304491591043
0.16435073679901285,0.1501326615232582,0.014218075275754666
0.1622815063572085,0.17371260653802637,0.01143110018081786
-0.656910437357562,-0.627958234744375,0.028952202613187095
-0.09153195613989393,-0.10407100185480733,0.012539045714913405
-0.6723159660972212,-0.6638110049108995,0.008504961186321713
-0.8202605783186252,-0.7888991790074925,0.03136139931113269
-0.3293860029390671,-0.30603887601158736,0.023347126927479755
0.40168773705959376,0.40216094845869577,0.0004732113991020026
0.4889795533345609,0.4894377310960502,0.0004581777614893201
0.7800282214194166,0.751754420961829,0.02827380045758765
-0.9173550215736537,-0.8994176326461601,0.017937388927493525
0.5067541975285645,0.4857105530153078,0.021043644513256743
-0.5914439790729935,-0.5639009802244317,0.027542998848561817
0.6467232080334508,0.6214573890366389,0.025265818996811906
0.9310459539828755,0.9080368793659522,0.023009074616923253
0.694058685785068,0.6845432529904868,0.009515432794581224
0.4607310217012868,0.4560130591284216,0.00471796257286522
-0.11014873022929483,-0.10991248014648579,0.0002362500828090447
-0.5217597865706971,-0.5068623692866179,0.014897417284079228
-0.5933715577146476,-0.5831816618916894,0.01018989582295815
-0.8137910030715719,-0.8023603363609656,0.01143066671060633
-0.2702455146667014,-0.2714414447033006,0.0011959300365992354
0.7553666569960972,0.7461051219419529,0.009261535054144288
0.3647455187072403,0.37177646149105975,0.007030942783819438
-0.26753468990210383,-0.25027146314599513,0.017263226756108696
0.616308169251613,0.589234323354591,0.027073845897021998
-0.40649614213986873,-0.3887343751392364,0.01776176700063231
0.34579498459841146,0.35180793638387453,0.006012951785463072
0.8616436930579446,0.8464097581782115,0.015233934879733124
-0.3189705552250743,-0.29661708090313926,0.02235347432193502
-0.7524133090067612,-0.744408599413814,0.00800470959294719
-0.959947098073445,-0.9314365986991213,0.028510499374323706
-0.9154272527015609,-0.892119711032645,0.02330754166891591
-0.915259076747144,-0.889484520051969,0.025774556695175033
0.007909124272101723,0.016526710233851383,0.00861758596174966
-0.9138197909281875,-0.8822699709700005,0.031549819958187064
-0.9553176322044499,-0.9235987590847676,0.031718873119682245
0.3746471996518164,0.36712352977174434,0.007523669880072081
-0.5021329285243742,-0.4855713165399977,0.0165616119843765
-0.6549214239644441,-0.647754524805858,0.0071668991585860375
-0.8408787751156893,-0.8142165599495644,0.02666221516612488
0.5553943875246932,0.5301666284019415,0.02522775912275166
-0.8764858353698104,-0.852308156231354,0.024177679138456365
0.002274960074616429,0.013456582806116883,0.011181622731500454
-0.6494614437075694,-0.6205789747859223,0.028882468921647142
-0.9663219754313633,-0.9418924190240662,0.02442955640729716
-0.040941277342183356,-0.02567745630307823,0.015263821039105126
0.9624598797329287,0.9425947252721907,0.019865154460738
0.3258995622355595,0.3046297864890153,0.021269775746544206
-0.9677077848405838,-0.9443378230280067,0.02336996181257711
0.6674853468286204,0.6623743070964395,0.005111039732180855
0.831911504207264,0.7934324457399432,0.038479058467320804
-0.9695123704499636,-0.9537888016840308,0.015723568765932838
-0.6372909832098819,-0.6323685893950004,0.004922393814881465
0.30393988687536166,0.2865624943989467,0.017377392476414955
0.6926515180818351,0.6837004576876453,0.008951060394189803
0.9635085671147802,0.9374649552674599,0.02604361184732029
-0.043006017633231426,-0.05071445292082673,0.007708435287595301
-0.8554134144519301,-0.8362903728205984,0.019123041631331716
0.40771715251754176,0.3909706886492943,0.016746463868247463
0.8583545848025107,0.8408139578579477,0.017540626944563042
-0.6342311249079439,-0.6297400743600585,0.004491050547885345
-0.9684633996600708,-0.946236093144856,0.022227306515214762
0.6379018949219281,0.628877475637544,0.009024419284384022
0.1376426066241257,0.14176851767178097,0.0041259110476552785
-0.86880706222326,-0.854063510444679,0.014743551778580999
-0.9680170816774377,-0.9386389279191092,0.02937815375832853
0.804948437137086,0.7947185348445834,0.010229902292502535
0.9581116042549714,0.9371648161879805,0.020946788066990907
-0.6838205561014952,-0.671266142634485,0.01255441346701014
-0.9111179567003086,-0.8863433205216297,0.02477463617867892
0.17520524669608392,0.19067804941582076,0.015472802719736833
0.5438200297442518,0.5411746878887651,0.0026453418554867048
-0.720705486033908,-0.7118805589620203,0.008824927071887756
0.34106810428130274,0.3433936960835366,0.0023255918022338506
0.5332134742801825,0.514742939457083,0.01847053482309946
-0.9401297783829128,-0.9151529396611447,0.024976838721768035
-0.09573876552636341,-0.10057995635816118,0.004841190831797765
0.2557880090912567,0.24658978413988167,0.00919822495137504
0.3515201679581891,0.35088894794135456,0.0006312200168345217
-0.9558016187555609,-0.9306465811340507,0.025155037621510168
-0.9230658151286758,-0.9019442885812494,0.021121526547426384
0.34161215211035295,0.3378586072994094,0.003753544810943532
0.22476282757287158,0.21076158764335007,0.014001239929521514
0.9660064771904207,0.9317999519922315,0.03420652519818912
0.1421922201688158,0.15371296923995922,0.011520749071143421
0.8384795045551863,0.8028410831310053,0.035638421424180944
0.6788024099204052,0.6544842807592783,0.024318129161126856
-0.8940031228529836,-0.8764641532140317,0.01753896963895185
0.7904366796435087,0.7620468158946963,0.02838986374881247
0.18489372279720803,0.19242318923122137,0.007529466434013338
-0.2260674035728803,-0.21153918105948893,0.014528222513391365
-0.5752177767498631,-0.5522358237562283,0.022981952993634813
-0.697333952667797,-0.6778102861757315,0.019523666492065495
0.4909508193170108,0.48868138855258497,0.002269430764425817
0.03815803379591676,0.028275542711264545,0.009882491084652213
-0.4592445969585465,-0.4660606056389288,0.006816008680382291
0.6232795782514154,0.5995048186732357,0.02377475957817976
-0.09853059862698983,-0.08061310000944347,0.017917498617546365
0.43017449895396015,0.4254082286232017,0.0047662703307584375
-0.953012709164047,-0.9271093370423734,0.025903372121673596
-0.4133866827784659,-0.41224743127881835,0.0011392514996475533
0.2654797726945311,0.26285470818362106,0.0026250645109100468
0.27833292097301027,0.2574865370807682,0.020846383892242082
-0.7910266285049344,-0.7616369159644566,0.02938971254047784
0.9218125411009084,0.9030217617508327,0.01879077935007567
-0.5305688952581271,-0.5250669893127735,0.005501905945353602
0.5430282839986356,0.5187279197752714,0.024300364223364124
-0.34018075010394094,-0.33751778919498643,0.0026629609089545148
0.8480640443209203,0.8323615860415653,0.015702458279355014
-0.948665680648672,-0.9136353327851865,0.03503034786348547
0.09323307120942527,0.09026198607561782,0.0029710851338074495
-0.5447127192730841,-0.5415942897287431,0.0031184295443409393
-0.6905710406472266,-0.6727066431364422,0.01786439751078439
-0.5921444317602605,-0.565285734147694,0.02685869761256654
-0.45603162744186,-0.4542021870297562,0.001829440412103811
-0.08098131952058933,-0.06615644946396938,0.014824870056619949
0.7519241268218826,0.7267880101034072,0.025136116718475376
-0.14715275459828323,-0.1395182506800726,0.007634503918210633
-0.2877979012164722,-0.28749437959440194,0.00030352162207025746
-0.7967028785470458,-0.7807968238737207,0.015906054673325065
0.7716132036591355,0.7628331851789786,0.00878001848015697
0.9671616417664239,0.9415139107120655,0.02564773105435847
0.12367107096165451,0.1172382493575593,0.00643282160409521
0.01782800953345498,0.00880058902007155,0.00902742051338343
-0.7950844567839221,-0.769909557532019,0.025174899251903193
-0.9610285520016418,-0.937323378954821,0.02370517304682085
0.6539942659395658,0.6315240263610555,0.022470239578510243
-0.7333587819363521,-0.7215848897715331,0.011773892164818944
-0.968745311880856,-0.9495179424263176,0.0192273694545384
-0.9690307157745333,-0.9442521246672728,0.02477859110726044
-0.30301844136297285,-0.3106871542035281,0.0076687128405552585
-0.45541920795761986,-0.45176261082730396,0.0036565971303159084
-0.24818807464374884,-0.23498447821576643,0.013203596427982411
0.950777631202713,0.9246167864930911,0.026160844709621878
-0.5585845986273639,-0.5529464029524835,0.005638195674880331
0.9619679557594333,0.9399677383476068,0.02200021741182645
-0.8457484244669544,-0.8318668917256327,0.013881532741321756
0.5798392912413592,0.5562472395155765,0.023592051725782714
-0.2872044837351981,-0.292600181538784,0.005395697803585897
0.4538056293140764,0.43733091592464773,0.016474713389428686
0.9625012936095808,0.9340478426783598,0.02845345093122098
-0.9494817250975778,-0.9230115243021452,0.026470200795432608
-0.2208175481268348,-0.2059436183635836,0.014873929763251192
-0.8107338129049176,-0.7968379250742634,0.013895887830654208
-0.9236402526804722,-0.8928667144664428,0.030773538214029394
-0.731890447308069,-0.7178236995403388,0.014066747767730203
-0.7219659081636381,-0.6994929593440664,0.022472948819571736
0.01789095570841963,0.007270415317649723,0.010620540390769906
-0.9664003680286612,-0.942014678563946,0.0243856894647152
0.8778798187060388,0.8597689668243842,0.01811085188165462
-0.958180954848837,-0.9351402630490557,0.0230406917997813
0.6482227640657695,0.6369571545353787,0.011265609530390797
0.552863940178984,0.5481821597283465,0.004681780450637496
0.013064805109316631,0.020171780015436593,0.007106974906119962
0.5959457084151417,0.5679688580960458,0.027976850319095914
0.23611040057300992,0.23783391629818332,0.0017235157251734023
0.8216742314823395,0.8099304583325252,0.01174377314981434
0.6614310284070302,0.6567751321336593,0.004655896273370819
0.4812529775145808,0.48049020062185555,0.0007627768927252476
-0.8686477764185572,-0.8402058538381297,0.028441922580427437
0.49094030610933576,0.4881714846283514,0.0027688214809843403
0.839606549353552,0.813114893288086,0.026491656065465996
0.7145651637737296,0.692880500688719,0.021684663085010603
0.14842505849972423,0.14704961799822092,0.0013754405015033166
0.11331703743663891,0.11889534815490466,0.0055783107182657415
0.342373508676779,0.32214124562630253,0.020232263050476484
0.046372165827289286,0.0598154440487112,0.013443278221421912
0.4841498022386189,0.4746591198386372,0.009490682399981742
-0.9489435986664833,-0.9237944068310032,0.025149191835480034
0.9693315255077616,0.9428828069560389,0.026448718551722705
-0.9630248737895452,-0.9408057856992915,0.022219088090253636
-0.38389166730689966,-0.39402833267756626,0.010136665370666598
0.5643220180300419,0.5626376219656333,0.001684396064408622
0.44299619988183364,0.41953017868837955,0.02346602119345409
-0.762177470088438,-0.7473698116791092,0.014807658409328739
0.181835098133832,0.1650656288804641,0.01676946925336789
-0.45195298493910874,-0.4323927889689399,0.019560195970168837
0.4886517039144637,0.46411594963881875,0.024535754275644972
0.5668953112835116,0.5409619500663146,0.025933361217196915
0.8881324732644659,0.8690543162058133,0.019078157058652567
-0.6753276534711099,-0.6655804508022997,0.00974720266881024
-0.7160834146680579,-0.6919316745069664,0.02415174016109156
-0.6631431277826166,-0.6339295746432033,0.029213553139413317
0.6463716019147586,0.6410266271906127,0.005344974724145968
-0.16100083343312319,-0.14672796718341966,0.01427286624970353
0.5496652332790273,0.528960522417924,0.02070471086110326
-0.9192083345144352,-0.9014102352269036,0.01779809928753162
0.8991224068920931,0.8809123050666767,0.01821010182541638
-0.3124881350155194,-0.3168320044379001,0.004343869422380686
-0.7635043807300709,-0.7528951922291247,0.010609188500946165
0.23391204850297567,0.24313513474078458,0.009223086237808903
-0.9547809479254853,-0.9310378254105357,0.02374312251494959
0.3309634180362759,0.3336599530360061,0.0026965349997302157
0.22073194319759137,0.2029909822054546,0.01774096099213676
0.4072016709709981,0.38759024661930375,0.01961142435169433
0.8979007708675416,0.8776109483856712,0.02028982248187039
0.8130433590123587,0.8022934059786971,0.010749953033661552
-0.2009641673626958,-0.20342010060234547,0.0024559332396496825
-0.9432122933245423,-0.9243925531155026,0.018819740209039648
0.49075297953432356,0.48840862457089357,0.0023443549634299954
0.18071743396851822,0.16317009940120433,0.017547334567313888
0.47253641735898644,0.47295496836720896,0.000418551008222523
0.37676258120754963,0.3598238923415163,0.016938688866033336
-0.5799273531144747,-0.57029842848402,0.009628924630454727
-0.7587008090921107,-0.7397481184138169,0.01895269067829375
-0.58765231219548,-0.5656859547390579,0.02196635745642206
0.4369781032381902,0.4199719488828845,0.01700615435530567
0.8938084052547607,0.86871409576463,0.025094309490130695
-0.7046429369945711,-0.6990418269882661,0.005601110006305032
0.5416099905466304,0.5198005968433348,0.0218093937032956
-0.9119581600481641,-0.8799074544241007,0.032050705624063425
-0.9688932847369759,-0.9451587487039101,0.023734536033065745
0.20722493843265927,0.216691020009877,0.009466081577217733
-0.7713365610399043,-0.7695636781063963,0.0017728829335080798
-0.870428370024462,-0.8584778939992196,0.011950476025242462
-0.8445606096164262,-0.8307068010850767,0.013853808531349543
0.31671742173228173,0.3033445633587328,0.013372858373548957
-0.9551007548576249,-0.9251189498793763,0.02998180497824865
0.9668327775869158,0.9390512232736012,0.027781554313314527
0.0829197735528991,0.09518723683531535,0.01226746328241625
-0.19956254347558194,-0.20756084328854724,0.007998299812965293
0.8489524565329977,0.8237931681880221,0.025159288344975606
0.5857491757126226,0.5763799887190798,0.009369186993542833
0.2351155561518816,0.22032128937217577,0.014794266779705828
0.13781593268989215,0.1369014354638173,0.0009144972260748396
0.9665626908441527,0.9472764307122785,0.019286260131874178
-0.5478495227280076,-0.5202738776850664,0.027575645042941188
-0.1701633039519204,-0.17234196303321703,0.0021786590812966355
0.9462293722109846,0.9269580930322978,0.019271279178686762
0.4098269501324834,0.40970155467812985,0.0001253954543535274
-0.14987435406897054,-0.148284719356736,0.0015896347122345278
0.1621819635067797,0.1700194180080511,0.00783745450127138
0.5210363222658891,0.513435264655932,0.007601057609957107
0.04804442067666171,0.0381669084444048,0.009877512232256913
0.6882622021565483,0.6757681530546931,0.012494049101855254
0.40614455590067516,0.40537349977804393,0.0007710561226312307
0.7705999216570149,0.7439912696469773,0.026608652010037592
0.9278523723434935,0.8995326750237569,0.028319697319736603
0.5113590299536864,0.4869289831587039,0.024430046794982507
-0.2546162864140133,-0.23614057456351428,0.01847571185049901
0.6701189912595367,0.6629625366221562,0.0071564546373804605
-0.8059590543822048,-0.7934716352051925,0.012487419177012349
-0.965614359486871,-0.9482849183743691,0.017329441112501898
0.030651520710599758,0.044282662655137216,0.013631141944537458
-0.6842113707270625,-0.6563648718519077,0.02784649887515478
-0.9459759004841461,-0.91992882375244,0.026047076731706142
0.9580231700449162,0.930634795165319,0.02738837487959722
-0.8479345052945659,-0.8335394017329456,0.014395103561620326
-0.7757481667657835,-0.7531881207323167,0.02256004603346684
-0.6792423644307607,-0.656518109186704,0.022724255244056746
0.27018832074063975,0.2493145731706491,0.020873747569990664
-0.8355079782422705,-0.8037849689401134,0.0317230093021571
-0.6455538233283946,-0.6303420636022699,0.015211759726124763
0.1631113795254591,0.1683743230924909,0.0052629435670318025
-0.9511796801765084,-0.928348577667283,0.022831102509225487
-0.77259757647255,-0.746130425347053,0.026467151125497024
-0.7833913101763472,-0.7574474717428068,0.025943838433540423
-0.8944127371980157,-0.8752846086014551,0.019128128596560656
-0.1102448951255458,-0.09498051929345523,0.015264375832090574
-0.5585193409789299,-0.5354105937461685,0.02310874723276135
0.968599215870104,0.9471918398682502,0.02140737600185383
-0.5784909712092903,-0.562082610971395,0.01640836023789527
-0.2696017418910904,-0.2702108209304067,0.0006090790393163403
0.6476923818781043,0.6235962854258909,0.024096096452213445
0.8738288831659905,0.8593342571753938,0.014494625990596699
-0.2221340213075234,-0.2047410154556601,0.01739300585186332
0.5871342483950863,0.5776486120075378,0.009485636387548513
0.7197897453343036,0.7099212516792963,0.009868493655007304
0.41867143255163564,0.41419183236235646,0.004479600189279176
0.9107201109648663,0.881583650976534,0.029136459988332253
-0.9668065222251557,-0.9434445246755923,0.023361997549563474
0.14890436154891695,0.13248130429526878,0.016423057253648177
-0.6844199166525147,-0.6801809082089549,0.004239008443559733
-0.9593619213186975,-0.933757593649038,0.025604327669659477
-0.8652400970629833,-0.8517162809196317,0.01352381614335163
-0.9650984450435839,-0.9438649477498388,0.02123349729374513
-0.6392047546524503,-0.6298586213972417,0.00934613325520861
-0.7877512457175891,-0.7631733855687124,0.02457786014887675
-0.9475193690504023,-0.9227133326195116,0.024806036430890743
0.7037637857279672,0.6781944843197317,0.025569301408235434
-0.0056185797496727035,-0.01711084867692968,0.011492268927256976
-0.1400769571477548,-0.1362137046872729,0.003863252460481914
-0.6479289080710534,-0.6390768011297254,0.008852106941327986
0.7696812790928641,0.7597849472106387,0.009896331882225384
-0.3063936719798849,-0.2901415210315166,0.016252150948368294
-0.32803768588201837,-0.3334995508715946,0.005461864989576237
0.9447920004884727,0.916010049971819,0.028781950516653665
-0.9410730991279004,-0.9124282269180486,0.02864487220985179
0.9657116153522418,0.9376204596559577,0.028091155696284065
-0.47453572314677367,-0.4774137888432469,0.002878065696473253
-0.9322209838822504,-0.9218470562808153,0.010373927601435073
0.6810320376368807,0.6679298042162816,0.01310223342059913
-0.9675908295605222,-0.9447599245139082,0.022830905046614003
0.32789306023231096,0.33401040227881995,0.006117342046508989
-0.9257924181057541,-0.9080183952762471,0.01777402282950702
0.009315261806956795,0.021398611423521865,0.01208334961656507
-0.058240386610340485,-0.05737817938273564,0.0008622072276048415
-0.7870638675878984,-0.7711968496122272,0.015867017975671138
0.4435009540112561,0.42311297371278445,0.020387980298471664
-0.8723500033072726,-0.8483076145726569,0.024042388734615727
-0.13506850494975461,-0.14061561131654776,0.0055471063667931475
-0.8055955346521518,-0.7805038719302453,0.02509166272190655
-0.7651603733219047,-0.7653579805342272,0.00019760721232253697
0.3225719514090722,0.32440509371567067,0.0018331423065984787
-0.8193725761086249,-0.7980762790720183,0.021296297036606626
0.22549178858690463,0.22674000244449757,0.0012482138575929391
-0.06193060569415777,-0.05156904426674836,0.010361561427409412
0.27350705995483016,0.26741278290727327,0.006094277047556884
-0.5139432180502156,-0.4901037327291134,0.023839485321102194
-0.4625401663748731,-0.46067332808433326,0.0018668382905398517
-0.8188714250467618,-0.8072419267141093,0.011629498332652477
0.5965070431970598,0.5735998810417406,0.022907162155319183
0.0059012224595787815,-0.0006687798351191648,0.006570002294697947
0.8435664826432924,0.8248140076791614,0.018752474964131016
-0.2258572134739334,-0.20438172808239,0.021475485391543397
0.23768103631624785,0.2380293652535303,0.00034832893728245495
0.9429461968781242,0.9240931955574424,0.018853001320681795
0.19325544292153835,0.19558479086697872,0.0023293479454403743
-0.9339300406730331,-0.9073288827031923,0.02660115796984075
-0.08258936837226268,-0.062140240059298704,0.02044912831296397
0.13543565134221563,0.14544740208667217,0.010011750744456538
-0.4319537628763287,-0.4249322268449132,0.007021536031415476
0.39082593139355193,0.37884327824941355,0.011982653144138378
0.3540232635030266,0.35672665595176567,0.0027033924487390726
0.2975366627587588,0.2770345421920226,0.02050212056673617
0.22967764513575004,0.2262371285782604,0.0034405165574896424
0.05604696224559022,0.06665475814257626,0.010607795896986044
-0.1675022483052428,-0.16399139410852936,0.003510854196713431
0.9336050275412084,0.9190896180697461,0.014515409471462348
-0.9604900033120365,-0.9378608475668246,0.02262915574521185
0.953975915251435,0.9127521133019769,0.04122380194945807
0.7193042825292072,0.6901076806069248,0.02919660192228235
0.5294335506239315,0.5030982841686215,0.026335266455310036
-0.26443916932376244,-0.2672966130120532,0.0028574436882907728
0.5145474311218912,0.5144936529671238,5.377815476736991e-05
0.9270432903515785,0.8987618147424261,0.028281475609152396
-0.6618872239403668,-0.6423318602361282,0.019555363704238604
0.630065151294693,0.6294539917325849,0.0006111595621081101
0.41078024586281053,0.38772717063388085,0.023053075228929687
0.7610233309192539,0.752059655770056,0.008963675149197936
-0.19450349354057725,-0.203615314360405,0.009111820819827754
-0.038609712310571566,-0.02854762060620017,0.010062091704371397
-0.9431024370608642,-0.918576714113806,0.024525722947058126
0.5035575859414231,0.4965394964733235,0.007018089468099564
-0.5012358275390034,-0.49164985299614306,0.009585974542860365
0.9362167317801572,0.9089543163210965,0.027262415459060718
-0.2494113525780285,-0.23425108948943785,0.015160263088590642
-0.9520313852949017,-0.9291755919034362,0.022855793391465484
0.7685026478738202,0.7408697659429935,0.02763288193082669
-0.8859414856295214,-0.8651528796858754,0.020788605943645955
0.9630450134845192,0.9286078144156268,0.03443719906889242
-0.9203067345755332,-0.9057189174989632,0.014587817076570087
0.605836314687149,0.5840252506961174,0.02181106399103161
0.8969804602198317,0.8798309575954013,0.01714950262443038
0.7013373464037661,0.6774585360462664,0.023878810357499725
-0.7293919579257448,-0.7196138179224831,0.009778140003261715
-0.9096683489842178,-0.8850075815185382,0.02466076746567958
-0.2166263334994176,-0.2101204041574136,0.006505929342004002
0.01381067413183138,0.02721923414560414,0.013408560013772762
-0.4774911392722032,-0.4519407585427571,0.0255503807294461
-0.0003907577786021114,-0.009938425890302211,0.0095476681117001
-0.0022618154744950244,-0.017425947298975907,0.015164131824480884
0.29977838801485884,0.30349548334565507,0.0037170953307962273
-0.08980646484522643,-0.09826356476180624,0.008457099916579808
-0.0724091070951631,-0.07837690938600302,0.005967802290839916
-0.32870274179721237,-0.328947578745534,0.00024483694832161396
-0.03360559885528907,-0.017980355504653163,0.015625243350635906
0.8999108342379603,0.8683578150304552,0.031553019207505084
0.40632129487691004,0.39272132287798056,0.013599971998929483
0.15944826710879725,0.16806448397798857,0.008616216869191312
-0.5382844900006667,-0.5110366526229954,0.027247837377671336
0.8658891711680627,0.8512267268931846,0.014662444274878172
-0.40844026367669267,-0.3850448221688503,0.023395441507842396
-0.15791162404968487,-0.1671043240900463,0.009192700040361435
0.7948929864547151,0.7853286581496898,0.009564328305025294
0.623660030343624,0.6078798803435324,0.015780150000091697
-0.8583595667761182,-0.8263214392155599,0.03203812756055835
0.24476312189412147,0.2520084207174545,0.007245298823333024
0.8274615326700602,0.8089858578734225,0.018475674796637698
-0.9239358984028261,-0.8927732368561613,0.031162661546664805
-0.6354036293424885,-0.6268008991320532,0.008602730210435339
0.9639405658036498,0.9372729996336346,0.0266675661700152
-0.4049340337286753,-0.4099825334019754,0.0050484996733000664
-0.010663542379871613,-0.023310896134132807,0.012647353754261194
0.7528566634120132,0.7250099032818711,0.02784676013014209
0.020786814255329945,0.014906416574503813,0.005880397680826132
0.8453772669513003,0.8264989402587006,0.0188783266925997
0.9560059788340244,0.9270679522558162,0.02893802657820821
0.8560170079417546,0.8313211445298127,0.024695863411941965
-0.9464699349190917,-0.930165237984984,0.016304696934107743
-0.23822602061223885,-0.24107791500845308,0.002851894396214222
0.8965220691233216,0.877728251089041,0.018793818034280596
0.9024404420365228,0.8801962171290765,0.022244224907446375
0.4092227922321669,0.4057641337339732,0.003458658498193712
0.6660504899028368,0.6388709612597169,0.0271795286431199
0.9441665080028161,0.9127007211654151,0.03146578683740098
-0.16826891239373976,-0.17718493079306546,0.00891601839932571
0.8485461660570659,0.8305326569102583,0.01801350914680755
0.6157894754126112,0.6093178886686701,0.0064715867439411046
0.5342284532517408,0.5110168427017854,0.023211610549955464
-0.8599270707204246,-0.8406515973141926,0.019275473406232035
-0.269256475928334,-0.24928765742955006,0.019968818498783958
0.44069728433089206,0.42631258875351197,0.014384695577380091
-0.5127782973947312,-0.5066810045120953,0.006097292882635941
0.5024948396196336,0.47670106313182137,0.025793776487812226
-0.5050900952084383,-0.486364293982041,0.018725801226397276
0.9569377821042582,0.9358679830754024,0.02106979902885575
-0.6315579730671125,-0.6225675266619448,0.008990446405167662
0.26547977236533593,0.2594571854063756,0.006022586958960352
0.7435293424270253,0.7176499145768052,0.025879427850220127
-0.514450895183193,-0.5118997718325968,0.0025511233505961517
0.7506775852439329,0.7377533858312687,0.012924199412664206
-0.6545551997886437,-0.6504747701201554,0.004080429668488317
-0.8483795381595512,-0.8330997155106187,0.015279822648932573
-0.9279267565600903,-0.9147435475507331,0.01318320900935721
0.8557528465834121,0.8275273890398132,0.028225457543598953
-0.5381631896427727,-0.5181264956818338,0.02003669396093888
0.07376911812587213,0.06096068734060949,0.012808430785262635
-0.9235888459291636,-0.8926653509523763,0.030923494976787258
0.6042899578325004,0.5837611016367844,0.020528856195715983
-0.9226217848065091,-0.8909775893890186,0.03164419541749053
-0.3813462189730462,-0.38418184525674814,0.002835626283701931
-0.011145465579937938,-0.02102928168899866,0.009883816109060722
0.9404121395867739,0.9146000447606334,0.025812094826140553
0.83653593472127,0.8139812253481122,0.022554709373157733
-0.9621138477262424,-0.9397779377273973,0.02233590999884516
-0.3601192093656937,-0.36417140834290634,0.004052198977212651
-0.4628751818516855,-0.46317647386155664,0.0003012920098711125
-0.7387312225748988,-0.7077966466023055,0.030934575972593303
-0.07837926657235385,-0.08798722139182556,0.009607954819471715
-0.23994567768345007,-0.22433487160926016,0.015610806074189909
0.18819900054390334,0.19521670380888342,0.00701770326498008
-0.749171011757582,-0.7348012392229559,0.014369772534626124
-0.9457099063374587,-0.9254654372416847,0.02024446909577393
0.9480626645401948,0.9172729359453201,0.03078972859487472
-0.9557873729496507,-0.9293003765130841,0.0264869964365666
-0.21880095573838337,-0.22150715904640025,0.00270620330801688
0.09486754776667476,0.10081520447991606,0.005947656713241295
-0.9656833272124626,-0.9379937599189433,0.027689567293519346
-0.959716136270947,-0.9354317498156086,0.02428438645533837
0.7659320991637469,0.7514096167770298,0.014522482386717162
-0.17885687889367627,-0.16565813794392942,0.013198740949746851
-0.7772848410729115,-0.7542202868161202,0.023064554256791325
-0.9631522511611206,-0.9389623480539341,0.024189903107186495
0.10815014830205742,0.11365523903357885,0.005505090731521431
0.9488623982383722,0.9279680518799908,0.020894346358381388
0.9639203162756411,0.9460536758390862,0.017866640436554948
-0.008512729766642583,-0.0043794808320515724,0.0041332489345910104
0.4458862142254085,0.43121288936438934,0.014673324861019132
0.6447383415031551,0.6178723498061932,0.02686599169696191
-0.23431049572467358,-0.22990944850582726,0.004401047218846321
0.2459783401177548,0.22569564278912044,0.020282697328634358
0.869902907844736,0.8497956491136416,0.020107258731094424
0.8897289586588534,0.8614844167245553,0.02824454193429804
-0.4959117421696021,-0.47556747662523846,0.020344265544363638
0.9551133288612783,0.9336163870709864,0.021496941790291935
-0.7153715556747355,-0.7023848484206685,0.012986707254067031
-0.7163554044561248,-0.702184431037745,0.014170973418379806
-0.824089991539049,-0.8074245685290531,0.01666542300999596
0.8716358400468094,0.8486261278781244,0.02300971216868497
-0.7025047119049214,-0.6893692270922454,0.013135484812676013
-0.8576353863796343,-0.8271454017186027,0.03048998466103159
-0.5502242974992054,-0.5443125350803147,0.005911762418890687
-0.8092174859983557,-0.7957563180367819,0.013461167961573817
-0.7249311072393622,-0.7007016892302789,0.024229418009083292
0.9503014808892909,0.92749416006399,0.022807320825300903
0.522892275384827,0.4967510823773461,0.026141193007480856
-0.6998641477115027,-0.6702483219760662,0.02961582573543653
-0.8690283384437323,-0.8481265133126337,0.020901825131098617
0.7335654256421617,0.7237513688891998,0.009814056752961875
-0.24774003429297542,-0.23321774362640335,0.014522290666572069
0.9626884967535692,0.9431118260201966,0.019576670733372548
0.23989529427605202,0.24628190853177412,0.006386614255722095
-0.1591125577841129,-0.16866515689825345,0.009552599114140553
-0.4897325975085805,-0.485294707036949,0.0044378904716315115
-0.9681083643851484,-0.9505232976274383,0.0175850667577101
-0.9481884423547401,-0.9195914226413332,0.02859701971340689
0.43219968021307703,0.41189429188310095,0.020305388329976082
-0.8628323605306799,-0.8456823286950477,0.01715003183563224
0.7545296533250941,0.7280241176943839,0.02650553563071023
-0.34257184273475016,-0.3207911558097629,0.021780686924987247
-0.25888315917128846,-0.2615920520074669,0.0027088928361784226
0.961233694604717,0.9250948618321788,0.036138832772538154
-0.7333585432104269,-0.7190749098637518,0.01428363334667515
0.6271008114350178,0.6199763806422833,0.007124430792734504
0.5640645519347229,0.5414068120953319,0.02265773983939101
-0.4394208716075558,-0.44527511558439276,0.005854243976836981
-0.8341714618705206,-0.8029829240961835,0.031188537774337055
0.9303426194105128,0.901848725602356,0.02849389380815681
0.41796137576501347,0.41810804108668914,0.00014666532167567636
-0.9210627309252982,-0.9045163649451405,0.016546365980157685
-0.011937450554335403,0.00013729608576561187,0.012074746640101015
0.06653617700037404,0.054536744402213566,0.01199943259816047
-0.7410241895745446,-0.7110017277193437,0.030022461855200966
0.9266621737638844,0.9080146474191673,0.018647526344717114
0.21909157626471862,0.21487304735520574,0.004218528909512881
0.9572943879117453,0.9391959601635569,0.018098427748188373
-0.39644287337956247,-0.4009863056850902,0.004543432305527728
-0.5975593325526322,-0.5886302555452202,0.008929077007411967
0.2720747297687635,0.2524853658203585,0.019589363948404992
-0.49099190908442064,-0.4698823973981884,0.021109511686232263
-0.6940054993414954,-0.6762278317823106,0.01777766755918475
0.6833420456036783,0.6550606863745339,0.02828135922914443
0.038503852365896,0.029990254450372497,0.008513597915523502
-0.3385674673241946,-0.336051981126939,0.002515486197255612
-0.42722548729945137,-0.4286537361966676,0.001428248897216211
-0.18584347972177095,-0.17201081907600932,0.013832660645761635
-0.9667053382922085,-0.9454497300177812,0.021255608274427296
0.13419262514398084,0.12033149868817224,0.0138611264558086
-0.8620757923843375,-0.8304104564804351,0.031665335903902414
-0.46617146795926623,-0.46689061161589024,0.0007191436566240106
0.9473557546061389,0.9314628445647483,0.015892910041390595
-0.9582773293047911,-0.9389730643211514,0.019304264983639796
-0.6316014804124905,-0.6215621280221333,0.010039352390357248
-0.33690499222663584,-0.31347693301163815,0.023428059214997687
0.42766247470695196,0.4039199446030824,0.023742530103869564
0.03387339964955153,0.04091176649803307,0.007038366848481539
-0.3818907324550643,-0.3640151995792989,0.017875532875765376
-0.8289540074483615,-0.8152796279360291,0.013674379512332302
-0.3236498645554305,-0.3270860579453529,0.003436193389922404
-0.8620227130784505,-0.8425711382796283,0.019451574798822202
0.31813744101353447,0.3219894469447402,0.0038520059312057153
0.7665587336303623,0.7541741955069079,0.012384538123454414
0.0561573452445601,0.06926802320530198,0.013110677960741883
0.06141300858452115,0.04850775029643977,0.012905258288081381
0.9645701982571886,0.9392924490183251,0.0252777492388635
0.26063441955937217,0.26539493639263706,0.004760516833264894
0.9472726734796824,0.9306411733806209,0.016631500099061447
0.01811665775057856,-0.0026924120904112583,0.02080906984098982
0.7451193091517668,0.7328810861131418,0.012238223038624985
-0.9224249720281094,-0.9046887765148527,0.01773619551325667
-0.8809847161092321,-0.8650906099840568,0.015894106125175278
0.11205787883962502,0.11680033601815555,0.004742457178530529
0.9584066536664431,0.9311528273956747,0.027253826270768333
-0.9411896862421042,-0.9180630999884107,0.02312658625369346
0.3137731263575266,0.30067574406597336,0.013097382291553217
0.5235342013026034,0.523053441085142,0.00048076021746146225
0.6782121375286794,0.6710374729692501,0.007174664559429278
0.6922620182295501,0.6633404157957419,0.028921602433808258
-0.7851221517289034,-0.7520741929426795,0.03304795878622391
-0.8987579766375323,-0.873735888356937,0.025022088280595267
-0.9214811166913115,-0.8953883769798885,0.026092739711423008
0.7423618835626378,0.7157051250020153,0.02665675856062244
0.7616527201591242,0.7485497534301807,0.01310296672894351
0.8800732552933308,0.8646813863963312,0.015391868896999616
-0.6207387392155634,-0.598730444818115,0.022008294397448447
-0.9066140285717557,-0.8832840574402605,0.023329971131495153
-0.8102215276101253,-0.7980530277346634,0.01216849987546198
0.7765068144355625,0.7588429947409948,0.01766381969456765
-0.9425779154542476,-0.9182042438338693,0.02437367162037829
0.3289495709480969,0.3117093911731831,0.017240179774913822
0.9596864891208161,0.9400340510885028,0.019652438032313313
-0.8264009280499016,-0.8126024223142301,0.01379850573567154
-0.4856572809614293,-0.4830482650824933,0.002609015878935972
-0.9111137162716726,-0.8890631401224474,0.02205057614922523
0.6155422432678803,0.5900562797223657,0.02548596354551458
0.8656008434166541,0.8554129684486041,0.01018787496804996
0.789006350655542,0.7743866230475276,0.014619727608014443
-0.4559753922024429,-0.43094085547116195,0.02503453673128092
-0.9518413458860076,-0.9262763163588221,0.025565029527185423
0.8753701181792577,0.8477053008780676,0.02766481730119008
-0.4532802391846753,-0.4300894832316728,0.023190755953002518
-0.6773837817887126,-0.6668046698287707,0.010579111959941878
-0.9006292877080452,-0.8698716874169452,0.030757600291099974
0.5164215728574096,0.4966292734349221,0.019792299422487558
-0.10401526126305145,-0.09171274156508337,0.012302519697968084
0.16072408078293257,0.14164305700350835,0.019081023779424222
-0.4356125953173673,-0.41619734658709656,0.01941524873027073
-0.960883991434471,-0.9350055317691097,0.025878459665361286
-0.6283975985282423,-0.6071659200102476,0.02123167851799468
-0.9276094635481548,-0.902558378753992,0.025051084794162737
0.6916400254037532,0.6641382734420695,0.027501751961683696
-0.6881188090070097,-0.6797093204731512,0.008409488533858478
0.8063681225722482,0.78257098152357,0.02379714104867825
-0.4711933950710251,-0.46696974212397463,0.00422365294705046
5.1265814447970916e-05,0.011154554357270599,0.011103288542822628
-0.6458059966235171,-0.6257561552450245,0.02004984137849264
-0.3532045177078311,-0.3600618386541716,0.0068573209463404505
-0.731418415909582,-0.7198531529411397,0.011565262968442291
0.2930460591931477,0.2963105909847038,0.0032645317915561134
-0.7832086510957254,-0.764315995004787,0.018892656090938376
0.044037169325930006,0.053838481776855636,0.00980131245092563
-0.8232358235326251,-0.7919100000270909,0.031325823505534256
0.9335194025316104,0.9150022177149444,0.018517184816665977
0.21496178086331139,0.19547104303397264,0.019490737829338745
-0.6922097371315775,-0.668798592905408,0.023411144226169522
0.13522740985544787,0.11724280049900376,0.01798460935644411
-0.9457129514245376,-0.922072995908914,0.02363995551562359
-0.1340108473067028,-0.13965801257113836,0.005647165264435566
0.25235392377394267,0.23725628028964105,0.01509764348430162
0.9645864081622249,0.936628143589484,0.027958264572740865
-0.2816316672786759,-0.2866099715770875,0.004978304298411618
-0.7811064973098351,-0.7709814408895108,0.010125056420324241
-0.703630192518195,-0.6796829860430071,0.023947206475187888
0.3328763586388755,0.31555554502324434,0.017320813615631148
-0.01993848265586314,-0.023456761445965923,0.003518278790102785
-0.7157103059542161,-0.7032986577289042,0.012411648225311933
0.9646959128455003,0.9314729961112838,0.03322291673421651
0.18598016321116326,0.18963741066258646,0.0036572474514232067
-0.6667382973673031,-0.6608476582238944,0.005890639143408705
0.9363412005426216,0.9095328216755771,0.026808378867044458
-0.15601992217051633,-0.15440261059881022,0.0016173115717061093
-0.7068900306616639,-0.6838971960933172,0.022992834568346665
0.5867002667313693,0.5589015802470827,0.027798686484286628
-0.887308430029017,-0.8647957292180465,0.022512700810970565
-0.2582506642554238,-0.24537267682716185,0.012877987428261961
0.9477010041465035,0.9251787527955047,0.022522251350998834
0.70686630041828,0.6875313415669291,0.019334958851350947
-0.18749218050094726,-0.17325144067867485,0.014240739822272419
-0.7210540981466969,-0.708528172322631,0.012525925824065864
0.7054711729631457,0.6981289668614092,0.007342206101736415
0.9373132468936094,0.9170644425009823,0.020248804392627107
0.4127337142799091,0.41550417934676803,0.002770465066858907
0.7598141492825415,0.7310390855508248,0.028775063731716788
-0.9556884124760936,-0.9271648686862787,0.02852354378981492
-0.6764152635845586,-0.6641408939514085,0.012274369633150095
-0.1415623935978598,-0.15514176528017118,0.01357937168231138
0.5650915607180936,0.5371063153609225,0.027985245357171173
0.7662147959837843,0.7375684633899213,0.028646332593862955
0.6327233032040817,0.6238104351732676,0.008912868030814036
0.9483988584424836,0.9243156204356061,0.024083238006877505
0.6150163290957668,0.605481914587491,0.009534414508275746
-0.25963116921474844,-0.26757270383470066,0.007941534619952229
-0.08086524275214715,-0.09360659570867123,0.01274135295652408
0.9681762392994916,0.9411099791884214,0.02706626011107016
-0.5703266974148524,-0.5476684720602787,0.022658225354573736
0.8347885643262025,0.8206829020792061,0.014105662246996387
-0.8035917243009131,-0.7923850339810491,0.011206690319863988
-0.966587401345481,-0.9447131495014379,0.021874251844043124
-0.8200648184537087,-0.8026472435560794,0.017417574897629295
0.5300977534622301,0.5047274857706496,0.02537026769158046
0.9367043360711496,0.9160607143415418,0.020643621729607764
-0.07630707081443057,-0.05607899778605618,0.020228073028374392
0.4144169030296345,0.4056809037599275,0.008735999269707029
-0.19272603606397123,-0.17921671489457455,0.013509321169396682
0.24915373402997806,0.2345139413173648,0.014639792712613259
-0.8810016667933591,-0.8666894230906853,0.01431224370267381
0.3499229789589341,0.35407832950089485,0.004155350541960756
-0.9607554518209428,-0.9399433015882804,0.020812150232662363
0.42465299805196066,0.41401110381901035,0.01064189423295031
0.9571002128718903,0.9245572138325807,0.03254299903930957
0.6751943704455763,0.6695123762671484,0.005681994178427852
-0.006529375605795399,0.0077685327619333375,0.014297908367728736
-0.886571527562007,-0.8571218918374581,0.02944963572454884
-0.3496916642987581,-0.33276444702834507,0.01692721727041302
0.7532195522764842,0.7115395872134688,0.04167996506301541
-0.36536537699154686,-0.3718941097273858,0.006528732735838927
0.342241824184476,0.3414965293467476,0.0007452948377283941
0.029439488308048628,0.018048597876348455,0.011390890431700173
-0.9417076622206325,-0.9182705906922352,0.023437071528397357
0.2418217991954569,0.22428373788139094,0.01753806131406596
0.9051866693001035,0.8838800731789954,0.02130659612110808
0.3686591132557999,0.3732804341623265,0.00462132090652656
-0.32579152742161616,-0.3046512468658723,0.02114028055574385
-0.9117456382328837,-0.887653993136226,0.024091645096657732
-0.5748195301221989,-0.551534890281202,0.023284639840996935
-0.18197441832164454,-0.18574334648335336,0.0037689281617088177
-0.4048935745927671,-0.4048125775968395,8.0996995927618e-05
0.9446820258536988,0.9303542448408961,0.014327781012802632
0.667807733787645,0.6563341524223718,0.011473581365273211
-0.9518055533983105,-0.930451924884148,0.02135362851416256
0.35504068466292804,0.3344612103252581,0.020579474337669934
0.6169448754208381,0.6002097399628906,0.01673513545794747
-0.9350148238850863,-0.9167856872210628,0.018229136664023482
0.878144046556086,0.8656832400964838,0.012460806459602236
0.7370714220251176,0.7252284484131438,0.011842973611973728
0.008052458361869597,0.019197330407426588,0.01114487204555699
0.3346770481393558,0.33291776511688315,0.0017592830224726352
0.9445958697190875,0.9280695153213084,0.016526354397779053
-0.5031078927464098,-0.5006695772060624,0.0024383155403473467
-0.3361742487970884,-0.31863786098809627,0.017536387808992138
0.4763068539181128,0.47563001930438803,0.0006768346137247527
0.5383751889773742,0.5351480749799863,0.0032271139973879537
-0.9630132761045237,-0.9462714255129059,0.016741850591617813
0.9634727056607298,0.9428482634877687,0.02062444217296111
0.7108713151851586,0.7063797223479036,0.004491592837254976
-0.8579741622001118,-0.8326541630698114,0.025319999130300364
-0.9276707709440387,-0.9007408466255085,0.02692992431853025
-0.5897821317211625,-0.5673094935058379,0.022472638215324525
0.42483481739648643,0.40294742078015805,0.02188739661632838
0.6236295889829033,0.6000015550449274,0.023628033937975967
-0.16253715251379314,-0.1537309883465791,0.008806164167214026
0.9251215137802521,0.8970467682315663,0.02807474554868583
-0.7907959940059904,-0.7740182936970335,0.016777700308956978
-0.29732448205484785,-0.27846242370435953,0.01886205835048832
0.2929476889038796,0.2636611528856077,0.029286536018271914
-0.6647912629532666,-0.6362204324022276,0.02857083055103904
0.6945384799603931,0.6862819694457578,0.008256510514635274
0.8557031768629384,0.8308151817583579,0.024887995104580507
-0.924231143345238,-0.9110262219699408,0.013204921375297274
0.949934923264642,0.9239689382292231,0.025965985035418915
-0.32316666409115347,-0.30442304625938277,0.018743617831770698
0.46745178592234243,0.4432769929553185,0.024174792967023906
0.662624662438382,0.6353254829033508,0.02729917953503125
-0.5817479800114387,-0.5555949286467471,0.026153051364691593
-0.25248301175393556,-0.25236326951302224,0.00011974224091332308
0.665727798140808,0.6607482497783504,0.004979548362457509
0.20671645896255697,0.2148279558506467,0.008111496888089736
-0.7592028584317652,-0.7493056168427865,0.009897241588978645
-0.4198066362067415,-0.42115013859250705,0.001343502385765527
-0.8431676797196294,-0.8198904305966364,0.023277249122993005
-0.7897601020126261,-0.7818352816147826,0.00792482039784359
-0.7815669143816749,-0.7528267149924575,0.028740199389217458
-0.6730741923166395,-0.667169861353855,0.005904330962784421
-0.6941607596755491,-0.6756421106966405,0.018518648978908647
0.8510658094605145,0.8277447125354848,0.023321096925029705
-0.776313749603402,-0.7623184448906878,0.013995304712714263
-0.7713032365913279,-0.7400437698120622,0.03125946677926572
-0.5314664426250819,-0.5055213877113283,0.02594505491375365
-0.26299353700104183,-0.24572153452253245,0.01727200247850938
0.951467113370671,0.930160039368835,0.021307074001836068
-0.1935598479460702,-0.19563684207379223,0.002076994127722026
0.7821854773180232,0.7564386759817632,0.02574680133626006
-0.24674353355093637,-0.22255236721130245,0.02419116633963392
-0.32935785416296093,-0.3353642278157665,0.006006373652805597
0.2372476960694478,0.23219665316472,0.005051042904727798
0.9664783727109307,0.9371458493718166,0.02933252333911418
0.9370765889310146,0.9085973724658143,0.028479216465200352
-0.2539194761844986,-0.2399227044180903,0.013996771766408317
-0.8082841817290148,-0.7951638248337122,0.013120356895302665
-0.9328053858073959,-0.908016125929703,0.02478925987769287
0.690787066060094,0.6753770588818033,0.015410007178290663
-0.6054600032533919,-0.596411899822802,0.009048103430589927
-0.9575604309462772,-0.9279817456668749,0.029578685279402328
-0.06420260025343165,-0.08006837384960919,0.015865773596177538
-0.9546174565847103,-0.9263859894840479,0.028231467100662377
-0.05286843229250862,-0.03695749310036059,0.015910939192148033
0.5637794213759757,0.5390719523473267,0.024707469028648954
0.9689800479505987,0.9470384750268285,0.021941572923770192
-0.9208549485762259,-0.8913022800997116,0.029552668476514277
-0.7995959537984884,-0.786833406392899,0.012762547405589353
0.9402344173349735,0.9147367243756219,0.02549769295935156
-0.8590097773490396,-0.8387775626723347,0.020232214676704885
-0.9024995231926399,-0.8910845281139498,0.011414995078690149
0.27470938777158804,0.2551710955340076,0.019538292237580468
-0.9255057261713611,-0.9012735894416333,0.024232136729727793
0.5214788358046776,0.49869700360931163,0.022781832195365948
-0.2275150545230202,-0.23087960914765987,0.003364554624639665
-0.6120730606547355,-0.5925996855321685,0.019473375122567083
-0.9687950990517665,-0.9494027639405852,0.019392335111181325
-0.5105032012495068,-0.49399572409863834,0.01650747715086842
-0.4430297009461247,-0.4413379215979149,0.0016917793482097987
0.9615217591553027,0.9332160054690805,0.028305753686222235
0.6126314795066553,0.5891133289091022,0.023518150597553134
-0.8020810728336869,-0.7844013370440331,0.01767973578965376
0.9607555498483829,0.9407714634990202,0.019984086349362662
-0.5933657222239306,-0.571104492261955,0.022261229961975548
-0.47261527184415164,-0.47248310658911635,0.0001321652550352881
0.43612214364009333,0.41704073901126726,0.01908140462882607
-0.06020601049946891,-0.058807060212732486,0.0013989502867364223
0.9676980251776066,0.9444504115366881,0.02324761364091854
0.652561476312588,0.6444608415962517,0.008100634716336264
-0.5414547049661207,-0.520258047148516,0.021196657817604714
-0.7946322009082462,-0.7750803558324776,0.01955184507576857
0.47935518168289937,0.4800345441018603,0.0006793624189609382
0.8223319861698093,0.7991959755625029,0.023136010607306412
-0.8965806243411529,-0.8801074063776381,0.016473217963514863
0.9311605313721055,0.9050735420005138,0.026086989371591707
-0.9328293249920588,-0.908303191058876,0.024526133933182814
0.7507512256731769,0.7223683021549898,0.028382923518187053
0.8872794707653969,0.8606433163250957,0.026636154440301207
0.6716712872066292,0.6510835615215274,0.02058772568510181
0.016833967383661046,0.021971244267755194,0.005137276884094148
-0.8224554928113296,-0.7949250953011716,0.027530397510157956
0.5962343141235321,0.5934679757832123,0.002766338340319807
0.5070531920585392,0.5048647631641076,0.0021884288944316044
-0.7156273997370188,-0.6859555029348612,0.02967189680215765
-0.8795108799374969,-0.863340511864379,0.01617036807311789
-0.8550454230543852,-0.8402227295255548,0.014822693528830477
-0.8389569564212501,-0.820906312796694,0.018050643624556106
-0.7214550765379204,-0.6975491669467749,0.02390590959114547
-0.843925212622576,-0.819124410594786,0.024800802027790003
0.840428745982239,0.8140830411908512,0.02634570479138787
0.32799486046560916,0.3304380485511214,0.002443188085512249
-0.9688506991096941,-0.9521026042856567,0.016748094824037385
0.9529907058841772,0.9260084547043009,0.026982251179876293
0.9243553107109802,0.8990872491495786,0.0252680615614016
-0.9568122709073835,-0.9300698155085071,0.02674245539887643
0.3584454025674599,0.3563567849587326,0.0020886176087273056
-0.921226580862431,-0.8896455843433677,0.03158099651906332
-0.9497115436604432,-0.9357867163879764,0.0139248272724668
0.7959747777893887,0.7696917364253159,0.02628304136407289
0.6366074572758325,0.6102052650008083,0.02640219227502416
-0.40180970861662,-0.3944418351438407,0.0073678734727793405
-0.6199371155703135,-0.6160766946310214,0.003860420939292064
-0.8880885220138427,-0.8717138928852471,0.016374629128595553
-0.2328201306907867,-0.2348380746829188,0.0020179439921321207
-0.9162903977855112,-0.9015848098891206,0.014705587896390648
0.6228702860235295,0.6177674210271165,0.005102864996412992
-0.8528367735401495,-0.8389511151421936,0.013885658397955969
0.8127917788139595,0.7903592874979143,0.02243249131604519
0.6758582957779825,0.6645230403723777,0.01133525540560476
-0.5564404603204746,-0.5295719644484567,0.026868495872017895
-0.4315103303519517,-0.41085602098515905,0.020654309366792634
-0.363549893093645,-0.3402847759815733,0.023265117112071687
-0.9673561772222393,-0.9415869202209151,0.025769257001324264
-0.4966840010879312,-0.47536568735192314,0.021318313736008065
-0.8661933298099519,-0.8346318950622531,0.03156143474769879
-0.821113972301046,-0.7998114559042856,0.021302516396760396
-0.675096326648757,-0.6521360663810608,0.022960260267696153
-0.7318133686559792,-0.7182116828201301,0.013601685835849087
-0.7627129376846837,-0.7442281157496896,0.018484821934994122
0.7645696580263752,0.737355767103087,0.027213890923288186
-0.7351659226531406,-0.7128383010373094,0.02232762161583124
0.8509813461133969,0.8233980398156716,0.02758330629772532
-0.6633212030906587,-0.6443584887534047,0.01896271433725394
0.9317798576243173,0.9070631907850171,0.024716666839300183
-0.9471822205455195,-0.920378986869427,0.026803233676092497
-0.3037644699899274,-0.30655946961065794,0.0027949996207305428
0.8100419622889977,0.7844502829789652,0.025591679310032478
-0.964841106165706,-0.9415641398881863,0.02327696627751963
0.2261909969207292,0.23021582765646809,0.0040248307357388935
0.6418744541832281,0.6350807897734795,0.006793664409748601
-0.6954920159136462,-0.6718477490679593,0.02364426684568688
-0.7866407265743547,-0.778247635429965,0.008393091144389686
0.7126539055625442,0.6829138353821723,0.029740070180371836
0.8629151415839671,0.8349620717913463,0.0279530697926208
0.49439257715768026,0.4717905881459012,0.022601989011779067
-0.9655171558009539,-0.9467770521240031,0.01874010367695078
0.8573532285288326,0.8367925134526429,0.020560715076189617
0.6774440518572914,0.6712341551207113,0.006209896736580123
-0.937224978929195,-0.9129167968933002,0.0243081820358948
-0.9562880819779052,-0.9321237826930568,0.024164299284848312
0.0779446442444969,0.07138959204036525,0.006555052204131648
-0.5554194750525306,-0.549862920300395,0.005556554752135678
-0.2934526650436782,-0.2809352718065333,0.012517393237144847
-0.9344714281263866,-0.919122784622203,0.015348643504183634
0.935044511031114,0.9052915089523796,0.029753002078734325
-0.9390894155053938,-0.9203416658881289,0.018747749617264886
0.18740201527570588,0.17399082007856068,0.013411195197145204
0.14439324818029184,0.13502174787687307,0.009371500303418767
-0.6211770051577865,-0.5922132367387825,0.028963768419004055
0.7607912151037517,0.734984658266552,0.02580655683719968
0.2798397936375012,0.26901841139305666,0.010821382244444566
0.156807993180437,0.15585724696690068,0.0009507462135363298
-0.5664388193443645,-0.5439084454609442,0.022530373883420274
0.3861167119091987,0.3645404823254204,0.021576229583778306
-0.40806285289130867,-0.40475284642013626,0.003310006471172411
-0.7989751712866653,-0.7849260391972114,0.014049132089453908
0.9515474659248337,0.9248473301844888,0.02670013574034491
-0.3014230211146106,-0.30662212052031607,0.005199099405705454
0.6859750126265143,0.6630791305554634,0.022895882071050866
-0.35370121385623154,-0.3517568048772128,0.0019444089790187635
-0.9323290278998498,-0.9012627987999347,0.031066229099915188
-0.07078788759068726,-0.06277918424372039,0.008008703346966864
-0.7144126237259997,-0.7059724223697258,0.00844020135627388
-0.1800593008028983,-0.16721815027471967,0.012841150528178635
-0.9408951950428278,-0.9262572813253855,0.014637913717442275
0.23079530483673938,0.2379254986016653,0.007130193764925907
0.9578101089011286,0.9299724761557366,0.02783763274539197
-0.8212278522977648,-0.7919652994762708,0.029262552821494037
0.8087986762971084,0.7901379350129004,0.018660741284208027
0.3179937214764014,0.3226152850429053,0.0046215635665038945
-0.8778791502236328,-0.8480385676251058,0.029840582598527066
0.6231481673829818,0.6004692129282619,0.022678954454719902
-0.9113629719538164,-0.8855384639998529,0.025824507953963516
0.3653075186203365,0.34171472298122846,0.023592795639108044
0.5864557882432073,0.581303430917107,0.00515235732610031
-0.9655628079432105,-0.9389214437282002,0.026641364215010288
-0.7763750401162697,-0.7614130538989475,0.014961986217322143
0.9512241787482498,0.9254603786022146,0.025763800146035187
-0.11831555639461369,-0.10007956410410217,0.018235992290511524
-0.2815770284722518,-0.26320397921730926,0.01837304925494254
0.8795156817710938,0.8615838903058831,0.017931791465210734
-0.5908764181670162,-0.5695427521951448,0.021333665971871363
0.7026056595829001,0.6964045161150088,0.006201143467891357
-0.9684004984832091,-0.9518865892861605,0.016513909197048537
-0.6802736967241078,-0.6565171618090905,0.02375653491501728
-0.32339556567634736,-0.30332349920407087,0.020072066472276495
0.8044324654055198,0.7947698706859603,0.009662594719559547
0.8129386734128735,0.7830059311176915,0.029932742295182058
-0.968483965265783,-0.9377509408075984,0.0307330244581846
-0.4889903486043369,-0.48682870555916047,0.002161643045176409
0.7067961145519173,0.6951095045539215,0.011686609997995756
-0.29551771834911245,-0.2796175898011085,0.015900128548003933
-0.42277153006093715,-0.4043829698351123,0.018388560225824857
0.7800840830942661,0.7517636436290183,0.02832043946524787
0.42670558472441933,0.4201188458347599,0.006586738889659438
-0.5092032643666313,-0.5109469095170664,0.0017436451504351247
0.6173513213725415,0.5957140011738976,0.02163732019864384
-0.38347114624302814,-0.38562501799012155,0.0021538717470934166
-0.9611589278545927,-0.9422336948552948,0.018925232999297825
0.8057360732455694,0.7893255264282996,0.016410546817269833
0.9640484442074834,0.9369390795550716,0.02710936465241176
-0.9384188328006929,-0.9182193877114506,0.02019944508924232
-0.4213514467578984,-0.4159151972308465,0.005436249527051851
-0.5074433085543475,-0.486230989666821,0.021212318887526505
-0.8469625679074134,-0.8259465031539247,0.021016064753488717
-0.5990295979698429,-0.5704810020682272,0.028548595901615736
0.6230926992176289,0.6180134171696382,0.005079282047990685
-0.715517565200439,-0.6865118113920884,0.029005753808350576
0.9205637933945425,0.900093174868522,0.0204706185260205
-0.9613981199207738,-0.9492854634504686,0.012112656470305239
-0.9590014326160584,-0.9337074209285403,0.025294011687518103
-0.8923296850059574,-0.8668075957417216,0.025522089264235825
-0.4459700255749103,-0.4254677248205561,0.020502300754354164
-0.12233447455065766,-0.13717887880643032,0.014844404255772659
-0.057853562290550366,-0.04182884987322528,0.016024712417325088
0.8125507897337823,0.7834810412701892,0.029069748463593004
-0.37270731009719077,-0.3699103504739456,0.0027969596232451654
0.6228274868632104,0.617740900642764,0.005086586220446443
0.8155521801115043,0.7881662989151088,0.027385881196395512
-0.35629376224091086,-0.33842775799469627,0.017866004246214595
0.5487969999131649,0.5312360299086102,0.0175609700045547
0.060101902942465625,0.07187950892669409,0.011777605984228466
-0.6995420161696518,-0.6691301726219323,0.03041184354771953
-0.20017129886284124,-0.2097973795965816,0.009626080733740355
0.5194829020834737,0.5196531551576871,0.00017025307421336677
-0.24977998285808498,-0.2343656121735609,0.015414370684524087
0.6996719179357361,0.6920869870499693,0.0075849308857668385
-0.20634579752340945,-0.18599142658908555,0.020354370934323907
0.6513146293471345,0.6327303405276401,0.018584288819494366
-0.962931976724127,-0.9330977964227196,0.029834180301407387
-0.7351531845868788,-0.7204626815629667,0.014690503023912171
0.6088917544141778,0.5881216270192318,0.020770127394945992
-0.663433778932161,-0.6407901193597116,0.022643659572449404
-0.8901800083856276,-0.8655310211545864,0.024648987231041253
0.8605612467245618,0.8468449115530513,0.013716335171510496
-0.4126272555046803,-0.4206516919357999,0.008024436431119553
0.9283060749328004,0.9103754902943344,0.017930584638465974
0.8139210813966071,0.7953865317465717,0.018534549650035426
0.8818040809035058,0.8576534910376874,0.024150589865818417
0.1650549824557344,0.16740218230817205,0.0023471998524376425
-0.45719254013744987,-0.45644597671975107,0.0007465634176987979
-0.061631231739729155,-0.05775800944137008,0.003873222298359076
0.5573234988584213,0.5555206521717032,0.0018028466867180404
0.9223786779286425,0.8917602380652035,0.03061843986343893
0.9062108161613257,0.8872693468353691,0.01894146932595664
0.14074418291714608,0.1523346426637628,0.01159045974661671
0.360481510532562,0.3390833630494976,0.0213981474830644
0.11580611396374041,0.12479057449558249,0.008984460531842084
-0.9414076956952604,-0.9220351667510969,0.019372528944163525
0.9685760511396591,0.9431092353267153,0.025466815812943744
0.37147201126013835,0.3759868603711922,0.004514849111053876
0.739163733398415,0.7311609466724788,0.00800278672593624
-0.6323069264955817,-0.6253830348062526,0.006923891689329165
-0.08990181557824688,-0.10089413604056609,0.01099232046231921
-0.9552571830360773,-0.931234287307156,0.024022895728921356
0.5047168618015906,0.4808567276389786,0.023860134162612012
0.9590262820503088,0.9340099531233678,0.025016328926941056
-0.895115854709361,-0.8692634258229871,0.025852428886373846
0.7029526712068176,0.6801580147222203,0.02279465648459733
0.33544231946490166,0.3250141712447261,0.01042814822017557
-0.7482041355498964,-0.7176835429706834,0.030520592579213024
-0.9148906999381499,-0.9009755033640549,0.013915196574095012
-0.2638608433507616,-0.26895452269096704,0.005093679340205437
0.780454162111442,0.7585474732625089,0.021906688848933098
-0.6522753144455194,-0.6229262835679301,0.029349030877589333
0.8278598685132605,0.7994593233634071,0.028400545149853462
0.9146999243477992,0.886328666190811,0.028371258156988266
-0.011602028100649446,-0.002233585056627314,0.009368443044022132
0.7815678555894077,0.7594338449519695,0.02213401063743814
-0.10156838447258805,-0.10815911667071673,0.006590732198128682
0.11502713086519667,0.1199874675848302,0.004960336719633529
-0.9677714809728576,-0.9463046059851878,0.02146687498766975
-0.8263391432613512,-0.802271968838103,0.024067174423248128
-0.9644165516310623,-0.9395791931290125,0.024837358502049822
-0.875304164455073,-0.8598413178097025,0.015462846645370454
0.5165095134721251,0.5135833804007162,0.0029261330714089873
0.5856204505780587,0.5803836331683766,0.005236817409682071
0.9636235011403045,0.9442858669993623,0.01933763414094214
0.2079519651143543,0.2078417221264244,0.00011024298792988718
0.786539317273855,0.7723532429141083,0.014186074359746614
-0.5714009388529615,-0.5650874497160345,0.006313489136926975
-0.7936461553700292,-0.7675824074557176,0.026063747914311652
0.5005270198265784,0.49987275852227814,0.0006542613043002965
0.9086260699095177,0.8876547766811221,0.020971293228395527
0.4215325866477143,0.4011416643136446,0.020390922334069694
-0.9004562087970815,-0.8758070929334858,0.02464911586359575
0.6531434596405131,0.6254118337537011,0.027731625886811995
-0.16222900029760406,-0.17052672896842125,0.008297728670817184
0.7824614752649353,0.7554788187222724,0.026982656542662853
-0.3650950611769972,-0.34221954559438433,0.02287551558261286
0.19625953024965576,0.19862632159671123,0.0023667913470554747
-0.8050712039582705,-0.7804404956461389,0.024630708312131544
0.37482042743582655,0.37228226377352186,0.0025381636623046933
-0.48712833095925817,-0.48140128577434366,0.005727045184914514
-0.26995938339587006,-0.2719737235742419,0.0020143401783718207
0.7707403034929143,0.7347504864678092,0.035989817025105175
0.9434374296218624,0.9244016738046784,0.019035755817183975
0.44975567593816634,0.43578357908021503,0.01397209685795131
0.9401008584442051,0.9117792346171865,0.028321623827018638
-0.5023652141673685,-0.4986030403017871,0.003762173865581364
-0.826787630281686,-0.8091820614956151,0.01760556878607089
0.8730630180121989,0.8620267554745872,0.011036262537611696
0.6228959426044073,0.6188718197781607,0.0040241228262465345
-0.12680206830840904,-0.11414118215397873,0.012660886154430312
-0.8270049642099672,-0.8071651169921471,0.01983984721782006
-0.956991354770961,-0.9329520543930142,0.02403930037794677
0.01953442198453615,0.028781690538206593,0.009247268553670442
0.9199508007579024,0.8994844109402962,0.02046638981760618
0.9231423643525848,0.9025254428608865,0.020616921491698248
-0.33089058922294673,-0.3370404272696012,0.006149838046654477
0.4911283157828866,0.46725964320014907,0.02386867258273756
0.5594510677832235,0.5548342246078494,0.004616843175374141
-0.9554630521793637,-0.9421158561791885,0.013347196000175199
0.8094734515102789,0.7956359816449848,0.013837469865294105
-0.7430623056164948,-0.7137023961357095,0.029359909480785262
-0.7886892228308413,-0.7673448548229053,0.021344368007936043
-0.5034555320792488,-0.48414211134301144,0.01931342073623732
0.6475010994563914,0.6502574753345985,0.0027563758782070957
0.9647103307538488,0.9414549444559545,0.023255386297894365
0.4377820479042972,0.42782120885908353,0.009960839045213665
-0.7550292554215994,-0.7241893260434005,0.030839929378198905
-0.14504761901766955,-0.1523575575085505,0.007309938490880963
0.9468887086578118,0.9199286144415735,0.02696009421623835
-0.9660623816456392,-0.9374077329021789,0.028654648743460243
-0.8849760430184821,-0.8526789734837579,0.03229706953472422
-0.6769957161160516,-0.6478643273816663,0.029131388734385255
0.628584899781907,0.6299207930229285,0.0013358932410214575
-0.9335305956633394,-0.9125222409582774,0.021008354705062016
-0.8546319582264016,-0.8254566472352536,0.029175310991148007
-0.9398975304556932,-0.9197425567852128,0.02015497367048047
0.8737267802735024,0.845641304151613,0.028085476121889386
-0.008956589652752957,0.00616033374062953,0.015116923393382487
0.9645586758513375,0.9369184326396436,0.027640243211693893
-0.9621936278782728,-0.9415080138413389,0.02068561403693392
-0.8587532963880504,-0.8272909920238792,0.03146230436417119
0.9179119556494941,0.897901012265251,0.02001094338424314
-0.12253811521891861,-0.1330886370576918,0.010550521838773197
0.21706860145343831,0.20225639059555123,0.014812210857887087
0.9085056914882472,0.8898966502228812,0.018609041265366
0.9037261126824506,0.8878594015229325,0.0158667111595181
-0.9399300044861945,-0.9101943427934894,0.02973566169270503
-0.7416792029901371,-0.7126265481864644,0.029052654803672695
0.590286216831592,0.5643745217358256,0.025911695095766407
-0.07711000822505078,-0.08339381603605772,0.0062838078110069445
-0.32875713647165816,-0.3273762432835863,0.0013808931880718855
0.7146843977837134,0.7036576367584987,0.011026761025214715
0.5905566781513515,0.5807716735434748,0.00978500460787668
0.9204170264802649,0.9033406692870463,0.01707635719321865
0.8093998690572929,0.7824225718087909,0.026977297248501952
-0.35186616136815696,-0.3341976392088395,0.017668522159317468
-0.6441967109563687,-0.6138935779338168,0.03030313302255183
0.9583023959173395,0.9356028023347254,0.022699593582614086
0.22870810099989605,0.21339068222422825,0.015317418775667807
-0.9617546504803024,-0.9282276246746013,0.033527025805701105
0.13810800193310113,0.1360764706177984,0.0020315313153027315
0.41076733273134,0.4107095912998985,5.7741431441493685e-05
0.2952024902938996,0.2996999848672219,0.004497494573322269
-0.7172424879740065,-0.7130457100924922,0.004196777881514291
0.30978905280551633,0.29630634973674064,0.013482703068775692
-0.4580512745627707,-0.4319344684933867,0.026116806069384046
0.8008263759641724,0.773223147390307,0.027603228573865435
0.4104474292036397,0.41410748909969186,0.00366005989605217
-0.9533498597876454,-0.9386093415432591,0.01474051824438627
-0.037137268882548716,-0.02774561554300513,0.009391653339543584
-0.40264794393408304,-0.3783769668207593,0.024270977113323766
0.05268244382634919,0.0612344709329151,0.008552027106565906
-0.3025460380020748,-0.2859724859657761,0.016573552036298678
0.9519979189575852,0.9282795990117256,0.0237183199458596
-0.6211870006381989,-0.6128716183166805,0.008315382321518405
0.9201453020749376,0.9064953425598907,0.013649959515046883
-0.621807529748159,-0.5976607919983237,0.024146737749835334
-0.046372164328249206,-0.05687712763446736,0.010504963306218154
0.7398899254010084,0.7315634898716408,0.008326435529367626
0.9666393585251233,0.9384260780404602,0.028213280484663095
-0.7463131175151615,-0.7152360893714973,0.031077028143664198
-0.9630802470038353,-0.9335887940522349,0.029491452951600383
0.4949579155732344,0.4894746677856361,0.005483247787598289
0.31608409940449006,0.3120686913382394,0.00401540806625067
0.28750264503139333,0.2903295181421533,0.0028268731107599643
-0.917359257906659,-0.8926848483646151,0.024674409542043807
0.31539700578964913,0.31683871383163686,0.0014417080419877326
0.7268551703508789,0.7189138045869012,0.007941365763977637
0.7544970482504283,0.7350402911772644,0.019456757073163855
0.7943306839329849,0.7822855551459036,0.012045128787081305
0.5438007672830865,0.5389829430638626,0.004817824219223832
0.8951512135747582,0.8697996730437862,0.025351540530971994
-0.12528117004590203,-0.11511297356186458,0.010168196484037453
-0.9139608624360194,-0.8820881978036358,0.031872664632383585
0.70247604077828,0.6951781408769123,0.007297899901367644
-0.7855922056437258,-0.7704277945745733,0.01516441106915245
0.43154435949177766,0.43159228107972514,4.792158794747481e-05
0.3175740079079416,0.3209477286369995,0.003373720729057894
0.7398739879506219,0.7078931844213696,0.031980803529252255
-0.21654834698261985,-0.20744051155076668,0.009107835431853173
0.9612009230402981,0.9390946647838537,0.02210625825644441
-0.0582859045608708,-0.0716352676153228,0.013349363054451995
-0.9650173454254204,-0.9389613551225655,0.02605599030285488
-0.6319108403493221,-0.6232917062650526,0.008619134084269509
0.43781276094659555,0.4369272253521404,0.0008855355944551446
-0.9333384593178731,-0.9038672513969246,0.029471207920948483
-0.948271123390714,-0.9151977070654543,0.03307341632525962
0.8263298958675384,0.8166638486752873,0.00966604719225106
0.06810664840116262,0.08014938852101723,0.012042740119854609
-0.5387040996283203,-0.5314289553226819,0.00727514430563847
0.8684774658855976,0.8482345974296488,0.020242868455948804
-0.003720532503168747,0.00510503716397662,0.008825569667145367
0.11013838656866062,0.09543166961890068,0.014706716949759946
0.9609706570423253,0.9335698373108104,0.02740081973151487
-0.4240313556932683,-0.42197069245016045,0.0020606632431078298
-0.9508219047493254,-0.9175754106408778,0.0332464941084476
0.9681495879474671,0.9420007713540206,0.026148816593446478
-0.30157375788241214,-0.30352848353385425,0.001954725651442113
-0.788266878754472,-0.7578826710678299,0.030384207686642073
-0.6752696735760135,-0.6677240796969957,0.007545593879017876
0.10550608275970379,0.08841583684633243,0.017090245913371355
-0.05369185915075271,-0.05848444842401074,0.004792589273258027
-0.8845927168407371,-0.8657135214208224,0.018879195419914785
-0.37553170431276856,-0.3751928039148621,0.00033890039790646087
-0.9669453835235949,-0.9440392147694715,0.022906168754123435
0.9604338091704284,0.932584829056257,0.027848980114171473
-0.9266227030631754,-0.9092623153937275,0.01736038766944792
-0.39586549766316037,-0.39828272948304394,0.0024172318198835696
-0.47407620178827303,-0.4529161394369337,0.021160062351339326
0.4531289604252937,0.4541053086155494,0.0009763481902556603
0.27836432296249325,0.2842857588438772,0.005921435881383941
0.3730222194873407,0.37640040487199894,0.0033781853846582277
0.3402380980942939,0.33823954964635383,0.001998548447940063
0.9010273504797763,0.8716760001491718,0.029351350330604542
-0.928923421392858,-0.9020805320835298,0.02684288930932821
-0.5238623930345656,-0.5236538287200234,0.00020856431454219226
0.054155102485138114,0.05397879612383718,0.0001763063613009347
-0.6810320382014972,-0.6726817064755586,0.008350331725938576
-0.7872679121437264,-0.7566739104238593,0.030594001719867037
0.37807172280729173,0.3816293004561045,0.0035575776488127597
-0.7659575182628324,-0.7549862418585302,0.010971276404302177
0.0007259271284043852,0.00911607009978171,0.008390142971377324
0.7586770884930711,0.7473989882631119,0.011278100229959231
0.7933783047109537,0.7833919832124813,0.00998632149847245
0.4468428080083831,0.4276004025269457,0.019242405481437408
0.5159327652516787,0.5106437937175128,0.005288971534165965
0.3607681443638097,0.3430976431644725,0.01767050119933722
-0.9188268664498294,-0.8923632652530638,0.026463601196765607
0.04392502772787634,0.05166230042696387,0.007737272699087527
0.857594616401433,0.8442294892856899,0.013365127115743114
-0.9070196079360573,-0.8797998141746618,0.027219793761395494
0.9628595590300607,0.9416397007718806,0.02121985825818007
0.6216677929021805,0.613994784678473,0.007673008223707534
-0.7366257942242511,-0.7355092169852314,0.0011165772390197004
-0.8906651945310499,-0.8616881084659298,0.02897708606512006
-0.49130213729950273,-0.4553920712676913,0.035910066031811405
0.9453750425905897,0.9215225135347563,0.02385252905583335
-0.38201169512392785,-0.35774001989166104,0.02427167523226681
0.9682181966569205,0.9407979761023256,0.02742022055459492
-0.5896667640211856,-0.5833425400734675,0.006324223947718033
-0.4435896698433051,-0.4241476195728001,0.019442050270504996
0.5144943764520106,0.5137987075728352,0.0006956688791753818
-0.09629734620858603,-0.08475003191854752,0.01154731429003851
-0.9081942313003059,-0.8938437140188881,0.014350517281417785
0.9476671154983101,0.9194497223839795,0.02821739311433058
0.8132045643525848,0.793065296272557,0.02013926808002786
-0.948610830303163,-0.9197781624907249,0.028832667812438095
0.10645882618070289,0.08870148635050358,0.01775733983019931
-0.5192718927004374,-0.5135275890483751,0.005744303652062244
0.6930495270136136,0.6637104092486481,0.02933911776496545
-0.9585925900466774,-0.9387128550767473,0.01987973496993012
0.15253002428356888,0.1611201516347545,0.008590127351185611
-0.9421589729183534,-0.9182208627331243,0.023938110185229067
0.5068793138089773,0.5054077348199645,0.001471578989012845
-0.4625580041751158,-0.4425198327371211,0.02003817143799469
-0.8620713711114198,-0.8470511436058501,0.01502022750556975
-0.6683273088307338,-0.6432329148947825,0.025094393935951254
0.6307086019716569,0.6176534923807249,0.013055109590932035
-0.9427509832780413,-0.9137587958868324,0.0289921873912089
0.48186446116144915,0.482382069674807,0.000517608513357859
-0.024105691727048354,-0.013790523884839697,0.010315167842208657
-0.7805954525054489,-0.7659698453869106,0.01462560711853833
0.951861063402037,0.9230765248287572,0.028784538573279783
0.9605888428020724,0.9320744841018491,0.02851435870022323
0.886419765465542,0.8769339034682183,0.009485861997323708
-0.5206352932116377,-0.4993455251259323,0.02128976808570543
-0.5038987957045424,-0.4950448222193354,0.008853973485207056
0.6687948224490176,0.6511970477880739,0.0175977746609437
-0.96629058029183,-0.9367520976825553,0.02953848260927472
-0.9341723658428924,-0.9136449446805391,0.020527421162353288
-0.8695762929173396,-0.8373395267749488,0.032236766142390794
0.2655927743374878,0.250038918308604,0.015553856028883817
-0.9374582032166003,-0.9095624906253874,0.02789571259121293
-0.30524152121333636,-0.28300985825800673,0.022231662955329634
0.7288942260816224,0.7013021047661856,0.027592121315436757
-0.5576668181735894,-0.5366890045942526,0.020977813579336813
0.795292177305659,0.7850566712728035,0.010235506032855501
-0.8911512346961694,-0.8717189854667491,0.01943224922942033
0.6649657580901239,0.6535581876843162,0.011407570405807754
0.4894433321118221,0.4898811924993867,0.00043786038756460366
-0.6838750773100891,-0.6537614346008966,0.03011364270919248
-0.8430137211322272,-0.8284317420478254,0.01458197908440173
0.3378860460734474,0.34432534408414006,0.006439298010692651
-0.5048740972821772,-0.492802197634929,0.012071899647248252
-0.5510005655078684,-0.5514210599836732,0.00042049447580483346
0.963349285637648,0.9463296953893992,0.01701959024824884
-0.3652527252515225,-0.3421352689126288,0.023117456338893727
0.5086094530976569,0.5005099304401079,0.008099522657548985
0.8847067281631439,0.8705537195756317,0.014153008587512228
0.305241522388591,0.2858728391390828,0.01936868324950819
-0.9239187240436577,-0.9004066799836836,0.02351204405997409
-0.543636239060009,-0.5246138850931436,0.01902235396686547
-0.9163070906308849,-0.8997915928329999,0.01651549779788497
-0.7861009411882446,-0.7702040826286936,0.01589685855955103
-0.9268350268768961,-0.9075364677778601,0.019298559099035995
-0.12223378751291633,-0.10794982380343611,0.014283963709480221
0.3710301749056897,0.3520182358404692,0.019011939065220473
-0.9409550402348614,-0.9097391293163861,0.03121591091847531
0.9579257663700815,0.9290091732424907,0.028916593127590873
-0.3823017345856868,-0.3692298198013461,0.013071914784340666
0.9612914087115909,0.9412184650410557,0.020072943670535248
0.9504233402402258,0.9301029887743634,0.02032035146586242
0.1697847949303108,0.1718664139850889,0.0020816190547781055
0.4971935719330425,0.4731086570945101,0.024084914838532367
-0.9172509666875472,-0.9053603649844042,0.011890601703143044
-0.9520380496255036,-0.9348718179648555,0.017166231660648124
-0.20763723635078107,-0.21252539778226268,0.004888161431481602
-0.8938523912492776,-0.8677683488996031,0.02608404234967454
0.024117724656634597,0.032282800540243975,0.008165075883609377
0.9402848626672005,0.911890038976029,0.02839482369117141
0.7461557861077963,0.7375720089297295,0.008583777178066798
0.2263999824860636,0.20847977342081261,0.01792020906525099
-0.1322733067982599,-0.1406206030657976,0.00834729626753769
-0.9667360944432877,-0.9368957885943332,0.029840305848954474
-0.8759374919107519,-0.8499494074953651,0.025988084415386803
-0.696014585727304,-0.6716491565246516,0.02436542920265239
-0.4568903926895903,-0.4565913929762474,0.00029899971334290676
0.6359119985294789,0.6240738137336338,0.011838184795845086
0.9694279019289349,0.9427988453724743,0.02662905655646064
-0.8632568964459593,-0.8338334335981022,0.029423462847857018
-0.05074569471005742,-0.04116096597122287,0.00958472873883455
-0.20877086328613986,-0.2177142296469383,0.008943366360798427
0.8100949777418788,0.7831229664980229,0.026972011243855842
0.017338753533239645,-0.0012678174647794012,0.018606570998019045
-0.5614212051929841,-0.5534766463639603,0.007944558829023785
0.49653891952245555,0.49741918175881417,0.0008802622363586199
-0.2147664528113663,-0.20380675848124133,0.010959694330124975
-0.16550156590867668,-0.1498319277625257,0.015669638146150966
-0.6905267206108295,-0.6620561891039629,0.028470531506866625
-0.22595414103057784,-0.21177454541792237,0.014179595612655471
0.013171798389023855,-0.0015254499221183495,0.014697248311142205
-0.9593159664199552,-0.9402740156475983,0.01904195077235693
-0.8127965130549086,-0.7982848400532585,0.014511673001650127
-0.3663120714401531,-0.36411388640827397,0.0021981850318791296
-0.6660053902734488,-0.6416086700898522,0.02439672018359662
-0.7158155395929202,-0.7149469297190859,0.0008686098738343029
0.8151441736370284,0.8063826471813146,0.00876152645571382
-0.509758217277377,-0.5061288483620296,0.003629368915347375
-0.9258436912991879,-0.9085932469839009,0.017250444315286995
-0.2539576575504894,-0.2568462549511695,0.002888597400680093
0.37149269375135907,0.35465048466425864,0.016842209087100435
-0.17212439142015937,-0.18260350792030433,0.010479116500144964
-0.4979284843982817,-0.48171259259335847,0.01621589180492322
-0.2840077927717932,-0.292340135450407,0.008332342678613769
-0.7362904802740203,-0.7288649541280808,0.007425526145939498
0.29532649785404175,0.29890479156092714,0.0035782937068853937
-0.1817523512836401,-0.16625092010117853,0.015501431182461556
-0.37341426241866255,-0.35876688723005173,0.014647375188610812
0.5747310225301814,0.5703251428480632,0.004405879682118141
-0.1848567395173554,-0.189624582446261,0.004767842928905586
-0.6507313481223175,-0.6448690929019021,0.005862255220415391
0.9522738327085168,0.9299139712614748,0.02235986144704205
0.4201872690428456,0.42313580681888535,0.0029485377760397613
0.44439820448746553,0.42182064173305855,0.022577562754406977
-0.0005977529105340938,-0.012657952262450643,0.012060199351916549
0.2771556691245095,0.25583138662401944,0.021324282500490066
0.5819953515781005,0.5639476661295616,0.018047685448538853
0.07103437948518417,0.07995733578274417,0.00892295629756
0.5179966833314571,0.5068231111256412,0.01117357220581594
0.8861659171957006,0.8606335084209272,0.025532408774773363
-0.9157826673959776,-0.898388669937207,0.01739399745877057
0.3164657776025249,0.2968179895515019,0.01964778805102302
0.19539612266204504,0.19844042038712478,0.0030442977250797476
-0.9490975041709049,-0.9324484628417202,0.016649041329184655
0.6247853691355996,0.5973901912225056,0.027395177913093982
0.7463382705837833,0.7281843026607285,0.018153967923054792
0.46722583223128594,0.46585579565997265,0.0013700365713132934
0.5821063172664059,0.5415070615310854,0.04059925573532053
0.7830189217838884,0.7543386919992662,0.028680229784622258
0.7203758414032071,0.7017147185653942,0.01866112283781285
-0.8237623116462685,-0.798114139522874,0.02564817212339443
0.5497204007811185,0.5328633725752302,0.016857028205888303
-0.11589964391935441,-0.12192133254076341,0.006021688621409005
-0.8320190065648642,-0.8149376362696235,0.017081370295240705
0.8188248515096641,0.7944599003645401,0.024364951145124047
-0.09165238577149826,-0.07445433524288014,0.017198050528618114
-0.9069914913100732,-0.8784586061414685,0.028532885168604638
-0.06095530158856904,-0.06579659545537542,0.00484129386680638
0.4800116968919849,0.47090520890217996,0.009106487989804957
0.9435777214689268,0.9160734515529402,0.027504269915986646
-0.3986041868976226,-0.3859617362902842,0.012642450607338429
-0.3472954324867195,-0.34961228599445826,0.0023168535077387475
0.8874959037663872,0.8680976146004626,0.019398289165924565
-0.29632778296329215,-0.2992999382701788,0.002972155306886659
-0.8213885492976065,-0.8055423337505709,0.01584621554703558
-0.4866924255477947,-0.46740446535067093,0.019287960197123755
0.5410223185811686,0.5186553697050234,0.02236694887614521
0.47913088240326873,0.47326533226050616,0.005865550142762577
0.029016015302150155,0.03433252679202219,0.005316511489872038
-0.9163423710193348,-0.893804284543034,0.022538086476300845
-0.029067884646746766,-0.026051948551927436,0.0030159360948193298
0.7202122690472749,0.6903500555103226,0.029862213536952287
-0.7520039429741939,-0.7284333467502018,0.023570596223992157
0.9573404672154487,0.9324234427014825,0.02491702451396627
0.1485327783860272,0.1307157626329619,0.017817015753065296
-0.549355346712236,-0.5489229580008549,0.00043238871138107093
0.6899056532161228,0.6837406398034853,0.006165013412637532
-0.5123840204834986,-0.5076869192648891,0.004697101218609556
-0.9556671050104963,-0.9322931944946915,0.02337391051580484
0.01498119642749367,0.00701146438881363,0.007969732038680039
-0.9606877461538588,-0.935542122957687,0.02514562319617175
0.965492290674119,0.9429052704956588,0.02258702017846026
-0.5322106133816628,-0.5118431080835706,0.02036750529809217
0.34751751849798307,0.34309443310676174,0.004423085391221326
-0.7911233262764936,-0.7755241681256858,0.015599158150807813
0.6070559367815697,0.5982679767142707,0.008787960067298983
0.24148520356523148,0.2201713000641612,0.02131390350107029
0.9608870249368086,0.9257493137515952,0.03513771118521336
0.7093645371088071,0.7026436879107086,0.006720849198098455
0.10337813577051082,0.10825040937966567,0.004872273609154848
-0.3471987096957686,-0.3494885944894748,0.002289884793706176
-0.9655646209956574,-0.9410527048794968,0.02451191611616066
-0.07861791861221548,-0.06886553200572931,0.009752386606486169
0.5261547869352305,0.5046953956227539,0.02145939131247665
0.791976760214904,0.7687580188510736,0.023218741363830397
-0.7851151452444418,-0.7592419760387401,0.025873169205701707
-0.2197617305644219,-0.2292564315823255,0.009494701017903617
0.37287378443708924,0.3619343085701064,0.01093947586698285
0.2512238619208847,0.22899244855594145,0.022231413364943248
0.6305467433192539,0.6036462977275133,0.02690044559174054
-0.46825482735288176,-0.4674059038764057,0.0008489234764760822
-0.9644796508976343,-0.9376948415324572,0.02678480936517713
-0.9660181303542288,-0.9425213095344375,0.02349682081979132
-0.3199552340477107,-0.32053788007667183,0.0005826460289611313
0.8548787364986399,0.8419038320700795,0.012974904428560419
0.9676143403910118,0.9418426129923653,0.025771727398646527
0.6867793110387893,0.6589904917428473,0.027788819295942013
0.9574995672374504,0.9392556020698182,0.01824396516763227
0.04270296487468646,0.032111135215031006,0.010591829659655452
0.9656321843306902,0.9553893937521861,0.01024279057850408
0.707468782397678,0.6963775040104304,0.01109127838724755
-0.5878295293911375,-0.5744705904810815,0.013358938910056017
-0.023421399051207915,-0.010685050831797173,0.012736348219410743
-0.10972963072845061,-0.11439486909288438,0.004665238364433763
-0.11541927464516777,-0.11717962440746303,0.001760349762295263
-0.8254171036430834,-0.7932809145012052,0.03213618914187821
0.8533125786439851,0.8246235164570012,0.02868906218698397
-0.6638688161259196,-0.6411581388491318,0.022710677276787883
-0.010511441830061675,4.866179415989525e-05,0.010560103624221572
0.6601972758721502,0.6535359567623393,0.006661319109810826
0.7907571818694707,0.7731107409847644,0.01764644088470635
-0.8525245824085491,-0.8303215282616886,0.022203054146860524
-0.06743420611866749,-0.07911729480850291,0.01168308868983542
0.493006079699276,0.4902191463470019,0.0027869333522740902
0.7066108687932687,0.6795932361720023,0.02701763262126644
-0.9456440785054337,-0.9238444187756771,0.021799659729756615
0.9491691011333538,0.9160821127135829,0.03308698841977098
0.9472970290252093,0.9200668756449597,0.02723015338024959
-0.3683351000038183,-0.3713268035144003,0.002991703510581978
0.8971621454125305,0.8812288358456284,0.015933309566902087
-0.6524578827668462,-0.6288423171156245,0.023615565651221693
0.9634639698611844,0.9388815458978506,0.024582423963333877
-0.7616914556656698,-0.7385362350198917,0.02315522064577802
-0.8337604528876228,-0.8087664799311922,0.024993972956430577
-0.5904225553662109,-0.5623287063644843,0.028093849001726623
-0.13939909053660882,-0.14265840735493945,0.0032593168183306376
-0.9607704292271954,-0.9373930345873189,0.023377394639876425
-0.2578749454170235,-0.261885850694669,0.004010905277645527
-0.9658192023825165,-0.9392526677615708,0.026566534620945714
-0.9439434764257917,-0.9245916615101496,0.019351814915642085
0.8490121801368584,0.8215637717628274,0.027448408374031064
0.5772508506401652,0.5724315970266656,0.004819253613499663
-0.9311605291909616,-0.9048247869554652,0.026335742235496395
0.9056616633681054,0.8829199207752688,0.022741742592836567
0.19001690636742466,0.19809973736328693,0.008082830995862267
0.744998550827028,0.718509501307618,0.026489049519410002
-0.9084538364350556,-0.8803249096998582,0.0281289267351974
-0.8653162547199004,-0.8557650568704824,0.009551197849417936
0.8067285195594227,0.7960156573353669,0.010712862224055764
0.9173985468016909,0.8994412532064608,0.017957293595230017
0.6599959109273275,0.6581563870158075,0.0018395239115199802
0.8847138346949482,0.8565247949976097,0.028189039697338547
-0.9092980041627853,-0.8775821570125525,0.03171584715023279
0.3775126098114058,0.3789930694420726,0.0014804596306668416
-0.054884053356258976,-0.04441648211188657,0.010467571244372406
-0.4648595128885962,-0.43828231667948636,0.026577196209109866
0.0022449052945236543,-0.00811749787405463,0.010362403168578284
-0.9680525838401152,-0.9455840014850924,0.022468582355022804
0.32956196511408153,0.33158965883679703,0.0020276937227154956
-0.9596742008117147,-0.9259528422965252,0.03372135851518954
0.22248657558863147,0.20981040822870334,0.012676167359928131
0.6424882292665408,0.637533573603148,0.004954655663392815
-0.8099257967875257,-0.7841049727860195,0.025820824001506204
0.8087982574318,0.7961738366070149,0.012624420824785099
0.9574050842153449,0.9338327658535395,0.0235723183618054
-0.09919783532492359,-0.09168822227563991,0.007509613049283673
-0.3867589713855679,-0.36771554923793076,0.019043422147637157
-0.7981351992097202,-0.7701775612005612,0.027957638009158958
-0.34274447858798274,-0.34761048213163476,0.00486600354365202
0.8066347015698789,0.7897317500809846,0.016902951488894313
-0.1671732511977942,-0.1658147589930312,0.001358492204763001
0.2694308723325192,0.2524020709814062,0.01702880135111301
0.8285376831379638,0.8113565566986796,0.017181126439284267
-0.048362788678210755,-0.03902504906671665,0.009337739611494103
-0.9335980720068622,-0.9144980373213281,0.019100034685534117
-0.21716555960089576,-0.22645559948567695,0.009290039884781193
0.8678533399534094,0.8562229847319007,0.011630355221508681
-0.6248007883511101,-0.6020628771284899,0.022737911222620144
-0.95143072065767,-0.9194908869689428,0.031939833688727215
-0.9684209834450317,-0.9462337887314886,0.022187194713543135
0.9535214112595953,0.9256046133616802,0.027916797897915124
0.6756423654025292,0.6637504537015626,0.011891911700966595
-0.3662256118572846,-0.34610428053015396,0.02012133132713062
-0.6416200637532951,-0.6313794709795201,0.010240592773774981
0.7653319158637182,0.743253652724357,0.02207826313936123
-0.9028989661845961,-0.8825898592682886,0.020309106916307496
0.15885205566050078,0.1622096337202153,0.003357578059714511
-0.5959131495968988,-0.5736333677271197,0.02227978186977908
0.657309827371383,0.6348247381076738,0.02248508926370918
0.22769371060962892,0.21602547715029116,0.011668233459337762
0.841472479227676,0.8209629578328723,0.020509521394803665
0.7573780994943121,0.7316965341080046,0.025681565386307503
-0.9629242999401099,-0.9390603720415241,0.023863927898585713
-0.5337641652016482,-0.5120118403039365,0.021752324897711617
0.8784941457078621,0.858434561941488,0.020059583766374067
0.6228032246354109,0.5979294962260187,0.02487372840939228
0.07518668066049307,0.06468296915232695,0.01050371150816612
0.2693581246484147,0.24882224291528637,0.020535881733128314
-0.2081697910155218,-0.21223936134666843,0.0040695703311466325
0.5803271410882698,0.5753263241105978,0.005000816977671962
0.1997295994795465,0.18669630565774886,0.013033293821797631
-0.3844583437346277,-0.3620046439342341,0.022453699800393634
0.9032671275519876,0.8801482169042881,0.023118910647699442
-0.12452437031813678,-0.10748709428351347,0.017037276034623308
-0.01674862783859766,-0.03254603453992905,0.01579740670133139
-0.9373450180136118,-0.9161771263757456,0.021167891637866254
0.5339652449820749,0.5105295706760234,0.023435674306051424
-0.9070849965507385,-0.8929430259577225,0.014141970593016029
-0.4146539833680136,-0.3933988266474218,0.021255156720591806
0.922256634984113,0.8996742704919971,0.022582364492115925
-0.9678275699898682,-0.953585993425982,0.014241576563886138
-0.8648656707053543,-0.8330610245665477,0.031804646138806514
-0.6611479520187746,-0.649402579531988,0.011745372486786643
-0.9682885620393631,-0.9430200707757448,0.025268491263618298
-0.6486850309528324,-0.6451733939876303,0.0035116369652020696
0.61793280515175,0.5947355516453252,0.023197253506424764
0.8392812281471311,0.8152974468054468,0.02398378134168433
0.4749947476831901,0.47263609186234273,0.0023586558208473773
0.6696978713077789,0.6403053580189678,0.029392513288811095
0.7659030021402616,0.7496384841390642,0.016264518001197437
-0.3592147473581283,-0.3419271783895983,0.01728756896853001
-0.326342243090316,-0.3243113294949465,0.002030913595369499
0.18258793901685982,0.193193941680863,0.010606002664003189
0.5736205731836804,0.5555036701216025,0.018116903062077916
-0.3914368121733641,-0.37204565315889915,0.019391159014464976
0.7062356492828175,0.6735411349582955,0.03269451432452197
0.5620981609488205,0.5596208357921311,0.002477325156689414
0.9573717656897057,0.9321914645372785,0.025180301152427198
0.9075809670529187,0.8785348453851548,0.02904612166776388
-0.1102707212327877,-0.1176977727765077,0.0074270515437200035
0.24110410686677897,0.24308044604949924,0.001976339182720277
0.2752023305135728,0.25459817727418155,0.020604153239391243
-0.8439441303455064,-0.8128318755395898,0.031112254805916617
-0.7347352888274974,-0.7107466812450768,0.023988607582420607
0.8785790052782897,0.8569969303339264,0.02158207494436326
-0.9531110014984702,-0.931824559922647,0.021286441575823156
-0.20771253659234368,-0.1925524413175006,0.015160095274843077
-0.6271772359487602,-0.6196554215857746,0.007521814362985602
-0.5302882099283874,-0.5317636359567066,0.0014754260283191822
-0.42540184765537664,-0.4225394845685938,0.0028623630867828376
0.6836728253299599,0.6709432381479138,0.012729587182046087
0.9406648848479359,0.9129562713785284,0.02770861346940745
0.5356823393241357,0.5347400557002547,0.0009422836238809351
0.32510384159041594,0.3069233505598374,0.01818049103057856
-0.8565602055098075,-0.8424028863682949,0.014157319141512636
-0.8101244453641048,-0.7983546396796524,0.011769805684452406
-0.7511984362313968,-0.7356497602126808,0.015548676018716012
0.13496331703095338,0.14008569926015702,0.005122382229203637
0.9666393585844757,0.9446366218876083,0.022002736696867364
-0.9567947781385665,-0.9336729340094673,0.023121844129099234
0.8961833317990431,0.8684464974800462,0.027736834318996872
0.4082747634112312,0.40746867259505715,0.0008060908161740543
-0.136895492664452,-0.14137930217245867,0.00448380950800667
0.7673538226745177,0.7473337406881214,0.020020081986396265
-0.444128770374074,-0.419716313937295,0.024412456436778973
-0.8922019541273046,-0.8673528542050595,0.024849099922245155
-0.7507214986010758,-0.7229341289740865,0.027787369626989356
-0.21162960921976526,-0.21094256521884497,0.0006870440009202894
-0.6346156858877616,-0.6269880131149989,0.0076276727727627724
-0.31998282790295196,-0.3036745626779042,0.016308265225047747
0.2162560023112129,0.2186115395001204,0.0023555371889075194
-0.5473459139072889,-0.541375378384138,0.005970535523150966
0.13471893013297342,0.11864382443684239,0.016075105696131034
0.7754082301477894,0.7593105850159713,0.016097645131818106
0.09492960431394774,0.08836639894343165,0.0065632053705160925
-0.6155007977198862,-0.6100002043792728,0.005500593340613369
0.9575603065519084,0.9346894061270319,0.022870900424876495
-0.626434089731474,-0.5970938432963944,0.029340246435079598
-0.9595089719395361,-0.9441221068566302,0.015386865082905876
-0.5841532141370048,-0.5594745269331065,0.02467868720389832
-0.8814813900757729,-0.8717342094368631,0.00974718063890978
0.4138373841233842,0.41998350112257044,0.006146116999186213
-0.9634683393489493,-0.9328037720948733,0.03066456725407596
0.623628159789473,0.62097744649374,0.002650713295732965
0.452803677529057,0.4363185100181025,0.016485167510954468
-0.2872033350983144,-0.2644819668702238,0.02272136822809062
0.6908145686072263,0.6779313888977252,0.012883179709501147
-0.7970180089491867,-0.7645803885817037,0.03243762036748299
-0.6323702714492733,-0.6148962328661176,0.01747403858315566
0.8687961872373302,0.8570454986871132,0.011750688550216992
-0.4456800788416389,-0.441249295802521,0.004430783039117925
0.05413645933277339,0.06488657354055419,0.010750114207780798
-0.7068149818877278,-0.6982031723627578,0.008611809524970093
0.09828522239882942,0.09516582430076613,0.003119398098063289
0.9178020047995441,0.8967553423436884,0.021046662455855736
0.9316341174772342,0.905225818359553,0.026408299117681278
0.5453202163316141,0.5411526076918607,0.004167608639753406
0.7725292577960526,0.7335027143970257,0.03902654339902689
-0.1782879370909928,-0.18786148907130995,0.009573551980317146
-0.04143309268021789,-0.03224370897076766,0.00918938370945023
0.8741162764645799,0.8540902495109083,0.020026026953671616
-0.8740672517976383,-0.8557471127191941,0.01832013907844421
-0.6352274524326307,-0.6279038109601086,0.007323641472522069
0.8439272800293991,0.832052032581797,0.011875247447602044
-0.7380456872705744,-0.7314134134072638,0.006632273863310556
-0.7311449126758122,-0.7074529747930124,0.023691937882799774
0.9673844640446527,0.9444448033173384,0.022939660727314348
-0.6830795438117442,-0.6757909496972593,0.007288594114484903
0.7428630975258973,0.7393644099272669,0.003498687598630368
-0.8904221261802369,-0.8665345011005703,0.023887625079666575
0.9101384455990474,0.8873107424821554,0.022827703116892084
-0.6637711263452787,-0.6562705527572619,0.007500573588016812
0.9131791944742257,0.8947733927406327,0.018405801733592964
-0.9028090348011067,-0.8718227899556078,0.030986244845498945
0.9446827248093644,0.9256897267619218,0.01899299804744259
0.35611602915799123,0.3608048531617959,0.004688824003804659
-0.9646069236832794,-0.9393552550619216,0.025251668621357748
-0.914920377181572,-0.8866384930610859,0.028281884120486156
0.05997785852602254,0.049983739058116136,0.009994119467906404
0.0869754623799451,0.09249956164588247,0.00552409926593736
-0.9663764188008577,-0.9513678344187593,0.0150085843820984
-0.9657655703326732,-0.943007223587754,0.022758346744919167
0.9607530099660848,0.9350211820582621,0.02573182790782269
-0.09373816713214363,-0.10275367324020257,0.009015506108058943
-0.3100639932150852,-0.3158862928005452,0.005822299585459989
-0.509413494978201,-0.5076721378879914,0.0017413570902096165
0.9584868930340024,0.937899030929113,0.020587862104889387
0.6199698254475294,0.5958287012230385,0.024141124224490884
-0.23763863275510125,-0.22359575081403366,0.014042881941067592
0.5153068198723508,0.5084012352085694,0.006905584663781439
0.9649888876987688,0.9370470199976083,0.027941867701160472
0.8043793068648858,0.7769641946671408,0.02741511219774495
-0.5276163883991196,-0.5249851082573688,0.002631280141750847
-0.05096017582713887,-0.05247407327199601,0.0015138974448571443
0.963514176297117,0.9373628237991616,0.026151352497955416
-0.39804161927795384,-0.39627274645215643,0.0017688728257974073
0.341951083883635,0.33657288913365324,0.005378194749981746
0.9030438339686213,0.8755140797180344,0.027529754250586902
-0.7352226161532496,-0.704981688573158,0.03024092758009156
0.6601345988618864,0.6525021790372,0.007632419824686432
-0.2081373055294707,-0.2093110479474945,0.0011737424180237876
-0.7248225653309758,-0.71178536607498,0.01303719925599578
0.6619560404895047,0.6342517244380886,0.0277043160514161
0.44428225301003155,0.4378613172799108,0.006420935730120758
0.9214605663599367,0.898748027795019,0.022712538564917617
-0.9010273513582836,-0.8775617755707936,0.02346557578748998
-0.8994259687970482,-0.8797264476525746,0.019699521144473597
-0.5803271414545094,-0.573042063084475,0.007285078370034337
0.6890855844957904,0.6835492645497495,0.0055363199460408685
-0.720487318777575,-0.6905077323307687,0.029979586446806317
-0.9271961694628886,-0.9032519381092359,0.023944231353652756
-0.9647980471344221,-0.9473421847562287,0.01745586237819341
-0.06648026453153323,-0.0776604251181161,0.011180160586582874
-0.42047833979451876,-0.3948696161313039,0.025608723663214872
0.03153247555212239,0.023692561418838822,0.007839914133283565
0.16316010905278475,0.16100034319379433,0.0021597658589904145
0.9661722000206332,0.9431037469180464,0.02306845310258676
-0.7634025565686687,-0.7509243588050833,0.012478197763585386
-0.25465859880279207,-0.23776175827124513,0.01689684053154694
0.8211336893322408,0.8051180477244643,0.016015641607776576
-0.242018384586016,-0.22537585645591138,0.01664252813010461
-0.5389081126050561,-0.538924684538243,1.6571933186937393e-05
-0.32225579784969854,-0.3230114582375553,0.0007556603878567381
0.7889225971682382,0.777315904213168,0.01160669295507022
0.3555654276306447,0.35714796171565383,0.0015825340850091352
0.919413533961869,0.9078674950398583,0.01154603892201067
-0.9184100808214376,-0.8928672889072437,0.025542791914193952
0.3562937606376048,0.3379654576463387,0.018328302991266143
-0.6041013062465542,-0.5762595233559878,0.02784178289056638
-0.9683767458427528,-0.9385675691552987,0.029809176687454086
-0.8842112215649282,-0.8667934882428617,0.01741773332206642
0.14708886565709597,0.15842252058520456,0.011333654928108589
-0.039886531856045876,-0.030037324547785068,0.009849207308260808
-0.00678486138384719,-0.018582823865459303,0.011797962481612113
-0.9286092147486157,-0.9034269529949914,0.025182261753624258
0.5072529923946708,0.4869548139221953,0.020298178472475503
0.8741957186987398,0.8450142555855299,0.029181463113209904
-0.9616201032853314,-0.9394270775457139,0.022193025739617567
-0.9113029903259094,-0.8797601225454436,0.03154286778046589
0.36783256672610937,0.3525620951451254,0.01527047158098399
-0.2939549962295059,-0.2946078181081628,0.0006528218786568951
0.43985959188685,0.4149963949219675,0.024863196964882484
0.4794076650055059,0.47598752819290824,0.003420136812597674
-0.9679166204410811,-0.9453135941200385,0.022603026321042607
-0.9650651551361946,-0.9341415118300709,0.030923643306123738
0.8616642533201736,0.8347787271206258,0.02688552619954776
-0.9057855344195245,-0.8885063463213648,0.017279188098159648
-0.9378920454058751,-0.905179065116518,0.032712980289357096
-0.9603859574106686,-0.9295447154167256,0.030841241993943003
-0.34078011893718874,-0.31774433072856445,0.023035788208624286
0.6057124923145096,0.6002205820655023,0.0054919102490073035
-0.4575734995326131,-0.4382550093797743,0.01931849015283882
-0.9071345981251243,-0.8841825870784764,0.022952011046647902
0.383873813284942,0.36462475183050286,0.019249061454439165
-0.8404213607091092,-0.8246605453818318,0.015760815327277466
0.9540686922651966,0.9242966890224752,0.029772003242721445
0.7752432048282685,0.7497133899630798,0.025529814865188682
0.5405952919257858,0.5443970881843909,0.0038017962586051057
-0.8503365697104995,-0.835805521102603,0.014531048607896557
0.4049093095328603,0.4055503341671153,0.0006410246342549719
0.5552541481338324,0.5311068423996239,0.024147305734208535
-0.25539006883723697,-0.2578954992581812,0.0025054304209442546
-0.7519625736177933,-0.7275004782398312,0.024462095377962068
-0.8141647498610279,-0.782587265654478,0.03157748420654993
0.2180348834678415,0.20397022254716654,0.01406466092067496
0.5425833084574265,0.5352688576746732,0.007314450782753279
-0.7398125908752854,-0.7117882063282251,0.028024384547060244
-0.5192957174969989,-0.5185589272579574,0.000736790239041496
-0.9297583976762337,-0.9048479318479424,0.02491046582829126
0.24432451526462692,0.22794488143395955,0.016379633830667373
0.9532779340788324,0.9330266854910351,0.020251248587797366
-0.9664619578193804,-0.9369320480377278,0.029529909781652597
0.8062821567081098,0.7795153100362866,0.026766846671823163
-0.7863730497314247,-0.766326258472962,0.02004679125846276
-0.37396097905823966,-0.3504381424506745,0.023522836607565156
0.4186113118972991,0.3939752318429454,0.024636080054353693
-0.9650267190381557,-0.9407960001107349,0.02423071892742079
0.2762574829317227,0.2816020096812603,0.005344526749537615
0.9471481103716263,0.9294618324616607,0.017686277909965575
-0.9578232747825735,-0.9355183684781928,0.022304906304380645
-0.9640130811265506,-0.9426208727644834,0.021392208362067233
-0.31701183274063593,-0.29937596047930337,0.017635872261332564
-0.9141104123434279,-0.8954909750687203,0.018619437274707606
0.6772592395147029,0.6749640652229086,0.0022951742917942664
-0.7369028328421774,-0.7305347068593865,0.0063681259827909065
0.4322208304102342,0.4278255548113992,0.004395275598834958
-0.8090188355065288,-0.7863994586720024,0.022619376834526306
-0.8059083849152654,-0.7888146365564441,0.01709374835882127
-0.8143644943421937,-0.8045261527776276,0.009838341564566089
-0.9374886762602546,-0.9089198180529683,0.028568858207286274
0.9671653747445156,0.9458728844528722,0.021292490291643373
-0.3591884273215448,-0.34097889560431405,0.018209531717230776
-0.8465882006561848,-0.8154155607190774,0.031172639937107394
0.8870262266737695,0.8649292850347337,0.02209694163903586
0.8442035695518832,0.8130770633382258,0.031126506213657423
-0.8370385947380226,-0.806418746062911,0.030619848675111583
-0.6985694100014689,-0.6758099752229905,0.022759434778478416
-0.3497377177494662,-0.3324402447719604,0.017297472977505834
-0.7369997478874768,-0.7137302850150737,0.023269462872403057
0.9384463235808984,0.9221586607172881,0.016287662863610275
0.2442974060173932,0.21847587860349885,0.025821527413894346
-0.6147972867444065,-0.6121436864945471,0.002653600249859389
-0.8055279510051744,-0.7793674417224348,0.026160509282739608
0.8646620867967483,0.848812099045298,0.0158499877514503
-0.9645224283135567,-0.9364713740581924,0.02805105425536436
-0.07271593003681003,-0.07771008008068211,0.004994150043872089
-0.1597179012520254,-0.1477888571452979,0.011929044106727488
-0.9656163742247497,-0.9464061666722217,0.019210207552528002
0.9425307629813054,0.9167116495177232,0.025819113463582233
-0.36554888202069674,-0.34902738230623326,0.016521499714463483
0.8279964828834421,0.8159849005627768,0.012011582320665237
0.5303471025172223,0.5289168945510759,0.0014302079661463463
-0.3907847997290818,-0.38788664735849276,0.0028981523705890466
-0.45759847808889426,-0.44312335306484874,0.014475125024045521
0.5194647262754106,0.5199551050890608,0.0004903788136502163
0.6823568836366967,0.67197266659193,0.010384217044766664
0.8567878962824177,0.8455987362356272,0.011189160046790492
0.9227803933647702,0.892598762930154,0.03018163043461619
-0.8982658230248113,-0.8713842436412231,0.02688157938358815
0.8920129405807078,0.873107575795408,0.018905364785299805
0.40711040755822175,0.3861423683140922,0.020968039244129544
-0.8822520178789344,-0.860437335176868,0.021814682702066324
0.8424377295956743,0.8206700093156549,0.021767720280019387
0.7854809860678864,0.7758615215550465,0.009619464512839904
-0.008161362818729366,-0.010557063693971998,0.0023957008752426324
-0.6699788523273931,-0.6591103300427334,0.01086852228465962
-0.8866936388265199,-0.876393359599325,0.010300279227194897
0.9441380011672477,0.9179209501042199,0.02621705106302774
0.927458028882899,0.898581857698071,0.028876171184827992
-0.4655292486388209,-0.4521497281219126,0.013379520516908272
0.6135803307271622,0.6063565000351161,0.007223830692046129
0.9564960992518231,0.9343948042651161,0.022101294986706987
0.7543779657827729,0.738022026874584,0.016355938908188983
0.8813128084637846,0.8690685989167287,0.012244209547055851
-0.17219590742785787,-0.1804850013020605,0.008289093874202624
-0.8037588992726187,-0.7894191811645771,0.014339718108041577
0.6056874077414031,0.5809855701543758,0.024701837587027264
-0.6887807225078062,-0.6830371119088757,0.005743610598930471
0.5639558401641629,0.5611053991967594,0.0028504409674035003
-0.348169823990853,-0.32963543461396033,0.018534389376892668
-0.5143761637267981,-0.5111208297653798,0.0032553339614183052
0.3946328755947244,0.3708599654109314,0.02377291018379296
-0.21398003150826392,-0.19740043678406557,0.016579594724198343
0.6599432444901084,0.6416089968217423,0.01833424766836611
-0.04513027309774113,-0.03190418002657845,0.013226093071162681
-0.9569925416013852,-0.9370176594613512,0.019974882140034067
0.35043369330090235,0.3529765199457326,0.002542826644830243
-0.1310717186127201,-0.13840130333693984,0.00732958472421974
0.9352988500518689,0.907148828959989,0.028150021091879807
-0.0060438745888374635,0.004028473098475492,0.010072347687312955
-0.2779036745918653,-0.2585326482230977,0.01937102636876764
-0.8936291677697898,-0.8741788604906405,0.019450307279149315
-0.6016864350577026,-0.5974286461176621,0.0042577889400404745
0.4611832383789083,0.4401257476899932,0.021057490688915104
0.608966063703577,0.5821298019039479,0.026836261799629058
-0.36124440145016185,-0.36516301034686144,0.0039186088966995936
-0.40890105824618267,-0.40290678349530334,0.005994274750879325
-0.08856422338057364,-0.09818414657032189,0.009619923189748247
0.6799250797141245,0.6547390720949633,0.025186007619161233
-0.7796503379590024,-0.7560416447983772,0.023608693160625194
0.6987134222245711,0.6757513415645073,0.022962080660063777
-0.26304592232449236,-0.25420441414886585,0.008841508175626511
0.4734123291459929,0.4516937649903209,0.021718564155672027
0.8585240609259656,0.8470068890291576,0.01151717189680801
-0.9144531347115603,-0.8970224418774796,0.01743069283408072
0.9473613975691278,0.9251921294978817,0.022169268071246195
-0.8500737390515105,-0.8189498074200718,0.031123931631438673
-0.2372786095780967,-0.24237336451619265,0.005094754938095941
-0.5439383373275587,-0.5399747548038641,0.003963582523694553
-0.9273558231942647,-0.9016878595316471,0.025667963662617588
-0.44901401311787187,-0.4477209931284781,0.0012930199893937955
0.45271686982775905,0.454782921718801,0.0020660518910419756
0.4026479419913572,0.3801531695199258,0.022494772471431446
-0.9311983632658026,-0.8995248257005836,0.03167353756521907
0.8861767070343501,0.8549595799314966,0.031217127102853515
0.025506563755938856,0.0326709122491988,0.007164348493259941
0.5008217737055083,0.4842599590183975,0.016561814687110765
-0.7754082320794795,-0.759456145505777,0.015952086573702506
-0.12209948917980859,-0.10378652972547686,0.01831295945433173
-0.9382481054764398,-0.9124835193135529,0.025764586162886904
0.050282922227771455,0.03731519996222016,0.012967722265551297
0.2219481076590328,0.20690282160160797,0.015045286057424834
-0.049962517045652806,-0.062307118475117475,0.012344601429464669
-0.9658175078263654,-0.9398756643103209,0.02594184351604456
0.5751371169151638,0.5499257790379424,0.025211337877221407
0.2894924302207395,0.2752279930851777,0.014264437135561803
-0.7339410073363403,-0.7217324941249696,0.01220851321137062
0.7809097050237432,0.7710231369020334,0.009886568121709849
0.20418076223088547,0.20551612779703612,0.0013353655661506592
0.946127366581727,0.9193464231392798,0.02678094344244719
-0.967400897205076,-0.9430880811112915,0.02431281609378455
-0.14604294646313473,-0.14841035750788642,0.0023674110447516883
0.7483139669349499,0.7399206625023096,0.008393304432640303
-0.9684862457039135,-0.9413832504894777,0.02710299521443582
-0.7700870300019055,-0.759234388217586,0.010852641784319439
-0.2350224380051296,-0.2388600151801095,0.0038375771749799004
0.137657269335602,0.12290039242312302,0.01475687691247897
0.8932141381441043,0.8792876233633315,0.01392651478077278
0.23651897784679327,0.24411420534297962,0.007595227496186352
0.9395807073745353,0.9234155058287336,0.0161652015458017
-0.7377914941364669,-0.711674373969891,0.02611712016657597
-0.05692088321502793,-0.03737291449417288,0.019547968720855048
0.5043209703960972,0.5016128700018623,0.002708100394234969
-0.9578610865936634,-0.9365463860564999,0.021314700537163556
0.11231277871716276,0.11845710513688325,0.006144326419720486
-0.7485915212476368,-0.7333610877667286,0.015230433480908245
-0.23880136068271607,-0.22203905801302015,0.016762302669695917
-0.6540066740155344,-0.6299514038772294,0.024055270138304996
0.4541280307668887,0.45569581920600205,0.0015677884391133712
-0.8471463951845538,-0.8302570301563396,0.016889365028214254
-0.8389384968319812,-0.8082195436473966,0.03071895318458462
-0.7863227226465486,-0.760472137018107,0.025850585628441558
-0.6476533182703846,-0.6294001898307315,0.0182531284396531
0.7976502777381863,0.7860935557913283,0.011556721946857973
0.9311167268206824,0.9004234961189381,0.030693230701744234
0.9035914191327047,0.8804623029525165,0.023129116180188203
-0.3248321649764805,-0.3021714233000916,0.022660741676388874
-0.5028068202549483,-0.4961806656910455,0.006626154563902753
0.800114805401791,0.7903866639850634,0.00972814141672762
0.9549175622157781,0.9261699127366582,0.028747649479119897
-0.2554631007675227,-0.2412415012017477,0.014221599565775012
0.22029908733942322,0.21001982805951888,0.010279259279904335
0.1464679499278847,0.14613301996465555,0.0003349299632291469
0.006949374803401936,0.01538131341023884,0.008431938606836904
0.9683072655119471,0.9417885306608917,0.02651873485105538
-0.6529311303330851,-0.6493690054409446,0.0035621248921405835
-0.02092178074092982,-0.031034010017467403,0.010112229276537585
-0.13867026507677138,-0.1437091858432917,0.005038920766520322
-0.7424215982501182,-0.7282074106464219,0.014214187603696304
0.6212919800824026,0.6008440755731834,0.020447904509219184
-0.8169937630111269,-0.7893635605069903,0.027630202504136614
-0.4685574962831083,-0.4475232637343321,0.021034232548776177
0.7758239143336729,0.7590087587876626,0.01681515554601032
-0.3630637675404402,-0.3458478661272276,0.017215901413212553
0.9026614727256698,0.8894166030150614,0.013244869710608342
-0.5264090844790593,-0.5204921606500273,0.0059169238290319726
0.9256711128639651,0.9050982598166972,0.02057285304726786
0.9192592534753785,0.9017610299275858,0.017498223547792735
0.2453649157846564,0.22548034298239392,0.019884572802262496
-0.8959116008376821,-0.8784546351717903,0.01745696566589172
-0.6476545514851763,-0.6399230610736375,0.007731490411538755
-0.40652883870996465,-0.3830051725517737,0.02352366615819096
0.021478923675331933,0.014947543923620445,0.0065313797517114885
0.5500853578930189,0.5489418886761624,0.0011434692168564853
0.7820685560854698,0.754925195694828,0.027143360390641802
-0.434129160067307,-0.43359559512596757,0.0005335649413394372
0.9675426209809599,0.9458522399536677,0.02169038102729215
-0.09826694263685866,-0.10458456750101715,0.006317624864158489
-0.5228922750121106,-0.5028922940256585,0.01999998098645206
0.16670642805804214,0.14956415665343376,0.01714227140460839
-0.06940433183368605,-0.08193945222801582,0.012535120394329774
0.6968410701054483,0.6762606879548183,0.02058038215062996
-0.06494635020530984,-0.052889065526573735,0.012057284678736103
-0.4851648506757053,-0.46465273399152524,0.02051211668418007
-0.4652967224300091,-0.4599937845046362,0.005302937925372897
0.8071457730561277,0.7838532793030547,0.023292493753072963
0.9669710234143509,0.9393005293379364,0.02767049407641453
-0.28988213693955056,-0.27364954768182637,0.016232589257724195
-0.07479141188487647,-0.06231098135573112,0.012480430529145346
0.6152547127835857,0.5990137392973237,0.016240973486261967
0.047451080193543646,0.06073580026792065,0.013284720074377004
0.15590950592647573,0.165104765076678,0.009195259150202278
-0.15440265665268219,-0.13561830664756114,0.018784350005121048
0.9033140195040041,0.8924757815634824,0.010838237940521744
0.12952112725359546,0.13418324699427786,0.004662119740682397
-0.7894084076084729,-0.7720486057027028,0.017359801905770023
-0.03723377989650161,-0.04191065952466144,0.0046768796281598315
-0.5270586316302073,-0.5109485883533965,0.01611004327681076
0.9666991779863384,0.9333681353775682,0.03333104260877018
-0.8601352231051659,-0.8421172726885239,0.018017950416642003
-0.5132701287038223,-0.4878208280724529,0.025449300631369354
-0.9193524744664199,-0.8933058730145939,0.026046601451826024
0.8860993479090762,0.8658818841660829,0.02021746374299327
0.9452266130714996,0.92307511717657,0.022151495894929596
-0.9489628200090265,-0.9236761305079942,0.0252866895010323
-0.2998071776466927,-0.30098187145773087,0.0011746938110381855
-0.9553667025557,-0.9237236872140628,0.03164301534163716
0.8029040483087613,0.785914806195158,0.01698924211360331
0.04149400675250442,0.029194665387030052,0.012299341365474368
-0.13327031967920586,-0.11433135559540326,0.018938964083802592
0.1744849412465784,0.17961412597737234,0.005129184730793934
0.19594089064959652,0.17519078379927017,0.020750106850326355
-0.711035655762631,-0.6874011434125186,0.02363451235011238
0.6325752678589324,0.6215971231608173,0.010978144698115089
-0.207625688657673,-0.18996476745167995,0.017660921205993052
-0.7101127093904681,-0.7018278438590306,0.00828486553143748
-0.418268926705209,-0.40212579826240125,0.01614312844280774
-0.5605685719923013,-0.555611984787042,0.004956587205259266
0.03709626510942809,0.04943970458632822,0.012343439476900135
-0.9364689226846336,-0.9139450578777202,0.022523864806913374
0.7098054904358758,0.685695373402255,0.02411011703362087
0.6850496623279305,0.6769962764192335,0.008053385908696975
-0.7403282510330291,-0.7259893690633217,0.014338881969707451
0.9625618378706855,0.9287976193034695,0.03376421856721601
-0.6709972718062956,-0.666525859580479,0.004471412225816596
-0.9183302633461874,-0.8975919669542974,0.020738296391889954
0.8037198546398828,0.7853338233827021,0.018386031257180746
0.9626533889197741,0.935520681912593,0.027132707007181178
-0.43874959273983977,-0.41355531598850764,0.025194276751332123
-0.03459249451961298,-0.02362847083506738,0.0109640236845456
0.8272254703646831,0.8071479446879994,0.02007752567668364
-0.41633193054127887,-0.39749941314888204,0.01883251739239683
0.7672303469122205,0.7408954301221377,0.02633491679008282
-0.7317418951716345,-0.7039712960780488,0.0277705990935857
-0.5000796365076248,-0.48225110956249084,0.017828526945133927
-0.7517725088088696,-0.7330919738160258,0.018680534992843834
-0.9616480897820627,-0.9315109876238118,0.03013710215825094
0.5373621979685678,0.5359517447188906,0.001410453249677146
0.9335527937653103,0.9128849828929854,0.020667810872324943
0.6128937844503981,0.6049580388567383,0.007935745593659838
-0.5451185707502241,-0.5427980680248365,0.00232050272538753
-0.7496996062128901,-0.7388884551759636,0.010811151036926536
-0.8425716548473146,-0.8289533282415557,0.013618326605758901
-0.954667930632789,-0.928314722434573,0.02635320819821596
-0.7214904658462076,-0.6975717933711247,0.023918672475082836
-0.6012908302986771,-0.5792942647950442,0.021996565503632937
-0.4260298600587998,-0.42309636516087956,0.002933494897920219
-0.3962846817321344,-0.39996990393099985,0.0036852221988654676
0.11952435673332676,0.12923893559513408,0.009714578861807321
0.8728793636592792,0.8518085328886014,0.02107083077067784
0.8417047741117666,0.8290159194221638,0.012688854689602791
0.5604687999751364,0.5387564960373712,0.021712303937765243
0.968507577926365,0.9433022187522648,0.02520535917410016
-0.5906550686364377,-0.5801745483053534,0.010480520331084264
0.9341982952409624,0.9138039675207362,0.020394327720226202
0.9539057009227687,0.928245317810755,0.025660383112013685
-0.4180916595989945,-0.4157924402710392,0.0022992193279553486
-0.44473730966714187,-0.4249559656057999,0.019781344061341966
-0.2801269431423555,-0.28679277041066314,0.006665827268307667
-0.8285464878895411,-0.8152069687183564,0.0133395191711847
-0.9665091107787356,-0.940265062231361,0.02624404854737461
-0.1252286324601885,-0.11332055318758248,0.011908079272606023
0.6354031691950379,0.6139009644258827,0.02150220476915521
-0.9184544527305629,-0.892205186110945,0.026249266619617906
0.5534323687324075,0.5385119142053405,0.014920454527067029
0.8859595712136825,0.8719042426867202,0.01405532852696234
-0.3154225206989636,-0.30693376846488324,0.008488752234080355
0.8055241129477354,0.7821369286477696,0.02338718429996578
0.8908040992446944,0.8708353704100702,0.019968728834624194
-0.8960698944740679,-0.8829946326120559,0.013075261862012022
-0.05915435416010766,-0.057168649063292325,0.001985705096815338
0.3029721541118577,0.3082317537774149,0.005259599665557224
-0.4952152141699269,-0.4965320262026893,0.0013168120327624044
-0.13505704551602346,-0.1388880112685235,0.0038309657525000262
-0.9690599344872072,-0.9534568348420808,0.015603099645126406
0.9620276295379069,0.9369239834370033,0.025103646100903543
-0.8782098403037909,-0.8540874578575379,0.024122382446252977
-0.7017680605631174,-0.6721776063069046,0.02959045425621276
-0.9176985549193621,-0.8888307922118758,0.028867762707486366
-0.6485334458203031,-0.6328342079402334,0.015699237880069772
0.9483745573498435,0.9211237877202411,0.02725076962960249
-0.8014506468096362,-0.7883705170970027,0.013080129712633504
0.7519095985934281,0.7258605731215331,0.026049025471895026
-0.6366287367525947,-0.6294288077977429,0.007199928954851775
-0.9585077801706474,-0.93324980767437,0.02525797249627737
0.6402358105657193,0.5964212940540262,0.0438145165116931
0.33421842619500275,0.3367362657705814,0.002517839575578662
-0.885090993785653,-0.8697138569901983,0.015377136795454716
0.7820281343598869,0.7672153251833937,0.014812809176493191
0.1243292196028021,0.12767419462339102,0.0033449750205889195
0.8529810041528262,0.8262067266621931,0.026774277490633103
-0.798918013917974,-0.7896436516116749,0.009274362306299078
0.5977946101140788,0.5708457312003519,0.02694887891372688
0.5521169675948399,0.5307680291153843,0.021348938479455515
0.2943556605355365,0.2782571801536813,0.01609848038185524
-0.5115367346667411,-0.5071661965260733,0.00437053814066779
-0.5426235778200936,-0.5166286815138484,0.025994896306245185
-0.7265858720908177,-0.7141425644581707,0.012443307632647005
-0.08874009545709861,-0.09529638588625969,0.006556290429161074
0.9557289122836012,0.9307844367527067,0.024944475530894517
0.3277942455023956,0.3267681390567975,0.001026106445598085
0.4226972750231639,0.40680528138809796,0.015891993635065937
-0.94441514515164,-0.9200861737919218,0.024328971359718232
0.6687386067101093,0.6434751193257622,0.02526348738434714
0.18988780413677364,0.17051489372891016,0.019372910407863486
-0.009328589790536274,-0.0010904557680563942,0.00823813402247988
-0.9514300004418258,-0.9217981570779825,0.02963184336384328
-0.5331576010084946,-0.5311789877174371,0.0019786132910575294
-0.27122682980339646,-0.27403123435995175,0.0028044045565552844
-0.9454080172131288,-0.917631954955195,0.02777606225793383
-0.2887852111166604,-0.26626438834340427,0.02252082277325612
-0.0746159336008389,-0.06484122080969096,0.009774712791147944
0.6704144169297298,0.6652571306463416,0.005157286283388185
-0.8127785448726748,-0.7900996210393885,0.02267892383328629
-0.8324758993617416,-0.816763450439127,0.015712448922614586
-0.9468875330435232,-0.9184251968644805,0.028462336179042702
-0.8933735923377876,-0.8698581861493823,0.023515406188405308
0.6960116097313462,0.6742637794719294,0.021747830259416845
-0.6212919784952319,-0.5990314795006586,0.022260498994573275
-0.8972362917216757,-0.8829548688514287,0.01428142287024703
0.9436974483688155,0.9272425528058706,0.016454895562944882
-0.8310166152307947,-0.816642110668198,0.014374504562596702
0.8530492932676409,0.8260028753621791,0.027046417905461806
0.9629225351599778,0.9360226163953995,0.026899918764578312
-0.33519610478819206,-0.3397687840080052,0.004572679219813136
0.006434124817431131,0.0008990837368171856,0.005535041080613945
0.430280202433827,0.39306567337819615,0.03721452905563083
0.8986893517662846,0.8709250675825411,0.02776428418374355
0.43396147945401553,0.414807502532579,0.019153976921436555
0.3872867004222801,0.38752982014260645,0.00024311972032636797
-0.45156248958857237,-0.4530449698775249,0.0014824802889525368
-0.872036217521362,-0.8500935007207758,0.021942716800586126
-0.6781979883225672,-0.653991637447955,0.024206350874612204
0.47322614026391985,0.47117303433972835,0.0020531059241915006
-0.4358500692761668,-0.4300808078021003,0.005769261474066534
-0.5178107264915554,-0.5152811961787455,0.002529530312809891
-0.8877283746416067,-0.8692438304394278,0.018484544202178932
0.3531785151114809,0.35685098526701003,0.0036724701555291284
0.8388699342289234,0.8209610731034893,0.017908861125434106
0.771765538494215,0.7417479679167974,0.030017570577417607
-0.9597053650010403,-0.9329780187222649,0.026727346278775377
-0.8003132539132094,-0.7837031188964131,0.016610135016796312
0.8141647482058714,0.7870039381066026,0.02716081009926874
-0.3135414387600878,-0.29746885030050807,0.016072588459579706
-0.34727097326367606,-0.32285917973947864,0.024411793524197423
-0.952710177692026,-0.9221565430289369,0.030553634663089135
-0.37002672728010716,-0.3522861573034981,0.017740569976609055
0.10535642750498475,0.11343529976596943,0.00807887226098468
-0.42270442154053056,-0.4260127936001569,0.0033083720596263633
0.7158110873065282,0.7011565857900448,0.014654501516483398
-0.7444994552620471,-0.7321258574558207,0.012373597806226377
-0.9355682363369978,-0.9184313715592307,0.017136864777767102
-0.3138291654018264,-0.31748246239076594,0.003653296988939514
-0.9375151916384022,-0.9128428878749376,0.02467230376346463
0.19860539373120661,0.18065643438567483,0.017948959345531784
-0.9546542259676796,-0.933942014486182,0.0207122114814976
0.8085992896519066,0.7803476114241836,0.02825167822772301
0.30826140276073577,0.29088425920351263,0.01737714355722314
-0.785568585175335,-0.770293387901022,0.015275197274313035
-0.12236400293817591,-0.10734168472559948,0.015022318212576435
-0.9275054449582711,-0.9053957116101832,0.022109733348087968
0.8068236033662443,0.796552583864553,0.010271019501691292
0.9627337274042126,0.9431842071245324,0.019549520279680155
-0.03767556873948978,-0.043870177659498896,0.006194608920009115
0.2673367609981699,0.26971028828000304,0.0023735272818331543
-0.6735137055637964,-0.6502957448627454,0.023217960701050977
0.9675648997105828,0.9388952070088455,0.028669692701737248
0.5796033263607596,0.5514689000797993,0.0281344262809603
0.7820194536701928,0.7650557634927776,0.01696369017741517
-0.9653281908268933,-0.9413901418719134,0.023938048954979863
-0.04560209432241521,-0.058208405736969525,0.012606311414554316
0.9682814147587651,0.9441386681818684,0.024142746576896634
-0.8486764684370487,-0.8339593214470495,0.014717146989999152
-0.9397228262435151,-0.9276604515222542,0.012062374721260927
0.7087592565445373,0.6864483580499832,0.022310898494554143
0.765957792748052,0.7496676414383391,0.016290151309712897
0.6755717870075888,0.6634353117327686,0.012136475274820202
0.9088182709842212,0.8936234622176149,0.015194808766606283
0.29142518383572313,0.2751126167304026,0.01631256710532053
-0.26568671545509875,-0.2508545626804183,0.014832152774680474
0.30765328718926926,0.3096886686390215,0.0020353814497522382
0.9683144135531242,0.9451154701459785,0.023198943407145678
0.8766394906331716,0.8614737910732453,0.015165699559926304
0.9313300895960216,0.9068575386706522,0.024472550925369374
0.8623544162371577,0.8333465215725447,0.029007894664612954
0.3047549249427379,0.3084372489914158,0.003682324048677854
-0.19677842150827352,-0.17701280601249816,0.01976561549577535
0.9552636792272962,0.9298413269250037,0.025422352302292506
0.66206111093709,0.6527312076895319,0.009329903247558113
0.7082252571480462,0.6812783554792798,0.026946901668766343
-0.9519333842524512,-0.9265284359309007,0.02540494832155049
0.5501712544258909,0.5464719842166399,0.003699270209250982
0.8494769740261114,0.8423286201031907,0.0071483539229207915
0.2868827034129607,0.2711409206114129,0.01574178280154781
-0.5588209069911161,-0.5294614745636678,0.029359432427448318
0.9587662956157154,0.9351184583265998,0.02364783728911557
-0.463572140760256,-0.4600003955550459,0.003571745205210086
-0.8784205799979679,-0.8527191310775426,0.02570144892042525
0.0823276178262075,0.07369948516374333,0.008628132662464164
0.9357155783481858,0.911209504020848,0.024506074327337757
0.8295108842145282,0.8015882994916523,0.0279225847228759
-0.6757356472239363,-0.6466826192308692,0.029053027993067082
0.11015621881237196,0.1224993629461206,0.012343144133748638
-0.23243043669309538,-0.24024281685233062,0.007812380159235244
-0.3536783239370361,-0.333150750369205,0.02052757356783108
-0.966666670784361,-0.9441715931355863,0.022495077648774675
0.9273243203240439,0.8957943551210791,0.031529965202964805
-0.7427843935956979,-0.7152993213880119,0.027485072207686034
0.2559036433750611,0.2607500078547305,0.004846364479669407
-0.08933917182225622,-0.09596878477594366,0.0066296129536874415
-0.8567676500992137,-0.8276076941068606,0.029159955992353104
-0.6044404791005024,-0.6057324259825231,0.0012919468820207225
-0.7855363013321159,-0.761711396683273,0.023824904648842904
0.9545729969003786,0.9301493732720606,0.02442362362831796
0.6953149998458589,0.6703264253329639,0.024988574512894934
0.6687064920794873,0.646429772465533,0.022276719613954277
-0.967444187175723,-0.942646505940779,0.02479768123494397
-0.6577334657711834,-0.629249308835842,0.028484156935341454
0.9404477109492974,0.9203670083278531,0.020080702621444235
0.859728079993799,0.8301889241474562,0.029539155846342813
0.9611263548559452,0.9486543704224123,0.012471984433532923
-0.7649006165482533,-0.7405466803848938,0.024353936163359458
-0.8904178597377724,-0.8571565098557107,0.03326134988206175
-0.8296224372464372,-0.8033643353210093,0.02625810192542799
-0.48468634860761,-0.47207106589469805,0.012615282712911957
-0.48006211685749967,-0.45818636025400905,0.021875756603490615
0.8546319601453329,0.8284370485131014,0.026194911632231532
-0.6166643042877245,-0.601199564596719,0.01546473969100548
-0.14184847685172783,-0.15128665073514577,0.009438173883417944
-0.9611291296279922,-0.9313903464222243,0.02973878320576795
-0.7793805237185828,-0.7714088119169464,0.00797171180163636
-0.923213402242608,-0.8993734369837593,0.023839965258848683
0.5212717913481746,0.4960313533535169,0.025240437994657694
-0.8970623884592764,-0.8858303269678318,0.011232061491444623
-0.1821469750246372,-0.18405081549936061,0.0019038404747234172
0.8409594854339302,0.8272955330304483,0.013663952403481838
-0.9447352514968501,-0.9181581477916566,0.026577103705193506
-0.6329966082832654,-0.6228413246396107,0.0101552836436547
-0.7325156590159787,-0.7020452203061309,0.03047043870984778
0.7009148177510462,0.6816156861702842,0.01929913158076202
0.28817419115542436,0.2888782979820742,0.0007041068266498418
0.8875321934729814,0.8736147235662679,0.013917469906713498
-0.7214815340919024,-0.7083498518192348,0.013131682272667589
0.5393633940611786,0.515129608697542,0.02423378536363663
0.5817397419554126,0.5554363642296941,0.026303377725718446
-0.9666508864858436,-0.9366689836345187,0.02998190285132496
-0.4893929204488631,-0.46930677503949575,0.020086145409367373
0.5908082884458474,0.5711372146657604,0.019671073780087034
0.4907706986894197,0.48547470745156845,0.005295991237851239
0.6034036389524784,0.5995412051615311,0.003862433790947306
-0.9192838658274686,-0.8984905902369791,0.02079327559048949
-0.11405062052717684,-0.11132802076203864,0.002722599765138195
-0.8899203488855173,-0.877510532234578,0.01240981665093932
0.49150872570851634,0.4883416744797324,0.0031670512287839125
-0.5468094358348238,-0.5457656613785806,0.0010437744562431517
-0.7210261275746458,-0.6922697525000414,0.02875637507460438
-0.03909009718027657,-0.05228290733556132,0.01319281015528475
-0.8851467551102247,-0.8541185745592224,0.031028180551002316
-0.9645072088849608,-0.9399636030739816,0.02454360581097914
-0.768202943913572,-0.7457805472027772,0.022422396710794823
-0.2534646274983919,-0.26149748910545717,0.00803286160706529
0.48642577638242623,0.4868232723957327,0.0003974960133064642
0.608695502596714,0.59987010203089,0.008825400565824038
-0.4279205880841709,-0.4270735036021835,0.0008470844819873924
-0.10328265958677416,-0.10757837789166189,0.00429571830488773
0.9285597358948774,0.9092639562919668,0.019295779602910623
-0.9580812288178011,-0.9343903810501216,0.02369084776767949
-0.9505694173484327,-0.9306019341608186,0.0199674831876141
-0.9690601517842128,-0.9399633461076622,0.029096805676550597
0.6049479563411251,0.5849463730439121,0.02000158329721302
0.9678710801274791,0.9404632628612838,0.027407817266195345
0.80634269896241,0.792837421854482,0.013505277107927927
0.2252151454004693,0.2145311897656032,0.010683955634866099
-0.8958406618462975,-0.8727696121448049,0.023071049701492652
0.9371636622579884,0.9275915217757684,0.009572140482219993
-0.47503350096539504,-0.4778168497912259,0.002783348825830867
0.8276366648004373,0.8075770069166821,0.02005965788375519
-0.9244767094737923,-0.8999601822565184,0.02451652721727393
0.7154490053788791,0.6952571936408388,0.0201918117380403
-0.521226211345701,-0.48870800814254534,0.03251820320315568
-0.9453441032687524,-0.9298750353444962,0.015469067924256175
-0.7645355670969012,-0.7397070802284276,0.02482848686847361
0.0908873764187159,0.08450788167249931,0.006379494746216588
-0.8817291626527743,-0.8663769706059852,0.01535219204678917
-0.46629400777376495,-0.44031395354703773,0.025980054226727223
0.777137007572406,0.7617136358080694,0.015423371764336613
0.45666397727457075,0.4360793361480059,0.02058464112656483
-0.4178418643363288,-0.41414712779292606,0.0036947365434027435
-0.9350817092495765,-0.9200622226426197,0.015019486606956733
-0.6032527202354426,-0.5787295796796701,0.024523140555772538
-0.767811103746233,-0.7546578713607661,0.01315323238546684
0.9420724637790289,0.9313469109690732,0.010725552809955685
0.5656195546049237,0.5612657249369243,0.004353829667999465
-0.2421753730111117,-0.2434552367838455,0.0012798637727338136
-0.9649842410009949,-0.9434223560417878,0.021561884959207078
-0.4970859323581809,-0.47657926689010416,0.020506665468076724
0.9465076631090661,0.9218336861454829,0.0246739769635832
0.7897151600149335,0.779845267825572,0.009869892189361518
0.6467232056952231,0.6199253224133067,0.026797883281916457
0.8946212354407557,0.863740530142489,0.030880705298266697
0.6722687781046236,0.6586971027123576,0.013571675392266003
0.8312852417010254,0.8039736780705086,0.02731156363051679
0.1953813117027755,0.18676311499217743,0.008618196710598075
0.7682450198578912,0.7580451529279421,0.01019986692994912
0.9632677215308368,0.9358515921680859,0.02741612936275095
0.08029686327306804,0.0879654557270082,0.007668592453940165
-0.2400755704798389,-0.23016735751339507,0.009908212966443841
0.5206464834159468,0.49895407467668224,0.021692408739264535
0.32904705901036235,0.31091042029432314,0.01813663871603921
0.7168093475923021,0.6839220329073584,0.03288731468494366
0.25787494624429136,0.2667535452737862,0.008878599029494838
0.4354116003352885,0.42284849025554355,0.012563110079744921
-0.6712615035068622,-0.6631688405172117,0.008092662989650501
-0.9623932597258443,-0.9477104463399596,0.01468281338588473
-0.1085529333927063,-0.11193746137101894,0.0033845279783126375
-0.7256072119073752,-0.7129340382112056,0.012673173696169604
-0.7280433034071685,-0.6985097193148515,0.02953358409231699
0.9362857923035266,0.9068723786048076,0.02941341369871897
-0.9602228047298866,-0.9396787747713191,0.020544029958567522
-0.9637490038149907,-0.9449763340910277,0.018772669723963076
0.8462284811756515,0.836822298059484,0.009406183116167477
0.2330837408730753,0.23512030417968766,0.0020365633066123656
-0.39198332568477845,-0.3961977218459677,0.004214396161189238
-0.5636018858199294,-0.5639845885923213,0.0003827027723918297
0.8301335037520774,0.8164165138214223,0.013716989930655066
0.6367316462067792,0.6259434801963607,0.010788166010418543
0.2927801176497688,0.2714798632327811,0.021300254416987685
0.8172033867655775,0.7901000444201468,0.02710334234543066
-0.381103814052174,-0.38094807340664644,0.00015574064552753564
-0.5743847062667081,-0.5528169515841527,0.02156775468255545
-0.6009260909029096,-0.5982292596541858,0.0026968312487237744
-0.45409386468886564,-0.45320428808436597,0.0008895766044996756
-0.9429670527196928,-0.9182954833743017,0.024671569345391164
-0.9650668072607302,-0.9347149588070972,0.030351848453633035
0.881804080224362,0.8503830033512182,0.03142107687314377
0.2649999927610214,0.2713223921790735,0.006322399418052127
-0.04097152328542992,-0.030685583063299684,0.010285940222130235
0.7984622870263633,0.7703741411695277,0.02808814585683561
-0.9672409661458862,-0.9482118304616067,0.01902913568427944
-0.014462674197111646,-0.023051721027267137,0.00858904683015549
0.871199437630843,0.8511639713081872,0.020035466322655737
-0.8822299197143025,-0.8538516562273659,0.028378263486936617
-0.5126685758085653,-0.4929377070775607,0.019730868731004603
0.7926299895869362,0.7641199242222959,0.02851006536464029
0.8250223518361649,0.8078445616454674,0.01717779019069754
0.8363241161285697,0.8176894579052704,0.01863465822329935
0.13270698131085187,0.12274049146314375,0.009966489847708121
-0.916229656353591,-0.900064321967813,0.01616533438577794
-0.15924563970386593,-0.16885971768243022,0.009614077978564284
0.19725929349047783,0.201373239121653,0.004113945631175175
0.07884690452437185,0.06624845125280374,0.01259845327156811
-0.9515396870685379,-0.9299408444964997,0.021598842572038146
0.1547417709068893,0.1363862719586293,0.018355498948259996
0.7433858628630278,0.7211564579259514,0.02222940493707637
-0.7175909709341642,-0.7076993146348064,0.009891656299357843
-0.7958974264220005,-0.7883816360758142,0.007515790346186213
-0.1887373069813694,-0.17967482179675098,0.009062485184618413
0.8714019514761578,0.8397839453850399,0.03161800609111798
0.6026417182851215,0.5783957647380524,0.024245953547069043
0.7851232854201979,0.7624539681621351,0.02266931725806287
-0.5053150540435357,-0.4916038880204457,0.013711166023090027
0.835419952170379,0.8205078945949186,0.014912057575460436
-0.8355860425866636,-0.8098114178417785,0.025774624744885122
0.4566291208302209,0.43220746163451035,0.024421659195710543
0.5548214110834454,0.5518781056882293,0.0029433053952161448
0.9570438728655134,0.934075781549281,0.022968091316232453
0.13308688226784268,0.13979490996566604,0.00670802769782336
0.2503792706506484,0.2361881012345327,0.014191169416115701
0.9369884466037628,0.9085387140797765,0.028449732523986304
-0.6892087922420357,-0.6658767520809817,0.023332040161053946
0.06135221683054584,0.046885629104045895,0.014466587726499947
0.4151689515520297,0.3990080180980116,0.01616093345401809
-0.8926708204384015,-0.8783053872925713,0.014365433145830164
-0.3614731089577617,-0.3655681988698676,0.004095089912105887
-0.001545536929456757,-0.01660593483183345,0.015060397902376692
0.4939407885511364,0.47496935266078677,0.01897143589034961
-0.4577217390840081,-0.4521280730635085,0.005593666020499599
-0.12428684359077337,-0.1363657480781014,0.012078904487328027
-0.018495032237119693,-0.0334673369210872,0.014972304683967506
0.4574465735165743,0.43479485040327176,0.022651723113302547
0.9598508675294377,0.9406130177719266,0.019237849757511083
0.8540054764155888,0.8254959546732922,0.028509521742296595
-0.9579410839601806,-0.9329895980333068,0.024951485926873795
-0.7578499332274033,-0.7333962829389139,0.024453650288489448
-0.9347663342404634,-0.9017737783597194,0.03299255588074401
-0.6032672568500016,-0.5835301638597938,0.01973709299020776
0.8152490145752345,0.785802103837,0.029446910738234466
-0.7344346109846912,-0.7224771031644589,0.011957507820232305
0.2957976931821502,0.3002372882385884,0.004439595056438206
-0.922378679815852,-0.89194106418354,0.030437615632311954
0.9105748569422862,0.8732410526308991,0.03733380431138711
0.6771277850205831,0.6709629229824301,0.0061648620381530295
0.89494172674969,0.8641305854279845,0.030811141321705482
0.057412713084679434,0.0646166760576764,0.007203962972996969
-0.938181849608065,-0.926063491501366,0.012118358106699034
0.10511854614046047,0.09293117130485078,0.012187374835609693
0.8625656704999753,0.8424963314405668,0.020069339059408553
-0.8902908063105537,-0.8658382055012496,0.024452600809304115
-0.8181128129622126,-0.8013508071676486,0.016762005794563994
-0.06818354863994218,-0.06227944305084162,0.00590410558910056
0.7521530684358264,0.7359130887043059,0.01623997973152047
-0.9585876874458202,-0.9360036690499545,0.022584018395865768
-0.45986632319969506,-0.4557691971927976,0.0040971260068974336
0.7405834996449052,0.7291203912371765,0.011463108407728684
-0.8640278419266724,-0.8489152597885343,0.015112582138138042
0.9598431603686548,0.9402686817378997,0.01957447863075512
-0.07087493016828533,-0.0837975708307568,0.012922640662471466
0.26383035401108795,0.2690743175318266,0.005243963520738637
-0.8671606465017152,-0.8524769317284144,0.014683714773300771
0.41237799213211074,0.38835692102673686,0.02402107110537388
-0.6762837647698136,-0.6698862149794077,0.006397549790405854
0.9428713894120143,0.925909320154725,0.01696206925728927
-0.7954218439294233,-0.7821425988234049,0.013279245106018411
0.7632339886913485,0.7369782010739989,0.02625578761734959
0.755895965323198,0.7330606083864643,0.022835356936733775
0.009818049187786972,0.022174273047874678,0.012356223860087705
0.9432122952839365,0.9230277482024001,0.020184547081536386
-0.05099544874353388,-0.03508782940229721,0.01590761934123667
-0.9488642830510917,-0.9266667595095638,0.02219752354152793
0.5191935453410808,0.49993104946031097,0.01926249588076978
-0.7791710974157765,-0.7484939454198896,0.030677151995886942
-0.7008960027832835,-0.6959867432721092,0.004909259511174269
-0.9681236170284252,-0.9389660939405917,0.02915752308783348
-0.44736381618829424,-0.4437009932277365,0.0036628229605577545
0.8648949324014948,0.8390515497687773,0.02584338263271757
0.7870733963062558,0.7774489056618332,0.009624490644422612
0.7568097308336447,0.741460781238778,0.015348949594866657
0.4650669357163645,0.4636179491540612,0.0014489865623033005
0.350533537393066,0.3426524634193734,0.007881073973692587
0.815863805262574,0.7987355991887678,0.017128206073806163
-0.6822850774556578,-0.671371278449167,0.01091379900649081
0.9360024668360748,0.9142205179470064,0.02178194888906837
0.2890713256952738,0.29287599045474094,0.003804664759467169
-0.840641296369335,-0.8306487214036545,0.009992574965680512
0.9384188331101636,0.912436930127483,0.02598190298268066
-0.09366226706496691,-0.10188934167693378,0.008227074611966867
-0.8859067308717969,-0.865805686481863,0.020101044389933986
0.422724583059246,0.41033360107442707,0.012390981984818916
0.5202044980755214,0.5138031963017398,0.00640130177378162
-0.5301707454634841,-0.5277085747741017,0.0024621706893823703
-0.6195486056425598,-0.5973178144150574,0.022230791227502378
-0.9346764972481261,-0.9027432760606675,0.03193322118745856
-0.8393290413957681,-0.8139934746494274,0.025335566746340743
-0.29547091424232996,-0.2773660836518175,0.01810483059051249
0.44962329540993956,0.4305447428115935,0.019078552598346066
-0.622886868524767,-0.6137783377323924,0.009108530792374614
-0.8723153250716835,-0.8629119842422531,0.009403340829430396
-0.13680284065611856,-0.13607030984938162,0.0007325308067369363
-0.8922896072311173,-0.8636612407001018,0.028628366531015526
-0.9685266944988782,-0.9464315530386674,0.022095141460210743
0.8420896532160661,0.8247289442448204,0.017360708971245753
-0.9027383193356403,-0.8819679928931087,0.020770326442531628
0.29522239614868784,0.299062281043009,0.0038398848943211883
0.962384206445235,0.9354707836058982,0.026913422839336842
0.9225222498769681,0.8939715430774241,0.028550706799543968
-0.9596864895052469,-0.9359893695785015,0.02369711992674539
0.8253269762225727,0.809392264456085,0.01593471176648764
-0.42212897265933536,-0.40011472156127775,0.022014251098057602
0.5235342034608174,0.5169777819270294,0.006556421533787993
0.6784588691009492,0.6474482945371167,0.031010574563832494
0.6822209911065147,0.6596187252757386,0.02260226583077607
-0.9484119509382861,-0.9275027471298262,0.020909203808459953
-0.6674935432958891,-0.6379694658819962,0.029524077413892846
0.5162263230792491,0.5110590093619122,0.005167313717336919
0.2707540731178108,0.24973854939202556,0.021015523725785246
-0.8127207598690143,-0.7860893973193476,0.026631362549666693
-0.6047591397706739,-0.6026453921191395,0.002113747651534381
0.6723783241662605,0.6463905090038201,0.02598781516244042
-0.8849831639164187,-0.8693261866871034,0.01565697722931536
0.4869813565115092,0.4624613370372104,0.024520019474298826
0.5354910105178903,0.5102245737898098,0.025266436728080488
-0.7761155108704245,-0.7731914655237335,0.0029240453466909955
0.4052314612232022,0.3879625021153123,0.017268959107889892
-0.9686103502984095,-0.9409791861378809,0.027631164160528576
0.8988411197961088,0.8815079728853263,0.01733314691078247
0.3523594582833232,0.33235745310650455,0.02000200517681866
-0.9638338922997167,-0.9376182659239871,0.026215626375729606
-0.42116866413747317,-0.4186581824642305,0.0025104816732426927
-0.8392844901058966,-0.8255192300512227,0.013765260054673822
-0.46031377988533184,-0.436986682877779,0.023327097007552866
0.8525245812158538,0.8234915877754573,0.02903299344039656
0.8764712366058364,0.8598652257108774,0.016606010894958945
0.9370450442536794,0.908907205995931,0.028137838257748404
-0.7414257241722182,-0.7278287610334516,0.013596963138766571
-0.5536392242018859,-0.548204728936324,0.005434495265561945
0.8017817481274616,0.7848969475063915,0.016884800621070117
-0.5856976285294547,-0.5812676194701908,0.00443000905926394
-0.6868131840466454,-0.6776230008386215,0.009190183208023894
0.43058480977545943,0.4307384043756681,0.0001535946002086952
0.8408498325326699,0.8218500254322002,0.018999807100469668
0.9682627208172794,0.9437895074661921,0.02447321335108732
0.3479633137598588,0.3304544849003829,0.017508828859475856
-0.06382206525538585,-0.06035554656332121,0.0034665186920646365
0.7798291353472528,0.7708667550174763,0.008962380329776587
0.9363620351367633,0.9176693063112735,0.01869272882548978
-0.8753701162228923,-0.8501261835663604,0.02524393265653191
0.08119887210711643,0.06511715410271714,0.016081718004399295
0.6506668016938297,0.6222852710437472,0.02838153065008253
-0.8693205731272315,-0.8508586484746392,0.018461924652592332
0.7509199795471563,0.7257572499044485,0.025162729642707826
-0.9359534672134694,-0.910916421020056,0.025037046193413404
-0.9462553089085224,-0.9204134031742293,0.025841905734293125
0.5254432372695745,0.5251024216367517,0.000340815632822844
-0.3700249378248498,-0.3525779894273407,0.0174469483975091
-0.7967044141001032,-0.7721066157646875,0.024597798335415644
0.3696577302666423,0.3505688939286145,0.01908883633802777
0.608965504094759,0.5996911301325997,0.009274373962159355
-0.04117360741213519,-0.04750563027798456,0.006332022865849371
0.6132748984453493,0.6149453209807958,0.0016704225354464697
-0.16964539260286138,-0.17221397336552402,0.0025685807626626422
-0.6802386641246586,-0.6480328748549969,0.03220578926966167
0.3463027640474132,0.3412747685433511,0.005027995504062133
-0.9651490034690857,-0.9413618498857202,0.023787153583365472
-0.9635721856708986,-0.9325990934006555,0.03097309227024314
-0.8339475125993141,-0.819506185028747,0.014441327570567153
0.9573401123418741,0.9367340145679969,0.02060609777387723
0.2056037210443622,0.18732924979648385,0.018274471247878343
0.6770036325462627,0.6497617306585389,0.027241901887723796
0.7260833459315497,0.6966738737043771,0.029409472227172606
-0.02857538634582999,-0.018561438294930236,0.010013948050899755
-0.8761508601061389,-0.8569537646514089,0.019197095454729918
0.8517012669965792,0.8390877420217084,0.012613524974870782
0.8226887428025897,0.7937630872120357,0.028925655590554045
-0.41406477670896785,-0.41052913236160016,0.0035356443473676946
0.38810871885224124,0.3711481325653874,0.016960586286853818
0.6988442419312647,0.6863793225203488,0.012464919410915876
0.5192905041296207,0.49590059758346355,0.02338990654615719
-0.14421818327714594,-0.15083928722868983,0.0066211039515438885
-0.9676719293377251,-0.9411776441586803,0.02649428517904473
-0.9466827567553251,-0.9207991782742685,0.0258835784810566
-0.9142642760242732,-0.8882103621902447,0.02605391383402844
-0.962313303813821,-0.9325895097617105,0.029723794052110453
0.6715567079131504,0.642580390604598,0.028976317308552324
-0.6068406355716179,-0.5933944927312512,0.013446142840366715
-0.6256813823597426,-0.6023051634123098,0.023376218947432803
0.4911173587018025,0.4727787191574859,0.01833863954431658
0.8550774204251472,0.834125314935891,0.02095210548925619
-0.43051610587101174,-0.4301388675190327,0.00037723835197905897
-0.9639512048387178,-0.9408818387506362,0.023069366088081522
-0.4487518430749946,-0.4346843133436535,0.014067529731341122
-0.9675489350527262,-0.9447133470171248,0.022835588035601373
0.7361139997742044,0.7104982330942244,0.02561576667998
0.7042874850061384,0.6968569348119076,0.007430550194230778
0.9326569919367244,0.9156943595528455,0.01696263238387885
-0.9674942892696139,-0.9402186553563578,0.027275633913256048
-0.900366730452242,-0.8657063516835376,0.034660378768704425
-0.4664597339006504,-0.4531359989241352,0.013323734976515178
0.9224164396139239,0.9082803020230386,0.01413613759088539
0.6854483621237667,0.6695742919819723,0.015874070141794427
0.24648464394155156,0.2517641779476233,0.005279534006071729
-0.9362195645111703,-0.9202518680186983,0.015967696492471983
0.8105522442149546,0.7818326992841647,0.028719544930789986
0.9216764660119592,0.9057538379464051,0.015922628065554112
0.7404949467107799,0.7113457241125934,0.02914922259818642
0.6910998941828363,0.6887394262388882,0.0023604679439481746
-0.9115823565038519,-0.8817248124666945,0.029857544037157346
-0.850364596796688,-0.8306024019259803,0.019762194870707628
-0.11199099943303487,-0.0940414122607792,0.01794958717225567
0.919378260098275,0.8915759826749265,0.027802277423348398
0.812797955653736,0.7923664449791803,0.02043151067455573
-0.9238065219254405,-0.8965491845842529,0.027257337341187626
-0.785333298928454,-0.7717444558310125,0.013588843097441572
-0.9212786624414282,-0.8978683158856599,0.023410346555768347
-0.6249982693992812,-0.6152800576326051,0.009718211766676088
-0.8891216158177689,-0.8671494529353811,0.02197216288238779
0.7705402170525146,0.7566120965689607,0.013928120483553963
0.42627060525590854,0.42663279842772406,0.0003621931718155169
-0.9550826163084529,-0.9266423659332186,0.028440250375234344
-0.5295069644918723,-0.5152745933230162,0.014232371168856117
-0.7282576969956015,-0.7043717315660615,0.023885965429540024
0.3270634406136087,0.3316864435840011,0.00462300297039242
0.9568377927298782,0.9323389765436185,0.02449881618625971
0.39961029704278855,0.39499409120878837,0.004616205834000187
0.1214134591258053,0.13122536367769985,0.009811904551894554
-0.9457504741154689,-0.9157205943061414,0.030029879809327475
-0.055886656963731095,-0.04608448726037374,0.009802169703357358
0.4042175928491178,0.4071821489846857,0.0029645561355678973
0.9677672704364458,0.9384205853392598,0.029346685097186076
0.1032364060220615,0.10804819660750344,0.004811790585441941
0.9110738449817902,0.8841660023708846,0.02690784261090562
-0.09548110181085957,-0.10538598326914954,0.009904881458289966
-0.765957790594464,-0.7508469413696697,0.015110849224794332
0.4408254826550461,0.44062122686898664,0.0002042557860594818
0.011063923562602586,0.018804578745486418,0.007740655182883832
0.6925324730379009,0.6648030959650906,0.027729377072810313
0.9530111726135572,0.9267081216234062,0.026303050990150956
0.718468517940508,0.6898016322791151,0.02866688566139297
-0.18235541346560333,-0.1906816771867597,0.008326263721156385
-0.4006599811784046,-0.38480934645334536,0.015850634725059265
-0.16199455620844805,-0.1710044364882638,0.009009880279815752
0.58355271770848,0.5614267570221724,0.022125960686307677
-0.7725610025811626,-0.7602066834778359,0.012354319103326628
-0.6192409658863666,-0.590379350146227,0.028861615740139568
0.7376306140446108,0.7086392799013373,0.028991334143273484
-0.9327899458057949,-0.9085000161564213,0.0242899296493736
0.3582800435783638,0.3401755286752371,0.0181045149031267
-0.635763040273179,-0.6117663428818706,0.023996697391308386
0.5496388668243348,0.5307733365350795,0.018865530289255306
-0.9033614422158113,-0.8812772143996344,0.022084227816176916
-0.7819867186912222,-0.7581094943821203,0.023877224309101885
0.6569039470737512,0.6319046612063626,0.024999285867388643
-0.566701504224396,-0.5611331067957681,0.005568397428627914
-0.55490242329339,-0.5326364020450471,0.02226602124834287
-0.6013063403504487,-0.5816231662090771,0.019683174141371662
0.9675275826397621,0.9442637616954875,0.023263820944274594
0.7616872849766034,0.7530110467300004,0.008676238246603019
-0.8404733015934817,-0.8199486166017986,0.02052468499168303
0.5904899578676883,0.5714466666470763,0.01904329122061199
-0.19189940763697338,-0.17196221536587758,0.019937192271095805
0.7932632936897315,0.7773191575062082,0.015944136183523305
0.9367268640910027,0.9149172332176332,0.021809630873369512
-0.15908783599115212,-0.163314754311593,0.004226918320440892
-0.4208356811991717,-0.40202881070432867,0.01880687049484303
-0.4037132130290342,-0.38595087769798886,0.01776233533104532
0.7566321184199823,0.7477966397003102,0.008835478719672163
-0.9627774531968541,-0.9397809827734362,0.022996470423417903
-0.9506034923567777,-0.9279153992942769,0.022688093062500747
-0.14540194278498622,-0.1462117063524245,0.0008097635674382819
-0.11598499592354683,-0.1280584470416703,0.012073451118123468
-0.5643220166107962,-0.5607071267011283,0.003614889909667851
0.32433784917959485,0.32591823619546006,0.0015803870158652145
-0.151771211455569,-0.13547968690059461,0.016291524554974374
-0.9456905477193809,-0.9204517239626332,0.025238823756747686
-0.6115484207370611,-0.5902134183250847,0.02133500241197639
0.8655147300386312,0.8357141506127129,0.029800579425918294
0.3442279185811573,0.3463808964133403,0.0021529778321829895
-0.9641490314988357,-0.9368542470923324,0.027294784406503236
-0.026530538100019575,-0.04074107826406793,0.014210540164048352
0.281337480359122,0.28902304243753885,0.007685562078416863
-0.4723186745314272,-0.4751931385150338,0.0028744639836066344
0.8901253621945268,0.875505180378105,0.014620181816421773
0.9341151315410484,0.9039929731654773,0.030122158375571084
-0.9496397566140595,-0.9190108390283451,0.0306289175857144
0.37354457481381653,0.3752738504137472,0.0017292755999306908
0.2903732016568617,0.288585540363228,0.0017876612936337244
0.36643190926777747,0.35080148389441723,0.015630425373360235
0.9656816287318928,0.944017477726363,0.021664151005529764
-0.12813288788330365,-0.13787917491160728,0.00974628702830363
-0.9649665221184621,-0.9411358380430541,0.023830684075408004
-0.5393475382268635,-0.5349323732312552,0.004415164995608345
-0.37381092577639713,-0.34958418965308763,0.0242267361233095
-0.9646959106051279,-0.9342230489259888,0.030472861679139096
-0.6769476375492762,-0.6624483627990929,0.01449927475018331
0.7511984344298437,0.7354337262306309,0.01576470819921283
0.08980259166981833,0.10246298009990872,0.012660388430090389
0.3472036107247654,0.352153358928038,0.004949748203272597
0.9307663280757714,0.9010636817621469,0.029702646313624514
-0.2938779851566139,-0.2806783850015196,0.013199600155094304
-0.2833108977772196,-0.26863806943976504,0.014672828337454535
-0.9084579331878471,-0.8876629077079993,0.020795025479847795
-0.650069141709179,-0.6402446293868229,0.009824512322356038
0.6302548336314574,0.6038476272702367,0.026407206361220736
-0.9567938371037765,-0.9339982870332644,0.02279555007051215
-0.013324837959190367,-0.024482729996560912,0.011157892037370545
0.5348778854559723,0.5323073915012492,0.0025704939547230854
0.5802895717513391,0.5740704467706583,0.006219124980680779
0.7859214247700967,0.7572205824610311,0.028700842309065666
-0.9629568574415883,-0.9380822816358075,0.024874575805780785
-0.1213438642482448,-0.13244701067315087,0.011103146424906077
-0.3500983309928841,-0.35010460441768515,6.273424801028771e-06
0.7957274471674503,0.7678289803882317,0.02789846677921859
0.6948440336489587,0.6837716810872367,0.01107235256172201
0.9345431978090072,0.9117297500859948,0.022813447723012414
0.6107736663383333,0.6057300201651523,0.005043646173180982
0.3588556928876061,0.3566975997183815,0.0021580931692246064
0.6249599330840769,0.6032745901176176,0.021685342966459298
-0.3963476529852226,-0.37774420189374674,0.018603451091475876
0.743147086288515,0.7276870809566413,0.01546000533187375
0.4566080513722372,0.4389090999528328,0.01769895141940442
-0.8849965665100146,-0.8541987396927038,0.030797826817310803
-0.9553705448185238,-0.9317898163241888,0.023580728494335013
-0.06169310146086593,-0.07289941770999114,0.011206316249125214
-0.7450379319398314,-0.7327033563053494,0.012334575634481926
-0.16166987903673466,-0.14727622008246452,0.014393658954270139
-0.36481215738463685,-0.36785009039628647,0.0030379330116496184
-0.8452599424357281,-0.8290954664357627,0.0161644759999654
-0.6327141684537432,-0.6041302832068504,0.028583885246892815
0.6896287108846245,0.6659220365203053,0.02370667436431917
0.4324778048158473,0.4089799120304232,0.02349789278542408
-0.6179040183447186,-0.5892475823165021,0.028656436028216548
-0.9447797859121239,-0.9255354054629088,0.01924438044921506
-0.31688882498873283,-0.30007642698891834,0.016812397999814488
-0.11846277209594987,-0.10368133055421222,0.014781441541737647
-0.13867026289405518,-0.14907395201173465,0.010403689117679471
-0.5888699432634369,-0.5832053114042944,0.005664631859142455
0.6520898610168352,0.6472182122168054,0.004871648800029771
0.526541475195573,0.5045155465527948,0.022025928642778192
0.9618820406914071,0.9396933877205528,0.022188652970854372
-0.3621742430548272,-0.36443499708450955,0.0022607540296823436
0.9205847067906955,0.8953421291110504,0.025242577679645106
0.7069560251119466,0.7042078106326836,0.0027482144792629892
0.12037393280609962,0.13228176842038225,0.01190783561428263
0.9090296292669475,0.8859152707253958,0.02311435854155175
-0.7788716892582053,-0.7668618995638186,0.012009789694386708
-0.07420808131731166,-0.07817432994732196,0.0039662486300102995
0.8626337475689667,0.8425247209225658,0.020109026646400907
-0.6615015600280278,-0.6382618775496113,0.023239682478416568
-0.47958498717415904,-0.4626770631674262,0.016907924006732855
-0.6786565310118129,-0.6552248585067123,0.023431672505100587
0.9353319518931575,0.9078685903559135,0.027463361537244046
0.6065150968568502,0.578824412225161,0.027690684631689222
0.3019045329868521,0.30822066678837706,0.006316133801524959
-0.13646111845949774,-0.12221359072347235,0.01424752773602539
-0.03568650774500986,-0.04701552889909817,0.011329021154088313
0.6992728735043217,0.6719838658309053,0.027289007673416354
0.5111691592241695,0.4873235102048341,0.02384564901933539
0.20898384273624765,0.18323089004073848,0.025752952695509174
0.7421927414957543,0.7305097189254044,0.011683022570349921
-0.4781850647525287,-0.47541046575996027,0.0027745989925684333
0.16420633514634247,0.1698480239004364,0.005641688754093932
-0.8059202304958298,-0.7840784695074009,0.021841760988428938
-0.8981371372683553,-0.8802253619659266,0.017911775302428712
-0.41729023040970176,-0.3921707271317094,0.02511950327799234
-0.509336921982775,-0.5091629849212727,0.00017393706150237165
-0.21144275247983374,-0.2187624333935589,0.007319680913725174
0.108833204751753,0.11607061975690976,0.007237415005156761
0.9096081945830446,0.8842669239052903,0.02534127067775438
-0.9025354050088347,-0.8859968536691593,0.01653855133967541
-0.37565578291266305,-0.372649869370379,0.003005913542284022
0.129572252844328,0.1416025245641439,0.01203027171981591
-0.7450652856639612,-0.7146198433379897,0.030445442325971572
-0.7006701176681295,-0.6780103513350136,0.02265976633311584
0.35756959536215366,0.3420674342710232,0.01550216109113045
-0.4922072400484789,-0.47162685515570074,0.020580384892778136
-0.5862012220174538,-0.5647304339199656,0.021470788097488258
0.4303601021916163,0.4279839484668474,0.0023761537247689035
-0.4562233624715417,-0.4319583173688944,0.02426504510264732
0.9056073691494023,0.8878892224577047,0.01771814669169758
-0.723842892721513,-0.7103875799148672,0.013455312806645803
0.9667587343222691,0.9544811965181763,0.012277537804092797
0.8259368210254215,0.8081718453755207,0.01776497564990087
-0.7411187534913383,-0.7304773554055584,0.010641398085779907
0.6784486757686647,0.6711294142310693,0.007319261537595434
0.9659907255600632,0.9450858267953537,0.020904898764709468
-0.5240199550380764,-0.4968364573243446,0.027183497713731797
0.35136732240848867,0.32930427662233175,0.02206304578615692
-0.9582312263350614,-0.9336587275723345,0.024572498762726935
-0.6444212677469899,-0.6216033672108491,0.022817900536140856
0.9192343012859532,0.8924801603213852,0.026754140964567963
-0.2875033553953299,-0.29293453688410653,0.005431181488776637
0.36255326539466315,0.3454679678446916,0.017085297549971568
0.17192237046935258,0.17372072675643524,0.0017983562870826642
-0.3667687608681157,-0.34689590151579347,0.019872859352322247
0.9233257651553611,0.9037511528258119,0.019574612329549268
-0.35765315637465306,-0.36205870763142006,0.004405551256767004
0.11245147814263017,0.12511051812826093,0.012659039985630768
0.5932974514883422,0.5930669822554006,0.00023046923294167687
0.012324587133220863,0.0008488389260090177,0.011475748207211846
-0.33532415110899566,-0.3219475143551367,0.013376636753858973
-0.9600459441228921,-0.9333967017632898,0.02664924235960231
0.07934140947265907,0.06783284775293404,0.01150856171972503
0.022522344275796396,0.018880028216483297,0.003642316059313099
-0.8872482840017537,-0.8618864996668631,0.025361784334890558
0.9307354577486002,0.9032824570197163,0.027453000728883903
0.5570357389822258,0.5550574076901987,0.001978331292027069
-4.067947779541419e-05,0.00757923762849369,0.007619917106289105
0.922327298843507,0.8916051375707026,0.03072216127280436
-0.8983301681071524,-0.884534011604283,0.013796156502869361
0.015088135389813467,0.029957081245283478,0.01486894585547001
-0.18846349590655445,-0.19445362691939397,0.005990131012839517
0.3664523330117135,0.3427555888725716,0.023696744139141857
0.3929922572128737,0.39691015035074273,0.003917893137869055
-0.9389769743949724,-0.9141111407202427,0.02486583367472972
0.9568663403262613,0.9337997053503441,0.02306663497591721
0.9659110427826315,0.939194073310074,0.026716969472557528
-0.830767967166628,-0.7992195854299371,0.031548381736690945
-0.7388175529094589,-0.725899006932883,0.012918545976575935
0.5633003886650025,0.5368339538554551,0.026466434809547468
0.9682323607160557,0.9445425947310219,0.023689765985033806
0.9272870031677671,0.9104150793279565,0.01687192383981062
0.16220983631899874,0.14728578655601776,0.014924049762980979
0.8265102216156813,0.8084527324583168,0.018057489157364492
-0.9689915508730719,-0.9444365588206988,0.024554992052373104
0.6256647635948028,0.6207696401099484,0.004895123484854436
-0.9493169035936532,-0.9298117052269907,0.019505198366662424
0.7250122391719817,0.7164787014174618,0.008533537754519815
0.9666778649935077,0.9419466404864661,0.02473122450704157
0.8018209239195269,0.7870500084405215,0.014770915479005331
0.9369425358584206,0.9181159842119763,0.01882655164644431
-0.65807126170986,-0.6398962132044619,0.018175048505398084
0.4290308290789224,0.410259638577315,0.018771190501607415
-0.9657295608065259,-0.9452627483759101,0.020466812430615877
0.45643193135502513,0.4335599407957798,0.022871990559245325
-0.9476581638248008,-0.9288429572499307,0.018815206574870125
0.42639629563158987,0.4284892830002216,0.002092987368631727
-0.9679159196897115,-0.9461921281185335,0.021723791571177986
-0.6473870162471875,-0.6227782196884514,0.024608796558736157
0.9223272982398586,0.899846795567308,0.02248050267255064
-0.7723083375031778,-0.7435277203802724,0.028780617122905472
-0.4771136506418678,-0.47266109932415257,0.004452551317715214
-0.1824959519448149,-0.1899869757614246,0.007491023816609682
0.5075399113818247,0.4831047487391725,0.024435162642652275
0.9537965095646397,0.9364462477059303,0.01735026185870936
-0.9067217592639786,-0.8805616859279212,0.02616007333605741
0.857864519820112,0.8410956706718168,0.01676884914829524
0.9607335557810106,0.9357778586248654,0.024955697156145207
-0.781340212551735,-0.7689067807352228,0.012433431816512241
-0.7061972783432684,-0.6844835846728893,0.02171369367037912
-0.12926078481392833,-0.11211981833018177,0.017140966483746564
-0.9296734110036832,-0.9031776743132411,0.02649573669044203
-0.8805798858736661,-0.8578140324046472,0.022765853469018937
0.9631265344394708,0.9455465769398831,0.01757995749958774
0.8185668684718257,0.8017390586104272,0.016827809861398535
0.5383449989494055,0.5364123136529149,0.0019326852964905994
0.5372391083879432,0.5241503916527229,0.013088716735220274
0.1977815368671831,0.17924364864779135,0.018537888219391757
-0.8907001195565972,-0.8609597607053963,0.029740358851200965
0.9431086290113516,0.9251175979316538,0.017991031079697795
0.5497582013851241,0.5423417568053653,0.007416444579758763
-0.9493809103634495,-0.9283773574805053,0.0210035528829442
-0.2530133016290148,-0.23713146059428053,0.01588184103473428
-0.5170847777424362,-0.4967586510693574,0.020326126673078815
0.03089668510730231,0.02287392898546488,0.008022756121837428
-0.6859523904237588,-0.6742445940899646,0.011707796333794152
0.8809847180250542,0.8647266415285113,0.016258076496542873
0.17515727507380452,0.15681963382067104,0.018337641253133474
0.7916306389213265,0.7755271253617737,0.01610351355955275
0.09571540682732718,0.10418375681699525,0.00846834998966807
0.31571141770490996,0.31601648607359845,0.0003050683686884881
0.6463341903114543,0.6145887946649005,0.031745395646553876
-0.3303945298572974,-0.31316867823495537,0.017225851622342025
-0.6119126459261209,-0.5838450252254744,0.0280676207006465
-0.9629697380244093,-0.9400122667918775,0.02295747123253178
-0.8994041952452351,-0.8883839119066762,0.011020283338558867
-0.3161381488880565,-0.30486570857420614,0.011272440313850385
-0.23042777703286363,-0.21613854176727545,0.014289235265588174
0.691894245302105,0.6680562142434182,0.02383803105868676
-0.43396147766977655,-0.4171450342136994,0.016816443456077135
0.14483459291547987,0.13001139516630061,0.014823197749179257
-0.9011291986511096,-0.8808877964015412,0.020241402249568385
-0.8248472128660898,-0.7981997494881246,0.026647463377965197
0.9693916906379905,0.9438295983582169,0.025562092279773574
-0.5093216974154819,-0.5069304696957466,0.0023912277197353227
-0.20165394881335216,-0.18946550413032945,0.012188444683022714
0.47658217826416877,0.46171170292202657,0.014870475342142198
-0.365023518632549,-0.3399718283238494,0.02505169030869958
0.7759138341375863,0.7638470912459203,0.012066742891665982
0.9666909964394302,0.9317381824764479,0.03495281396298233
0.7686209626288258,0.7597427634675723,0.008878199161253542
0.4750335024917572,0.4731912828823681,0.001842219609389073
0.1990076420428276,0.20552479116168473,0.006517149118857146
-0.5267683699541046,-0.5052939978312594,0.021474372122845198
0.5804436552421881,0.5424961205344434,0.0379475347077447
-0.7808121949352367,-0.7517453530360914,0.029066841899145324
-0.691621240559275,-0.6682023255522083,0.02341891500706672
-0.3576192521910309,-0.3344018673399104,0.023217384851120515
0.3010991085673098,0.29651026448948303,0.004588844077826781
0.3772378994370205,0.37901925530683284,0.0017813558698123177
-0.9557351050417483,-0.9300980350041661,0.0256370700375822
-0.925043681701533,-0.9073991714027863,0.017644510298746696
0.15240454925947133,0.16178709202462502,0.009382542765153684
-0.4518945056093792,-0.4364050781681814,0.0154894274411978
0.08002055857179237,0.06688894763093954,0.013131610940852828
-0.10867868850987214,-0.09507707615559381,0.013601612354278328
0.0017609903163432463,0.009112300027484107,0.007351309711140861
-0.6287089106559597,-0.6211059941787761,0.0076029164771835855
0.9673298606047113,0.9455771589591618,0.021752701645549433
-0.16312244978105034,-0.16903665988400685,0.0059142101029565075
0.6587490106196623,0.6321659816168632,0.026583029002799075
0.8551150773787761,0.8355677355606564,0.01954734181811968
0.9323773351888103,0.9180446158308148,0.014332719357995516
-0.5211762469022582,-0.515160705966933,0.006015540935325192
0.8956703146784107,0.8793974301652443,0.01627288451316644
-0.26908858914639877,-0.274538429651748,0.005449840505349246
0.9641314189779057,0.9380401226265499,0.026091296351355764
0.9613209831938166,0.9375417693484543,0.0237792138453623
0.37006881437659206,0.37236141644512044,0.002292602068528382
0.14462278349664492,0.12638647584860874,0.018236307648036187
-0.8183821323023444,-0.8108016752588109,0.007580457043533495
-0.047704298338960734,-0.07044430740377304,0.022740009064812307
-0.6713499210601892,-0.6483950808105897,0.022954840249599484
0.3660511708780013,0.34754228791144703,0.018508882966554285
-0.8421572962502029,-0.8169271998586094,0.02523009639159346
-0.968834671191493,-0.9445033938334111,0.024331277358081937
-0.9551551695412687,-0.9289127420217853,0.026242427519483358
0.6375699823254772,0.6090340057839987,0.028535976541478547
0.913255145345972,0.895453585897516,0.01780155944845596
0.1897332249373397,0.17478947202816839,0.014943752909171326
-0.9003322555738642,-0.8790331715591492,0.02129908401471503
0.6564258426147175,0.644542614488301,0.011883228126416512
-0.7612602234089978,-0.73634684915757,0.02491337425142781
0.6629054582638834,0.6537957112602101,0.009109747003673285
0.0739554486918978,0.08004484007423322,0.006089391382335427
0.9565993138446219,0.9335692957881301,0.023030018056491852
0.6030126799800287,0.5993503103279012,0.0036623696521275173
0.04264187333659898,0.053764306843367866,0.011122433506768885
-0.2699971801308742,-0.26970144743757535,0.00029573269329885576
-0.8370484441142864,-0.8242193548256351,0.01282908928865123
-0.937162042132516,-0.9061426203098025,0.031019421822713444
-0.09325994457086888,-0.10386010043997486,0.010600155869105982
0.8463508249017345,0.8246879376006448,0.021662887301089673
-0.4830562649841092,-0.4625755141499057,0.020480750834203476
0.7566726514865436,0.7408451941202402,0.01582745736630342
-0.9662843798777443,-0.9435469082498443,0.022737471627899963
0.961936288654588,0.9339267289874819,0.028009559667106165
-0.017827181632231577,-0.029845978737433155,0.012018797105201578
0.8706272677160412,0.8571923720028403,0.01343489571320089
-0.23704075994538365,-0.22289758521006087,0.014143174735322783
0.8102215254641203,0.7980894137942901,0.012132111669830192
0.04886602916770455,0.05632575536874731,0.007459726201042759
-0.41559252655848933,-0.4150503588942766,0.0005421676642127227
0.6352919855578061,0.6265672047193466,0.008724780838459512
-0.5029779721748387,-0.49771289319185186,0.005265078982986893
0.24806018840109828,0.2467320499622989,0.0013281384387993922
-0.9222697665894943,-0.8975052264239645,0.02476454016552987
-0.6025994903705929,-0.5973216050426806,0.005277885327912291
-0.9582512479247317,-0.9269699370583447,0.03128131086638697
-0.9113665501904847,-0.885832781309962,0.025533768880522723
0.6019089238826185,0.5809315433284169,0.02097738055420162
-0.5157345479833735,-0.4949191670465776,0.020815380936795858
0.23716944315704488,0.219694833854859,0.01747460930218589
0.9227408460745844,0.9011675267050235,0.02157331936956086
-0.8341714602736193,-0.8096587864752282,0.02451267379839117
0.8889620258193556,0.8727857973300572,0.01617622848929834
-0.943798135483169,-0.9219319370378373,0.021866198445331775
0.9405343518784225,0.9135166794684836,0.02701767240993891
-0.9601662800470162,-0.9349615005187392,0.025204779528277044
0.3440520941550975,0.32260038363426413,0.02145171052083339
-0.6081649699909738,-0.5943484422296603,0.01381652776131348
-0.19824223967677926,-0.19992311672395202,0.001680877047172763
-0.3411655518555789,-0.31868820194398745,0.02247734991159145
-0.49567451661099377,-0.49115960127065317,0.004514915340340597
0.4754632861217756,0.4537883102069052,0.021674975914870387
-0.3918134652488039,-0.3724768880227119,0.019336577226092
0.41404264988387257,0.3926868313288531,0.021355818555019446
-0.5687134494413962,-0.5616914272346911,0.007022022206705114
0.48650847200642433,0.4793753448484787,0.007133127157945618
0.16757686150850903,0.15171062155498904,0.01586623995351999
-0.45574768847508346,-0.45308165793589905,0.0026660305391844052
0.0782997848135572,0.07398318971800226,0.004316595095554945
0.6145118807463346,0.603409592050648,0.011102288695686524
0.9687932846486998,0.9414911163160198,0.027302168332680066
-0.29770990453521473,-0.2959560203590039,0.001753884176210807
0.5627270514513154,0.5593845608146844,0.003342490636631057
0.3339930644183522,0.33894391703215776,0.0049508526138055675
0.7299369933528819,0.7057800217463548,0.024156971606527078
-0.6512042871989466,-0.6323361850232255,0.018868102175721102
0.552766376465096,0.528875702222834,0.02389067424226199
-0.05161889337791675,-0.04098409412445632,0.010634799253460434
-0.5311853011821505,-0.5243465632028415,0.006838737979309006
-0.9650969575094552,-0.9388471100361325,0.026249847473322707
-0.45753662460706995,-0.43904910793348995,0.018487516673580007
-0.9285416724030048,-0.9031329210654813,0.025408751337523516
0.9205262219790025,0.8999444651293121,0.020581756849690325
0.75585248801681,0.7397758395023424,0.016076648514467662
-0.3450676596600731,-0.34695207681483775,0.0018844171547646726
0.0007304309037735138,0.01485499793926603,0.014124567035492516
0.880556558735468,0.8575234733788268,0.02303308535664117
0.928190302093233,0.9076031640875144,0.020587138005718653
-0.5062582048983426,-0.4931192689505474,0.013138935947795194
-0.1736059491638235,-0.16001757150130658,0.013588377662516915
-0.9614722253486173,-0.9299538244300304,0.03151840091858693
0.9038400296731796,0.873387814114861,0.030452215558318563
-0.4813149116353856,-0.47610686305141936,0.005208048583966229
-0.20090362440730714,-0.2052386348905347,0.004335010483227569
-0.09780306773465348,-0.08569145967010876,0.012111608064544727
-0.4645678494818154,-0.43858081350389705,0.02598703597791835
-0.16100083079122088,-0.1476424325637071,0.01335839822751378
-0.7623005361863059,-0.7508707019591699,0.011429834227135949
-0.6673127669149128,-0.6560370417344753,0.011275725180437512
0.8995280872123705,0.8778899850822744,0.021638102130096093
0.8363687135485913,0.8126485238653114,0.023720189683279935
-0.5051917182297887,-0.5044547925366644,0.0007369256931243351
0.8423372265116759,0.8263107439502314,0.016026482561444455
0.937458203423869,0.9099004532718152,0.02755775015205375
-0.11868867061909176,-0.12219837109930369,0.0035097004802119303
-0.9395053458854564,-0.912564189609855,0.026941156275601452
-0.4313746449805077,-0.42787710521859895,0.0034975397619087523
-0.00271657105236556,0.00654298685426645,0.00925955790663201
0.6882097784894926,0.6637182260263544,0.024491552463138166
-0.9020944362955156,-0.8873489457545698,0.01474549054094576
-0.7071792660522691,-0.6770236653759288,0.030155600676340266
-0.660484893907468,-0.654015917672556,0.006468976234912049
-0.6172996699423754,-0.6157589807118619,0.0015406892305135367
0.9580057618790901,0.9336440371951464,0.02436172468394371
0.6809418077361892,0.6743235210330056,0.00661828670318354
0.7273232397567031,0.699224724598196,0.028098515158507142
0.6241091488640852,0.6162233497663032,0.007885799097781976
-0.63139594932691,-0.6222099682892749,0.009185981037635127
0.6869572744528946,0.6741001719383594,0.012857102514535201
0.5406520533946122,0.5186368376677288,0.022015215726883364
0.8419537078268284,0.8273861873965219,0.014567520430306513
0.9109210689721734,0.8951741337715869,0.015746935200586454
0.9306253692625561,0.9108008593955425,0.019824509867013673
-0.2701761532761638,-0.24922158548009707,0.02095456779606672
0.181061461165163,0.16620426659368837,0.014857194571474636
-0.9661074229949101,-0.9357733721107886,0.030334050884121555
0.32264486739731113,0.2995664267154261,0.023078440681885026
0.9565183828102545,0.9445592839365392,0.011959098873715268
0.22737065203745968,0.23201506369748492,0.004644411660025244
-0.8488614612743035,-0.8369346298009555,0.011926831473348054
-0.6406844395800814,-0.6263706846844885,0.014313754895592834
-0.7752087941084077,-0.750524942323469,0.024683851784938704
0.9183403870081683,0.8956071111652758,0.02273327584289253
0.8457573299138486,0.8293490172234435,0.016408312690405102
0.2797743761070593,0.28711612004995046,0.007341743942891166
-0.4142841077719813,-0.39602362392590007,0.018260483846081255
0.7823578015322601,0.7557180497629132,0.026639751769346853
-0.4470750859210648,-0.44560406984783735,0.0014710160732274713
0.6808717048492533,0.6752223512422972,0.005649353606956065
0.06078333059313628,0.07368438866991796,0.012901058076781678
0.572962100277224,0.5706111860259184,0.0023509142513056247
-0.8631784118456821,-0.8432153492069246,0.019963062638757467
0.965296015132671,0.9368921168233343,0.02840389830933676
-0.9660170130893398,-0.9474815614394546,0.018535451649885237
0.8756410231402721,0.8644586773759516,0.011182345764320534
0.09784454555841814,0.08271353770545553,0.015131007852962605
-0.04296796991592078,-0.026052758384881948,0.01691521153103883
-0.9611259121069075,-0.9311948672744416,0.029931044832465892
-0.4758120417230414,-0.4721506495020218,0.0036613922210196326
-0.9655024798306282,-0.9469321860916152,0.018570293739012977
0.06428530548517691,0.07791876404107922,0.013633458555902311
0.5623327546029566,0.5381117963399032,0.02422095826305337
-0.33694253620423276,-0.3191869309167672,0.01775560528746556
0.6562652560243223,0.6506024671068058,0.005662788917516481
0.21680386853295863,0.22524257358033023,0.008438705047371597
0.7764328946249757,0.7548497995926636,0.02158309503231204
-0.08781913968509536,-0.06990976087252009,0.017909378812575275
-0.9487174879286268,-0.9229206676355165,0.025796820293110256
0.38201169667902785,0.35948950479018515,0.02252219188884269
-0.9638600352412917,-0.9428167945756554,0.021043240665636342
-0.9469568706332618,-0.9259907501705076,0.020966120462754256
0.6479221308641278,0.6441124854901739,0.003809645373953896
0.6549059826773221,0.6287798560353074,0.026126126642014746
-0.9272582718644183,-0.9087167413461753,0.018541530518243032
-0.9596295840602236,-0.9337657509901239,0.02586383307009965
-0.6822000776392554,-0.6742252215823548,0.007974856056900625
0.9433703010765795,0.9250486937655169,0.018321607311062582
-0.8273669559789064,-0.8115258714906693,0.015841084488237067
0.8599516671140631,0.8453059443875924,0.014645722726470689
-0.22764520111643924,-0.2345124943445424,0.006867293228103172
-0.49387590309026547,-0.49569907711492966,0.001823174024664198
0.9557873719735417,0.9264262358583398,0.029361136115201858
0.7994754301232696,0.7810285354287761,0.018446894694493454
-0.8535579209360996,-0.8257333331829313,0.027824587753168317
-0.7925795009562248,-0.7683949676878382,0.024184533268386543
0.6141366011408108,0.5885389656257278,0.025597635515082984
-0.4586923037700569,-0.4557179069248493,0.002974396845207561
0.2663702331831309,0.2718469723812669,0.005476739198136016
-0.8954212105012718,-0.8794891516321083,0.01593205886916349
0.3785287552154616,0.35523226671052427,0.023296488504937318
0.9420435567464953,0.9128750349126649,0.029168521833830452
0.9216836723414122,0.9055641671373756,0.0161195052040366
0.8372532926426168,0.807272562820598,0.029980729822018826
-0.8854057978996828,-0.8671017858861295,0.01830401201355325
-0.5568496343688698,-0.5340475345842092,0.022802099784660634
0.9217168470953625,0.9091567219505096,0.01256012514485294
0.9284378319024473,0.9121586250591093,0.016279206843338057
0.3470796589557532,0.34887696551591446,0.0017973065601612492
-0.8128114315101073,-0.7886253846902492,0.02418604681985803
-0.9686532772730343,-0.9461129856046,0.022540291668434298
0.30745403669392285,0.28831658497579327,0.019137451718129583
0.892842337805623,0.8697285439198745,0.023113793885748524
-0.005209457800129459,-0.019448836227373048,0.014239378427243588
0.9657127727946069,0.9304488804010639,0.035263892393542995
0.8289540082345861,0.8187802363902832,0.010173771844302903
-0.7336218977800443,-0.7267881791925583,0.006833718587485937
-0.51944474539222,-0.4924725985306692,0.02697214686155075
-0.7751965635633514,-0.7617355997298022,0.013460963833549222
-0.7318678550677357,-0.705271728127656,0.026596126940079623
0.9594382093123149,0.9268008586121055,0.032637350700209455
0.4759580804553049,0.4709557439362651,0.005002336519039807
0.029770997118591488,0.019058299813291654,0.010712697305299834
0.5059961175252929,0.5064685447614041,0.00047242723611118365
-0.7404592271572934,-0.7297102358985524,0.010748991258740959
0.8509379796571526,0.8211220712617826,0.02981590839536996
0.10506834327246263,0.09413639720028993,0.010931946072172696
-0.24884944888528335,-0.2486064635797626,0.0002429853055207487
0.3529614784346746,0.3516197192256609,0.0013417592090137487
-0.39296867602825275,-0.39087451925892774,0.0020941567693250063
0.5085969766831673,0.48290693448010125,0.025690042203066032
-0.949655690858086,-0.9279600460707347,0.02169564478735131
0.24993995832231022,0.2516242162437552,0.0016842579214449704
0.34257042212872146,0.3384349188941024,0.004135503234619087
0.8882387268211137,0.8660824934328268,0.022156233388286872
0.9358236960141417,0.9163615594448697,0.01946213656927198
0.9534672948489407,0.9184707923890083,0.034996502459932355
-0.5084590191291463,-0.4828556007815375,0.025603418347608764
0.8938230709184447,0.8682044811400293,0.025618589778415357
0.24728401380951504,0.24596209848142428,0.0013219153280907558
-0.580393820337866,-0.5584742062022477,0.02191961413561827
-0.23493787032766222,-0.24489527596457222,0.00995740563691
-0.5590607220838268,-0.5575305034795474,0.0015302186042794874
0.42484597686903125,0.4011285941416022,0.02371738272742907
-0.9073099721142442,-0.883102013900537,0.024207958213707248
-0.9012015720593433,-0.8832300168890966,0.017971555170246623
0.5555563897882437,0.5302769301482868,0.025279459639956925
-0.0303837387856546,-0.03731558032248085,0.006931841536826248
-0.528067062260739,-0.5010693483861115,0.02699771387462746
0.4138080872796459,0.4124534233856573,0.0013546638939885836
-0.3840509590924139,-0.37639720198555443,0.007653757106859449
0.9607512635194314,0.9333503829914666,0.027400880527964855
0.12141346180614557,0.1281869512717851,0.006773489465639521
0.2907248999618498,0.29428875569573054,0.0035638557338807386
-0.5905045116357437,-0.5820010703006171,0.008503441335126594
-0.5144703104869618,-0.5096873515917424,0.004782958895219402
0.13728786479181954,0.13739443533138895,0.0001065705395694172
0.6510932230173849,0.623487428154892,0.027605794862492927
0.25699243349609147,0.25795978984028123,0.0009673563441897626
-0.6294925046043299,-0.6009785502303738,0.028513954373956096
0.33278920297295644,0.3338525065985583,0.0010633036256018635
0.9600967072980656,0.9320257427800095,0.02807096451805613
-0.6587971679283376,-0.652829065281509,0.005968102646828677
-0.12194040922043303,-0.11514995102717816,0.00679045819325487
-0.8300271482610709,-0.8159087970049286,0.014118351256142359
0.6078196726410416,0.5898055126058781,0.01801416003516354
-0.1386193669634934,-0.13874909402831506,0.00012972706482167196
0.8050266591886205,0.8030302539286854,0.0019964052599350524
0.7444085589349391,0.737414831841982,0.006993727092957092
0.9623989273164165,0.9376127763478841,0.024786150968532428
0.26845108791881817,0.27265045127791615,0.004199363359097985
-0.7224343317038018,-0.6967258533544571,0.025708478349344643
-0.7626922966980019,-0.7353999614639282,0.027292335234073706
0.4952368752025669,0.47586239757233667,0.019374477630230202
-0.10185703638149995,-0.10155362777626464,0.0003034086052353113
-0.5641400767416663,-0.5371438185281597,0.026996258213506596
0.4364115243156353,0.4366587782828,0.0002472539671646845
-0.7162684693109542,-0.7079638272596958,0.00830464205125847
-0.8931083760060515,-0.8764316832801126,0.01667669272593897
-0.9093223083053369,-0.8968026912486005,0.012519617056736432
0.26024157635468326,0.24371942959614035,0.01652214675854291
-0.6274718459522478,-0.6222509636657788,0.0052208822864689974
-0.2560958784824681,-0.2627105483994056,0.006614669916937488
0.3677325401239559,0.3479161534955356,0.01981638662842028
-0.26295805518752924,-0.24077089206907457,0.022187163118454672
0.47981958702548716,0.4545892227879886,0.02523036423749858
-0.11460960187935008,-0.09378955983537929,0.020820042043970796
-0.9125843068430161,-0.8865350795482058,0.026049227294810295
0.7477169517965534,0.7430596589873384,0.004657292809215008
-0.262787378382722,-0.2637783348640621,0.0009909564813401217
0.8916808599033098,0.8642143153957268,0.027466544507583013
-0.6355723577529174,-0.6069745416875195,0.028597816065397907
-0.5272298814088043,-0.5007059101088119,0.0265239712999924
-0.9683652496511259,-0.9467864323742066,0.02157881727691935
0.8581717033913006,0.8460777817757505,0.012093921615550007
-0.6662026608193979,-0.6593488792220664,0.006853781597331521
-0.29700220184166864,-0.29848649792303406,0.0014842960813654105
-0.8225536657325913,-0.7926829659403184,0.02987069979227286
0.5283282236163307,0.5332150492382617,0.00488682562193099
-0.9558016161947016,-0.9291309571503059,0.026670659044395695
-0.5414016233448886,-0.5197782756907328,0.021623347654155856
0.4970602263192701,0.47298011189966854,0.02408011441960156
0.9295276596067856,0.901175373618403,0.028352285988382575
0.29880007415397264,0.2841842428019255,0.014615831352047137
-0.8679407741997016,-0.8371367573505881,0.03080401684911349
0.7032682395242122,0.6748409790126834,0.028427260511528885
-0.41633407886630763,-0.41900258199427187,0.002668503127964239
0.037687226283253716,0.046448967329679486,0.00876174104642577
0.801216636781927,0.7742422057079024,0.02697443107402464
-0.8566396324071176,-0.8317246697191024,0.024914962688015185
0.015087294018485853,0.01441325938723801,0.0006740346312478426
-0.9451129455482037,-0.9312231403598825,0.01388980518832117
-0.17095768682227425,-0.16854633806121921,0.002411348761055032
-0.6476748922197775,-0.6383324459328995,0.00934244628687797
-0.2381705228277577,-0.2455876358699179,0.007417113042160195
0.6670204251519299,0.648273913271683,0.018746511880246897
0.567833760130352,0.5594446925180062,0.008389067612345813
0.40554699219535606,0.3975827617299073,0.007964230465448752
0.6722766480555517,0.6660772890105893,0.0061993590449623825
-0.7418966384092147,-0.7177165944133862,0.024180043995828515
-0.661989132751761,-0.6423429699519889,0.01964616279977205
-0.9660096936083304,-0.9450247620381697,0.020984931570160792
0.327239593017479,0.32677639630472266,0.000463196712756353
0.362926522071081,0.3465251654472396,0.0164013566238414
-0.0999870657670564,-0.08875819858013347,0.011228867186922939
0.8883498150025021,0.8755601373632276,0.012789677639274522
-0.266080953399957,-0.25092499861772977,0.015155954782227254
-0.836682982288193,-0.8256870238229717,0.01099595846522139
-0.291765545594148,-0.27472665936078927,0.017038886233358752
-0.23394361178218,-0.23843201005773157,0.004488398275551558
-0.9138091771287324,-0.8994221132518486,0.014387063876883821
-0.6071248674335568,-0.5844506637742662,0.022674203659290515
-0.9680983977457845,-0.9443553859257142,0.023743011820070326
0.6380685700238944,0.6300712103915569,0.007997359632337497
0.7773416309347149,0.7723642859161892,0.004977345018525647
0.6101240022063932,0.5868499814030229,0.023274020803370266
0.7939592516902171,0.7673550216530813,0.026604230037135745
0.40714403606067334,0.4107743551241299,0.0036303190634565663
-0.41165504203369874,-0.41481493999100094,0.0031598979573022046
-0.75755271785564,-0.7456619057280864,0.011890812127553607
-0.7836271099017729,-0.7697222030788794,0.01390490682289347
0.23653564429708637,0.23982680519237992,0.003291160895293549
0.5978718416208628,0.5890926090182002,0.008779232602662668
0.5744080030607793,0.5620205240197634,0.012387479041015892
0.8469129779478708,0.8351401337551915,0.011772844192679321
0.8665224864617389,0.8443688052849703,0.022153681176768636
0.11667480119139789,0.1270804909440301,0.010405689752632202
0.6833924101939322,0.6607627641090494,0.022629646084882715
-0.7021044862130821,-0.6788349121779352,0.023269574035146845
-0.2909286782943548,-0.2750394638595672,0.015889214434787635
0.16636843207315438,0.15967816437416466,0.006690267698989727
-0.953782350793241,-0.935003993431593,0.018778357361648013
0.9544147680174879,0.9414111651986032,0.013003602818884685
0.6659402442843525,0.6562581611447782,0.009682083139574305
-0.9526532510205611,-0.9312935756707631,0.02135967534979799
0.955235242328105,0.9255073194777903,0.02972792285031467
0.23019424842310962,0.23130952002992886,0.0011152716068192348
0.8203527832750135,0.8005595184825987,0.019793264792414833
-0.5452564382697671,-0.5418562254583986,0.003400212811368486
0.7832751143068465,0.7789997507030386,0.004275363603807869
0.331072665735052,0.317364849620344,0.013707816114708005
0.6718713566379081,0.6586260275977357,0.013245329040172393
0.9582702394249347,0.9336905189125283,0.024579720512406422
-0.5437419500134983,-0.5393307061287711,0.004411243884727245
-0.6905481094062335,-0.6815352665845136,0.00901284282171988
0.41919933758280925,0.4090045327129438,0.01019480486986546
-0.9616024628069059,-0.9447862986626677,0.016816164144238144
0.24354958767143547,0.2236842279271616,0.019865359744273864
-0.5436354683163523,-0.535389659641304,0.008245808675048316
0.6653853314938586,0.6426450478387746,0.02274028365508396
0.6779204808996802,0.6710024364344823,0.006918044465197837
-0.14541909260988317,-0.13107712769551794,0.014341964914365235
-0.9250036445921864,-0.9058556937617861,0.01914795083040033
-0.9686656295359362,-0.9411918054862565,0.027473824049679685
0.4151685640641679,0.39683248387339204,0.018336080190775872
0.2531654509679769,0.25776548808642386,0.004600037118446976
0.6280955609695589,0.6216412512489923,0.006454309720566598
-0.9192343026637281,-0.8940141548457121,0.02522014781801596
0.424936881171353,0.4210522507236794,0.003884630447673565
-0.9061848769976634,-0.8795880375509159,0.02659683944674751
-0.7226108351757304,-0.7108162831377471,0.011794552037983297
0.9444316730347033,0.9142712473980564,0.030160425636646893
0.49205461901168984,0.49226501237002346,0.00021039335833361594
-0.40162470725033883,-0.40609687833118385,0.004472171080845022
-0.41213171658593006,-0.3881214568665743,0.024010259719355775
-0.3671901216121188,-0.3439110480351583,0.023279073576960463
-0.4865978853292771,-0.4649269423076145,0.021670943021662614
0.464272268056026,0.4586574894589022,0.005614778597123782
-0.9043836927356877,-0.8754574646394796,0.02892622809620815
-0.33803425333971604,-0.3362160966570362,0.0018181566826798168
0.2702470123491056,0.25460428673681157,0.015642725612294017
0.6001177829540351,0.5974945477257233,0.00262323522831176
0.6327031804086267,0.6118892213485936,0.020813959060033138
-0.9567407844262239,-0.9256702927319298,0.0310704916942941
0.03566723844235813,0.03135776772066571,0.004309470721692424
-0.9687907759403505,-0.9492600857357055,0.01953069020464493
-0.26036847570437227,-0.24845404623684325,0.01191442946752902
0.5568496355795775,0.5378482175705713,0.01900141800900612
-0.42270141971639147,-0.3980182195913272,0.024683200125064253
-0.9685571306310811,-0.95385954200737,0.014697588623711066
0.03201103936297756,0.0470958019047697,0.01508476254179214
0.7558516745598197,0.734127371102921,0.021724303456898686
0.9573349634247885,0.9323721722915463,0.02496279113324218
0.8751583599292032,0.8506176297366128,0.0245407301925904
-0.5671621756487878,-0.5457468110704454,0.021415364578342366
0.12783245950356545,0.14073961123877035,0.012907151735204903
-0.7664537357633304,-0.7468716987341764,0.019582037029154065
0.33256726729209435,0.3345861692306284,0.0020189019385340456
-0.3152097258460897,-0.3028577465845105,0.012351979261579216
-0.9671220124082013,-0.9398096089135636,0.027312403494637705
-0.7521667128235562,-0.7270844823351744,0.025082230488381763
0.6534249218223749,0.6274282211106139,0.025996700711760967
0.597755812504875,0.5960615349494531,0.0016942775554218414
0.6880382700030245,0.6799410854274595,0.008097184575565075
0.9004279635777499,0.8784375207541698,0.021990442823580092
-0.7842599718939686,-0.7665265543839413,0.017733417510027216
-0.9533212220285611,-0.9239654510272621,0.029355771001298936
0.8975843126908642,0.8850624553134501,0.01252185737741418
0.4063153156691092,0.38181291580886423,0.024502399860244994
0.2609095666081008,0.26291842663546955,0.002008860027368775
0.7723204564288314,0.7613107150725428,0.011009741356288627
-0.7772652291993198,-0.7517286220194003,0.025536607179919568
-0.9579400802829093,-0.9282502583065332,0.02968982197637615
-0.454061219596983,-0.44913579706605566,0.004925422530927315
0.17305996624588993,0.18411296915353526,0.011053002907645326
0.12479197165404214,0.12996022179289915,0.0051682501388570085
0.9348168385827792,0.9092839678914308,0.025532870691348353
0.9585372788091556,0.9338731534979361,0.02466412531121953
0.9149068201903525,0.8980663056627709,0.016840514527581618
-0.5738382521368676,-0.5777430897557027,0.0039048376188350886
-0.9324566445504204,-0.9001821764686605,0.03227446808175993
-0.3041816790977324,-0.31092935005287115,0.006747670955138729
-0.21398002875997324,-0.19884586887560005,0.015134159884373194
-0.6661078183135031,-0.6398160792527889,0.026291739060714137
0.9579234909039117,0.9388168348009055,0.019106656103006214
0.9672859221783097,0.9387990053574413,0.028486916820868347
0.9672293115115518,0.9434948482114001,0.02373446330015172
-0.7235703785217671,-0.7110363260825143,0.012534052439252763
-0.3461199721666369,-0.34698429007846204,0.0008643179118251187
-0.4515408232982352,-0.44879001734948976,0.0027508059487454384
-0.8424279999468334,-0.8248940113749358,0.017533988571897585
-0.825704908476576,-0.8122708338209225,0.013434074655653494
-0.0037964537053913807,-0.010344389328748364,0.006547935623356984
0.8349858740500363,0.8044551317481669,0.030530742301869473
0.023142674349484547,0.008898247171636344,0.014244427177848204
0.600209222453922,0.5946769044230061,0.005532318030915917
-0.9598721833168588,-0.9357410243813908,0.02413115893546791
0.957037281024665,0.9305684101876054,0.02646887083705962
-0.6101536366046073,-0.5870218010165864,0.0231318355880209
-0.8414623096807942,-0.8206074015062239,0.020854908174570252
0.8721073036909116,0.8461242693543088,0.02598303433660276
0.4611712143068781,0.45958736500722785,0.0015838492996502196
-0.90424842151279,-0.8792093139050101,0.02503910760777983
-0.47028849920315136,-0.4726406233646432,0.002352124161491831
0.24798119204520525,0.23959217666369453,0.008389015381510712
-0.8019415975664856,-0.772373956971525,0.029567640594960642
-0.9621427289179219,-0.9348131451568623,0.02732958376105954
0.3175848753570448,0.3189839744877485,0.0013990991307036849
-0.19350253063567352,-0.19352556114969574,2.3030514022220894e-05
-0.0006695891373440442,-0.0004241116325386588,0.0002454775048053854
0.4505049156509506,0.44968065753310155,0.0008242581178490305
-0.7887586795530042,-0.770866575586604,0.017892103966400175
-0.9137828313257903,-0.8830345559169287,0.030748275408861603
-0.8296224345822708,-0.802580177481988,0.02704225710028285
0.9612373904985244,0.9356019274701546,0.02563546302836983
-0.41831698687861485,-0.40041131041838285,0.017905676460232
0.8520453007230546,0.8394971931786845,0.01254810754437008
-0.9047430778690816,-0.8846059619283297,0.02013711594075185
0.30761790349519286,0.30916771469354337,0.0015498111983505147
-0.6690728510649363,-0.645080267859295,0.02399258320564135
0.9181160382013724,0.9048111547761877,0.013304883425184766
0.8640979582297629,0.8392457202643788,0.02485223796538405
0.5452302144909127,0.5431277263627038,0.0021024881282089014
0.6593746407740344,0.6498970190887629,0.009477621685271553
0.884130918884966,0.8711701766346471,0.012960742250318846
0.8513448097285052,0.8363833748846811,0.014961434843824173
0.8394698978801275,0.8255254399949944,0.0139444578851331
0.9667629196327905,0.9386727764262894,0.02809014320650105
0.9692347671273243,0.9440682438287359,0.025166523298588372
-0.5920771473456542,-0.567296200753845,0.024780946591809183
0.5804078609227703,0.5710377668562793,0.00937009406649103
0.7093748175503183,0.7010861651940459,0.008288652356272408
0.7272671573479544,0.7162384739371495,0.011028683410804985
-0.8123528770195959,-0.7885373533566156,0.023815523662980342
0.7711778274030919,0.7475076480445797,0.023670179358512233
0.4441202430907139,0.42131666745684165,0.022803575633872253
0.9661157593471122,0.944453867292151,0.021661892054961274
0.6879281876470693,0.6744559104708369,0.01347227717623245
-0.07884690591698716,-0.06205905550193092,0.01678785041505624
0.7750459183926524,0.7655945895460815,0.00945132884657085
-0.791981469259515,-0.7671424303282403,0.024839038931274704
0.25100657525741177,0.2399698472592084,0.011036727998203377
-0.9359830973314478,-0.9139906094999887,0.02199248783145913
-0.9007704859769967,-0.8848047238902731,0.015965762086723623
0.37246938672717167,0.3771784503769423,0.0047090636497706395
0.16417433680424345,0.16992536688268195,0.005751030078438496
0.25685865676218805,0.24770603832281868,0.009152618439369375
0.5845112284054447,0.5663609810518869,0.018150247353557747
-0.06832054907951611,-0.05594475498712856,0.012375794092387551
0.23435604929694734,0.22283030134910733,0.011525747947840004
0.93090134120491,0.9091218086845776,0.02177953252033238
-0.010916192780773697,-0.021450761571479952,0.010534568790706255
-0.45689736759918465,-0.4487109009284287,0.008186466670755954
-0.10383844630387584,-0.09240282929794176,0.011435617005934082
-0.332800717135077,-0.3330344708519131,0.0002337537168361492
0.9655487290751228,0.9452184479964301,0.020330281078692725
-0.7452819467805198,-0.7395527026781518,0.005729244102368081
0.9657379770357792,0.9536829414663648,0.012055035569414452
0.5205959296562463,0.5130903141447215,0.0075056155115248435
-0.027176106174976053,-0.023405663656497322,0.003770442518478731
0.2577074182707533,0.2597846168051667,0.0020771985344134047
0.5046300276840587,0.5017962021314635,0.0028338255525952594
-0.9501492297132546,-0.9262090383736958,0.023940191339558714
-0.18347714767406906,-0.17070751902342887,0.012769628650640186
0.40758973833029954,0.40404077756510903,0.003548960765190512
0.6126342320169957,0.5866935646121743,0.025940667404821482
0.962535483773151,0.9402543630958591,0.022281120677291932
-0.7574064258631797,-0.7374479467006779,0.01995847916250182
0.8647271169161369,0.8469710851685751,0.017756031747561796
0.16853518850733545,0.1792848994838824,0.01074971097654695
0.5220811300116519,0.5065654154521454,0.01551571455950651
0.8470339081978138,0.8346562384937682,0.012377669704045524
-0.23764594237911169,-0.2158344968074605,0.021811445571651183
0.9661455893435071,0.940999920099865,0.025145669243642144
-0.4047923419318996,-0.3916836753947963,0.013108666537103297
0.9235616282247097,0.8926297053929317,0.030931922831777925
0.47751396665799134,0.45916497706301473,0.018348989594976606
-0.2501404487451616,-0.2279232703316622,0.022217178413499405
0.3628754189598307,0.3502273179263793,0.012648101033451431
0.21072041129790184,0.1962704769920966,0.01444993430580524
-0.5326374689361082,-0.5054127408638542,0.027224728072253956
-0.7331764153951414,-0.7029053866047035,0.03027102879043797
0.3103745073710005,0.31303792781268935,0.0026634204416888796
-0.907060464051182,-0.8765756147112166,0.030484849339965425
-0.9466936784645553,-0.9169121535480947,0.029781524916460578
0.7602371932626452,0.7283031850965404,0.03193400816610481
-0.8556176745598366,-0.8324173616894814,0.023200312870355178
0.8863493324481538,0.8612835482244814,0.02506578422367245
0.17862536229715664,0.178333037982573,0.0002923243145836474
0.44938138808427186,0.4436012449418131,0.005780143142458782
-0.6478290135798491,-0.6418685931516955,0.00596042042815359
-0.7269101789305595,-0.7014533733460052,0.02545680558455432
-0.5273242631754074,-0.5054722073533515,0.02185205582205585
0.5351311200229314,0.5103285106961384,0.024802609326793013
0.9032791900125781,0.874807902033655,0.028471287978923066
-0.8512219380718725,-0.8369702511610426,0.014251686910829897
0.3953333804859976,0.3763354263211883,0.01899795416480926
-0.884025928889675,-0.8619770914227564,0.022048837466918658
-0.6920461622189849,-0.684320157077718,0.007726005141266867
0.785956427035373,0.7628357223217269,0.023120704713646134
0.43862417134392734,0.4396564843783803,0.0010323130344529474
0.9684565447349635,0.9429018002727193,0.02555474446224415
-0.374453097723453,-0.37354770427292316,0.0009053934505298122
0.10751352237183294,0.11440915655971784,0.0068956341878849
0.03194871544283702,0.021853067478969288,0.010095647963867731
0.9431674935460277,0.9150460059515494,0.0281214875944783
-0.7336323823958184,-0.724339392393874,0.00929299000194439
-0.18619375988565548,-0.1718877873169459,0.01430597256870958
0.958276846957984,0.9464637511586429,0.011813095799341089
0.7170674322530447,0.6894652195838922,0.027602212669152526
0.014462673943006146,0.02760039579063369,0.013137721847627544
-0.1046975094079068,-0.10075627853894005,0.00394123086896675
0.7830197085736685,0.7693465503998023,0.013673158173866273
-0.3573100906370672,-0.3650551579772809,0.007745067340213685
0.36888607215128855,0.3472449260539149,0.021641146097373665
0.8982021058209041,0.8750603246528512,0.023141781168052877
-0.39314154596302203,-0.3968747204618809,0.003733174498858849
-0.9633667975145019,-0.9456216385411207,0.017745158973381248
-0.6716415789634552,-0.6589447534138024,0.01269682554965279
-0.7745075722239266,-0.7494453910743307,0.025062181149595908
0.0045694867996348846,-0.00798590751564651,0.012555394315281396
0.8604854807684519,0.8358256583547297,0.02465982241372222
-0.22320915487223497,-0.20846503071852535,0.014744124153709626
0.4873013755233525,0.46839282937883314,0.018908546144519367
0.8028375391812393,0.7916766557926925,0.011160883388546816
-0.7709895239308833,-0.7216241893321849,0.04936533459869841
-0.3206406418736169,-0.29931301647427677,0.021327625399340133
-0.6906431295482317,-0.6679429458707835,0.022700183677448194
-0.9676266998349956,-0.9392685287063509,0.028358171128644694
-0.6200262670000767,-0.596526902671322,0.023499364328754657
-0.8655435633616562,-0.8342771023583783,0.0312664610032779
0.5014890211543394,0.48125229257861496,0.020236728575724394
-0.9213864040836616,-0.8994393219951762,0.021947082088485392
0.2276820352047115,0.23018785721901025,0.0025058220142987475
0.5472724670262741,0.5237558555487299,0.023516611477544136
-0.8426304999914637,-0.8286433665821488,0.0139871334093149
0.9391912260315923,0.90790681505593,0.03128441097566237
0.7665315361430806,0.755514607686048,0.011016928457032615
-0.10445441197836551,-0.08654663908524979,0.017907772893115723
-0.27997725368978194,-0.26940171615314956,0.010575537536632373
0.10232908332101595,0.1143336928849532,0.012004609563937244
-0.9305852677946328,-0.9130101231608914,0.017575144633741435
0.22737065419501964,0.23390997584363102,0.006539321648611374
0.9419733055100222,0.9171668156518473,0.024806489858174907
0.9562752528242057,0.9299856705370309,0.026289582287174817
-0.7175101538506081,-0.7135601609065452,0.003949992944062952
0.9117991662777988,0.8825221743691806,0.02927699190861821
0.01600269714268274,0.0011448662325513313,0.014857830910131408
-0.857361052926423,-0.8275949638420032,0.0297660890844198
-0.9566219481542787,-0.9333290587545549,0.02329288939972385
-0.7206494910589787,-0.7077155554385319,0.012933935620446757
-0.9467809511569288,-0.927902947582797,0.01887800357413183
0.5309347268249361,0.5267800719813441,0.004154654843592009
-0.5900786910367612,-0.5619287900063749,0.028149901030386393
-0.037424140308409466,-0.04758531572816154,0.010161175419752075
0.8178232074885735,0.7945530528826472,0.023270154605926296
-0.9501511184096764,-0.9289097458251433,0.02124137258453307
-0.9184353218046931,-0.9016262983043103,0.016809023500382825
0.9641507082505613,0.9367301819414573,0.027420526309103965
0.02712861142620068,0.03455565451712701,0.007427043090926334
-0.9568679431728359,-0.9380319370601008,0.01883600611273506
-0.8717146361683847,-0.8471227585864248,0.02459187758195991
-0.817864040287145,-0.7906112061526466,0.027252834134498416
-0.9357170718253547,-0.9160770885400628,0.01963998328529193
0.07945962458508102,0.06320266194650151,0.01625696263857951
0.5520639869628524,0.5446485603038766,0.007415426658975766
0.8897530209980778,0.881356678424532,0.008396342573545823
0.6656256545838112,0.6418705491277156,0.023755105456095604
-0.8175436775024552,-0.8094946921808265,0.008048985321628677
-0.5210070277661352,-0.5040127851278062,0.016994242638328938
0.1710027106941724,0.16389004078661618,0.007112669907556213
0.8270468758980412,0.8138518366098133,0.01319503928822785
-0.9339888344131078,-0.9094237381413779,0.02456509627172987
0.15424901236080354,0.14099312311348394,0.013255889247319602
0.7703132291943371,0.7674365263582036,0.0028767028361335045
-0.8345912521734035,-0.8083783203983387,0.026212931775064785
0.5748220842016247,0.5542782240750251,0.02054386012659959
-0.5932462372385635,-0.5885396474763579,0.004706589762205615
-0.7462957431120671,-0.7361322328683879,0.01016351024367923
-0.7167499367651703,-0.6915152735675268,0.025234663197643448
-0.057630172218244305,-0.042145961169526354,0.015484211048717951
0.3715034974565786,0.3556596684102782,0.01584382904630044
-0.8242840805630615,-0.7994100680439964,0.02487401251906507
0.5668953104709478,0.5484159580815097,0.018479352389438097
-0.74038671474739,-0.7107405741302157,0.0296461406171743
-0.8427770860600313,-0.8182044850216875,0.0245726010383438
-0.5482098530243749,-0.5480221894095944,0.00018766361478050886
-0.3806383401257346,-0.36238672112379533,0.01825161900193928
0.21327051739133093,0.1941794024698148,0.019091114921516134
-0.8165471451685565,-0.8109068300380051,0.00564031513055141
0.9161701635448899,0.8978161162166176,0.018354047328272283
-0.8351485855685963,-0.8212455377082577,0.01390304786033858
0.19928633071569976,0.17414526926994836,0.0251410614457514
0.737194542090393,0.7251889341840762,0.012005607906316884
-0.3810744953382197,-0.3850843151814632,0.004009819843243501
-0.91669458003711,-0.8969093390608627,0.019785240976247342
-0.6333550642250074,-0.6114177523301578,0.021937311894849598
0.5052822488081598,0.48076716968840844,0.024515079119751315
0.9677860606624621,0.9419603753858699,0.025825685276592236
0.8125804728994159,0.7966543580533036,0.015926114846112283
0.9210533721877135,0.9063573781450046,0.014695994042708937
0.6825319310454867,0.6751221634902218,0.007409767555264901
-0.8008932389883405,-0.7853952690550184,0.015497969933322087
0.7787141634718368,0.7669468472282708,0.011767316243565973
0.8961876312935274,0.8740089743575221,0.022178656936005292
-0.5285607238769856,-0.5276919798721302,0.0008687440048553707
0.11295550454215329,0.09474563854135802,0.01820986600079527
0.7452851299754045,0.7166448494324326,0.028640280542971963
0.5676352881765835,0.5414810630073077,0.02615422516927579
-0.06097493635802354,-0.07323506016555789,0.01226012380753435
-0.6293158008940561,-0.5998189963737451,0.029496804520311004
-0.2879441512030321,-0.27254644752812196,0.015397703674910113
0.6316782211670035,0.6078122307101956,0.023865990456807817
0.8954583103820485,0.8824518798830286,0.013006430499019839
0.9649097937574348,0.9398264306263961,0.02508336313103865
0.9502643627840034,0.9352050587747909,0.015059304009212515
-0.8798859223303398,-0.85514966046652,0.02473626186381983
-0.17847565960828615,-0.18572744265845928,0.007251783050173127
0.1837778571998271,0.19482280016485276,0.011044942965025673
-0.6673127646955074,-0.6607231558109283,0.006589608884579046
-0.395428883554314,-0.395647905145434,0.00021902159112002773
0.13903665439747023,0.14388106606091122,0.0048444116634409895
0.11177741272557937,0.10035556789541265,0.011421844830166714
0.9250143425374497,0.9156017414816017,0.009412601055848069
-0.5946778234904895,-0.5837588511248327,0.010918972365656754
0.9418425840448785,0.9200465533257782,0.0217960307191003
0.9631226342750541,0.9373211581063909,0.02580147616866313
-0.6304538377849878,-0.6237394853774005,0.006714352407587221
0.6840579188260767,0.6705786025130767,0.013479316313000034
0.8722250894305404,0.8432511267491103,0.028973962681430154
-0.6943098856031403,-0.6835330559062333,0.010776829696907075
-0.9691239475263665,-0.9471576931480834,0.021966254378283145
-0.7642559892748598,-0.751739960610072,0.012516028664787848
0.7532860504706134,0.7443421597268586,0.00894389074375479
-0.6530852328773851,-0.6240282046909583,0.029057028186426748
-0.9575290724302565,-0.9334121079789088,0.0241169644513477
-0.845648024907403,-0.8208004858071029,0.02484753910030013
-0.1979597859962108,-0.1833178567355533,0.014641929260657521
-0.5143761609639412,-0.5099742629705764,0.004401897993364878
-0.9637835161090397,-0.937090109621924,0.02669340648711571
0.7163985514938658,0.7056271920233524,0.010771359470513331
0.6361516954317759,0.625239475982503,0.010912219449272897
-0.728205699381157,-0.7132635274111104,0.014942171970046547
0.46689360004819486,0.4635313498894226,0.003362250158772284
-0.08835274028948022,-0.07297800702865072,0.015374733260829498
0.4789099097143746,0.46448306868882844,0.014426841025546144
-0.9640789662543605,-0.9350918609083592,0.02898710534600135
-0.798942651435542,-0.783687957278638,0.015254694156903947
-0.9661789044769991,-0.9477626920301664,0.01841621244683267
0.7562786095882229,0.7332037224482842,0.02307488713993866
-0.7658655087511828,-0.7553700651633624,0.010495443587820397
-0.9599481961970828,-0.929279170716745,0.030669025480337786
-0.6487054237214225,-0.6196204603704523,0.029084963350970217
0.2617007966465373,0.26418485696988214,0.002484060323344861
-0.009178929726758208,0.0011697171728046725,0.01034864689956288
-0.7053968020852713,-0.6813894371946466,0.024007364890624716
-0.07332857868639701,-0.08025316207396807,0.006924583387571057
0.5554683050961242,0.5367235971236722,0.01874470797245198
0.9650969554641544,0.940591406244562,0.02450554921959247
0.02048919519096706,0.011257082441784782,0.009232112749182278
-0.7228876109399162,-0.6939248338407787,0.028962777099137416
-0.9129200662239673,-0.9023278579517616,0.010592208272205639
-0.2894782921077375,-0.2920231340616151,0.002544841953877608
0.8298319687091369,0.7993600708705678,0.030471897838569073
0.955825193508442,0.9274745995252537,0.028350593983188288
0.7227939138604077,0.6960127639316036,0.026781149928804093
-0.2515667164860148,-0.23962734280704653,0.011939373678968274
0.46407293218086176,0.45260732145216187,0.011465610728699893
0.4948357326765927,0.47708064539792233,0.017755087278670367
-0.39582577715374934,-0.39459345150833003,0.0012323256454193077
-0.418249212647916,-0.3920640338216869,0.02618517882622906
-0.9563224879300708,-0.9294354359922696,0.026887051937801165
-0.8430137237817141,-0.8243231741620097,0.0186905496197044
0.13698762751240331,0.11913860542060282,0.01784902209180049
-0.04230158083894468,-0.04818019158665972,0.005878610747715035
-0.7460373650056363,-0.7457114656643707,0.0003258993412655897
0.4045358407665017,0.40475993810700267,0.00022409734050099495
0.9584849169708637,0.931858405520527,0.026626511450336676
0.8938349915407865,0.866901786927506,0.026933204613280526
0.5354821868235888,0.5177402986614086,0.017741888162180253
0.28663871079733066,0.2653917273051846,0.021246983492146043
0.5958801840871408,0.5849657566097268,0.010914427477414002
-0.7108713140240864,-0.710584484140506,0.0002868298835804195
0.9012337520460479,0.8750239426579122,0.026209809388135774
-0.8634977064688593,-0.8426945824047313,0.020803124064127987
-0.19151724722042024,-0.18909153673712298,0.002425710483297261
-0.4447767768560926,-0.4193884595863775,0.025388317269715133
-0.31414287413703,-0.31613276560478615,0.001989891467756133
-0.9691992766540549,-0.945004873083169,0.02419440357088587
0.44081514091180124,0.4427900159086501,0.001974874996848841
0.9084672791020568,0.8942361074955706,0.014231171606486237
-0.9457737427363327,-0.9147890349653226,0.030984707771010145
0.9113029905011455,0.8842047426795505,0.02709824782159498
-0.34906439257381094,-0.3568580008238684,0.007793608250057482
-0.15602439863480322,-0.16192094272668034,0.005896544091877121
0.9531612338514338,0.9355500299630853,0.01761120388834847
-0.45686956117796496,-0.437970663543321,0.018898897634643974
0.858005600287418,0.8455622958125364,0.012443304474881622
-0.08227919802391345,-0.06860118299996758,0.013678015023945875
-0.27036260990572125,-0.2791533861112152,0.008790776205493955
0.9664465634073267,0.9407684244920204,0.025678138915306348
0.31958961477106806,0.3171605879907751,0.002429026780292942
-0.25061016081014686,-0.22917481550250954,0.021435345307637327
0.9147900900016063,0.9004756098593335,0.014314480142272767
0.1836348892900596,0.18794585597858657,0.004310966688526957
0.5900950007326038,0.5663070373456196,0.02378796338698419
-0.9669289950342438,-0.9412135447266345,0.025715450307609244
-0.4893698111118398,-0.46656556693907664,0.022804244172763166
0.8191437688124326,0.8088394182871578,0.010304350525274786
-0.10942865308449427,-0.09181555228133503,0.01761310080315924
0.14813524996782773,0.15665957514119355,0.008524325173365821
0.9563529219257257,0.9397380828977725,0.016614839027953243
0.5022189794534413,0.47869530735758636,0.02352367209585493
-0.7863197260380193,-0.7602928706622379,0.02602685537578131
0.7606922694742743,0.7501428813374229,0.010549388136851356
0.4620842337261878,0.4641311733698957,0.00204693964370789
0.34797308124280646,0.3281684271564564,0.01980465408635007
0.7753136069410003,0.7585540336734393,0.016759573267560945
0.765643207215827,0.7571090027194356,0.008534204496391418
0.7258812719038344,0.718615469281855,0.0072658026219794
0.44426371937262815,0.4464731130717671,0.002209393699138973
0.5167631621545921,0.49560188351780843,0.02116127863678363
-0.5261547850120489,-0.5057649956524847,0.02038978935956426
-0.46671811040770367,-0.46828390793303326,0.001565797525329593
0.8508308645431527,0.8324017345818615,0.018429129961291202
0.7478645641790695,0.7194258749936441,0.02843868918542547
0.5102212928691873,0.49573373049398173,0.014487562375205543
0.5377974966092659,0.5177334856936526,0.020064010915613273
0.9336948309147981,0.9111689757151279,0.02252585519967021
0.952086105955957,0.9273265383856775,0.024759567570279528
0.23317050847018156,0.23902220845859104,0.005851699988409481
-0.9680961357121867,-0.9386295355466154,0.029466600165571233
0.9689814311579802,0.9429679669028296,0.02601346425515061
0.24376404739197047,0.24737312188354643,0.0036090744915759643
0.5600206804899397,0.5383461414658272,0.021674539024112538
0.40844395692249735,0.3986821354803597,0.009761821442137664
-0.14963007007307497,-0.13821617708327497,0.0114138929898
-0.9222837164145781,-0.8974241134955259,0.024859602919052204
0.39931747773604626,0.3809682611942065,0.01834921654183974
0.07938760811743029,0.09052586946778744,0.011138261350357156
-0.8629033453735082,-0.8379540154546025,0.02494932991890575
0.6969719657635349,0.6838388384893846,0.01313312727415028
-0.0030783744271477096,-0.017279409260119317,0.014201034832971608
-0.23079109811534437,-0.23693207937204788,0.006140981256703509
-0.8880334302216438,-0.8711770950513875,0.01685633517025631
-0.7212550123056808,-0.6975673483650642,0.02368766394061661
-0.8764996841099452,-0.8612825582614265,0.015217125848518642
-0.9674579186992706,-0.9413766488404494,0.0260812698588212
0.1428869921998237,0.14950113263457407,0.006614140434750365
-0.9111741279024234,-0.8946343689736385,0.016539758928784898
0.9102245999912412,0.8876977388935355,0.02252686109770563
-0.8477796341061213,-0.8379478828341635,0.00983175127195779
-0.04248225119791923,-0.05481086697223429,0.012328615774315065
-0.8667668390413866,-0.8446751452267625,0.02209169381462417
0.26471207985572537,0.25312502333351783,0.01158705652220754
-0.3172183462524635,-0.29525733027692813,0.021961015975535347
0.8705894946232668,0.8412161578661161,0.029373336757150703
0.3712721055154086,0.3505425494304204,0.02072955608498822
-0.8676591555000458,-0.8511803736180639,0.01647878188198193
-0.8288538710644111,-0.8123285291206489,0.016525341943762206
0.6000454421137569,0.5826639997374723,0.017381442376284584
0.48127945220900037,0.4657602772144732,0.015519174994527152
-0.7955803108631206,-0.7705317460699741,0.025048564793146544
-0.7589107431182485,-0.7325772325248064,0.026333510593442022
-0.9650344682370438,-0.9397901701741451,0.02524429806289863
-0.662260307567313,-0.6558718817566754,0.006388425810637588
-0.4740761910229871,-0.4508082534425419,0.023267937580445208
-0.07751497989397482,-0.09059595617357123,0.01308097627959641
0.5420810245826402,0.531770545925726,0.010310478656914146
0.3943757462087083,0.37380673257980745,0.020569013628900845
0.5203768605225076,0.5174887374069013,0.002888123115606378
-0.9499025322910659,-0.9246832893698642,0.0252192429212017
-0.845549692724204,-0.8258161810976962,0.019733511626507827
-0.5050132415899542,-0.49929821769100546,0.0057150238989487345
-0.75406020735033,-0.7077378309644962,0.04632237638583381
0.3945215431477187,0.39190599257381753,0.002615550573901171
-0.5986797739486946,-0.5902820064171482,0.008397767531546418
-0.9667746011935113,-0.9439870253686683,0.02278757582484303
0.6059394501675731,0.5841269389038942,0.02181251126367889
0.7996135242399031,0.781127249942214,0.01848627429768901
-0.8366498643113427,-0.8227738484858862,0.0138760158254565
-0.19501731062336405,-0.17609356748163915,0.018923743141724902
-0.33348964366318473,-0.311608897745108,0.021880745918076705
-0.8832325476597678,-0.8677181799272279,0.015514367732539891
0.7026184049104974,0.6750268375300569,0.02759156738044055
-0.0035897353585709457,-0.00432417884735312,0.000734443488782174
0.5033073380557842,0.48227626570231047,0.021031072353473734
0.07663727563614692,0.08279564185761497,0.006158366221468051
0.8416865617331607,0.8155304542104163,0.026156107522744443
0.9686532791251427,0.9435844676709765,0.025068811454166173
0.9487243830948586,0.9292752816649817,0.01944910142987688
-0.2753359555181734,-0.2601580635042722,0.01517789201390124
-0.5148071134462767,-0.4955739771800133,0.01923313626626344
-0.9484785583668144,-0.9227994653995496,0.025679092967264783
-0.7128221809980244,-0.6825442462482689,0.030277934749755486
0.4797537738748537,0.4590179308062704,0.020735843068583282
-0.5326697149880188,-0.5311953578522791,0.0014743571357397345
0.10667677936042871,0.08831877931880576,0.018358000041622954
-0.02863425733771562,-0.016915944198189484,0.011718313139526135
0.9123094191660404,0.8974206654336296,0.01488875373241072
-0.13850261600064376,-0.12955795402789122,0.008944661972752538
0.33309877639880053,0.31316761074542043,0.0199311656533801
0.5093073261955295,0.5042848023182402,0.005022523877289298
0.3576759503010088,0.3621040156448192,0.004428065343810406
-0.9501120423914123,-0.9250654350267097,0.025046607364702655
-0.7374863612003192,-0.7128672127962534,0.02461914840406576
-0.7671979424680931,-0.7492372113015364,0.01796073116655672
-0.9367973233262266,-0.9141165668208685,0.022680756505358057
-0.7396764131478423,-0.7085521297714907,0.031124283376351536
0.8469572805828628,0.8355549999795482,0.011402280603314607
0.9584382845340303,0.9302409906046912,0.028197293929339118
-0.5331699193171155,-0.531038289889833,0.002131629427282511
-0.6307331365791417,-0.6018131349116855,0.02892000166745612
0.6196423723646773,0.6135448491856297,0.006097523179047659
0.28267148643443346,0.28933997595840844,0.006668489523974974
-0.6535337521347739,-0.6357736055686413,0.017760146566132673
0.7960181410089116,0.7860923438189579,0.009925797189953678
0.14688183607243727,0.14725204030185413,0.0003702042294168595
0.45069717325508774,0.4122081836283943,0.03848898962669345
-0.0541364612461587,-0.06225280363861823,0.008116342392459529
0.7018153237712366,0.6735031174163268,0.02831220635490972
-0.5235430850536114,-0.5184792123690876,0.005063872684523796
0.43425647726183264,0.4158028759881335,0.01845360127369916
-0.955715383256368,-0.933262213757735,0.022453169498632963
-0.4240441397651357,-0.41069614898300516,0.013347990782130559
-0.45116834398755196,-0.4463590836179831,0.004809260369568857
-0.6819024974344655,-0.6588387864670598,0.02306371096740567
0.5240992281343123,0.5242539258552199,0.00015469772090759282
0.8216062213277135,0.7914834480920246,0.030122773235688904
0.94990543574235,0.9324146063283465,0.017490829414003484
0.9238160215780994,0.9155422493046282,0.008273772273471147
-0.18317818593495688,-0.19188536146953775,0.008707175534580863
0.7084488745903668,0.7014232816043248,0.007025592986041995
-0.9674694864414214,-0.9444610714839408,0.023008414957480627
0.4584889972020035,0.46065822356865993,0.0021692263666564515
0.6720982284666703,0.6478731066388669,0.024225121827803453
-0.9059289915574711,-0.8854522025221218,0.02047678903534933
0.8929379264226849,0.8783350282726412,0.014602898150043675
0.5841573231544015,0.5801489816929105,0.004008341461490983
0.15836056110371838,0.14298132507479805,0.015379236028920329
-0.8408551717302817,-0.8259810687517869,0.014874102978494785
-0.14278823335288907,-0.15343388903958144,0.010645655686692373
-0.20650427844392102,-0.1866107605777288,0.01989351786619223
0.47861496859687397,0.4770926832189142,0.0015222853779597867
-0.04272881120824668,-0.05479765158253879,0.012068840374292109
0.9134127857057779,0.8971252566086562,0.016287529097121722
-0.8463135199751525,-0.8333193328887258,0.012994187086426634
0.8307434705208624,0.7998932864156795,0.03085018410518292
-0.880200081093539,-0.8617858776935583,0.018414203399980678
-0.9223855244229394,-0.8962732141874945,0.026112310235444913
-0.4514712851158201,-0.43121053626089256,0.020260748854927513
-0.46130557016747825,-0.45908231618022177,0.0022232539872564794
0.9310415353471126,0.9028138901067457,0.028227645240366916
-0.777137009542439,-0.7610407649811314,0.01609624456130765
-0.8690572433896708,-0.843458432857992,0.025598810531678784
0.7679568567421993,0.7555099873402175,0.012446869401981808
-0.8726331874251978,-0.8560490574846175,0.01658412994058034
0.5834645185633837,0.559776322361601,0.02368819620178264
-0.37634411122464534,-0.37779133314895375,0.0014472219243084061
-0.4941698077726375,-0.469811920681839,0.024357887090798502
-0.6845520514126198,-0.6759425311558929,0.0086095202567269
0.8652422843790954,0.8528093210528007,0.012432963326294733
-0.18394366233645792,-0.1861682902585974,0.0022246279221394827
-0.3793435522491976,-0.37774734771573665,0.001596204533460932
-0.9638619047644325,-0.9338784432009306,0.029983461563501845
0.17847565989967262,0.18164984315753355,0.003174183257860924
-0.6649852707832649,-0.6409520374924076,0.02403323329085727
-0.9259069914104167,-0.9152698330173675,0.010637158393049129
-0.9381917688120625,-0.9072509982637945,0.030940770548267937
0.4194372181508532,0.42404471902303087,0.00460750087217765
-0.6552577068219922,-0.6527627289639367,0.002494977858055525
0.19253268285199746,0.17660385450962662,0.015928828342370832
0.5406750201734418,0.5379654307274018,0.0027095894460400505
-0.30414081476018096,-0.30574202880282153,0.0016012140426405752
-0.8975709688860868,-0.8726344691126652,0.024936499773421605
-0.5081660165372636,-0.48718673383542316,0.020979282701840407
-0.7031938674289908,-0.6735173001167178,0.029676567312272972
0.9092188652767307,0.8862725230196385,0.022946342257092134
0.9416879273933078,0.9293046755666852,0.012383251826622588
0.23241408493714769,0.23952348708246404,0.007109402145316357
0.42326738138269016,0.4048407130121893,0.01842666837050083
-0.39143680943837633,-0.3728513538590644,0.018585455579311905
-0.6160736721730882,-0.6068276378335075,0.009246034339580711
0.8601311108241889,0.8483254338144055,0.01180567700978341
0.9685345686392658,0.9431948339507398,0.025339734688526017
0.2792979255382005,0.2594396100857182,0.01985831545248229
-0.7515395844067678,-0.7275542162479033,0.02398536815886454
-0.9076563736468214,-0.8876244652006271,0.02003190844619429
0.7499729335971177,0.7306735310636338,0.019299402533483945
-0.5116819076406973,-0.5053015504816084,0.006380357159088912
0.31986492053947935,0.30087124089545775,0.0189936796440216
-0.6874428777502394,-0.6583950888488045,0.02904778890143489
-0.20962659210379445,-0.2132889763171247,0.003662384213330261
-0.7946871928679037,-0.7639412750074972,0.03074591786040648
-0.7896010615125517,-0.7735938702716619,0.016007191240889784
-0.8888139663388306,-0.8635706913366447,0.025243275002185928
-0.013064805333737203,-0.02627788135332714,0.013213076019589938
-0.867217688012891,-0.8491477104810917,0.018069977531799286
0.4049856864225295,0.38797428054782235,0.017011405874707175
-0.9407884981013529,-0.9207138138041303,0.02007468429722259
-0.6767460330169691,-0.6475325004693565,0.02921353254761261
0.9196842018829965,0.9089608388218385,0.010723363061157953
-0.7620467483737705,-0.7355929235811764,0.02645382479259406
-0.9556968589539575,-0.931642522828182,0.024054336125775455
0.9600495689330071,0.9437794644292256,0.016270104503781524
0.9675667703425131,0.9416458671573568,0.025920903185156385
0.8464109762846384,0.8341197107662388,0.012291265518399541
-0.48209140715333154,-0.45599031305806176,0.026101094095269783
-0.903384945775132,-0.8713739014052138,0.032011044369918196
-0.9317537520202254,-0.9195520695998527,0.012201682420372673
0.49593986470743245,0.4744000570532176,0.02153980765421487
0.8011446037150991,0.7745510539913548,0.02659354972374428
-0.08006335004371672,-0.09092150342742437,0.010858153383707658
-0.6550787386599097,-0.6331866073628142,0.02189213129709555
0.8391639990034053,0.8119275850112321,0.027236413992173247
0.24230937145343912,0.24371391604365816,0.0014045445902190479
-0.873393504872015,-0.8504374482579905,0.022956056614024445
0.9667053383498577,0.9400605796659195,0.02664475868393823
-0.6137072546481476,-0.5943664028373329,0.019340851810814685
0.39924248146564006,0.393135501922094,0.006106979543546054
0.9682252155935005,0.9448650891520456,0.02336012644145491
0.46694080555902523,0.45539484627064775,0.011545959288377483
0.7915107641862704,0.7620093386562289,0.029501425530041536
-0.8352637041704563,-0.8107260155323771,0.024537688638079147
0.6963771283738222,0.6695270808285013,0.026850047545320832
0.2600742611139303,0.2625692700528318,0.002495008938901533
-0.1250888594529669,-0.1359231679728861,0.010834308519919178
0.027232772230418065,0.012240239257536173,0.014992532972881892
0.4981216111298361,0.48651067194950154,0.011610939180334567
0.9630196789317568,0.9362857645936068,0.026733914338149978
-0.937268295758488,-0.9176017894764442,0.019666506282043805
-0.589337133942621,-0.5775966040194347,0.011740529923186305
-0.4476183525578564,-0.42194668444150557,0.025671668116350854
0.9588579157803606,0.9329900255921457,0.025867890188214893
0.8793158182477081,0.8584663482488412,0.020849469998866943
0.39516879217944656,0.3973535911343489,0.002184798954902367
0.18125300119962148,0.18777124847157134,0.006518247271949856
-0.8484479745488025,-0.8454510455033785,0.002996929045424035
0.9562182930838778,0.9265297569056462,0.02968853617823164
0.3054251311105185,0.31122413681569766,0.005799005705179161
0.358102606723234,0.3566856569184618,0.001416949804772194
0.42444503766445135,0.4019483012333735,0.022496736431077857
0.7108729264748829,0.7110065881903301,0.00013366171544726413
0.3782676889291382,0.36009724257596304,0.018170446353175163
0.6379333750923984,0.6097573886890104,0.02817598640338803
0.8730043896330917,0.8555588508511148,0.017445538781976855
-0.9416879292416986,-0.9262931895295856,0.015394739712113026
-0.42008712615204896,-0.41996459790807983,0.0001225282439691333
-0.5898832525284528,-0.5870041439381369,0.0028791085903158153
0.6334541655952127,0.6347911010216305,0.0013369354264177735
-0.6284227672308373,-0.6223001903526698,0.006122576878167529
0.8388255855879645,0.8079632901797429,0.030862295408221607
-0.9382967940740672,-0.9152525395817247,0.023044254492342486
0.24201838263068523,0.2272635493683657,0.014754833262319522
0.6132175888095116,0.6061452183288603,0.0070723704806513465
0.04410843247057831,0.05311841951589188,0.00900998704531357
-0.932609466726186,-0.9171673424718404,0.015442124254345657
0.48334418164484716,0.4807622117262394,0.0025819699186077627
-0.5016800146394741,-0.48818539619768536,0.01349461844178873
0.0660324968709873,0.07333945204709737,0.007306955176110061
-0.5811971972373259,-0.5673464357225286,0.01385076151479725
-0.08703541828343406,-0.07703789245037357,0.009997525833060489
0.453859980592962,0.4514338969950175,0.002426083597944495
0.8018918563062036,0.7878924972683095,0.013999359037894177
-0.954613201883226,-0.9383164376047712,0.016296764278454723
0.6155007989796226,0.6053514708762817,0.010149328103340904
-0.055467131952389524,-0.04529890832816954,0.010168223624219985
-0.5991349784635724,-0.5769519710545798,0.022183007408992594
-0.06769234950847484,-0.059167909005461254,0.00852444050301359
0.7916576572324606,0.7676789246923398,0.02397873254012084
0.8438221496731156,0.8267124356400932,0.017109714033022416
-0.002493313307637682,-0.016339879328713697,0.013846566021076015
0.1919729936367029,0.20047909592263724,0.008506102285934347
0.9549612954055037,0.9192799270207964,0.03568136838470726
0.9650983994840555,0.9504790006550717,0.014619398828983776
0.9613020953342712,0.9412860658588714,0.02001602947539982
-0.8313194777915226,-0.8109175378532063,0.020401939938316294
0.9672335133516451,0.9421262755072486,0.0251072378443965
0.4361858466351917,0.4317889995224888,0.00439684711270294
-0.5974057429090996,-0.5918053737884036,0.005600369120696058
0.39784152331430406,0.3848643494781424,0.012977173836161648
0.09662992594090061,0.1028660942414138,0.006236168300513184
0.31200826590979125,0.3188160310887091,0.006807765178917846
0.9582767647465739,0.9302628879470102,0.028013876799563686
0.17950302148490538,0.16433301386089474,0.015170007624010634
0.007660316430394855,0.008126100799135741,0.00046578436874088625
-0.5597512148492706,-0.557297304397626,0.0024539104516445587
0.9667408168685117,0.9571733291165836,0.009567487751928061
-0.9522287505532098,-0.9271331976473489,0.025095552905860852
0.07482536833427456,0.06401988105591162,0.010805487278362932
0.5705137496082403,0.5533434190704486,0.01717033053779171
-0.9590269870032557,-0.9332998076984375,0.02572717930481827
0.8320028732607899,0.8045738422442281,0.0274290310165618
0.7508629158944625,0.7168161429158711,0.03404677297859138
0.9350823581594498,0.9208664471328002,0.014215911026649652
-0.7769321917883844,-0.7535269170366065,0.023405274751777894
0.07718618721903824,0.06284296960876526,0.014343217610272976
0.466452796677676,0.4613835223895477,0.005069274288128256
0.9635281988458313,0.9391045256268712,0.024423673218960107
0.03848163666439417,0.02500473874884642,0.01347689791554775
0.03323030262190064,0.044634047514719506,0.011403744892818868
-0.1888504044011731,-0.19256331408869082,0.0037129096875177237
0.96537678763407,0.9414897944722287,0.023886993161841286
0.3544796974230313,0.3476181892210124,0.006861508202018918
0.8621099834434173,0.8330787408064082,0.02903124263700907
0.5709174748191642,0.5545233748894519,0.016394099929712302
0.6749343954889762,0.649952036516672,0.024982358972304164
-0.7266021318178795,-0.7216149572407152,0.004987174577164244
-0.9658356949436435,-0.9362140119921057,0.029621682951537776
-0.4020556603819085,-0.38451098974009906,0.017544670641809423
0.877512087678002,0.8514919398784363,0.02602014779956574
-0.8848071226798112,-0.8613022404030222,0.02350488227678904
0.824306343959533,0.8014516209317514,0.022854723027781576
0.8753176520364712,0.8550248093836652,0.020292842652805954
-0.9494817228437517,-0.9219848956173695,0.027496827226382137
-0.947667113882027,-0.9225620078606205,0.025105106021406476
0.6696091158248887,0.647055845266867,0.0225532705580217
-0.48729970888045515,-0.49200053112401115,0.004700822243556002
-0.760088689757607,-0.7527684931334028,0.007320196624204245
0.21605952724057326,0.22577973698348563,0.009720209742912378
0.7938680799286163,0.7821441401315209,0.011723939797095406
-0.5204093522123368,-0.5158105095491768,0.004598842663159908
0.9544516960575371,0.9363388302787775,0.01811286577875959
-0.15212853393247006,-0.15266899530190645,0.0005404613694363902
-0.47279435346790283,-0.4526916873454254,0.02010266612247741
-0.8762282052461394,-0.8456645126821721,0.030563692563967293
0.9183112312955487,0.8966710840543413,0.02164014724120744
0.7062400501625662,0.6801814921421995,0.026058558020366718
0.938532872368803,0.91689978557903,0.02163308678977305
0.33730746965398717,0.337929136487153,0.0006216668331658348
0.2898721210008954,0.29215011057178947,0.00227798957089409
0.9360760166421096,0.914645581964875,0.0214304346772346
-0.7027939064851292,-0.6964005097440974,0.006393396741031787
0.9424161821097259,0.9214610410045627,0.020955141105163166
0.9179032592893241,0.8918458048818301,0.026057454407494074
-0.9596620883861086,-0.9439399425021875,0.015722145883921068
-0.9426898130274214,-0.9243199539121992,0.018369859115222154
0.11176089205668535,0.11958325643980902,0.00782236438312367
0.5081383361294448,0.5027328667367186,0.0054054693927262365
-0.936189849301143,-0.920127257493964,0.01606259180717906
0.6821738323016262,0.6600441374507418,0.02212969485088445
-0.6548832414294018,-0.6291786505093451,0.025704590920056725
0.5476321230626212,0.5466651969686314,0.0009669260939898505
0.4579011252122713,0.44312214771081954,0.01477897750145174
0.8643528287437565,0.8465871895650506,0.017765639178705883
-0.5122275457130274,-0.49143787145864676,0.020789674254380663
0.698122381021795,0.6751574903802522,0.022964890641542834
0.8759478877536331,0.8478733690758334,0.028074518677799642
-0.9183729449787709,-0.8997973850734301,0.018575559905340766
0.8629000754284885,0.8337416135064882,0.029158461922000223
-0.9590578458695479,-0.9340497877550109,0.02500805811453699
-0.9352296973445541,-0.9107905815124601,0.024439115832094016
-0.9293445374994523,-0.9120410401067242,0.017303497392728184
-0.9239340909420036,-0.9019541057470164,0.021979985194987228
0.1608360637307594,0.15097329728246622,0.009862766448293175
-0.7429222002875492,-0.731739982335418,0.011182217952131146
-0.6832726545143978,-0.6621115578200554,0.021161096694342407
-0.7516281829813826,-0.7398634343690781,0.011764748612304476
-0.9318201702521623,-0.9052967826508996,0.026523387601262716
-0.10072275398090777,-0.08456858178836503,0.01615417219254274
0.6522925390455214,0.6394102760292493,0.012882263016272155
0.025005627253175004,0.03879506418523842,0.013789436932063415
0.4015441255099696,0.40180139309848606,0.00025726758851646325
0.21492328955169288,0.19535291940482383,0.01957037014686905
-0.24687665308696236,-0.22659352745490194,0.020283125632060417
0.9397683545422172,0.9122649509998652,0.027503403542352034
-0.30893416890530123,-0.30970235463889784,0.0007681857335966047
-0.589387841801936,-0.5858558332430089,0.003532008558927102
0.14103274329297844,0.15284750294409138,0.01181475965111295
0.5625601759494292,0.5425232302017572,0.020036945747672008
0.3703147359358155,0.3531259177397698,0.017188818196045674
0.41328505165846874,0.39435803735643354,0.018927014302035194
-0.9638131770099101,-0.938748208478828,0.025064968531082088
-0.1299747578936248,-0.11649942903805363,0.013475328855571178
-0.9610465061218201,-0.9360294421382189,0.02501706398360115
0.49445003309047897,0.4874964859648021,0.006953547125676862
0.32667552553755763,0.31428176328548274,0.012393762252074891
0.07120283145027706,0.06219200507515086,0.0090108263751262
-0.9631457446107667,-0.9365107941942646,0.0266349504165021
-0.8856477738576242,-0.8553397955187918,0.030307978338832364
-0.6179446060102313,-0.6096684718429909,0.008276134167240379
-0.7674717783857757,-0.7420332464880953,0.025438531897680416
0.9636090556349509,0.9449542001976059,0.01865485543734502
0.7816757961968271,0.7444687410768639,0.03720705511996325
-0.025334380495176483,-0.01207759781186181,0.013256782683314674
-0.147841044354681,-0.1309270942620966,0.016913950092584423
0.6668718176350127,0.6422167885697333,0.024655029065279388
0.5579936971247929,0.5524615923966032,0.005532104728189657
0.9235306937626884,0.9023936209145057,0.02113707284818267
-0.34497846836703333,-0.34537824536883144,0.00039977700179810727
0.185967412304793,0.174055516309108,0.011911895995684985
-0.08784984699464084,-0.09853919654873225,0.010689349554091412
0.5757797817425505,0.5713952600610684,0.0043845216814820676
-0.0723575460418324,-0.06166900967732312,0.010688536364509275
-0.885076529826598,-0.8723790786976581,0.01269745112893994
-0.9481813669142604,-0.9237047838763774,0.024476583037882915
0.7133428178932293,0.6988100472215127,0.014532770671716544
0.907518015374426,0.8837651581570559,0.023752857217370082
-0.7526196040706891,-0.7262296351849884,0.026389968885700665
-0.8489720217431826,-0.835030093265705,0.01394192847747766
0.6715686913089193,0.6576620300038833,0.013906661305035928
-0.580474643451082,-0.5645174072499392,0.015957236201142866
-0.6163848728905884,-0.611315260030239,0.0050696128603494595
-0.9270646202043764,-0.9081385027336154,0.018926117470761006
0.9683122334788671,0.9410346759568015,0.02727755752206562
-0.9335427289530089,-0.9172870588842632,0.01625567006874573
-0.6089323726528663,-0.5860612688853474,0.022871103767518886
0.3084350225406963,0.3124131208006423,0.003978098259945995
-0.6675062184220873,-0.6620985686456409,0.005407649776446477
0.6877602485802479,0.6660076923264445,0.021752556253803346
-0.901915741604013,-0.8849794451221884,0.016936296481824598
0.5310202341417514,0.508392296173994,0.022627937967757417
0.6079328254484082,0.5861315379252771,0.021801287523131152
-0.9544037788686905,-0.9262009420744453,0.02820283679424529
0.6736529809029653,0.6685508144850166,0.005102166417948695
0.20952764482524996,0.21246186592174016,0.0029342210964901916
0.6707945685712814,0.6651849365183573,0.005609632052924085
0.4522000494485421,0.432066124980964,0.020133924467578113
0.8781523392351337,0.8656946632265754,0.012457676008558294
-0.4664506364791566,-0.46450294019013905,0.0019476962890175309
-0.32046662138778287,-0.31060108664004027,0.0098655347477426
-0.13981735106582693,-0.1286009553871277,0.011216395678699226
0.963663845502849,0.9341872782301376,0.029476567272711418
-0.9466817738652781,-0.92147074407453,0.025211029790748074
-0.733804962272429,-0.715069347568335,0.018735614704094017
0.26855617478702654,0.27709594191119535,0.008539767124168818
-0.8970380459201907,-0.8656111273196313,0.03142691860055935
0.011080631886634742,-0.001054198429262992,0.012134830315897734
-0.47546328752420924,-0.44980822029059986,0.025655067233609385
-0.1203170650543951,-0.10832300365380224,0.011994061400592865
-0.7827428292946842,-0.7562119885959835,0.02653084069870071
0.9252259627443193,0.9114806612787998,0.013745301465519555
-0.37103017612387923,-0.3468527454868275,0.024177430637051744
-0.3761115084667887,-0.3570326090493062,0.019078899417482476
-0.7729221746866841,-0.7579684062931318,0.014953768393552336
0.7783819102763809,0.7496428414950533,0.028739068781327592
0.018705237256723024,0.003092910106945511,0.015612327149777514
-0.778220499055159,-0.7588712427310668,0.019349256324092234
0.8582817406091928,0.8446249928055454,0.013656747803647451
0.756397336045718,0.7410647117062965,0.015332624339421508
0.5580054078368504,0.5504761510400118,0.007529256796838579
-0.5083694177791248,-0.5067942302471699,0.001575187531954958
-0.9682181967782797,-0.945405709266388,0.022812487511891688
-0.11222323972788088,-0.11809123452405114,0.005867994796170256
-0.9624689455207834,-0.9394069802588946,0.02306196526188886
-0.8059721524196782,-0.7897883838050961,0.01618376861458215
0.8561823591136618,0.8307973143586145,0.025385044755047326
-0.8520409952833475,-0.8335238589903492,0.018517136292998337
0.8198417430863196,0.8041517263890646,0.015690016697255005
-0.31304589445174885,-0.31352049852658737,0.00047460407483851386
0.8828639080944225,0.8697025639258539,0.013161344168568623
-0.802384924366252,-0.7732905251049499,0.029094399261302084
-0.9463906769557274,-0.9274814246945823,0.01890925226114515
0.04704614777258418,0.05534892220556166,0.00830277443297748
0.5178699001902326,0.510184559043347,0.0076853411468855715
0.4889446933809756,0.4863065557748038,0.00263813760617182
0.9058001682513294,0.8773885608018583,0.02841160744947102
-0.9162103296278703,-0.8928401300512913,0.023370199576579043
-0.9532779340611276,-0.9277735329452326,0.025504401115895026
0.6904612563024225,0.6646798613990227,0.025781394903399812
0.7404094231996301,0.7339939286288908,0.006415494570739311
-0.6431342157428127,-0.6374611214183742,0.005673094324438521
0.16922401115652327,0.17303086855729927,0.0038068574007759926
-0.22311950097820304,-0.2037962786884774,0.019323222289725633
0.1247430584156759,0.11605338333882492,0.008689675076850978
0.5581590827604834,0.5489516812984309,0.009207401462052567
-0.17792895971270234,-0.18192839592247728,0.0039994362097749425
0.04204568089418144,0.03485084561918116,0.007194835275000276
-0.27437287863156995,-0.2797457986307422,0.0053729199991722765
-0.7568269172658943,-0.7512694818740858,0.0055574353918085295
-0.92627697066643,-0.8950556808649437,0.031221289801486307
0.29993069277639584,0.30021588338509747,0.0002851906087016354
0.09578073974559671,0.10462397384691446,0.008843234101317751
-0.9685625238079669,-0.9423307320540204,0.02623179175394652
0.7724804252721028,0.754990686088173,0.01748973918392982
0.697707766616233,0.6887764053249013,0.008931361291331763
0.45394522671525184,0.45333036562244,0.0006148610928118359
0.9661702990419319,0.9436618001612991,0.022508498880632777
0.929094667086296,0.9144768523891275,0.014617814697168496
-0.06582703439087234,-0.07518792935024807,0.009360894959375726
-0.37537268183102007,-0.3517007751196732,0.02367190671134689
-0.8561823572703444,-0.8308862506531831,0.025296106617161307
-0.23724769683325764,-0.22820397745807428,0.009043719375183362
0.9587461293387556,0.9291141160897913,0.02963201324896425
-0.3319683294579646,-0.3156431981597684,0.016325131298196238
-0.39260383029504664,-0.3734907493906212,0.019113080904425428
-0.297386754220687,-0.2865577127168817,0.010829041503805314
-0.9452655639750646,-0.9253270264254433,0.01993853754962127
0.26793365360570154,0.2694698128440028,0.001536159238301249
-0.8187909261280609,-0.807645202501506,0.01114572362655497
-0.0569447944371392,-0.04603770921885834,0.010907085218280863
-0.37422910982317664,-0.37292963369983484,0.0012994761233418028
0.5794859383893594,0.5719647219714206,0.007521216417938792
0.25778608093513095,0.2626312587732818,0.00484517783815086
0.2651232130865109,0.2703206113377479,0.005197398251236995
-0.6062099171187842,-0.6058996228263817,0.0003102942924025909
-0.8397885806291667,-0.8294389968987261,0.010349583730440592
-0.9648485839269684,-0.9363919033839438,0.028456680543024526
0.8699288216394041,0.8408911027836564,0.029037718855747685
0.33346902156554614,0.3122870066917137,0.021182014873832422
-0.5678614473611296,-0.5405675251196422,0.02729392224148741
-0.8084840004064222,-0.7855814689019273,0.02290253150449495
0.31745916543812397,0.29923846077498206,0.018220704663141907
-0.26528549921817224,-0.2700351795174145,0.004749680299242276
-0.2894638907240074,-0.26884027063915966,0.02062362008484775
0.08326811396014508,0.07882733900649727,0.004440774953647808
0.9181187850010184,0.8907766565953601,0.027342128405658306
-0.9347455704008687,-0.9088837790315013,0.025861791369367393
0.45381735183859867,0.42903960483734327,0.0247777470012554
0.9480594193696766,0.9262078571655065,0.021851562204170172
0.05224931391630259,0.059510182965766295,0.007260869049463707
-0.946857681902423,-0.9245509977012198,0.022306684201203186
-0.6155121947784006,-0.6070257832934847,0.008486411484915912
0.8461158085207001,0.8156172802599324,0.03049852826076771
-0.8633392349679753,-0.8326291285144878,0.030710106453487485
0.946979289787005,0.9272473385942532,0.01973195119275173
-0.15494149431076465,-0.15065833467587555,0.004283159634889094
0.2530504494487328,0.2437416453012144,0.00930880414751839
0.775013447070178,0.7482872576601596,0.026726189410018475
-0.5640842234890113,-0.5367930775267357,0.027291145962275665
-0.7208431833573795,-0.697332151695328,0.023511031662051485
0.6175185192262675,0.5914357800040044,0.026082739222263118
-0.9550381715535501,-0.9303698985494707,0.024668273004079366
0.06542668845229573,0.07593375506988981,0.010507066617594082
-0.6267620638236576,-0.6222783817693934,0.004483682054264193
0.5414296882046162,0.522816960881191,0.018612727323425227
0.5658243328378935,0.561285506719265,0.004538826118628436
-0.872443330127786,-0.8482679574415358,0.02417537268625014
-0.9421963852233741,-0.9204687308112313,0.02172765441214286
-0.015878042221656636,-0.027971764680863598,0.012093722459206962
-0.9071032496921148,-0.8878603759236366,0.019242873768478108
0.5592000731422005,0.5339648757338105,0.025235197408390087
-0.8681953894678305,-0.8543323679728375,0.013863021494992966
-0.04688040196610052,-0.03363081335330655,0.013249588612793968
0.7261485095692871,0.6998718088211252,0.026276700748161907
-0.37748876657909197,-0.37486570669053365,0.002623059888558321
0.43398669596645456,0.4132511423850786,0.020735553581375965
0.6217186061007542,0.6107203823761845,0.010998223724569711
-0.44860274894637836,-0.4246462312120777,0.023956517734300686
-0.9678295325087996,-0.936362343162195,0.03146718934660453
-0.4843339775992433,-0.4771578561372574,0.007176121461985874
-0.3406657418845293,-0.3298648655488271,0.010800876335702203
-0.06428530724200286,-0.07457435747223547,0.010289050230232605
-0.1586091494652942,-0.17475967697139244,0.016150527506098245
-0.9281396093762464,-0.9037339697961367,0.02440563958010966
-0.3423735072795186,-0.3253443438061447,0.01702916347337391
-0.7126621490875069,-0.7069254070415919,0.005736742045915011
0.8232470177035542,0.7933395306753768,0.02990748702817747
-0.3440251755677224,-0.35134592560916683,0.007320750041444446
0.4513004337713555,0.43188315501858326,0.019417278752772216
-0.13715057453181298,-0.123988303892538,0.013162270639274984
-0.739803284815263,-0.7265632359219616,0.013240048893301437
-0.9632342204053924,-0.9381484895379146,0.025085730867477785
-0.2533606253461527,-0.2617648232273268,0.00840419788117408
-0.6438093463282352,-0.620913248442014,0.022896097886221156
0.5819953491917299,0.5688606330848154,0.013134716106914524
-0.13456601802143847,-0.1458235922037592,0.011257574182320734
-0.890248456457709,-0.8572321982898651,0.033016258167843926
-0.7748840748533462,-0.7653076432063627,0.009576431646983519
0.9688681586051969,0.9431534921932977,0.025714666411899234
-0.8571352394227817,-0.848698700075381,0.00843653934740074
-0.23219587896680902,-0.23569875339177412,0.003502874424965108
0.9652155981961156,0.9362373047209734,0.028978293475142136
0.6900236440151942,0.6661745490822604,0.023849094932933856
-0.6675525844686316,-0.6552060772437844,0.012346507224847203
-0.9552636794271653,-0.9251724851048427,0.030091194322322545
0.8673986306416915,0.8364605944491608,0.03093803619253077
-0.7890021864352127,-0.7596911429811326,0.029311043454080088
-0.6109418528199257,-0.5881805004862712,0.022761352333654505
-0.4923317128269105,-0.4796398411525029,0.012691871674407607
0.08858246178950349,0.07931485502257497,0.009267606766928518
-0.9274315616217267,-0.9088906496083162,0.01854091201341046
-0.5628975077582418,-0.5573324162609046,0.0055650914973371934
-0.4025811163946314,-0.3958867757850097,0.006694340609621707
-0.6761694019547314,-0.6529565698418299,0.023212832112901483
-0.7060515587889629,-0.6768889620654776,0.029162596723485312
0.569615214023864,0.5427173856245585,0.026897828399305435
-0.536393331469101,-0.5323724810731152,0.0040208503959857644
0.5185342285151728,0.4998003100952571,0.01873391841991573
0.6982769461148738,0.6807693487477261,0.017507597367147687
0.32811708631833914,0.30616539952198174,0.021951686796357395
0.059472713111219384,0.04649908067291575,0.012973632438303635
-0.7281003377357403,-0.7076909500862348,0.020409387649505506
0.8106686088991796,0.7907515994372726,0.019917009461906998
0.7829007307459342,0.7562923392476582,0.026608391498276096
-0.3221383612925102,-0.32666567087657117,0.004527309584060946
-0.10156601040047379,-0.10916999386337306,0.007603983462899269
0.9363459142725044,0.9179717811791489,0.01837413309335545
-0.8326900972984782,-0.8083946640886289,0.024295433209849282
-0.6157894772712184,-0.6064883818479455,0.009301095423272843
0.24697679596930475,0.25259865849035923,0.005621862521054483
-0.6851567837409338,-0.6750742886718701,0.010082495069063668
-0.8103356836701372,-0.7790452633546685,0.03129042031546869
0.8009886342943997,0.7904418819633797,0.010546752331019982
-0.9549648198801315,-0.9306805157902076,0.02428430408992388
0.09234122696557959,0.0806397149441103,0.011701512021469282
-0.9636918996616632,-0.9366754875258968,0.027016412135766443
-0.31408634259410473,-0.3177779202809513,0.003691577686846581
0.9443018859234875,0.9283207403856628,0.015981145537824704
0.20866972953608126,0.2207825661920336,0.012112836655952336
0.045205446889189246,0.05381296354082569,0.008607516651636442
0.8417115062749161,0.8282830485383484,0.013428457736567645
-0.9639706500384794,-0.938616903910028,0.025353746128451315
-0.5086217239692373,-0.4876804317748448,0.020941292194392502
-0.7428030624395691,-0.7287146135930678,0.01408844884650129
-0.7763328219848302,-0.7600852270344414,0.016247594950388855
-0.4605795301625635,-0.4358643966227561,0.024715133539807366
-0.8006805430741508,-0.7693452938079629,0.031335249266187915
0.5055867028685525,0.47939041149155537,0.026196291376997083
-0.6603258728190062,-0.65505258651354,0.005273286305466196
0.0449530100063486,0.033273005690685975,0.011680004315662622
0.275081323220951,0.2759693877682521,0.0008880645473010595
0.4753916649502201,0.47158196976323863,0.0038096951869814877
0.6823610694706277,0.6699255521124422,0.012435517358185488
-0.6052540408243762,-0.6013663568389963,0.003887683985379864
-0.9400039839715969,-0.9244662239412793,0.015537760030317593
0.969157215261864,0.9425295584597483,0.026627656802115762
-0.956318719117626,-0.9266723491687592,0.029646369948866824
0.7519870260028796,0.736839461013446,0.015147564989433593
-0.7790501492658797,-0.7702472185576715,0.008802930708208145
-0.726041929870549,-0.7145236312541305,0.01151829861641851
0.7324041987241032,0.7146165570245901,0.01778764169951308
-0.9230939835886152,-0.9096285980926905,0.013465385495924687
-0.957839854812163,-0.9334460779795738,0.024393776832589253
0.9225403432887723,0.9067243706426957,0.015815972646076593
-0.3536104000646073,-0.3545109077972652,0.0009005077326578736
0.6151186531976435,0.6060309747057637,0.009087678491879747
-0.7666651450717367,-0.7559793855413356,0.010685759530401073
0.2703798775672064,0.26021727151588586,0.010162606051320522
-0.7481268501061437,-0.7381353098959068,0.009991540210236849
-0.18971897665325507,-0.174153755342241,0.015565221311014066
0.8984452103162188,0.8749905675205337,0.0234546427956851
0.196948383401785,0.20495169242552352,0.008003309023738525
0.9116180436318532,0.8880381957576736,0.02357984787417955
-0.9634876389567733,-0.942648427122607,0.02083921183416626
-0.3324879248824863,-0.3388746794919518,0.006386754609465528
-0.16510067479959853,-0.17184191179611263,0.006741236996514105
-0.4005055194616236,-0.3764508142966917,0.02405470516493191
-0.7214452521269608,-0.7176365543932375,0.0038086977337232764
0.127705229371312,0.11488233562537492,0.012822893745937092
0.6758032205947108,0.6491438705005822,0.026659350094128564
-0.4275805341567442,-0.4020294485456602,0.02555108561108399
-0.10322641643573341,-0.08555339588251008,0.017673020553223326
0.6668702217254716,0.6550115407709972,0.011858680954474399
-0.6524718782438598,-0.6236255601728832,0.028846318070976595
-0.3894247294213045,-0.3862203723749181,0.0032043570463864413
0.24025287062182824,0.2448851865155861,0.004632315893757871
-0.8994041952557729,-0.8815850931886481,0.01781910206712478
-0.9097280060796621,-0.8921653690552105,0.0175626370244516
-0.4239988446161156,-0.4129633149918031,0.011035529624312479
-0.9568727350629378,-0.9321670398534945,0.024705695209443324
0.9659880848100219,0.9532038192091944,0.01278426560082746
-0.9209606594202423,-0.9083755046783468,0.012585154741895477
0.944223334917114,0.9199326007679548,0.024290734149159166
-0.31037686720036484,-0.2935125331691221,0.01686433403124271
-0.31963736858103703,-0.3213883298216407,0.0017509612406036434
-0.6497523748061701,-0.6395590027784052,0.010193372027764935
0.5305688939614132,0.5292067879215245,0.001362106039888622
0.639822276968675,0.618264563109737,0.02155771385893801
-0.057179311353850314,-0.04344354875925764,0.013735762594592672
-0.24385558879759173,-0.24121184290730135,0.002643745890290372
-0.7977729719734935,-0.7663788023568322,0.031394169616661305
-0.18032747559676265,-0.16791969275981022,0.01240778283695243
-0.17010992370748876,-0.1617095060804056,0.008400417627083157
0.49206050910235544,0.4695204038647594,0.02254010523759603
-0.38462630887185656,-0.3889290825227512,0.0043027736508946535
0.34444227915581443,0.3235642474867767,0.020878031669037733
0.9389923888662687,0.9229647873284658,0.016027601537802916
-0.9386319975285521,-0.9210064549751864,0.01762554255336568
-0.19272775882477491,-0.20277552396130016,0.01004776513652525
-0.9579234889338034,-0.9418820206833214,0.016041468250482027
-0.6989462952286466,-0.6775371773193655,0.021409117909281128
-0.10863920954858905,-0.11499348738165038,0.006354277833061334
-0.7511647816792815,-0.7328459417872015,0.01831883989207994
-0.7387528506987634,-0.7292054031555579,0.009547447543205467
-0.9668819022975802,-0.942628657547369,0.024253244750211178
-0.7279863510730984,-0.7056747354911113,0.022311615581987132
0.15017160564701598,0.13131423604609702,0.018857369600918966
0.38468404062518985,0.388949003019026,0.004264962393836169
-0.8812779913205487,-0.8602472465679092,0.021030744752639552
0.9266806728672634,0.909948729276252,0.016731943591011378
0.7254716691675288,0.7160323139552893,0.009439355212239486
-0.7621110045422155,-0.7378804936344208,0.02423051090779471
-0.21207161067953048,-0.20893999260173707,0.0031316180777934133
-0.23995266127855458,-0.24331586040716352,0.00336319912860894
-0.7629245419290367,-0.7320150343664931,0.030909507562543626
0.27129669268479395,0.27177416371002594,0.00047747102523199025
-0.9418425846644795,-0.9221458818817054,0.019696702782774023
-0.3616461806495519,-0.33803676339150834,0.023609417258043552
-0.9505385840496703,-0.9245291538569436,0.026009430192726724
0.2629935329014777,0.24834928142406468,0.014644251477413023
-0.833972772993569,-0.8199081560358907,0.014064616957678244
-0.8992193482360653,-0.8743882592758839,0.02483108896018138
0.3378453743768158,0.33453816142987164,0.003307212946944138
-0.85432598446918,-0.8445935479474876,0.009732436521692311
0.13592258339159247,0.11914314785173231,0.016779435539860152
0.9562153889339267,0.9354423841992576,0.02077300473466903
-0.5633563834668727,-0.5553579761345189,0.007998407332353796
0.6557282041315808,0.6332023999992676,0.0225258041323132
-0.8649212884246498,-0.8463824558997153,0.01853883252493449
-0.2779098128637099,-0.26316112390343577,0.014748688960274148
-0.8869295896185896,-0.8708679805749433,0.016061609043646285
0.4291565375227123,0.4255108993818097,0.0036456381409026295
0.7283565583317623,0.6998924207803962,0.02846413755136612
0.25223885888804776,0.2540398782434017,0.0018010193553539278
-0.9092799924396464,-0.8865342064156928,0.022745786023953607
0.39517063893803733,0.3749108644769543,0.020259774461083013
0.0666536044560968,0.07228884405418842,0.005635239598091618
-0.31797917487333593,-0.29621528091862454,0.0217638939547114
0.2639719293280925,0.2685951484036735,0.004623219075580998
0.6202576416023688,0.6157536006297845,0.004504040972584389
-0.9093189303074506,-0.8880023236087989,0.021316606698651652
-0.17424116971095877,-0.16808296745883683,0.006158202252121936
-0.8442308516105336,-0.8300042479474008,0.014226603663132775
0.30333979427948576,0.2816407207695787,0.021699073509907074
-0.5700360746814165,-0.5671487669059366,0.0028873077754798526
0.6839944802127962,0.6732596796696726,0.01073480054312359
0.5183165309784804,0.5166544169077261,0.0016621140707543391
0.0890137049855288,0.08398902268336271,0.005024682302166086
0.641296353457826,0.6185695981902624,0.022726755267563625
-0.42022507619751637,-0.4031041462204503,0.017120929977066046
0.8635750003197363,0.8466699846348765,0.016905015684859803
-0.8369111249051437,-0.819778671784017,0.017132453121126767
-0.35734426702538885,-0.3632919465555757,0.005947679530186822
-0.7254275231618711,-0.7133880944159774,0.012039428745893699
0.45753662430756253,0.44351255631575043,0.014024067991812106
-0.9484132657547887,-0.9256887707114242,0.02272449504336449
-0.6081135379496126,-0.5985070355547661,0.009606502394846506
-0.2791403519657152,-0.28693638764365276,0.007796035677937574
0.9106836531543206,0.880186337131728,0.030497316022592647
0.9644385558858556,0.9367485445492991,0.027690011336556464
0.7773904974449346,0.7667097876934994,0.010680709751435202
-0.6399172101441368,-0.6103102282581809,0.029606981885955896
0.859372401216999,0.8368589908163407,0.02251341040065824
-0.12071622250470831,-0.1285917751173523,0.007875552612643999
-0.3848973013188132,-0.3887160974352263,0.003818796116413059
0.3577787232601411,0.34050053734235425,0.017278185917786848
0.4232922505144386,0.40285151061538055,0.020440739899058036
0.7384760376059009,0.724827491029485,0.013648546576415899
0.6527185254105922,0.6474131884958697,0.005305336914722458
0.9513379314975295,0.9328730888611592,0.018464842636370382
0.9599154905597806,0.9354038041817351,0.024511686378045572
-0.2935614761282336,-0.2981205229063381,0.004559046778104536
0.952076957171849,0.9388606457668013,0.013216311405047754
-0.39675707764008533,-0.39382019977047733,0.002936877869608001
0.9522982629908823,0.9290424152868442,0.023255847704038102
0.10806636460087095,0.09041095145386235,0.017655413147008595
-0.8835540585988153,-0.8515991807095603,0.031954877889254996
-0.9323349401880252,-0.9136631558602872,0.018671784327737972
0.47512012541790505,0.46524983975202167,0.009870285665883383
0.17099004720518035,0.15615469850993735,0.014835348695243
0.9683241333257343,0.9426997766855805,0.025624356640153834
-0.9479718931841391,-0.9222695227135339,0.025702370470605196
0.8601572986115461,0.829962096343172,0.030195202268374133
0.4879850921103353,0.4717309388541575,0.016254153256177795
-0.7327123426059395,-0.7128204300410695,0.019891912564869996
0.947675575564425,0.9219797695825256,0.025695805981899467
0.8781939733545627,0.864670780091447,0.013523193263115685
-0.13991216568043446,-0.14495701984589912,0.005044854165464657
0.6660764908248743,0.6423258000615085,0.023750690763365778
-0.6159269411773428,-0.6108463178914801,0.005080623285862673
-0.9275461793683637,-0.9087928453307237,0.018753334037640013
0.9632872526008923,0.9359534212684129,0.027333831332479464
0.5349655163736771,0.527814429581618,0.007151086792059114
-0.96863797010964,-0.9390083955757723,0.02962957453386772
0.42670534946049504,0.4263058894369944,0.000399460023500664
0.2277373465720186,0.2323690873025669,0.004631740730548284
-0.44433455932621163,-0.4416035910434137,0.002730968282797952
-0.9014707983556288,-0.8856670621059388,0.015803736249690004
0.7175268181018652,0.7102683187629995,0.007258499338865798
-0.9400392262948299,-0.9151732016194774,0.024866024675352594
-0.9647406274544176,-0.9409083775400279,0.023832249914389703
0.5421879281386768,0.5383239643110946,0.0038639638275821397
0.22271237132666333,0.2269600976785019,0.0042477263518385655
-0.5994042060854701,-0.5759138308627673,0.02349037522270281
-0.3474964338818845,-0.3521486568836909,0.004652223001806399
0.06418120213486386,0.05267460645833043,0.011506595676533435
-0.2758955903251217,-0.28199171752485896,0.006096127199737289
-0.9396287383623421,-0.9143134503982704,0.025315287964071675
0.8855261193117281,0.8582896916277987,0.02723642768392942
-0.9629570010684434,-0.9361226816814908,0.026834319386952576
0.3861309360652736,0.3886077459155622,0.002476809850288586
-0.9662075479398612,-0.9379531041215746,0.028254443818286568
0.606760536184856,0.5885267081919343,0.018233827992921725
0.6694611713846842,0.6414528099118844,0.028008361472799836
0.9561244679406784,0.9306450332920186,0.02547943464865976
0.27734931343689917,0.27770660077881554,0.000357287341916368
0.31003372842639043,0.2924542509429831,0.017579477483407324
-0.015259359725520883,-0.006505158332379763,0.00875420139314112
0.26485640858121257,0.2654350515264443,0.0005786429452317443
-0.3618428097254689,-0.36623992689284607,0.004397117167377174
0.10598561140640843,0.11159825216745399,0.005612640761045562
0.9274379147231507,0.8976759928704119,0.02976192185273885
-0.9613297561057624,-0.9307877010218448,0.030542055083917607
-0.8516181711994245,-0.8278841805721106,0.02373399062731396
-0.9645734127241725,-0.9358332380455727,0.028740174678599795
-0.37891161499023546,-0.36085709073842276,0.018054524251812698
0.8861226997695688,0.8714153929531631,0.014707306816405752
0.36440424363463336,0.36327214605676245,0.0011320975778709164
0.9591049078234128,0.9347017839475136,0.02440312387589927
0.5444426443805114,0.5402479238223157,0.004194720558195697
0.3960865745996908,0.3807341235101853,0.015352451089505503
0.2943147809224472,0.27832859342480326,0.01598618749764391
0.5027793634817755,0.47781392727727806,0.024965436204497482
-0.5538368007761205,-0.5477181398651776,0.00611866091094293
-0.35542689982723014,-0.33758821958424284,0.017838680242987293
0.8998460159262697,0.8777212055210158,0.022124810405253825
0.6272070415582327,0.6030236453843728,0.024183396173859895
0.7152568328059579,0.6900952135484317,0.025161619257526135
0.7208689804692464,0.6999512401506799,0.020917740318566524
0.7930868563001469,0.7812082098310924,0.011878646469054455
0.9367622181073175,0.9212017705065944,0.01556044760072317
-0.8245532299581321,-0.7996323175723872,0.024920912385744898
-0.7380646305660548,-0.7237724679392777,0.014292162626777016
0.9263531436306129,0.9014075856726265,0.024945557957986475
0.04761524466125508,0.054942201342910744,0.007326956681655665
-0.9481488202506659,-0.9302907160908904,0.017858104159775512
0.8995196633137543,0.8721112603161075,0.027408402997646797
-0.4445855943807066,-0.43117377011903973,0.013411824261666871
-0.2726928810492768,-0.27863703090948705,0.005944149860210246
-0.10418108940435675,-0.0984276737535983,0.005753415650758445
0.8466845781544398,0.8358025911028676,0.010881987051572173
-0.1715986392681063,-0.1768225418107813,0.005223902542674991
-0.3016498362454864,-0.3056343649823777,0.003984528736891313
0.27586854965618096,0.2550238608972092,0.020844688758971774
-0.9528990315780869,-0.9288374463046093,0.02406158527347757
0.8557078779189407,0.8363881658543463,0.019319712064594374
-0.6712417297239996,-0.6604278875022006,0.010813842221799042
0.9167448592278873,0.8856600555180207,0.03108480370986655
-0.8280862064707375,-0.8000862007804743,0.028000005690263174
0.8452056061977613,0.8163906733628022,0.02881493283495906
0.3227783470275872,0.30350057078574955,0.01927777624183763
-0.939781571722025,-0.9155454223497748,0.02423614937225027
-0.7777823787434224,-0.7665740135992366,0.011208365144185772
-0.9020762529539813,-0.8743528488718679,0.02772340408211338
-0.9626322688547783,-0.9438182668272022,0.018814002027576104
-0.21261514521909966,-0.21617399796055886,0.003558852741459201
-0.9427273750562133,-0.9180756922536322,0.02465168280258112
0.4260298593765999,0.42692630557768163,0.0008964462010817575
-0.7905767162256808,-0.7667203923024396,0.02385632392324122
0.5738085542164967,0.5658169471546779,0.007991607061818784
0.462810995520738,0.4570172900961038,0.005793705424634199
0.7132318772911291,0.6944474905627323,0.018784386728396885
-0.3890639316810335,-0.38519320614206176,0.00387072553897172
-0.889079345878076,-0.864544676426149,0.02453466945192706
-0.96420293115231,-0.9423652618916121,0.021837669260697967
0.7894238996311783,0.7714302943221986,0.017993605308979754
-0.6923329212709103,-0.6622017328688897,0.03013118840202056
0.4027385073898649,0.3809978294404181,0.021740677949446785
0.9563182697179167,0.9334204089568838,0.02289786076103284
-0.6196038640840434,-0.6105883829108423,0.009015481173201167
-0.6437111216481766,-0.6191552971657626,0.024555824482414
0.8567023727210418,0.8221184196361553,0.03458395308488649
-0.8793684585684762,-0.8478959620918227,0.03147249647665351
0.7045196921609496,0.6796308940506165,0.024888798110333066
0.8935292974408503,0.8647118688130448,0.028817428627805453
-0.8661124838348322,-0.8471106876361056,0.01900179619872655
-0.29062043570037727,-0.2983447483621783,0.007724312661801014
0.3498007355017281,0.3276901368470058,0.022110598654722258
0.8816161324704448,0.8655846471946496,0.016031485275795232
-0.9462340214410532,-0.9191114934636997,0.027122527977353483
0.04107947010173175,0.05487610920990432,0.013796639108172574
-0.5270027735864707,-0.5252854149240684,0.0017173586624023018
0.670910953025937,0.6624585899387992,0.008452363087137704
0.28042427744383164,0.25858289667568,0.02184138076815162
-0.9218142545603415,-0.9038826004343862,0.01793165412595532
0.15558694363756517,0.16521915619213745,0.009632212554572278
-0.9672335150162041,-0.9462516081499721,0.020981906866232025
-0.04994094948618186,-0.034327612575809234,0.015613336910372623
0.966163445278495,0.951347567762775,0.01481587751572
0.03583351295756011,0.05509733924784778,0.019263826290287667
-0.7437265482130352,-0.7330503945015859,0.010676153711449254
0.04787401441638439,0.04128422278155785,0.006589791634826543
-0.22668882743153848,-0.22947088081669176,0.002782053385153277
-0.8517334878530848,-0.8329237109456209,0.018809776907463882
-0.25968526124980806,-0.26672150638310815,0.00703624513330009
0.9329110597639348,0.9032173372223539,0.02969372254158098
0.8851878144186073,0.862393931852469,0.022793882566138235
0.5918550748219753,0.568959626502313,0.02289544831966228
0.30762618781300183,0.3106723079232208,0.003046120110218986
0.8962944884732253,0.8756593376979156,0.020635150775309752
-0.9104010143405769,-0.8994696649090538,0.010931349431523074
0.22684010383215533,0.21497670169278452,0.011863402139370816
0.13417165957650856,0.12362191799545044,0.01054974158105812
0.7957623570416645,0.7656837039501604,0.03007865309150415
0.9285187016415035,0.9063998030145713,0.02211889862693217
-0.8041752366310013,-0.786406842641073,0.017768393989928355
0.7881222805895655,0.765148454277717,0.02297382631184841
0.9560649910305012,0.9338192808128134,0.022245710217687842
0.962070968542855,0.9398109141976893,0.02226005434516576
0.20535173106466037,0.19498936700135214,0.010362364063308233
0.8976904890183762,0.8811147447473806,0.016575744270995618
-0.17326768888779764,-0.15900667410101216,0.014261014786785486
-0.8809630593577211,-0.8623404230657605,0.018622636291960593
-0.8182430460676331,-0.8051112127511759,0.013131833316457175
-0.6487054219026099,-0.6264719414707716,0.02223348043183837
0.4343800090673772,0.42634715528750955,0.008032853779867677
-0.9126295962458886,-0.8836865725019312,0.028943023743957408
0.019639375820645302,0.013021533846476066,0.006617841974169236
-0.3774034427715825,-0.3598894326188573,0.01751401015272519
0.9388662481471824,0.9118066752240142,0.027059572923168296
-0.9133668606479564,-0.8976762868875667,0.015690573760389626
0.7696705176039884,0.7428789180435839,0.026791599560404555
0.8754216575483805,0.8600677825405657,0.015353875007814821
-0.9195783633686856,-0.8885644686017607,0.031013894766924843
0.7458081808453312,0.7222100350960345,0.02359814574929664
-0.7015451442876038,-0.6940656891699226,0.007479455117681222
0.9488827553584716,0.909368351373673,0.03951440398479855
0.3504858439121191,0.33996040224731294,0.010525441664806179
0.5480725198689189,0.5239144512611897,0.024158068607729177
0.907538590802879,0.898399567864816,0.009139022938063013
0.5844796232576176,0.5569927136345927,0.027486909623024913
0.6630650221049079,0.6569774847530869,0.006087537351820993
-0.778194018732784,-0.7747378873835856,0.0034561313491984214
-0.6429234393812727,-0.6197368676083015,0.02318657177297123
0.9694578344628921,0.9492202619554042,0.020237572507487922
-0.8655435632449894,-0.8409974117185653,0.02454615152642403
-0.22932335339108656,-0.22487844935878037,0.004444904032306185
-0.695314997878002,-0.6715844798941594,0.023730517983842625
-0.46206995124629807,-0.4579035683525505,0.0041663828937475444
0.8646008881953936,0.8333650670447336,0.031235821150660037
-0.4292401222571289,-0.424966013017973,0.004274109239155888
-0.6177410503846767,-0.5992540774715678,0.018486972913108968
0.9270246661511713,0.9049296391749219,0.022095026976249432
0.8840999427653746,0.8602334444690489,0.0238664982963257
-0.4906854153991941,-0.4651589371866288,0.025526478212565262
-0.47881202018939234,-0.46330803694592226,0.015503983243470076
0.7173418635240335,0.6936083158554718,0.023733547668561727
0.9623965052105287,0.9412694479224508,0.021127057288077844
-0.9661722020010134,-0.9430409759968802,0.0231312260041332
-0.895455174086504,-0.8789952563898787,0.016459917696625248
0.21444882403221516,0.21659949597460826,0.002150671942393101
-0.7775513776819598,-0.7629837053599736,0.014567672321986191
-0.6665905764398501,-0.6558480884248413,0.010742488015008766
0.674280155678413,0.6474117756194085,0.026868380059004493
-0.2834096828405964,-0.2883576626215011,0.0049479797809046655
0.3867326037680673,0.3891721359067128,0.002439532138645506
0.9654503902640074,0.9425959061686983,0.022854484095309102
-0.9652488448894864,-0.9406415699364634,0.02460727495302295
0.012857677856668049,-0.001920917884707277,0.014778595741375326
-0.5122832443531028,-0.5037798817823866,0.008503362570716155
-0.5176404885604518,-0.5130147679446182,0.004625720615833551
0.9598903967782573,0.935010652148273,0.024879744629984324
-0.9592520041040579,-0.9285409825756555,0.030711021528402327
-0.5856853292206201,-0.5763458619102138,0.009339467310406357
-0.23027423566106556,-0.23965744090698438,0.009383205245918819
-0.6923302225574174,-0.6699152695259923,0.022414953031425044
0.930055242054276,0.9147848517765563,0.015270390277719703
0.3516022626931098,0.324585121518242,0.02701714117486781
-0.6875827487680427,-0.6592785160754049,0.02830423269263782
-0.8366211298408456,-0.8238408019818928,0.012780327858952778
0.031664577881041475,0.019161608785759045,0.01250296909528243
-0.7812358915271002,-0.7647079278277237,0.01652796369937648
0.8623506448755447,0.8329388621699663,0.029411782705578426
0.07828256076412861,0.08375532340384187,0.005472762639713261
0.811630720852332,0.800159017710041,0.011471703142290957
0.6050112976309328,0.5959912704594863,0.009020027171446454
0.8123528764151082,0.7836815389449714,0.028671337470136837
-0.954977011092833,-0.9244544035404352,0.030522607552397774
-0.319830315587344,-0.3225387659223895,0.0027084503350455202
-0.08705043679744516,-0.07455684262895537,0.012493594168489788
-0.45644381069868156,-0.455987349331803,0.00045646136687854666
0.46867820851576447,0.4504194478401388,0.01825876067562565
0.5800976932873314,0.5706108906649946,0.00948680262233681
-0.8852838507058798,-0.8647942521501806,0.020489598555699207
-0.33201878059742024,-0.33342351558437305,0.0014047349869528158
0.6961486825439946,0.6704320391182199,0.025716643425774732
-0.24412295981209234,-0.2247365450846632,0.019386414727429135
0.29441401316334237,0.29897986887111744,0.004565855707775068
0.917250964715341,0.9064048852132578,0.010846079502083161
-0.3334086559459887,-0.343112596798824,0.009703940852835324
-0.32791442496824746,-0.3265304089135025,0.0013840160547449742
0.5720409906106524,0.5482154582863737,0.023825532324278642
-0.523062743069603,-0.5161831017164343,0.006879641353168653
-0.5069877036926742,-0.5006346566773813,0.006353047015292934
0.48672572143561527,0.48135571056201576,0.005370010873599507
0.3231592098518235,0.32531073089674645,0.002151521044922944
-0.2296776439816207,-0.2249569847101295,0.004720659271491179
0.9605349112635572,0.9495732713247927,0.010961639938764423
-0.35308674262712186,-0.3568188229845362,0.003732080357414347
0.5265745738415593,0.5160684863252231,0.010506087516336193
0.8387161148223955,0.8241414842817519,0.014574630540643563
0.04021310483500748,0.050645363653247955,0.010432258818240475
0.7877374026488985,0.7629456265656074,0.024791776083291084
-0.5910377336608311,-0.5721750575671589,0.018862676093672204
0.9687561737382165,0.9360288745005367,0.03272729923767981
0.4489539290348622,0.45112940764812903,0.0021754786132668347
0.7736151260128609,0.7583601488282002,0.015254977184660623
-0.730431776457922,-0.7056058717691983,0.0248259046887237
-0.9349391991021716,-0.9135256820756644,0.02141351702650718
0.7025564698648894,0.6764916620466411,0.02606480781824827
-0.870201357479152,-0.8500858374971104,0.02011551998204153
0.6421330635482343,0.6380116382239747,0.004121425324259631
-0.07025394247304599,-0.07054538811167888,0.000291445638632884
0.29499137264639697,0.3015525351955374,0.006561162549140409
-0.9650497704932915,-0.9443694376255845,0.020680332867707096
0.9590613415905871,0.9400213638803633,0.01903997771022381
-0.28503051433047116,-0.2654338976054383,0.019596616725032878
-0.9166992879056574,-0.9038523473268238,0.01284694057883351
-0.9687264934586632,-0.950024353045165,0.01870214041349827
-0.07212032579297936,-0.08990168601294807,0.017781360219968706
0.046195066592254946,0.03438338127223461,0.011811685320020339
0.2900138885136792,0.2906120125894249,0.0005981240757456652
0.9334586491015117,0.9189346520814503,0.014523997020061352
0.2842296622880992,0.2587380547776478,0.02549160751045143
0.9438743476566679,0.9219253995046156,0.021948948152052283
-0.23212751488405525,-0.21878668776326787,0.01334082712078738
0.7414087815827924,0.7327928750748598,0.008615906507932647
-0.6256343877414385,-0.622060961809344,0.0035734259320945316
-0.9638821583685195,-0.936456947748173,0.02742521062034653
-0.8251152922410587,-0.8002368375598077,0.02487845468125105
-0.8968019218644571,-0.8806028076678535,0.01619911419660358
0.7360232911813415,0.7120907136118648,0.023932577569476643
0.8287451202377812,0.799185115845962,0.029560004391819272
-0.5290287630521483,-0.5026855429269814,0.026343220125166877
0.7696812745015542,0.7539594060759456,0.01572186842560863
0.6588226495653641,0.6302466863741929,0.028575963191171172
0.9631588457227361,0.9341806852063964,0.028978160516339724
0.4285327497012492,0.4050583005705562,0.02347444913069302
0.4481862042597945,0.4464560510021258,0.0017301532576686762
0.8975573062370785,0.878592300888019,0.01896500534905954
-0.8952712936897214,-0.8738893633088285,0.021381930380892866
-0.7610597447142097,-0.750282667831732,0.010777076882477643
-0.13503827711094563,-0.14280882053125582,0.007770543420310194
-0.3161577309795774,-0.3156149690567191,0.0005427619228582925
-0.9664916714947231,-0.9452758402071256,0.02121583128759752
-0.8862198051003226,-0.865833309347159,0.020386495753163647
0.9123375469443668,0.8834647034252933,0.028872843519073488
0.003389666378173396,-0.01057607754965212,0.013965743927825517
0.3666904835174848,0.3499673109204809,0.0167231725970039
0.9415954489653902,0.9160460825895018,0.025549366375888338
0.5270800755113255,0.52274023413779,0.004339841373535491
0.21915027928924682,0.20419186532566086,0.014958413963585965
0.5615788460370464,0.555831242723887,0.005747603313159488
-0.9003701797541084,-0.8756297165132504,0.02474046324085799
-0.9687468591061416,-0.9523331115963949,0.016413747509746668
0.9245984474195267,0.9013210308047175,0.0232774166148092
-0.9626819090921841,-0.9360513176645335,0.026630591427650563
-0.9664712966151778,-0.940629398455004,0.025841898160173793
-0.9040409072650932,-0.8849248579442095,0.019116049320883732
-0.758893819727399,-0.749288351934965,0.009605467792433986
0.7975186774644835,0.7669584067336734,0.030560270730810024
-0.5077614568150066,-0.5051945755616685,0.002566881253338149
0.7538569509251132,0.7277881561031775,0.026068794821935692
0.5924955117963843,0.5690923617570868,0.023403150039297493
0.2390460528607163,0.24730346098273692,0.00825740812202061
0.4966809045920532,0.48986280088773565,0.0068181037043175685
-0.09288103705984976,-0.079045115684851,0.01383592137499877
-0.20749224219593537,-0.2109278513526582,0.0034356091567228353
0.9661905978473665,0.9389807333645553,0.027209864482811152
0.9171848724815796,0.8936032287271816,0.023581643754398085
-0.22867542013962502,-0.21171286909068873,0.016962551048936292
0.8211808534787277,0.8103107325422372,0.010870120936490535
-0.6228435028458138,-0.5845772216452533,0.038266281200560526
0.7627864311007023,0.7538954768303884,0.008890954270313944
-0.6575724267358467,-0.6339124881031813,0.023659938632665356
0.9647166498767312,0.9404662041779249,0.0242504456988063
-0.9683745598285468,-0.94197808994236,0.026396469886186824
-0.3614190954285066,-0.3400958330718906,0.02132326235661597
-0.9573294810359125,-0.9369562283062477,0.020373252729664837
0.28678826330921686,0.27315908776875464,0.013629175540462224
0.6120054308741133,0.6019399506569365,0.010065480217176792
-0.8501127914234763,-0.837241740306386,0.012871051117090304
0.3442440818975379,0.34418769207246186,5.638982507605306e-05
0.731753033467694,0.7213795349178121,0.010373498549881899
0.8598316439058931,0.8305989595420459,0.029232684363847183
-0.9092366970785072,-0.8917521222268263,0.017484574851680867
0.9050182835499656,0.877319694731924,0.02769858881804166
-0.7229532469636872,-0.692428379387166,0.030524867576521286
0.8123345334644031,0.7859286954446123,0.026405838019790795
-0.84524974321125,-0.8143623754475097,0.030887367763740348
-0.30598161304076227,-0.30759962950759634,0.0016180164668340713
-0.2755846328554931,-0.26062687334167406,0.014957759513819058
-0.3110610758487412,-0.31070985041758536,0.0003512254311558438
-0.2812941683903898,-0.26344638740879,0.01784778098159978
0.9401407758595293,0.9148656746320681,0.025275101227461128
-0.14208421309638253,-0.1497684276284923,0.007684214532109768
0.9670706788547814,0.9387271053809165,0.028343573473864847
-0.40718420780480286,-0.40568192837563455,0.0015022794291683073
0.18260674338670863,0.16672696407840748,0.015879779308301145
-0.9492559522576471,-0.923401088555006,0.025854863702641118
0.508483251532489,0.5090477889497851,0.0005645374172961182
0.23409865416246503,0.21782078257383916,0.01627787158862587
-0.7736764916530737,-0.7556396247605616,0.01803686689251216
-0.5513636055868023,-0.5309730656000288,0.020390539986773537
0.7668835377554095,0.7514318638979587,0.015451673857450832
0.8686352292089181,0.8446274876964638,0.024007741512454328
0.5724425003138799,0.5679792233557189,0.0044632769581609555
0.9565224344502665,0.9275828695953264,0.028939564854940092
-0.96011328790977,-0.9317638823000043,0.028349405609765732
0.9621820845894831,0.9362434153251975,0.025938669264285563
0.922110850250739,0.899229622184432,0.02288122806630699
0.9396723154470807,0.918353520845806,0.021318794601274726
0.762168714528271,0.7384427856015944,0.023725928926676576
-0.09811707687117677,-0.10453766563374861,0.006420588762571844
0.19930854011252702,0.17417071351397262,0.025137826598554402
0.8038056727180658,0.7877807096584706,0.01602496305959522
-0.8946946529924922,-0.8630030624305999,0.0316915905618923
0.925392397336194,0.9045451545552947,0.020847242780899333
-0.13611884544874242,-0.1469889861466833,0.010870140697940872
-0.447537909092348,-0.4258885082526536,0.021649400839694355
0.026656694665949398,0.04090055441973416,0.014243859753784765
0.49571426047646366,0.47434366269853656,0.021370597777927103
-0.4510608505931649,-0.4391182663591712,0.011942584233993692
-0.882759434302611,-0.8576553506039625,0.02510408369864847
0.04291569317631837,0.05042634150579213,0.0075106483294737625
0.502365216213433,0.49776844597505115,0.004596770238381842
0.955504745062455,0.9373172616165747,0.01818748344588028
0.4341527804918418,0.41909265198467144,0.015060128507170367
-0.9380542856516029,-0.90659587306193,0.03145841258967286
-0.7644981845973466,-0.7356093948543948,0.028888789742951837
-0.48877972404533776,-0.4897459116396193,0.0009661875942815201
-0.28658076630776547,-0.2919334846079094,0.005352718300143944
-0.7596267119963263,-0.7462303279302195,0.01339638406610677
-0.01424873926516587,-0.028964413248386958,0.014715673983221088
0.8527440453976379,0.832908825751369,0.019835219646268887
-0.9303533860320963,-0.9100804131607569,0.020272972871339334
-0.6308846776120738,-0.6210578583842772,0.009826819227796602
0.4786494727018408,0.4756221079690131,0.0030273647328276643
-0.7016404743030735,-0.6931720020418927,0.00846847226118086
-0.33278047458786986,-0.3131062233492021,0.019674251238667784
-0.5349320038867333,-0.528261294135217,0.0066707097515162905
0.3319267435781177,0.3376851294185051,0.005758385840387403
0.8015233779277015,0.7730027452216754,0.028520632706026006
-0.28779790162408064,-0.2951947308362623,0.007396829212181655
0.7940880359556737,0.7831173784691345,0.010970657486539137
-0.9588947239769186,-0.935099217749481,0.023795506227437535
-0.6236539575871398,-0.601929212214309,0.021724745372830867
0.1268790321263353,0.10931446853173371,0.017564563594601595
-0.7040506274530112,-0.6814877956593267,0.022562831793684457
-0.26351540904000736,-0.2682231751732753,0.004707766133267954
-0.010253637593381763,-0.02053274819250962,0.010279110599127856
-0.3951636986801638,-0.3765378825383834,0.018625816141780438
-0.8613086898250548,-0.8426873924244221,0.018621297400632675
-0.9688793945651416,-0.9401155771282251,0.028763817436916472
-0.15337288801123622,-0.16407277693490016,0.010699888923663942
-0.8224412052626014,-0.8084149303872792,0.014026274875322264
-0.9503338454338339,-0.9210211345316625,0.029312710902171468
0.32956502819150496,0.3304718169762558,0.0009067887847508671
-0.5704124594516321,-0.5433620239392238,0.027050435512408266
-0.7885464561474924,-0.7757203668435821,0.01282608930391027
-0.791375981543384,-0.7753995037220608,0.015976477821323165
-0.774981378918827,-0.7525514456063161,0.022429933312510864
0.8687386115964515,0.849946616926999,0.018791994669452472
-0.8378924363449561,-0.8185340253954879,0.01935841094946822
-0.20881480546584388,-0.1913006837503831,0.017514121715460795
0.8700284198946395,0.8586087730280977,0.011419646866541844
-0.9631522565198251,-0.935669842219265,0.027482414300560087
0.7921249865450564,0.7641390017639328,0.027985984781123574
-0.6054192582809412,-0.5932935565500572,0.012125701730884009
-0.7433549430575512,-0.7309283791152139,0.01242656394233732
0.8902654433967734,0.8756784380096789,0.014587005387094454
0.8980230480172687,0.8759948348141755,0.022028213203093228
0.5904842248499103,0.5856280438590504,0.004856180990859826
0.6711831037952418,0.6658050382775723,0.005378065517669506
0.9431477880704541,0.917752003430989,0.025395784639465124
0.4850787837670001,0.46020020378193616,0.02487857998506393
-0.7208437360931284,-0.6895786477426185,0.031265088350509895
-0.47019528213479644,-0.4444891091534968,0.025706172981299624
-0.7814548602553899,-0.7563718083230446,0.02508305193234528
-0.3627733531312688,-0.36575818186824516,0.0029848287369763637
-0.47871988931676174,-0.45319362212151365,0.025526267195248087
0.8959900934939563,0.8666086541503486,0.029381439343607707
-0.3489542565961957,-0.33286889888636667,0.01608535770982905
0.3072843468679659,0.2908730651906023,0.01641128167736361
-0.259328285646327,-0.2599506899397441,0.0006224042934170892
0.7478312678991756,0.7372471973205676,0.010584070578607996
-0.6421330653571244,-0.6348876775581327,0.007245387798991754
-0.2965379148567076,-0.29614693192294156,0.00039098293376604865
-0.9678922383715934,-0.9492698658463468,0.018622372525246678
0.3238050054458549,0.3252972337748366,0.001492228328981715
-0.5033539089568755,-0.48345497232900553,0.019898936627869956
-0.8763828761230416,-0.8647608490995541,0.011622027023487469
-0.9279855377173961,-0.9138388151180582,0.014146722599337913
0.923577733695625,0.897301329947318,0.026276403748306976
-0.8759877649239474,-0.8559389096300716,0.02004885529387579
0.7961564767726721,0.781624972155513,0.01453150461715913
0.7129126290944814,0.6992663920727675,0.013646237021713858
0.6602683761681544,0.6349690016807371,0.02529937448741726
0.14099126820827096,0.15279384628266535,0.011802578074394388
0.23243043743625144,0.235454609129814,0.0030241716935625607
-0.3574016540386392,-0.36037873523780184,0.0029770811991626234
0.9348602049876568,0.9186570262963484,0.016203178691308384
0.9622236138363912,0.9328760583458275,0.02934755549056367
-0.6843858399290045,-0.6597327298957819,0.02465311003322257
-0.9619002515231644,-0.9411308269664448,0.020769424556719596
0.22608294573465704,0.2094772603384275,0.01660568539622953
0.11734713294709272,0.10790992249907846,0.009437210448014252
-0.9618893496496222,-0.9343489112728338,0.027540438376788434
0.79708811139366,0.7767570437824733,0.020331067611186637
-0.5487969980090562,-0.5305873839444363,0.01820961406461996
0.9619486541720452,0.9465286942508453,0.015419959921199933
0.9040099368703529,0.8802993664903381,0.023710570380014784
-0.7182356447930868,-0.6940889966550067,0.024146648138080096
-0.4425768417415697,-0.41635883123094947,0.026218010510620227
-0.20732633159525363,-0.19315762115329532,0.014168710441958304
-0.6722330115192897,-0.6497897128451563,0.022443298674133416
-0.8941744332249824,-0.8785655787693115,0.01560885445567084
-0.13453271374746975,-0.14226951087426531,0.007736797126795564
-0.9010628813008246,-0.8846521890332308,0.01641069226759373
0.32436403303067335,0.313882574055305,0.01048145897536834
-0.9093861397477219,-0.8887366170716345,0.02064952267608733
0.6591922645540045,0.6324421492796889,0.02675011527431559
-0.3210766470857528,-0.32355404954028905,0.0024774024545362594
0.086641752428513,0.06977227878859629,0.016869473639916713
0.3002114488856109,0.2785924653138997,0.021618983571711214
0.9540317354196796,0.9316823521683337,0.022349383251345833
-0.8874073859132778,-0.8613084617093474,0.02609892420393045
-0.6527213343118964,-0.6447859894510797,0.007935344860816707
-0.7711704116862205,-0.7603407298507986,0.010829681835421878
-0.9229269056311474,-0.8979174775933815,0.025009428037765957
-0.03408892799536014,-0.04477284615747771,0.01068391816211757
0.7906453579874655,0.7694287569513508,0.02121660103611467
-0.47603912638906093,-0.4489205039215768,0.027118622467484144
0.755457702874837,0.7391750369538557,0.016282665920981376
0.5654029968331526,0.5429885538577512,0.022414442975401405
0.25775138603697145,0.26174472362130974,0.003993337584338286
-0.7331139153376436,-0.7199623272883577,0.013151588049285845
-0.21492209119183636,-0.18851678327335936,0.026405307918477006
-0.717643498538771,-0.6871092736041701,0.030534224934600895
0.29585004885317906,0.30337058580367965,0.007520536950500589
-0.7419497432164526,-0.7328050182739106,0.009144724942541926
-0.04580653104410133,-0.060047336998141465,0.014240805954040134
-0.188860001321373,-0.19418923125279736,0.005329229931424345
-0.8189473641050383,-0.7939949421005251,0.024952422004513197
-0.32089125139829755,-0.29838660359147756,0.02250464780681999
0.6301091621747106,0.6046540548743438,0.02545510730036682
-0.6553467356058369,-0.6437973247130532,0.011549410892783718
0.9073190726275098,0.8838389451517754,0.023480127475734358
0.5618127160250633,0.5605171108180312,0.0012956052070320911
0.07982971071852213,0.08720921989092507,0.0073795091724029455
-0.8566791649924098,-0.8422471574957702,0.014432007496639643
-0.8491078018128472,-0.8205825747482778,0.02852522706456939
0.41361035545690045,0.41024794299502915,0.0033624124618713003
-0.817482914476186,-0.792168302560515,0.02531461191567108
0.5790052666202162,0.5765802515484555,0.002425015071760739
-0.4396640997333491,-0.42547588967322825,0.014188210060120832
0.9442683393803898,0.9324952495630144,0.011773089817375348
-0.9288863114175199,-0.9152098999084204,0.013676411509099484
0.8127979574230485,0.7858873800354074,0.026910577387641132
0.255957476343588,0.257841971708663,0.0018844953650750118
0.9350679023440019,0.9210917081554691,0.013976194188532798
-0.6829073631791661,-0.675115144603947,0.0077922185752191675
0.5115367341692433,0.5096865100901736,0.0018502240790696511
0.9594631584769081,0.9398420433519904,0.01962111512491771
0.551984175889746,0.5461668566267467,0.005817319262999332
-0.9357155799740001,-0.9121866241948026,0.023528955779197558
0.1629301677078015,0.1477625651115074,0.0151676025962941
-0.06830562214255272,-0.0785894302967762,0.010283808154223487
0.7615483729672714,0.7335594498645207,0.027988923102750696
-0.9403227654864239,-0.9213345849890807,0.018988180497343188
0.334915012744646,0.33985955758991326,0.00494454484526724
-0.7689184764527808,-0.7582156132166961,0.010702863236084714
-0.5434172059690648,-0.536301114512404,0.007116091456660811
0.6167808407022888,0.6114465667763738,0.005334273925915012
0.7077796886536581,0.6866530318937424,0.021126656759915763
0.37947040141225447,0.3597077510929814,0.019762650319273045
0.9454442352461053,0.907142347631693,0.03830188761441233
-0.9684287010433463,-0.939953519258344,0.0284751817850023
-0.034131083364234566,-0.046769388602962245,0.012638305238727679
-0.8086580851769879,-0.7826905082414932,0.025967576935494674
0.6808303878571706,0.6717841150556314,0.009046272801539246
-0.8159875784984525,-0.7849525061431993,0.031035072355253157
0.9296250074178379,0.9157683415330733,0.01385666588476464
-0.6377954465512534,-0.6396992332393194,0.0019037866880660115
0.657158464258424,0.6474442951091719,0.00971416914925205
-0.9686121781185765,-0.9394502724402123,0.029161905678364186
-0.16968283628917238,-0.17532895910163118,0.005646122812458798
0.7112828669634574,0.7017748233642719,0.009508043599185556
-0.07830489210820855,-0.06503576070030787,0.013269131407900689
-0.9111098208414448,-0.8923727768687195,0.018737043972725242
0.21680810926535682,0.21007322753268862,0.006734881732668202
-0.940161056630291,-0.9127847301120482,0.027376326518242844
-0.7915916147566117,-0.7789850042529202,0.012606610503691495
0.6299484714975124,0.6053347651281215,0.024613706369390975
-0.9412168853302856,-0.9170690619932098,0.02414782333707577
0.6329783690185204,0.6060197564802737,0.026958612538246718
-0.5809546531346342,-0.5653675975779736,0.015587055556660623
-0.9495640952109036,-0.923425171450671,0.026138923760232524
-0.41293608676730303,-0.4126484117671728,0.0002876750001302164
-0.6409115988957167,-0.6425875576951899,0.0016759587994732428
0.786675713596527,0.7760698039752547,0.01060590962127228
-0.6648599267790763,-0.6586370835763162,0.00622284320276012
-0.05097739753371377,-0.059162791966878445,0.008185394433164676
-0.8530241897246698,-0.8349524468324067,0.0180717428922631
0.8734738644372216,0.8435750159213143,0.029898848515907295
0.14714958775844858,0.1511892002385388,0.0040396124800902156
0.7892636439134432,0.765160334069471,0.02410330984397213
0.4056776498356169,0.40874394653881435,0.0030662967031974686
-0.27699742392293175,-0.2557587702216463,0.02123865370128547
-0.8595974019057586,-0.8337225988749223,0.025874803030836335
0.3216062958863867,0.32523866040782046,0.003632364521433784
0.23632917356341512,0.21949812315212286,0.016831050411292264
0.8119958049308381,0.7840173227434054,0.027978482187432707
-0.3854234558899095,-0.3607591429726373,0.024664312917272224
0.9333970856007073,0.919592894459812,0.013804191140895372
-0.10496242865192844,-0.11677180349132037,0.011809374839391928
0.4552418225905195,0.4397745894280053,0.015467233162514193
-0.8009669850026206,-0.7747295043434872,0.02623748065913345
0.013220611321809916,0.027524230682829526,0.01430361936101961
-0.5926645499678564,-0.5858770936937231,0.006787456274133352
0.7755965386882522,0.7515697385336635,0.02402680015458869
0.32839997890600575,0.3277395756963432,0.0006604032096625412
0.8637617493530992,0.8385379531192434,0.025223796233855844
0.9340599396418255,0.9037868008641063,0.0302731387777192
-0.7606688203655606,-0.7475530859058259,0.013115734459734685
-0.2746690766571891,-0.2757032781931698,0.0010342015359807166
0.8757183369713989,0.8639059167765543,0.01181242019484463
0.9190012225681952,0.8907812496325114,0.02821997293568379
0.5835502059311547,0.5564916120420965,0.02705859388905818
-0.9568644249526456,-0.9322231659249853,0.024641259027660234
-0.39579704730631526,-0.38973134867702103,0.006065698629294236
0.9191481873892435,0.8958893505900922,0.023258836799151306
0.09085659099495383,0.08285850405288431,0.007998086942069521
-0.31944388245254546,-0.3240846943926,0.004640811940054557
-0.7090542127074119,-0.6958580922431198,0.013196120464292083
0.6283857622110142,0.6064082855838278,0.02197747662718641
0.40719089457105223,0.407621409429922,0.00043051485886974605
0.8128152754172566,0.7902578310557548,0.022557444361501866
0.6942980925804512,0.6832947446112138,0.01100334796923741
-0.8446802345308352,-0.8115908982409394,0.03308933628989574
-0.6302817522849571,-0.6108108092895338,0.01947094299542329
-0.5107065997123413,-0.5056579397930964,0.005048659919244969
-0.9643117558061493,-0.9464828392141719,0.017828916591977384
-0.5775881053343905,-0.5746259316080458,0.0029621737263447745
0.9377344937468476,0.9077587727871699,0.02997572095967771
-0.6873176377456134,-0.6790598361060506,0.0082578016395628
-0.4107153138245978,-0.4103246442150124,0.0003906696095853923
0.8647988279297106,0.8370975136155363,0.02770131431417433
-0.4891369412357614,-0.4844771450060614,0.004659796229699975
0.8868691078077588,0.8700738556584978,0.01679525214926103
-0.22722653107772192,-0.2192271107187748,0.007999420358947129
0.96809839942844,0.9428471933596079,0.025251206068832133
-0.9137970412217412,-0.8905036143511814,0.023293426870559797
0.9652722604687036,0.9385849594449763,0.026687301023727295
0.7684200830828677,0.7423433321231522,0.02607675095971551
-0.9195833800033797,-0.9048080955750257,0.014775284428353963
0.07588364767664328,0.058882103442741654,0.017001544233901628
0.5686214680116366,0.5641205388491088,0.004500929162527756
-0.38248135053158433,-0.38476100033674476,0.002279649805160433
0.6619560377097226,0.6367924255019598,0.025163612207762753
-0.851283631102779,-0.826944601495743,0.024339029607036045
0.872908408799199,0.8592538023347687,0.013654606464430286
0.3872117186577466,0.36403628005498667,0.023175438602759946
0.20691821049789835,0.1872470300329607,0.019671180464937654
0.11626173159319217,0.10740449673036327,0.008857234862828897
-0.7375619602583623,-0.713544308303211,0.024017651955151265
-0.9674427693159041,-0.940169035645207,0.027273733670697076
-0.42736516546090164,-0.4078507404392764,0.01951442502162526
-0.6030243365759989,-0.5811699213667969,0.02185441520920195
0.2491394232487928,0.25065085734255815,0.0015114340937653625
-0.5310202353152534,-0.5035916650394564,0.027428570275797037
-0.02979682394197083,-0.039451925551467266,0.009655101609496435
-0.9512420805677089,-0.9266670403653978,0.02457504020231105
-0.11816902885303673,-0.13074021612980194,0.012571187276765206
-0.5147630351114502,-0.493988867174126,0.020774167937324173
-0.8670035408938289,-0.8525284805663822,0.01447506032744672
-0.8898937204613357,-0.8563944720616261,0.033499248399709636
-0.7820011268616736,-0.7526490800043107,0.029352046857362812
0.18971500041816966,0.1930471687782446,0.0033321683600749386
0.8351089471102373,0.8172921536515717,0.017816793458665603
0.9160076469054356,0.9018772138594723,0.014130433045963287
-0.2202002159153276,-0.22840542563361665,0.008205209718289058
-0.2952315667293124,-0.30373256775051594,0.008501001021203547
-0.9686487276371265,-0.9531955890414178,0.015453138595708737
0.7955430338122947,0.7648068537780938,0.030736180034200977
0.9162531781665095,0.9000962071905002,0.01615697097600932
-0.9658191997258772,-0.9431537936236819,0.02266540610219525
-0.6916400246897783,-0.6682571953646833,0.023382829325094945
0.32861354531488574,0.31278719189701926,0.01582635341786648
0.10921359297560691,0.12139684497305915,0.012183251997452238
0.5077614550024672,0.5079384429011035,0.00017698789863629383
-0.17084657343658427,-0.1581769523604519,0.01266962107613237
-0.884061337595021,-0.865867291312841,0.01819404628218002
0.8673339219909173,0.8398847475390175,0.02744917445189976
0.9659549738766224,0.9429054444496331,0.023049529426989346
0.751393989024262,0.7405446464649992,0.010849342559262842
-0.9463782687695373,-0.9218570295381867,0.024521239231350633
-0.644050817752581,-0.6325067546180616,0.011544063134519389
0.9650651562294886,0.9378616461834044,0.027203510046084234
-0.5183679984226327,-0.49779881533495796,0.020569183087674747
-0.9503598605218032,-0.9298172359954753,0.020542624526327935
0.7573824412949327,0.7424865236442683,0.014895917650664448
-0.700759280165746,-0.6811551451986412,0.01960413496710478
-0.7282194833332466,-0.702921742079954,0.02529774125329265
-0.9207922318322561,-0.9060407109382509,0.014751520894005221
-0.08376103928200763,-0.0722029502322856,0.01155808904972204
-0.8482322656736306,-0.8164920395440107,0.03174022612961991
-0.5270174646384098,-0.5279206241859205,0.0009031595475106347
0.41570820916504436,0.4123062059205296,0.003402003244514784
-0.9198881398334543,-0.8970449566705457,0.022843183162908565
0.016748629784515464,0.028821719935227457,0.012073090150711993
-0.4324486628347792,-0.4161408634080771,0.016307799426702074
0.9566660602103689,0.932849147499469,0.023816912710899918
0.2131615242957328,0.20465371617760195,0.008507808118130844
0.6387538918474642,0.6108672936004516,0.027886598247012673
0.35183940883222853,0.3539030468849754,0.0020636380527468967
-0.9457033952541257,-0.9253824787623531,0.02032091649177259
0.9626352266910727,0.9390401083099378,0.023595118381134927
-0.9675782252989736,-0.9383719477539088,0.029206277545064885
0.9288863097224678,0.913623168378667,0.015263141343800801
-0.5062478293536798,-0.48518014705380136,0.021067682299878487
-0.9553749943762415,-0.9317355773521032,0.0236394170241383
-0.08658582500979786,-0.08353579351774489,0.0030500314920529764
0.21977712948424316,0.2144987184710389,0.005278411013204254
0.9576019627081837,0.9298959211660173,0.027706041542166382
-0.2949099388419018,-0.2962599436776024,0.00135000483570058
0.9475704977217119,0.9255236414799256,0.02204685624178626
-0.9596864910385552,-0.9402528709097302,0.01943362012882499
-0.7516736994008605,-0.7378221224247162,0.013851576976144253
0.2935614773800016,0.2947506578484681,0.0011891804684664997
-0.5321944793157856,-0.5328011758508633,0.000606696535077722
0.05659277063162113,0.07041835196905842,0.01382558133743729
0.6733692066406679,0.6623982076483986,0.010970998992269276
0.9106564083289332,0.8847370316041807,0.02591937672475253
-0.28487189409669755,-0.28846850568565097,0.0035966115889534134
0.1561594427284997,0.1592833304560893,0.0031238877275896193
-0.8182265940468741,-0.7880278036781827,0.03019879036869144
-0.8168708113646236,-0.8038169962443134,0.01305381512031023
0.5623327520671854,0.5382283148171392,0.024104437250046185
-0.051627215221496166,-0.040471539207133776,0.01115567601436239
0.3221929993953975,0.3031748619022883,0.019018137493109155
-0.9190662620775503,-0.8984144787552283,0.02065178332232198
-0.09648463168851375,-0.10694877640938524,0.010464144720871496
0.43237707124672015,0.4179944868455799,0.014382584401140264
0.9694150807419312,0.9421684802560985,0.027246600485832717
0.9658475449021721,0.9396455117823528,0.02620203311981928
-0.7566726504499672,-0.7458170569341743,0.010855593515792905
0.5662368063311852,0.5433261348442834,0.022910671486901846
-0.8601311121370837,-0.8434953216833015,0.016635790453782162
-0.5338339301611761,-0.5133836197655108,0.02045031039566525
-0.8935981710564678,-0.867790284200755,0.02580788685571278
-0.9299274182745835,-0.9042540794047098,0.025673338869873663
-0.9539759134958414,-0.9213243178199465,0.03265159567589493
0.01194100382486644,0.0038344002906740833,0.008106603534192356
0.05845644753374613,0.046792315143425946,0.011664132390320187
0.8266960186152688,0.7976243108905622,0.029071707724706575
-0.7635307527353279,-0.760361800631638,0.003168952103689837
0.9640130829362685,0.9395052945854158,0.024507788350852766
-0.6554642827138889,-0.6458760492592321,0.009588233454656758
-0.880461928538898,-0.8512894404397028,0.02917248809919526
-0.04149120501586744,-0.05265685671296992,0.011165651697102479
-0.9597398003204862,-0.9303963195729348,0.029343480747551443
0.5945926674876252,0.5686209486736379,0.0259717188139873
-0.8855827331414451,-0.8642137624562723,0.02136897068517274
-0.03504500313332197,-0.04642518614490928,0.01138018301158731
0.47133184743709255,0.44882600192105615,0.022505845516036405
0.9613804783757418,0.9331992025961525,0.028181275779589288
-0.3736090287412915,-0.37678206820443366,0.00317303946314218
-0.5324513942638167,-0.5046924310720329,0.027758963191783836
0.8648780626235283,0.8511388308556026,0.013739231767925686
0.5507103394605127,0.5255726364588345,0.02513770300167828
-0.9430830262762777,-0.9181767313635032,0.024906294912774518
0.8291724725154275,0.8001789920484191,0.028993480467008337
-0.1578442444639764,-0.1637838068680524,0.005939562404076004
-0.5486103007162693,-0.5432782057993202,0.005332094916949082
0.9351876559575926,0.914722924254634,0.020464731702958594
-0.9328371063394121,-0.9063384813008178,0.026498625038594237
0.7384273941812264,0.7137566827668291,0.02467071141439725
-0.25391102678660843,-0.23924996465230608,0.01466106213430235
-0.9689563739743838,-0.9412101999391098,0.02774617403527402
0.31616564717440027,0.3188285992150827,0.0026629520406824536
0.8501112152037933,0.8402513730520822,0.009859842151711096
-0.948773865972113,-0.9351602860272,0.013613579944912968
0.2097575231551578,0.21592413727358137,0.0061666141184235634
0.12959805968659133,0.11302521382464889,0.016572845861942437
0.051690228443077496,0.036247678019161234,0.015442550423916263
0.8404589019219689,0.8227784794127929,0.017680422509176008
-0.8208465839726321,-0.7923028693484472,0.028543714624184924
-0.9509685542902069,-0.9304457802639007,0.0205227740263062
-0.5731369866939245,-0.5502772716865819,0.02285971500734263
0.6530723780955361,0.6434315118869145,0.00964086620862159
-0.6161437466497393,-0.5922508938123764,0.023892852837362866
0.26315664827057245,0.26641800320437176,0.0032613549337993097
0.9333376827016618,0.9039783466660365,0.02935933603562535
0.8338493525325033,0.8202562027109787,0.013593149821524597
-0.41566046442444965,-0.420023084271173,0.00436261984672337
0.6977381374743638,0.6680809919171748,0.029657145557188902
0.1979585327616463,0.20738172086641357,0.009423188104767277
0.6495818605219338,0.6439669934881429,0.005614867033790882
-0.3334329472581969,-0.33044461421764254,0.0029883330405543473
-0.953485373219649,-0.9293278822277092,0.024157490991939756
-0.14361521706842986,-0.15068952514620038,0.007074308077770514
-0.1752950758508655,-0.17676545156144424,0.0014703757105787307
-0.28335595782972234,-0.2668488295516421,0.016507128278080263
-0.5876630592718554,-0.5656440225523068,0.022019036719548524
-0.14108751935142697,-0.12202206075503638,0.019065458596390583
-0.8275742938260886,-0.813607333064987,0.013966960761101599
0.8861953423789597,0.8706810228627611,0.015514319516198638
0.9625563211981586,0.940192416082777,0.022363905115381555
0.3638846739714033,0.3450784037783114,0.01880627019309189
-0.5731505266512432,-0.5667236439920408,0.0064268826592024375
0.3430110877199133,0.3443538781660154,0.0013427904461021378
0.1372072279504352,0.12995445198090017,0.007252775969535025
-0.5038199074883064,-0.4996209909391552,0.0041989165491512215
-0.5028151362362664,-0.48038211319876545,0.022433023037500943
0.08362228756674721,0.06456191640242541,0.0190603711643218
0.9156141882685246,0.8920999106924253,0.02351427757609925
0.4399665272341008,0.41801614066509357,0.02195038656900722
0.4953971397519294,0.4730775149040512,0.022319624847878194
-0.24161467334028564,-0.24330642518685403,0.00169175184656839
0.823437584076019,0.7969913937635482,0.026446190312470752
-0.938096681491538,-0.9232536439358113,0.01484303755572669
0.7660512958000124,0.7530279936954781,0.013023302104534284
0.848469048095409,0.8353372632513807,0.013131784844028327
-0.16478197438189632,-0.176485620164928,0.01170364578303168
-0.7665587351575323,-0.7517841834563929,0.014774551701139393
-0.9205637928687955,-0.8968699031591273,0.023693889709668237
-0.4469098276292176,-0.4115211113739018,0.03538871625531581
-0.14661052688326526,-0.12974687295530887,0.016863653927956385
-0.6469200575954791,-0.6394552853570187,0.0074647722384604265
-0.2839470298097832,-0.26755386990253366,0.016393159907249544
-0.9653687961331888,-0.9368886004420169,0.028480195691171883
-0.2596607220085511,-0.2636443489507607,0.003983626942209606
-0.9447596840207257,-0.9166303448442826,0.028129339176443113
-0.7396631455820949,-0.7160315829817968,0.023631562600298084
0.9013884131121842,0.8726133518958575,0.02877506121632667
-0.008256634658634753,0.0013857751264549465,0.0096424097850897
-0.6684733305176881,-0.6392245134577597,0.029248817059928434
0.2805398853061495,0.26366918767053527,0.016870697635614218
0.8189473650011964,0.7881252333310467,0.03082213167014969
-0.11734713215277148,-0.10290982013046716,0.014437312022304319
0.6273348257724143,0.6164375273225461,0.010897298449868198
0.05879665850527691,0.04551777252617678,0.013278885979100132
-0.7811810162560672,-0.7749745775196336,0.006206438736433562
0.9387204580050328,0.9167789540951754,0.021941503909857385
0.6356928759976979,0.62352863233628,0.012164243661417884
0.9007077185312969,0.891031301706979,0.009676416824317968
0.5743847049326966,0.5504661094462036,0.023918595486493
0.628397598624372,0.6165192021605229,0.011878396463849028
-0.8064118611508461,-0.791984557100623,0.014427304050223078
-0.6514462522445272,-0.6240585881311681,0.027387664113359134
0.03959242648519528,0.026233900078964662,0.013358526406230618
-0.9104593254890198,-0.8804060723944509,0.030053253094568855
0.5845423341819184,0.5594137360548358,0.02512859812708257
-0.9627318952635494,-0.9349590818909334,0.027772813372616056
-0.9651117740180541,-0.9403296739731887,0.024782100044865474
0.3860618743538737,0.3725732663622982,0.013488607991575474
-0.9680321323884482,-0.9463151622714773,0.021716970116970935
0.9400646099631388,0.9148311395402834,0.025233470422855397
0.5899462112206085,0.5872236919888071,0.0027225192318014457
0.383514519928907,0.38157046455438404,0.0019440553745229683
-0.5618127147958509,-0.5575503060045093,0.004262408791341654
0.49704888077981657,0.4775359973289519,0.01951288345086466
-0.37008943161450686,-0.3740266493154351,0.003937217700928253
0.9326378025480755,0.9163219109034887,0.0163158916445868
-0.3811875965317304,-0.3620478011675685,0.019139795364161882
-0.8761004223127392,-0.852667034743633,0.02343338756910618
0.3235898795883811,0.32439276771995834,0.0008028881315772507
0.9687468610644359,0.9494714785273085,0.01927538253712735
-0.3066208827834083,-0.3104233479146481,0.003802465131239774
-0.17961302909265497,-0.18385546987675294,0.004242440784097967
-0.5121943202273882,-0.49207216228816364,0.02012215793922456
0.5639166486244522,0.5387044649969036,0.025212183627548623
0.9412891500342214,0.9135174268526,0.027771723181621466
-0.9331649930914475,-0.9027400356628066,0.03042495742864093
-0.7404097789077264,-0.7165541930624801,0.023855585845246274
-0.3817535559131966,-0.3795509285003374,0.002202627412859204
0.5143834067389403,0.5125303640089436,0.0018530427299967567
-0.6981363773025772,-0.6884422057361287,0.009694171566448473
-0.27832759908795496,-0.2571541101159277,0.021173488972027255
-0.037799478015205557,-0.023806745293217173,0.013992732721988383
-0.36234647077593946,-0.34630510412198445,0.016041366653955003
-0.9266863656923102,-0.8957821506248259,0.03090421506748431
0.36955212690225,0.35158396573513157,0.017968161167118413
0.04681417588671243,0.058469626809419084,0.011655450922706652
-0.8363778377500011,-0.8139324204134512,0.022445417336549922
0.715122252305798,0.6886681861170496,0.02645406618874835
0.36124439950320686,0.36655386114461713,0.0053094616414102735
-0.26127471268317803,-0.26648677640334184,0.0052120637201638065
0.4251635409110559,0.4025230928674709,0.022640448043585004
-0.34447370042220804,-0.3232840526057704,0.021189647816437618
-0.920772718303274,-0.9029860582348677,0.017786660068406346
-0.9619151010728271,-0.9390390358871414,0.022876065185685635
0.7374333142492526,0.7071228261067147,0.030310488142537895
0.21787752853815665,0.21729824025422165,0.0005792882839349978
0.2833108996923549,0.2655073480166949,0.01780355167566
0.25298840514618426,0.2406016423692307,0.012386762776953553
-0.30960114432498054,-0.3023071352000245,0.007294009124956036
0.9689214181580872,0.9387923748918966,0.03012904326619059
-0.7533583026239403,-0.7292271386375003,0.024131163986439996
-0.4217530585338567,-0.3977295233967605,0.024023535137096208
-0.9553398596134246,-0.9304705919701615,0.024869267643263138
-0.06159005831349244,-0.05497809902496898,0.006611959288523463
-0.3248594773529723,-0.3008939492727003,0.023965528080272025
-0.5773388872810444,-0.5496507118325757,0.027688175448468688
0.47926407536745397,0.46612602956016286,0.01313804580729111
-0.00013985968219204262,-0.011830260573104883,0.01169040089091284
-0.21691606257014304,-0.2203063564373263,0.0033902938671832583
0.9613127814434773,0.9367238202333616,0.024588961210115667
-0.7081443151104537,-0.6855362167963209,0.022608098314132796
0.05509276264897571,0.04081927747297025,0.014273485176005463
0.8351568943130265,0.8201226764700328,0.015034217842993747
-0.37751260945005227,-0.3752088495555749,0.0023037598944773974
0.15651192526441035,0.16075013894098028,0.00423821367656993
0.7038354159568031,0.682500687273809,0.02133472868299413
-0.11674970688151927,-0.10251532148773156,0.014234385393787713
-0.6824831873677241,-0.6796762259885041,0.0028069613792199855
0.5039357717714412,0.48023276997371617,0.023703001797725054
-0.6044353359347476,-0.5770448332743451,0.02739050266040255
-0.6964388903822935,-0.6670430271346632,0.029395863247630216
0.5794415846309114,0.5565864044709647,0.022855180159946697
-0.18668409154493104,-0.17168903863443333,0.014995052910497714
-0.8342877911037555,-0.8155662174656451,0.018721573638110445
-0.9596568843365393,-0.9454631432641019,0.014193741072437427
-0.2805532025083618,-0.27144722237192576,0.009105980136436043
0.6305761123967577,0.6262311094009376,0.00434500299582008
0.021815270550835774,0.028061510126559844,0.00624623957572407
-0.3989520551673526,-0.3744813296040752,0.024470725563277396
0.9507619350546408,0.9264433717184313,0.02431856333620952
0.2477543448701376,0.2506043870827255,0.002850042212587889
-0.5950344131629935,-0.5730750618314925,0.021959351331501065
-0.9488172006322055,-0.9252754975778937,0.023541703054311802
-0.5870149724058633,-0.5591008428324081,0.027914129573455182
0.9657143131133397,0.9387064400099163,0.02700787310342334
0.761230783823317,0.736866617246079,0.024364166577237945
0.8110476899843702,0.800475655376518,0.010572034607852165
-0.1638910086847735,-0.1464224827532953,0.017468525931478185
0.8320190048957181,0.8140542876059623,0.017964717289755794
0.8905243961153563,0.8806213261080562,0.009903070007300063
-0.7484772149934573,-0.7334046336510219,0.015072581342435387
0.6556212063387509,0.6339301050252416,0.021691101313509265
0.8245723693010409,0.8082749009981258,0.01629746830291512
0.6632258207060631,0.6397650426542408,0.02346077805182223
-0.38931124938318434,-0.39409572216612704,0.004784472782942695
0.23826989385407854,0.248943147826496,0.010673253972417446
-0.8733611361376488,-0.8535960647311566,0.019765071406492196
0.047222255790015606,0.03206860996482567,0.015153645825189938
0.9066313759715848,0.8753825121551689,0.031248863816415895
0.8461840797101724,0.8188709366773932,0.027313143032779208
-0.9048027337788324,-0.8951503705529967,0.009652363225835625
-0.6836310042680271,-0.6605619929949967,0.023069011273030404
-0.9605077593954331,-0.9464288149359965,0.014078944459436582
0.8777541083784532,0.8662522582209915,0.011501850157461746
-0.18138210001501,-0.18936526777164647,0.007983167756636461
0.6219124753135432,0.5956464372471921,0.026266038066351083
-0.8569391573702975,-0.8306624594997688,0.026276697870528665
0.11231199526581147,0.11548533455609128,0.0031733392902798113
-0.8630442548803663,-0.837952143162574,0.025092111717792243
-0.14345589257354247,-0.15206697795946772,0.008611085385925255
-0.5335149695991005,-0.5385737788317685,0.005058809232667993
0.7028944024773324,0.6751837581541382,0.027710644323194145
-0.9547800846315327,-0.935416305683057,0.01936377894847574
0.4149230833518486,0.40987826876268457,0.005044814589164004
0.8666428535177176,0.8538831145771066,0.012759738940610998
0.5008511446809858,0.47843468866499467,0.022416456015991126
-0.5181578292848547,-0.5137153644565902,0.004442464828264492
-0.34195572374148786,-0.3273616641272872,0.014594059614200683
0.76429847105448,0.7520549484120264,0.012243522642453653
0.25568614893024383,0.23503641814219353,0.020649730788050297
-0.23289185083709865,-0.21860103256407076,0.014290818273027889
-0.825553797129222,-0.8011922474712185,0.024361549658003412
-0.8474854292764209,-0.8333727562442984,0.014112673032122491
0.5197136104206135,0.5153053056735779,0.004408304747035574
0.17411288425070992,0.158246254706904,0.01586662954380591
-0.8607284660024066,-0.8343974350577933,0.02633103094461331
0.8517385678053362,0.8251087054829517,0.026629862322384512
0.5398533693901589,0.5381466787851136,0.0017066906050453579
0.7403282502745023,0.7315925017631472,0.008735748511355168
0.29787961236276383,0.29988621068410815,0.0020065983213443106
-0.7561083248117565,-0.7451318349649173,0.010976489846839188
0.865219923872456,0.8275405560940367,0.037679367778419404
0.03575593247128645,0.03513999968470804,0.0006159327865784131
-0.8133617784650565,-0.7955058993748478,0.017855879090208693
0.7397436548895169,0.7130728465100107,0.026670808379506195
0.015686803337733323,0.029180839369537397,0.013494036031804074
0.06654332360842047,0.057961979330568604,0.008581344277851864
0.11632507502754307,0.128397710766942,0.012072635739398943
0.5662736545843606,0.5573420134861791,0.008931641098181564
-0.823674604837539,-0.8180204391816426,0.0056541656558963815
-0.3473804454386766,-0.35284809833344577,0.005467652894769193
-0.5187504311242398,-0.49807900455415555,0.02067142657008425
0.10557512158240158,0.09119161450005142,0.014383507082350158
0.8988003446343482,0.8766742292938249,0.022126115340523334
0.058329102854769235,0.041831329900046885,0.01649777295472235
-0.3216003720494444,-0.3019129673755614,0.019687404673883024
0.8066498319883058,0.801686615055469,0.004963216932836745
0.10541236322823266,0.08818333927791558,0.017229023950317085
-0.46268526753892586,-0.4646940278839769,0.0020087603450510416
0.8073146296687324,0.787307635300042,0.020006994368690356
-0.7128568960480627,-0.6924213007591468,0.02043559528891592
0.9548339262493091,0.9323873213810844,0.022446604868224695
-0.14840150254535317,-0.1364330509748049,0.011968451570548266
-0.45331049228816295,-0.45568425662812356,0.0023737643399606156
0.8295276430115892,0.8150982080466435,0.014429434964945753
-0.7677593589744658,-0.7594974555030468,0.008261903471418974
0.16818389779582255,0.15279876184914987,0.015385135946672679
-0.8370825932708592,-0.8118782357639328,0.0252043575069264
0.9100072749673543,0.8807299295144593,0.029277345452895065
0.9308024213150108,0.9082132642623572,0.02258915705265363
-0.8267876285391711,-0.8132901460864044,0.013497482452766718
-0.17160207701376817,-0.15597317274657474,0.015628904267193433
-0.4119291700897964,-0.41448076031066294,0.0025515902208665397
0.15323632843060667,0.1371773219989994,0.016059006431607264
0.06350973358817552,0.06336198974338822,0.0001477438447873014
0.8469243848138298,0.8176714101602082,0.029252974653621644
-0.9663805531519177,-0.9475749282046134,0.01880562494730431
0.1457252024987142,0.12686490263744313,0.01886029986127108
0.6006040882303574,0.5950036317459652,0.005600456484392224
0.15333497432021728,0.13731954215139927,0.01601543216881801
-0.40159010018311136,-0.39895996955103036,0.002630130632081007
0.708613440730544,0.678728970742807,0.029884469987736972
-0.9331704250728031,-0.9139936560927788,0.019176768980024295
0.29005176662668963,0.2906236633322349,0.0005718967055452495
-0.192279415764655,-0.20053057032980318,0.008251154565148189
0.7776372004801185,0.7499463562115916,0.02769084426852697
0.5386130236931463,0.5131467459561274,0.025466277737018927
0.6111917277051849,0.5838177172347955,0.027374010470389454
0.7299427782890548,0.7204349680479675,0.009507810241087378
0.5512502548429953,0.5356927336536222,0.015557521189373036
0.4124671141637479,0.38835171526406753,0.024115398899680396
0.11176089416965992,0.1218280163680008,0.01006712219834087
0.872074200981577,0.8603689579928328,0.011705242988744202
-0.6650732820172484,-0.6423298551398415,0.022743426877406825
0.04900252943415474,0.05845521196045803,0.00945268252630329
-0.04098026817367539,-0.031044002016089405,0.009936266157585982
-0.6656256564512684,-0.6421957446166098,0.02342991183465859
-0.6573716286321415,-0.6420208190905301,0.015350809541611388
-0.7122639173536931,-0.6984726748429949,0.013791242510698187
0.6652429243760857,0.6593516644869512,0.005891259889134526
0.8531758826055753,0.8323053961929389,0.020870486412636446
-0.22363812481668868,-0.22988056263342435,0.006242437816735669
0.5380132659658535,0.5185493870458968,0.019463878919956712
-0.8034342265792374,-0.7787768646933418,0.024657361885895512
0.8349380669226881,0.8159774598957178,0.018960607026970333
0.8981427547362182,0.879855412072954,0.01828734266326415
0.7109745854850335,0.6963890900266212,0.014585495458412256
-0.12837294850335898,-0.13996405626854388,0.011591107765184905
-0.1966451691650226,-0.18760633794114565,0.009038831223876942
-0.44934534486876554,-0.43081266316241296,0.018532681706352583
0.6811462034087322,0.659931624093966,0.021214579314766224
-0.031219061486375224,-0.01262333759751831,0.018595723888856913
0.7803528738137072,0.752852695192635,0.027500178621072235
0.9650517265358736,0.9444318165555848,0.02061990998028873
-0.60761581223038,-0.5815364165147382,0.026079395715641773
0.9565983819131303,0.9289991392422621,0.027599242670868218
-0.26746662522403347,-0.24773521577374374,0.019731409450289727
0.6924038598670001,0.6845782936622647,0.007825566204735401
-0.12863168887883547,-0.14024075995845908,0.011609071079623612
-0.6465710894534804,-0.6263887713355045,0.020182318117975884
0.1548724987281376,0.16073942281629436,0.005866924088156755
-0.24133425890777424,-0.24318804504609068,0.0018537861383164378
0.5111871375365636,0.49752828064032156,0.013658856896242078
0.5681260042547099,0.5647773237494903,0.0033486805052196367
-0.732407620856923,-0.7084732679185206,0.023934352938402403
0.9671239038575399,0.9419791673324375,0.025144736525102407
-0.4713773724177762,-0.47338154305018254,0.0020041706324063213
0.9661422825552437,0.9382552373936586,0.027887045161585133
-0.08057255971268287,-0.0707665184823365,0.009806041230346368
0.4321538287265112,0.408867581545393,0.023286247181118214
-0.471034682824324,-0.4506672481318815,0.020367434692442454
0.255524283599612,0.26060709524014825,0.0050828116405362556
-0.8962300950265992,-0.8711778992854667,0.025052195741132488
-0.3884848151717707,-0.37011381955361883,0.018370995618151864
0.45568741024829523,0.4353141796064266,0.020373230641868634
-0.9624858906016331,-0.9385529669773242,0.023932923624308988
0.6194059638935404,0.6110334861514863,0.008372477742054074
-0.812870872763616,-0.8018876003141814,0.010983272449434645
-0.29453493567185535,-0.29556279104052235,0.0010278553686670078
-0.9117407304901342,-0.9018671403937686,0.00987359009636557
-0.43848193390049195,-0.4374535435556004,0.00102839034489155
0.8697446473034861,0.855684590085498,0.014060057217988087
0.847809576444617,0.8111606957234104,0.036648880721206534
-0.08153858909331432,-0.0640969719153081,0.017441617178006227
0.9436504498358035,0.9155350496274425,0.028115400208361008
0.27884809727112364,0.26741659246906735,0.011431504802056291
0.4358070304935139,0.4161680633606238,0.019638967132890095
-0.45525848880642494,-0.43595802562081704,0.019300463185607908
0.8158638031277596,0.8047755428599501,0.011088260267809513
0.17557283634780274,0.16499737764847403,0.010575458699328716
0.8892150803349942,0.8747690044857316,0.014446075849262607
-0.9275728681861688,-0.9028344300418125,0.02473843814435628
0.43620143387962523,0.4285879478582561,0.007613486021369131
-0.35687428362592183,-0.35963459047112495,0.00276030684520312
-0.9552654920862615,-0.9344817619726921,0.020783730113569487
0.9548650793423868,0.9346735076369155,0.020191571705471367
-0.5002313238799505,-0.49380688854890437,0.006424435331046141
0.8229580472512295,0.794170280288974,0.02878776696225549
0.8987144380047606,0.876879524983641,0.021834913021119617
-0.44043406918639527,-0.4154508103864095,0.024983258799985752
-0.6737929529415864,-0.6620012203942212,0.011791732547365208
0.1604997156022917,0.17218689618400787,0.011687180581716167
0.4271737021165915,0.42278640345411467,0.004387298662476835
-0.04451378431416729,-0.05270603468793495,0.00819225037376766
0.6451197651563944,0.6338463457915536,0.01127341936484072
-0.8904556765292827,-0.8576201204683345,0.032835556060948234
0.31701183415538353,0.302921053530873,0.014090780624510524
0.5148513924143628,0.5097343736258961,0.0051170187884667095
-0.39413616886182146,-0.39273535505067203,0.0014008138111494262
0.951345350811821,0.9310238345810566,0.02032151623076439
-0.8971621000218004,-0.8734509541033888,0.023711145918411614
0.5562359064607308,0.5449440437835257,0.011291862677205167
0.5574631809384428,0.5304036862194983,0.027059494718944532
0.09055047859745419,0.10352228737449147,0.012971808777037283
-0.256642556148397,-0.26429506318135887,0.007652507032961886
0.9273722935447148,0.9008719138852935,0.026500379659421314
0.6175364701622377,0.5953165863019669,0.02221988386027074
0.9048295900660758,0.88625730230244,0.01857228776363573
-0.8580191633982333,-0.8488847452548155,0.009134418143417755
-0.6889427388724947,-0.6785140934066166,0.010428645465878073
0.5268697334625996,0.5066581210795311,0.020211612383068456
-0.5424627638131706,-0.5359832902576445,0.0064794735555261385
0.19393916947723547,0.17893492723642904,0.015004242240806431
-0.03410594787930638,-0.017946014256133378,0.016159933623173004
0.9456079146789083,0.917160642807246,0.028447271871662294
0.10383844780520404,0.08737203840125894,0.0164664094039451
0.9678159643213807,0.9339383391559134,0.03387762516546733
0.9389049141043242,0.9075637183655725,0.031341195738751715
0.8472214638930132,0.8295464100871978,0.017675053805815466
0.22946620275432902,0.2311408052738532,0.001674602519524171
0.022499850929381896,0.0352532372942294,0.012753386364847501
0.35702917852092064,0.33103267027959016,0.025996508241330485
-0.1655438644056364,-0.17038877288501897,0.00484490847938257
-0.8496858179938772,-0.8353361861190944,0.014349631874782776
0.5476512977385096,0.5261251425189094,0.021526155219600218
0.9685606064387944,0.9430777941028309,0.0254828123359635
-0.3620473918081858,-0.34938039021218065,0.012667001596005145
-0.7748847373606684,-0.7590231281722868,0.015861609188381642
0.2329618971786911,0.22871395780359866,0.0042479393750924355
0.13079713418884667,0.11548756781833139,0.015309566370515282
-0.6336449157532225,-0.6253856182306181,0.008259297522604347
0.6356928754416558,0.6321257770031433,0.0035670984385124394
-0.23141742077962002,-0.22994844615011742,0.0014689746295026007
0.9478047764923385,0.919963823968582,0.027840952523756513
-0.9205637914672291,-0.9028326315125825,0.01773115995464658
0.9584401304636997,0.9344576731084178,0.023982457355281928
0.22456126036602866,0.2296869353864566,0.005125675020427933
0.2402719668934457,0.22812889577970988,0.012143071113735832
-0.025447367621000947,-0.016479530850088856,0.008967836770912091
0.5535796197258525,0.5523926680111234,0.0011869517147290454
0.46229537196679227,0.4578928544059316,0.004402517560860686
0.5709494353096596,0.5452022282011595,0.025747207108500092
0.6669338584878319,0.6567692361404928,0.01016462234733917
0.2512580025391246,0.2312880804057772,0.019969922133347418
-0.7780300899655237,-0.7641418569336599,0.013888233031863817
-0.2597740706511258,-0.2385829208632018,0.021191149787923996
-0.9554051142249765,-0.9375548096023063,0.017850304622670232
-0.9670110409998242,-0.9452480921030278,0.021762948896796308
0.9231630306476377,0.8944364495056533,0.028726581141984453
0.5650214693713643,0.5383894992120172,0.02663197015934715
0.765377676451272,0.7500683667971756,0.015309309654096381
-0.5023958585027072,-0.48159634271658736,0.020799515786119827
-0.5933247963540956,-0.5919275737501709,0.0013972226039247193
0.7730344049020905,0.7606582363898509,0.01237616851223966
0.7628591342536121,0.7559247880310065,0.006934346222605581
0.9024125789100761,0.8848692537612118,0.017543325148864253
0.7927855343542559,0.7626612874946218,0.030124246859634107
0.15011384391985863,0.15268671079213209,0.002572866872273455
-0.8300670406046127,-0.8130464357951452,0.017020604809467432
0.08747350618844098,0.08330209208521422,0.004171414103226759
0.1521512784186803,0.14368224283170822,0.008469035586972096
-0.6168558523718167,-0.5938525214416133,0.02300333093020346
0.18317919140220004,0.18974258352366932,0.00656339212146928
-0.9604882352448718,-0.9354836007842089,0.025004634460662922
-0.9641652191489394,-0.9384328039362704,0.025732415212669002
0.9679391212440475,0.9468414303119725,0.02109769093207492
0.029842339461014913,0.03727922117149605,0.007436881710481135
-0.5903093907602581,-0.5680963857408686,0.022213005019389498
0.639306558226842,0.636698705269665,0.002607852957177026
-0.16564458261579698,-0.1521914756114034,0.013453107004393589
0.8400899250662217,0.8094804672583611,0.03060945780786062
-0.2892137655973214,-0.27268226241163207,0.016531503185689356
0.7705980215764361,0.743172688888954,0.02742533268748204
-0.055960639536948936,-0.04613518333717099,0.009825456199777947
0.6534065465219775,0.6307204859830523,0.02268606053892519
0.956671190060688,0.9298236765209587,0.026847513539729362
0.6520012253761387,0.6362298625491158,0.01577136282702285
0.5381135068347176,0.5294225661085349,0.008690940726182705
0.3443532297540263,0.3217909483001887,0.02256228145383765
0.5436782952619148,0.5200689817886349,0.02360931347327988
-0.543255034666143,-0.5401563028049549,0.003098731861188142
-0.44268593559445485,-0.4289992695337766,0.013686666060678254
0.7229630694827351,0.7176619207571777,0.005301148725557425
-0.1522836198439194,-0.16094508352797884,0.008661463684059456
-0.8946408798590011,-0.8662526980123373,0.028388181846663807
0.8882387275536887,0.8576966650851601,0.03054206246852864
0.3225545816223967,0.3246754906902037,0.0021209090678069864
0.5177283880509704,0.5177942900321479,6.590198117750745e-05
0.29040772930826736,0.2910288545610303,0.0006211252527629219
0.9673723735460326,0.9409070511216393,0.026465322424393256
0.28055320124657634,0.26744718620601293,0.013106015040563412
-0.9664474669147667,-0.9434240700075034,0.023023396907263294
0.8209816782610839,0.8106776680388487,0.01030401022223526
-0.523791335003084,-0.5138940191957034,0.009897315807380513
-0.4399034367701495,-0.4357962703480183,0.004107166422131159
-0.18447827016918525,-0.18842859293735903,0.003950322768173781
-0.886044986014366,-0.8537859564419183,0.03225902957244764
0.86541853392388,0.8383433766978787,0.02707515722600129
0.8830372720598642,0.8626116442425378,0.020425627817326375
0.9518043812618026,0.9258739687979246,0.02593041246387795
0.6688314728787639,0.6492831378173195,0.019548335061444377
0.7065886849032779,0.6986913364487188,0.007897348454559028
-0.40366358825679316,-0.3788160115181783,0.024847576738614874
0.7252438465234332,0.7136036549302147,0.011640191593218496
-0.8278884677557841,-0.7982696077400873,0.029618860015696802
0.9661905960649575,0.9446182273707517,0.021572368694205757
0.24600727870254777,0.22459166938435435,0.021415609318193418
0.29273104691981455,0.27085721709765703,0.02187382982215752
0.6644196643123209,0.6601129889717416,0.004306675340579269
0.8197904080257177,0.8168249174053909,0.002965490620326805
-0.027278401415839416,-0.037375766380425904,0.010097364964586488
-0.5261547872786665,-0.4995589594087469,0.026595827869919597
-0.566183838411538,-0.5522667049339955,0.01391713347754242
0.5496074884133701,0.5337158938846291,0.015891594528741004
-0.21587568616467082,-0.20174729556057186,0.014128390604098956
-0.043530572853187094,-0.03334909320611561,0.010181479647071487
0.770436340616273,0.7531578112524623,0.01727852936381069
-0.9618609308935627,-0.9392261853795392,0.022634745514023558
-0.1785027648457162,-0.1592443602415658,0.019258404604150403
0.8131572543942631,0.7960032850655642,0.017153969328698948
0.7176318815684893,0.6937619114389584,0.02386997012953096
-0.7800438930525134,-0.7525291023737878,0.027514790678725642
-0.7475632636314278,-0.745437942606496,0.002125321024931792
-0.6427630597926814,-0.6153072599832512,0.027455799809430248
0.8891446593630795,0.8738402972693841,0.015304362093695456
-0.7972746392948361,-0.7729666358878639,0.024308003406972256
-0.29813971638920655,-0.30596868207629063,0.007828965687084077
0.9465068899714099,0.9245386791509077,0.021968210820502154
0.6710474640302465,0.6626881586636235,0.008359305366622993
-0.031402737075661706,-0.04081008157072679,0.009407344495065084
0.284821380700884,0.2848722890348172,5.0908333933230576e-05
0.1103191560497613,0.11429141139070784,0.003972255340946543
0.6115484212510574,0.5848815030030295,0.026666918248027804
0.14458127330565645,0.14521286343636042,0.0006315901307039629
-0.30652571191745015,-0.2963270731788418,0.010198638738608323
-0.9003279773673064,-0.8832756416599481,0.017052335707358313
0.86942386540288,0.8542374706436945,0.015186394759185484
-0.579868453704633,-0.5578342182998308,0.022034235404802205
-0.4375060096749644,-0.41245973051088575,0.025046279164078644
-0.022689062350083552,-0.03074611639204343,0.008057054041959878
0.9518481897847068,0.9318324632962789,0.020015726488427865
-0.7885766697778235,-0.7633680109098433,0.025208658867980183
-0.2428294755676051,-0.22903538007871707,0.01379409548888802
-0.95968350239113,-0.9363475219127184,0.023335980478411567
0.7304538192794907,0.7032743222342899,0.02717949704520084
-0.07315905276041818,-0.08268865333441316,0.00952960057399499
-0.18704342266136095,-0.182316305697481,0.0047271169638799515
-0.7736910990049795,-0.7487441488757266,0.024946950129252854
-0.4756658770657106,-0.47025824754175505,0.0054076295239555705
0.004923331113523801,0.012397051369714848,0.007473720256191047
0.7147377687702062,0.7057973287896931,0.008940439980513082
-0.8861092172063406,-0.8763315940400296,0.009777623166311034
-0.6478129361752868,-0.6410520451139914,0.006760891061295404
0.212144782046678,0.19158322829590255,0.020561553750775452
0.9365989001217953,0.9077323619946035,0.028866538127191754
-0.2852615847067428,-0.26963673288710266,0.015624851819640129
0.722616854395481,0.6972750960546813,0.02534175834079966
0.3456851825454769,0.3305761290540762,0.015109053491400737
0.4265887696360677,0.4051430790190962,0.02144569061697149
-0.23898127275649228,-0.22066303807734805,0.01831823467914423
0.4638811741539332,0.4462610171535642,0.017620157000369008
0.022837425295077225,0.01638899186711918,0.006448433427958044
0.4404106206373152,0.4221395621414456,0.018271058495869574
0.7652195107644589,0.7550662174437941,0.010153293320664836
-0.7214792127272204,-0.6969369551469958,0.024542257580224547
0.961269166281376,0.9426004842858063,0.018668681995569703
-0.5202503241426959,-0.5219770636346123,0.0017267394919163737
0.8859805728107658,0.8656471838987871,0.020333388911978667
-0.744606347398156,-0.7123524696135345,0.03225387778462152
0.8015934059314451,0.7900361207414897,0.011557285189955468
0.8021031833507297,0.777833520842103,0.02426966250862672
-0.9423861454673343,-0.9173873967761688,0.024998748691165584
-0.3057623842393488,-0.3064728457511021,0.000710461511753302
0.7861990623827755,0.7757222054252999,0.010476856957475578
-0.13696815774235926,-0.1440789951300917,0.007110837387732438
0.14005362507222735,0.12360635672553077,0.016447268346696575
0.21757038101124074,0.22056831308720037,0.002997932075959636
0.5231748428151717,0.5156262717593857,0.007548571055785991
-0.8581927018114304,-0.8261841130690586,0.03200858874237178
0.09003273925561106,0.09599496234008095,0.005962223084469892
0.9491393472489158,0.9215726453972963,0.02756670185161947
0.7398057651750197,0.6993803816619532,0.04042538351306657
0.9633245186459175,0.9361764202264129,0.027148098419504607
0.8972364330531484,0.8667942669747987,0.03044216607834971
0.9637879051672597,0.9428521238744839,0.020935781292775735
0.7576646237496671,0.7319816393752441,0.025682984374423068
0.11135928317199387,0.12391865352953663,0.01255937035754276
-0.7510060616300827,-0.7383907168278929,0.012615344802189732
-0.9544231884143183,-0.9202331661019647,0.034190022312353574
0.717841454684077,0.6896050028282753,0.028236451855801703
0.44993297267475957,0.45196559067461956,0.002032617999859987
0.42006626612363906,0.40051963168892796,0.019546634434711108
-0.9659275698653181,-0.9408809662342831,0.025046603631035058
-0.2231195013706307,-0.20906158758477525,0.014057913785855441
0.9523984066973876,0.9267552626823805,0.025643144015007113
-0.895834913352925,-0.8625925754159671,0.033242337936957855
0.9562436416093847,0.9295513967973975,0.026692244811987176
0.27074514329736576,0.25343066021130695,0.01731448308605882
0.9053760377877276,0.8880142672079748,0.017361770579752744
-0.9014595377131718,-0.8916899806575754,0.009769557055596345
0.16779091123036996,0.17071667661768372,0.0029257653873137612
0.9620706291539841,0.9372694024323244,0.02480122672165974
0.3120785502581661,0.2926807728566313,0.01939777740153481
-0.22458730867428794,-0.22898060889481983,0.004393300220531887
0.909562247893146,0.8939570877488309,0.015605160144315122
-0.44643206181133904,-0.4461016696929339,0.0003303921184051317
0.04659039009601936,0.03543442446618942,0.011155965629829942
-0.9279462632268329,-0.9006743462643831,0.027271916962449794
0.402517064859729,0.380331547586903,0.022185517272825972
0.04661077998074333,0.05777877763224065,0.01116799765149732
0.937185734819535,0.9127145098879585,0.024471224931576496
0.9092712158552718,0.8804442439544676,0.028826971900804188
0.5200589855472119,0.4946865639283685,0.025372421618843344
0.19426491289456918,0.18482677338459194,0.00943813950997724
0.9388502091899181,0.9152886212641277,0.02356158792579044
-0.8366060034463868,-0.8202138688069547,0.01639213463943212
-0.6918714042408325,-0.6680810350677104,0.02379036917312205
0.5056309879363072,0.4963643057254361,0.009266682210871124
0.9171714136785789,0.8975759121337983,0.019595501544780625
0.9681296336285408,0.9442447216343534,0.023884911994187408
-0.14291255523839172,-0.15402860368482238,0.01111604844643066
-0.4060986903833439,-0.38999217512881845,0.016106515254525444
-0.8931961362126348,-0.8615639405828317,0.03163219562980313
-0.9668930653691892,-0.9397730159800983,0.02712004938909085
-0.9593433197924418,-0.9325704401972318,0.02677287959521002
0.9605893111136867,0.9411278669318314,0.01946144418185536
0.45081014714618106,0.452255474844658,0.0014453276984769392
0.9693807321406467,0.9427569874090328,0.026623744731613885
0.941664742061671,0.9185024852497781,0.02316225681189288
0.8171107544419398,0.8041412288385746,0.012969525603365173
0.852850893362097,0.824873440792316,0.027977452569781014
0.0759447420175914,0.06273515388982806,0.013209588127763336
-0.6372037949875501,-0.626525374284045,0.01067842070350511
0.9626680278701572,0.9525262487477818,0.01014177912237535
-0.37623045884732403,-0.37112392727453614,0.005106531572787898
-0.18048124639124705,-0.1603697679182279,0.02011147847301914
0.5003881676962918,0.49810128853962116,0.0022868791566706403
-0.5612240141690251,-0.5582933747041985,0.0029306394648266343
0.07618342875289731,0.08492993587323587,0.00874650712033856
-0.7794903432824345,-0.7532716986854121,0.02621864459702239
-0.09405984032919266,-0.08292817112732179,0.011131669201870878
-0.06385471457644853,-0.07506336947257695,0.01120865489612842
-0.14539968457371621,-0.14287747570639903,0.0025222088673171883
0.4882033788817522,0.46369191853894864,0.024511460342803548
-0.817531608799809,-0.8041204928027681,0.013411115997040923
0.9303887811390655,0.9129425771957571,0.017446203943308425
-0.3831602114530516,-0.3782787563229094,0.004881455130142209
-0.6484859780816575,-0.6386948904080744,0.009791087673583165
0.8657219794367937,0.8501928562080086,0.015529123228785191
0.7413464687153904,0.7299805433512007,0.011365925364189788
-0.854624279195147,-0.836314363566771,0.018309915628376028
-0.3703225159074447,-0.34748796025585577,0.022834555651588928
-0.7979782213526526,-0.7707633377950457,0.027214883557606928
0.032202502838639804,0.04105886112427388,0.008856358285634074
0.015053443587208316,0.006284552814057099,0.008768890773151218
-0.9638880163036705,-0.9337450264864163,0.030142989817254162
0.9232691944942693,0.892635471872653,0.030633722621616233
-0.6763997183937541,-0.6519495830633594,0.02445013533039475
0.6415456378463685,0.6196312969695962,0.021914340876772354
-0.10499362377759403,-0.10779918810132136,0.002805564323727333
0.3505335398322744,0.33732811913161953,0.01320542070065489
0.11736590583890898,0.1296484850633697,0.01228257922446073
-0.4994199213669888,-0.4989500998721608,0.0004698214948279933
-0.669376196860678,-0.6465959180793398,0.022780278781338148
-0.27478314747857124,-0.26013302308858766,0.014650124389983588
0.05763445635078159,0.04151088498139103,0.016123571369390563
-0.43373725723934947,-0.40785554692368753,0.025881710315661943
0.36780481944064897,0.34736907918822285,0.020435740252426116
0.6109859308953495,0.584626175747058,0.026359755148291475
0.6567285602559383,0.649521945010152,0.007206615245786252
0.4688051134123513,0.44811410638490745,0.020691007027443864
-0.9568122694513784,-0.9368078059522483,0.0200044634991301
0.8111156617095029,0.8005263843250157,0.010589277384487228
-0.49899528629892115,-0.49804969067419536,0.0009455956247257924
-0.8455241867460916,-0.830776184311353,0.014748002434738616
0.6938611885233404,0.6877218156747053,0.006139372848635194
0.6547515736624797,0.6491600200646114,0.005591553597868337
-0.20388382677290826,-0.21298811116402344,0.009104284391115186
0.9452936482272732,0.9171716783471139,0.02812196988015936
-0.33805597965743084,-0.3418233021205601,0.0037673224631292745
0.8439441307042128,0.8165181521473428,0.027425978556870012
0.4874225977271875,0.4877537209544809,0.00033112322729339505
-0.4026315372366147,-0.37566569719895204,0.02696584003766267
-0.8030879582818301,-0.7811046546714987,0.021983303610331406
0.2066340103222398,0.2096527353723737,0.003018725050133897
0.9499049014672777,0.9220214821360694,0.027883419331208303
0.8684835933545093,0.8483184073442969,0.020165186010212444
-0.07274507502834011,-0.06644757568172262,0.006297499346617497
0.284519983916905,0.28964887916855064,0.005128895251645671
-0.2541002457970392,-0.2574240454757832,0.003323799678743966
0.3012374414495228,0.2900050429540569,0.011232398495465923
0.8809433425850212,0.8665081828156838,0.014435159769337402
0.35402588310002614,0.3590540880099711,0.005028204909944933
0.8286613971607407,0.7999217380553114,0.028739659105429305
-0.43502827040594333,-0.4326027849892946,0.0024254854166487205
0.863948256179528,0.8397611251683323,0.02418713101119563
-0.029868347984245855,-0.03770637772642992,0.007838029742184068
-0.9690537648510342,-0.9532502991529307,0.015803465698103536
-0.4984578728475379,-0.4937266737032269,0.004731199144310971
0.1699657720807321,0.1785721477088225,0.008606375628090385
0.8643377476353586,0.8491174377473969,0.015220309887961747
-0.655373300500567,-0.626027522456747,0.029345778043819992
-0.9695147436455798,-0.9511772476025606,0.018337496043019152
-0.9197828625878846,-0.8928419851404475,0.026940877447437006
0.12447709168811817,0.13629979801125075,0.011822706323132579
0.23984152436283282,0.2431772854299404,0.00333576106710759
0.8527331107448686,0.8391192410833521,0.013613869661516453
0.8453946021603611,0.8213596130423921,0.024034989117968975
-0.13305184982098814,-0.11742485763304729,0.01562699218794085
-0.6872308874155415,-0.6574110927588213,0.029819794656720244
-0.8283610286291195,-0.8148204359340433,0.013540592695076237
-0.9693625604440256,-0.9441139845222809,0.025248575921744676
-0.31285741650870286,-0.29025037539890325,0.022607041109799608
-0.29036827573912927,-0.297875860696648,0.0075075849575187426
0.7793171936347941,0.753536520044906,0.025780673589888115
0.7868114293082576,0.7716832165416577,0.015128212766599924
0.9351280063382343,0.9097263947703496,0.025401611567884785
0.3267752055097074,0.31083363763143323,0.015941567878274165
-0.8360372629252787,-0.8183128535733994,0.017724409351879244
0.7498956006521943,0.7197362844740408,0.030159316178153484
-0.5797124497767985,-0.5574116579013986,0.022300791875399906
0.9303551182050002,0.8954510054800164,0.03490411272498373
-0.7724267117033509,-0.74103906838415,0.03138764331920085
0.23286309483095136,0.23484297014030964,0.001979875309358281
0.5608006920984594,0.5584300554679135,0.0023706366305459303
0.6725880497187847,0.6488691633799855,0.02371888633879926
-0.6723397351366958,-0.6648258477942879,0.007513887342407877
-0.9001141706676345,-0.8680276054378736,0.032086565229760944
-0.7734613047835057,-0.7627411218110045,0.010720182972501213
0.7020748661861954,0.6739760707465738,0.02809879543962157
-0.08641322936016176,-0.10080710502706994,0.014393875666908182
0.9668698138595644,0.9435311996554883,0.023338614204076125
0.494945716986171,0.4936952072616301,0.001250509724540938
-0.6320207758747386,-0.6293286280905364,0.0026921477842022368
-0.13136893249160472,-0.13650368219900344,0.005134749707398717
-0.8395659133117017,-0.8314084008013253,0.008157512510376441
-0.3509194767255974,-0.33418697991337776,0.016732496812219666
-0.968895149229626,-0.9410329832363425,0.027862165993283505
0.4598372764984365,0.4404855448701607,0.019351731628275803
-0.5680951214102625,-0.5466033623177055,0.021491759092557072
0.958975312245983,0.9323709760848289,0.026604336161154096
0.05574437443020892,0.0695691178542648,0.013824743424055874
0.9349681998904597,0.9166010264486767,0.018367173441782958
-0.9536682289221003,-0.9309063503787498,0.022761878543350544
0.95579426401576,0.9290273599852403,0.026766904030519623
-0.3715581820375058,-0.3540306813816956,0.017527500655810213
0.5573997377116652,0.5324577129953492,0.024942024716316014
0.830316272372988,0.8156503869966929,0.014665885376295096
-0.9621535207849695,-0.9346919662535971,0.027461554531372445
0.1162798423836875,0.12755383987845992,0.011273997494772411
0.8529962332601345,0.8225509884192285,0.03044524484090605
0.435359126134049,0.41054185194157045,0.024817274192478533
0.34707966150264064,0.3493396063904206,0.0022599448877799744
0.2288688804575093,0.23297251992741255,0.0041036394699032475
-0.2825051456684519,-0.2624247918848349,0.020080353783617
0.9134685365648213,0.8853709417793616,0.0280975947854597
-0.6274486566366637,-0.6066824654041527,0.020766191232511
0.3946973659953344,0.39548084826194063,0.0007834822666062391
0.6099809892075053,0.6070096995437475,0.0029712896637578146
-0.9611620085523882,-0.9364492335291263,0.024712775023261857
0.003890549095981306,-0.011298816612873928,0.015189365708855235
0.9523116234965178,0.944252879586525,0.008058743909992727
-0.3489011673311152,-0.3255707811890453,0.023330386142069892
0.4722935434418741,0.4463768806453429,0.025916662796531154
-0.6110333773023037,-0.6143224638724875,0.0032890865701837857
0.9532875450332721,0.9295293578991212,0.0237581871341509
0.6822850795779672,0.6714448611575609,0.010840218420406389
-0.630126605907157,-0.6240658971429313,0.0060607087642257085
-0.26845630556356115,-0.25092038140308753,0.017535924160473615
-0.9645818821367376,-0.9418979645866838,0.022683917550053723
-0.1653691070214455,-0.1471748385757492,0.0181942684456963
-0.9029425675430411,-0.8842107808605209,0.01873178668252029
0.09256392437544009,0.10082162483688727,0.008257700461447179
0.2933934548427113,0.2729055983386738,0.020487856504037505
-0.18365463835373555,-0.17511407887485075,0.008540559478884796
-0.44160269214247744,-0.42211738271566523,0.019485309426812203
-0.34593647320735765,-0.3504004607905524,0.004463987583194773
0.3350055954360567,0.31787857718015233,0.017127018255904347
0.8136728052204942,0.7885946807459121,0.02507812447458213
0.4985391831304442,0.497403184621056,0.0011359985093882252
0.4979784027494177,0.471710890480483,0.0262675122689347
-0.7963935469958014,-0.7878584437323426,0.008535103263458854
0.9176730814430757,0.8926615923520763,0.025011489090999373
0.8160921487041363,0.7866857977121416,0.029406350991994623
-0.7474244833507653,-0.7366911733155873,0.010733310035177968
-0.9293334036748938,-0.9032346562893809,0.026098747385512877
-0.6905218156453121,-0.6834725040733712,0.007049311571940886
0.7413146897953915,0.739457231128018,0.0018574586673735238
0.7435919514545845,0.7206327452772172,0.022959206177367242
-0.9586483140157079,-0.9311849272932474,0.027463386722460514
-0.3798685312062898,-0.35858145929775304,0.021287071908536737
-0.9520591773659298,-0.9208568852916988,0.031202292074230975
-0.07184123935388413,-0.08290589362067562,0.011064654266791485
-0.12882117437749896,-0.14017245651259086,0.0113512821350919
0.42736516623059734,0.40234595207262713,0.025019214157970204
-0.469487600916115,-0.46000123441530893,0.009486366500806087
-0.18963674671648809,-0.16797670189019628,0.021660044826291802
-0.19801100826454288,-0.18298452739881804,0.015026480865724834
-0.7903016437660643,-0.7660550128416265,0.024246630924437795
-0.7386906297598752,-0.7147340058091117,0.023956623950763478
-0.7790605021864334,-0.7624685342004095,0.016591967986023914
-0.18796259371581506,-0.18886437639903775,0.0009017826832226905
0.21126677429692667,0.193411636189203,0.017855138107723656
-0.6825766609600982,-0.6539279382817719,0.0286487226783263
0.08226955479957693,0.06711697310443776,0.015152581695139167
0.23185659306365855,0.22099216965200533,0.010864423411653223
0.5556419877781127,0.5543173415052105,0.0013246462729021857
0.9558551136817438,0.9260253634863299,0.029829750195413895
0.6802934992329289,0.6687203528954863,0.011573146337442664
0.8121816202371112,0.7962611761480608,0.015920444089050356
0.9362059343561815,0.919168981616299,0.017036952739882483
0.41382587559630074,0.41626738660439666,0.00244151100809592
0.9360402327051509,0.9034675283571415,0.03257270434800941
0.005928253236452859,0.016154240745917963,0.010225987509465104
0.06138499063831185,0.045102760508810284,0.016282230129501564
0.7569528728918924,0.7304000439522649,0.026552828939627515
-0.9117456362445746,-0.9013988451614305,0.010346791083144069
-0.1208177625870735,-0.11949764393405417,0.0013201186530193282
-0.01284564424174591,0.0007331456020205689,0.013578789843766478
-0.9115005428625692,-0.892645902674533,0.018854640188036176
0.5832365881790454,0.5561017093868216,0.02713487879222387
0.6723811088013268,0.6446275270620555,0.027753581739271338
-0.826955856883465,-0.7960179129515289,0.03093794393193605
0.10490378538013932,0.08993735111772917,0.01496643426241015
-0.9679634517633179,-0.9499218237667699,0.01804162799654796
0.6568340186789908,0.6498925681164014,0.006941450562589435
-0.7053773600394768,-0.6961310161102989,0.009246343929177891
-0.5120032642850717,-0.5136726860864399,0.0016694218013681983
-0.5610054727670524,-0.5406025936949607,0.020402879072091706
0.9570405470590361,0.9399896932005045,0.017050853858531556
0.2684707147289707,0.2529793215533308,0.015491393175639911
-0.8948679812357957,-0.8792372874051322,0.01563069383066351
-0.9539186950700093,-0.9244218951894716,0.02949679988053766
-0.8632695930723471,-0.8490553910854017,0.01421420198694534
0.9592520023773506,0.9321439997647601,0.027108002612590498
0.9687603161427777,0.942500396646561,0.026259919496216644
0.4456800769872656,0.4442874415040545,0.0013926354832110577
-0.30012936910097204,-0.30517786037012695,0.005048491269154909
0.9153139225064899,0.8882150515531162,0.02709887095337371
-0.4990244404052929,-0.47313061871307266,0.025893821692220265
-0.75882069680872,-0.7563182577532626,0.0025024390554574394
-0.5531005800691189,-0.5313816559690371,0.021718924100081805
-0.9555232259644206,-0.9247762866158935,0.030746939348527125
-0.8385837756573598,-0.8237698589354313,0.014813916721928444
-0.5738853841095675,-0.5690652352666562,0.004820148842911265
0.7181415117666017,0.7032786031037125,0.014862908662889196
-0.42705763328272006,-0.4081226465333097,0.018934986749410354
-0.2700403083985917,-0.27668387846556225,0.006643570066970528
-0.6286764740833176,-0.6309938064207594,0.002317332337441802
-0.9347931565024084,-0.9103403616767026,0.024452794825705726
-0.2206442815788928,-0.22364132883533333,0.002997047256440538
0.9546148908560008,0.9311802005555664,0.023434690300434435
-0.050301429729885626,-0.04022632500036897,0.010075104729516657
0.9084675476645779,0.8858231282853825,0.02264441937919548
0.5353585735640599,0.5095838510421349,0.02577472252192503
0.6313995307414875,0.6271567446621491,0.004242786079338368
0.1586257604317098,0.14335819229820376,0.015267568133506049
-0.5621411013736094,-0.5409729997900006,0.021168101583608823
-0.23217897798948883,-0.2363095823226049,0.0041306043331160724
0.10006642542966072,0.10511587913631061,0.005049453706649887
-0.5430282821514031,-0.520796117708685,0.02223216444271814
-0.9288793809189818,-0.9040719249118354,0.0248074560071464
0.9198372894760174,0.903165171689029,0.016672117786988405
-0.06266031738703051,-0.046198098999579974,0.016462218387450538
0.4104315178440611,0.4143088687659617,0.0038773509219005575
-0.96900762905025,-0.9493558716055808,0.019651757444669182
0.8844401619574935,0.8686090541985094,0.01583110775898411
-0.7074512511181599,-0.6971856026315417,0.01026564848661815
-0.7371503077729866,-0.7065745759997405,0.03057573177324613
-0.5813528311750902,-0.5665006816145967,0.014852149560493522
-0.21308039768201875,-0.2129439912852815,0.00013640639673725974
0.6553408208001638,0.6501933517422078,0.0051474690579559335
0.9680593756070522,0.9443252016788581,0.023734173928194102
-0.36833770451509645,-0.3615803831596557,0.006757321355440771
-0.9183472942154299,-0.8912607089811873,0.027086585234242677
0.4044035587730541,0.4050090981944752,0.0006055394214211085
0.4178345565968895,0.41756606338450686,0.0002684932123826478
0.1917917128588628,0.172072343714603,0.019719369144259785
-0.2533034309751755,-0.24259419540500965,0.010709235570165843
-0.8952672529135328,-0.8764202252956022,0.018847027617930667
0.17587188912940327,0.1689979481172963,0.006873941012106977
-0.5611175573728214,-0.5530807645861547,0.008036792786666691
-0.43645967473496783,-0.43779474229289167,0.0013350675579238414
-0.5656928062601405,-0.5610383127733908,0.004654493486749733
-0.12468273829228503,-0.11424880403665216,0.010433934255632868
0.24515079011797405,0.2532387221658553,0.008087932047881247
0.07974986721310226,0.08510481033772473,0.005354943124622466
-0.965118124878689,-0.9419376851949594,0.023180439683729626
0.023994528426662613,0.02459830439796735,0.0006037759713047389
-0.9384850928491631,-0.904958701691621,0.03352639115754219
0.5112642222264546,0.5091568981356897,0.0021073240907649726
-0.7355181261660646,-0.7274982310092513,0.00801989515681334
0.2802282801463951,0.2675238074428722,0.012704472703522929
0.9451692154915216,0.9281744364930403,0.01699477899848123
0.14762434627988158,0.12926817416731917,0.018356172112562408
0.2426484372251908,0.22678430606027108,0.01586413116491972
-0.31911779365156495,-0.3250889321303564,0.005971138478791438
-0.8067284915469906,-0.7890703888667427,0.01765810268024781
0.8210607398549385,0.7925942890798584,0.028466450775080143
-0.0406258199340366,-0.04326305719983584,0.0026372372657992443
0.5033924139384075,0.4822616126431739,0.021130801295233592
0.7929863165716787,0.7773358622469475,0.015650454324731222
-0.3700814370665716,-0.3527503184920103,0.01733111857456132
0.9344048308497284,0.9056511305229514,0.028753700326776932
0.6251713911826023,0.6160451094782855,0.009126281704316841
0.1498743521980989,0.14906150465587328,0.0008128475422256032
0.9584390506883569,0.9294384033071075,0.02900064738124941
-0.4965897239561216,-0.49287418209593337,0.003715541860188243
-0.40050551893444686,-0.3825722183322894,0.017933300602157476
-0.17746832545345126,-0.18760122872067808,0.010132903267226823
-0.3199430133057554,-0.3233708495715288,0.003427836265773365
-0.6463664430886401,-0.6422676844574107,0.004098758631229438
0.6516278305746416,0.6428501281394744,0.008777702435167178
0.3281105225744639,0.32868817238894726,0.000577649814483383
-0.633594542052688,-0.6088746401080792,0.024719901944608713
-0.8028378187252777,-0.7775147257215388,0.025323093003738917
0.5408690733544426,0.5364465216205503,0.004422551733892277
-0.6105715938105319,-0.6053097127432764,0.005261881067255558
-0.3728453233394812,-0.3540623545397724,0.01878296879970881
0.9613051964581362,0.934264192929665,0.027041003528471164
0.7927337625796913,0.7812104004986625,0.011523362081028776
-0.9588121384846787,-0.9350056239749487,0.023806514509730037
0.8881841301024241,0.8649244866937588,0.023259643408665376
-0.6264566140031244,-0.6045323010067826,0.021924312996341788
-0.8475932922284171,-0.8158228530108109,0.03177043921760614
-0.5122743337880238,-0.5063463256028465,0.005928008185177247
0.9549390406816293,0.9427187200435967,0.012220320638032578
-0.18928688147468736,-0.1972924675040556,0.008005586029368239
-0.18357385912418367,-0.1710802024606397,0.012493656663543962
-0.8247743319160801,-0.7994376595051145,0.0253366724109656
-0.636851000969332,-0.6154336009108994,0.021417400058432623
0.14419472090933644,0.15235195718474923,0.008157236275412788
-0.7858649780910024,-0.7552515003113485,0.030613477779653953
-0.1472658051022276,-0.1289946881063641,0.01827111699586348
0.732250224462217,0.7067373171611726,0.025512907301044385
-0.38564204385727413,-0.3844476764528039,0.001194367404470209
-0.4584826256362173,-0.4389280128808438,0.019554612755373457
-0.884368561801498,-0.8553445416166688,0.02902402018482919
-0.6569721824266462,-0.6279360196125741,0.029036162814072175
-0.5587058570106955,-0.5548783687263978,0.0038274882842976865
0.9249076938036604,0.9023126003773968,0.022595093426263646
0.3668927977195644,0.3555777614725505,0.01131503624701391
0.7770741807321971,0.7480918133220905,0.028982367410106624
-0.9489805009695556,-0.9234372256377334,0.025543275331822102
-0.9689241938798825,-0.945024455358661,0.023899738521221514
-0.84094987396117,-0.8263495448213624,0.014600329139807688
0.003174326259139016,-0.010525114900223407,0.013699441159362422
0.9275461802744811,0.9049942524756115,0.02255192779886961
0.812052036897518,0.8008430682941915,0.011208968603326541
-0.420733229177709,-0.4011133030966365,0.019619926081072492
0.26643393581781155,0.24947915007616733,0.016954785741644218
-0.9426711237104275,-0.9208458579236294,0.02182526578679811
-0.9677017651048292,-0.9491395677182989,0.01856219738653031
0.7129985648271584,0.6954059397374068,0.017592625089751568
0.5020594305961954,0.496709302092568,0.005350128503627427
-0.923999519033761,-0.9026578055077067,0.021341713526054296
0.5363166609335572,0.5171211361829271,0.019195524750630133
-0.7308020589521715,-0.7067986084169543,0.02400345053521724
0.841206121359997,0.827796069190957,0.013410052169039899
-0.28347695278122936,-0.2657343613114225,0.01774259146980689
0.5498476431941908,0.5474355358842846,0.002412107309906153
0.8108892516203778,0.793342396589992,0.01754685503038589
-0.185837539788994,-0.19667823953958372,0.01084069975058971
0.3578954864911913,0.3551306865821051,0.0027647999090861797
0.8425094171599897,0.8286564308774156,0.013852986282574142
-0.681426319931258,-0.6704094742965426,0.011016845634715389
-0.9071123426206729,-0.8925523798525269,0.014559962768145973
-0.9624732560682128,-0.9346027577621732,0.027870498306039604
0.9621295219377021,0.9320903652403016,0.030039156697400426
0.6818893184604898,0.6707570708536595,0.011132247606830292
-0.1805664429075541,-0.1611282737124864,0.019438169195067717
0.5591702179930303,0.5533888818658665,0.005781336127163805
-0.4324643723168652,-0.43275752271531326,0.0002931503984480721
-0.9372328233474193,-0.9147734684832648,0.022459354864154513
0.04549126878156825,0.029145252804701295,0.016346015976866954
0.5803099589149061,0.5711960510223211,0.009113907892585038
0.518886252755578,0.49282967172532854,0.026056581030249437
0.7674417362391279,0.741452825164658,0.025988911074469878
-0.9647391821222788,-0.9339099290994067,0.030829253022872094
-0.7400986576208326,-0.7155994811061723,0.02449917651466027
0.9136718607582697,0.8824668318670857,0.031205028891183928
-0.28892961784125565,-0.27940405122756495,0.009525566613690695
0.24267894705981363,0.22457741012993107,0.01810153692988256
-0.5758999049259839,-0.5714203515562397,0.004479553369744149
0.7147934728821536,0.7033336312971639,0.011459841584989694
0.2696408278299446,0.27034853152302446,0.0007077036930798752
-0.09317479754278855,-0.080455494912989,0.012719302629799548
0.5137757463988889,0.49127345885552703,0.022502287543361865
-0.4561421753392555,-0.4374271283215314,0.018715047017724085
-0.8276610246973797,-0.8010170128007382,0.02664401189664145
0.9193524740727993,0.8905632358992988,0.028789238173500542
-0.8857211437323375,-0.8590204699880164,0.026700673744321057
0.8631634133648053,0.8491377217332972,0.01402569163150813
-0.9080853941659869,-0.9008620307490531,0.007223363416933748
-0.41527120756594094,-0.41244230005237287,0.0028289075135680686
0.9430237033852824,0.9156897556707124,0.027333947714569984
-0.9264971827239844,-0.9115326834919277,0.014964499232056672
-0.45446535505729474,-0.4536671867151308,0.0007981683421639518
-0.20352009213599886,-0.18350551544294327,0.02001457669305559
0.9277614592207961,0.9110510429724344,0.01671041624836167
0.8268833587958841,0.7980271602639398,0.02885619853194432
-0.9134118799785086,-0.8949648100205368,0.01844706995797174
-0.02742315086634883,-0.03805245396375558,0.010629303097406752
0.9610734136067716,0.9339627947167662,0.027110618890005322
-0.6888688977993958,-0.6615333167164801,0.027335581082915672
0.6366063481504687,0.6257866006937359,0.010819747456732753
-0.9683148235941926,-0.9466764360622517,0.021638387531940917
-0.6006292885410794,-0.5715160177449989,0.029113270796080504
-0.4381892780950683,-0.4184929748816157,0.019696303213452615
-0.796341572962158,-0.7847048802964609,0.011636692665697113
-0.907366367498852,-0.8861205302627386,0.021245837236113396
-0.7309673830087988,-0.7234958167814147,0.007471566227384097
0.9518746986618203,0.9218898226574446,0.029984876004375716
0.9662306639074109,0.9426757702612973,0.023554893646113517
-0.19008985632111136,-0.20105069490091146,0.010960838579800097
0.18520666752754847,0.16524208529233897,0.0199645822352095
-0.20595534581169517,-0.2132542722638248,0.007298926452129623
0.8207421221152557,0.8100562705144699,0.010685851600785723
0.14341705886372108,0.1287869326042208,0.014630126259500276
0.7725073663178688,0.7613832616636542,0.01112410465421454
0.3616243315233855,0.3578670449195926,0.003757286603792931
0.562313780207955,0.5593426027421884,0.0029711774657665835
0.8634133761694132,0.8526072788764445,0.010806097292968664
0.6220211809220488,0.5960352951955424,0.025985885726506397
-0.20652872639257425,-0.19189680307304188,0.014631923319532364
0.469730424120665,0.45136371435816675,0.018366709762498268
-0.8277872902301093,-0.7948281443202041,0.03295914590990523
-0.9377882616258387,-0.9062721892336288,0.03151607239220988
-0.4063325599501898,-0.40600459254653,0.00032796740365981236
0.144063856961332,0.15167673386572092,0.0076128769043889155
0.3210766460740962,0.3203587527773324,0.0007178932967638052
-0.8740672542492032,-0.8578896721239452,0.016177582125257994
-0.12425455057757584,-0.12593711686183492,0.001682566284259085
0.5914439783618652,0.569307178219142,0.022136800142723234
-0.38688175623418736,-0.37021855470401027,0.016663201530177085
-0.8039948327197362,-0.7826388340628156,0.021355998656920505
0.6970676823473975,0.6892716560585699,0.007796026288827584
0.3366211848925204,0.3152495246152334,0.021371660277286986
-0.9644498293769179,-0.939765489373385,0.024684340003532923
0.9476530782680952,0.9209682013981789,0.026684876869916274
0.9568601473639722,0.9325548475164994,0.02430529984747276
0.736924268957806,0.71432757056866,0.02259669838914602
-0.5076276706741436,-0.5080281919863547,0.00040052131221113285
-0.2933175186334279,-0.2890634347439229,0.004254083889505045
0.0055772595114995755,-0.005453604332793158,0.011030863844292735
0.74038671651654,0.7120732520165937,0.028313464499946317
-0.9426240813154256,-0.9176968772112889,0.024927204104136735
-0.4593660827509266,-0.46711662851766395,0.007750545766737338
-0.49087023899232973,-0.4644907474444852,0.026379491547844525
0.8686024731759087,0.8513180420278144,0.017284431148094304
0.19823584551748888,0.1826843315139306,0.015551514003558281
-0.3923043933327219,-0.3684085470830874,0.023895846249634478
-0.6141463207767347,-0.5853974820582004,0.028748838718534286
0.83286005273203,0.8204661556606204,0.012393897071409588
0.3360131470869305,0.31421027703369286,0.02180287005323761
-0.7734654300704313,-0.7578065133859221,0.01565891668450925
-0.6705341577230863,-0.6492989079237015,0.021235249799384848
-0.8743677816783103,-0.8527025046835781,0.021665276994732197
-0.5899345037813751,-0.5679283191114647,0.022006184669910445
-0.7930955225213955,-0.7759877550585729,0.01710776746282261
-0.7712407489595381,-0.747148718586829,0.024092030372709128
-0.7968708249732047,-0.7549998040042445,0.041871020968960226
0.6067465157795254,0.5965337942958949,0.010212721483630505
0.6923538292262951,0.6834994734448988,0.008854355781396261
0.5260386123875869,0.525566863878056,0.0004717485095309115
0.5714009409547869,0.5647166235926606,0.006684317362126269
0.9051821139580867,0.8835616951867156,0.021620418771371108
-0.6084694827211385,-0.5806563314057406,0.027813151315397966
-0.9621761521587784,-0.9366857986660001,0.025490353492778284
-0.7370429546063779,-0.7289972571683214,0.008045697438056498
0.9673513161851341,0.9409396773616406,0.02641163882349351
-0.44923422852907874,-0.44862880495934027,0.0006054235697384724
-0.9626372593182008,-0.9415759607145546,0.02106129860364614
0.4145492589363584,0.39393457448032354,0.02061468445603487
-0.4147622217189063,-0.3945273616752428,0.020234860043663483
0.5072299259081434,0.5001668968561639,0.00706302905197953
0.18210464661360873,0.16818730778317298,0.01391733883043575
0.9694513496435,0.9479485516594185,0.0215027979840815
0.6532515539360119,0.6440688359273729,0.009182718008639013
-0.9290946681428339,-0.9093612650925054,0.019733403050328557
-0.010861949597359973,-0.009279556450584215,0.0015823931467757579
-0.132315531516512,-0.11894269971287116,0.01337283180364085
0.8617315894751768,0.8485760546711983,0.013155534803978464
0.8034700194090469,0.7753936925452514,0.028076326863795575
-0.8064113221761824,-0.7921415026336329,0.014269819542549467
-0.9545776330457095,-0.939992412138137,0.014585220907572527
0.2159501372758657,0.2199978544511132,0.004047717175247489
-0.041614750139551106,-0.05155727441658868,0.009942524277037575
-0.17868446167255173,-0.18734459348370117,0.00866013181114944
0.6999255101715665,0.6872907887574483,0.012634721414118144
0.15404108078597892,0.13750958298844485,0.016531497797534073
-0.1519817882572912,-0.1386748352010685,0.013306953056222703
0.6460492380395709,0.6268490013555443,0.019200236684026595
-0.03884898298928613,-0.04725290975794632,0.00840392676866019
-0.621205538969741,-0.6186941140257488,0.0025114249439921466
-0.3087570557575618,-0.3155797132193175,0.006822657461755699
0.24352241059424018,0.23343985787775787,0.010082552716482313
0.22015317290126032,0.20349546141486838,0.016657711486391946
0.024117721915055828,0.03550850114479398,0.011390779229738152
-0.43192511221646235,-0.43457618285944466,0.0026510706429823117
-0.26826755590782586,-0.2518984150633766,0.016369140844449237
-0.49467992987614984,-0.49277423921521696,0.0019056906609328794
-0.8221136013343506,-0.7993241974306916,0.022789403903659022
-0.13936133638461928,-0.14555323382559118,0.0061918974409719
-0.5398952355655638,-0.5002000287778868,0.03969520678767702
0.9062709659123127,0.8768042547889862,0.02946671112332655
-0.7562271571261088,-0.7422473080632942,0.013979849062814576
-0.512426824147344,-0.5104164213312524,0.00201040281609155
0.9337503317628509,0.904484338182065,0.029265993580785965
0.5550950754902277,0.5527387766257477,0.0023562988644800775
0.7672244925858692,0.7390832071102565,0.028141285475612676
0.6992642364576276,0.6864092693191711,0.012854967138456463
-0.956150273265083,-0.9330800497151354,0.02307022354994759
0.5213936949087551,0.5172505327493744,0.004143162159380709
-0.9692514302329054,-0.9538224676180902,0.01542896261481519
0.745809389907076,0.7349025115461587,0.010906878360917305
-0.2657702850910853,-0.2502154605970227,0.015554824494062591
-0.5577052638375104,-0.5297230855903302,0.02798217824718019
0.6674562989944866,0.6439631457353343,0.023493153259152244
-0.23453363874757652,-0.22500306005691106,0.009530578690665453
0.21797916818150578,0.19972993236735706,0.018249235814148723
-0.9587817687463408,-0.9352481552428785,0.02353361350346228
0.9567034078566664,0.9159605296503186,0.04074287820634781
0.9684839243792879,0.9431531951718412,0.025330729207446723
0.8862198039219579,0.871601821168268,0.014617982753689862
0.11074530407475094,0.09833888395169214,0.0124064201230588
-0.8739672536580314,-0.8491933912677628,0.024773862390268575
-0.619158862597342,-0.6099816606963591,0.009177201900982923
-0.7117675463230507,-0.6813949091716256,0.03037263715142513
-0.06339145994436869,-0.07189420919892696,0.008502749254558267
-0.9050695262423955,-0.882084761859697,0.022984764382698475
0.4008718835543114,0.38527014195093334,0.015601741603378072
0.7988338727011374,0.7725277276633854,0.02630614503775197
0.8553231380199177,0.8391488426879219,0.01617429533199577
-0.22439499764949342,-0.20700377994424535,0.01739121770524807
-0.8605308804480631,-0.8456294234579076,0.014901456990155548
0.9589156937623676,0.9353967476917832,0.023518946070584468
0.9630196795898294,0.9420419370169296,0.02097774257289975
0.8414724766497801,0.8257881086463321,0.015684368003447968
-0.9580218076005262,-0.9361754641162802,0.021846343484246078
0.6329121765552479,0.6044370947093411,0.028475081845906747
0.3209933827947087,0.2994064554967524,0.021586927297956304
-0.6286117402112801,-0.606600235669811,0.02201150454146905
-0.9321614250483073,-0.9086482129157373,0.02351321213257007
0.2749167242672761,0.28190498490907745,0.006988260641801358
0.7133108462740986,0.6860566634072679,0.02725418286683068
-0.96441164218763,-0.9435790561218278,0.020832586065802183
-0.7537623278024029,-0.7441705962963704,0.009591731506032541
0.3660308103210146,0.36408271342515186,0.0019480968958627276
0.8767560522484587,0.8618951269958904,0.014860925252568213
0.21769198557836572,0.21249397172271292,0.0051980138556528
-0.3244334588090972,-0.303199786394411,0.02123367241468621
-0.7406841730944475,-0.7279778923480594,0.012706280746388021
-0.05926958548524336,-0.06699831063243603,0.007728725147192667
0.0969190801191388,0.10338624266241174,0.006467162543272939
0.6228996454640623,0.6186018842552488,0.004297761208813533
-0.9498252849351808,-0.917125268878885,0.0327000160562958
-0.29074981215854784,-0.2806278554611525,0.010121956697395351
-0.3011219361057824,-0.28230563712702056,0.01881629897876186
-0.15793618033145068,-0.17221904582174616,0.014282865490295477
-0.638939708721998,-0.6175048907047744,0.021434818017223578
0.9540263792584139,0.9310642000907964,0.022962179167617558
0.7754070455318134,0.7486503462450401,0.026756699286773267
0.19471465532860258,0.1969718736924099,0.002257218363807323
-0.7499245527094638,-0.7195928243798144,0.030331728329649366
0.9611923718402099,0.9248813485414802,0.036311023298729705
0.5033967564016969,0.5003095661491874,0.003087190252509475
0.4725132346547255,0.44769955197002115,0.024813682684704352
-0.8066498334597481,-0.7970911623813512,0.009558671078396808
0.12045612097677276,0.11352379636010414,0.0069323246166686225
-0.5824304146575248,-0.546218915050465,0.036211499607059716
0.5978257525300424,0.5897732516118185,0.00805250091822396
0.6667981059729471,0.6422846799408384,0.02451342603210871
-0.9591607117252197,-0.9284678009888779,0.030692910736341728
-0.751089964459754,-0.7264580171767047,0.024631947283049294
0.7350749041620288,0.7055588753471012,0.029516028814927653
0.700201387624694,0.6702083692365453,0.029993018388148718
0.8799764459254177,0.8664926157448605,0.01348383018055721
0.5506735142825745,0.529431672859851,0.02124184142272345
0.9600176367697901,0.9333353669688539,0.026682269800936242
0.9178259948725436,0.8963869428207446,0.021439052051798968
-0.9542427839102424,-0.9238894708513079,0.030353313058934517
-0.7599606160783808,-0.7431928621983354,0.016767753880045477
0.4565124524101952,0.45452849637762693,0.0019839560325682903
0.7299812098042533,0.7153131934833505,0.014668016320902755
0.8549538025187106,0.8369920959835825,0.017961706535128075
-0.7559544591011942,-0.7318154480277892,0.024139011073404992
0.1179224238735767,0.12056837238330322,0.00264594850972652
-0.7688517965910422,-0.7441632725259525,0.0246885240650897
0.9581638204245728,0.9368517020727601,0.02131211835181268
-0.8453799301868419,-0.8215506814173984,0.02382924876944348
-0.9060183585024142,-0.8784798431166813,0.02753851538573293
0.9046591898713457,0.8783187738861958,0.026340415985149912
0.7339440630589037,0.6999117728334668,0.034032290225436856
0.011854392256234558,0.016673594242606508,0.00481920198637195
-0.920035687808135,-0.9091739671335762,0.010861720674558817
0.9270646669685251,0.9014703965255871,0.02559427044293794
0.9382967944885574,0.9213965756942918,0.01690021879426562
-0.5315666886649791,-0.5086365236916032,0.022930164973375966
-0.3229523808067292,-0.3223399735246783,0.0006124072820509197
-0.9602101347490278,-0.933752472856882,0.026457661892145823
0.6701189888272673,0.6627966111064311,0.007322377720836215
-0.22448388467759925,-0.23376128779611396,0.009277403118514715
-0.22436156207413596,-0.2040829999443022,0.020278562129833755
-0.032363190259630796,-0.01610195749710877,0.016261232762522025
-0.9142103764028504,-0.889969991967754,0.024240384435096463
-0.5726174991191143,-0.5656541130707357,0.00696338604837865
0.2535427998559407,0.26126351646654916,0.007720716610608469
-0.967625404675283,-0.9426217738428644,0.025003630832418633
-0.3938324051143832,-0.37497166850414954,0.018860736610233686
0.7504421780011411,0.7234845000453716,0.026957677955769532
-0.562698880543528,-0.542604993738352,0.020093886805175987
0.14686910995902647,0.13106628304097612,0.01580282691805035
0.8585564439099594,0.8301579798869773,0.028398464022982184
-0.7503215843376948,-0.7209774089219292,0.029344175415765616
-0.15765342396835916,-0.1476936882904518,0.009959735677907366
0.5951623617092973,0.5591209944574995,0.03604136725179774
0.5395504806724853,0.535800512196705,0.003749968475780352
-0.17598351640036253,-0.16103534681238077,0.014948169587981758
-0.962613716857771,-0.941233970097139,0.021379746760631924
0.24970998859442317,0.24607897543410037,0.003631013160322799
0.10387694501453473,0.11533420091593516,0.011457255901400426
-0.7350753954799039,-0.7110392619723818,0.024036133507522095
0.14174646132775442,0.14895403187035614,0.00720757054260171
-0.680938005480802,-0.6710541797615838,0.009883825719218198
-0.6976884697019082,-0.6739657149320604,0.023722754769847865
0.19463641953590988,0.1819514506619601,0.012684968873949765
-0.028306723494982106,-0.023202075838043207,0.0051046476569388995
-0.8918886318786544,-0.8650782843531254,0.02681034752552902
-0.7620882486574708,-0.737427984107272,0.024660264550198874
-0.5006455909972176,-0.4859029912660481,0.014742599731169537
0.13234234671026274,0.13894148425524455,0.006599137544981815
0.8227086941739491,0.8042227040667856,0.018485990107163452
0.9227547662397105,0.8950547217814793,0.027700044458231265
0.01342613667716179,0.007230359231944152,0.006195777445217638
-0.5228952122449269,-0.5228072244772771,8.798776764973315e-05
-0.9656415791398577,-0.9335179344696136,0.03212364467024409
0.07872679909320802,0.06434879853553958,0.014378000557668441
0.09389188713547195,0.08190530234634955,0.011986584789122401
0.8319814664632896,0.804846744530706,0.027134721932583594
0.9672823331798195,0.939116698679515,0.028165634500304515
0.44639000672913365,0.44595007984854224,0.0004399268805914125
0.5980392176757854,0.5699946085399368,0.028044609135848608
-0.9509984248638529,-0.9252963903967653,0.02570203446708763
-0.9639988394264756,-0.9477068950895818,0.016291944336893738
0.9686071452520513,0.9425713482782183,0.02603579697383296
-0.9693421433564697,-0.9453355016952051,0.02400664166126465
-0.42670534787423703,-0.42995835193205545,0.0032530040578184205
0.9515949700663269,0.9248397614491984,0.026755208617128434
0.15419164601525806,0.16493642099931774,0.01074477498405968
0.8146700345375224,0.7834423578618964,0.03122767667562598
0.7222223672033553,0.7145951154082034,0.00762725179515189
-0.7884022299857041,-0.7581015913975107,0.03030063858819343
-0.7768327490617469,-0.7530746227352464,0.02375812632650054
0.31497420572927437,0.2960378479467203,0.018936357782554092
0.04132284857841253,0.029697781197887404,0.011625067380525125
-0.9049555975625372,-0.8786844738337009,0.026271123728836332
-0.8945696666791149,-0.8731321636064171,0.02143750307269776
0.8032603410741372,0.7937550033492299,0.009505337724907359
0.9599027896485013,0.9321472325952961,0.027755557053205204
-0.9012015719634677,-0.8900284240159992,0.011173147947468487
-0.5568095239767556,-0.5534636745282157,0.0033458494485399948
-0.029439489664870012,-0.020271437456695893,0.00916805220817412
-0.9266356829248587,-0.9019162593627436,0.024719423562115095
-0.9669834873490452,-0.9397712325988499,0.027212254750195286
0.5951363474373995,0.5703500099994265,0.024786337437972983
-0.6546532444082648,-0.6369161185017959,0.01773712590646892
-0.9379352620844894,-0.908238925836706,0.02969633624778345
0.7036847379796725,0.6778242675205329,0.02586047045913953
-0.018356563487597056,-0.002804022547745846,0.01555254093985121
0.7141856321053598,0.7131916877109319,0.0009939443944279036
0.8648852484125279,0.8454619917835818,0.019423256628946062
0.8620079469696061,0.8308649385089885,0.031143008460617683
0.5815616771761669,0.5670049385853912,0.014556738590775664
-0.7097897580766372,-0.6855238380228994,0.024265920053737844
-0.6048297872473624,-0.5992084475322598,0.005621339715102591
0.18377785797948704,0.1868892686003559,0.0031114106208688652
-0.9136968944931183,-0.894631617828331,0.0190652766647873
0.17808852631112151,0.18560033640554435,0.007511810094422838
-0.7415965544577363,-0.7300991396278093,0.011497414829927055
-0.9635726422771543,-0.9404862658127335,0.0230863764644208
0.6549065240453633,0.6292461827068695,0.02566034133849382
-0.9299274206013742,-0.8993275639440184,0.030599856657355873
0.4798886026748907,0.4615741674101796,0.018314435264711104
0.9363699750784178,0.919241478707116,0.01712849637130176
0.308503036481382,0.3120345961911459,0.0035315597097638762
-0.7927619923576205,-0.7679931761799393,0.02476881617768112
0.9501317438080583,0.9243832067609529,0.025748537047105446
-0.1821445064877334,-0.19055763814394056,0.008413131656207162
0.8452599440906905,0.8252899785771762,0.019969965513514265
-0.8641203557263664,-0.829693261232738,0.03442709449362835
0.6177159480279641,0.6144401832913008,0.0032757647366633558
0.41148438564997764,0.408057166119535,0.0034272195304426156
-0.9520979390648077,-0.9179930483106851,0.034104890754122597
-0.8918125815686547,-0.8731312730515995,0.018681308517055184
0.3931415443537598,0.3949855470498506,0.0018440026960908074
0.47078288176924554,0.46958826980455265,0.0011946119646928932
0.7690839099977512,0.7395678891374665,0.02951602086028471
0.6456213840752004,0.6382823845908523,0.00733899948434813
-0.7028009073387582,-0.6792646569666458,0.023536250372112377
-0.496143510156089,-0.47374214583707036,0.022401364319018624
0.14202829117055196,0.1463479060468543,0.004319614876302336
-0.21735971670804188,-0.22563340210339694,0.008273685395355057
-0.10982217467187157,-0.10659206041956655,0.0032301142523050164
0.9577894265782279,0.9407112440674464,0.017078182510781414
0.9689556713729887,0.9444110450012773,0.024544626371711398
0.23020085695347253,0.2314569883323037,0.0012561313788311546
-0.3244812186223225,-0.3314167918447674,0.006935573222444924
0.8314549512318625,0.801179984939659,0.030274966292203498
-0.3548529595321445,-0.3379058935508732,0.016947065981271325
0.7007486007954611,0.6843049515293597,0.016443649266101423
-0.1355488850458638,-0.1411534228697909,0.005604537823927114
0.09709664021239131,0.10247577527948525,0.005379135067093935
0.06643653728746482,0.07266444512902956,0.006227907841564739
-0.6695268381290286,-0.6462358914345521,0.02329094669447651
-0.7383595598509672,-0.7259464483988017,0.012413111452165504
-0.12370155495566028,-0.12636590978508958,0.002664354829429297
0.4317278823074627,0.40809305660188067,0.023634825705582008
0.8893007861992352,0.8722292495017132,0.01707153669752204
0.8776227588126878,0.847899421196885,0.029723337615802814
-0.42548209295079054,-0.42256461436432674,0.0029174785864637953
0.9545864597785837,0.9344197857562638,0.020166674022319864
-0.839589354252195,-0.8053889664421462,0.03420038781004886
0.38817945516093944,0.36605580591310444,0.022123649247834998
-0.786564068527792,-0.7749785934397119,0.011585475088080166
-0.955745114646067,-0.9426770353604415,0.013068079285625589
-0.7413825976970123,-0.7183482051940424,0.023034392502969903
-0.3933167481253276,-0.3676781148043259,0.02563863332100169
-0.5745592383100754,-0.5487615702287473,0.025797668081328107
0.8915933794328286,0.8630405888948052,0.028552790538023398
-0.4019338589419256,-0.3800542767037837,0.021879582238141904
-0.199466363772894,-0.1809315882951607,0.0185347754777333
0.8211146887415802,0.7968544867873799,0.02426020195420031
0.43384843961247105,0.426301658251307,0.0075467813611640455
0.048962630244012546,0.034169155811218384,0.014793474432794163
-0.8610345031240729,-0.8458923708309135,0.015142132293159416
-0.9568565811027552,-0.9347935685088651,0.022063012593890097
0.7923786438037858,0.766680183973515,0.025698459830270748
-0.7055693851916008,-0.6815541422779843,0.024015242913616563
0.9251185889105431,0.9017057696534587,0.023412819257084383
-0.8108002086140835,-0.7795216349598142,0.03127857365426934
-0.7492551147626773,-0.7203896269155398,0.028865487847137494
0.291408684237139,0.2772081781447667,0.014200506092372278
-0.89639827472659,-0.8650229887155113,0.03137528601107864
0.33955272129512504,0.3467322020253822,0.007179480730257148
0.12427476576858347,0.1288423528063862,0.004567587037802731
-0.4006021320812451,-0.4042128033034356,0.003610671222190498
-0.856131444346185,-0.8477863083499295,0.008345135996255526
-0.8752900150775318,-0.8525868798139967,0.022703135263535068
-0.05788718821233487,-0.07239153581494481,0.014504347602609942
0.32370392573265716,0.30334730164853807,0.02035662408411909
0.6923315770676722,0.6650660445197293,0.02726553254794295
-0.842154459024191,-0.8175258800091597,0.024628579015031238
0.85953917989009,0.8333374022808749,0.02620177760921505
0.4703236874112673,0.4685902382612049,0.001733449150062405
0.8922924056389082,0.8703381327379031,0.021954272901005156
0.833212901144073,0.8046635006782185,0.028549400465854524
-0.5494097812337774,-0.5211558652053371,0.028253916028440296
0.25082547957343176,0.23970078986341647,0.01112468971001529
-0.5028917889838388,-0.498516979612884,0.004374809370954802
0.9593704366506809,0.9393006387361702,0.02006979791451069
-0.9004358955765015,-0.8762678912559411,0.024168004320560432
0.8122922519771412,0.8001309558196343,0.012161296157506829
0.9647974608920806,0.9390287436372432,0.025768717254837425
0.09610773457392949,0.0819463001899425,0.014161434383986982
0.5434007851626783,0.5292730112432716,0.014127773919406672
0.893284422739842,0.8659728997337512,0.027311523006090743
-0.08499088657404533,-0.06713072550282274,0.017860161071222583
0.9018734303627828,0.8779716172406778,0.02390181312210493
0.7247440174671248,0.7132147281010625,0.011529289366062345
-0.0076603162232395956,-0.005991191453098642,0.0016691247701409537
-0.000486585856246009,-0.01050896782584288,0.01002238196959687
0.03469151423568015,0.026698107467492297,0.007993406768187852
-0.9668841367515593,-0.9402347914302092,0.026649345321350104
-0.8809298754881569,-0.8623700178431719,0.018559857644985023
-0.2049793546012864,-0.21046054299261308,0.0054811883913266635
0.23724769860727363,0.22842546778541112,0.008822230821862509
-0.04504276308036211,-0.03348474619182612,0.011558016888535992
0.10057190457006102,0.08505247190723972,0.015519432662821298
-0.7160538305614509,-0.7042620379391066,0.01179179262234431
0.8979149901693493,0.8866217211437524,0.011293269025596908
-0.2510967248307037,-0.2623067050674419,0.011209980236738193
-0.94878524152947,-0.9231222160958311,0.025663025433638853
0.7730515069640528,0.7588341810378324,0.014217325926220381
-0.7142494182974098,-0.7026472651032057,0.011602153194204101
0.2389897738024562,0.23977091599026806,0.0007811421878118618
-0.8373615507212205,-0.8260098052165393,0.01135174550468121
-0.34900819227962465,-0.33198632509529197,0.017021867184332684
0.9597957428777983,0.9384403190702454,0.021355423807552953
-0.11391431453050475,-0.09671818684640072,0.01719612768410403
-0.06261173970560677,-0.07090033226001442,0.008288592554407656
-0.7352226141952822,-0.7114328865633324,0.023789727631949864
-0.47818927629871855,-0.45702816844535277,0.02116110785336578
0.13708256643373204,0.14275787208436885,0.005675305650636814
-0.7094886610483179,-0.6991498585518974,0.010338802496420496
-0.5716515767930748,-0.5565067321458358,0.015144844647238975
-0.5593067627416989,-0.551511879020464,0.007794883721234935
-0.9565481356917397,-0.9371966100071357,0.019351525684603965
-0.9189961075450489,-0.8885030635421003,0.03049304400294861
-0.7832677479167753,-0.7581558546677177,0.025111893249057604
0.8793684587802922,0.8519661460533302,0.02740231272696203
-0.882055479855118,-0.8626371726396856,0.019418307215432362
0.24310437852299893,0.2253210611311069,0.01778331739189204
-0.892442824810655,-0.8574243413385365,0.035018483472118445
-0.07235754575412856,-0.0550243425661332,0.01733320318799536
-0.9395302871306546,-0.9127170561328524,0.026813230997802195
-0.9421597009911445,-0.91125849396753,0.03090120702361454
0.9410465442894085,0.9171781966067988,0.023868347682609703
0.1390103108270859,0.1464474938506614,0.007437183023575489
0.7870652511052161,0.7715855128652903,0.015479738239925767
0.26627771747562734,0.2629781099359811,0.0032996075396462543
0.24680719556086406,0.2454470661178751,0.0013601294429889665
-0.5771006065827379,-0.5585229288794921,0.01857767770324581
0.4588769555543535,0.4611705125301042,0.0022935569757507324
-0.6122634576666044,-0.6043758778520232,0.007887579814581214
-0.7078540858726293,-0.6802159757771485,0.027638110095480783
-0.21748990447353195,-0.20397722216448766,0.013512682309044288
0.8334100629269351,0.8045153977537608,0.028894665173174294
-0.8860085679672003,-0.8551324118867014,0.030876156080498873
0.9336448081772188,0.9169723639892864,0.016672444187932456
0.9124129030180355,0.8811052016647718,0.03130770135326366
0.5068668645359192,0.5071753946470907,0.00030853011117149
-0.6158169623734359,-0.5936272229758399,0.022189739397595942
-0.5251524263679687,-0.5058194750081115,0.01933295135985713
0.4249515654891881,0.3980989906710585,0.026852574818129638
0.6684733322421995,0.6402644290184123,0.02820890322378722
0.3611147510643919,0.36555441604103056,0.004439664976638669
0.0052094565442093775,0.01572129070447875,0.010511834160269372
0.5979310174549761,0.5834907630821308,0.014440254372845351
-0.0012988055453638694,-0.014138244439388858,0.01283943889402499
0.5532575058982766,0.5271268262562889,0.026130679641987675
0.09664146057570178,0.1072463827266886,0.010604922150986823
-0.17596534541379794,-0.1614969094235691,0.014468435990228845
-0.6503257729913169,-0.6431690377063116,0.007156735285005267
0.6904906171391648,0.6646586373554633,0.025831979783701553
-0.9423325222851197,-0.9227138974017781,0.01961862488334154
-0.8861844470437702,-0.8672854336708586,0.018899013372911555
0.24411474594218857,0.2245897465650936,0.01952499937709498
-0.7208996372773534,-0.688879675671275,0.03201996160607845
-0.8522899421690202,-0.8355624864006277,0.01672745576839252
-0.1822255455649849,-0.1622901340896945,0.019935411475290404
-0.7342691058567599,-0.714406754238198,0.01986235161856187
-0.17912692358473034,-0.18785685168192331,0.008729928097192974
0.7713582852800182,0.761090871304233,0.010267413975785122
-0.39165454578724823,-0.3967924213624684,0.005137875575220163
-0.8327742543934034,-0.819776247869187,0.012998006524216343
-0.02009236578301622,-0.004376992006387677,0.01571537377662854
0.5664388205069399,0.5424448847734358,0.023993935733504168
-0.11030829767023691,-0.11921984180624576,0.00891154413600885
-0.9676523660035528,-0.9456524200944015,0.02199994590915122
0.9037748062960724,0.8827052411621648,0.021069565133907675
-0.7554175088518302,-0.7429592334757327,0.01245827537609756
0.7864481740557141,0.7602240098993222,0.02622416415639195
-0.9663386299479428,-0.9398418165870235,0.026496813360919358
-0.808257921486427,-0.7913327410743584,0.016925180412068586
-0.7612261850636689,-0.7300906771218277,0.031135507941841167
-0.5098232912135389,-0.48928053685086903,0.020542754362669835
-0.5303475096106441,-0.527382228348959,0.00296528126168516
0.888615301935813,0.8725013656166537,0.01611393631915925
-0.9083595504430518,-0.88931754125623,0.019042009186821862
-0.22952474192865382,-0.23706100912736427,0.00753626719871045
-0.8184289976626044,-0.7867341173471429,0.031694880315461416
0.8803612344796015,0.8638941654304757,0.01646706904912576
-0.41962129677479454,-0.39572946513061663,0.023891831644177908
-0.2025427603398187,-0.2061959139618,0.00365315362198132
-0.283118023629195,-0.26338450443906186,0.019733519190133164
-0.9641793624413901,-0.9390387731714707,0.025140589269919467
0.7934591489921814,0.7647104602845843,0.02874868870759706
-0.9067824768390703,-0.8891229511877198,0.01765952565135054
-0.6353681150163684,-0.6307799380492553,0.004588176967113111
0.425546596570386,0.41767424094123506,0.007872355629150951
-0.44614333607096696,-0.44676081955673175,0.0006174834857647915
-0.6638567745410158,-0.6396860218940794,0.024170752646936355
-0.9225220957439361,-0.8973301505725079,0.0251919451714282
0.9469937794225414,0.9295952581486939,0.017398521273847445
-0.6354875532877836,-0.6241516091114651,0.011335944176318558
-0.7745785114308243,-0.7602368626576923,0.014341648773132043
-0.4418697824966859,-0.4161737657801151,0.02569601671657079
-0.872942429837579,-0.8416148521288512,0.03132757770872774
-0.2759690207042323,-0.2793111873545404,0.0033421666503081204
0.9130360690146642,0.8976320522778698,0.015404016736794368
-0.15262589591450407,-0.15697874873563983,0.004352852821135761
-0.58829540041576,-0.5676598899089486,0.02063551050681145
0.2612968959731864,0.24715084068310306,0.014146055290083337
-0.11074530212421245,-0.10024711201965412,0.010498190104558325
0.15667155137840522,0.1678619198138559,0.011190368435450682
-0.9655716955189182,-0.9374237661873389,0.02814792933157928
-0.7780641053130614,-0.7451043207244195,0.032959784588641905
-0.14316300170327437,-0.12429028843988119,0.01887271326339318
-0.9214338586944772,-0.9058838641325363,0.01554999456194095
-0.7130044995238392,-0.704753188418936,0.00825131110490318
-0.7848927763361109,-0.7429524902420908,0.04194028609402012
0.4082697190464337,0.4121112325751742,0.003841513528740459
-0.012106713351222312,0.0016919867885254608,0.013798700139747773
-0.9694322534047953,-0.947877996165095,0.02155425723970028
0.8000400644281153,0.7728312458807085,0.027208818547406755
0.9086245674252857,0.8813316515883517,0.02729291583693405
0.08523674863413273,0.09767666514324294,0.012439916509110208
0.44304050677222473,0.43867974431022927,0.00436076246199546
0.5718644922420779,0.5650673251703577,0.006797167071720178
-0.429401488044988,-0.4249201693832677,0.004481318661720302
-0.1949062697238927,-0.17936394181432325,0.015542327909569442
-0.3639534496912979,-0.3498225477191141,0.014130901972183807
0.9568570828132735,0.9296715388087065,0.027185544004567075
0.9693820668249339,0.9455585809229157,0.023823485902018215
-0.3906115123690956,-0.38743943674870784,0.0031720756203877376
-0.7855693961229598,-0.7726933944887174,0.012876001634242407
0.21856876121114618,0.2040079823719027,0.014560778839243477
-0.9689991475150795,-0.939761587001087,0.02923756051399251
0.28348695717758815,0.26678044688041636,0.016706510297171795
0.7415755956204707,0.7278207227006259,0.013754872919844785
0.8883593123404496,0.8712115142577639,0.01714779808268574
-0.3256481590806494,-0.3191852127903063,0.006462946290343108
-0.9548223258054003,-0.9404172000415327,0.014405125763867543
0.612950802359639,0.6027543486410489,0.010196453718590015
-0.6874925548621931,-0.6582834948316612,0.02920906003053192
0.7313040348473764,0.7020804364447483,0.029223598402628115
-0.9529525667836174,-0.9337870687957487,0.019165497987868707
0.8843293100259976,0.8555301527560197,0.028799157269977838
-0.9498721115826603,-0.930070241054088,0.019801870528572296
0.3440341587292667,0.339940459334578,0.004093699394688677
-0.6246967284983396,-0.6204278128909954,0.004268915607344215
-0.6449553363604925,-0.638673729489375,0.006281606871117562
0.9363460459555661,0.9002721830740844,0.03607386288148173
0.6531509592326812,0.6446431687912271,0.00850779044145411
0.27746602207321763,0.2578680198932969,0.019598002179920748
0.966346485470881,0.940798824901621,0.025547660569259945
-0.954729486828702,-0.9374001810352812,0.017329305793420735
-0.9580603167718895,-0.9451140196240537,0.012946297147835795
0.5630165442193685,0.5360272985039477,0.02698924571542083
0.25929111257366,0.26482409560291237,0.00553298302925237
-0.44548798760477354,-0.444100865692614,0.0013871219121595613
0.6488822948647901,0.6247363021650582,0.024145992699731944
0.18662714189470653,0.1968444486063644,0.01021730671165788
-0.681571529717455,-0.6774166819728707,0.0041548477445843
-0.9343103417934713,-0.9230579421495706,0.011252399643900679
-0.6649852735267019,-0.6373384411800371,0.027646832346664763
0.18313272717855617,0.18984245694018603,0.006709729761629868
-0.8702558799474515,-0.8526868623468817,0.017569017600569725
-0.682578194094533,-0.6578725664225922,0.024705627671940844
0.9397228250621514,0.9250557969520583,0.014667028110093128
-0.7282199554128843,-0.7218876607935865,0.006332294619297851
0.7611286015641872,0.7338223644705173,0.02730623709366986
0.9686655364707849,0.9410038730693168,0.02766166340146814
0.9605456667913135,0.9277651275368866,0.03278053925442692
-0.8368500716021119,-0.8108801110041317,0.02596996059798018
0.9394599418326717,0.9178488298271763,0.02161111200549537
0.3703358248317659,0.3685440303853791,0.0017917944463868296
0.38748621020626406,0.3849109790975049,0.0025752311087591795
0.4999892655301091,0.4936120840535528,0.006377181476556304
0.7369357287775696,0.7293317105448287,0.007604018232740928
0.9627943970383188,0.9371638268441291,0.025630570194189684
-0.041467907073720126,-0.034123783990570485,0.007344123083149641
0.024093012075859024,0.014528810262580856,0.009564201813278168
0.9032115902413761,0.8806925482208733,0.02251904202050281
-0.875339286346271,-0.84416539251684,0.031173893829431032
0.9206324429770673,0.8867565378880476,0.03387590508901961
0.20856282516438449,0.21783177569980738,0.009268950535422898
-0.5662344339486526,-0.5416323035108099,0.02460213043784265
0.7588264729586143,0.7476897728268039,0.01113670013181034
0.4714486406004849,0.4611115532720569,0.01033708732842803
0.7944258251946598,0.7825184139336906,0.01190741126096917
-0.4390316955946706,-0.4151778525139767,0.02385384308069388
-0.7795996065838695,-0.7647680099120415,0.014831596671827985
-0.8728251923218344,-0.8464754747818258,0.026349717540008588
0.4333622823249382,0.4287708784951504,0.004591403829787788
0.6847132326499427,0.6563668975774856,0.028346335072457096
-0.9443482873481069,-0.9213331809596338,0.02301510638847315
0.11447094567074872,0.12373852883118361,0.009267583160434884
0.9489264427874071,0.9259615784299945,0.02296486435741263
0.7141483008718628,0.6859159450591139,0.028232355812748855
0.716210276889645,0.6864792308108706,0.029731046078774415
-0.9106589404357993,-0.88548961091518,0.025169329520619343
0.8882966964593205,0.8601979270485968,0.028098769410723756
-0.7227210311759265,-0.7098049247174142,0.012916106458512266
0.8472174991784284,0.8180297168247153,0.02918778235371311
0.3933379124679575,0.3969956610610926,0.0036577485931350573
-0.5498549414647325,-0.5461706490820739,0.0036842923826585494
-0.4155031063518866,-0.39281265262694687,0.02269045372493972
-0.784652554625021,-0.7691388059535639,0.015513748671457162
-0.7061379102862445,-0.6825547993871041,0.023583110899140447
0.17727353132644794,0.1605542398169367,0.016719291509511236
-0.4412562051912219,-0.42965332588696614,0.011602879304255742
-0.1739168607169293,-0.1556017166550665,0.018315144061862798
0.24710550790693936,0.2525327837066873,0.005427275799747944
-0.5448444574321102,-0.5446860862336248,0.00015837119848538528
-0.43661644195941773,-0.43236782794601797,0.004248614013399765
0.916170162037064,0.8930782206777067,0.023091941359357326
-0.1352004601967372,-0.12337144376685284,0.011829016429884362
0.8265356993426255,0.8130033374429264,0.013532361899699086
-0.8236734417274777,-0.8072086952371241,0.016464746490353566
0.16676846197189787,0.1494906159345293,0.017277846037368566
0.9452797289946484,0.9030629919074966,0.04221673708715179
0.14213231169756851,0.1511727867410129,0.00904047504344438
-0.2868834844676212,-0.2721117692565152,0.014771715211105985
0.9499398541467228,0.9352652853941381,0.01467456875258466
-0.28856649783158483,-0.28183625017993225,0.006730247651652588
-0.1740396997348648,-0.15626090373744986,0.017778795997414942
0.9580757649469087,0.936516237492757,0.021559527454151683
-0.7447520292859936,-0.7208876926276241,0.02386433665836951
-0.6802456580164625,-0.6690484443026292,0.01119721371383331
-0.9423541944737274,-0.9183751523615338,0.023979042112193594
0.4241924632099663,0.4267281707897921,0.0025357075798257966
-0.927969333560609,-0.9068039985268666,0.021165335033742405
0.5611993651183402,0.553033141416906,0.008166223701434272
0.9672669431669403,0.9503806947088502,0.01688624845809006
0.49068541729032056,0.4658535738615818,0.02483184342873873
-0.8131887634481263,-0.767719669336377,0.045469094111749264
-0.4518572716916982,-0.45437281250184064,0.002515540810142436
0.29092868024429913,0.27335128562481115,0.017577394619487985
-0.10185353820704339,-0.08515616339054236,0.016697374816501034
-0.6201518731629806,-0.6177011762434743,0.002450696919506279
-0.864447760278799,-0.8499887112709483,0.014459049007850666
-0.9683996607921176,-0.9497756009348739,0.01862405985724369
0.9540089175500146,0.9330174010069672,0.020991516543047428
-0.9134662745330592,-0.8941894492856424,0.019276825247416807
-0.6495097080402359,-0.6447568651503464,0.00475284288988953
-0.20988692062929448,-0.2141722115680903,0.004285290938795816
0.771613206405644,0.7601915808283632,0.01142162557728077
0.20065468495532987,0.2133395471785971,0.01268486222326723
0.24646672280495435,0.22687819838155887,0.01958852442339548
-0.005416039814177708,0.009548052359075914,0.014964092173253622
0.22834229466902653,0.23462677273494437,0.006284478065917837
-0.9286296258685675,-0.9015635824460957,0.027066043422471764
-0.2617927622076172,-0.2459785802267491,0.01581418198086812
0.1977498509758087,0.20638027922397312,0.008630428248164429
-0.5847556807710289,-0.5802451089993014,0.004510571771727534
0.8105363338790439,0.7959044575168663,0.014631876362177554
-0.287421502458675,-0.29126111693019685,0.0038396144715218683
0.12425455168192676,0.1308732329076283,0.006618681225701556
-0.9669105403033219,-0.9486933740376188,0.018217166265703133
-0.9035276247121478,-0.8707465204222918,0.03278110428985592
0.5351415133185656,0.5131810875673478,0.021960425751217816
0.6536849619746247,0.6259762617723434,0.027708700202281222
-0.832001441239459,-0.8028130814354033,0.029188359804055652
-0.669906887215566,-0.6539369093301388,0.0159699778854272
0.9379117227545761,0.9106887656913515,0.02722295706322464
-0.060305294560754515,-0.039838653017249766,0.02046664154350475
0.7025497711887461,0.6887747994192404,0.013774971769505706
-0.37403128114646095,-0.3748454899362443,0.0008142087897833328
-0.8020833312861692,-0.7850345919576968,0.017048739328472395
0.9163399397503492,0.8884941059819538,0.027845833768395445
-0.09000863509945796,-0.09869265280704674,0.008684017707588781
0.18198466300322477,0.1844117247245409,0.002427061721316126
0.6402023103761525,0.6188684412120634,0.02133386916408908
-0.8761699693319278,-0.8551082594054016,0.02106170992652623
0.9674700005718185,0.9341231642948489,0.03334683627696966
-0.8816248923385119,-0.8524186073146712,0.029206285023840706
0.12672759717261609,0.11376648835996182,0.012961108812654262
-0.7458625135911561,-0.722190992704646,0.023671520886510033
-0.08520604294659745,-0.09617207079783704,0.010966027851239596
0.7202122692818381,0.6972016896544055,0.02301057962743258
-0.24250225750840854,-0.24546152231876517,0.002959264810356632
0.1520543819848188,0.1561590996883783,0.004104717703559496
0.4372305457077953,0.4332610356173538,0.003969510090441497
0.9335035385604228,0.9060629639760555,0.027440574584367328
-0.645659352525191,-0.6360143276569428,0.009645024868248253
0.11674845031052117,0.10438101821008768,0.012367432100433493
0.33854749131178397,0.3194070969034597,0.01914039440832427
-0.9246316840349823,-0.9081891042162863,0.016442579818696013
0.20903557944066414,0.2047686773073343,0.004266902133329836
-0.4862495605605277,-0.4717923678334498,0.014457192727077905
0.07611790150405849,0.0873099417596589,0.011192040255600402
-0.2952315677799797,-0.29651573150062444,0.0012841637206447154
-0.9020008463284974,-0.8714668431532395,0.030534003175257896
-0.28613283167176357,-0.27253208604902984,0.013600745622733723
-0.07845379013804805,-0.06837783221246273,0.010075957925585327
-0.8476940303781403,-0.8227312347655363,0.02496279561260395
-0.8362520900084365,-0.8045311846780911,0.03172090533034533
-0.5712137545179907,-0.5510541451959549,0.020159609322035865
0.9153927445304096,0.8863823101279247,0.029010434402484964
0.958157695645852,0.9355915163495075,0.022566179296344413
-0.16254929421628014,-0.14368247378339707,0.01886682043288307
0.956929310281717,0.9402079964926221,0.016721313789094916
-0.480163535515265,-0.45832639560791805,0.02183713990734698
0.2948078795557327,0.2741414250946788,0.020666454461053863
0.23329571233474958,0.21372750685236144,0.019568205482388135
0.19475853362815992,0.17548851785761946,0.019270015770540466
0.8245400208811963,0.8071883787761273,0.01735164210506901
-0.7325038220767875,-0.7302219959833707,0.002281826093416872
0.9677089292759754,0.9440989301527686,0.023609999123206826
0.9055292448930307,0.9002978557246438,0.005231389168386835
0.13916525293040968,0.12322493551264632,0.01594031741776336
-0.24574913997932268,-0.23258424017583582,0.013164899803486868
0.6905308839576201,0.6838825860685463,0.006648297889073729
-0.555446062868002,-0.5302229071538364,0.025223155714165668
-0.3786517041879512,-0.35476249620287736,0.023889207985073824
0.9382943185911622,0.9223903516565141,0.01590396693464813
0.43803917408990134,0.4183537956936474,0.01968537839625395
-0.9194344231494836,-0.8991273791716236,0.020307043977860095
0.5233466643956644,0.503551763106668,0.019794901288996303
-0.8021207547035933,-0.7716525164052871,0.03046823829830625
-0.9651510961926694,-0.9373262632367433,0.027824832955926082
0.4976070683967283,0.49451566397523583,0.003091404421492472
-0.7853076685927715,-0.7698968627592794,0.01541080583349208
0.947761826660237,0.9300773426849739,0.01768448397526312
-0.12428684512977556,-0.1295078636777909,0.005221018548015349
-0.8739681562384068,-0.8440073555988675,0.02996080063953932
-0.1414055657862484,-0.1527734630088927,0.01136789722264428
-0.9217570603595296,-0.8900281482457937,0.03172891211373596
-0.9576967265929462,-0.9355325533749623,0.022164173217983918
-0.659906721586293,-0.6488344304554208,0.01107229113087227
0.27668829645672816,0.25622636542129207,0.020461931035436087
0.7511647797308386,0.7355883437676441,0.015576435963194468
-0.1072287914393941,-0.1136987695256458,0.0064699780862517015
0.8047463138732549,0.790452324960108,0.014293988913146927
-0.34297526915051063,-0.3503372852871457,0.007362016136635063
0.8797287090935365,0.8603261494751145,0.019402559618421966
-0.8452497411206001,-0.8209053056914482,0.02434443542915199
-0.6402870093886255,-0.6228131972000657,0.017473812188559812
-0.7324504173541116,-0.7232184139171659,0.009232003436945746
-0.6526265210301039,-0.6367074742147871,0.01591904681531675
-0.9110459554576351,-0.8798035936532692,0.031242361804365903
-0.8910514057835199,-0.8636526110943525,0.027398794689167394
0.19922288975520008,0.2024312293012097,0.003208339546009603
-0.27557994215484977,-0.25367210566440423,0.02190783649044553
-0.26731210085247586,-0.26812187429392187,0.0008097734414460045
0.4313572194946485,0.4286042464963122,0.0027529729983363227
0.2609716440902447,0.26533784816704453,0.004366204076799829
0.9028090328941114,0.8722077613605519,0.030601271533559515
0.18700305150884514,0.1722798188348294,0.014723232674015735
-0.9380947321788934,-0.9178533365614998,0.020241395617393576
-0.5590793208041704,-0.5434726770318136,0.015606643772356876
0.5876523130940808,0.560935651752519,0.02671666134156181
-0.6650383565963119,-0.6379919478280002,0.02704640876831177
0.8961822885248591,0.8663868653569499,0.029795423167909285
-0.13679871966277365,-0.1268298396002675,0.009968880062506152
0.729432582128374,0.7092119526620984,0.020220629466275675
-0.03374169309840046,-0.046950348470077716,0.013208655371677258
-0.9155901012251408,-0.9023208117483428,0.013269289476798063
0.3085305307252095,0.2972904335001808,0.011240097225028667
0.7375619614904022,0.7087819773328674,0.0287799841575348
0.9579387302244672,0.9314032328994682,0.026535497324998936
0.9460900096020611,0.9344630773706503,0.01162693223141087
-0.2970528579335816,-0.3012489658934247,0.004196107959843098
0.962689864673996,0.9368219294217915,0.025867935252204433
0.01446661017517355,0.024650496463464837,0.010183886288291286
-0.8751235954960034,-0.8526620457373556,0.02246154975864778
0.916955142580348,0.8916587567551657,0.025296385825182344
-0.7153494877049698,-0.7031373831645227,0.012212104540447077
0.2123994470345272,0.18537724341998102,0.027022203614546186
-0.7380646281157405,-0.7288418425496329,0.00922278556610756
-0.8746365892938153,-0.8582148253008426,0.016421763992972682
-0.8508028731272572,-0.8346265652533685,0.016176307873888685
-0.7781538553998982,-0.7658502749088266,0.012303580491071608
-0.7420263443709157,-0.711794189631644,0.030232154739271766
-0.7924923499440092,-0.7617923579138897,0.030699992030119527
-0.2303692283534831,-0.2135862474959506,0.01678298085753252
-0.9675197311011191,-0.9364366858813726,0.031083045219746475
0.9564698865192997,0.9299051095207227,0.026564776998576956
0.5324696164104653,0.4954719685426935,0.03699764786777182
-0.9247310690805629,-0.9071962461676102,0.01753482291295272
0.2650387911668204,0.2727498434873181,0.0077110523204977355
0.41592872960247873,0.4008998476633437,0.015028881939135041
0.5303866479479575,0.5246631498999609,0.005723498047996656
-0.5282118305483192,-0.5065636369106149,0.021648193637704316
0.16351161472014727,0.1449676314448515,0.018543983275295772
-0.8636991142592536,-0.8426920424346381,0.021007071824615475
-0.2234397819333159,-0.22362867701007832,0.00018889507676242423
-0.25386928075512766,-0.23944237165564214,0.014426909099485519
-0.8072349112778464,-0.7877775224286141,0.019457388849232315
0.8130744146897254,0.7860356639801412,0.02703875070958417
0.9184544549450606,0.8907317632671047,0.027722691677955935
-0.26667640825483147,-0.262860337553001,0.0038160707018304874
-0.7498682268519352,-0.7188985396751857,0.030969687176749527
-0.8809474911534042,-0.8620099366801213,0.018937554473282936
-0.057647487863946016,-0.06874708235987324,0.011099594495927227
0.4358888615944631,0.41329209962691094,0.02259676196755217
-0.8836397201694044,-0.8744866003887556,0.00915311978064881
0.5959457096206118,0.5734276256922639,0.022518083928347865
0.2937537193394843,0.293919140603621,0.00016542126413671143
-0.0678278676816753,-0.07657323926880391,0.008745371587128611
0.05120772549124649,0.03882267263953013,0.012385052851716358
-0.8444787927482015,-0.8139948190697056,0.030483973678495868
0.6859506204508393,0.6756843520526695,0.010266268398169798
0.551398294913756,0.5492871765143466,0.002111118399409473
-0.7370050418898142,-0.727304589833352,0.009700452056462194
0.9080302043098681,0.8899582337387683,0.018071970571099882
-0.34886258406300613,-0.35007568586574994,0.00121310180274381
0.9118793034304227,0.8927790755957563,0.01910022783466636
-0.2688895993429346,-0.2747796397686358,0.005890040425701182
-0.6057124944048029,-0.5989797427340696,0.0067327516707332835
0.37996172830868413,0.3810374189588246,0.0010756906501404595
-0.9380332361995339,-0.916022745702128,0.022010490497405888
0.9267387774271955,0.9111184112838301,0.015620366143365372
0.6830163063010297,0.6551399844376032,0.02787632186342648
0.16316938336905673,0.14485380903607376,0.018315574332982976
-0.2980278243888129,-0.2984960192980101,0.00046819490919719486
-0.7897151621753833,-0.7791710899143983,0.010544072260984971
-0.16996577332085028,-0.172186763987998,0.002220990667147732
-0.9128291946197217,-0.8909761497607808,0.021853044858940907
-0.7421726774805236,-0.7116796865842121,0.030492990896311523
0.8035510071235993,0.7926703003799559,0.010880706743643387
-0.21726146933801302,-0.19678626445208636,0.020475204885926662
-0.12781131318425556,-0.13592854256672895,0.00811722938247339
0.5297397331560706,0.5111807364064798,0.018558996749590828
0.6035015627279651,0.5994610310369446,0.004040531691020477
-0.7866838119876582,-0.7760110218839149,0.010672790103743335
-0.5394263042579026,-0.5343132962152202,0.005113008042682443
0.4004040803304706,0.40361004906556586,0.003205968735095266
0.41370288618519874,0.4189220880260226,0.005219201840823862
0.5933140391723235,0.5700183759418449,0.023295663230478603
0.13553725906774297,0.1409657109307994,0.005428451863056433
0.23313347898733805,0.21824441467793199,0.014889064309406064
-0.825389537958367,-0.800298339433176,0.02509119852519104
-0.021717562031992106,-0.009526591308176357,0.01219097072381575
0.839208767853739,0.8197479822547716,0.019460785598967356
0.8430701926674934,0.8252315288930051,0.017838663774488284
-0.7191405203149844,-0.7089580759822917,0.010182444332692775
-0.2672366439951262,-0.2705445821056581,0.003307938110531927
0.850567788226161,0.8339237809851818,0.016644007240979142
0.5903393798483015,0.5681673261234894,0.022172053724812124
0.6864925174800534,0.6879180537023135,0.0014255362222601597
-0.968596170599089,-0.9461479208964405,0.02244824970264847
-0.946146907792113,-0.917921545549247,0.02822536224286598
-0.381444312123136,-0.38176771876271526,0.000323406639579249
-0.35033538987073737,-0.350476373779718,0.00014098390898065194
-0.5169125443352774,-0.4911654192480434,0.025747125087234035
-0.43629807460016573,-0.43995173657164477,0.0036536619714790386
0.2805878640798189,0.2855874423907103,0.004999578310891428
-0.0881505375636589,-0.10116198842911986,0.01301145086546096
0.5173151671601938,0.5151833437583002,0.002131823401893551
-0.8689091960224166,-0.8467660602273972,0.022143135795019364
0.0781116738680114,0.08166239382059184,0.003550719952580439
0.0423402038391804,0.02254367068703748,0.019796533152142918
-0.9229468855318561,-0.894000364339455,0.028946521192401153
0.9214622799015707,0.9055324630957373,0.015929816805833386
0.583027415722616,0.5608866386947967,0.022140777027819247
0.7776016581673708,0.7489552213075125,0.02864643685985835
-0.9639297040570138,-0.9386072118063395,0.02532249225067429
-0.7460893866628292,-0.7396282894432192,0.006461097219609968
-0.4800065851383879,-0.4777629672584679,0.0022436178799200013
-0.8360606657234144,-0.816401323979362,0.019659341744052372
-0.6715285643351984,-0.658984504504592,0.012544059830606358
-0.35592770857405037,-0.3568850379946838,0.0009573294206334237
0.13951060451440234,0.1502919468393345,0.010781342324932164
-0.2152216461109321,-0.22220287376769088,0.006981227656758765
0.7659609028837285,0.7412542264049463,0.02470667647878222
-0.40569535135501694,-0.408868531966441,0.0031731806114240757
-0.9658436899156226,-0.9424716563157486,0.023372033599874054
-0.9243918319565169,-0.8979176639338853,0.026474168022631583
0.9463924596214768,0.9229374067675817,0.023455052853895042
0.1287714311682714,0.13372496096645808,0.0049535297981866955
-0.9542559660732223,-0.9379171318167158,0.016338834256506507
0.810276139101929,0.7964631539354784,0.013812985166450575
0.7351966893786865,0.7077617229270697,0.027434966451616805
0.7834279094527238,0.7573873074608756,0.02604060199184821
0.678461651708632,0.65826871978588,0.020192931922752066
0.5151089676904504,0.49734321961251404,0.017765748077936405
0.8621880140080873,0.8363002054578809,0.025887808550206448
-0.37310831030004954,-0.378908464769375,0.005800154469325469
0.035687422032056264,0.04336459726847384,0.007677175236417574
-0.6477629751807511,-0.6451295730641947,0.0026334021165563826
-0.6709809407585899,-0.6601438349371147,0.010837105821475235
-0.15363208183270166,-0.16408960944653142,0.010457527613829759
0.7000803175216516,0.6899464909561601,0.010133826565491444
0.48031416793977644,0.4698315503820481,0.010482617557728335
-0.7915637255526805,-0.7777742749964393,0.013789450556241256
-0.3396471684288867,-0.3413236527702209,0.0016764843413342168
-0.9664255656632968,-0.9373613555190136,0.029064210144283287
-0.49571426081430503,-0.4695670347842591,0.026147226030045934
0.5439408475179313,0.5186144976983575,0.025326349819573712
0.10437487868313121,0.09458292965276366,0.00979194903036755
-0.31232731235972433,-0.31248775868919754,0.00016044632947320725
-0.419775596085492,-0.42151849781867023,0.0017429017331782592
-0.04616705086796457,-0.03557973468138732,0.010587316186577246
0.14864312133107369,0.14429626316474425,0.0043468581663294314
0.2147679329780822,0.20401555146930037,0.010752381508781828
-0.6063329337396168,-0.5699591097952014,0.03637382394441546
0.8754754259841061,0.847912988117575,0.02756243786653112
-0.4447327391054912,-0.44707735851544894,0.0023446194099577267
0.12617693957307557,0.11155050667313826,0.014626432899937314
-0.4716756858410179,-0.4717381816698468,6.249582882894567e-05
-0.26242821399809885,-0.27050190943038044,0.008073695432281591
-0.22558797346663972,-0.2304372789288548,0.00484930546221507
-0.8683596826079905,-0.8458404064370517,0.02251927617093874
-0.8389115740014117,-0.821029988246085,0.017881585755326723
0.638543480732231,0.6106477270424446,0.027895753689786362
-0.48843632948838706,-0.47346069088363013,0.014975638604756925
-0.8121152362075166,-0.7903611687859404,0.02175406742157615
-0.7958969637643368,-0.7884908541267869,0.007406109637549951
-0.959221408851196,-0.9346141586148151,0.024607250236380884
0.6235508384241267,0.6178147202923567,0.005736118131769996
-0.4102315460340098,-0.3956912793518099,0.014540266682199876
-0.7105769154452057,-0.6997694057473444,0.010807509697861373
-0.7567584150922522,-0.7410990631082958,0.015659351983956404
0.21826398802475858,0.21313696147392266,0.005127026550835911
-0.13722195039186053,-0.14376656143472877,0.0065446110428682425
-0.5234811673018416,-0.497448980415881,0.026032186885960595
-0.15948460019690533,-0.165743699045508,0.006259098848602679
0.44002341686188834,0.43535955197053083,0.004663864891357505
0.7883477113665794,0.7714656082454918,0.01688210312108762
-0.9471645424031558,-0.9307575367989802,0.01640700560417563
-0.7839570778886502,-0.7583093249481165,0.025647752940533675
-0.5786681731753675,-0.5767388565262836,0.001929316649083801
0.5382403934211772,0.5124766647033607,0.025763728717816514
0.8623544184604385,0.835530058250929,0.026824360209509512
0.2332097074472173,0.24188729639551879,0.008677588948301479
0.2501995067676478,0.25435265298156934,0.004153146213921544
-0.3783110390448055,-0.3773953737249339,0.0009156653198715836
-0.4345068678722452,-0.4323623280536988,0.002144539818546398
0.872349235012714,0.8476227802965406,0.024726454716173407
-0.9179404813785049,-0.8982668292490116,0.019673652129493346
0.7293680887367544,0.7066988019829079,0.022669286753846496
-0.9668183310688843,-0.9372159141526379,0.02960241691624632
0.6359203498922178,0.6310931198002793,0.004827230091938528
-0.8416612944694517,-0.8276292186518781,0.014032075817573597
-0.5593315705405809,-0.551926628447043,0.007404942093537925
0.362943883146033,0.36370983218424996,0.0007659490382169731
-0.7366373206927922,-0.7233734269152103,0.013263893777581859
0.4797768425283158,0.4813207850043586,0.0015439424760427811
0.7763107513280407,0.7602697811407714,0.016040970187269354
-0.9401008567126884,-0.9158101523104578,0.02429070440223058
0.379347838804834,0.36300576881027263,0.016342069994561392
0.5250320058554725,0.5230125691870727,0.0020194366683997655
-0.5254512013618833,-0.5251639395987812,0.00028726176310212015
-0.8222004076456703,-0.7950586473739135,0.027141760271756743
-0.5472607491510522,-0.542906034787584,0.004354714363468126
0.9630978871430736,0.9521763453865021,0.010921541756571562
-0.7852900068157516,-0.7545194004660156,0.03077060634973594
-0.5274858670892489,-0.5118114053514332,0.015674461737815726
-0.7095181483524756,-0.700025151227794,0.009492997124681657
0.9575477280893058,0.9342649361199816,0.023282791969324146
-0.944701157493205,-0.9258308036153329,0.01887035387787217
-0.770893297901184,-0.7477443991725621,0.023148898728621914
-0.0315415391902745,-0.04094537984799493,0.00940384065772043
0.6239925195763156,0.5960217160204303,0.027970803555885326
0.8588963662974007,0.838530095560506,0.020366270736894787
0.5804746420611733,0.5659508443149042,0.014523797746269107
0.3339643107880539,0.31478552355122913,0.019178787236824757
0.9026875903183239,0.8763821942066768,0.02630539611164706
-0.27437424185819864,-0.25862700654410775,0.01574723531409089
0.08928964456536945,0.10247983662900716,0.01319019206363771
-0.7191272956717709,-0.6989031287855918,0.020224166886179118
-0.5283623022004376,-0.5110370302874132,0.017325271913024354
-0.7605495291036231,-0.7337151172457973,0.026834411857825757
-0.8501112170991363,-0.8403338321014843,0.009777384997652017
0.5441285067733768,0.5356835862896488,0.008444920483727913
-0.4403367113817703,-0.4149201992367718,0.02541651214499846
0.9513083817697497,0.9248105091592469,0.02649787261050285
-0.9060746276490885,-0.8956841129663374,0.010390514682751095
-0.7838276307213581,-0.7719939271915085,0.011833703529849582
-0.49909523259915617,-0.493985787264301,0.005109445334855189
-0.8505357018688597,-0.8318379627258844,0.018697739142975345
-0.6850439570312464,-0.67630834198902,0.008735615042226419
0.23020085636211582,0.23879820380682915,0.008597347444713327
-0.9304578249184463,-0.9068682839890642,0.023589540929382147
-0.8947978234937448,-0.862915266926116,0.03188255656762884
0.7680419425114322,0.7588608200680232,0.009181122443408962
0.8662963015676342,0.8535892175896382,0.012707083977995914
0.08638979035985957,0.0908234645016914,0.0044336741418318365
0.9056553203995374,0.8789384457264879,0.026716874673049507
-0.38106823919670824,-0.3797770496587955,0.0012911895379127403
0.2643155903028264,0.24688954528473842,0.017426045018088004
0.3330978533236846,0.3112942868355003,0.021803566488184267
0.9652092341798655,0.9398318093288021,0.025377424851063424
-0.6851559236258304,-0.6775856447661472,0.007570278859683199
-0.9362679361397768,-0.9049414591035267,0.03132647703625002
0.968101955516762,0.9543188908265067,0.013783064690255364
0.7158111355094612,0.7076906042291279,0.008120531280333299
0.9325535521738322,0.9123871342562794,0.020166417917552804
-0.8319937809826079,-0.8152539674087705,0.01673981357383736
0.15836055881146496,0.14156666002748391,0.01679389878398105
-0.16757685962091368,-0.15503067385516078,0.012546185765752893
-0.06663090105326232,-0.06049825768516857,0.00613264336809375
0.9573569388885314,0.9319116166796232,0.02544532220890816
-0.82581083888387,-0.811646218261213,0.014164620622656998
-0.6894875983992702,-0.6817735966351128,0.007714001764157374
-0.8376178722589019,-0.8176366306794848,0.019981241579417164
0.9670528833703592,0.9519793385302912,0.015073544840068065
0.7531890096942464,0.72673871082749,0.026450298866756428
-0.9114102545835824,-0.8859317623794134,0.02547849220416898
-0.23463433835565103,-0.2424940617658865,0.00785972341023547
-0.9044190879309227,-0.8831785487810454,0.021240539149877335
-0.9261300512644826,-0.8996079871086442,0.026522064155838354
-0.9596067890175222,-0.9332247968609377,0.026381992156584433
0.9377091424389635,0.911195997978673,0.026513144460290516
-0.5058375147526882,-0.5048693237861402,0.0009681909665479882
0.9638639450687629,0.9361547258060801,0.027709219262682883
0.9567468097266575,0.933001956322531,0.023744853404126465
0.8691090804304374,0.8565972516248032,0.012511828805634284
-0.7749974351826674,-0.7493478128695725,0.025649622313094866
0.006465888197002535,-0.0015227573741125446,0.00798864557111508
0.9611880997740105,0.9384114759330183,0.022776623840992216
0.9664104496471925,0.9487151858399813,0.017695263807211203
0.9167677641686033,0.8893271033666045,0.027440660801998806
0.45525849068140345,0.4331297845854892,0.022128706095914275
-0.6390722519921224,-0.6094760210319305,0.029596230960191816
-0.9208162673186857,-0.8888701610124166,0.03194610630626915
-0.7323517225574477,-0.7175344998132425,0.014817222744205272
0.7635152605664511,0.7394005877465232,0.024114672819927963
-0.7553366365971178,-0.7431535704354848,0.012183066161633005
-0.9413100390218299,-0.9134985261408606,0.02781151288096928
0.7808174834273333,0.7716726457012097,0.009144837726123511
-0.6980294573713282,-0.6722593738379429,0.02577008353338528
-0.711886626537671,-0.702108063662943,0.009778562874728003
-0.743813420303548,-0.7300999690763518,0.01371345122719625
0.967873922092223,0.9422762466107291,0.025597675481493942
-0.9376657078708401,-0.9064542080469972,0.03121149982384297
-0.3608670514089586,-0.35218134153767805,0.008685709871280534
-0.6200543853130437,-0.598023857956429,0.022030527356614704
0.7804556090875485,0.7798221952977682,0.0006334137897803238
0.027831670342268713,0.00790358194691633,0.019928088395352383
-0.8927031433059179,-0.8610737319757669,0.03162941133015107
-0.8808542413076208,-0.8706939722982654,0.010160269009355405
0.41067066239329625,0.4062819203867087,0.004388742006587565
0.921837852718799,0.9042564086560028,0.01758144406279627
-0.6696160345483028,-0.657984635238828,0.011631399309474766
-0.5623453582395355,-0.5587560232794649,0.0035893349600705227
-0.8120192470918823,-0.795829236915381,0.016190010176501346
0.7136071198614352,0.6995585968851541,0.01404852297628112
-0.2006075437993696,-0.18993499431906502,0.010672549480304577
-0.28053684710247145,-0.28770178790774076,0.007164940805269304
0.7647064305301009,0.7355372257628846,0.029169204767216295
-0.707465364861315,-0.6783854721545797,0.029079892706735277
0.27559301337379133,0.2574359641574141,0.01815704921637723
0.9412412834583104,0.9168815849256896,0.024359698532620766
0.30221792171383,0.3017957117672199,0.0004222099466100748
0.9201159637438103,0.9019044697929987,0.018211493950811675
0.5268761451936603,0.5088644034712503,0.018011741722410046
0.9540566222768736,0.9281886487966339,0.025867973480239725
0.36538900459026785,0.36340616643729995,0.001982838152967903
-0.7671531750965791,-0.7566931962987243,0.010459978797854763
-0.46031378148180746,-0.43931900379065547,0.02099477769115199
0.967723734585844,0.9494267951093315,0.018296939476512564
0.3464758652904113,0.3498873089383648,0.0034114436479534826
-0.7406018941487807,-0.7386262390776598,0.001975655071120963
-0.30826140337501673,-0.2868869687192682,0.02137443465574851
-0.7130002855047697,-0.6891601985890525,0.02384008691571715
0.9687915301499381,0.9429706512343304,0.025820878915607692
-0.6594125655987381,-0.6296989017309822,0.02971366386775587
-0.9469792910099264,-0.923352105107824,0.023627185902102443
-0.3066417925479227,-0.3118588453786454,0.005217052830722713
-0.5903709291475516,-0.5868455989533491,0.003525330194202536
0.19664516890143025,0.18252587233434228,0.014119296567087963
-0.9350724060681226,-0.9104275500601706,0.024644856007951965
-0.9391861266503176,-0.912824555432838,0.026361571217479618
0.24499431319648873,0.23735908594907063,0.007635227247418108
-0.8923267888687525,-0.8603361164680238,0.031990672400728726
0.9515120145140166,0.920475291759556,0.031036722754460566
0.8810430137049974,0.8655469017829509,0.015496111922046474
-0.756092396168397,-0.7462844736405431,0.009807922527853896
-0.26052011294826893,-0.26887730050501046,0.00835718755674153
0.5614830162231562,0.5434599388241254,0.018023077399030862
0.8977121951942935,0.8685669178833386,0.029145277310954842
0.06351407590750768,0.07754531567836706,0.014031239770859377
0.0958411651829524,0.10657509818622653,0.010733933003274132
-0.08444997945316658,-0.09296268758951878,0.008512708136352201
-0.795876606174933,-0.7859963170298165,0.009880289145116516
0.9384087933297368,0.9203803064495911,0.01802848688014569
0.1445827985903166,0.13582511809128353,0.008757680499033083
-0.8617371635334881,-0.8442119555962053,0.01752520793728274
0.46605144623038725,0.46602689014067783,2.4556089709415474e-05
0.9649665225287197,0.9362709502383022,0.028695572290417526
0.958812139231176,0.9393672227295016,0.01944491650167446
-0.23602258332403764,-0.22333178637994436,0.01269079694409328
0.9651500213807916,0.9446796769781758,0.02047034440261586
-0.3516678077884103,-0.33766094199869773,0.014006865789712553
0.8184720221024634,0.7874779811384581,0.030994040964005265
-0.8064857209085968,-0.7910171539457423,0.01546856696285448
-0.4847466508635912,-0.4786542881843464,0.006092362679244789
-0.5151257609487092,-0.4941102204988357,0.021015540449873527
-0.21696718087912514,-0.19806938804790755,0.01889779283121759
-0.12992241655221856,-0.13429524620640979,0.004372829654191224
0.1109853707779501,0.09563707033873091,0.015348300439219184
0.05183039572343449,0.062111746195425345,0.010281350471990858
0.299758858018719,0.30000909928652175,0.00025024126780276434
-0.923519426545704,-0.8931882090794303,0.030331217466273652
-0.9658512790503481,-0.9352622180349816,0.030589061015366514
0.4179412537022754,0.3940402577208812,0.023900995981394224
0.8737163495920677,0.8556994673392941,0.018016882252773536
0.6266202243899874,0.6196688390311429,0.006951385358844542
0.030941120062646772,0.04442292009447559,0.01348180003182882
0.2651679592679929,0.24292992971590757,0.022238029552085342
0.9069366021926832,0.8908322655593766,0.016104336633306682
-0.9208426684122328,-0.9042489055781284,0.01659376283410441
0.7554076286287036,0.7338324819709208,0.021575146657782818
-0.9436253219226691,-0.9126125923627859,0.031012729559883212
0.5731521140841811,0.5700720208594124,0.003080093224768654
-0.37333270557959936,-0.3770501580115573,0.003717452431957924
0.7710916828992318,0.741845887945382,0.029245794953849824
-0.8498633259411658,-0.8384704178383012,0.01139290810286453
0.6133395328688143,0.6025663079035087,0.010773224965305528
-0.5956147661560147,-0.5752099823760296,0.020404783779985114
-0.11001969918200735,-0.09480516947652354,0.015214529705483815
0.04793076562616406,0.0498400795710382,0.00190931394487414
-0.962937509511832,-0.9418739420869838,0.021063567424848162
0.25498662241601855,0.24272875483274056,0.012257867583277987
-0.2723127772607383,-0.26756171425241965,0.004751063008318679
0.7288304521192599,0.7131716568807074,0.015658795238552514
-0.9676075793949136,-0.945418890668431,0.022188688726482608
-0.9050695240555023,-0.8785845922596117,0.02648493179589062
-0.8068646509051809,-0.775300172834515,0.03156447807066587
0.13847317571351883,0.14758564061707843,0.009112464903559603
0.008218777506852248,-0.005091597487449571,0.013310374994301818
-0.8188652869262073,-0.7913929698134355,0.02747231711277176
-0.7162765110618945,-0.703202568730686,0.01307394233120851
-0.7207167982804191,-0.6972880524782993,0.023428745802119844
0.5836548374195306,0.5810996803010329,0.0025551571184977417
-0.8053609814505075,-0.7766556962521048,0.028705285198402652
-0.4479010790544306,-0.44977838470484366,0.0018773056504130525
-0.9193119482156704,-0.8903599772468788,0.02895197096879165
-0.9666534309619577,-0.9447822264910115,0.02187120447094615
-0.1820835419294624,-0.1685653291952673,0.013518212734195123
-0.07646769101052552,-0.06782881374858445,0.00863887726194107
-0.9293147229394837,-0.9131236245166883,0.016191098422795425
-0.12462929834553636,-0.10625024937584018,0.01837904896969618
0.8906233239912682,0.8757451810650824,0.014878142926185833
-0.5444154854289303,-0.5357645735121845,0.008650911916745718
-0.24834944502283632,-0.23650656361508574,0.011842881407750583
0.3261115990712618,0.30856252996553685,0.017549069105724957
0.21021230773968275,0.19299732500155345,0.017214982738129297
-0.9187340817755154,-0.9003197729579582,0.018414308817557234
-0.4856935649894635,-0.4606669404953273,0.025026624494136174
-0.7282147723388437,-0.7042175157567262,0.023997256582117488
0.2945597719084684,0.3006724433956476,0.0061126714871792
0.8199210575727454,0.8094522084881949,0.01046884908455048
0.9349873520991345,0.9187710436182989,0.01621630848083566
0.7849104731034473,0.7568513030383588,0.028059170065088512
-0.8319135174084575,-0.8022859138955455,0.02962760351291205
0.9619955277411999,0.9338040426931852,0.02819148504801472
-0.9667515244302051,-0.9392097273935186,0.027541797036686466
0.3239815260698089,0.3268001413582092,0.0028186152884002724
-0.8364567941375352,-0.8101775839351358,0.026279210202399317
0.7589159744221423,0.7478525475392357,0.011063426882906624
-0.6956262343776476,-0.6635037909812272,0.03212244339642034
-0.8178163098048217,-0.7733164550369273,0.04449985476789442
-0.7178808348296994,-0.6972618869537244,0.02061894787597507
0.12939864637384796,0.11199509165807535,0.01740355471577261
-0.4095889298680952,-0.3898407976001514,0.019748132267943808
0.25981763366672506,0.2612088930268512,0.0013912593601261292
0.30714742935019074,0.3111438961714864,0.003996466821295674
0.7314805262190811,0.727584809044459,0.0038957171746221153
0.005743263105581844,-0.005548029800565725,0.011291292906147568
-0.8383209387787947,-0.8052656982397891,0.03305524053900555
-0.9262082109988364,-0.9044671619296895,0.021741049069146978
-0.8888378555205959,-0.8577551210152932,0.031082734505302745
-0.7369028344856705,-0.7253207760806989,0.011582058404971618
-0.18410179874901714,-0.1914929950995919,0.0073911963505747524
-0.6029126149616607,-0.5867082132865931,0.016204401675067648
-0.9468378361933896,-0.9159190218224249,0.030918814370964665
-0.5081570060681453,-0.4884269177020835,0.01973008836606177
-0.18703505275997664,-0.19036302406323896,0.003327971303262317
-0.9150411226856537,-0.8929722800715155,0.022068842614138218
0.007882274844490158,-0.0023792830645161652,0.010261557909006323
0.21719130533674108,0.19879453976174158,0.018396765574999502
-0.22632237619524273,-0.21030091238889492,0.016021463806347808
0.8843239342108917,0.872208303272885,0.012115630938006716
0.8449185663914289,0.8269193829507091,0.017999183440719824
-0.9248987445306229,-0.9007294785019052,0.024169266028717717
-0.8238308313789956,-0.7987066601733579,0.025124171205637702
0.9685379253213678,0.9419543488490512,0.026583576472316683
0.1256399432999088,0.13063704913187707,0.004997105831968274
0.9108702969580538,0.8915893399135854,0.019280957044468416
0.18848179626823935,0.1726044309127249,0.015877365355514456
0.3066148950907102,0.3042553864951593,0.0023595085955508965
-0.5520281273452012,-0.5317079693340727,0.02032015801112852
0.20293986189700552,0.19120942305332536,0.011730438843680163
-0.7508474156583194,-0.7455357607826039,0.005311654875715499
-0.22047470828686885,-0.20273143480269534,0.01774327348417351
-0.8241118280690269,-0.8065485712805069,0.01756325678852
-0.9272606278780086,-0.9144181694487654,0.012842458429243142
-0.8059202283782895,-0.7811363356650642,0.02478389271322523
0.9689614850005728,0.9425077579863786,0.02645372701419413
-0.8565172316293295,-0.8352232045026545,0.02129402712667494
0.3425615856133331,0.32777096124913485,0.014790624364198257
0.3185908781806385,0.30458498353499075,0.014005894645647776
0.7562360663832538,0.7363353402207283,0.019900726162525473
0.5967258612498607,0.5699150962354204,0.026810765014440352
0.3886528957346239,0.3922895040199947,0.003636608285370768
0.42500447435538796,0.424348483400258,0.0006559909551299703
-0.29287591012350683,-0.28228229027842155,0.010593619845085278
-0.714435134221128,-0.6886895911656574,0.02574554305547061
-0.010804525490339917,-0.01877500692659374,0.007970481436253823
0.8376437434240621,0.8270128700636267,0.010630873360435444
-0.48355469794972405,-0.4772289464367637,0.0063257515129603314
-0.6222230102644332,-0.617241672436395,0.004981337828038113
0.9332404191841898,0.9129329423736651,0.020307476810524694
0.8714240579019733,0.852046403278792,0.019377654623181306
0.5545110236628056,0.5492458554289048,0.005265168233900774
0.7725488519700396,0.757287208627464,0.015261643342575626
-0.018405348749912835,-0.030421258863505867,0.012015910113593032
0.8333884540292366,0.8149252450662169,0.018463208963019673
-0.40186172164317957,-0.38691178747699184,0.014949934166187728
-0.9661931138146502,-0.9403753052602696,0.02581780855438065
0.3809202041442774,0.379020024659772,0.001900179484505382
-0.4364462971359034,-0.4243540784340449,0.012092218701858504
0.6365518059032448,0.6290254101435105,0.007526395759734239
0.9399499774680878,0.9172367517127593,0.022713225755328526
0.5976994894048684,0.5741196320387075,0.02357985736616086
-0.7026577335526489,-0.6799912157955209,0.022666517757128024
-0.5593791804045112,-0.5383500860374845,0.021029094367026713
0.00042917840234808454,0.010212339427210653,0.009783161024862569
0.24898346098386817,0.23390325087303554,0.015080210110832631
0.2050422377383912,0.18786833022317598,0.01717390751521522
0.93490350188179,0.9112045353213512,0.023698966560438794
0.9081348876815205,0.893943916879535,0.014190970801985503
-0.7335883729687546,-0.7198462813390187,0.013742091629735831
-0.5203964588740426,-0.5227447955140877,0.002348336640045079
-0.6499932518523615,-0.6266892401907219,0.023304011661639534
-0.9038880010058357,-0.8772245718720589,0.026663429133776728
-0.640665292741279,-0.6371420683902579,0.003523224351021148
-0.7862893415922987,-0.7792149335127575,0.0070744080795411834
0.20151440720523123,0.18258763846815987,0.01892676873707136
0.4992652084528948,0.4982565799979126,0.0010086284549821745
-0.5296555724524289,-0.5197633887243387,0.009892183728090198
-0.7060344067413811,-0.6759442107139649,0.03009019602741614
0.9605469059429964,0.9353209743659868,0.025225931577009586
-0.7486871823837016,-0.7306710577622838,0.018016124621417773
-0.3057233484882395,-0.28286010574307335,0.022863242745166157
-0.6542421803549764,-0.6312138295814743,0.02302835077350207
0.0952902249686427,0.10170047111608782,0.00641024614744512
-0.8897374698602188,-0.8766984881274147,0.013038981732804156
-0.8620219100411326,-0.8365628049275778,0.02545910511355476
-0.9232774319596215,-0.9018952598963762,0.02138217206324533
0.842373647748648,0.8181499396976545,0.024223708050993498
-0.807963484208055,-0.7884007317396172,0.01956275246843775
-0.13777204350378386,-0.12480365441128445,0.012968389092499408
-0.10002352399752379,-0.08457879759852768,0.015444726398996106
-0.5027793631859262,-0.4828047190871591,0.01997464409876709
-0.894567131177929,-0.8781464254897301,0.016420705688198867
0.8794495861021994,0.8525772551167827,0.026872330985416637
0.1962462701627582,0.17855551258233923,0.017690757580418964
-0.0874100208431193,-0.0988096075488525,0.011399586705733197
-0.8111679387678257,-0.7950957695493122,0.01607216921851351
-0.43655633040087816,-0.4248813362349649,0.011674994165913277
-0.9259506037312533,-0.9007332139318807,0.025217389799372603
-0.19109989812167272,-0.1923504121945171,0.0012505140728443775
-0.9687308450083534,-0.9395919554443034,0.029138889564049975
-0.4216589899795714,-0.4194781483102928,0.0021808416692786214
0.1079467880949308,0.115821747662476,0.007874959567545192
0.3818345380727881,0.38118683914577495,0.0006476989270131628
0.574504209944465,0.5689901206677715,0.005514089276693501
-0.7472980205656882,-0.7406839531527631,0.006614067412925029
-0.8768257816063965,-0.869026650396687,0.007799131209709431
-0.9592160331679794,-0.938800104583374,0.02041592858460539
0.305382234584875,0.28835080615966796,0.01703142842520705
-0.6785682309874936,-0.6663201603459664,0.01224807064152722
-0.4439955561585773,-0.4193835116092344,0.02461204454934285
0.6226540410966329,0.6115315127866039,0.011122528310029023
0.8795390534449165,0.8523304446784298,0.027208608766486675
-0.18596931803636874,-0.17834265248135842,0.00762666555501032
0.09072202613346524,0.07866204031350787,0.012059985819957361
-0.22296352454204213,-0.22934194336080946,0.0063784188187673285
0.9633167104357587,0.9362579234247909,0.027058787010967866
-0.9126864262977886,-0.8950092134528043,0.017677212844984358
-0.4368327000445682,-0.42415047818645707,0.012682221858111131
0.9645756499041026,0.9399426315191929,0.02463301838490972
-0.28931609084940063,-0.2769913856848278,0.012324705164572847
0.9579948838043418,0.93875007375743,0.01924481004691181
-0.6630933717005227,-0.6468179231111078,0.016275448589414987
0.698630131937505,0.6667473551714441,0.03188277676606088
-0.5530539264018445,-0.5486092490130607,0.004444677388783735
0.9603881418385273,0.9336002034238622,0.02678793841466509
0.041491204502619054,0.04863039345851867,0.007139188955899614
0.6955301396598761,0.6877774452107664,0.007752694449109643
-0.9056944343902465,-0.8799316348352334,0.02576279955501315
0.9604882921712484,0.9304799847119593,0.030008307459289174
-0.16232438914298636,-0.17380234596698613,0.011477956823999769
-0.7397469593620232,-0.7156143316479242,0.024132627714098964
0.5820316876367906,0.5588675601359592,0.02316412750083141
0.19846395938599254,0.1934874769375147,0.0049764824484778425
-0.17562471642421132,-0.18269979785515983,0.00707508143094851
0.7206925102350084,0.7132970477240507,0.007395462510957684
-0.12240060355577954,-0.12321605140879996,0.0008154478530204151
0.9667558968137345,0.9418916559925516,0.02486424082118288
-0.6888620781828869,-0.6660042263298939,0.02285785185299305
-0.9524737944439077,-0.9302144369354022,0.022259357508505495
0.07021720264908292,0.054604594687751605,0.015612607961331314
0.020885597243187223,0.010394151420771451,0.010491445822415771
0.8083001255510316,0.7772692132285752,0.03103091232245636
0.8751627690781628,0.8535409900919879,0.0216217789861749
-0.594178155820625,-0.5659883243540881,0.028189831466536974
-0.07751498178375962,-0.08421948103556462,0.006704499251804996
-0.002244903365014825,0.006281607227869742,0.008526510592884567
0.03628680298018331,0.04303145856132382,0.006744655581140513
-0.6278724452755291,-0.6196634557625265,0.00820898951300264
0.8062718791637473,0.787876708973612,0.018395170190135368
0.5826518704187282,0.5624795070523085,0.0201723633664197
-0.6408928143940865,-0.6253764519379799,0.015516362456106658
0.4824633295158117,0.4814830942006303,0.0009802353151814325
-0.10497017407043376,-0.11603901472386023,0.011068840653426476
-0.9585908732269485,-0.9369313864561933,0.021659486770755132
-0.08893771907653986,-0.07307578523511468,0.015861933841425174
-0.12846708125383546,-0.1398491644911967,0.011382083237361229
-0.9676459015321567,-0.9394398392264984,0.028206062305658253
0.6168437919821912,0.5928610352609605,0.023982756721230736
-0.5498004183374426,-0.5282646413009651,0.021535777036477577
-0.35512813538341786,-0.3382782745323166,0.01684986085110124
0.6194155721684474,0.6094621935688918,0.009953378599555696
-0.929465105592376,-0.9088041399074523,0.020660965684923704
0.8750121989113762,0.8618491135230019,0.013163085388374296
-0.8499892430425308,-0.8193620399702832,0.030627203072247533
0.9277148052268902,0.8999111177422537,0.027803687484636463
-0.4528092116366533,-0.4342937041477334,0.01851550748891989
0.9312642082415946,0.9065873667655917,0.02467684147600291
0.5508917803338981,0.5246972400581348,0.02619454027576329
0.25493577484302665,0.25838233228026286,0.0034465574372362084
0.5270291694050278,0.5213843290012654,0.005644840403762341
0.14525761778379698,0.15270579255381483,0.007448174770017857
-0.8490913472589615,-0.81556861263168,0.0335227346272815
0.015117408774530739,0.026089868539037997,0.010972459764507258
-0.7647815166812539,-0.7489438545324252,0.015837662148828757
0.9350724041810136,0.9132316078211397,0.021840796359873904
0.42370491780435016,0.4122043936153531,0.011500524188997052
-0.402345621487848,-0.4002954162197575,0.0020502052680905214
-0.25749648995966534,-0.25371777043349675,0.0037787195261685946
0.6788024081020962,0.6505707994694876,0.02823160863260865
-0.7778352470570232,-0.7619117040107096,0.015923543046313604
-0.823437583236663,-0.7969016132943653,0.026535969942297788
-0.7430427861309922,-0.7198056210233349,0.023237165107657276
-0.9621502886759602,-0.9402296731467961,0.021920615529164134
-0.9498296553923486,-0.9260882914508123,0.023741363941536364
0.8439691727182866,0.8176783128508592,0.026290859867427407
0.9200579577713938,0.9082288563134298,0.011829101457964009
-0.6684264334399929,-0.6449785295366448,0.023447903903348055
-0.45879165263649735,-0.4393520386264373,0.019439614010060058
-0.08193314827030318,-0.09065992897736344,0.008726780707060261
0.5551329748587055,0.5328272361382349,0.02230573872047059
-0.42179573697509076,-0.4200689618261501,0.0017267751489406513
0.6058569143437221,0.5814545053046964,0.024402409039025685
0.9120190012272082,0.8719865021734137,0.04003249905379458
0.0018862528353068102,0.018598003596096663,0.016711750760789852
-0.9537948831775962,-0.9251319149644559,0.028662968213140294
-0.4522417411262522,-0.43228802536592187,0.019953715760330337
-0.810854316049694,-0.7846291506604955,0.0262251653891985
-0.9255404375873558,-0.9053516377307845,0.020188799856571293
0.4287520073649382,0.4277241564557313,0.0010278509092068733
-0.6905773153160036,-0.6651898943999617,0.02538742091604196
-0.5829253107945371,-0.5546985460674537,0.02822676472708341
-0.9566561234787714,-0.9305535255478398,0.026102597930931615
-0.08503570783649333,-0.06642713285070502,0.018608574985788315
0.9502024658936595,0.9112853075776467,0.038917158316012834
0.6766708829889404,0.6627948696636452,0.0138760133252952
-0.7268128097730938,-0.7086951277011169,0.018117682071976948
-0.7083415392924187,-0.695353114858382,0.012988424434036694
0.9626898622330089,0.9353187110164358,0.027371151216573075
-0.8333884558139594,-0.8152714748012315,0.01811698101272785
0.3349434983574945,0.31380580803808206,0.021137690319412428
0.7118584955330005,0.6904680268786415,0.021390468654359007
-0.7010886915669668,-0.6773668016624175,0.023721889904549376
0.41206779223652396,0.4148312727152861,0.002763480478762126
0.30209110264487093,0.30686098632691555,0.004769883682044618
-0.9669852369600187,-0.9432932939039725,0.02369194305604616
0.5068190567706559,0.4867378636955808,0.020081193075075054
-0.9675700949671839,-0.9378736419453627,0.029696453021821223
-0.2617653460766749,-0.2467084863810308,0.015056859695644104
-0.758946453915265,-0.7371437396153724,0.021802714299892667
0.712204942275426,0.702313594461164,0.00989134781426193
0.9350679050212182,0.9205551949307508,0.014512710090467396
-0.8036233988513617,-0.789632671754331,0.013990727097030642
0.4836455856139471,0.47615367677950127,0.007491908834445837
0.7876874313998785,0.7464873581549476,0.04120007324493091
-0.48817940763063933,-0.4816973568879798,0.006482050742659506
0.712052705929297,0.6881893034844383,0.02386340244485874
0.5372802380432503,0.5140955240414089,0.02318471400184141
-0.7632006356091283,-0.7490000792605512,0.014200556348577087
-0.5010700887444802,-0.4799682276526656,0.02110186109181461
0.5624250361688617,0.5393800009328237,0.02304503523603807
0.37996536730825226,0.370679455898574,0.009285911409678271
0.0560255732340341,0.05015992231695297,0.005865650917081126
-0.9449065230953146,-0.9262575845597745,0.01864893853554017
0.2866504122016546,0.26999905495056103,0.016651357251093568
0.7095181496444372,0.7020680619221221,0.007450087722315035
0.8802723917344061,0.858727366681334,0.021545025053072098
0.2951752147885311,0.2947998173129655,0.00037539747556558645
0.4716756876360185,0.4697572248220514,0.0019184628139671256
-0.8548309942108963,-0.8355506823905043,0.019280311820391915
-0.3896541222671391,-0.3740759038903544,0.015578218376784692
0.652677810668611,0.6432013962171318,0.009476414451479176
0.32578086582775995,0.32869029298551833,0.002909427157758382
-0.07475441105249549,-0.08670793938213966,0.011953528329644178
0.32009709864644015,0.31914651621426526,0.0009505824321748846
0.7694337790737809,0.753104990259242,0.016328788814538808
0.27207083301904467,0.2749488982916551,0.0028780652726104194
-0.7742168374557479,-0.7634483582032534,0.010768479252494467
-0.7892884438466733,-0.7765568845900396,0.012731559256633718
-0.6718818985015649,-0.6494304772060743,0.022451421295490603
0.6003091925138461,0.5991679427528377,0.0011412497610083783
0.8559964291196263,0.8253705084076055,0.03062592071202075
-0.964845114456177,-0.9412393493295556,0.023605765126621492
-0.8173992631558292,-0.788456119837723,0.028943143318106213
-0.38742617372846483,-0.3824464017617427,0.004979771966722113
0.1851195371716178,0.17781167612413387,0.007307861047483932
0.518758871268791,0.5180493692735982,0.0007095019951928183
0.03306417995036417,0.03162044679008272,0.0014437331602814504
0.8033375671458167,0.7932383713269828,0.010099195818833895
0.722874269926528,0.711328328402639,0.011545941523888992
0.8413616619172866,0.8158039016740725,0.0255577602432141
0.5823908969093341,0.5798133278582778,0.0025775690510563276
-0.5223188297232034,-0.5025214438775549,0.019797385845648496
0.3060712109657227,0.28737695579071043,0.018694255175012275
0.8408787734826949,0.8180722653847031,0.022806508097991784
-0.11085964914164344,-0.12173413716194008,0.010874488020296641
0.9634396386035055,0.9400851739711901,0.023354464632315386
-0.9487313524213289,-0.9208344725863804,0.027896879834948485
-0.9136834525885433,-0.8901959580888121,0.0234874944997312
-0.7370977556752986,-0.7231114442283783,0.013986311446920308
-0.7623333453242288,-0.7543163521280956,0.008016993196133249
0.7242083931127535,0.7035245974574619,0.02068379565529166
-0.47486804855139697,-0.46903054927006166,0.005837499281335312
0.9694531108217713,0.948920349581704,0.02053276124006731
-0.9674855530733987,-0.9366269880654767,0.030858565007921945
0.8906277687448555,0.8813131613837808,0.0093146073610747
0.40764906293799086,0.40710217103543084,0.0005468919025600205
-0.16688504524206035,-0.17113210514526603,0.004247059903205674
0.47239284904883166,0.4536248378810006,0.018768011167831056
