True_u,Predicted_u,Absolute_Error_u
-0.5320823154730336,-0.5348509930327647,0.002768677559731092
-0.6983687678794297,-0.6895322661732282,0.008836501706201538
0.0901179939455043,0.0861853994089332,0.003932594536571091
0.8516101152674429,0.83873501705939,0.012875098208052882
0.27324943426562803,0.26637983725576103,0.006869597009867001
0.0820443507960119,0.07136784716655979,0.010676503629452105
0.9421963774780912,0.9253343255434675,0.016862051934623645
-0.8420575266580281,-0.8384575739056134,0.003599952752414759
0.77840981163266,0.762253859822822,0.016155951809837976
-0.9638235810635386,-0.953518891599994,0.01030468946354457
0.09838159754379426,0.1126165287091192,0.01423493116532494
-0.4368432575949083,-0.42933446402768777,0.007508793567220506
-0.9309322040448981,-0.9242452044908782,0.006686999554019857
0.8256810131685565,0.8107668708675693,0.014914142300987199
0.8615926053793375,0.8442108280751096,0.017381777304227852
-0.1484647139921622,-0.1481356802047056,0.0003290337874566063
-0.5933485900453218,-0.5759621340821222,0.017386455963199654
0.21914792503968766,0.22224076894117542,0.0030928439014877573
-0.6819242903493873,-0.6685904034680344,0.013333886881352841
-0.23100018344079593,-0.22516341465168155,0.005836768789114377
-0.91371932758761,-0.8990593697839677,0.014659957803642265
-0.8977651721848116,-0.8892525627280573,0.00851260945675425
0.9200996295053693,0.9045249011098294,0.01557472839553986
-0.25216266119171565,-0.2606365455916879,0.008473884399972265
0.8204502922675097,0.8173416942650302,0.0031085980024794235
0.6801189668657786,0.6763733880591765,0.00374557880660209
0.5183475397283895,0.5203963432744338,0.002048803546044309
-0.6466461539378837,-0.6175736701895552,0.029072483748328493
-0.8792135429968276,-0.8657843654203132,0.013429177576514406
-0.9339053227321016,-0.9221916345272047,0.011713688204896933
0.14974866972826795,0.13959251049783888,0.010156159230429063
-0.8248019991310381,-0.8113518808951314,0.013450118235906694
0.921668645981757,0.9153675965024521,0.006301049479304877
-0.7191812812119114,-0.7079943575985299,0.011186923613381472
-0.21971865654588166,-0.22581000583124197,0.006091349285360315
0.6915499869739967,0.6882711183038336,0.0032788686701631375
0.6529167530985963,0.6425592236240614,0.010357529474534943
-0.6755229584330885,-0.6653451898459746,0.010177768587113944
-0.4727201069902811,-0.4401430805257092,0.03257702646457189
-0.8577224292171134,-0.8481468464376011,0.009575582779512315
-0.7716728017444467,-0.7600780216090725,0.011594780135374294
-0.7226720990791022,-0.7147238182728627,0.00794828080623955
-0.7101731657373084,-0.703984999012543,0.006188166724765409
0.018278875468821888,0.012376580949462524,0.0059022945193593634
-0.8738143477041723,-0.8673108933264818,0.00650345437769051
0.657912551649653,0.6409285970496403,0.016983954600012674
-0.2972085244353421,-0.2874499234555357,0.009758600979806409
0.7025843202505792,0.6844538790259915,0.018130441224587623
-0.6446810995967738,-0.6303992702824679,0.014281829314305883
-0.8654853993339929,-0.8462259967128328,0.019259402621160104
-0.5713309393517544,-0.5736419717986564,0.002311032446902006
0.5538384236125842,0.5360258976604216,0.01781252595216254
-0.9269379964435551,-0.9164007094992668,0.010537286944288349
-0.7333616526645497,-0.734737537700193,0.0013758850356433427
-0.30604485885935856,-0.3036207242979545,0.0024241345614040566
0.6529738924628034,0.655957339106567,0.0029834466437635987
0.275524037398233,0.26852423214625615,0.006999805251976854
0.17185600654065436,0.18821937897492783,0.016363372434273465
0.09082114049942719,0.10508988729917362,0.014268746799746435
0.45499935720133633,0.4594868401500614,0.004487482948725086
-0.09495339169911517,-0.10664913074519335,0.01169573904607818
-0.5781488135076286,-0.5658962344632649,0.01225257904436372
0.9239396344656362,0.9062268841897255,0.017712750275910683
-0.5391630825777282,-0.5309234740964406,0.008239608481287575
-0.28846455203925436,-0.2943387985376283,0.005874246498373925
0.8997623181682105,0.8848870109682234,0.014875307199987087
-0.4134196787539423,-0.4190724921628994,0.005652813408957069
-0.02555245531619285,-0.011888300282885464,0.013664155033307387
0.8549415574285498,0.8427074118031506,0.012234145625399262
-0.4562337910248378,-0.45771625328019877,0.0014824622553609723
-0.6408225201551063,-0.6384867008856073,0.0023358192694989954
0.8422735378031855,0.8392519202922774,0.0030216175109081256
-0.5420796033284335,-0.5473646462801908,0.005285042951757246
-0.45504057461515396,-0.4383454925960236,0.016695082019130336
-0.6382664140704343,-0.6087544104329264,0.029512003637507833
-0.7622966668481583,-0.7512272535090001,0.01106941333915823
-0.7296767827377209,-0.7109995533401154,0.01867722939760541
0.6894746558441772,0.6797148837746432,0.009759772069534045
-0.7219269077924522,-0.7194381254662008,0.002488782326251382
0.6622372354287217,0.6504929031135098,0.01174433231521188
-0.6395678135999845,-0.6214240399526894,0.018143773647295136
-0.6367559755801054,-0.6220730895317403,0.014682886048365096
0.9370466464330123,0.9325579932066108,0.004488653226401462
-0.3365420488769906,-0.34385771238169976,0.007315663504709191
0.7907673291073992,0.7771078826025054,0.013659446504893813
-0.9433135655386389,-0.9248075399766811,0.018506025561957795
0.46555582991721656,0.4679986650744825,0.0024428351572659546
0.4964144887425,0.46716582859083206,0.029248660151667938
0.3102561436679774,0.3172642231115975,0.007008079443620141
-0.19578905913519884,-0.18660223695041958,0.009186822184779259
0.3468011251230547,0.34450278371563453,0.0022983414074201902
0.8122098442984662,0.809337997367645,0.002871846930821209
0.16778442640990346,0.16165476007325724,0.006129666336646217
0.17442010693919174,0.14210394290547054,0.0323161640337212
-0.5665047545982526,-0.5493905109586112,0.017114243639641313
0.5841114138538921,0.575151310821456,0.008960103032436106
-0.9822315923525076,-0.9639891429134503,0.018242449439057284
0.5898422288552166,0.584908068167423,0.004934160687793621
-0.4520605150812293,-0.4400798899843035,0.011980625096925823
-0.8592082088552878,-0.8408193935370207,0.018388815318267082
-0.006604988446246751,-0.02711846223044106,0.02051347378419431
-0.07965772335888792,-0.07328035877305625,0.006377364585831671
0.9250262734516814,0.9131627971045329,0.011863476347148572
-0.9330540702700986,-0.9174415231712154,0.015612547098883156
-0.9093030831371001,-0.8936757138077881,0.01562736932931197
0.66794024630493,0.6612773275251417,0.006662918779788307
0.259270094332125,0.2466812262694269,0.0125888680626981
-0.6578257418583425,-0.6428628294074986,0.014962912450843913
-0.15921695666886176,-0.16266621674284884,0.003449260073987076
0.488761266461208,0.4740862323163285,0.014675034144879473
0.7371231662854054,0.7177356512113031,0.0193875150741023
0.6276665066522238,0.6174938679468528,0.010172638705370995
0.03206153403886934,0.03528121907461667,0.0032196850357473286
-0.04074586699776874,-0.022085498429855913,0.018660368567912828
-0.45971651436109184,-0.46286709884199884,0.0031505844809069927
0.9334017400220979,0.9183116896635691,0.015090050358528728
0.33902238056801764,0.33590453707502943,0.003117843492988215
-0.8762242066992552,-0.86528094801024,0.010943258689015134
-0.927166306731993,-0.9210888837105288,0.00607742302146419
-0.946040846114476,-0.93340358033088,0.01263726578359603
-0.05462816495885769,-0.041600613289504054,0.013027551669353633
0.9556790038612077,0.9528488808782697,0.0028301229829380548
-0.5342803429269148,-0.5411208419354394,0.00684049900852457
-0.817647045243344,-0.8145405334267007,0.0031065118166432315
-0.7566756308711231,-0.7387202393640565,0.017955391507066598
-0.03862039377995938,-0.023449673141886642,0.015170720638072736
0.3308480994640133,0.33285536573862246,0.0020072662746091763
-0.5733456613982494,-0.5742675522439917,0.0009218908457423458
0.8202701294810371,0.8011603463021251,0.019109783178911988
-0.4975574028626041,-0.473165635406886,0.024391767455718083
-0.926853360037983,-0.9199427687203674,0.006910591317615622
0.08906924731227348,0.10032776731876608,0.011258520006492606
0.059331178077834924,0.04822826667125974,0.011102911406575183
0.8586961673404313,0.857404148081498,0.0012920192589332968
0.9383275995464218,0.9195392590892415,0.018788340457180253
0.7547481249101338,0.761370146603594,0.006622021693460267
-0.6163385418885937,-0.610138802432565,0.006199739456028697
-0.8536408485397211,-0.843145558254776,0.010495290284945114
-0.8803089667534779,-0.863476494160138,0.016832472593339864
0.5466575690729844,0.5418665851371699,0.004790983935814452
0.8693338490534199,0.860934243818106,0.008399605235313912
-0.8058803379778575,-0.7922802779071467,0.013600060070710795
0.5066216799303734,0.4980286845591763,0.00859299537119712
-0.9045192519453784,-0.8890725674473561,0.015446684498022334
-0.23459219391120809,-0.22000703282088438,0.014585161090323706
0.7115653778583232,0.7169330414089098,0.005367663550586599
0.8359317190891837,0.8366224833412634,0.0006907642520797008
-0.23560809789906847,-0.2406518878219909,0.005043789922922426
-0.938441929850081,-0.9224191782352142,0.01602275161486677
-0.0953780967287554,-0.08958158554889216,0.00579651117986324
0.3554627331715641,0.3539497785804537,0.0015129545911104492
0.18536020757901325,0.19147548611559373,0.006115278536580476
0.9163036278375536,0.8988182521517878,0.017485375685765803
-0.2230656056215627,-0.21323209080462063,0.009833514816942057
-0.2990203324647147,-0.29650433370344487,0.0025159987612698442
0.5308411420604447,0.5145137187416923,0.016327423318752476
0.886318858997639,0.8719572679140181,0.014361591083620895
0.8068960558866702,0.8020909930825525,0.0048050628041177434
-0.8421320791741139,-0.8230699080065423,0.019062171167571584
0.5684763086588306,0.5521392499151867,0.016337058743643884
0.701593869093538,0.6832750263172893,0.018318842776248734
0.26946605921027966,0.2744278471602996,0.004961787950019947
-0.3171074588400256,-0.3234144323034023,0.006306973463376664
0.21068443928113184,0.21359278728294623,0.002908348001814387
-0.721953859144675,-0.6998276438842046,0.022126215260470428
0.35929827247965823,0.32052719632897053,0.0387710761506877
0.9797142700603305,0.9639034425337797,0.01581082752655083
-0.34577881800609894,-0.34811418523393856,0.002335367227839613
-0.8688949816312628,-0.8506147129817224,0.018280268649540354
0.4998833239377827,0.47700390581471197,0.022879418123070705
0.361729416079814,0.356363909699615,0.005365506380199003
-0.30896627423772766,-0.290868801467901,0.01809747276982665
-0.6820668372005478,-0.6726949174096112,0.009371919790936656
-0.9749966570741724,-0.970884440461137,0.004112216613035402
-0.7367203041709165,-0.7295849084767577,0.007135395694158775
0.5584280267019383,0.5454995172215101,0.012928509480428119
0.3304449570457856,0.3139366678598716,0.01650828918591396
0.855675331803699,0.8357530790791357,0.019922252724563383
0.7810039885549067,0.7809466049924862,5.7383562420465495e-05
-0.7226203496383895,-0.7219750274755113,0.0006453221628781591
0.047715942143299966,0.040673680780533274,0.007042261362766693
-0.4051298145832165,-0.393290188049323,0.011839626533893532
0.6656072332054338,0.6621159678432397,0.003491265362194129
-0.17368611148303986,-0.16726746295050146,0.006418648532538401
0.46164622839685304,0.45238891209423254,0.0092573163026205
0.4682188436026994,0.4755755512083952,0.007356707605695789
-0.3797351026371708,-0.40285377332163724,0.023118670684466436
0.8653372964782129,0.8659139453156578,0.0005766488374449041
0.8075212726713171,0.7992030227836742,0.008318249887642959
-0.9156402690389073,-0.899099320038835,0.016540949000072303
0.3745888945924237,0.3810518685315595,0.006462973939135752
0.7685631355846181,0.7624136872601178,0.006149448324500262
-0.9042253070747366,-0.891240083846511,0.012985223228225595
0.9444804993619971,0.9265751594544656,0.017905339907531514
-0.06028215859484076,-0.06099989026908335,0.0007177316742425846
-0.7729270859112545,-0.7570823576446791,0.015844728266575347
0.23958104252903148,0.24473678506541638,0.0051557425363849
0.29410539305595285,0.2557038944073176,0.038401498648635235
0.6522865277366214,0.6339578369464718,0.01832869079014965
0.5255081013137142,0.529810288515799,0.004302187202084862
-0.6344093860145695,-0.6275442971074895,0.006865088907080041
-0.5267058768670452,-0.5107242412664584,0.01598163560058674
0.11272175542372477,0.121412602702441,0.008690847278716232
-0.3617175351047177,-0.353892324480835,0.007825210623882695
0.4826692546700634,0.4807228533923444,0.001946401277719001
-0.842793350727192,-0.836258927407266,0.0065344233199259305
-0.7115653757388892,-0.7126139787489328,0.001048603010043614
-0.7604342508419977,-0.761863150903862,0.0014289000618643577
-0.8133990712521693,-0.7950469032665051,0.01835216798566419
-0.6707081606881387,-0.6557292725795031,0.014978888108635569
0.9500104431833771,0.9317048158843735,0.018305627299003646
-0.7342278361882086,-0.7208798426732586,0.013347993514950085
0.9274769437037306,0.9096108097992057,0.01786613390452485
0.8278718531782188,0.826717907210758,0.0011539459674607677
-0.7930403395973997,-0.7828731771977123,0.010167162399687402
-0.706040577990142,-0.6956466351507737,0.010393942839368231
-0.4352285762572905,-0.4352059509452658,2.262531202468221e-05
0.5492752729308199,0.5461594318702303,0.003115841060589597
0.8714435152912909,0.8636691678962769,0.007774347395014036
-0.3243597814168702,-0.28337355635489936,0.04098622506197086
-0.03715374970026969,-0.02951349821738494,0.00764025148288475
-0.9042250893502538,-0.8930085475886711,0.01121654176158271
0.13220692388587177,0.11384990544838638,0.018357018437485384
-0.7715816170425921,-0.760173983470773,0.011407633571819065
-0.8129978208824364,-0.8013355684217677,0.011662252460668765
-0.33171888027837476,-0.3379087860188525,0.00618990574047773
0.3524292146402353,0.35957354254191204,0.007144327901676739
-0.6398803423292775,-0.6384397062834763,0.0014406360458011358
-0.26603406317396183,-0.2589921530921051,0.007041910081856728
-0.6467688868276067,-0.6377541763934303,0.009014710434176343
-0.3188961014716938,-0.3023156011196365,0.01658050035205727
0.9159608835966774,0.909974898159773,0.0059859854369044285
-0.6408137560891524,-0.6372774773146803,0.003536278774472046
-0.41954044158700426,-0.40735177425220376,0.012188667334800507
0.7971303469205614,0.7797212788705769,0.017409068049984544
-0.875863591753983,-0.8682977500844897,0.007565841669493256
0.9368123075915552,0.9170460188320774,0.019766288759477835
0.09950223868918219,0.10670967654110243,0.00720743785192024
0.9142727666167839,0.9050386493244087,0.009234117292375221
-0.6521485822607677,-0.6406616322374772,0.011486950023290476
0.17264000767081253,0.1607579443439377,0.011882063326874831
0.7315288055946227,0.7111966675055191,0.020332138089103613
0.8456239009668292,0.8368078927335689,0.00881600823326023
0.8824674104638149,0.8736806731833959,0.00878673728041901
0.9448126544272228,0.9368350526020011,0.00797760182522178
0.14639068396487373,0.13855491010665183,0.0078357738582219
-0.7894932803011517,-0.7769989389294931,0.012494341371658613
-0.3417705850518943,-0.3332670320098437,0.008503553042050582
0.4957794495449838,0.47724385939742575,0.018535590147558068
0.6574483357734983,0.6663162847595977,0.008867948986099439
-0.571301317273973,-0.5752447166502433,0.003943399376270307
-0.35259145531797464,-0.32015830081040303,0.032433154507571615
0.9092832522890869,0.8958488716108238,0.01343438067826308
0.896309189238045,0.888173825106939,0.008135364131106049
-0.07673241764268977,-0.06920434925007896,0.007528068392610818
-0.5296038743725432,-0.5307991146119213,0.0011952402393781147
0.4425712231801345,0.4276599046460785,0.014911318534055973
-0.947503514019348,-0.9360238030494462,0.011479710969901746
0.7755161043393879,0.7589194415421412,0.016596662797246697
0.9344197511423965,0.9214037268068358,0.013016024335560705
-0.16186943062254266,-0.16132830551798993,0.000541125104552731
-0.7890958087171802,-0.7867211887336572,0.002374619983523063
0.17342758164324892,0.17018431317739385,0.0032432684658550703
-0.5055333345158946,-0.4991076186015068,0.006425715914387731
-0.8813139208129667,-0.8679105637898789,0.013403357023087814
-0.8265758346880349,-0.8245056306470192,0.0020702040410156552
0.9421949090751023,0.931190176933661,0.011004732141441265
0.5538343858659829,0.5347159066999314,0.019118479166051472
0.6352401115939346,0.6204558114110915,0.014784300182843046
0.8187613845208769,0.8006473235463435,0.018114060974533386
-0.808991190374848,-0.7967379397733747,0.012253250601473309
-0.3518211935506897,-0.3358616684540057,0.01595952509668397
0.691013036400815,0.6846470636487164,0.006365972752098603
-0.3865576181066111,-0.37092079685831414,0.01563682124829696
0.9390963710565297,0.9199714868134824,0.019124884243047258
-0.5345863543107547,-0.5343261387219568,0.0002602155887979629
0.9172527717033274,0.9086717613681746,0.008581010335152794
-0.29061793724497587,-0.2779571147177046,0.012660822527271243
0.9366467202603581,0.9273880448806788,0.009258675379679282
-0.3853348278021196,-0.39304829451803036,0.007713466715910777
0.09435771637324808,0.09815646963587464,0.0037987532626265613
0.7454605757637365,0.749774146958718,0.004313571194981547
0.35224392401706256,0.3401639645611071,0.012079959455955469
0.9466129933479291,0.9359944232037137,0.010618570144215411
0.19211756313147113,0.1976799834799031,0.005562420348431962
-0.9755614161709073,-0.968045852190313,0.007515563980594275
0.352985211608986,0.3597613193402107,0.006776107731224723
0.5698618640695223,0.5768837684069098,0.0070219043373874745
0.23068535867710113,0.2472648820863659,0.016579523409264774
-0.6514858818149426,-0.6321124322971559,0.019373449517786745
0.5145631448151277,0.4955863413059559,0.018976803509171747
-0.808581516740337,-0.7895760099659848,0.0190055067743522
0.8862698019973086,0.8710004433936099,0.015269358603698713
0.5139332938807775,0.5056580126693975,0.008275281211379992
-0.940314339098025,-0.9319369178785819,0.00837742121944307
-0.9484944081020852,-0.9331343321459451,0.015360075956140085
-0.4956663916485865,-0.4861972820780935,0.009469109570493017
-0.6566016510476214,-0.6200283860231623,0.03657326502445901
-0.40296183434392113,-0.3836504215819731,0.019311412761948032
-0.7897894202794373,-0.7862153548846521,0.0035740653947852197
0.6463137518400403,0.6317411900545468,0.014572561785493487
0.7865673643693869,0.7725669652215594,0.01400039914782747
-0.01029748618325706,-0.008739273223459191,0.0015582129597978694
-0.9444242642900359,-0.9329731479669485,0.011451116323087374
0.9289101973300702,0.9243295448604322,0.0045806524696380135
-0.6815252812291868,-0.6656632005673616,0.01586208066182515
-0.35219614609734584,-0.3397193434908278,0.012476802606518067
-0.10289843208447277,-0.11774789861919095,0.014849466534718178
0.0017878780320193077,-0.007388406789554398,0.009176284821573705
-0.813259824059459,-0.8109337714803194,0.002326052579139537
-0.6521101688874793,-0.6392497461992027,0.012860422688276585
-0.944612756408171,-0.9295663739141178,0.015046382494053212
0.3430511042088042,0.3254978729592983,0.01755323124950592
-0.923978778116877,-0.9068814518028822,0.017097326313994854
-0.20084128056924436,-0.18408524847782465,0.01675603209141971
0.4942410652978802,0.49389167325568184,0.00034939204219835984
-0.6977055912542378,-0.6796236679285736,0.018081923325664162
-0.9454526667938071,-0.9316221277673966,0.013830539026410515
-0.7604076251583515,-0.7492303140931205,0.01117731106523101
0.24164221766408117,0.2280166815582988,0.013625536105782377
0.8822471562974656,0.8706051108639592,0.011642045433506443
0.8510473751417734,0.8394528297602273,0.01159454538154614
-0.013542655256300157,-0.005914345049325415,0.007628310206974742
0.735400970619069,0.7416116765317358,0.006210705912666814
-0.9039724968318961,-0.8884841907757325,0.015488306056163581
-0.9097825772784752,-0.8943163249449816,0.015466252333493635
-0.8778295512108878,-0.8703996487906175,0.007429902420270307
-0.7121837917107023,-0.7082428883696118,0.00394090334109054
0.9424442083827558,0.9251118978369895,0.017332310545766227
0.24082809787962248,0.24610610326256088,0.0052780053829384055
-0.9025271833791011,-0.886547161048121,0.01598002233098006
0.6708152191245972,0.6513218342589205,0.019493384865676644
0.25337331915972705,0.2394411059333677,0.013932213226359347
0.929061498741486,0.9129009601439952,0.01616053859749078
0.7059991118526573,0.6983646354183805,0.007634476434276838
0.8552525005335184,0.8460317362529793,0.009220764280539084
-0.2683088300598026,-0.27288039692863986,0.004571566868837251
-0.557950977338589,-0.5408013814545194,0.017149595884069613
-0.5875496361565596,-0.5776007172257781,0.009948918930781536
0.02391162591910815,0.02061228532354384,0.003299340595564311
0.3527723759341735,0.35510763645337867,0.0023352605192051845
0.5200171515228136,0.502799688552354,0.017217462970459563
-0.8123634013205948,-0.8048229875338496,0.007540413786745193
-0.8221649716643683,-0.8159524597260173,0.00621251193835104
0.888451693195284,0.8701851697877013,0.018266523407582724
0.8991388151133423,0.88982773760035,0.009311077512992205
0.0084358657883551,-0.004457548406244093,0.012893414194599193
-0.7908883101571519,-0.7869110737770906,0.003977236380061311
0.8875444273489383,0.8679795494047249,0.019564877944213466
-0.72935005456855,-0.7147706048195871,0.014579449748962858
0.9360687935271524,0.923698386892618,0.012370406634534481
-0.4359792415355096,-0.44488699491576444,0.008907753380254846
-0.8461069841773909,-0.8285164352821708,0.01759054889522016
0.3926602420245016,0.37369637612052975,0.018963865903971866
-0.778835931943299,-0.7776455082926548,0.0011904236506442567
-0.6276665040931521,-0.6136888931147485,0.013977610978403554
-0.9735251084418425,-0.9599135494659387,0.013611558975903826
0.5052682915093926,0.48133032243537754,0.02393796907401502
0.360164415927454,0.3617017476392268,0.0015373317117727825
-0.2757692899747703,-0.279173895298385,0.0034046053236146956
0.8211039265271488,0.8117651979833961,0.009338728543752728
-0.8451932370697953,-0.828224872661826,0.01696836440796934
-0.773473304828722,-0.7725125497224998,0.0009607551062221775
-0.3512983608600407,-0.33646154131970407,0.01483681954033661
0.7247314670453926,0.7173579551585088,0.007373511886883843
-0.9241907246563846,-0.9106575059014369,0.013533218754947729
-0.22655480490479124,-0.21186169279931039,0.014693112105480854
0.04823509868498745,0.04977648326197328,0.001541384576985827
-0.0030475423008009114,-0.007007068445660417,0.003959526144859506
-0.6605284200985594,-0.6613696996848248,0.0008412795862654532
-0.4827912166628608,-0.46998014471890076,0.012811071943960028
-0.9415413601109939,-0.9330703796369961,0.008470980473997747
0.07780583598419462,0.07193312608132255,0.0058727099028720725
0.5519379223736665,0.5633359778268547,0.011398055453188283
-0.936707889750961,-0.928629961374967,0.00807792837599397
-0.21743621371595576,-0.21981172821264502,0.0023755144966892683
-0.7334875284548733,-0.7362599339158927,0.0027724054610194226
0.29399898653703455,0.28537294857596773,0.008626037961066813
-0.775230090283412,-0.7656836956719666,0.009546394611445463
-0.7519196796662756,-0.7478464732124178,0.004073206453857781
-0.8079457759187172,-0.7886218534825442,0.01932392243617298
-0.7227484296743092,-0.7124152808966095,0.010333148777699641
-0.2844783364329552,-0.2729347000819483,0.011543636351006914
0.4645300676721407,0.44599367682454283,0.018536390847597894
0.8884223246445663,0.8781107753342896,0.010311549310276669
-0.9353798498979803,-0.9260290267089314,0.009350823189048896
0.12125629267692915,0.11765476238036969,0.003601530296559463
0.09033113595986146,0.1079411946551644,0.017610058695302938
0.812674978596296,0.7928010967057686,0.01987388189052741
0.3671253855158047,0.3539196737794337,0.013205711736371029
0.8028183467512248,0.7911767418588932,0.01164160489233157
-0.6669488732009263,-0.6528020646128478,0.014146808588078486
-0.9393557819429802,-0.9256665544780076,0.013689227464972586
0.9293717160039283,0.9145642682096926,0.014807447794235706
0.9507070685618014,0.9364991886205638,0.014207879941237622
0.6903699507785737,0.6862473454518215,0.004122605326752127
-0.8153271992486331,-0.8116425529078239,0.003684646340809117
0.9191619434812272,0.9106675936600128,0.008494349821214331
-0.7637115134553935,-0.7358102334585555,0.027901279996838002
0.011346338174980843,0.021136658453458065,0.009790320278477222
0.5929941668084782,0.5864387223699268,0.006555444438551383
-0.6121058220379069,-0.5795840914542985,0.03252173058360841
-0.4140817803023179,-0.3952827741194546,0.018799006182863287
0.4833040547976726,0.45655880677100097,0.02674524802667161
-0.09427061979736827,-0.10068159518056848,0.006410975383200207
-0.34259218568258487,-0.34716642097569317,0.0045742352931082975
-0.9277445285194087,-0.9196070545443483,0.008137473975060372
-0.8492430469872512,-0.8315029043190084,0.017740142668242753
0.10420005910382141,0.11139514047831128,0.007195081374489876
-0.8135686690025008,-0.8004294952165405,0.0131391737859603
-0.3366314272496054,-0.3420441990614003,0.0054127718117949475
-0.1760801171462922,-0.19335012408486768,0.017270006938575472
-0.1860975440135771,-0.17057265693036008,0.015524887083217004
0.7107989517433692,0.7037926811018347,0.007006270641534473
-0.1800352538545226,-0.17437173832981073,0.005663515524711865
0.7332846338607448,0.7289700951510693,0.004314538709675575
-0.4181728397728833,-0.4010882739936505,0.017084565779232785
-0.5215190556497543,-0.5007909506526345,0.020728104997119856
0.9230088171824669,0.9168300638967061,0.006178753285760785
-0.8997195904517902,-0.8923502621198641,0.0073693283319260505
-0.9316106023851883,-0.9186369584426419,0.012973643942546409
-0.7890412166070427,-0.7807721402636958,0.008269076343346948
0.9620010047610877,0.9420534951864369,0.019947509574650857
0.9582497949345011,0.9439405180673704,0.014309276867130682
-0.2821647773223182,-0.2866516481033878,0.004486870781069574
-0.8489031365419357,-0.8367287544400829,0.012174382101852843
0.9359660848050073,0.9237589562363159,0.012207128568691439
0.6454661671449656,0.6359260950151435,0.009540072129822108
0.8194200849957086,0.7996282172277726,0.019791867767936067
-0.6022908529940821,-0.5861809168255155,0.016109936168566596
0.22870472136399062,0.21390125231535376,0.014803469048636858
0.22901512250367706,0.21572165535316962,0.013293467150507443
-0.1146794103511283,-0.10053080419457389,0.014148606156554416
-0.5432192890618871,-0.5400638514231773,0.003155437638709846
0.24301447710239527,0.24754657982117634,0.0045321027187810725
0.4945279567843694,0.4858179672337283,0.008709989550641117
-0.4647809274608188,-0.4283121399391221,0.03646878752169669
0.5588681530953535,0.5403968121229115,0.018471340972442074
-0.8731437721654539,-0.8595305613279599,0.013613210837494005
0.4089451032581872,0.408174627481671,0.0007704757765162329
-0.5848937180549834,-0.5878011694744846,0.002907451419501217
0.9024847245783018,0.8883959760769348,0.014088748501366988
-0.8630354730109558,-0.8540990492408792,0.00893642377007664
-0.33627068440353913,-0.33243125936057166,0.0038394250429674703
-0.9344270995159668,-0.9275214741750852,0.0069056253408815715
-0.9229701650578571,-0.9130178861975926,0.009952278860264507
-0.7592768211523647,-0.7596303765012611,0.00035355534889636164
0.8076999897569795,0.8097020529322072,0.002002063175227664
0.7977484830852347,0.7880255705590028,0.00972291252623192
0.10778729230610513,0.11758672929796078,0.009799436991855648
-0.15418541416292741,-0.1531490901708071,0.0010363239921203082
-0.29664045593739247,-0.3084133335663194,0.011772877628926925
0.6105325944547425,0.5935216244265167,0.017010970028225825
0.8937888957076616,0.884118376411735,0.00967051929592666
-0.8688989374167684,-0.8587084096441966,0.010190527772571789
0.7269195559354841,0.7146875717011724,0.01223198423431171
-0.11951849656911337,-0.12914219479078728,0.009623698221673915
0.9119190037647356,0.8983193065633572,0.013599697201378325
0.848491930205343,0.8363547476545811,0.012137182550761905
-0.7993331225140704,-0.7822027748054574,0.017130347708612992
-0.03335819953591224,-0.03446361051097176,0.0011054109750595134
0.7148337301808231,0.7077540950583903,0.007079635122432815
0.9430918634137191,0.9289209981263795,0.014170865287339574
-0.6701258131705364,-0.6709054211993389,0.0007796080288025031
-0.43335950231678527,-0.4336458471487662,0.00028634483198092253
0.58719919523671,0.5711637201087726,0.01603547512793746
-0.4498415991168744,-0.4544305056920975,0.004588906575223095
-0.6483400403687557,-0.6367220613974435,0.011617978971312226
-0.8271677275569805,-0.8218937728135529,0.005273954743427622
0.4204112995725244,0.4167157560609351,0.0036955435115892943
0.7816497608642047,0.7765250550412096,0.005124705822995068
0.35258210932584777,0.3526197872521324,3.76779262846183e-05
0.8782967204906972,0.870463144978693,0.007833575512004143
-0.852739697064372,-0.8287391164083763,0.02400058065599575
0.08620888163165265,0.0673800520828652,0.01882882954878745
-0.9082345051748699,-0.8933517548599943,0.014882750314875626
0.4237604233595278,0.43183120163248356,0.00807077827295577
0.9390238262940319,0.926814592703091,0.012209233590940949
0.5368326649152287,0.5304316637013833,0.006401001213845459
-0.2970490451238153,-0.2843094878539564,0.012739557269858925
-0.860996414974551,-0.8410129600935052,0.019983454881045803
-0.13353604566834115,-0.14413838923190575,0.010602343563564598
0.0007409368655436842,-0.01584280107382486,0.016583737939368542
0.8444828661103,0.8332889221841827,0.011193943926117278
0.38826846358283845,0.39589787623257494,0.007629412649736489
0.9007267101816879,0.897916478845977,0.0028102313357109
-0.8881158754004698,-0.8757140223348471,0.012401853065622692
0.2875714773562721,0.30201846446128566,0.014446987105013576
-0.5642010120189024,-0.5459278221781623,0.01827318984074011
-0.15612527657461162,-0.13812027840124683,0.01800499817336479
-0.8321392325809784,-0.8219279791037124,0.010211253477266036
-0.9012406288730006,-0.8945118616903232,0.006728767182677453
-0.6959418032890071,-0.6962213899083906,0.00027958661938343177
-0.8291875550539204,-0.8179756731561985,0.011211881897721931
0.1299576874278475,0.11685275452307879,0.013104932904768704
-0.008946816097722472,-0.0001903959714537615,0.008756420126268712
0.7846230721501047,0.7812266525922067,0.003396419557898045
-0.78548160137621,-0.78188389599128,0.0035977053849299834
0.30361233973469764,0.2950218668644874,0.008590472870210253
-0.2325965513252633,-0.21803459063103145,0.014561960694231851
0.9107277140476083,0.9060359550882588,0.004691758959349479
-0.6367213988923435,-0.6279773305317196,0.008744068360623913
-0.3528770667957259,-0.34513255336138915,0.007744513434336742
0.9385693029427618,0.9204942632911671,0.018075039651594627
0.8435216990151638,0.8319413089206379,0.011580390094525939
-0.931160630671124,-0.9187597427860719,0.012400887885052114
-0.2155508494061257,-0.21406629386360587,0.0014845555425198331
0.6868403790412075,0.6744933199832328,0.01234705905797473
0.5229285570038078,0.5152440692433257,0.007684487760482139
0.5947879356533761,0.5854580338552977,0.009329901798078355
-0.20073698470371704,-0.22993407481798384,0.0291970901142668
0.8612824522761426,0.8504310838116064,0.01085136846453627
-0.417667898477233,-0.3997681936778333,0.01789970479939973
0.5688122092400558,0.5751985258506885,0.006386316610632714
-0.26985145291882867,-0.2618109326015709,0.008040520317257771
-0.7318960468059744,-0.7214968190312178,0.010399227774756659
0.2435002500515291,0.23464859477641578,0.008851655275113307
-0.9491075436045732,-0.9428172296875197,0.0062903139170534805
-0.7006329444042325,-0.6983020833986048,0.002330861005627738
0.3753146728401922,0.38437828462993545,0.009063611789743242
0.4914990202970342,0.4793188482274017,0.012180172069632511
0.6064557402311894,0.6076648904177765,0.0012091501865870713
-0.523765256402522,-0.5106158744508422,0.013149381951679806
0.008035445961637931,0.01394496733372409,0.00590952137208616
-0.8189442727265526,-0.8087460190462422,0.010198253680310354
0.09674063940021113,0.08823683989116476,0.008503799509046367
0.8510802785912657,0.8382323249340579,0.012847953657207811
0.934081817216542,0.9285929641896441,0.005488853026897944
0.7428002467512447,0.7375879458032076,0.005212300948037041
0.5224761466575027,0.5204875790173056,0.0019885676401971697
0.5716203045357944,0.5539349241554588,0.017685380380335625
0.5338506569504802,0.5453386916073667,0.011488034656886525
0.929506801336298,0.9136894136271989,0.01581738770909913
0.2597807358229649,0.2667539423110987,0.006973206488133821
0.3458868261591685,0.3513605666825263,0.005473740523357806
0.4253879217345043,0.4146572685013865,0.010730653233117782
-0.8670132181136908,-0.8516432674943867,0.015369950619304129
0.6093837243952154,0.5922454213530242,0.017138303042191216
-0.26936625807930975,-0.2717075575016388,0.002341299422329024
-0.037697969971969066,-0.0389148119250246,0.0012168419530555336
0.8615277408120487,0.8530836193742899,0.008444121437758856
0.01399487251853877,0.010703502575430809,0.0032913699431079604
0.24348439954474224,0.2418086281313308,0.0016757714134114365
0.3884311124267904,0.3910217170937998,0.0025906046670093885
-0.9327914713853264,-0.9201357170849561,0.012655754300370248
0.708416742719846,0.7095056744086276,0.001088931688781547
0.934401884723035,0.924445390530549,0.00995649419248601
0.7330638970123173,0.7256126540239228,0.007451242988394502
-0.5650130668595764,-0.5605697151182889,0.004443351741287516
0.39380116284600464,0.3796953707537295,0.014105792092275138
-0.6579555784823109,-0.6599402807393544,0.0019847022570435024
-0.38706202585349575,-0.36985401351004643,0.01720801234344932
0.9607483847299559,0.9493824273906791,0.011365957339276811
-0.23917477810443472,-0.23777410447627714,0.0014006736281575727
0.7735411032391265,0.7727678399907254,0.0007732632484011015
-0.37233130510685636,-0.3716212067749586,0.0007100983318977794
0.28285709109273527,0.26692319383197827,0.015933897260757002
-0.35727970331920395,-0.32789250951073196,0.02938719380847199
-0.6872314261647942,-0.6753733363536052,0.011858089811188965
0.8909642419006709,0.8802400497697336,0.010724192130937338
-0.5690976885533624,-0.5704879344698661,0.0013902459165037184
-0.02563801507362052,-0.026311447190880112,0.0006734321172595925
-0.9071036381046984,-0.8904110321802883,0.01669260592441013
-0.29733202485224514,-0.284427940394649,0.01290408445759611
-0.4484567943201679,-0.452302911559415,0.0038461172392471044
0.7847427260719265,0.7762998924960122,0.008442833575914355
0.06885635565282822,0.06562440888728407,0.0032319467655441414
0.24111081705752635,0.2346902958945275,0.006420521162998849
0.7332795039060772,0.7257641417006634,0.0075153622054138225
0.9423596485750638,0.9278583508179209,0.014501297757142928
0.5063973711517396,0.5096090746131341,0.003211703461394544
0.2617367462054151,0.26403640768216285,0.0022996614767477608
0.8983245318325243,0.8934073658464002,0.004917165986124017
0.8278959631910209,0.8186481826704288,0.009247780520592053
-0.015802338135099826,-0.01205056820522824,0.0037517699298715863
-0.5018260953964834,-0.4934189813196362,0.008407114076847189
0.13242484060497522,0.1271023766356886,0.005322463969286623
-0.7320499532653229,-0.7125653476824407,0.01948460558288212
-0.7683336942781374,-0.7570009509199271,0.011332743358210218
-0.7724333118646075,-0.7445859287126126,0.027847383151994864
-0.34151406937289347,-0.34774312661139606,0.006229057238502589
-0.8089408902183218,-0.8048948811590649,0.004046009059256894
0.8564328597897355,0.8558007200931379,0.000632139696597589
0.4537741438907516,0.44190162029625424,0.011872523594497364
0.28831761261377886,0.29085812004165246,0.002540507427873595
-0.25437872674292306,-0.2209511475707167,0.033427579172206345
-0.4818088079094415,-0.4705119778954471,0.011296830013994452
-0.311164790840612,-0.27679410328116794,0.03437068755944406
-0.11407300243360666,-0.12134082303028544,0.007267820596678784
0.28274612639304886,0.2874625420563052,0.004716415663256368
0.5849623755012776,0.5863667708586454,0.0014043953573678047
0.7018957053857108,0.6842328008904216,0.017662904495289178
-0.9167014605955345,-0.9019009497844945,0.014800510811039946
0.4279045106887846,0.4106638836404908,0.017240627048293822
-0.2541459086073129,-0.24533407093573698,0.008811837671575923
0.20586834713097327,0.21020954352116855,0.004341196390195284
0.9765926753189941,0.9651833464257583,0.01140932889323576
0.5751325754482494,0.5620000510277954,0.013132524420453984
0.42713212246324445,0.4251154223762061,0.002016700087038359
0.24064600011241982,0.24311078923023627,0.002464789117816446
-0.3385090454769358,-0.3314725240245719,0.007036521452363886
-0.6343880400989749,-0.6155271014742931,0.018860938624681745
-0.601543075683277,-0.6028587080788483,0.001315632395571309
0.7622569831891522,0.7532490565985075,0.009007926590644755
-0.8758635901144175,-0.8635792513924624,0.012284338721955113
-0.5710190173970268,-0.5733101863006689,0.0022911689036421157
-0.7006611384034713,-0.6906857131852103,0.009975425218261003
-0.9063573258295512,-0.8976541347262365,0.008703191103314745
0.7240986066749568,0.7160904063511356,0.008008200323821213
-0.5018555969075641,-0.4834154810756161,0.01844011583194799
-0.011982968227043658,-0.02715845319100192,0.015175484963958263
0.03714596242367899,0.056596015287535835,0.019450052863856843
-0.3850343236403484,-0.37512075074597134,0.009913572894377054
-0.8633879910421028,-0.8645290075221393,0.0011410164800365052
0.2110461039428112,0.19956370773859722,0.011482396204213985
0.5140289982440116,0.4761336655828811,0.03789533266113049
-0.6221417100750549,-0.6141070328626489,0.008034677212406027
0.7073542071387127,0.6977811998501916,0.009573007288521063
0.9068664175275949,0.8928469104977341,0.014019507029860767
0.05355993615794538,0.08673146708027478,0.0331715309223294
-0.2151773697104611,-0.22546037287744708,0.010283003166985966
0.8941330279193251,0.8755065122938901,0.018626515625435047
0.45006261204761955,0.44561909368270153,0.00444351836491802
0.9401767199109194,0.9343336670301207,0.0058430528807987825
0.022709687013023647,0.055568600783773237,0.03285891377074959
-0.8538372769447503,-0.8349294287288107,0.018907848215939604
0.44652159572766675,0.4482932530328497,0.001771657305182972
-0.3466992145588713,-0.3440231120868163,0.0026761024720550197
0.6679643458536206,0.6682175562901146,0.0002532104364939558
-0.9443929892983589,-0.9305194483786197,0.013873540919739247
-0.8675202558693537,-0.8561664785902033,0.011353777279150323
0.6327503702810914,0.6326921108115781,5.825946951332206e-05
-0.23241608756242435,-0.21875581352528597,0.013660274037138376
0.603696247286352,0.5895491038551661,0.014147143431185838
0.9442625469917861,0.9334655274772382,0.010797019514547923
-0.9386336410386479,-0.9294438680144136,0.009189773024234293
0.04207272250672502,0.03844291738013104,0.003629805126593985
0.4367096529109689,0.43038669748162234,0.006322955429346577
-0.1997718582412974,-0.19395004023987797,0.0058218180014194265
-0.6772425985217609,-0.6765897748456466,0.0006528236761143003
0.8540376984986074,0.8344451217560713,0.019592576742536116
-0.3937346980967977,-0.3855369757298476,0.0081977223669501
-0.5598022013532159,-0.5411669411220341,0.018635260231181783
-0.6808236035678892,-0.6759491455979789,0.004874457969910262
-0.8794548739233778,-0.8695262396454563,0.009928634277921566
-0.8954446673704842,-0.8767643329696622,0.018680334400822063
-0.4290106844645749,-0.4109743649944219,0.018036319470152995
0.8648097968828232,0.8571212473568016,0.007688549526021604
-0.04042096707022688,-0.04565730478368416,0.00523633771345728
-0.4269002631193643,-0.43067412089893464,0.0037738577795703443
0.686115334449416,0.6653928651779824,0.02072246927143362
-0.517043252303525,-0.5203025502315433,0.0032592979280182677
0.28591011365770724,0.2620884480713535,0.023821665586353735
0.15187283200194981,0.1522169840748038,0.0003441520728539871
0.695121873957806,0.658277352791028,0.036844521166778055
0.46486021790423254,0.4448789519258875,0.019981265978345042
0.9455794650991399,0.9280659618706112,0.017513503228528737
0.8915568715747313,0.8751193622408427,0.016437509333888545
-0.36778932963709837,-0.3690373072621022,0.0012479776250038377
-0.14386389670576033,-0.15398829771833722,0.010124401012576889
-0.9206391338875137,-0.9062674789716176,0.014371654915896093
-0.3631066726916289,-0.36605948392201737,0.0029528112303884857
0.7927904669345891,0.7734137249839234,0.019376741950665743
-0.08861970790309731,-0.06971368366054823,0.018906024242549085
-0.8525963317175449,-0.8321628100826027,0.020433521634942164
-0.5888289442949699,-0.5909704971385042,0.0021415528435343445
-0.16598402423652256,-0.15300615375063947,0.012977870485883086
0.9433099978423043,0.9347361960012618,0.008573801841042505
-0.9244017907612012,-0.9147644199727768,0.009637370788424415
-0.4986707707874536,-0.48287258327480886,0.015798187512644724
0.016108421742080277,-0.001518800904687096,0.017627222646767374
0.8453524782135781,0.8349203358140684,0.010432142399509625
0.09642711685585639,0.08539927974601699,0.0110278371098394
-0.624224148161547,-0.6073423850023948,0.01688176315915224
-0.7799511575623481,-0.7602180903573716,0.019733067204976473
0.7858971643575653,0.7769581867981343,0.00893897755943096
-0.9048475943757522,-0.8973128678053719,0.007534726570380346
0.8334461851737606,0.8209728379080008,0.012473347265759771
-0.417865238608231,-0.37832521437525546,0.039540024232975535
-0.6926371630656014,-0.6692009698620669,0.023436193203534517
0.3683533853747175,0.3757403648037324,0.007386979429014895
-0.395232830508823,-0.3783189916162219,0.01691383889260112
-0.17335474779221574,-0.1621582441495776,0.011196503642638134
0.919593415305617,0.9064272124599875,0.013166202845629527
-0.6047905747609925,-0.5844473269400596,0.020343247820932886
0.39210485849742976,0.39401140153226966,0.0019065430348398915
0.3266734324316405,0.3209413690026352,0.005732063429005285
0.1683636222709747,0.17339760774827073,0.005033985477296027
0.114125656443012,0.1065408165720955,0.007584839870916488
-0.8987292497663099,-0.8885922557750757,0.010136993991234133
-0.5656987785816694,-0.5728325900357022,0.007133811454032801
-0.7335672832561969,-0.7154103286377138,0.0181569546184831
0.017143560832528895,0.026813896806422065,0.00967033597389317
-0.27208159935208054,-0.2488589534116461,0.02322264594043444
0.032071870075750936,0.02734300216637689,0.004728867909374046
-0.26711203971249925,-0.25961693008263037,0.007495109629868879
-0.86358957861116,-0.8534804290955454,0.01010914951561459
0.06790395576791505,0.054859879170463734,0.01304407659745132
-0.4151026617932945,-0.40526483882646175,0.009837822966832777
0.8435072568333006,0.8347530359947835,0.00875422083851718
-0.6939013254303538,-0.6806794092779694,0.013221916152384328
0.6544245700495622,0.6354954216629738,0.018929148386588435
0.8208253740728647,0.8127830284523936,0.008042345620471125
-0.1746850803581961,-0.16094078629390612,0.01374429406428998
-0.6368150421372554,-0.6401425980247245,0.0033275558874691358
0.05249882585233955,0.0637559286115896,0.01125710275925005
0.7788357736109517,0.7745793381682328,0.00425643544271892
0.4038532894745269,0.41002706487678336,0.006173775402256443
-0.8164037480857734,-0.8004235663164216,0.015980181769351787
-0.9541544873322955,-0.9414819244795292,0.0126725628527663
-0.6479552782270854,-0.6295903955871769,0.018364882639908542
0.37903556957694073,0.377062753368291,0.0019728162086497525
0.4556553249236482,0.45818873179150527,0.00253340686785708
-0.7006006199059585,-0.6943125744294874,0.006288045476471105
-0.9483022701310835,-0.9277933062013023,0.020508963929781188
-0.3225362682040322,-0.3296156938082614,0.007079425604229195
-0.9094056733225555,-0.8958613335854668,0.013544339737088684
0.056391031941162226,0.06253978564396957,0.006148753702807347
-0.04178186826350058,-0.04356837244273777,0.0017865041792371888
-0.8795807842139959,-0.8610242711974999,0.018556513016495968
0.3472570208464373,0.32927388776001165,0.01798313308642563
-0.4529361394043169,-0.41806986893774584,0.03486627046657104
0.4066237458363692,0.40964762243086955,0.0030238765945003743
-0.9411206031718721,-0.9305812218235845,0.01053938134828758
-0.001891249694590443,0.007404879480466634,0.009296129175057077
0.09843203301902483,0.10083166490764732,0.0023996318886224943
-0.3297127061844299,-0.34002209434276137,0.01030938815833149
0.3973547129601128,0.39907986932022094,0.0017251563601081155
-0.8588570306585723,-0.8549757406719605,0.0038812899866118578
-0.3711327713020256,-0.3769568873630936,0.005824116061067974
0.9391274801684851,0.9253868955395665,0.013740584628918584
0.8698957633359043,0.850518036521177,0.01937772681472738
-0.8824674074188706,-0.8678274955329143,0.01463991188595637
0.8694328359351504,0.8578402079471483,0.011592627988002091
0.9374822356510604,0.9309409829350805,0.006541252715979828
0.852330270853788,0.8403383966974186,0.011991874156369375
-0.7515657458140466,-0.7483665361058889,0.00319920970815768
-0.87263808559071,-0.8600914073045135,0.012546678286196489
-0.7978859311377445,-0.786403203586204,0.011482727551540561
-0.7912663287887692,-0.7794177115904852,0.011848617198284006
-0.8512390735785236,-0.8376886301577875,0.01355044342073608
-0.7796558998235615,-0.7591639717029766,0.02049192812058498
0.24735441526925345,0.24999634640626947,0.0026419311370160237
-0.19366164898566057,-0.17537073730611857,0.018290911679542
-0.9532563322603916,-0.9448876724154652,0.008368659844926407
0.05767572337805353,0.06252362172282465,0.004847898344771118
-0.34715683659899316,-0.35135989921544414,0.004203062616450981
0.9191044672636036,0.9051904157428475,0.013914051520756088
-0.27403529011192906,-0.27629983438090366,0.0022645442689746
-0.9386777644974467,-0.9295172879428786,0.009160476554568087
0.19547546081075634,0.199677186876604,0.00420172606584765
-0.16022165181653517,-0.16638329682870667,0.006161645012171507
-0.2431025468473792,-0.23445105247841433,0.008651494368964868
-0.9408138168566097,-0.9295493632141094,0.011264453642500283
0.8529371111703598,0.8238061616832781,0.029130949487081614
0.907186419221686,0.9032699125119555,0.003916506709730427
-0.8159960246472938,-0.8134019589743555,0.002594065672938295
0.4931678060280573,0.48591125539612284,0.0072565506319344775
0.8262767944560971,0.8240993110931201,0.002177483362977073
-0.6606156463750578,-0.6453577444389269,0.015257901936130858
-0.8278374010414862,-0.8142046525645438,0.013632748476942402
-0.5996561350070593,-0.600959803633997,0.0013036686269377595
-0.16473549929085793,-0.15140972586488136,0.013325773425976573
-0.030027894213792535,-0.022325127128574325,0.00770276708521821
0.3198410120395744,0.3210553510495068,0.001214339009932397
0.08697161560664647,0.1014974151660653,0.014525799559418823
0.8459461676946842,0.8425427150567809,0.0034034526379033148
-0.9177846253542572,-0.9068489413943972,0.010935683959859999
0.9053563403725133,0.8932119871300699,0.01214435324244345
-0.942999790451893,-0.9283504613713972,0.014649329080495765
-0.8629138368839335,-0.85847704366092,0.004436793223013491
-0.86468122651692,-0.8513138322169969,0.013367394299923174
0.4512391802079949,0.45326516586712867,0.0020259856591337555
0.7831732326490952,0.7872076306380048,0.004034397988909588
0.5859477408872324,0.5795716426235554,0.006376098263677021
0.9433310613128494,0.9255155030579101,0.0178155582549393
0.7134730176988747,0.7066096432736055,0.006863374425269186
0.48744491012653923,0.4903403398571229,0.002895429730583654
0.3314832971274353,0.34103310609946325,0.009549808972027951
0.9097662404661351,0.8947423351660039,0.015023905300131202
-0.5183469934643046,-0.5124549124728243,0.0058920809914803085
0.6300945023289004,0.6132916803220493,0.016802822006851126
0.9409284534868219,0.9248659182098513,0.016062535276970547
0.35663343935805863,0.35942346270879943,0.0027900233507408
-0.8476304486017313,-0.8421903412994749,0.005440107302256414
-0.9397728337489694,-0.9317900278392091,0.007982805909760304
0.6521265281078114,0.6255674812504285,0.026559046857382862
0.6065121658710172,0.6098553315560469,0.003343165685029681
0.2594891660337419,0.26096862465840426,0.0014794586246623664
0.8197000463188201,0.8057144158154731,0.013985630503347002
-0.8754121808116009,-0.8651384241884651,0.010273756623135788
0.7601112900375226,0.7620356857383198,0.0019243957007971657
-0.9601273324993141,-0.9437102322436267,0.016417100255687433
0.2794999359117357,0.2718405393105974,0.007659396601138346
-0.7783296100646736,-0.7611189266779987,0.017210683386674863
0.08073749854611849,0.07655474497097792,0.0041827535751405714
0.8966472911419074,0.8777974272261345,0.018849863915772924
0.18880562638817486,0.17843914962087126,0.010366476767303595
-0.704004593192802,-0.7081623143427643,0.004157721149962379
0.925444971798716,0.9100272948028684,0.015417676995847618
0.8172575187496888,0.8078153513414045,0.009442167408284297
-0.8061826162338785,-0.8048295484308401,0.0013530678030384546
0.48611546746089335,0.4838261212179694,0.0022893462429239286
-0.3807937744090785,-0.3741239957380474,0.006669778671031135
0.8697875174451956,0.8652556834086738,0.004531834036521798
-0.954265039822458,-0.9368503819451804,0.017414657877277584
0.8700455884687008,0.8544423685944744,0.015603219874226415
0.6786941072097963,0.641000212791718,0.037693894418078244
-0.4847556209323159,-0.4658576230929888,0.018897997839327108
0.47839305113889125,0.47507800623841084,0.0033150449004804017
-0.32394532848445223,-0.31025042200030717,0.013694906484145064
0.9338924175479616,0.9230547536440548,0.010837663903906836
-0.6593624933846949,-0.6236772153065357,0.03568527807815913
-0.9013537383935297,-0.8821441916120571,0.019209546781472575
-0.9619961977707292,-0.9434746691023663,0.018521528668362874
-0.5666958514381978,-0.5607247831113099,0.005971068326887874
0.26370688999881997,0.25840682346134014,0.005300066537479831
0.16954721894983507,0.1702597941645293,0.0007125752146942277
0.17027172725330508,0.17708022079984045,0.006808493546535371
-0.9319104791260071,-0.9164154323739706,0.015495046752036501
0.7968669382068034,0.7991305877797992,0.0022636495729957407
0.9422367486194964,0.9357326540595367,0.0065040945599597055
0.06806787346763118,0.07960149285969488,0.011533619392063696
0.5051272245879967,0.5031206553259104,0.0020065692620863107
-0.9153592597650068,-0.9070914419340198,0.008267817830986957
-0.23318524353521922,-0.236297520944441,0.003112277409221792
-0.45770928144366846,-0.4524215853837938,0.005287696059874669
-0.612439138454406,-0.6020046134374023,0.010434525017003704
-0.5217769644871552,-0.5244738450697642,0.0026968805826090847
0.9127457017961187,0.9045282858916246,0.008217415904494096
0.9748648174815389,0.966247819890368,0.00861699759117085
-0.7771056432647735,-0.7632989497546752,0.013806693510098333
-0.926318088992764,-0.9111686649894408,0.015149424003323197
0.3334685217095863,0.3346858902563989,0.0012173685468125917
-0.6294400183648127,-0.6215270285406197,0.007912989824192973
0.9578344971080367,0.9357796516342857,0.022054845473751028
-0.512595933660453,-0.5168263904921853,0.004230456831732288
-0.8880996359862937,-0.8747235389722121,0.0133760970140816
-0.7986391843257401,-0.7884491076836202,0.010190076642119905
-0.18573886793326172,-0.17763232406918383,0.008106543864077886
0.9012406258014244,0.886635284793207,0.01460534100821742
-0.9727594245637581,-0.9693785636674804,0.0033808608962776487
0.04318989205283294,0.04722371115135722,0.00403381909852428
-0.6378596087291479,-0.6399910157458272,0.002131407016679243
-0.29422581611670623,-0.2774077180754132,0.016818098041293028
0.6004882380457417,0.602083786120732,0.001595548074990294
-0.3556902392409567,-0.35799421368824935,0.002303974447292634
0.8264746372186131,0.8237821922947233,0.0026924449238898696
0.4489488359316309,0.43213996166655233,0.016808874265078544
0.378025851207821,0.3793181026462161,0.00129225143839512
-0.8219484069837717,-0.8088476923980198,0.013100714585751905
0.763550033622331,0.7549018574937482,0.008648176128582818
0.17456738813587278,0.1830859300754811,0.008518541939608326
-0.7959077333263501,-0.7843470484644203,0.011560684861929849
-0.1948891013560267,-0.1951471757781098,0.0002580744220831155
-0.40919910102429646,-0.3657533641861755,0.043445736838120974
0.8870897105525452,0.8798508896675957,0.007238820884949426
-0.8676564180163708,-0.8582891169104748,0.009367301105896009
-0.889851469033921,-0.8736923682532164,0.016159100780704594
-0.24370122032159616,-0.24653183760888187,0.0028306172872857027
0.4998451465208512,0.4983519512992031,0.0014931952216480915
-0.8832274403888066,-0.8698499758226248,0.01337746456618183
-0.9245606692510212,-0.9055447493844186,0.01901591986660256
0.2935334563513134,0.30276222401785724,0.009228767666543847
-0.4841702927844778,-0.4717672667454038,0.012403026039074005
-0.9187070987015555,-0.9113873219458488,0.0073197767557067195
0.9509165916047386,0.942135824861442,0.008780766743296642
-0.6844770487412065,-0.6856142775646005,0.0011372288233939543
0.5910987847212187,0.5748186477807885,0.01628013694043018
0.9161645281922726,0.8997356525867207,0.01642887560555184
0.8672038350872984,0.851751310404391,0.015452524682907365
0.38480632538065096,0.3673190139264415,0.017487311454209453
0.49397885616936277,0.5013144377169094,0.007335581547546655
0.9064431725608665,0.8904227818317821,0.016020390729084344
0.9442114675292363,0.9384803383769724,0.005731129152263925
0.9327888166953835,0.9254559961223802,0.007332820573003329
0.21558744453746428,0.23580563561821113,0.02021819108074685
0.6600206202700187,0.6424107669917363,0.01760985327828246
0.062437015730658366,0.07709493900023433,0.014657923269575962
-0.942978861372107,-0.9288821456364419,0.014096715735665066
0.2672918778836611,0.2673751664484675,8.328856480638303e-05
-0.3884284128958172,-0.36398509847130567,0.02444331442451153
0.6659223857105745,0.647322783902842,0.018599601807732458
-0.1536936077626868,-0.14923747281691147,0.004456134945775347
-0.11337404838327297,-0.1102856960513756,0.0030883523318973732
-0.400124106213719,-0.40236279604791764,0.002238689834198615
-0.6147857768215819,-0.5978444604389286,0.016941316382653282
0.9249161403858946,0.9140178761057873,0.010898264280107317
0.021725687002046756,0.035217544161263124,0.013491857159216369
-0.5149474586338444,-0.5144290996417445,0.0005183589920998433
0.47348629714832136,0.4689970964483966,0.004489200699924756
0.8575860875006565,0.8387713785957117,0.018814708904944744
-0.6552400071233564,-0.6346946505737026,0.020545356549653837
-0.7858971655737825,-0.7770870345362134,0.008810131037569113
0.6909252282944283,0.6897580021396309,0.0011672261547973628
-0.06247360006407592,-0.06787634794058256,0.0054027478765066375
0.12044969592487839,0.13098692140864623,0.010537225483767843
-0.1657339959905108,-0.15787644214612695,0.007857553844383858
0.3317862928153665,0.3408176551106648,0.009031362295298329
0.5296808755388355,0.5315991694965008,0.0019182939576652958
0.7173266465922482,0.7085015631412227,0.008825083451025506
-0.25894401416957163,-0.26493435417495603,0.005990340005384398
-0.4255500534272741,-0.42776592342785064,0.0022158700005765475
-0.2187668460515708,-0.2054451707632994,0.013321675288271384
0.7047213797486729,0.7068286718436506,0.0021072920949777307
0.07276210802269581,0.06333621065558506,0.009425897367110747
0.5784004741787202,0.5620943736478996,0.0163061005308206
-0.4246574677319881,-0.4165856024650605,0.008071865266927603
-0.15819824364801197,-0.12208869656368491,0.03610954708432705
0.56140711001527,0.5560774279740525,0.005329682041217532
-0.8729813113714914,-0.8549216584341628,0.018059652937328585
-0.010019055742980244,-0.02115583160263471,0.011136775859654465
-0.6149629413924735,-0.6164368919174686,0.0014739505249951046
0.08091550023480734,0.08744544424222495,0.006529944007417604
-0.871179580796637,-0.8602910464770567,0.010888534319580367
0.5124895142729502,0.5126848468758656,0.0001953326029153768
-0.8228081858664479,-0.8158364098187553,0.006971776047692613
-0.9505053897833196,-0.9376817940570886,0.01282359572623093
0.7195073749278658,0.7178000840580547,0.001707290869811029
0.45237203727859376,0.44035309414301727,0.012018943135576499
0.24650432045283047,0.25218789613813297,0.0056835756853025055
0.5113728346397116,0.493237388364765,0.01813544627494662
-0.7790856448495843,-0.7630337743952166,0.016051870454367734
-0.6531111113057048,-0.6521239736519201,0.0009871376537846643
0.9333435309571484,0.918780078329663,0.014563452627485374
0.4669428864786038,0.46060430888408044,0.006338577594523387
-0.6773625614715306,-0.6712293713752908,0.0061331900962398045
0.5185296914292359,0.5105191517208675,0.008010539708368403
-0.08676918827182771,-0.07624977974313948,0.010519408528688226
0.29856726153791613,0.2989884021736562,0.0004211406357400582
-0.23712850108787756,-0.24787448889524813,0.010745987807370572
-0.6945582267078294,-0.6766519765029289,0.017906250204900553
0.07705722255292255,0.0716964478459774,0.005360774706945154
-0.5788745044790546,-0.5595130915443236,0.019361412934731037
0.9235915867754553,0.9127409427708774,0.010850644004577914
-0.8805953000397307,-0.8634638030372115,0.017131497002519258
0.4940321776529359,0.50122496161578,0.007192783962844118
-0.7610460608342929,-0.758791698706688,0.002254362127604992
-0.03732379535758824,-0.02149341108780119,0.015830384269787046
-0.46266570575678967,-0.4475467983109207,0.015118907445868968
0.8758797550077088,0.8726136477708076,0.003266107236901128
0.48216883606961947,0.48913335348028514,0.0069645174106656715
0.8258258487609416,0.8087816357815899,0.01704421297935166
0.4759049597101574,0.48425900974308245,0.008354050032925053
-0.7818996375453812,-0.7665356901391769,0.015363947406204281
0.025748889282883068,0.032948599658498896,0.007199710375615828
-0.4275774601754274,-0.43278585159180877,0.005208391416381353
-0.938641850599218,-0.9213023805226951,0.017339470076522923
0.6939013261453694,0.6809988539186127,0.012902472226756667
-0.915660701036697,-0.909843825215965,0.0058168758207319815
0.44358448562922065,0.4240294022909577,0.019555083338262946
-0.7488609303581236,-0.7372259634941501,0.011634966863973473
-0.47838150314482747,-0.4825519722974087,0.004170469152581235
0.6800984692520257,0.6625798587794934,0.017518610472532226
-0.373155824830046,-0.34988635580321364,0.023269469026832357
-0.4068115752421737,-0.41052506250904613,0.0037134872668724284
-0.7837260572695671,-0.7648104339329019,0.018915623336665188
-0.9756787728661469,-0.9651417017091632,0.010537071156983657
0.8729442245192901,0.8520189468980822,0.020925277621207883
-0.918969844921763,-0.9095248824790266,0.009444962442736404
-0.6960203635410829,-0.6869758381306829,0.009044525410400017
-0.8725320508371482,-0.8620596387818484,0.010472412055299807
-0.9375320730057621,-0.9283222515805274,0.009209821425234743
0.8330804521576102,0.8229533752377473,0.01012707691986292
-0.5576118925582382,-0.559833076491693,0.002221183933454829
0.9228082292957003,0.9158935167581547,0.006914712537545609
0.35549144382543413,0.35934178701908726,0.0038503431936531274
0.9561202766161454,0.9373257729762247,0.018794503639920745
0.4022597790247526,0.4091865573022858,0.006926778277533241
-0.4589039364094794,-0.4712088236424394,0.012304887232959971
0.6821210120805411,0.6624140859608931,0.01970692611964797
-0.9462959936529776,-0.9371031565189546,0.009192837134022969
0.6574650635841961,0.6400455770812589,0.01741948650293723
0.8201918951908499,0.808074020413363,0.012117874777486937
0.36500573766911315,0.37131959201268416,0.006313854343571013
-0.8498646467117443,-0.8460872260695559,0.003777420642188445
0.5917375358540143,0.5747416020062329,0.01699593384778142
-0.16945950852763128,-0.1345812795263187,0.03487822900131257
0.919285490068429,0.9022658535372705,0.017019636531158455
0.8733894780513429,0.8639338309889248,0.009455647062418082
0.8079306590139309,0.7963465993433105,0.011584059670620372
0.7743954947946956,0.7783284815010546,0.0039329867063589985
-0.8533368523108633,-0.8256094936455127,0.027727358665350588
-0.07432019412868063,-0.06830349966648537,0.006016694462195257
0.29296759333280453,0.2727649825088888,0.020202610823915723
0.9122774422772334,0.9041709567262248,0.008106485551008569
-0.039635968832124883,-0.03217925544071154,0.007456713391413343
0.7939754461983978,0.7941402909799501,0.00016484478155232019
0.8745969866181517,0.8701194647424533,0.004477521875698387
-0.9334095770462364,-0.923435472395078,0.009974104651158444
-0.5766788735085672,-0.5838142234122734,0.007135349903706234
0.9593017299952613,0.9440984215986474,0.01520330839661388
0.6519158740046903,0.6570301635505769,0.005114289545886552
-0.3581040559471306,-0.3634777403153882,0.005373684368257636
0.7345447602399042,0.7226473159438708,0.011897444296033455
0.7404426732229055,0.6962202642578353,0.044222408965070126
0.06828007193726875,0.07424625933470394,0.005966187397435194
0.8994495141005598,0.8943868554247029,0.005062658675856979
-0.01690388924945969,-0.011316768575067693,0.005587120674391998
-0.6651559826963284,-0.655450960969896,0.009705021726432395
0.2808098135700824,0.28102120394992786,0.00021139037984546638
0.9420738408229002,0.9245178320566488,0.017556008766251407
-0.3739725078274911,-0.36989928430965513,0.0040732235178359555
0.3653051729905873,0.36395763054535124,0.0013475424452360496
-0.5138441406025239,-0.4974589008213538,0.016385239781170124
-0.4325468681390382,-0.43416272668478795,0.0016158585457497487
-0.0011852922743945434,-0.0076057281694583805,0.006420435895063837
-0.6473914973245957,-0.6502397555863422,0.0028482582617465058
0.9529623022049223,0.9460740004401753,0.0068883017647469735
-0.9725381815546933,-0.9605208612475857,0.01201732030710756
-0.9501515810017899,-0.9339692768704495,0.016182304131340364
-0.0422055267560955,-0.02071596248405713,0.02148956427203837
0.9275638429589282,0.9188680402703976,0.008695802688530652
0.6481371004017472,0.608451048145339,0.0396860522564082
0.29079264516665565,0.2715958743141822,0.019196770852473455
-0.05607310227474567,-0.06484083116354032,0.008767728888794651
-0.2778742421778184,-0.26638533708768064,0.01148890509013778
-0.1457004514136798,-0.14228328829035444,0.0034171631233253508
-0.33077241999564216,-0.31696625024155767,0.013806169754084496
-0.30227592088867083,-0.2872048331582627,0.015071087730408161
0.7878992716312908,0.7765015997735412,0.011397671857749647
-0.2364811810820871,-0.24058113688648478,0.004099955804397676
0.8270220624639023,0.8205448996331046,0.006477162830797689
0.0791612178967425,0.0733668654738678,0.00579435242287471
-0.6231464873624191,-0.5767221725839146,0.046424314778504505
0.8527028591386104,0.8335071004583653,0.019195758680245145
-0.8629397240874405,-0.8467353071009234,0.01620441698651709
-0.10392642050636464,-0.10980453815571435,0.005878117649349715
-0.6355877881594894,-0.6306797645357858,0.004908023623703572
-0.8621068006225387,-0.845358717309536,0.016748083313002704
-0.7664548648367642,-0.7648283187232021,0.0016265461135620551
0.39650969972707534,0.40521523591519837,0.008705536188123031
-0.8225359042183296,-0.8125112482057659,0.010024656012563637
0.68150178515776,0.675105254075622,0.006396531082138002
0.9575707293867735,0.9392975655356062,0.018273163851167284
-0.7605473804227846,-0.749098491077886,0.011448889344898627
0.2583629575985027,0.25885354216440337,0.0004905845659006758
-0.3309733005569646,-0.3372282680575042,0.00625496750053961
0.049216312021546124,0.0397459907209092,0.009470321300636922
0.529834811779225,0.5141340546732925,0.01570075710593244
-0.8594439839603882,-0.8561541330238216,0.0032898509365666406
0.8174784278432766,0.7952336236769559,0.022244804166320686
0.8708227973253408,0.8546731155173305,0.016149681808010352
-0.3917461588758269,-0.3845928731384032,0.007153285737423742
0.8254198729820437,0.8171667199902152,0.008253152991828494
0.5568237693296133,0.5402159835732262,0.016607785756387106
-0.7470688005262223,-0.7314697775274991,0.015599022998723178
-0.9231029950245082,-0.9035725573756374,0.019530437648870858
0.7981321841468624,0.7866582639300805,0.011473920216781841
0.32352033820956816,0.32369713308588377,0.0001767948763156113
0.9275944290711897,0.9248613146426881,0.0027331144285016595
-0.44298158391489606,-0.42780362379797515,0.015177960116920908
-0.09840863155628245,-0.09370856185805791,0.004700069698224535
-0.779949287622845,-0.7731155379584671,0.006833749664377886
-0.5568082074877249,-0.5089495357953207,0.04785867169240421
-0.2545702825273106,-0.24554261496655624,0.009027667560754377
-0.5068501025364918,-0.5092069700131063,0.002356867476614566
-0.9161949578014879,-0.9022853952085672,0.013909562592920643
0.7116411306404757,0.6934600582815479,0.018181072358927852
0.7903873489487686,0.7808637005393874,0.009523648409381247
0.9184009470075643,0.9090728799168157,0.009328067090748515
0.12498439747554994,0.1340101070996359,0.009025709624085956
0.6535509855775029,0.6614394757873466,0.007888490209843724
0.02060133397737638,0.01332771865251789,0.0072736153248584914
-0.945066092667886,-0.9308235233167952,0.014242569351090806
-0.34544723329284127,-0.3546459894789936,0.009198756186152346
0.19112208143040127,0.17824210222902273,0.012879979201378539
-0.4320749189507125,-0.43614658460373756,0.0040716656530250805
-0.043868282620700236,-0.044997348735898585,0.0011290661151983489
-0.26670132835272026,-0.27071259057629854,0.0040112622235782824
-0.3030921613244975,-0.32289262640954486,0.019800465085047347
-0.0576304512879599,-0.06287997473986065,0.005249523451900752
0.9234283493133459,0.9060248389571673,0.017403510356178598
-0.6727773657430735,-0.654458206199546,0.018319159543527475
-0.2762105152810365,-0.2705781755775269,0.005632339703509626
0.9434266456390304,0.9276068890552983,0.015819756583732136
0.30171327586232605,0.256788961473859,0.04492431438846706
0.38337021380620984,0.3883226392882937,0.004952425482083855
-0.11010533303495115,-0.12026464906134751,0.010159316026396359
-0.383590450054477,-0.3928439853530632,0.00925353529858619
0.800791701908052,0.7835361943321103,0.017255507575941742
0.41827313579173236,0.42535369373424237,0.007080557942510002
-0.2395255202141599,-0.20760881506925577,0.031916705144904134
0.9673821047636272,0.9548127813857631,0.012569323377864094
0.30529194211105787,0.3129094593971764,0.007617517286118536
0.25334237362864875,0.2626876300908023,0.009345256462153562
-0.7045264757968874,-0.6997637253934137,0.004762750403473737
-0.6874886399114505,-0.679922533669396,0.007566106242054449
0.05434511791904858,0.04534144704091118,0.009003670878137401
-0.4509393268718376,-0.45196147624478045,0.001022149372942871
-0.3521954124273653,-0.3567766286764355,0.004581216249070208
-0.9311728520142281,-0.9148392593660436,0.01633359264818446
-0.21744210338429062,-0.20525654811489352,0.012185555269397103
0.8684996479283545,0.8648907549329018,0.0036088929954527504
-0.04806609724961487,-0.0342044894671801,0.013861607782434775
-0.042126721277266556,-0.049083708621115746,0.00695698734384919
-0.5954267173232024,-0.5968861443918692,0.001459427068666752
0.9343855106738487,0.9274223423764989,0.0069631682973497755
-0.3443939840958369,-0.35100686139014703,0.006612877294310149
-0.839896618289179,-0.8310220644997941,0.008874553789384954
0.8623968568519099,0.8493292684941411,0.013067588357768778
-0.06383264635968826,-0.07202297258249932,0.008190326222811059
0.9147445639839189,0.9099230372774263,0.004821526706492607
-0.4918584545592693,-0.4893156046733455,0.0025428498859237925
0.39865314195807305,0.4031689458903425,0.004515803932269469
0.9630684208373481,0.9513684368114086,0.011699984025939525
0.5181819667471113,0.5233183957483006,0.00513642900118938
0.8466281088986266,0.8413367891102382,0.005291319788388371
-0.8003346917469516,-0.7974601259570091,0.002874565789942496
0.39348533597739993,0.37891792685752507,0.014567409119874863
0.6815840905886286,0.684856179254732,0.003272088666103401
0.5441003820199476,0.5273749049290242,0.016725477090923424
-0.6865145750637096,-0.6712510277183429,0.015263547345366724
-0.3079653158033169,-0.3058507451432892,0.0021145706600276815
-0.3811222022333467,-0.38664312752321545,0.00552092528986875
-0.7528934931403158,-0.750570180847524,0.0023233122927918126
0.46393610661384227,0.46224334107909987,0.001692765534742402
0.26097102498068436,0.25666633826345076,0.004304686717233608
-0.8855603198990096,-0.8748555999716123,0.0107047199273973
-0.9346713515012851,-0.9217921140303337,0.012879237470951432
0.4904606973399152,0.49265892960621577,0.0021982322663005593
0.1450844307486161,0.1469174487441844,0.0018330179955682868
-0.9368597654374828,-0.91499933668876,0.02186042874872285
-0.024299204373033845,-0.036955400144185274,0.01265619577115143
-0.42182892248741766,-0.43289484387372146,0.0110659213863038
0.20370525920035953,0.19240446683569187,0.011300792364667661
0.31718740498161246,0.27657079408171836,0.0406166108998941
-0.9542931037902103,-0.9349483758639368,0.01934472792627351
0.7992654546588769,0.7848089758161888,0.01445647884268808
-0.6306365949002085,-0.6246416107969143,0.005994984103294243
-0.9387945784745458,-0.9373825322400142,0.0014120462345316165
0.216486583746632,0.22054525683016554,0.004058673083533554
-0.7134298596076145,-0.706932987148272,0.006496872459342495
0.6563799527383293,0.6079671244167536,0.048412828321575674
-0.6746734464807304,-0.6771276766216606,0.002454230140930269
0.7730152711960409,0.751171048547141,0.021844222648899847
0.8476165728671963,0.8372079846755173,0.010408588191679002
0.9093587027113077,0.9011584399648412,0.008200262746466458
0.06145909910468317,0.05879282086924847,0.0026662782354347006
-0.3689176384556523,-0.37401083714886335,0.005093198693211065
0.20881739256786724,0.21813751674829562,0.00932012418042838
0.7499518571597109,0.7332675917999897,0.01668426535972123
0.403738189802386,0.39731842942245854,0.006419760379927475
0.11552803329440468,0.09602418572570978,0.0195038475686949
0.8998733369906408,0.8897548036248035,0.010118533365837235
-0.21208271063989823,-0.20656243106154082,0.005520279578357407
0.31818525277947757,0.3177210937082472,0.0004641590712303745
-0.04379333553507599,-0.05163177866280029,0.007838443127724297
-0.22897607711380968,-0.21295943549315885,0.016016641620650834
-0.4456458152026953,-0.43699662220328844,0.008649192999406863
0.9448453149048457,0.9377278625370735,0.00711745236777217
-0.9030619332564,-0.8892481531785541,0.01381378007784595
0.8322167905687319,0.8142824591798553,0.017934331388876568
-0.4298553706090228,-0.3939093470683676,0.03594602354065518
0.7705119848382415,0.7622153524062584,0.008296632431983086
0.2904421534581265,0.2957539735895359,0.005311820131409406
-0.7414788841260948,-0.7302581945451291,0.01122068958096567
0.5756035476699041,0.5354254183044609,0.04017812936544318
0.8615790209632157,0.8556071196210588,0.00597190134215686
-0.8319923688661549,-0.829168127163371,0.0028242417027839473
-0.8185179485993636,-0.8066144110967628,0.011903537502600758
-0.9389263271471519,-0.9312958740227035,0.007630453124448322
0.10535393223075529,0.11296507500335004,0.007611142772594753
-0.7423934743375663,-0.7325624454940558,0.009831028843510503
0.3568655185389608,0.3503897592262794,0.006475759312681406
0.9379032722819421,0.9242747172449003,0.013628555037041856
-0.26627781133779427,-0.28271065340993906,0.016432842072144793
-0.9407036519604284,-0.9244297969603017,0.01627385500012668
0.6063679557501447,0.5879874277457761,0.018380528004368624
-0.2334400893647514,-0.23740319570905602,0.003963106344304607
0.8547757119318763,0.8379691346402106,0.01680657729166568
0.7552785752314007,0.7374451258812594,0.017833449350141306
-0.37282871119074423,-0.35791097074571,0.014917740445034244
0.7270387179715229,0.7094448489298283,0.017593869041694576
-0.9724096036511197,-0.9598224075960337,0.01258719605508607
-0.8302300139863639,-0.8197413266064211,0.010488687379942796
0.1597562075338821,0.1601623722761949,0.00040616474231280897
0.9160475871604794,0.9015680358718022,0.014479551288677173
0.8445070179387693,0.8351407643645269,0.009366253574242367
0.8243741669496213,0.8149381993341192,0.009435967615502139
0.44289285582286253,0.43887534060221106,0.004017515220651469
-0.12293342024882317,-0.11855032037182572,0.004383099876997448
-0.4765345615172599,-0.4909115754976002,0.014377013980340303
-0.8399972430992375,-0.8346405372405964,0.00535670585864112
0.7706944969040316,0.7518147030133293,0.018879793890702268
-0.9120148994374869,-0.8935806471659722,0.01843425227151474
-0.9061206521555096,-0.8934465451455322,0.012674107009977398
0.44882620502924875,0.44128284341594703,0.007543361613301713
0.6586464704656692,0.6578138336118622,0.0008326368538069673
-0.49959135395119647,-0.5091803687301761,0.009589014778979665
-0.4745461388334933,-0.4722461112647929,0.0023000275687004024
-0.9288069415001201,-0.9183503387310389,0.010456602769081225
-0.6628841300551129,-0.6327372157139908,0.030146914341122155
2.4175620431114974e-13,-0.0006114829828198975,0.0006114829830616537
0.05837244050317556,0.06610103707612408,0.007728596572948519
-0.1883256890805886,-0.18997640282855993,0.0016507137479713219
0.4867465123964687,0.5032496939675589,0.01650318157109021
0.8801141332200544,0.8535131118232766,0.02660102139677778
0.4902941036365361,0.493036469150386,0.0027423655138499314
0.9248327790606866,0.9097513112914337,0.015081467769252899
0.3109800310244146,0.31630123538084054,0.005321204356425913
0.9408862533121867,0.9336678948165908,0.007218358495595822
0.7180068563471775,0.7196721142408464,0.0016652578936688922
-0.5329224532813807,-0.515953437269473,0.0169690160119077
-0.4469743197400616,-0.4303055743511124,0.01666874538894919
0.8345054305190227,0.8147851902319758,0.019720240287046886
-0.4752266300626043,-0.479303161849309,0.004076531786704696
-0.3926089704753452,-0.3747830235193367,0.01782594695600853
0.5794179600572282,0.5647140014965994,0.014703958560628783
-0.35163888116254577,-0.3124212369137348,0.03921764424881097
0.9151201044769155,0.8957471239584432,0.01937298051847225
-0.8294965683086055,-0.8242723010302391,0.005224267278366446
0.8791278978000022,0.8618692510113334,0.01725864678866884
0.9121890224124563,0.9041471397962375,0.008041882616218743
-0.8650259320104179,-0.846221144209443,0.01880478780097483
0.4200111753618253,0.40308075261050147,0.016930422751323837
0.29000536189742926,0.27652291739895757,0.01348244449847169
0.9584446149346076,0.9487661064075262,0.009678508527081409
-0.6543583711891715,-0.6452159532237508,0.009142417965420702
-0.20338586025010014,-0.19268866754623867,0.010697192703861463
-0.7907673164063235,-0.7801752401391865,0.010592076267136985
0.32197420528944987,0.32976730237089524,0.007793097081445377
0.946083861085628,0.938897572733853,0.007186288351775039
0.8880919751121696,0.8647818037577919,0.02331017135437774
-0.8824537811312827,-0.8709859762543444,0.011467804876938326
0.92077615369752,0.9125960736545751,0.008180080042944904
0.4609529468364332,0.4609376838674585,1.5262968974694147e-05
0.2634495154688367,0.2683031903598366,0.0048536748909998595
0.9411998201194964,0.9335130188510865,0.007686801268409926
-0.68781663423572,-0.6782618476848006,0.009554786550919458
0.054345117112952375,0.043505379237364895,0.01083973787558748
-0.8184973296707667,-0.8043307025013517,0.01416662716941497
0.9270172294247758,0.9086737926568422,0.018343436767933596
-0.13834723709144492,-0.1331198784756549,0.005227358615790018
-0.8857874863798314,-0.8704823948529243,0.015305091526907066
0.4449930740132316,0.44296951889107994,0.002023555122151688
-0.935481033771601,-0.9241313081612051,0.011349725610395822
0.8312834630631557,0.8028794759759086,0.028403987087247118
-0.733622062677286,-0.7335749247113852,4.713796590083419e-05
-0.9268248108785914,-0.9095023929967604,0.017322417881830976
-0.731550703808211,-0.7326374747310302,0.0010867709228192801
0.5196716352242207,0.5214063141106273,0.0017346788864066598
0.8955533675536415,0.8895332667611685,0.006020100792472949
-0.7341341533495096,-0.7246237938682796,0.009510359481230024
-0.22488694744804205,-0.22961484574908192,0.004727898301039868
0.6691038420946466,0.6580883260631064,0.011015516031540162
-0.2246660253670185,-0.21705658181204457,0.0076094435549739214
0.6698888927448231,0.662786480450677,0.007102412294146099
-0.1219351141329892,-0.10835360957649794,0.013581504556491264
-0.9265130666105763,-0.9141688714887252,0.012344195121851143
-0.5067527128120908,-0.51537322124647,0.008620508434379226
-0.18423635640433403,-0.17690621143010837,0.007330144974225655
0.8001649456373633,0.7946898494999182,0.0054750961374451235
0.8879869288808149,0.8708412751212982,0.01714565375951671
0.7425184378879338,0.724339732356768,0.01817870553116585
-0.22781044749713264,-0.21398654480000417,0.013823902697128465
0.703131080831231,0.7063420678616026,0.0032109870303715926
0.060207941807024164,0.07045740495513078,0.010249463148106618
0.015235887976203094,0.008416884870099322,0.006819003106103772
0.5175274537256074,0.5234153336224092,0.00588787989680184
-0.1337008958265275,-0.1713106731247728,0.0376097772982453
0.09278382899421933,0.08793045621148997,0.004853372782729362
0.8996860344665766,0.8931448035342553,0.006541230932321285
0.8102371599221538,0.8037966524187811,0.006440507503372772
0.34334310667605367,0.3434928358922535,0.00014972921619982316
0.9485980884027979,0.9368904097559826,0.011707678646815323
-0.38030524065304744,-0.36609437948217977,0.014210861170867672
0.7616629677939142,0.7543433906910204,0.007319577102893771
-0.8659772666723227,-0.8622108626772922,0.003766403995030476
-0.37017507123398813,-0.36089304856910703,0.009282022664881096
0.8589032384937673,0.8576458622832357,0.001257376210531569
-0.9368348807347686,-0.9282426148304741,0.008592265904294516
-0.6900190355018843,-0.6818117879769615,0.008207247524922745
0.7284621686751287,0.7119892192196722,0.01647294945545652
-0.7233283577994755,-0.7220286807877396,0.0012996770117358336
0.9273975601861016,0.9119559112305498,0.01544164895555189
0.6381817689109105,0.6205875695921872,0.017594199318723303
-0.7471102809613229,-0.7305149665177962,0.016595314443526687
-0.5044663893459583,-0.46356621193288694,0.04090017741307139
-0.3220954017825222,-0.32985425585326394,0.0077588540707417275
-0.8984120565429977,-0.8913965717135589,0.007015484829438812
0.9343527372579725,0.9202355351633789,0.014117202094593662
-0.027931122622592765,-0.020745083552722806,0.007186039069869959
0.7420753089548182,0.7367342573116026,0.005341051643215633
-0.559986483341013,-0.5273745562572038,0.03261192708380922
-0.3848104313837877,-0.38510672045514627,0.00029628907135859084
0.8867028034736405,0.8772022183873474,0.009500585086293145
0.06383526437555881,0.05447708770890419,0.009358176666654616
-0.7975436177980784,-0.7853973047876205,0.012146313010457876
-0.5728910596963207,-0.553612807852965,0.019278251843355743
0.760754493625571,0.7420347218271265,0.01871977179844453
-0.9350542523779718,-0.9190133204424544,0.016040931935517366
0.2811914354561778,0.24397857984797433,0.03721285560820348
-0.24342288167372061,-0.23815165172338926,0.0052712299503313575
0.5551307908314957,0.5378572468138834,0.017273544017612386
0.1314441268911508,0.13444989969518883,0.0030057728040380483
-0.5498954042228944,-0.5313925806962001,0.0185028235266943
-0.8469542352446837,-0.8405736822009334,0.006380553043750292
0.8615680434949925,0.8327883956765081,0.02877964781848441
-0.18914003806497867,-0.16700768369719668,0.022132354367781992
0.034872775631090064,0.030507213605174388,0.004365562025915676
0.6589307081421379,0.6426197848447236,0.016310923297414348
-0.2616863805593098,-0.25339418260278107,0.008292197956528746
-0.44317236143337135,-0.4496999906078071,0.006527629174435723
0.959452926888154,0.950500387798228,0.008952539089925993
-0.94450010785807,-0.9274174684569664,0.01708263940110366
-0.3742799076873092,-0.36657099694075396,0.00770891074655522
0.3185912075566573,0.30332543072865387,0.015265776828003452
-0.9243884289387175,-0.9121701894719927,0.012218239466724845
-0.4972350606231963,-0.48959147270533837,0.007643587917857908
0.9392406192826657,0.9265743112086952,0.012666308073970511
0.9382270181634307,0.9229745793457345,0.015252438817696223
-0.9438222560208116,-0.9285221695734693,0.015300086447342265
-0.544180439163586,-0.547124869665774,0.0029444305021879558
0.07987661500826358,0.09155986257140732,0.011683247563143734
0.7497390342312786,0.7306501061926562,0.019088928038622388
-0.5857016484545645,-0.5837840875292577,0.001917560925306816
0.9176129822678675,0.9042062427199138,0.013406739547953683
0.8939288556216303,0.8869493072640395,0.006979548357590737
-0.7874197252310255,-0.782911820241715,0.004507904989310529
-0.25237301347210744,-0.2495175408289395,0.0028554726431679334
0.501598780882639,0.5151179530121128,0.013519172129473844
0.32336282739314104,0.3340633866777194,0.01070055928457836
-0.9379539442601774,-0.9370370388050502,0.0009169054551272371
-0.32713794767396176,-0.31431961078582693,0.01281833688813483
0.8824035640715489,0.8777864387939173,0.004617125277631584
0.33601782871874375,0.3223703753798038,0.013647453338939963
-0.1707623346578635,-0.1631672860457972,0.0075950486120663074
0.3981833078291308,0.39029932164775694,0.00788398618137387
0.058458301838864565,0.046910397194287405,0.01154790464457716
-0.8491888184874997,-0.8352306824356703,0.013958136051829384
-0.8860721179815714,-0.8728410094518158,0.01323110852975562
0.9162099914415709,0.9013158998453533,0.014894091596217574
-0.7404493214229934,-0.7352661797487625,0.00518314167423084
0.16679139858036932,0.1511782900317446,0.015613108548624716
-0.8955242671264093,-0.8868032546150254,0.008721012511383908
0.1534990590831383,0.1492441942554288,0.004254864827709481
0.2362102835109093,0.24055768530929472,0.004347401798385414
0.8916796769476247,0.8842559798343638,0.007423697113260963
0.38620521603635793,0.3792123453645509,0.006992870671807039
0.9146265419917027,0.9097305691856391,0.004895972806063575
0.860311229937947,0.8465292474033529,0.013781982534594062
-0.12896055988437818,-0.13132614176499466,0.002365581880616474
0.8262403630426827,0.8174839420904646,0.00875642095221807
0.578091741609236,0.5674513741967969,0.010640367412439122
-0.9597770534707245,-0.9411148483480039,0.018662205122720654
-0.9057565769220096,-0.8993887123497807,0.006367864572228932
0.8441515078682236,0.8266362096284399,0.017515298239783705
0.699827535600178,0.6901801057758635,0.009647429824314435
-0.9073857260293552,-0.8980554747398375,0.0093302512895177
0.8030883760638992,0.8042771371205765,0.0011887610566773121
-0.9398046843278149,-0.9263174201282799,0.013487264199535054
0.8566763297954343,0.8210823689641078,0.03559396083132649
-0.9598396191038631,-0.9473247597303994,0.012514859373463638
0.03568614806517134,0.0420307695090513,0.006344621443879955
-0.38339504787153533,-0.374156045636215,0.009239002235320315
0.2084106466553831,0.1968937544276183,0.011516892227764808
-0.13575598609660014,-0.1297111052509092,0.006044880845690936
0.5460649985098152,0.5397638755293594,0.006301122980455709
-0.2577594740461158,-0.26686796294467896,0.009108488898563138
-0.07520214552536544,-0.09053077801761658,0.015328632492251137
0.8286277309682762,0.8230771094292536,0.005550621539022638
-0.8561889882727473,-0.8424903207341871,0.013698667538560194
0.723128618851151,0.7036190426043923,0.019509576246758642
0.34845795668512125,0.3528301524522214,0.004372195767100129
-0.4669621519962058,-0.47035788302550025,0.0033957310292944687
-0.34933667650643774,-0.345968848545273,0.003367827961164749
-0.7309479878599658,-0.7208592544228358,0.010088733437130015
-0.8968478124619962,-0.8897861554772168,0.007061656984779341
0.8718465163119887,0.8591402263523239,0.01270628995966483
-0.6706275414165174,-0.6540575187821694,0.016570022634347925
-0.12461267613442034,-0.14593153270316728,0.021318856568746936
-0.63757089361348,-0.6384428370643652,0.0008719434508852597
0.6579860298892685,0.6517499462649979,0.0062360836242705275
-0.549515840121741,-0.5523133423026985,0.002797502180957423
-0.009719603490070314,-0.0010031696978222713,0.008716433792248044
0.5209171398240763,0.5203137412404141,0.0006033985836622069
0.9224665405377942,0.9093022605301697,0.013164280007624485
-0.9391248821977947,-0.9316963282679134,0.0074285539298812875
0.7996375824397132,0.8012937786218243,0.0016561961821111026
-0.5634894864328197,-0.5663559843124796,0.0028664978796598684
0.7039040850698028,0.6994462165714452,0.004457868498357609
-0.1678942447602601,-0.17344470871435164,0.0055504639540915335
-0.2103368308591094,-0.22057612399277912,0.010239293133669725
0.7178991741287664,0.699823368893379,0.01807580523538732
0.35648160450889294,0.3306275661879689,0.025854038320924033
0.46196241852336617,0.46926230192447194,0.007299883401105767
0.5760899372915951,0.5834009686327084,0.007311031341113328
0.8999931547363411,0.8862612749655957,0.013731879770745414
-0.882606076483077,-0.8670655555207987,0.015540520962278315
0.7486290456895717,0.7117513334951828,0.036877712194388845
-0.924270758831513,-0.9084685559009769,0.015802202930536136
0.12357221691310889,0.13995694001345257,0.01638472310034368
-0.5378332184711516,-0.5322143538467745,0.005618864624377107
-0.8253678143374023,-0.8141184451287663,0.011249369208635951
0.8014672614560071,0.7813264521306647,0.020140809325342457
0.25907047595294924,0.25950596230293005,0.00043548634998080704
0.819282848614286,0.8095476204455898,0.009735228168696208
-0.05738082954268335,-0.05963365764229728,0.0022528280996139266
0.07876332702375047,0.06793466640249075,0.010828660621259714
-0.9029964517604513,-0.8906043847258132,0.012392067034638132
0.6925698977303464,0.6875460002963524,0.005023897433994007
0.4426726370314667,0.4484999211890161,0.005827284157549406
-0.5262012855628925,-0.5101914328444749,0.016009852718417594
0.309773835735357,0.32749897204856687,0.017725136313209877
0.40722454830137417,0.38954098494103195,0.017683563360342214
0.9437567809407226,0.9267117417654789,0.017045039175243692
-0.43306862958649484,-0.43732924157155556,0.004260611985060725
0.4443766742490197,0.44772290640880996,0.003346232159790241
0.9760674361163253,0.9642643252118194,0.01180311090450592
0.8018681399381641,0.8055533356746004,0.003685195736436331
-0.7325911667370939,-0.7184236382338001,0.014167528503293836
-0.6798160196074984,-0.6725278092815778,0.00728821032592053
-0.5011855590214981,-0.4966249490666794,0.004560609954818662
-0.6941691542288673,-0.6902054780465536,0.003963676182313636
0.4045339575299698,0.4066724411285279,0.0021384835985581163
-0.9640910113247781,-0.9526900898197301,0.011400921505048012
0.8464136659526343,0.8345457265976469,0.011867939354987422
-0.38218316176019795,-0.34885668993633295,0.033326471823865
0.22159567676086514,0.22562803440280585,0.004032357641940709
0.8480153770306659,0.8343058077570384,0.013709569273627431
-0.6508045797400911,-0.6464298025321008,0.004374777207990288
0.35996703192176116,0.34402959717996695,0.01593743474179421
0.4556406424412518,0.45532852675184776,0.00031211568940403556
0.8780619455462613,0.8642009272531038,0.013861018293157445
0.36429195807412035,0.36603295840814576,0.001741000334025411
0.9406219678920708,0.9232000969378181,0.017421870954252627
0.9286997170053163,0.9178971183642984,0.010802598641017847
0.7816027348993518,0.7728055757339892,0.008797159165362611
0.9255798597427456,0.9182902407869342,0.007289618955811372
0.8927708114941676,0.8942455374840043,0.0014747259898366671
0.30504526681016203,0.2822656371961486,0.02277962961401342
-0.9415840833658515,-0.9330792724198956,0.008504810945955898
0.3800992053642201,0.37280089697380164,0.007298308390418451
-0.9101971525799772,-0.8909631872675988,0.01923396531237842
-0.3076746104264649,-0.31360055457207786,0.0059259441456129824
-0.04187333318437291,-0.030765294650449245,0.011108038533923666
-0.08875452975143963,-0.0988035212020544,0.010048991450614775
0.6863191300573964,0.6792348460103048,0.007084284047091605
0.041932289343975596,0.02883232169693726,0.013099967647038337
-0.04390757293356809,-0.03309720494234774,0.01081036799122035
0.7703044795793613,0.7659541179386552,0.004350361640706124
0.8569929090435112,0.8447793440412418,0.012213565002269444
-0.7069755701301098,-0.6884186662681325,0.01855690386197728
-0.7975115441833585,-0.7934368517979322,0.004074692385426237
-0.7009514729128545,-0.6737319574671436,0.027219515445710885
0.7006585765808572,0.6949065089047052,0.005752067676151995
-0.21823162201696847,-0.21060584697666504,0.0076257750403034286
-0.7948484942997165,-0.7914907871071616,0.003357707192554904
-0.3292582681393293,-0.33089719785710076,0.0016389297177714646
-0.639540569269578,-0.6303483108397261,0.00919225842985194
0.8347621885197081,0.8227241631710888,0.012038025348619308
-0.6619918538795524,-0.6525399799378316,0.009451873941720756
0.28067403661045215,0.2697832186253306,0.010890817985121537
0.8426302882792583,0.8337617491133194,0.008868539165938993
0.6293108717885223,0.6165051469179986,0.012805724870523671
0.7020961375428801,0.68092735054366,0.02116878699922009
0.43095058009580234,0.4183019295077652,0.012648650588037158
0.8916570809730404,0.8719173773366639,0.01973970363637656
0.635123477931731,0.6315230543096599,0.003600423622071025
0.16901768424283597,0.19001948313966371,0.02100179889682774
0.7707251179541977,0.7725801649599998,0.0018550470058020796
0.8999191728634548,0.8856929049081547,0.014226267955300131
-0.7586197611946761,-0.7472777245793827,0.011342036615293427
-0.599915094735256,-0.5792108167646137,0.020704277970642226
0.7049416455138159,0.6858369288855426,0.01910471662827329
-0.3192442605056519,-0.3259424718442281,0.0066982113385761766
-0.43395677825734613,-0.4111111227004616,0.02284565555688456
-0.882318472015949,-0.868526535275202,0.01379193674074708
0.5235048824748137,0.5062899229165083,0.01721495955830543
0.19749851354937725,0.19364107746228443,0.003857436087092825
-0.042881504067096766,-0.03551421001033824,0.007367294056758525
-0.1085552858953322,-0.10286947835156493,0.005685807543767268
-0.6037257788328458,-0.6053344999929811,0.001608721160135218
0.610817857344109,0.6060484226835265,0.004769434660582439
-0.25237958398905225,-0.2157722849764645,0.036607299012587746
-0.8029530578659569,-0.7926538565060198,0.010299201359937116
-0.24978545348053496,-0.24688847920375015,0.002896974276784814
-0.9096304081251276,-0.894646817035142,0.014983591089985593
0.9028209198624143,0.8881231364239532,0.014697783438461065
0.886809077713065,0.8677998186374367,0.019009259075628337
-0.5302650732026224,-0.5347137687985838,0.004448695595961394
0.8867975083423002,0.8861052633077742,0.0006922450345260289
0.09907567073456228,0.1111887046070672,0.012113033872504925
-0.2539886203673948,-0.24602193562203223,0.007966684745362551
0.8240277948213399,0.8048392105428772,0.019188584278462706
-0.8736362440317398,-0.8623922282070702,0.011244015824669606
0.9203468191914331,0.9117584696013413,0.008588349590091804
0.6247635415703637,0.6286854356397541,0.003921894069390364
-0.9383100830628421,-0.9245661299247887,0.013743953138053433
0.7777916601015747,0.7669240563734738,0.010867603728100916
0.35585252011680646,0.31288307440144286,0.0429694457153636
0.8340272201582769,0.8240471646202687,0.009980055538008181
0.9151096942076908,0.8997373522736398,0.015372341934051015
0.12020215239161545,0.12360904146896629,0.0034068890773508304
0.4199038627259145,0.41706592454851427,0.0028379381774002455
0.523989183485969,0.5239785286794181,1.065480655093598e-05
-0.3106035954027836,-0.2955113762914391,0.015092219111344507
0.017835983376076343,0.021345570233408787,0.003509586857332443
0.4477394604765481,0.4365505511624032,0.011188909314144901
-0.17592113846427695,-0.16380339495042578,0.01211774351385117
0.6275558535584013,0.6285184402016876,0.0009625866432863006
0.35444285552663946,0.3723316867361674,0.017888831209527944
-0.21101459028551192,-0.19642919183096202,0.014585398454549897
0.9576834119167997,0.9370691622611235,0.020614249655676264
0.9726424497607481,0.9531946247938546,0.019447824966893457
0.6472009513410993,0.6457689082799999,0.0014320430610994528
0.5422550292955919,0.5354838490751098,0.006771180220482065
0.09565883034049255,0.09240538406148113,0.0032534462790114183
0.9096016506379824,0.900670654892541,0.008930995745441428
0.7386464199004786,0.7252144154821525,0.013432004418326149
0.9296707855854771,0.9164629661032817,0.013207819482195404
0.47848484294714555,0.45210921504769325,0.026375627899452303
0.4127980720077035,0.41009967662202307,0.002698395385680452
-0.9248825861658272,-0.9166549387263715,0.008227647439455699
-0.7631429791749594,-0.7538893363427585,0.009253642832200981
-0.5332978162193135,-0.5223755702453229,0.010922245973990607
-0.8193277634944257,-0.8015595581278451,0.017768205366580636
-0.7412208473623407,-0.72731472545565,0.013906121906690716
-0.8844737839954536,-0.8610166677284955,0.023457116266958122
0.5681995010890797,0.5611932505752737,0.007006250513805989
-0.17960198202790542,-0.1762395829824849,0.0033623990454205166
-0.6755928225994552,-0.6758457972636147,0.0002529746641595221
0.47552962273358945,0.4776963255862897,0.002166702852700264
0.420581772668573,0.4134694245551157,0.00711234811345729
-0.635012613986001,-0.6305459538501881,0.004466660135812872
0.7034419883589281,0.688708206788602,0.014733781570326121
-0.11966952183290672,-0.11340836815689397,0.006261153676012751
-0.4288051267771808,-0.4344077362438793,0.005602609466698494
0.9346508537472393,0.9266342555784026,0.008016598168836708
0.8974603143575715,0.8841564097855585,0.013303904572012915
0.37046842548695247,0.34658074785936754,0.023887677627584925
-0.8632782245429944,-0.8472305601517002,0.016047664391294236
0.6092024381385924,0.5993233618917048,0.009879076246887664
-0.7002664668335347,-0.687109781070123,0.013156685763411669
-0.5557892820800602,-0.5227930935617938,0.032996188518266356
0.9105032610191851,0.8927611204426448,0.017742140576540333
-0.41879125266889267,-0.4085681850081605,0.010223067660732166
-0.5770036761962625,-0.5797299872551551,0.00272631105889265
0.3979997918928384,0.3997453769894728,0.0017455850966344166
0.2752321546312527,0.2680443364309091,0.007187818200343643
-0.8498276866186598,-0.8348935848700143,0.014934101748645512
-0.1294069630076337,-0.11790879305924709,0.011498169948386622
0.03141702234966284,0.0433655242539471,0.011948501904284259
-0.11689574170441874,-0.1231376791270347,0.006241937422615959
0.5991077953267018,0.5836633611986846,0.015444434128017215
0.3906105309595852,0.36538326815379646,0.02522726280578874
-0.4957245306226033,-0.49742973589984446,0.0017052052772411619
0.6042924631134682,0.5850334719321455,0.019258991181322682
-0.9456862073112858,-0.9312123660935236,0.014473841217762184
0.47983705659085407,0.44882328501058416,0.03101377158026991
0.8110841102416337,0.7948385555866034,0.016245554655030303
-0.022246096388662425,-0.03200586124980325,0.009759764861140826
0.05823343835573028,0.06341837890317624,0.0051849405474459626
-0.762641465046628,-0.7458976131786843,0.016743851867943693
-0.9542755043064228,-0.9403277222419641,0.01394778206445868
0.8206895626992491,0.8154459248970323,0.005243637802216816
-0.37069283962863314,-0.37685911160002905,0.006166271971395909
-0.9412391968957876,-0.9248688004116042,0.01637039648418337
0.4558188290228564,0.44039236885785155,0.015426460165004874
0.219396119977409,0.21269838297274318,0.006697737004665805
0.33064839572226135,0.34657619798203476,0.015927802259773416
-0.8957025483817699,-0.8834559629603583,0.012246585421411549
0.10138675580710114,0.10665366448387617,0.005266908676775026
0.569858817985659,0.5807141011658242,0.010855283180165265
0.7986674960752417,0.7918872613303969,0.006780234744844793
0.8287442248817395,0.8226511306847372,0.0060930941970023245
0.2859952016086485,0.2772210492455579,0.008774152363090593
-0.7663892468492763,-0.7547752108121353,0.011614036037141062
-0.4541415070983356,-0.44679409470400616,0.007347412394329456
-0.10705900040134991,-0.11629830703338809,0.009239306632038174
0.3751697110158563,0.36207888819546175,0.013090822820394532
-0.6599369934226408,-0.6516046513339192,0.008332342088721578
0.19904149857865605,0.18921780715549197,0.009823691423164083
0.010175514869787922,0.021957895660832855,0.011782380791044933
-0.1542729280738758,-0.1328522500464087,0.02142067802746711
0.8303508210455308,0.8210234007560612,0.009327420289469646
-0.23612225597490052,-0.2404590503949978,0.0043367944200972675
-0.9221685151574138,-0.9139870403387116,0.008181474818702239
-0.2987920757809837,-0.30079223707284136,0.0020001612918576495
0.3512983608733196,0.33680590641418934,0.014492454459130277
0.6501317177038393,0.6488345741650607,0.0012971435387785224
-0.6090433542932815,-0.6061747052910619,0.0028686490022196143
0.8389818252560661,0.8266728635968953,0.012308961659170836
0.8540595997927389,0.8328709426768311,0.021188657115907783
-0.6669887728449728,-0.6548808454495528,0.012107927395419993
-0.8624461765026371,-0.846377764033822,0.016068412468815074
0.1897069256124216,0.17595457444479817,0.013752351167623439
0.3604517146272772,0.352806056501768,0.007645658125509214
0.18256410359044684,0.18917833455928387,0.006614230968837037
0.8842117819658001,0.8658401133433281,0.01837166862247197
-0.1823209071333929,-0.17282227726357846,0.009498629869814451
0.25619632621188015,0.2613078873170021,0.005111561105121953
-0.8868848408949263,-0.8808287640076452,0.006056076887281048
-0.36647979042889023,-0.3835609728158538,0.017081182386963545
0.11134184103783103,0.11756538139513069,0.006223540357299662
0.5659579979430295,0.5731532127274467,0.007195214784417203
-0.9344666975000347,-0.9172173087619756,0.017249388738059146
-0.660876972082613,-0.6359636118580286,0.024913360224584347
0.8877330881701752,0.8528264924711507,0.034906595699024434
0.9043320815766573,0.8856531080340521,0.01867897354260528
0.9373959846672235,0.9248375897110142,0.012558394956209362
-0.6498198861819949,-0.6351120134216965,0.01470787276029839
-0.8888384881313186,-0.8799665310973869,0.008871957033931732
0.22534144108355508,0.22548351115468113,0.00014207007112604364
-0.433213449369015,-0.43534147081393254,0.002128021444917527
0.9570182810047679,0.94973469533612,0.007283585668647952
-0.9572177113455618,-0.9418948707059565,0.015322840639605317
-0.941611252182179,-0.9355641464739534,0.006047105708225642
-0.6776859004520649,-0.679330643058606,0.0016447426065411275
-0.8566502987768575,-0.857918249676168,0.0012679508993105326
-0.6681327335129276,-0.6573520655905224,0.010780667922405174
0.18448030913687408,0.190928861033611,0.0064485518967369315
-0.472174303621188,-0.4706113738198424,0.0015629298013455917
0.4192663355984278,0.40547801228277536,0.01378832331565244
0.605457225617254,0.593271474857306,0.012185750759947989
-0.8379374866293036,-0.8339185386333445,0.004018947995959032
-0.5568237723781266,-0.5465216727483467,0.010302099629779904
0.3496827458705967,0.35675003730744126,0.007067291436844536
0.8472167443121891,0.846060420977799,0.0011563233343900858
0.033132598804563755,0.04162701183364068,0.008494413029076928
-0.8271732152367279,-0.8189567223721131,0.008216492864614788
-0.7082546093265867,-0.6960930415364269,0.012161567790159755
0.13611437559409123,0.14857088909407484,0.012456513499983612
-0.5543385528691885,-0.5514695534733502,0.0028689993958382898
-0.9606550062960963,-0.9455324938929925,0.015122512403103805
-0.9402162830321494,-0.9283003195948456,0.011915963437303834
0.18003525174753104,0.1696374659279606,0.010397785819570432
0.7541579629173262,0.7444478898780391,0.00971007303928706
0.37423095378456284,0.3736753480794521,0.0005556057051107621
0.8517991739659897,0.8533491846815037,0.001550010715513972
-0.9329948030093878,-0.9181159853825285,0.014878817626859275
-0.7498045217017328,-0.7396702329458815,0.010134288755851317
-0.8538054732086726,-0.8388427375067805,0.014962735701892105
-0.9016935333651988,-0.8849683049303192,0.016725228434879558
0.8574389719905752,0.8496782160548785,0.007760755935696695
0.0009582357538425491,-0.0012429503852641342,0.0022011861391066836
-0.46448430919469474,-0.4506687030320919,0.013815606162602856
-0.9145469285013529,-0.8967378457573105,0.01780908274404236
0.39897985130688174,0.4064389855075718,0.007459134200690054
-0.09208242120346906,-0.09665385186887503,0.004571430665405968
0.7407710209584767,0.7398446262768296,0.0009263946816471247
0.9417547065278563,0.9372776930815978,0.004477013446258504
0.9350501018307402,0.918976866019942,0.016073235810798225
0.5797248703195067,0.555905272832392,0.023819597487114708
-0.6591978355554164,-0.6180474885400654,0.04115034701535103
-0.16239221592858955,-0.1547327469640633,0.007659468964526239
0.3352915717730594,0.3255932926607938,0.009698279112265618
0.548915218680235,0.539791487223323,0.009123731456911921
0.477308339712378,0.4668133255630327,0.010495014149345339
0.14777793333128753,0.1364326663837472,0.011345266947540317
-0.33730116500651597,-0.3347176064418904,0.0025835585646255543
0.42557882450931,0.42549831213716144,8.051237214856677e-05
0.43620881521414,0.445742299142806,0.009533483928665987
0.02937211432774047,0.04201967619256188,0.01264756186482141
-0.2767697563733069,-0.27919758990425897,0.0024278335309520505
-0.7702349231560103,-0.7570748912198266,0.013160031936183647
0.11235982315005608,0.12899721505049433,0.016637391900438253
-0.2753558664667105,-0.2819684862046681,0.00661261973795757
-0.04194490034136124,-0.03219602751790153,0.009748872823459709
0.7252964507697102,0.7202811775461752,0.005015273223535011
-0.2085462679202438,-0.19239279367063267,0.01615347424961114
-0.9054855627760123,-0.8977849122055248,0.007700650570487522
-0.836644747304204,-0.8349563918994211,0.0016883554047829596
-0.21211960817770073,-0.2226272992198606,0.010507691042159872
0.8607795058916212,0.8487347262651749,0.012044779626446345
-0.659238906730868,-0.6199777325006511,0.03926117423021691
0.434278758498964,0.42234280488448145,0.011935953614482575
-0.876830316240109,-0.867175858244202,0.009654457995907029
-0.8201178847995934,-0.8031092498093698,0.017008634990223537
-0.7884275546796785,-0.7784033289949686,0.010024225684709953
-0.23602525283821738,-0.22167797920737758,0.01434727363083979
-0.894798033340071,-0.8812776419234808,0.013520391416590227
0.8484470663021275,0.828841193773746,0.01960587252838153
0.8336992721168779,0.8245715209753707,0.009127751141507212
-0.4587172251741512,-0.4512946742812253,0.007422550892925872
-0.8970510238967768,-0.8825987359818835,0.01445228791489328
0.5685762837661118,0.563146131969529,0.005430151796582794
-0.8955750337012393,-0.8802291523457187,0.015345881355520508
0.042552615658666935,0.03775055588692084,0.004802059771746095
0.6126631881424803,0.6016191075523809,0.011044080590099425
-0.9405842998484517,-0.9248407936796016,0.01574350616885012
-0.1764323634149017,-0.16724395697594216,0.009188406438959545
-0.7123382893889273,-0.6984098411724134,0.013928448216513845
-0.8575970491003546,-0.8479544490862326,0.009642600014121983
-0.611395113639291,-0.5924296568879451,0.018965456751345866
-0.7465833581790828,-0.7332740793919061,0.013309278787176693
-0.8817265384662981,-0.8700852342169846,0.011641304249313533
0.18923783368824193,0.18051534503224342,0.008722488655998506
0.8450599170708148,0.8258704666924438,0.019189450378371053
-0.2108873523920388,-0.21952893907409632,0.008641586682057528
0.15185879508375408,0.1394469446168021,0.01241185046695198
-0.3875596457411295,-0.3854302424429636,0.0021294032981659106
0.8903743260813687,0.8815830495063292,0.00879127657503953
0.753586188498401,0.7450618383703204,0.008524350128080616
-0.9423859945612079,-0.9264108128966754,0.01597518166453249
0.9295782841392547,0.9114245826863496,0.01815370145290507
0.9383594940760481,0.9271173318642754,0.011242162211772766
0.9567144132594183,0.9318373122085736,0.02487710105084473
-0.5210699166954225,-0.5234909507772916,0.002421034081869111
0.9458433968659132,0.9375814158032687,0.00826198106264453
-0.9247445435592878,-0.9160432724170929,0.008701271142194877
0.013054821657655131,0.026353423138356,0.01329860148070087
-0.09235311941712432,-0.09976772000778106,0.007414600590656739
0.96725327356407,0.9592156320573951,0.008037641506674853
0.3596764814488234,0.36712297039236214,0.0074464889435387205
0.8877211750271973,0.8734823374318312,0.014238837595366038
-0.894218535262495,-0.8756367879919471,0.018581747270547844
0.15914138578730053,0.15365649340567467,0.005484892381625861
-0.9124997551120043,-0.8944004044967334,0.018099350615270904
-0.17583846905533176,-0.1421082801049938,0.03373018895033797
-0.9306891826263105,-0.9166339705711051,0.014055212055205435
0.48365363745204915,0.4816375994460496,0.002016038005999532
0.21133702650371414,0.2191853377313969,0.007848311227682758
0.9443463567576407,0.9367689071396827,0.007577449617957921
0.8175023691881326,0.8132097034199458,0.004292665768186765
-0.8240326016127857,-0.8101692327316444,0.013863368881141258
-0.8206043015284904,-0.8025466985773236,0.018057602951166762
0.8258961929956588,0.8186581245492485,0.007238068446410284
0.45190984705303955,0.4551734803475015,0.003263633294461943
0.41119824974097946,0.4032266410791453,0.007971608661834162
0.6239106625040777,0.5944171194909019,0.02949354301317575
-0.04402996745902934,-0.03881402295976513,0.0052159444992642065
-0.6918171428735224,-0.6786370726672036,0.013180070206318728
-0.5185726720147353,-0.5195342542028569,0.0009615821881215902
-0.9730601615449068,-0.967361467938186,0.005698693606720817
-0.7310071630518268,-0.7231224168991492,0.007884746152677535
0.6881616986749709,0.676223825140049,0.011937873534921928
0.6610698746187533,0.6548057834684896,0.0062640911502637175
0.021464221546277088,-0.014077932193035051,0.03554215373931214
0.9336493904292952,0.921881055589665,0.011768334839630135
0.8663181523438558,0.8533778048870785,0.012940347456777301
-0.000287352214577841,0.0069240039273598605,0.0072113561419377015
0.748970108742192,0.7348455489078048,0.014124559834387207
0.3892676943216472,0.3725355499488695,0.016732144372777702
-0.8469687042098824,-0.8371192356724746,0.009849468537407757
0.8462790029223511,0.840299861389962,0.005979141532389098
-0.49808881027482693,-0.48501295162508434,0.013075858649742589
-0.45029730763328774,-0.4384804359979328,0.011816871635354942
0.8325829422178912,0.8158671858308532,0.01671575638703804
0.9567003688328151,0.9428154657734844,0.013884903059330655
0.7111187118658853,0.6975725620099236,0.013546149855961698
0.7910460672841295,0.7733162833128431,0.01772978397128644
-0.17926274970941922,-0.17482058228374137,0.004442167425677851
0.6851222843814129,0.6375549900144218,0.04756729436699103
-0.9194664011764044,-0.9139975425407746,0.005468858635629847
0.8205605313006902,0.8238059723023199,0.003245441001629712
0.8019061197283733,0.7927272458506389,0.009178873877734417
0.25661898048146964,0.25093645797754777,0.005682522503921872
0.0585505422384392,0.05601209383644004,0.002538448401999162
0.6836337145314503,0.6844855931217444,0.0008518785902941195
-0.6492924185794885,-0.6410740843357657,0.008218334243722758
-0.7250122336067576,-0.7122186004312797,0.012793633175477881
0.10742325401995353,0.09803041870665871,0.009392835313294823
0.7249172591240377,0.7103772096410631,0.014540049482974604
-0.25099374509023537,-0.24243071926063497,0.00856302582960039
-0.9050212937710503,-0.8956765755329363,0.009344718238114003
0.6366847887642031,0.6270951371316749,0.009589651632528229
-0.7284800415993512,-0.7278791214687239,0.0006009201306272915
0.935000975756317,0.9282631051336603,0.006737870622656739
-0.8510696761852398,-0.8474418161225251,0.0036278600627146496
0.5373089032178205,0.5376950063530832,0.00038610313526266093
0.023562412410193738,0.02749022824122425,0.003927815831030513
0.509586058720813,0.5116428241058116,0.00205676538499866
-0.7567500500209596,-0.737734483950338,0.019015566070621603
0.7684735091038584,0.7467899985302202,0.021683510573638154
0.5506632115113946,0.5359096141994092,0.014753597311985445
0.9443314700314407,0.9270192444198314,0.017312225611609278
-0.48296215567027906,-0.48997478579230985,0.007012630122030794
0.8426020006307814,0.838636641772006,0.0039653588587753585
0.8128763145337184,0.803794240144298,0.009082074389420436
0.5439584209704883,0.5409109034998479,0.0030475174706403596
0.9370171701094593,0.9166790858918584,0.02033808421760086
-0.9299738458301471,-0.9233693813946825,0.006604464435464585
0.6845475104505983,0.6788025119883317,0.005744998462266504
0.9042256389738712,0.8926557059676805,0.011569933006190691
0.6889552471312662,0.6967294383759178,0.007774191244651618
0.9240508673707666,0.9124400110536415,0.011610856317125107
-0.022435105689167584,-0.020795228791809377,0.001639876897358207
-0.8783591097427881,-0.8698281308730892,0.00853097886969889
-0.6537224764334204,-0.6656831391623901,0.011960662728969673
0.3192464488671749,0.3255271757974385,0.006280726930263603
-0.12461267296511552,-0.1386003286202889,0.013987655655173376
0.6965384832019356,0.6663655764996638,0.030172906702271796
-0.7820612973186752,-0.7672899135505382,0.014771383768137025
-0.9067803000888585,-0.8974359027814099,0.009344397307448515
0.5985536893079346,0.5818187458578987,0.0167349434500359
-0.2835039994134258,-0.2810691811366299,0.0024348182767959248
-0.31092317529221963,-0.33434249480516104,0.023419319512941406
-0.5600618068761085,-0.5603807377673338,0.0003189308912252553
-0.5930272427794933,-0.5789716783848949,0.014055564394598319
-0.9711885492375615,-0.960716502465802,0.010472046771759502
0.6684506991782949,0.6497628970031041,0.018687802175190837
-0.31893306030251173,-0.3095006374382803,0.009432422864231405
0.8964505630752927,0.8965677761868247,0.00011721311153201075
0.8172974707729852,0.817843660929928,0.000546190156942794
0.39935377637568165,0.3907484379012128,0.008605338474468871
-0.19372902862254598,-0.2046151495977216,0.010886120975175606
-0.911360110968726,-0.8948688440752347,0.01649126689349134
0.4285228241030597,0.42415565995819016,0.00436716414486954
0.5004757584331997,0.48297859714835195,0.01749716128484774
-0.8138491064619748,-0.8016382453269317,0.012210861135043105
0.8578651844539368,0.8478510533226268,0.01001413113131
-9.746671774937607e-05,0.005361410052788788,0.005458876770538164
0.8754625995373305,0.8659521158633279,0.009510483674002645
0.6585291013799043,0.656183008039823,0.00234609334008129
0.9089197850395705,0.8952168217173202,0.013702963322250294
-0.015159523733791909,-0.0007211013556788089,0.0144384223781131
0.8794636502457668,0.8696383938781518,0.009825256367614998
-0.7330081535314068,-0.7274249211109198,0.005583232420486972
-0.7721018401148088,-0.7751538472084487,0.0030520070936399524
-0.49845791762465413,-0.48609829775730046,0.012359619867353677
-0.7844941967761276,-0.773986169447366,0.01050802732876166
0.5777671939698888,0.5372164017563203,0.0405507922135685
0.13998139103039903,0.15075969311499746,0.010778302084598429
-0.1697182672385195,-0.13376596588341344,0.03595230135510605
0.15925394985451818,0.1528933368163883,0.006360613038129875
0.7363231177104493,0.712358017061175,0.023965100649274373
-0.17542707152102466,-0.16693874930105765,0.00848832221996701
-0.8894754160151569,-0.8827388729574696,0.006736543057687339
-0.6506533715060225,-0.6343040359102781,0.016349335595744474
0.7679930451363992,0.757328272353245,0.010664772783154253
0.9429828543252878,0.9244654849302444,0.018517369395043448
-0.49150751293679856,-0.4921070268024506,0.000599513865652046
0.8834085754693941,0.8717857688544489,0.011622806614945191
-0.9212128110220491,-0.9147086539987712,0.00650415702327789
-0.6828494154138288,-0.6743708317923912,0.008478583621437608
0.820043516662255,0.8048411682808211,0.015202348381433861
0.09684033019142622,0.086938835771697,0.00990149441972922
-0.0655867592177265,-0.10086856637308704,0.03528180715536054
-0.5824262059847993,-0.5668813428720995,0.01554486311269987
0.5506119251064955,0.5332180526008753,0.01739387250562019
0.3193213925795255,0.31226687347735305,0.007054519102172474
-0.7728819078394443,-0.763049715832965,0.009832192006479334
-0.4880060484724145,-0.48220672363700756,0.00579932483540696
0.6664416478903775,0.6638310926338538,0.002610555256523761
-0.17514015785107306,-0.18402609165017225,0.008885933799099188
0.806670545045531,0.7965341565219584,0.010136388523572681
-0.8346323490610903,-0.8203586684093286,0.014273680651761711
0.5142344344433698,0.5084671256018078,0.005767308841561958
-0.9352268305956677,-0.9277663766931052,0.007460453902562447
-0.19153969964898757,-0.18593026813369534,0.005609431515292224
-0.11558183920970279,-0.11770069562760803,0.0021188564179052405
0.04217559635997301,0.05176866409316449,0.009593067733191477
0.562824355502136,0.5752943547763651,0.012469999274229093
-0.34078400864229474,-0.3462239429859053,0.005439934343610564
-0.726796358400156,-0.7166506473974699,0.01014571100268613
-0.028453517893495085,-0.01608244893787389,0.012371068955621196
-0.8722573076572046,-0.854998109798841,0.017259197858363495
-0.4270089214165226,-0.4131270499277585,0.013881871488764075
-0.6540934648218901,-0.6403436387788971,0.013749826042993019
-0.9435674331344711,-0.925184030054589,0.018383403079882066
-0.9399503058289219,-0.9261449771222549,0.013805328706667064
6.05803574381164e-05,0.021629983402071395,0.02156940304463328
0.9600093349100356,0.9474680607399035,0.012541274170132066
-0.9358901165149386,-0.9281429841600048,0.007747132354933739
-0.13618832028114036,-0.1378801140976059,0.001691793816465531
-0.9332112481639915,-0.9217833122739696,0.01142793589002189
-0.6280347285295625,-0.6295182038340662,0.0014834753045036564
-0.8953351675166012,-0.8850834074936589,0.010251760022942369
-0.28763926076720187,-0.28499343069856586,0.0026458300686360015
0.872062252046952,0.8633124563109151,0.008749795736036847
-0.04820384977412268,-0.04025447083963107,0.007949378934491616
0.6626280730303956,0.654827463640395,0.007800609390000601
0.38916933431590445,0.3749570667454317,0.014212267570472725
0.8389972222478649,0.8235472304278759,0.015449991819988962
0.7283634350654149,0.7332124728971143,0.004849037831699432
0.9435969821664579,0.920717762352263,0.02287921981419494
-0.9254944331942011,-0.9118412150614931,0.013653218132708034
0.052650195508070506,0.06416239778417113,0.01151220227610062
0.5841643731593946,0.5689440329179681,0.015220340241426489
-0.8341836337957211,-0.815129021464191,0.019054612331530163
-0.39107375811543676,-0.4148159345522276,0.02374217643679083
0.2433593554599282,0.2376277846820855,0.005731570777842698
0.6219148398257616,0.5935986452136338,0.028316194612127754
0.7720420234271445,0.760467166515665,0.011574856911479414
0.926099595020875,0.9084653432426174,0.017634251778257615
-0.7602426803432373,-0.7471492599971953,0.013093420346041995
0.9401582566679191,0.9327810157541215,0.007377240913797545
0.8102788942848923,0.8000642842043266,0.010214610080565678
-0.46027502371235957,-0.4627757298041843,0.0025007060918247337
-0.6677181275982691,-0.6492772917956551,0.01844083580261402
-0.40158864072146094,-0.3838594301742392,0.017729210547221763
-0.6938556558279707,-0.6954490630854242,0.001593407257453494
0.6535973786153592,0.6535168770316789,8.050158368022586e-05
-0.9460372096071807,-0.9332037453683146,0.01283346423886611
0.8524985211741676,0.8473534986933069,0.005145022480860684
0.4779915352979184,0.4882787522965732,0.010287216998654813
-0.7059055295258633,-0.7055138873432439,0.0003916421826193339
0.8552953373939072,0.8331674346412267,0.022127902752680506
-0.697661291291472,-0.6789497149787833,0.018711576312688716
-0.5308747626003399,-0.5210941114978818,0.009780651102458182
-0.15514950466750266,-0.16502277543558638,0.009873270768083725
0.12249443899987035,0.11853410789088303,0.003960331108987317
0.9260079493481086,0.914252371592817,0.011755577755291569
-0.9141042060768196,-0.8976778972858546,0.016426308790965072
-0.6650054799430164,-0.6482124809839517,0.01679299895906472
0.5901639610846592,0.571760002806549,0.018403958278110144
-0.4795954393713779,-0.46913016210574765,0.010465277265630235
-0.8260350391965965,-0.8210814509519331,0.004953588244663409
0.1867684755816898,0.1802825895368482,0.006485886044841599
0.36542226241192544,0.35972133721845556,0.005700925193469875
0.9697983826646313,0.9636198288748358,0.006178553789795482
0.4988942321445439,0.48413828755639826,0.014755944588145664
-0.9459356731935594,-0.9313231978403115,0.014612475353247945
-0.9383527821983373,-0.9238041981494953,0.014548584048841962
-0.604384536992897,-0.5893490312494236,0.015035505743473343
0.5792517558341406,0.5774830518808682,0.0017687039532723325
-0.8701916728639374,-0.8535750923669737,0.016616580496963684
0.7070646800383871,0.6954295359583585,0.011635144080028526
-0.7899334610515868,-0.7633520879305992,0.026581373120987628
-0.9436396957392477,-0.9271038961991872,0.01653579954006046
-0.9263340441185983,-0.9171526373044406,0.009181406814157689
-0.5732242739906221,-0.558479985611479,0.0147442883791431
0.5385846560595104,0.5331755225859008,0.005409133473609606
0.9021049040474074,0.889064018969572,0.013040885077835407
-0.05070478102281013,-0.05070819759142525,3.4165686151194086e-06
0.5274118190933373,0.5231587454413658,0.004253073651971584
-0.7603874299330619,-0.7589470186929294,0.0014404112401324998
0.6230056210307636,0.5736039652376425,0.04940165579312117
0.8858331328792212,0.8751357255007467,0.010697407378474466
-0.19312577288568802,-0.18796588888996638,0.005159883995721648
0.29984224446180974,0.3024790102309846,0.002636765769174876
-0.9289090942630202,-0.9120531478106088,0.016855946452411397
0.721554581124049,0.7176204481807621,0.003934132943286928
-0.9237172678551504,-0.911460051545583,0.012257216309567442
0.9366871479515839,0.9209636225296528,0.015723525421931117
0.9007103113537337,0.8968815716349966,0.0038287397187370953
0.44028108223653956,0.44633795306261814,0.006056870826078586
0.4592431454517606,0.4634544284669641,0.004211283015203515
0.903471991023998,0.8968068004271116,0.006665190596886417
-0.5729185389734699,-0.5568118297677768,0.016106709205693126
0.14437840074819508,0.13203679229670745,0.012341608451487629
0.8305432235019182,0.8199775163567097,0.010565707145208547
-0.5359645435389943,-0.5199721443734463,0.015992399165547955
-0.9448989847151157,-0.9296470892674259,0.01525189544768979
-0.6366910215911796,-0.6253211060987253,0.011369915492454363
-0.46170469464746355,-0.4446617813919298,0.017042913255533754
0.725797352134794,0.6875574964009218,0.03823985573387223
0.4690904977184942,0.46706349522549667,0.0020270024929975317
0.7919942817158632,0.7824954963691433,0.009498785346719885
0.6626300344941913,0.6624526541567819,0.00017738033740943848
0.6724801634086311,0.6796830070530998,0.0072028436444686594
0.9324984260271014,0.9227406931365519,0.009757732890549486
-0.5494555228786765,-0.5335553784900916,0.01590014438858489
0.1986253644042508,0.20234131045627116,0.003715946052020358
-0.6645910388345571,-0.667283535359287,0.002692496524729915
-0.9406814906448236,-0.926107693235519,0.014573797409304645
-0.06428059914168496,-0.048266179335021434,0.01601441980666353
-0.8046604893252696,-0.7856516363101894,0.01900885301508015
0.0355178652646701,0.022991611577977463,0.012526253686692638
0.6464861889734932,0.652086809071204,0.0056006200977107845
-0.2618002093210765,-0.25056943359755723,0.01123077572351927
-0.27034593556407266,-0.2777208035463256,0.007374867982252953
0.8104948499393924,0.7930506018791027,0.017444248060289658
0.0956323470081841,0.11037712464886261,0.01474477764067851
-0.6863267990910705,-0.6735368402596107,0.012789958831459836
-0.8880492949375894,-0.8757907717727436,0.01225852316484588
-0.8643192677072666,-0.8373507033663128,0.02696856434095385
-0.051450284492140674,-0.047320030214371936,0.0041302542777687384
-0.8897366887893552,-0.8751173970558592,0.014619291733495965
0.6331671579649314,0.6251978583768935,0.007969299588037937
-0.19820046197818497,-0.2019970790234762,0.0037966170452912174
-0.15077398540499476,-0.1579019193864588,0.007127933981464052
-0.3420320910661583,-0.34537178382293315,0.00333969275677487
-0.01589574143733988,-0.0045890833965544315,0.011306658040785449
-0.0462570441263645,-0.049480503420948875,0.0032234592945843757
-0.842525338164559,-0.8272066682874021,0.01531866987715691
-0.9328090808522849,-0.9205607288356413,0.012248352016643538
0.2328075286678772,0.2440004033654359,0.011192874697558697
0.3172239057182521,0.32353411092384626,0.006310205205594166
0.1582880046269751,0.1444451889369514,0.013842815690023685
0.08560338881275815,0.08068940554488005,0.004913983267878105
0.39183644305591087,0.3783483269564619,0.013488116099448944
0.35960969578740315,0.3650442240410382,0.005434528253635051
0.42618502186828333,0.42463971840661335,0.001545303461669978
-0.2321689705199731,-0.23999443337981896,0.007825462859845866
-0.8672341716264366,-0.8586562353651849,0.008577936261251695
0.910208071069074,0.8906065066420665,0.019601564427007445
-0.9070511491193769,-0.8924970671575762,0.014554081961800747
0.27588498890796087,0.26074418580465986,0.015140803103301015
0.815260136431526,0.8036361945866186,0.011623941844907337
-0.8567494289405525,-0.844915893427534,0.011833535513018467
0.9024268314802149,0.8977092235000199,0.004717607980194938
-0.03747560865653353,-0.045750856527876714,0.008275247871343185
-0.2451739860706866,-0.22720684319650208,0.017967142874184522
-0.8998869874079067,-0.8826340052495177,0.017252982158388996
-0.014442157455938512,-0.024236066556322697,0.009793909100384185
0.8594439339854828,0.8495545306213537,0.009889403364129135
-0.9306285668606238,-0.9147324066095094,0.0158961602511144
0.8852095418080235,0.8653581309727155,0.019851410835307948
0.9171558860462534,0.9027477745708675,0.014408111475385899
-0.18563241333734554,-0.18822922798553637,0.002596814648190837
0.1380084725318313,0.12884381635717904,0.009164656174652258
-0.056339184320540206,-0.04688075496302767,0.009458429357512538
-0.5803782534819182,-0.5725854188966697,0.007792834585248487
-0.07078557262053778,-0.08100399067758719,0.010218418057049414
-0.34825839110791584,-0.35327532532000755,0.005016934212091706
-0.5552494074224542,-0.5476929990462542,0.0075564083761999745
-0.2850780644473783,-0.27167775711836356,0.01340030732901476
-0.5385469398937296,-0.5270655033852257,0.011481436508503862
0.9041931881030607,0.8826626059977984,0.021530582105262264
0.6105476359171639,0.61363607718116,0.0030884412639961
-0.004109767197610815,0.014387708273578242,0.01849747547118906
0.23538867399434485,0.23889186758016223,0.0035031935858173824
-0.3140695255093511,-0.30758330188156513,0.0064862236277859475
-0.5338199669102914,-0.521842965434656,0.011977001475635407
-0.15251157815435035,-0.13684930299637207,0.015662275157978273
-0.9524981481419622,-0.9399436177362294,0.012554530405732844
-0.9451770844588065,-0.931704521837521,0.0134725626212856
0.6701498897865037,0.6570765327663768,0.013073357020126908
-0.10915941833995904,-0.11692468427719238,0.00776526593723334
-0.8282290811853993,-0.8178613659785142,0.010367715206885064
0.8041789436151402,0.794609075674572,0.009569867940568244
0.22793812600423805,0.22295415798780374,0.004983968016434304
0.9316071965013355,0.9194913664181129,0.01211583008322259
-0.33722192863194494,-0.3249587813175046,0.012263147314440337
0.4936250885840544,0.4816116753513157,0.01201341323273869
0.5646990815619466,0.5565774286903773,0.008121652871569296
-0.7158885658882744,-0.7044059382717919,0.011482627616482555
0.49947379921814217,0.4811917062726768,0.018282092945465345
-0.9752432673301887,-0.964306530784146,0.010936736546042769
-0.9695620116578302,-0.9638556230506659,0.0057063886071643255
-0.4549467489457269,-0.4598080037283599,0.0048612547826329955
-0.4205817756583449,-0.41248356092243404,0.00809821473591088
-0.33954561855339466,-0.33217595848706916,0.007369660066325501
0.04636285508218248,0.054485399133280474,0.008122544051097996
-0.898844169679754,-0.8851106048305727,0.013733564849181312
-0.16152761604206406,-0.167994807252116,0.006467191210051931
0.9274108066866702,0.9129769305475693,0.014433876139100854
0.723897263730943,0.7239786558361041,8.13921051611155e-05
-0.5311473875187599,-0.5169316212030167,0.014215766315743172
0.5429006073376426,0.5355856651263368,0.007314942211305797
-0.6994898957141902,-0.689261914776608,0.010227980937582148
-0.9296639999960936,-0.9143521611180141,0.01531183887807952
0.8998357940309221,0.8907561553940918,0.009079638636830256
0.9029343641985984,0.8889940603651479,0.013940303833450463
-0.9360145631789144,-0.9136569786006422,0.022357584578272194
-0.05575116962984824,-0.0673097992377428,0.011558629607894562
-0.8777213556447117,-0.8731798914989429,0.0045414641457687255
0.004712915854059473,0.009006156713702492,0.004293240859643019
-0.5605305426295422,-0.5523581605837908,0.008172382045751325
0.19212957446967946,0.1948001525595653,0.002670578089885828
0.7427943693883565,0.7392599246293686,0.003534444758987898
-0.9407562104033688,-0.923953854258172,0.016802356145196762
0.939637899490842,0.92231423397313,0.017323665517712028
-0.4568104974932264,-0.4615309089170733,0.0047204114238469375
0.47540425841993855,0.433192065467083,0.042212192952855554
0.9318740102302587,0.9235628876320052,0.008311122598253506
-0.912707768327942,-0.8983072204530702,0.014400547874871772
9.853623395564956e-05,-0.011339329759864706,0.011437865993820356
-0.5010741660830643,-0.49505004475649284,0.0060241213265714855
-0.4725114146008611,-0.4764192116523905,0.0039077970515293825
-0.6797564243685348,-0.6628345576634946,0.016921866705040145
-0.525134612266237,-0.5260967507051385,0.000962138438901472
-0.42674813111973386,-0.42752964444367003,0.0007815133239361671
0.8848248584021727,0.8711137133517048,0.013711145050467888
-0.44831334757437424,-0.45172710623829837,0.003413758663924127
0.10650985973504697,0.10055282750537908,0.005957032229667883
0.28853453554870906,0.29474539785143794,0.006210862302728881
0.5306035030163969,0.5300892158767434,0.0005142871396535131
-0.8968552371511236,-0.8822477346522579,0.014607502498865665
0.08135154658871899,0.04133893836663797,0.04001260822208102
0.7290026082520027,0.709477340315065,0.01952526793693765
-0.40889240849321934,-0.39993871102109096,0.008953697472128375
0.5413211470181779,0.5246194223232856,0.016701724694892284
0.3750508432549796,0.3589263581640302,0.016124485090949436
-0.8098023074128403,-0.798662988763102,0.011139318649738272
-0.8236619117029982,-0.819647778267823,0.0040141334351752045
-0.7559995032884151,-0.7449660353056324,0.011033467982782708
0.4017216715504684,0.38838508713415826,0.013336584416310138
0.09807254272333024,0.1012570382727964,0.0031844955494661625
-0.9462595882513146,-0.9279162886129578,0.01834329963835679
-0.368874633446461,-0.3644763267927343,0.004398306653726702
-0.32884654647674044,-0.33138345501709177,0.0025369085403513236
-0.5687999001173561,-0.5707503328130341,0.0019504326956779616
0.9141786653122597,0.908434465359054,0.005744199953205631
0.9432955517718394,0.9345174319059977,0.00877811986584176
-0.37052155619602,-0.3622299096868295,0.008291646509190509
0.9308871504785577,0.924566622908163,0.006320527570394696
0.2188012062043135,0.2064897458063777,0.01231146039793582
0.26924902961632513,0.2680807945074816,0.0011682351088435072
-0.890973517812866,-0.8858221819511911,0.005151335861674933
-0.7182835696377281,-0.703398656229539,0.014884913408189093
-0.9143610688088166,-0.9048664893091687,0.009494579499647937
0.7958224522421748,0.7812612375582944,0.014561214683880497
0.3884765458184687,0.3966733846774988,0.008196838859030109
-0.9091720120892355,-0.8918359528979312,0.01733605919130432
0.0003849890642657663,0.010973567103465438,0.01058857803919967
-0.6951232998929282,-0.6866322919629871,0.008491007929941063
-0.5457968130970324,-0.5392715189659036,0.006525294131128789
0.7275955959297685,0.7204159813495712,0.0071796145801973354
-0.6581462890994995,-0.645511984442166,0.012634304657333506
0.4311400526535987,0.43446871181197017,0.0033286591583714387
-0.9472450526217663,-0.9368791353544745,0.010365917267291747
-0.812357663049636,-0.8044339692452657,0.007923693804370302
0.8040140851405252,0.7829711231752329,0.021042961965292317
-0.2837456787055033,-0.2776767981650779,0.006068880540425425
-0.49702901881522554,-0.5006124731583012,0.0035834543430756094
-0.09552655313404564,-0.09152312137869999,0.004003431755345649
-0.10950026221662375,-0.12037870910461923,0.010878446887995483
-0.3427036235095938,-0.3193889403817941,0.023314683127799718
0.15679772608460224,0.14295002255794967,0.013847703526652572
-0.8694103618157938,-0.8613349136315042,0.008075448184289624
0.8469043023149609,0.839927908076407,0.006976394238553896
0.9132474723546303,0.8996739276804356,0.013573544674194693
-0.41414391600514044,-0.4049920043339545,0.009151911671185953
0.2549703189158888,0.2602264390397668,0.005256120123877994
-0.5940641186485243,-0.5983348691454822,0.004270750496957909
0.15493053744215896,0.156172042344834,0.0012415049026750502
-0.8996876657862701,-0.8845956267113267,0.015092039074943386
0.6181088342519334,0.6158992264751224,0.0022096077768110067
0.6740634788950417,0.6560884992331509,0.017974979661890766
-0.13151189660653217,-0.14253108373449366,0.011019187127961488
0.33032534895735893,0.34717395867048856,0.016848609713129625
-0.1779287997239499,-0.17153950127537512,0.006389298448574776
-0.1825729999563119,-0.18976622604395701,0.00719322608764511
0.008958188150272993,0.017849726288250226,0.008891538137977233
0.705393793177561,0.7063090728311842,0.0009152796536231467
0.11625495341385064,0.10625633198307374,0.0099986214307769
0.6693398905201617,0.6538503181033339,0.015489572416827802
0.5668289394080089,0.5620601250154755,0.004768814392533405
-0.5568735760079032,-0.5390990463398487,0.017774529668054484
-0.8991987693520568,-0.8913740634806095,0.007824705871447235
0.5506523826197819,0.5321718572259007,0.01848052539388123
-0.22520013365298766,-0.19546422086762416,0.0297359127853635
0.44431200664199544,0.4482082848593875,0.0038962782173920796
-0.5023744706483192,-0.483969719510858,0.018404751137461206
-0.787095605446278,-0.7744233956321822,0.01267220981409578
0.14699848221213746,0.10070312631445494,0.04629535589768252
-0.18369507481109046,-0.1683299852214074,0.01536508958968305
-0.7826805954793464,-0.7710576473320077,0.011622948147338774
0.7893694105753977,0.7781144952722189,0.011254915303178792
0.7237755766483046,0.7296868955453736,0.005911318897068973
-0.8511547989999713,-0.846756617337356,0.004398181662615297
0.9456677273254347,0.9382037546532046,0.00746397267223009
0.7599136556473172,0.7439908376278109,0.015922818019506235
0.6540738201306041,0.6392396356374246,0.014834184493179525
-0.7432853872194713,-0.725378713333995,0.0179066738854764
0.6733703417789344,0.665090253012747,0.008280088766187355
0.8735801963059903,0.8544667780194557,0.019113418286534567
0.9060696319111144,0.8925775352371456,0.01349209667396889
0.8671052673234584,0.8577136221748617,0.009391645148596695
0.436888477262177,0.439750410882444,0.0028619336202669876
0.9209351915175772,0.9176402904062037,0.0032949011113735382
-0.9033392378335227,-0.8972749956475967,0.006064242185925939
-0.7469539658541905,-0.7449100130173429,0.0020439528368475512
0.7751364096212925,0.7566742471509603,0.018462162470332166
0.7954726726004541,0.7765499718774155,0.018922700723038588
-0.17433049960786556,-0.16354801603843283,0.010782483569432733
-0.9344629140232155,-0.9171422336020665,0.017320680421148982
0.5022529381477655,0.49998346477326877,0.0022694733744967333
0.26312423491860115,0.2564410164121357,0.0066832185064654714
0.5610163799644398,0.5579241681985267,0.003092211765913011
0.6790394120928573,0.6860273066669106,0.006987894574053244
-0.8353633045170956,-0.8166814646501553,0.018681839866940275
-0.12022859803726521,-0.1408010389223783,0.02057244088511309
0.9765729422900885,0.957724606334933,0.01884833595515556
-0.8328621160921407,-0.8020059795827961,0.0308561365093446
-0.9573135610544402,-0.9458250076263692,0.01148855342807098
-0.5934842387002909,-0.5855057093679177,0.007978529332373197
-0.15685753539425373,-0.1400898092320169,0.016767726162236846
-0.3380103516236359,-0.348637500542302,0.010627148918666118
-0.25069325923495034,-0.24373681985739037,0.006956439377559964
-0.05249882144552966,-0.058659318777396975,0.006160497331867312
0.21121746540664738,0.2097852908756269,0.0014321745310204859
0.48874895133263646,0.47341873599371204,0.015330215338924424
-0.24200338091593693,-0.2356443087771708,0.006359072138766131
0.8029422043947176,0.7930748333547885,0.009867371039929185
0.2942910186646637,0.298709843966478,0.004418825301814311
0.16884890398543007,0.14903095501420863,0.01981794897122144
-0.031183554470785513,-0.035535833149262785,0.004352278678477272
0.6374898652709354,0.631227140128328,0.006262725142607395
0.7258878016095647,0.717530157114321,0.008357644495243677
0.8789629575574673,0.8765080428073312,0.00245491475013615
-0.6261696737169155,-0.628169385971731,0.0019997122548155444
0.14884923367092318,0.15393634810693738,0.005087114436014201
0.41879124960270947,0.4017338149015047,0.017057434701204743
0.6685796089378628,0.6481528084807974,0.020426800457065464
-0.6257670594327999,-0.6287875548268295,0.0030204953940295987
-0.5786797743565878,-0.5727638926831784,0.0059158816734093955
0.8567400222089439,0.8363721385063009,0.020367883702642975
-0.4823781383931933,-0.47807043128223287,0.004307707110960457
-0.017091737562549045,-0.008755831781552125,0.00833590578099692
-0.803288390241172,-0.7938816385222598,0.009406751718912254
0.9085311410843359,0.8976564176849957,0.010874723399340147
-0.44770230731415395,-0.45304399516945004,0.005341687855296096
-0.6043930690289858,-0.5852546595393886,0.01913840948959722
0.8147613965272579,0.8172791874495561,0.002517790922298202
0.8602161214646332,0.8509162465109668,0.009299874953666465
0.2109094730757969,0.20460487314811254,0.006304599927684368
-0.5644560599861105,-0.5461808465226244,0.01827521346348604
-0.7354989290317733,-0.7241242040933672,0.011374724938406078
0.4413031465696951,0.44637598337343576,0.005072836803740655
-0.46953051655385264,-0.47757355116821054,0.008043034614357902
0.47395403625058147,0.45654170345192396,0.017412332798657504
-0.5573820839547116,-0.5609535804743099,0.003571496519598316
0.8696456957969844,0.858360229485816,0.011285466311168335
0.32018513898358786,0.3245347983576045,0.004349659374016657
0.9192058456255813,0.8987336440773119,0.020472201548269342
-0.1487512849509315,-0.1509412552159927,0.0021899702650611808
0.1982482690233529,0.1653092295866526,0.03293903943670032
-0.17088224215803713,-0.1787152557021341,0.007833013544096962
-0.4523507355685169,-0.4350694300894983,0.017281305479018627
0.9375908858502631,0.9265367278266647,0.011054158023598326
-0.49455452674952055,-0.5008069539213914,0.006252427171870856
0.3144478795860903,0.3154503796437694,0.001002500057679101
0.9364553548594016,0.9125271255822787,0.023928229277122903
0.5748653304246261,0.5669711494402608,0.007894180984365229
0.027235505270638335,0.03336370398257989,0.006128198711941552
-0.9405354963056595,-0.9326618524030628,0.007873643902596705
0.5910775482954257,0.5834899574204351,0.007587590874990613
-0.9421152112917205,-0.931823828973346,0.010291382318374453
0.8069475071629137,0.7735330468966318,0.03341446026628192
-0.4252950900706791,-0.428977776487434,0.003682686416754899
7.956045623764828e-06,-0.009345081485506519,0.009353037531130284
-0.3371440841963639,-0.31414733115400295,0.02299675304236093
0.8764304733290144,0.8384110338115907,0.0380194395174237
-0.015524684899417851,-0.012821926145862222,0.002702758753555629
-0.23313573177633706,-0.24178495695848112,0.00864922518214406
0.003925308085184459,0.0004305569124288207,0.0034947511727556383
0.9789707897416055,0.9706463422104171,0.008324447531188328
-0.5259473749780682,-0.5166535849968602,0.009293789981208
-0.7090606837960683,-0.700204037773954,0.008856646022114334
-0.2761863054220231,-0.28430096741742655,0.00811466199540345
-0.9094386001552354,-0.8945231714092833,0.014915428745952086
0.6046715876547458,0.5914844020362301,0.013187185618515729
0.6108852478600956,0.6050386380154053,0.00584660984469032
-0.0528000605438374,-0.041237400473894424,0.011562660069942977
-0.9496158868504782,-0.9385088409923407,0.011107045858137488
-0.9352902860474024,-0.921797826753754,0.013492459293648396
0.09653569723942937,0.10393027401445286,0.00739457677502349
0.8767806119339031,0.862930284128882,0.013850327805021156
-0.4503172978338097,-0.4539823976921748,0.003665099858365106
-0.9451131678872594,-0.9290368641458706,0.016076303741388798
-0.5051309330185515,-0.5118864699966558,0.006755536978104271
-0.7676552986003068,-0.754991348166805,0.01266395043350177
0.9321677652590674,0.9148749485709591,0.017292816688108337
-0.9325837444974037,-0.9267738314592229,0.005809913038180792
0.0024721244629755477,0.0065073039279793235,0.004035179465003776
-0.8563416241785153,-0.8429429252705011,0.013398698908014262
0.9417457144572141,0.931677593499547,0.01006812095766707
0.20146998098548854,0.1864393867005717,0.015030594284916848
0.20336359811950028,0.21445018190995557,0.011086583790455296
-0.07355277301437842,-0.06084098523830594,0.01271178777607248
0.961962307022443,0.9509557281486991,0.0110065788737439
0.09996869567124769,0.08693959225845209,0.013029103412795603
0.6036699677221498,0.5913629120568064,0.012307055665343403
-0.077561804557407,-0.07796081313302491,0.0003990085756179207
0.8522242902704337,0.8357215580784696,0.016502732191964076
-0.37116216105013794,-0.3306519050547003,0.040510255995437616
0.8439397467282842,0.8192069878367342,0.024732758891550022
-0.7050469912453156,-0.6895979936604032,0.01544899758491236
0.5688208278523486,0.5643596682562084,0.00446115959614013
-0.8316479654135202,-0.8271308238933311,0.004517141520189005
-0.38959555126169915,-0.39333263435906785,0.0037370830973686986
-0.7166302209185805,-0.711236052022012,0.005394168896568519
0.37521452813002765,0.38033641158441023,0.005121883454382581
0.968188352365335,0.9531558285064342,0.015032523858900748
-0.5088336305151525,-0.49877095017942363,0.01006268033572888
0.7363929982864132,0.7268567412687452,0.009536257017668026
-0.9578042407364449,-0.9412178192367902,0.016586421499654724
-0.932947477753418,-0.9197689833036239,0.013178494449794131
0.5827389406059094,0.5769567038006912,0.005782236805218166
0.93559706056795,0.9191101602707646,0.01648690029718536
0.3442802505722523,0.31737087991516866,0.026909370657083653
0.9160755616892883,0.9065407270466634,0.009534834642624834
0.7332037764076653,0.725679657814452,0.007524118593213336
0.17635148246970422,0.1691744938504233,0.007176988619280927
-0.94547990301198,-0.9302121520356594,0.015267750976320604
0.3287064153296528,0.33060631701612136,0.0018999016864685858
0.9296791446027592,0.9228907893357814,0.006788355266977852
0.4762200310170495,0.4853661988639166,0.00914616784686706
-0.6562610247649848,-0.6414627602260405,0.014798264538944284
0.9408547230344841,0.9273994211733818,0.013455301861102331
0.7164309131846492,0.6994242409731388,0.01700667221151042
0.35557571444932246,0.361952144470195,0.00637643002087257
-0.6680525664209299,-0.667845250621412,0.00020731579951793755
-0.9430768679357225,-0.933525397938043,0.00955146999767953
0.5150787458083503,0.5113440544277661,0.003734691380584243
0.6464165430643586,0.6264228424522457,0.01999370061211292
0.9372874610729713,0.9247170873409631,0.0125703737320082
0.7496115540867756,0.7285890073898776,0.02102254669689796
-0.26974848589374356,-0.26838067811727234,0.0013678077764712193
-0.4556396676849054,-0.4432538625060189,0.012385805178886489
-0.8836626086587505,-0.8825002347587252,0.0011623739000252709
0.04493615712871351,0.05612315738141236,0.01118700025269885
0.9353047930188757,0.922693303622905,0.012611489395970676
0.1317207071933755,0.15008291822783132,0.018362211034455816
-0.7767576195033095,-0.7398665781382731,0.0368910413650364
-0.4457336587392136,-0.4436945451129135,0.002039113626300104
-0.07281383489135222,-0.08342945819485276,0.010615623303500535
-0.8487950409283127,-0.838272101360783,0.010522939567529699
0.9463524689602407,0.9390019980107805,0.007350470949460175
0.9015058265389714,0.8902019499654247,0.0113038765735467
0.9007939196116042,0.8953135007425012,0.005480418869102999
-0.4726518596973029,-0.4574433363615593,0.015208523335743573
-0.5403525109053414,-0.5232376297104777,0.017114881194863707
-0.4265737094277734,-0.421585108850924,0.004988600576849411
-0.23042509055326713,-0.23256549986326092,0.0021404093099937904
-0.8310927203956405,-0.805440866653258,0.025651853742382547
-0.561057304176657,-0.5640505066946873,0.002993202518030258
0.3151534516787027,0.31291184328268773,0.002241608396014949
0.46408262136354367,0.45926695476643203,0.004815666597111634
0.877498622757847,0.8657229912978951,0.011775631459951863
-0.1742675227869363,-0.17587981513716858,0.001612292350232275
-0.08052290598097551,-0.10973660759500056,0.029213701614025048
-0.17924737684606543,-0.18562990148798786,0.006382524641922432
-0.8864019229912021,-0.8686907825572845,0.017711140433917638
0.8983346995504689,0.889115055059629,0.009219644490839896
-0.7795179878479562,-0.7788070710598345,0.0007109167881217404
-0.025221140367200634,-0.03688801383744723,0.011666873470246593
-0.9225470019361333,-0.9067263865260261,0.015820615410107153
0.6128864752949961,0.6093089697857645,0.0035775055092315267
0.7031363996980013,0.6938726383085828,0.009263761389418534
0.6048902181896727,0.5829416700825936,0.021948548107079136
-0.8772987778081,-0.8628490439242378,0.01444973388386217
-0.5844793974904665,-0.5833472854800075,0.001132112010459041
-0.27607090845971727,-0.2953734357674023,0.019302527307685058
0.6146678053857175,0.6055086316377821,0.0091591737479354
0.36985154800624503,0.35266084705171125,0.01719070095453379
0.31547217471160605,0.3015874980421982,0.013884676669407847
0.2124969495837917,0.2224373208563728,0.0099403712725811
0.9377442006697656,0.9242206403919223,0.013523560277843294
0.935789522675105,0.9249513725687895,0.010838150106315503
-0.9073359891627506,-0.8897944283816343,0.01754156078111635
0.9194289210528513,0.9041521510144067,0.015276770038444631
-0.10010721196466557,-0.09407118099474719,0.0060360309699183795
0.03527207823458743,0.04319303733944162,0.007920959104854186
-0.9409515946538604,-0.930561791164513,0.010389803489347371
-0.8539010703692546,-0.8427648055111503,0.011136264858104261
-0.6412845981929228,-0.6415688511329961,0.00028425294007328183
0.6375897008138386,0.6324638852542555,0.005125815559583136
0.11950786951175309,0.11927608155563825,0.00023178795611483727
0.9391268930138021,0.9291212774477683,0.010005615566033854
0.9579021753437507,0.9469368831115055,0.010965292232245183
-0.9739572211685036,-0.9705872751437141,0.003369946024789461
-0.056577764490888964,-0.04772079524199915,0.00885696924888981
-0.9402869294463962,-0.9222899144645461,0.017997014981850135
0.06368927504230434,0.06077884912109388,0.0029104259212104633
0.7804727769998238,0.7702943797325479,0.010178397267275874
-0.9221504597891164,-0.9109683988971863,0.011182060891930079
-0.8466294726453749,-0.827066953814245,0.019562518831129916
-0.5730862254287972,-0.5654853481040378,0.007600877324759336
0.7097559799365308,0.7011578702035198,0.008598109733011006
0.8736720061543692,0.8622825471732436,0.011389458981125644
-0.1914670645964154,-0.17972534472137613,0.011741719875039275
0.5691994922969844,0.5628020464077184,0.006397445889266051
-0.6432919298329345,-0.6340468937226246,0.009245036110309912
0.6685313771873158,0.660689767808079,0.007841609379236836
-0.44722500724520714,-0.4323946502725323,0.014830356972674819
-0.07483457317865026,-0.08478106316426666,0.009946489985616397
-0.9006389105674187,-0.9012014575308135,0.00056254696339475
0.4161474886110734,0.41503462569294675,0.001112862918126678
-0.8885478546480978,-0.8832447914684655,0.005303063179632361
-0.05356462422521392,-0.0628091603630826,0.009244536137868672
-0.8707418602530074,-0.8649401419056476,0.005801718347359763
-0.8967388076653078,-0.8792372807200572,0.017501526945250534
-0.8674181848324912,-0.8571073913613029,0.010310793471188351
0.12410197844588197,0.1294588151650803,0.005356836719198316
0.1581016643843062,0.13977669644058838,0.018324967943717824
-0.9428168371852067,-0.9293309385665313,0.01348589861867544
-0.9762445850275424,-0.9690406269252767,0.007203958102265706
0.9597277771363093,0.9511607571711981,0.008567019965111222
0.9050782916570981,0.8912639675325085,0.013814324124589605
0.1711887435827235,0.15950721036825832,0.01168153321446519
-0.07145625905643153,-0.07855931190005375,0.007103052843622212
0.1882198439956344,0.21069648371902797,0.02247663972339356
-0.3932053255788616,-0.37093733369491994,0.022267991883941685
0.1857955757457019,0.18212867597963273,0.0036668997660691816
-0.7826035600275225,-0.7686203526194338,0.013983207408088671
0.8944249555857523,0.8886246734644736,0.005800282121278699
-0.9355261026676853,-0.9185498945007868,0.016976208166898488
-0.17079028025930662,-0.18323577521265574,0.012445494953349123
0.719400023102938,0.7024807613036115,0.016919261799326568
-0.1910233861278779,-0.1907274417707692,0.00029594435710869615
-0.6687452020810125,-0.6420286960837339,0.026716505997278595
-0.9454794760772703,-0.9339836578741019,0.011495818203168473
-0.17179882701151122,-0.17068130997153833,0.0011175170399728984
-0.9708058687395967,-0.9585915615871715,0.012214307152425219
0.3569581339675523,0.34908881909297873,0.007869314874573596
0.8710036278361525,0.8509428483051823,0.020060779530970185
0.5360280821231724,0.5200060155552639,0.0160220665679085
-0.2602196642486589,-0.26448430846159826,0.0042646442129393725
0.9125002528211563,0.8988704449612862,0.013629807859870113
0.6995016302485443,0.6714445173978859,0.028057112850658372
-0.24602618190516035,-0.2520297997745212,0.006003617869360878
-0.43823426696426,-0.42238580268136466,0.015848464282895325
0.13105901956085875,0.11622254445504875,0.014836475105810001
0.738627708939736,0.728048680242722,0.010579028697013992
-0.9653487255036473,-0.9532661687186924,0.012082556784954845
-0.7709507525961322,-0.75446299769307,0.0164877549030622
0.8808214925530381,0.874650161838548,0.006171330714490053
-0.7931430691051615,-0.7765856312926713,0.016557437812490194
-0.48560316747639304,-0.4780000480855114,0.007603119390881652
-0.9089197878695363,-0.9016013645914778,0.007318423278058539
0.6264951547543451,0.6088058252754414,0.01768932947890378
0.8208505706160384,0.8055382870896137,0.015312283526424664
0.9260998243506656,0.9183307495415639,0.007769074809101717
-0.9607097695432648,-0.9443922828341895,0.01631748670907529
0.7500623140880801,0.7125888192528855,0.037473494835194576
-0.8356890062858486,-0.80539966127163,0.03028934501421865
-0.3729295233077921,-0.38128031354176345,0.008350790233971339
-0.2883131958515262,-0.284890794034022,0.003422401817504195
-0.1047054245287158,-0.1254821855399689,0.0207767610112531
0.285137821010193,0.28729213536357545,0.002154314353382425
-0.04361374561054068,-0.03771547525807438,0.005898270352466303
0.3296111356499138,0.32864286066726733,0.0009682749826464554
-0.8991704982671238,-0.8867610630246441,0.012409435242479727
0.6205420737836447,0.5997722609541193,0.02076981282952539
0.954986636778144,0.9439947340297844,0.010991902748359594
0.8414718245593689,0.827934785668295,0.013537038891073827
0.12811624909228392,0.12120493072704039,0.0069113183652435295
-0.5811497923245598,-0.5438754689821348,0.037274323342424975
0.4835430458907709,0.489626278989363,0.0060832330985921
0.0029403800587657213,0.003760246445382746,0.0008198663866170247
0.8289185503113354,0.8216050391414014,0.007313511169934062
-0.9113106566997025,-0.8980510571669934,0.013259599532709054
-0.6542271613846158,-0.6436621550456286,0.01056500633898716
-0.44050457345680855,-0.4523299638041971,0.011825390347388554
-0.7397628679642445,-0.7308886215482622,0.008874246415982334
0.059648132186834624,0.033327402391918504,0.02632072979491612
0.27556790997349206,0.265114598034435,0.010453311939057075
-0.40313072078723977,-0.4071941875543092,0.0040634667670694236
0.3152078315948164,0.31478676301554437,0.00042106857927204366
0.664251230369689,0.659251434317117,0.004999796052572059
0.401593841425177,0.3845497217180041,0.0170441197071729
-0.1950688074688671,-0.21143223256982563,0.016363425100958534
0.9230744745189293,0.9077494456687829,0.015325028850146416
0.905872721971785,0.8981553096201295,0.007717412351655573
-0.4582196809716131,-0.4553006146732069,0.002919066298406159
0.13142836720243964,0.13422667345642875,0.002798306253989108
0.7725599385938802,0.7423102811241782,0.030249657469701985
0.3812064268030984,0.3885249633702319,0.007318536567133493
-0.9191401303722475,-0.9069772534197257,0.012162876952521828
-0.9441535646352401,-0.9266372615803824,0.01751630305485774
0.5311336946596593,0.5155571804741608,0.015576514185498547
0.9662671069530847,0.9560460296406609,0.010221077312423832
0.6077425350951565,0.5886609464068543,0.01908158868830223
-0.7559223772983099,-0.7467101343950254,0.009212242903284484
0.7499902644164814,0.7407132220611674,0.009277042355314014
-0.7755974602914135,-0.7578276041918955,0.017769856099517978
0.7706844398110458,0.7708120974183804,0.00012765760733457476
0.9312917792852042,0.91138411652564,0.019907662759564237
-0.464332168902221,-0.4506421337470148,0.013690035155206226
0.9420064872402526,0.9374021339267694,0.004604353313483189
0.273219303512553,0.27270513822041254,0.0005141652921404893
0.5483039836453899,0.5353626492458594,0.01294133439953049
0.03525824554846539,0.02509834040757483,0.010159905140890563
-0.7675242408550551,-0.7554010182414463,0.012123222613608764
0.04626381044520527,0.03466327683507005,0.011600533610135223
-0.2275012381642476,-0.22963973568470866,0.0021384975204610523
-0.8925410212059793,-0.8858198042058136,0.006721217000165702
0.17812052727665076,0.17841589444411063,0.00029536716745987013
0.4045374650593552,0.3984421005323819,0.00609536452697329
-0.6104353822528567,-0.6129762899110518,0.002540907658195146
0.6453970659885804,0.6304696680876669,0.014927397900913464
0.9159479371337881,0.9080032057094818,0.007944731424306295
-0.7956922523896434,-0.784069233010761,0.011623019378882327
0.8976367607693612,0.8754154339110489,0.02222132685831224
0.8242565904118732,0.8154589299724716,0.008797660439401556
-0.8056539643897069,-0.7900592930110295,0.015594671378677427
0.81699208902013,0.817196203464193,0.00020411444406298607
0.8019061158131456,0.782972817492572,0.018933298320573666
-0.9299467468488208,-0.9213955129710065,0.008551233877814313
-0.7792550806111891,-0.7646985108658453,0.014556569745343806
-0.9280747375295624,-0.9128314673278631,0.015243270201699244
0.039668634252585475,0.029428458781394013,0.010240175471191462
0.7889982256111712,0.7798397859245231,0.00915843968664809
0.2358657485500285,0.24577420517316503,0.009908456623136525
-0.35729974626253,-0.36577815353183696,0.008478407269306931
0.020666085377754637,0.008832358240388409,0.011833727137366228
-0.49581167826655176,-0.4796669003282958,0.016144777938255972
-0.6101521237402381,-0.6102602245608062,0.00010810082056811332
-0.34715997330810544,-0.3335986462180769,0.013561327090028552
-0.5662942851018318,-0.5586643336423618,0.007629951459469986
-0.037993173019919516,-0.02914765793200686,0.008845515087912655
-0.2546422212082626,-0.2539819854011778,0.0006602358070847969
0.6152897763640619,0.6182628935017817,0.0029731171377197496
0.4687568814578859,0.4492233069205034,0.019533574537382525
-0.03552976068555371,-0.03304373558347697,0.0024860251020767388
0.027730020893714215,0.03515816739960415,0.007428146505889938
0.48144517645905394,0.47746432327704413,0.0039808531820098025
0.48917986555700904,0.4853129565674942,0.003866908989514861
-0.2353650824221155,-0.24335752360565038,0.00799244118353487
0.6748989408562975,0.6731285315975255,0.0017704092587720321
-0.9314329514081213,-0.9181763443398401,0.013256607068281245
-0.8205342122896011,-0.8106079665647218,0.009926245724879323
0.34628808957651325,0.34865241620060106,0.002364326624087809
0.7028376926733779,0.6427969450965093,0.060040747576868614
0.1672416452142448,0.17493054858090798,0.007688903366663169
0.36082757477631167,0.3696665149457955,0.008838940169483833
0.30276957706698154,0.2956189872923863,0.007150589774595262
0.9447987238372978,0.9355686700729066,0.009230053764391233
-0.778066180098153,-0.7672858778290849,0.01078030226906812
-0.8059009221835822,-0.7980386712603282,0.007862250923253988
-0.7009556829997813,-0.6928100060213208,0.00814567697846047
-0.5989965478980704,-0.6126638538559254,0.013667305957854925
-0.849400432559395,-0.8457652455210373,0.0036351870383577456
-0.9185905002067939,-0.8998751852152579,0.018715314991536003
-0.5966369399298005,-0.5954058269767567,0.0012311129530437892
0.6805715803655429,0.6805890450990472,1.7464733504279906e-05
0.18948021674788537,0.18514965773860748,0.004330559009277896
0.9355283027654705,0.9227052464023296,0.01282305636314085
-0.7833557422747436,-0.779445619430994,0.003910122843749586
0.05186235441774396,0.039422440592240045,0.012439913825503912
-0.7046496664759333,-0.7043330161172426,0.00031665035869066216
-0.3485857542566951,-0.3422172831372182,0.0063684711194768595
-0.9264346593387485,-0.9109009368760728,0.015533722462675703
-0.6783300668690365,-0.6820376848582559,0.0037076179892193695
-0.44089067633694196,-0.42398255595887013,0.016908120378071823
0.6078445940529683,0.6095079898502691,0.001663395797300793
-0.443717135602624,-0.4403894571273682,0.0033276784752557798
-0.44254777842168647,-0.43791863315947677,0.0046291452622097
0.7740502643290991,0.7731437707430163,0.0009064935860827461
-0.9090515098692941,-0.8933214423043064,0.015730067564987626
0.8303831069347903,0.8211527460798768,0.009230360854913577
0.8481660671266461,0.8351526537946825,0.013013413331963597
-0.8682498978846312,-0.8616040519785261,0.0066458459061051744
0.2516489783148278,0.23567746714592375,0.01597151116890405
-0.5502006444427701,-0.5477977345127283,0.0024029099300417744
0.9178033182309611,0.9059754893186579,0.011827828912303162
-0.0002818696450053673,-0.011724275940299875,0.011442406295294508
-0.943946614354896,-0.9288750171046023,0.015071597250293722
-0.5363807060207817,-0.5196310273701172,0.016749678650664457
-0.6957723788302456,-0.6933480542068247,0.0024243246234209037
-0.12410575346961543,-0.11613712323742573,0.007968630232189702
-0.7507626607101462,-0.7420598969519475,0.008702763758198673
-0.844233918626843,-0.8398732198002223,0.0043606988266207125
-0.7773193498745089,-0.7675605818712122,0.00975876800329667
0.34856993722838553,0.3466530147497163,0.001916922478669203
-0.72771997699884,-0.7077201650030037,0.019999811995836225
0.9309380158271741,0.9181273472662355,0.012810668560938598
-0.930627610692212,-0.911766100635543,0.01886151005666903
-0.22136629531740143,-0.21500510222357438,0.0063611930938270445
0.023366396270054192,-0.0033751514665698165,0.02674154773662401
0.2340228279990312,0.22197777174536837,0.01204505625366284
0.7046480153677211,0.6973201601055751,0.007327855262146077
0.8388109453816947,0.8364826602606008,0.0023282851210938427
0.1134030058947446,0.11482649549075868,0.0014234895960140853
-0.85784033647015,-0.847255682636201,0.01058465383394902
-0.043758899991399126,-0.053371172576507045,0.009612272585107919
-0.5972543602345927,-0.5997042591213837,0.0024498988867910354
-0.004256678068620856,-0.03351691274055306,0.029260234671932204
0.9295317080749347,0.9159392417367143,0.013592466338220421
0.9099478794819252,0.893642656494759,0.01630522298716619
0.7981865083801297,0.7947348071829563,0.003451701197173418
-0.9427153043102067,-0.9319402147981565,0.010775089512050195
-0.07835955178622665,-0.06866822818764587,0.009691323598580784
0.93214092264229,0.9164477487470616,0.015693173895228396
0.17282442113109736,0.1620026326739907,0.010821788457106657
-0.24469711901019747,-0.2377331226306923,0.006963996379505177
-0.5880997573083229,-0.5786566152336946,0.009443142074628263
-0.08103311608782163,-0.09118706752432054,0.010153951436498915
0.5011087852805218,0.49110054295957445,0.01000824232094738
-0.9343051125281874,-0.9170643936204365,0.017240718907750918
0.46288460368274165,0.4605067602216284,0.0023778434611132493
-0.35470142042326586,-0.34661127214526877,0.008090148277997089
-0.4793396247436035,-0.47427761432273646,0.005062010420867014
-0.050758051246315904,-0.04348850419372574,0.007269547052590163
0.11072699437032854,0.11777954942870963,0.007052555058381094
0.6900045551295878,0.6769195212066685,0.013085033922919265
0.23981783512970323,0.2169282141204289,0.02288962100927433
-0.513423815037234,-0.520376112540446,0.006952297503212024
-0.8195593232681113,-0.7998521032898543,0.019707219978256973
-0.28246567521673216,-0.2903332750536206,0.00786759983688845
-0.7479116731609085,-0.7334777721249441,0.014433901035964314
-0.8310292897770784,-0.8206725042264946,0.010356785550583725
-0.9299055582382124,-0.9073493462784145,0.022556211959797956
-0.39074602200494307,-0.38685164934371535,0.0038943726612277185
0.8169712649638203,0.80669369762767,0.010277567336150373
-0.6600403707260343,-0.6605097874734215,0.00046941674738720796
-0.5397375860892201,-0.5433692518724877,0.003631665783267679
0.7237367489510331,0.7064073271734299,0.017329421777603216
-0.9010183384215423,-0.8822027614230057,0.018815576998536643
0.8458698920388836,0.845996399852653,0.00012650781376932763
-0.7703044767285011,-0.7591725455799239,0.011131931148577245
0.3268911591950945,0.3203882887720579,0.0065028704230366
-0.9459212286710649,-0.9348964625442763,0.011024766126788599
-0.7415563718698268,-0.7324073315550399,0.009149040314786916
-0.8784682106697974,-0.8688150094820295,0.009653201187767912
-0.23633378645860087,-0.24335942030202823,0.007025633843427359
0.20231863701178746,0.1875707833413588,0.014747853670428662
-0.2250264230993489,-0.21851302737036285,0.006513395728986043
0.15613866255242034,0.16365328449976768,0.007514621947347339
0.6587958660010126,0.6598254220571139,0.0010295560561013328
-0.816042970467117,-0.8113319521683411,0.00471101829877596
-0.9264831829279973,-0.9150978847966672,0.011385298131330046
-0.13800847426476393,-0.13336480225555733,0.004643672009206595
-0.9358901141930794,-0.9190972262422996,0.016792887950779822
-0.8911663070246852,-0.8762812791207334,0.014885027903951853
-0.08686493481628348,-0.08716855961243841,0.000303624796154936
0.4167341261387674,0.40735251796625743,0.009381608172509992
0.33769214969276246,0.3376174210759921,7.47286167703809e-05
-0.6510741773600355,-0.6462474576128459,0.004826719747189623
-0.6674489527755035,-0.6486438047448281,0.018805148030675456
0.9542593321404329,0.9501380381387793,0.004121294001653619
-0.9270750118315148,-0.9114342932842853,0.015640718547229482
-0.9584461456821266,-0.9485830210085172,0.009863124673609391
-0.04653499511575995,-0.04674211060413178,0.00020711548837182986
0.47708145610358194,0.46271464064114026,0.014366815462441673
0.7186918024477663,0.7071800925357835,0.011511709911982804
0.3390589105419831,0.315690176562106,0.0233687339798771
0.4507917111444776,0.4520522143068329,0.0012605031623553198
-0.8067835195616606,-0.8046881094857292,0.002095410075931392
-0.09698582279034615,-0.08838296099609136,0.00860286179425479
-0.06097006226816786,-0.05717810989320679,0.0037919523749610703
-0.8503559962645364,-0.8346865710789713,0.015669425185565133
-0.1498997533408589,-0.14842808399845736,0.0014716693424015326
-0.41327161023452214,-0.39813986855605915,0.015131741678462984
0.08732928356030362,0.10847893465531844,0.02114965109501482
-0.4189638834332384,-0.40720220843616617,0.011761674997072258
0.914021596160033,0.9036053145553741,0.010416281604658906
-0.3193376619667241,-0.3109430979406806,0.008394564026043494
-0.3920220783969335,-0.3984838538540432,0.006461775457109742
-0.7424901664241463,-0.730700592599804,0.011789573824342314
0.13803835731808942,0.14978908589010173,0.011750728572012314
-0.8433773602988783,-0.8398912248079468,0.0034861354909315745
-0.5795920885483036,-0.5397529357929085,0.03983915275539507
-0.9247879324443421,-0.908332019901156,0.016455912543186124
-0.7932011763655362,-0.7811603883216802,0.012040788043855999
-0.20691210385397,-0.20659223948139227,0.0003198643725777217
-0.6909023329904932,-0.6739748501471119,0.016927482843381303
-0.48108956577671724,-0.4839580296110596,0.0028684638343423607
-0.7643705647387451,-0.7467943818907292,0.017576182848015875
-0.6047877536112791,-0.5957621654100362,0.009025588201242885
-0.9135896351049266,-0.8963865177308256,0.017203117374101073
-0.9194726337932908,-0.9042648749274508,0.015207758865840026
-0.5496041884346398,-0.5420740597206465,0.007530128713993278
-0.35424470941028424,-0.3583966646442261,0.004151955233941851
-0.9633788827001382,-0.9565233856515992,0.006855497048538939
0.6285860185412816,0.6122019898392393,0.016384028702042253
0.20283511247077685,0.1930227623365868,0.009812350134190045
0.678019908502412,0.6678302863787591,0.01018962212365293
0.38922450206552867,0.3743844762981618,0.014840025767366871
-0.5060068181304574,-0.48505324949466044,0.020953568635797004
-0.893757861960316,-0.8803970853429104,0.013360776617405645
-0.612069157071769,-0.597456361781637,0.014612795290132041
0.4652516244903235,0.4685917195399651,0.0033400950496416115
-0.6085135074957941,-0.6119923806303065,0.003478873134512339
0.5889859095157232,0.5723255609537982,0.016660348561924998
0.3231437705423452,0.31212951693954794,0.011014253602797286
-0.8458487173400527,-0.8348436339699111,0.01100508337014161
-0.6469939017697972,-0.6474685462339419,0.0004746444641446912
0.47506241013877726,0.4707648000433616,0.004297610095415683
0.3355377854626297,0.3342630506208731,0.0012747348417566084
-0.7376716066511497,-0.7270684995908233,0.010603107060326411
-0.08485880608113144,-0.07939902068351079,0.005459785397620653
0.7622376617870957,0.753910356987214,0.008327304799881752
-0.7535861807396385,-0.7408281041659592,0.012758076573679222
0.16401350421461292,0.16455601804495162,0.0005425138303387089
-0.1370482458502309,-0.13662522591042628,0.0004230199398046197
0.05634704536822084,0.053569609155861606,0.0027774362123592355
0.012661139760144264,-0.010682568976608546,0.02334370873675281
0.9187932790115996,0.9008282692289873,0.017965009782612285
-0.3395980338177155,-0.33793397880078185,0.0016640550169336188
0.7559965828546759,0.7339267163451628,0.022069866509513036
0.6338244131488449,0.6157505982660529,0.018073814882791917
-0.5397376392612127,-0.5329795168534064,0.006758122407806266
-0.6007565522118922,-0.5920399847664202,0.008716567445472001
0.4387191806438073,0.4554515300196937,0.016732349375886357
0.9353845811464107,0.9245567084745177,0.010827872671893002
0.7570426781051166,0.7427779756856138,0.01426470241950284
0.4750341574374997,0.45592672820968794,0.01910742922781178
-0.8998229072456064,-0.889383080673936,0.010439826571670419
0.6441986516000902,0.6349827346585746,0.009215916941515578
-0.384236512613654,-0.37697961702312477,0.007256895590529222
-0.8651422336560318,-0.8505501496252909,0.01459208403074097
0.4362338288638599,0.4416453391757791,0.005411510311919165
0.46425235094570105,0.46010079618695826,0.0041515547587427926
-0.6287776607995373,-0.6284874157892706,0.0002902450102667542
-0.01594161891369945,-0.0056234098629170965,0.010318209050782354
0.22721121125368915,0.23821457978144592,0.011003368527756768
0.8112247756956391,0.8006885262893201,0.010536249406319032
0.8651311496465054,0.8570528087792546,0.008078340867250788
0.3950579027158252,0.3954527688303497,0.0003948661145244947
0.41895416034696015,0.4095403967723098,0.009413763574650347
-0.6379358330570921,-0.6312674527625792,0.006668380294512888
0.8218532839519513,0.8028772319383947,0.018976052013556677
-0.22854373632041589,-0.23667655743194516,0.00813282111152927
0.773743762236351,0.7643181673330958,0.00942559490325523
-0.8998358420468539,-0.8877735917870289,0.012062250259824991
-0.4453823888201391,-0.4551556695898853,0.009773280769746207
0.557921218225542,0.5544501985760991,0.0034710196494428525
0.8408146228513921,0.8317661484545306,0.009048474396861517
-0.2940867117452178,-0.3009605608267158,0.006873849081498018
-0.4859423831002254,-0.48674676681601825,0.0008043837157928335
0.9180815452162367,0.8986767078102438,0.01940483740599297
-0.12952961239627667,-0.13715831115542979,0.007628698759153119
0.09388340154808557,0.08221576477558898,0.01166763677249659
0.8018971718287499,0.7813975184842674,0.02049965334448245
0.10311781554097381,0.10557132181501729,0.0024535062740434765
-0.8960455004685317,-0.8910043246499948,0.005041175818536914
0.9386254970262671,0.9305462926857676,0.008079204340499468
-0.2712225527695943,-0.2783128464874903,0.00709029371789599
0.31500904903435073,0.30648647845788735,0.008522570576463384
0.2656999341569913,0.25879542929602467,0.006904504860966609
0.41622015794663364,0.40985202447945346,0.0063681334671801815
0.6931722634805315,0.668294678234344,0.02487758524618755
0.41702663559936676,0.42192819785503227,0.004901562255665515
-0.9372164012651705,-0.9191732540256348,0.018043147239535706
-0.17679607890559992,-0.16487104412926487,0.011925034776335053
0.31180106385886297,0.29613132542674614,0.01566973843211683
-0.17132014251377317,-0.1498317260698384,0.02148841644393476
0.6154051832081202,0.5976095979795215,0.017795585228598698
-0.7916990876601052,-0.7765195165982391,0.01517957106186607
0.9021534270796512,0.8877617176271312,0.014391709452519996
0.9102437072207991,0.895578260537346,0.014665446683453043
0.7502452527542304,0.7244359163893163,0.025809336364914115
0.31215839227470255,0.3187344595428633,0.006576067268160735
0.9415887216574672,0.924806990578391,0.016781731079076212
0.659933810673953,0.6512525352898203,0.008681275384132658
-0.865151650414506,-0.850700329587195,0.014451320827311043
0.03342083009776525,0.04080771139036115,0.007386881292595897
-0.42007290251828955,-0.41071482294906636,0.009358079569223188
-0.7706206734276775,-0.7696589130022089,0.000961760425468583
0.9323805592097688,0.9152982727042107,0.017082286505558097
0.07450521323712246,0.05342866611946227,0.021076547117660188
-0.702780744396919,-0.7058018047577405,0.0030210603608215036
0.9422549348392516,0.9251878288722254,0.017067105967026208
-0.6685796115118651,-0.6557949302758722,0.012784681235992856
0.7669595006416672,0.7677306618091636,0.0007711611674964258
0.6929039013725679,0.6888194431528992,0.00408445821966863
0.28350710487641784,0.28471828359356327,0.0012111787171454336
0.3289818752435028,0.3319772575884802,0.002995382344977371
-0.48994400413566663,-0.4823463549173828,0.0075976492182838196
-0.6908542238370469,-0.6713372460624415,0.01951697777460537
-0.6176181181714621,-0.603618729247705,0.013999388923757072
-0.22524292292876194,-0.22651979324608446,0.0012768703173225149
-0.07997477981249794,-0.07141474144554816,0.008560038366949782
0.4125984476231633,0.41166448929545674,0.0009339583277065411
0.9425194814456481,0.92896511453847,0.01355436690717815
-0.03840742548776124,-0.0348062051758606,0.0036012203119006464
0.18017902673654076,0.1699405282843925,0.010238498452148276
0.14849738002407487,0.1387478195116777,0.00974956051239717
-0.7992608021146171,-0.7875356606475061,0.011725141467111011
0.46133556019849936,0.4587844275069235,0.0025511326915758636
-0.9120015798147642,-0.8982081376221482,0.013793442192615912
0.9366176241622537,0.9258704204264582,0.010747203735795519
0.360277106546169,0.3461265891423829,0.01415051740378609
-0.26632717670158473,-0.25560695099694525,0.010720225704639486
0.10473594332702166,0.11169370482217139,0.0069577614951497335
0.6441556784116966,0.6378216615910283,0.0063340168206683645
-0.9822806882139006,-0.9726257219926776,0.009654966221222971
-0.18462250711179398,-0.18466296521398637,4.045810219238666e-05
-0.3268954337395237,-0.31676398414621904,0.010131449593304642
0.8955941544871787,0.8819540223208089,0.013640132166369834
0.9242516689121981,0.908287889628867,0.015963779283331148
0.5935801599607011,0.589325104245695,0.004255055715006173
0.6882896918634834,0.6700074200460131,0.01828227181747033
0.8275426658716993,0.816880547149285,0.010662118722414293
0.5174915517680594,0.519128553361384,0.001637001593324583
-0.8393124967754624,-0.8299301146433952,0.009382382132067213
0.07651096112003393,0.06268265416753556,0.01382830695249837
-0.12080171926004227,-0.11464689691762942,0.006154822342412852
-0.5242725521071491,-0.5292284160619937,0.004955863954844597
0.6504639868030839,0.6460659959851376,0.00439799081794634
0.9336089998071563,0.9211514809203645,0.012457518886791807
0.10388244279011528,0.09593104286313058,0.007951399926984709
0.6824694279796159,0.6770140572699914,0.00545537070962443
0.5731048012286423,0.560246532553771,0.012858268674871276
-0.41883506810646953,-0.42489212913632846,0.006057061029858923
-0.858725367865533,-0.8510126885276305,0.007712679337902539
0.9000848958745926,0.8851919979743088,0.014892897900283808
-0.7615705325338799,-0.7477574001643114,0.013813132369568493
0.8892958740410224,0.8813307774757857,0.007965096565236696
0.8859486959271551,0.8764022771791908,0.009546418747964247
-0.7228902584087038,-0.7194062743957803,0.003483984012923491
0.8624358505093721,0.8447651326242552,0.01767071788511687
0.826666255457588,0.8134893520955682,0.01317690336201982
0.2943210852110045,0.27663040209096934,0.017690683120035133
0.4448939211459861,0.45065575840849076,0.0057618372625046765
0.6859696590231396,0.6827279100186583,0.0032417490044812647
-0.8269309914725937,-0.8095315783628153,0.01739941310977844
-0.6495798340511132,-0.6398022360311076,0.009777598020005551
0.4282641959571793,0.4193422576885972,0.00892193826858212
0.9177292499254477,0.8994527450705514,0.01827650485489629
0.950283746424527,0.9429231873617829,0.007360559062744021
-0.8348208373093164,-0.8249062851443492,0.009914552164967283
-0.261265783013742,-0.25531238461577643,0.005953398397965548
-0.8663037358721394,-0.8471166718555884,0.019187064016551014
-0.6966763856845007,-0.6901472006708055,0.00652918501369526
-0.8923116439993942,-0.8812848725965474,0.011026771402846802
-0.905030978101405,-0.8963648455737319,0.00866613252767312
-0.18944313625423173,-0.19433000168650152,0.0048868654322697935
0.5843772582408195,0.5850596730918708,0.0006824148510512495
-0.8373677783604196,-0.823663582356072,0.01370419600434769
-0.7372182467195579,-0.7374425646052707,0.0002243178857127548
-0.9041005113876752,-0.8817261398835015,0.022374371504173762
0.7948744882471466,0.7762241953908968,0.01865029285624975
0.4283756822053889,0.39227142466115444,0.036104257544234464
0.8894471970703794,0.8682579209132603,0.021189276157119186
0.9473910329006718,0.9374110072120381,0.009980025688633765
-0.17734949404121844,-0.18127412903590126,0.0039246349946828185
-0.7347081996793974,-0.7329981850154595,0.001710014663937831
0.9081678372494892,0.8975199002603518,0.010647936989137463
0.7837023970738667,0.7839077502600984,0.00020535318623171595
-0.9603998679221268,-0.9584225368631836,0.0019773310589432658
-0.9714233834318129,-0.9597879438216141,0.01163543961019875
0.5408202223010432,0.5420602861401155,0.0012400638390722696
0.8945621484076776,0.8823953850759951,0.012166763331682429
0.2602725654092622,0.2672200987101127,0.006947533300850517
0.9727430260460986,0.9549244506186886,0.017818575427410055
0.18866772721585312,0.19315126989145004,0.004483542675596919
-0.041094062456840566,-0.025820189936631634,0.015273872520208932
0.03338383202826302,0.021383964977934104,0.011999867050328916
0.6770755707659687,0.6767369521198947,0.00033861864607398484
0.5364849204579007,0.5280245966307039,0.008460323827196858
-0.914475339932598,-0.8910464761356284,0.023428863796969623
0.9030095622279861,0.8861275905563625,0.01688197167162364
-0.36331696537114344,-0.35399280709921555,0.009324158271927896
-0.4469697470868164,-0.43970868733812696,0.007261059748689458
0.3737075360619605,0.3784361323993225,0.004728596337362001
-0.04357501042126248,-0.040118851564089446,0.0034561588571730348
0.046376238630502595,0.055399889554824534,0.00902365092432194
0.4040099034151232,0.41055712014561935,0.00654721673049613
0.011994044010002187,0.02182284572866327,0.009828801718661082
-0.7680724181529844,-0.7511961396694175,0.016876278483566987
0.6565781526712953,0.6446555320292837,0.01192262064201155
-0.6992264365864785,-0.6999831277703004,0.0007566911838218227
-0.9171451162827158,-0.9034144319233574,0.013730684359358425
-0.8791466231921703,-0.8701091823387722,0.009037440853398082
-0.058250554910237916,-0.05171114104081547,0.006539413869422445
0.8141078157741208,0.8053978807086245,0.008709935065496333
0.07019914993490511,0.08166199933073966,0.011462849395834543
-0.8703653137542197,-0.8591874609546283,0.011177852799591381
-0.514689772329602,-0.5178601485208004,0.0031703761911984207
0.12023193631604295,0.1249601313169014,0.004728195000858443
-0.7125572600190769,-0.7122395676646119,0.00031769235446499344
0.889019174472415,0.8785944410794132,0.010424733393001762
0.7739167902032423,0.7775698184720692,0.0036530282688268523
-0.8763741399929521,-0.8653280207289095,0.011046119264042642
-0.9367584932457413,-0.9301703636463023,0.0065881295994389966
0.8380801493587068,0.8267653611479656,0.011314788210741167
-0.130757947968409,-0.12442527849941404,0.006332669468994967
0.19208456472269056,0.1959453324175292,0.003860767694838646
-0.6607704899919183,-0.6453827543275034,0.015387735664414981
-0.6573638226847218,-0.6404554608991647,0.016908361785557102
-0.8786337904259819,-0.8674813917721054,0.011152398653876516
-0.865206577807441,-0.8524944797923302,0.012712098015110862
-0.7343491331347417,-0.7249653790102618,0.009383754124479893
0.8476628543871098,0.828898412670742,0.018764441716367708
-0.544853790489359,-0.5461843726864332,0.0013305821970741594
0.6302208997298598,0.6288795548043256,0.0013413449255342824
-0.7281092778898405,-0.7184117427705554,0.009697535119285061
-0.9253278018873691,-0.9099324637667757,0.01539533812059335
-0.6803512513163349,-0.6795602953052894,0.0007909560110455072
-0.04848296364121596,-0.03830953464478989,0.010173428996426072
0.08778771348190294,0.08529144709874746,0.0024962663831554766
0.9323912175228652,0.9235636677394143,0.008827549783450905
-0.7799044057232292,-0.7697999880719599,0.010104417651269237
0.7914096966992977,0.775651708194616,0.015757988504681686
0.9757806570482332,0.9624794333879365,0.013301223660296735
-0.15636813513236056,-0.16017953215312614,0.003811397020765578
-0.595043211073443,-0.5992143699860362,0.00417115891259312
0.36014550016199254,0.3446336336075723,0.015511866554420217
0.5719217609290995,0.5523762825189164,0.01954547841018317
0.17276275403541796,0.17528412268417912,0.002521368648761152
-0.8892965520802307,-0.8744393996201076,0.014857152460123091
-0.9616935427231856,-0.948753730245798,0.012939812477387624
0.8476285543424668,0.8440085266715218,0.0036200276709449364
0.9250839463437165,0.9164686161088808,0.008615330234835739
0.7843755042116958,0.772474868212122,0.011900635999573805
-0.14558039736740427,-0.13241232310251072,0.013168074264893553
0.8103337364254921,0.8050609406040787,0.0052727958214133785
0.1074239647236017,0.11536388369990551,0.007939918976303806
-0.756582724006934,-0.7546949505496455,0.0018877734572885219
-0.79389162812398,-0.789518123362273,0.004373504761706948
0.3502750279505508,0.32851490573920006,0.021760122211350763
0.5696041937624937,0.5577148049502472,0.011889388812246549
-0.7963213878349736,-0.7943540788636887,0.0019673089712849423
-0.9406646769364229,-0.9231632383701636,0.017501438566259298
-0.32996783149015774,-0.3400716688697931,0.010103837379635383
0.11069590425761339,0.11320403535101978,0.0025081310934063905
-0.8841876620752834,-0.8799299973146504,0.004257664760633051
0.7055672116918137,0.6959271723746552,0.00964003931715851
0.889655385679788,0.883942067903163,0.005713317776624982
-0.937868947384385,-0.9302454977988364,0.007623449585548614
-0.7078390860298076,-0.7005087610813927,0.007330324948414901
0.2494237483430716,0.2541431496055373,0.0047194012624657
-0.49666057220691373,-0.4931676717753441,0.0034929004315696344
0.9557362253725071,0.9419182312131775,0.013817994159329605
0.5861907729004037,0.5824036264131609,0.003787146487242765
-0.692954188440797,-0.6756768908147819,0.017277297626015153
0.35878494986344844,0.3665859865153176,0.007801036651869153
0.8878640888690617,0.8717756293061675,0.016088459562894175
0.9229328806931599,0.9062822101630705,0.016650670530089395
0.04714234905920235,0.05675389826770128,0.00961154920849893
0.94376613265265,0.9375946024316453,0.006171530221004695
0.9366821890936722,0.917930007047721,0.018752182045951193
0.535434082998518,0.5413155399321689,0.0058814569336508304
-0.39123463670747427,-0.3954778969234715,0.0042432602159972466
-0.07023964176508737,-0.07560891860584745,0.005369276840760079
0.2812987357052476,0.2989639070236018,0.01766517131835421
0.33951345692418633,0.3457376515722602,0.0062241946480738886
0.11909898751559068,0.13062345448643495,0.011524466970844263
-0.8394643278507143,-0.8351165090760537,0.004347818774660617
-0.7506926246951325,-0.7345618983826939,0.016130726312438615
-0.8844426253631802,-0.8676300939018724,0.01681253146130779
-0.888119335588403,-0.8773556764443546,0.01076365914404831
-0.17423380108109396,-0.16191191204412037,0.012321889036973593
0.09384990399303943,0.10003177520120538,0.006181871208165948
0.39624509691314475,0.3936513437381507,0.0025937531749940512
0.8303902038180748,0.816446334770747,0.013943869047327806
0.8947896345400156,0.8819000047609753,0.01288962977904029
-0.43202795255773235,-0.43471823788717096,0.002690285329438602
0.021206981262394637,0.03890335614707086,0.017696374884676225
-0.8631924676516706,-0.8449589894278601,0.018233478223810495
0.48164338791161865,0.4769376517948952,0.004705736116723425
0.9392161725062658,0.925812073529243,0.013404098977022771
-0.09811686093363438,-0.09316754779439418,0.0049493131392401996
-0.9351806994838738,-0.9203364674589041,0.014844232024969761
-0.8474924037429767,-0.8431508805867098,0.004341523156266902
-0.5859280222976889,-0.5752636107759573,0.010664411521731587
0.8068515074275983,0.7955029565028215,0.011348550924776712
-0.9415113443687578,-0.9281761145464135,0.013335229822344363
-0.735067246732145,-0.7328320227698955,0.0022352239622495107
-0.9195127636078195,-0.9125787374506048,0.006934026157214723
0.5063828562185775,0.5133236853922396,0.006940829173662122
0.7987808314019342,0.7795253290822883,0.0192555023196459
0.6432919172651632,0.6300501701234672,0.013241747141696014
-0.47912111590910644,-0.47430844593065397,0.004812669978452477
0.050438273732659376,0.05928946054456227,0.008851186811902896
0.20176384776034498,0.197868921798221,0.003894925962123985
-0.4318812008193014,-0.4277242068676827,0.004156993951618726
-0.8616599349085718,-0.8480080930233439,0.013651841885227944
0.12175597537309563,0.1106878258753465,0.011068149497749133
-0.6922522007051776,-0.6753991546565915,0.016853046048586062
0.49656333493985655,0.4976110826836372,0.001047747743780636
0.8810061377417043,0.8683767154879954,0.012629422253708888
-0.6386239229573883,-0.6222885836999696,0.016335339257418702
-0.08229803516441302,-0.07938883426162278,0.002909200902790232
-0.5944401908912472,-0.5967255202121915,0.0022853293209442738
0.013867307721979158,-0.0012256161677545866,0.015092923889733744
0.6185973734845163,0.5975118315265203,0.021085541957995946
0.46005069567354995,0.428706395692369,0.031344299981180934
0.43740507363863523,0.42968374770760026,0.0077213259310349724
-0.25117540549998413,-0.24019583309042203,0.0109795724095621
-0.4858198941190178,-0.4797509909855011,0.006068903133516712
-0.7643408192351909,-0.7554126591499327,0.008928160085258208
-0.22352565491650167,-0.2161783165576914,0.007347338358810268
0.8326842799605904,0.822019659920599,0.010664620039991357
-0.8889346935105805,-0.8836406709240255,0.005294022586554981
-0.7487070435018587,-0.7352104447959904,0.013496598705868279
-0.6724801611736811,-0.6748051803101001,0.0023250191364189154
0.700178388268866,0.6954608956266621,0.004717492642203891
0.3175629820706443,0.32301286516942673,0.005449883098782415
0.846273850741014,0.8398211945148137,0.006452656226200282
0.1548822204411881,0.1643304439415248,0.009448223500336694
-0.8991892008367496,-0.8861845884209292,0.013004612415820405
-0.372338217627,-0.381806592725264,0.009468375098264037
0.2871689285705703,0.2736977013572114,0.013471227213358916
0.024815420899088725,0.035258834528668945,0.01044341362958022
-0.9424755017235474,-0.9350746757872614,0.007400825936285993
0.9141538049202501,0.9050470567735842,0.0091067481466659
-0.9280748616838506,-0.9192922077518412,0.008782653932009388
-0.23078914177655538,-0.2253548071008891,0.005434334675666286
-0.9129394101329247,-0.9051074804443366,0.007831929688588035
0.8720034631903547,0.8621204182138246,0.009883044976530142
-0.6280285839600565,-0.6103646470501279,0.017663936909928513
0.6151483298778506,0.6061531882364124,0.00899514164143822
-0.9406750342970166,-0.9312670376022036,0.009407996694812959
0.15712083369723873,0.162471959925091,0.005351126227852276
-0.5727715648309338,-0.5803038094557671,0.007532244624833262
-0.9053010890206356,-0.8903956121845392,0.014905476836096332
0.41912114987638244,0.43476747447534675,0.015646324598964312
0.833824334686658,0.8228349434073029,0.010989391279355054
-0.24382072688783218,-0.23307550579674904,0.01074522109108314
-0.938429660232983,-0.9306405575300308,0.007789102702952189
0.248004639193236,0.2502959615702691,0.0022913223770331115
0.1821504443634405,0.1421207123426655,0.040029732020775005
0.9410257708977452,0.9321472401528639,0.008878530744881319
0.5955663813365627,0.5906301019104458,0.004936279426116852
0.5650036208668826,0.5474953734722684,0.017508247394614207
0.6255695714131951,0.6078484740808938,0.017721097332301317
0.7233792620731384,0.7280950303497076,0.0047157682765691655
0.6459238014914305,0.6278591048797884,0.018064696611642117
-0.5480612297015863,-0.5310594625418285,0.017001767159757875
-0.029313004812334304,-0.011536953351160976,0.01777605146117333
-0.4739888743032747,-0.485227974612552,0.011239100309277328
0.1596446857112945,0.1688828014893323,0.009238115778037792
-0.9066546774763633,-0.8884456992524042,0.01820897822395906
-0.12250023871541749,-0.13223065385381064,0.00973041513839315
-0.3182586800754095,-0.3030844547005492,0.015174225374860295
-0.3275218647756502,-0.3122656839539404,0.01525618082170982
-0.03379150114301658,-0.04405568324261757,0.01026418209960099
0.20853537266406832,0.215968327157683,0.0074329544936146685
-0.7582782728467584,-0.7468684608042205,0.011409812042537881
-0.8998357910808668,-0.8860654544865765,0.013770336594290278
0.9273897662637484,0.9179037862808335,0.009485979982914894
-0.918347888438966,-0.899086304558604,0.01926158388036192
-0.09152948912177546,-0.08824987341611493,0.0032796157056605296
0.8184700834252837,0.808370078801939,0.010100004623344705
0.09542420384823315,0.08581734803135617,0.00960685581687698
0.39096660611982276,0.38610590671278117,0.004860699407041591
-0.573794333200116,-0.5696061882550988,0.00418814494501718
-0.03525828168551006,-0.031317643187567946,0.003940638497942114
-0.9669307052301378,-0.9577943066282973,0.009136398601840456
-0.16177488133406415,-0.15300414714594746,0.008770734188116691
0.5115313706304263,0.5046831465137136,0.006848224116712709
0.23600936288339025,0.22972456150418427,0.006284801379205979
0.031458123499169405,0.018971818578141335,0.01248630492102807
0.5774304721658039,0.5615409945819981,0.015889477583805767
-0.12155797994563936,-0.1379372692029153,0.016379289257275942
0.9217993667988998,0.9069200181567816,0.014879348642118262
0.5744327985908262,0.5757452242292015,0.001312425638375303
-0.9364752338591912,-0.9209912324630666,0.015484001396124603
0.9067986190535912,0.8938177527406728,0.012980866312918393
0.2745551850170594,0.2345136017856879,0.0400415832313715
0.1842947561934637,0.17662700022004071,0.007667755973422979
-0.8475030563832248,-0.8394421161367878,0.008060940246436998
-0.603028307919199,-0.589611368479699,0.013416939439500064
-0.5791325547571131,-0.5630715254724389,0.016061029284674233
-0.6139843945093565,-0.6088770479191302,0.005107346590226269
0.692101917703723,0.658854654121898,0.03324726358182495
-0.06949674445359742,-0.07848807598419624,0.00899133153059882
-0.3397515314788291,-0.34298401813667306,0.0032324866578439804
0.7141312424618815,0.6961744792720626,0.01795676318981898
0.1916070071491503,0.17214677602362208,0.01946023112552822
-0.8731907831307336,-0.8688530685013749,0.004337714629358724
-0.04960909306022552,-0.04279174107721505,0.006817351983010471
-0.5612430014187405,-0.5435733615948857,0.017669639823854832
0.1867695314407575,0.17387763109893403,0.01289190034182347
0.931309788132054,0.9202662427847917,0.011043545347262262
-0.24242968305356488,-0.25113965685566597,0.00870997380210109
0.0051082224927400015,-0.014692556800546631,0.019800779293286632
-0.9112545968712534,-0.8935981223928011,0.01765647447845231
-0.642652874641579,-0.5982543683191763,0.04439850632240272
0.8206740754934677,0.8067384240388775,0.013935651454590192
0.41181722479928046,0.4125277760548401,0.0007105512555596327
0.8772987608899719,0.8685477983731162,0.008750962516855698
-0.7743740186967135,-0.7550233925088982,0.019350626187815356
-0.9718800563753173,-0.962069731704705,0.00981032467061227
0.8814507156710963,0.8650683473838217,0.016382368287274685
0.8275732862304074,0.8059846730365277,0.021588613193879724
0.9237445322105401,0.9079173549066087,0.01582717730393135
0.6643505837610755,0.6638546748693708,0.0004959088917046994
0.49189785725704605,0.47284298097254396,0.019054876284502087
-0.47196094231306146,-0.4660108270920063,0.005950115221055152
-0.8145335922017922,-0.8103965890733286,0.004137003128463657
0.9547788949852882,0.9324752069202056,0.02230368806508265
0.5880625685795755,0.5712690197742102,0.01679354880536532
0.002147279559045829,0.004669006400686468,0.0025217268416406393
0.7260683164080468,0.722323613286482,0.0037447031215648297
-0.17586883210809454,-0.17173010578004136,0.004138726328053177
0.9336624811446737,0.9237885932713386,0.009873887873335097
0.28033551808534224,0.2978150785932436,0.017479560507901337
-0.6434842659790857,-0.5931045894909994,0.05037967648808628
-0.6189943855129744,-0.6111753084278834,0.007819077085090997
-0.5117838023220115,-0.5072108031808575,0.004572999141153944
0.6991331991509504,0.6882977463217074,0.01083545282924303
-0.7252707533062096,-0.7257126940876096,0.0004419407814000298
-0.8216981493225837,-0.8080882778309303,0.01360987149165338
-0.506573729886015,-0.4642520631579401,0.042321666728074914
0.43094617842770594,0.390550006080797,0.040396172346908954
0.9404489332647371,0.9215343774875819,0.018914555777155173
-0.701372630218518,-0.6989491372346611,0.002423492983856912
0.12858136600406536,0.11258218141992436,0.015999184584141
0.7475908435185826,0.7436680153329476,0.003922828185635052
-0.9122610284511827,-0.899667535022293,0.012593493428889713
-0.0036939818582960794,-0.01711365850726254,0.013419676648966462
-0.6058107087964373,-0.6147242832156458,0.008913574419208481
0.6323031064992072,0.620493385784805,0.011809720714402228
0.7234938025459434,0.664673181794547,0.05882062075139638
0.6871338730661165,0.6699645064357954,0.017169366630321092
0.7831732281571196,0.776698679428267,0.006474548728852669
-0.10507881683424924,-0.11677756100903809,0.011698744174788847
0.769997170176122,0.7543106419592184,0.01568652821690364
-0.7621338869865406,-0.7612631059128695,0.0008707810736711119
-0.45554738268959594,-0.4168718417229206,0.03867554096667536
-0.9150619466780403,-0.9011347529337975,0.013927193744242783
0.6299271519474877,0.6111617810734848,0.018765370874002874
0.4815442373212897,0.47386372331973553,0.007680514001554173
-0.6264488924282449,-0.6333488709166343,0.006899978488389413
0.3046684199679933,0.29258968198186275,0.012078737986130572
-0.714696995858363,-0.696647275869656,0.01804971998870697
-0.8347863966382744,-0.8252493789694695,0.009537017668804881
-0.6453970633688243,-0.6264815597757576,0.018915503593066707
-0.14401365610302264,-0.1535098671613402,0.009496211058317577
-0.983961064684873,-0.9700494125339225,0.013911652150950471
0.5104513467797975,0.5138115007211441,0.0033601539413465886
0.9744190661173843,0.9616795460517007,0.012739520065683574
-0.4568400587560089,-0.4599322217720217,0.0030921630160127833
-0.9501383246968448,-0.9393161529768549,0.010822171719989893
0.9632313449091428,0.9431014341410526,0.02012991076809012
0.9223562579352674,0.9145040796773619,0.007852178257905518
-0.6642516866645666,-0.6549447331177732,0.00930695354679334
-0.43254192364551824,-0.4385028443594361,0.00596092071391785
-0.10609158224464783,-0.13174743223907728,0.02565584999442945
0.4996094300294671,0.48299207056897364,0.016617359460493475
0.7643366500023521,0.7613053359370443,0.0030313140653077664
0.8046697011480167,0.7947906489420133,0.00987905220600338
0.9107535828003518,0.8919452429303524,0.018808339869999413
0.9385237779753595,0.9268608904838853,0.01166288749147415
0.8133953428775672,0.8105076258289503,0.0028877170486169
-0.8976367887820974,-0.8897548686161335,0.007881920165963896
0.9312517192368613,0.9187142121220278,0.01253750711483359
0.5748886079432048,0.5801865804107236,0.00529797246751873
0.889003138056518,0.8840965042729141,0.004906633783603898
-0.5988013128396065,-0.590521603086498,0.008279709753108433
0.48475562316425325,0.4717656716257136,0.012989951538539657
0.5498652539330202,0.5494103503404631,0.00045490359255706547
0.13310538730594618,0.11917643922747809,0.01392894807846809
0.8868873087053809,0.8765422661989234,0.010345042506457514
0.7906876443438428,0.7710909158128649,0.019596728530977825
0.8689852273396012,0.8596701705729912,0.00931505676660993
-0.1650944619453142,-0.17165736387006586,0.006562901924751646
-0.05692859267130096,-0.06267551519005991,0.005746922518758954
0.2556608184877257,0.2425459666640362,0.013114851823689516
-0.6766542266218489,-0.6418004305492312,0.03485379607261774
0.1533078600358808,0.14222062099322222,0.01108723904265857
0.9075061550122282,0.8942477854326074,0.013258369579620788
-0.620145966798921,-0.621126101762995,0.0009801349640740087
-0.430287714835838,-0.4219298412349097,0.008357873600928323
-0.22037808618589436,-0.2193603234492785,0.001017762736615857
0.8897366918618013,0.8829871094853788,0.006749582376422425
-0.8241136759909814,-0.8039497261234204,0.020163949867560982
-0.8334794697087297,-0.8197665180784744,0.01371295163025521
0.037993167416402546,0.025968083834908638,0.012025083581493907
0.5689537060651217,0.5707356188747766,0.0017819128096548953
-0.3743964546265674,-0.35929070147785847,0.015105753148708934
-0.5108575225215831,-0.503724122383938,0.007133400137645074
-0.6666912815775675,-0.658272506723097,0.008418774854470512
0.0051314490010457535,-0.01819315398572968,0.023324602986775432
-0.6399142868539817,-0.6401144527685309,0.00020016591454918853
-0.8358759277285785,-0.8245002470847289,0.01137568064384964
0.7379331599266582,0.7327755756073592,0.0051575843192990245
0.6406945183194448,0.6313813024152964,0.009313215904148353
0.8748014496376171,0.8622839223322084,0.012517527305408671
-0.2954263510429541,-0.29909386604559435,0.0036675150026402314
-0.38886286869950043,-0.37951348981568583,0.009349378883814596
0.0374915151461123,0.03554129738391481,0.0019502177621974898
-0.31834994727105353,-0.28531161235029107,0.03303833492076247
0.26727529122267923,0.266713935618231,0.0005613556044482548
0.22565696566018983,0.2159806238067182,0.009676341853471632
0.7219739266981129,0.7233591998213625,0.001385273123249653
0.7193627150504779,0.7163759943429705,0.0029867207075073843
-0.1419920943338931,-0.14782317335016384,0.0058310790162707515
0.5716139628592822,0.5496127489039986,0.02200121395528365
-0.5729350872531382,-0.5785802798944476,0.00564519264130936
-0.4331672619252106,-0.42487654527905805,0.008290716646152552
0.24744192909402749,0.24162892033802777,0.005813008755999716
-0.8689295890676557,-0.8541453671144621,0.014784221953193621
0.870043936277037,0.8648947543803075,0.005149181896729527
-0.9006753922917164,-0.8933216477812574,0.007353744510459004
0.6130199735559679,0.6069124822286192,0.00610749132734878
0.28389090897735214,0.28359838118977354,0.0002925277875786003
-0.5919424117959886,-0.5728291737189665,0.019113238077022143
0.04159870976870202,0.045469458314827134,0.0038707485461251107
0.43969653031233547,0.4378509707995976,0.0018455595127378488
-0.26544461553949483,-0.26469393289971915,0.0007506826397756794
0.853426673652893,0.8452707411253981,0.008155932527494913
-0.004410622496351706,-0.008101519548472798,0.0036908970521210924
0.678261551190762,0.6401885219839821,0.03807302920677991
0.1979234699227643,0.18113454713448615,0.01678892278827815
0.5099992023251768,0.5149023984321556,0.004903196106978758
-0.3568935912998793,-0.3433048910338776,0.013588700266001674
0.9112850915507734,0.8964010673615399,0.014884024189233513
0.1338402283051326,0.15655729630592355,0.022717068000790958
-0.07604026366965062,-0.06379850495753908,0.012241758712111542
-0.9627081303759514,-0.944114023208409,0.018594107167542395
-0.6627979492532989,-0.6534481065849438,0.009349842668355146
-0.5861691060880804,-0.5725648592207563,0.013604246867324088
-0.22755099463385292,-0.23291970543723978,0.005368710803386856
0.23252189356083028,0.2326654611400717,0.00014356757924141594
-0.6606758634570457,-0.6252062534616692,0.035469609995376405
0.927351916632111,0.9191219047066838,0.008230011925427272
-0.27750014219616925,-0.2861225957575331,0.008622453561363874
0.9085545084156967,0.9017471083321431,0.0068074000835536275
0.03848731483009054,0.036564521207623636,0.0019227936224669034
-0.6759927878375465,-0.6671903687272268,0.008802419110319648
-0.07276210602975798,-0.0584905458267497,0.01427156020300828
0.6249365133671477,0.607143131880314,0.017793381486833737
0.9453597564010742,0.9415038946499563,0.0038558617511178506
-0.3145779987751873,-0.2840045638174886,0.030573434957698653
-0.601255450006241,-0.5545481053438264,0.04670734466241466
0.09472954071662171,0.09982006140242954,0.005090520685807828
-0.07808407523136861,-0.0791787263964747,0.0010946511651060975
-0.9336089973054482,-0.9159164871396012,0.017692510165847053
-0.5141270027102094,-0.492173286421606,0.021953716288603375
-0.35948276708484356,-0.36636735016553645,0.0068845830806928965
0.9063654964753939,0.8924290041888536,0.013936492286540259
-0.6153242220472209,-0.6193212469341229,0.003997024886902012
0.9456925799998077,0.927524567310664,0.018168012689143698
0.1133400275646745,0.11019155310387381,0.0031484744608006876
-0.3436316543536715,-0.34182999345282844,0.0018016609008430495
-0.28713932253100033,-0.27859505361352754,0.008544268917472786
0.595944106223922,0.5878709435116207,0.008073162712301296
0.07274641512670448,0.10295387255744683,0.03020745743074235
-0.03671410579774846,-0.047865566553321366,0.011151460755572905
-0.8022840224177157,-0.7998153825480735,0.0024686398696421863
0.39705027977215757,0.3950954828248229,0.0019547969473346916
0.6952240732599725,0.6944098319850158,0.0008142412749566619
0.3315225615526688,0.28643150870952755,0.045091052843141244
-0.06139446525056932,-0.05255331619244795,0.008841149058121368
0.6164586438411834,0.6234201751204892,0.006961531279305766
-0.13218320719868223,-0.12028224009751963,0.011900967101162604
0.088465598049806,0.0893007788565883,0.0008351808067822986
0.17661227386930967,0.1660617773663683,0.010550496502941376
0.7941662459483724,0.787677480411557,0.006488765536815322
-0.5038750542706609,-0.4597339757016555,0.044141078569005454
-0.6422538007129645,-0.6427964194867724,0.0005426187738079014
0.6113084381367676,0.5991729389390572,0.012135499197710398
0.7819102908209961,0.7626430632345814,0.019267227586414637
-0.938129252208256,-0.9307221836035038,0.007407068604752265
0.1908454884550825,0.19569245613814712,0.0048469676830646125
0.8805601644726193,0.8652242661154687,0.015335898357150657
-0.46022703842501145,-0.468226032017363,0.007998993592351566
-0.942468042193,-0.9289820844457172,0.013485957747282784
-0.8959281743218405,-0.8892893342317986,0.006638840090041898
-0.35141162942873017,-0.35122452617501954,0.00018710325371062986
-0.5082495331207292,-0.4905388744521044,0.017710658668624757
-0.1640096935830958,-0.16961311717993402,0.005603423596838214
-0.6516724988787417,-0.6644630741959956,0.012790575317253916
0.557630040283519,0.5603383110124562,0.002708270728937201
0.20297589694794324,0.1881573245834003,0.014818572364542953
-0.444237671245451,-0.4496007350865935,0.00536306384114249
0.26036075681494225,0.24613021309372385,0.014230543721218403
0.9516393300684692,0.9388986007166827,0.012740729351786495
0.6500632909425501,0.6392448703808671,0.010818420561683029
0.6022107973959656,0.5832369470233204,0.018973850372645207
-0.1894625993694194,-0.19206658286071876,0.0026039834912993665
0.0504627371152388,0.05723833731075899,0.00677560019552019
0.7025094104072793,0.6836652577524369,0.018844152654842405
-0.4465788384256602,-0.45000036671489346,0.0034215282892332555
0.6550650341937239,0.6446289208195507,0.010436113374173162
-0.6429510144432068,-0.6291212769077202,0.013829737535486553
-0.6082976076682679,-0.6159243612282315,0.007626753559963562
0.43250034875514504,0.39911170297216836,0.03338864578297668
0.17935501341817142,0.16416147055931846,0.015193542858852965
-0.4638989711751416,-0.46350051701902023,0.00039845415612138613
-0.537865705689751,-0.531108261885668,0.006757443804083052
-0.5222583057887755,-0.5229158911874695,0.0006575853986939828
0.8104948499430894,0.7985538261575489,0.011941023785540517
-0.3549807306656809,-0.33898626114634045,0.01599446951934047
-0.9458418267958134,-0.9340696158200482,0.011772210975765196
-0.8910400053712589,-0.8782583730087584,0.012781632362500517
0.48288006360922775,0.4826580108495965,0.0002220527596312749
-0.4834208000944094,-0.4904528068006534,0.007032006706243987
0.7601222017036412,0.7521031342629553,0.008019067440685923
0.8250074612265776,0.8125341540588291,0.012473307167748526
0.659599023676893,0.65171397441601,0.00788504926088307
0.9140796824561888,0.9047859592342579,0.009293723221930894
0.2833052260864675,0.2694153189028264,0.013889907183641137
0.2506510888301992,0.25662645272002144,0.005975363889822227
-0.6238658106660058,-0.6077766953775577,0.01608911528844803
0.9837051100046851,0.9673125835770013,0.01639252642768374
0.8893227439343121,0.8747769070582228,0.014545836876089346
-0.4639134386554029,-0.4580069575204056,0.00590648113499731
-0.2111008677618239,-0.20993404449731584,0.0011668232645080656
-0.47080285014976675,-0.4617980983861512,0.009004751763615537
0.4507229315969198,0.45978028210165944,0.009057350504739659
-0.20225304805495323,-0.2141675148096743,0.011914466754721076
0.08282389170956839,0.07866201136445397,0.004161880345114416
-0.10927134527998082,-0.1090714333692804,0.0001999119107004288
0.06762344615316879,0.07305174944078807,0.005428303287619285
0.16253156271646144,0.16747742819697933,0.004945865480517897
-0.8605207706828994,-0.8561893670637329,0.004331403619166507
-0.44027563099977435,-0.43707600255926976,0.003199628440504587
0.7010472827374925,0.6985405780446503,0.0025067046928421988
-0.19202275818043857,-0.18071645169333403,0.01130630648710454
0.8013916430097294,0.7906806644431091,0.010710978566620288
-0.3580195314876362,-0.3629355767052007,0.004916045217564502
0.8330155565264316,0.8226132018081322,0.010402354718299311
-0.836024040084786,-0.811408771568777,0.024615268516009037
0.9342333551847972,0.9247024740505434,0.009530881134253821
0.040703233548659866,0.028404770343797417,0.012298463204862449
-0.005131449282540893,0.018188633728384078,0.02332008301092497
-0.6723319575920712,-0.675530849813622,0.0031988922215507865
0.9225656138911613,0.9172722443605809,0.005293369530580461
-0.5825518421851895,-0.5650014405243216,0.017550401660867965
-0.010645181214648587,-0.01874140233165069,0.008096221117002103
-0.8058299440616067,-0.7882555444695938,0.0175743995920129
0.4643321657290679,0.44373280055215925,0.020599365176908635
0.11746749422211897,0.12706215064286372,0.009594656420744752
-0.6157399755306021,-0.6084331627084868,0.007306812822115316
0.37175565916042125,0.3701282224621807,0.0016274366982405586
0.6837119226397191,0.6423075729425739,0.04140434969714524
-0.4812416405572819,-0.48440992803060556,0.00316828747332365
0.6152135659029185,0.6179991913325327,0.002785625429614136
-0.5036279839474905,-0.48800033971039347,0.01562764423709706
0.11558101880804812,0.12216980929903655,0.006588790490988428
0.39621658936630033,0.39222176687510235,0.00399482249119798
0.9766661868212927,0.9691281281096147,0.0075380587116780085
-0.28533224304515953,-0.2931019579860844,0.007769714940924877
0.01915043959170118,0.0267307645579411,0.007580324966239921
-0.7998134717076442,-0.784403050949795,0.015410420757849153
0.480775945893862,0.4642798684528854,0.016496077440976642
0.3538013369654965,0.3451318244583476,0.008669512507148869
-0.9525347307631737,-0.9373908372760344,0.015143893487139293
0.33591869828520254,0.3295049327036799,0.0064137655815226235
0.54326544261038,0.546348537097257,0.003083094486876936
0.012610425164858378,0.003579383655677583,0.009031041509180795
0.8215351119713923,0.8059946309779011,0.015540480993491146
-0.7650438340607998,-0.7532670258106366,0.01177680825016314
0.5170432518932354,0.5201217203166337,0.0030784684233983173
-0.9242720939586324,-0.9176417552209464,0.006630338737686037
0.4819466988938327,0.4823602348724212,0.00041353597858850843
-0.9200387022044046,-0.9058494736915061,0.0141892285128985
0.897218756273881,0.8899484577426345,0.0072702985312465
-0.2699238620773137,-0.25573336896816695,0.014190493109146773
0.8736560160311174,0.854283816068522,0.019372199962595427
0.01431971472089921,0.0018799931485595008,0.01243972157233971
0.6370219157379738,0.630728530667173,0.006293385070800794
-0.9607951245230643,-0.9533190873858783,0.00747603713718592
-0.8446197957529632,-0.8361617066778654,0.008458089075097819
-0.42321698967618865,-0.43132460302533515,0.008107613349146503
-0.016866399922249743,-0.02854871283069726,0.011682312908447519
0.893154561442977,0.8816048337916096,0.011549727651367414
0.6093384337178775,0.60732676459142,0.0020116691264575604
-0.8565371496672058,-0.8385084214709664,0.018028728196239463
0.03781661931376762,0.03994025779746954,0.002123638483701923
-0.58325249500088,-0.5649644002883382,0.01828809471254178
-0.09079105075270784,-0.08291520737410296,0.007875843378604877
0.8976930372145739,0.8896709610776615,0.008022076136912415
0.926805379126956,0.9151562018406408,0.011649177286315204
-0.44509196353008107,-0.4263919555752627,0.018700007954818354
-0.8971971223220351,-0.877685565005552,0.01951155731648313
0.21416656931916983,0.20013755456706156,0.014029014752108271
0.7844511789207969,0.773638010890508,0.010813168030288867
-0.6568311778148069,-0.6456039786901158,0.011227199124691167
0.6837235291545175,0.681028702467804,0.002694826686713503
0.8934212728955877,0.8896361231555407,0.003785149740046956
-0.335257279342378,-0.3441703045999904,0.008913025257612395
0.9247845800927558,0.9098478076310145,0.014936772461741299
0.3175619605916971,0.3038657926357068,0.013696167955990324
0.8825052585508268,0.8832906419442271,0.0007853833934002852
0.13028041970733206,0.13883036391456444,0.008549944207232374
0.9193950516931759,0.9090049618608775,0.010390089832298388
-0.2988799487111992,-0.3046157252467533,0.005735776535554071
0.627950715281202,0.6157275127522418,0.012223202528960253
-0.07872469565144026,-0.08427526201302461,0.005550566361584353
-0.8615931947193058,-0.8468020918960759,0.014791102823229929
-0.8484205214434318,-0.8442424582900958,0.00417806315333602
0.6995959960504161,0.6956446160002567,0.003951380050159381
0.7406096508695843,0.7392320276740912,0.0013776231954930607
-0.7713205267387242,-0.7716969065801047,0.00037637984138050307
0.8334678768170944,0.8241018950426813,0.009365981774413168
0.9167766622921474,0.8969758391616516,0.019800823130495804
0.6515822527475706,0.6298234158337419,0.02175883691382874
0.11513808594124039,0.08938475506789664,0.02575333087334375
-0.04542302716768637,-0.05374201940316762,0.00831899223548125
0.9229351305926728,0.9133619351009246,0.009573195491748288
-0.5954267196060932,-0.6019536184570122,0.006526898850919061
0.7799086711094358,0.7615014016703086,0.018407269439127294
0.9118103454690503,0.8912877348854097,0.020522610583640577
-0.7725216627235599,-0.7587288442088885,0.013792818514671401
0.7189943241794141,0.7021051101884186,0.016889213990995522
-0.8285386461968071,-0.818771435396408,0.009767210800399106
-0.8472840289694024,-0.8346924195988147,0.012591609370587675
0.8917002799023741,0.8815216986545626,0.010178581247811458
-0.20954114608447108,-0.21027740250569715,0.0007362564212260725
-0.8377097580407855,-0.8265145132697861,0.011195244770999424
-0.5403699154940063,-0.5408989444121427,0.0005290289181364427
0.9145458308726742,0.9007217294319727,0.013824101440701453
-0.8631299186390221,-0.8574789370702876,0.005650981568734559
0.22402892240708397,0.22785307858472076,0.0038241561776367894
0.0710869026690022,0.08094020844538449,0.009853305776382298
-0.9072147160533279,-0.893303530601419,0.013911185451908947
0.7133660803166784,0.6990792579978835,0.014286822318794856
-0.22745323504044132,-0.2305803858109502,0.003127150770508874
-0.8800950932999557,-0.872317192555256,0.007777900744699751
0.8368391495219365,0.8181872985760602,0.01865185094587629
-0.3004677255759239,-0.310143656502854,0.009675930926930143
0.7133682245260451,0.7183559658603094,0.004987741334264273
0.34933066265078105,0.3544200312707917,0.005089368620010637
0.33480119232505556,0.34300393241866006,0.0082027400936045
0.7093292726502042,0.7005600289278201,0.008769243722384079
-0.2053984028293997,-0.1946852034126284,0.01071319941677129
-0.5411120182719362,-0.5303144071694482,0.010797611102488003
-0.7180170869713375,-0.7058583772426946,0.012158709728642858
-0.056412334145097366,-0.06554407975153735,0.009131745606439985
-0.28587893112529605,-0.2746620723699831,0.011216858755312975
-0.6826648047212903,-0.6637487883772885,0.018916016344001862
-0.8428245244792196,-0.8244165497298274,0.018407974749392264
-0.35396981115996745,-0.34841028728554374,0.005559523874423711
0.17433549392791317,0.12895971026859962,0.04537578365931355
-0.6959787632716078,-0.6765954202547215,0.019383343016886267
0.12861821809303287,0.1301656895083695,0.001547471415336621
-0.7010202098645362,-0.6816395619246418,0.019380647939894358
-0.7662063956091011,-0.7567664970456988,0.009439898563402327
0.46489424726849027,0.4570762337256586,0.007818013542831681
-0.7181540730886842,-0.71929117560242,0.001137102513735777
0.3730808105772179,0.3796337646664794,0.006552954089261487
0.4858159659332687,0.48656880311482864,0.00075283718155994
-0.8467589489219112,-0.8329644273988992,0.013794521523011971
-0.23268231940819176,-0.23895729247180064,0.006274973063608885
-0.9460619565270558,-0.9306739235012327,0.015388033025823145
-0.8318604151385391,-0.8202180808134514,0.011642334325087766
-0.6825275756682686,-0.663742692798463,0.01878488286980562
-0.6879113836009656,-0.6765807530073148,0.011330630593650803
0.2411713395870199,0.2484265174993017,0.007255177912281807
-0.568558763470972,-0.5555936584984369,0.012965104972535113
0.013577900156192734,0.0026812662931693454,0.010896633863023388
0.7315299334621703,0.7382372013631593,0.006707267900988967
0.8407059468826545,0.8269020629977744,0.013803883884880186
-0.889041720813803,-0.8732510331392378,0.01579068767456515
-0.8384741823172958,-0.8252114921728001,0.013262690144495659
0.71443178235533,0.6950760968902405,0.01935568546508948
0.10028633113271729,0.10365702147769847,0.003370690344981178
0.4979552392070878,0.505365060190135,0.007409820983047266
-0.11008743382150739,-0.12062037303087086,0.010532939209363476
-0.150127832331114,-0.13134719569134815,0.01878063663976584
-0.6618034510747852,-0.6504527790861674,0.011350671988617833
0.42538530724119844,0.42332333098288893,0.002061976258309506
0.2989677262072697,0.2992552356978373,0.00028750949056760566
0.4213351296308209,0.41370801374607885,0.007627115884742075
0.6782253716427693,0.6709792104052973,0.007246161237472015
0.10010243929911966,0.09358074222854235,0.006521697070577315
0.6527229886949579,0.6422712858685626,0.010451702826395293
-0.671928768091152,-0.6621628058042827,0.009765962286869323
-0.5576686369266713,-0.5745349722447641,0.016866335318092784
-0.9388220418114448,-0.9296497302440021,0.009172311567442692
0.8970284653949402,0.8859737173092036,0.011054748085736588
0.17707722220981656,0.17081707945207134,0.006260142757745224
0.8228737252196654,0.8151936186635714,0.0076801065560939685
-0.5755921872979375,-0.5454795331279106,0.030112654170026842
-0.8194197688179993,-0.8029904751081932,0.01642929370980606
-0.5648060505395344,-0.5554731952248518,0.009332855314682531
0.09163186600628502,0.0794493647559539,0.012182501250331115
0.9762545318502619,0.9709207849594481,0.005333746890813784
-0.29892022670422586,-0.30620790946221504,0.007287682757989189
-0.8844233590076578,-0.8854821059024817,0.001058746894823881
0.682664804715871,0.6623076872609195,0.0203571174549515
-0.911802849660971,-0.8960861357664072,0.01571671389456386
0.9263461246815704,0.9148964759500664,0.011449648731504003
-0.9419729729233939,-0.9207744789924525,0.02119849393094142
0.3126238683402944,0.3047939701543555,0.007829898185938877
0.6163140369834905,0.6157146901815967,0.0005993468018937742
0.9398311350511047,0.9265640021796335,0.013267132871471188
0.32858901963407455,0.3367270246249792,0.008138004990904668
0.1924271137714757,0.19826122754830755,0.005834113776831851
-0.7961353053440036,-0.782187109767244,0.013948195576759526
-0.17765293370782834,-0.17214464948482208,0.0055082842230062545
-0.36363934330558384,-0.36472333835100684,0.001083995045423003
0.7723875688839021,0.7625333216795951,0.009854247204307054
-0.7282073562177613,-0.7278996131113407,0.00030774310642067704
-0.913715754652117,-0.9010158710478893,0.01269988360422769
0.5563227431498615,0.5613809134836469,0.005058170333785417
-0.931589195322707,-0.9093008720194877,0.022288323303219282
-0.9361225988320353,-0.9270320089112569,0.00909058992077838
-0.8709048074855548,-0.8557580884394471,0.015146719046107648
-0.9073170310933448,-0.9017084481653985,0.005608582927946304
-0.824698152913017,-0.8039902413177097,0.02070791159530727
0.3334236135135616,0.3273109029478339,0.006112710565727708
0.7517971370530308,0.7405051194456851,0.011292017607345661
0.9550397894863353,0.9482655493343819,0.006774240151953381
-0.43141414428425173,-0.4352401662895081,0.003826022005256391
-0.8517116818960874,-0.8456046995483761,0.006106982347711232
0.7984063453096611,0.7904250569129418,0.0079812883967193
0.3344929455752442,0.31700936024626464,0.01748358532897959
-0.5106073456405577,-0.5091332736037322,0.00147407203682548
0.2370727748144594,0.2224484012701219,0.014624373544337516
-0.40038583347555406,-0.3852538267959827,0.015132006679571375
0.5493467181658789,0.546263069404806,0.0030836487610729213
-0.5861617961470097,-0.5951930221409328,0.009031225993923142
0.0810621665017052,0.07553699573416872,0.005525170767536475
0.4952644394306685,0.49204070126993055,0.0032237381607379545
0.5455565742628575,0.5534746168600884,0.007918042597230834
0.8629103235949153,0.8524229764768015,0.010487347118113721
-0.9384147202727275,-0.9247631052415671,0.013651615031160413
-0.3561039992580602,-0.34561877789415824,0.010485221363901953
-0.7879327327770219,-0.7831369219949323,0.004795810782089571
-0.3971160488654636,-0.39818650605771816,0.0010704571922545703
0.34940855336046733,0.3514839450432959,0.0020753916828285535
0.8814644276770716,0.8649941224192392,0.01647030525783233
0.8088206571038291,0.802469449233666,0.006351207870163078
-0.7265726914274122,-0.7260831888233595,0.0004895026040526718
-0.8598506147593888,-0.8458290872910489,0.014021527468339956
-0.9273877310440696,-0.9172262120240471,0.010161519020022491
0.544439108026152,0.5534825648043793,0.009043456778227266
0.8791310877256708,0.86746760759037,0.01166348013530083
-0.9515039906467448,-0.9359720361126775,0.015531954534067305
-0.020823885393180117,-0.02792682351265268,0.007102938119472563
0.9426485331353509,0.9251289044148789,0.01751962872047197
-0.563990879575845,-0.5678795231103402,0.0038886435344951398
-0.20646756164295377,-0.20658520776279019,0.0001176461198364176
-0.17523764374208944,-0.16554502163120707,0.00969262211088237
0.261798737370087,0.2500474219164771,0.011751315453609912
0.3391620066344108,0.3432134569294804,0.004051450295069592
0.18853112505302205,0.1781572491869661,0.010373875866055954
0.9091024113078449,0.8944394344849823,0.01466297682286255
0.9150813612979748,0.9018945500948831,0.01318681120309173
0.8414663176495986,0.8429614875229064,0.0014951698733078889
-0.3230307066368237,-0.312237834352968,0.010792872283855726
-0.012666239292939195,0.0029595170346260083,0.0156257563275652
0.3626622829826207,0.3694586461664659,0.006796363183845189
-0.8424837079975089,-0.828522276421187,0.013961431576321903
-0.9571950700860289,-0.9444505670712294,0.012744503014799458
0.33687320829817974,0.3319502900475409,0.004922918250638841
-0.3257251593736198,-0.3372859257249887,0.011560766351368934
0.9458658037728401,0.9273913266172571,0.018474477155583036
0.6711087255781057,0.6517528334585474,0.01935589211955835
0.5810511722759826,0.591566157983805,0.010514985707822389
0.9410684303491912,0.9257515576027924,0.015316872746398813
-0.12058384500895142,-0.1017142364152685,0.01886960859368292
-0.17892225812739554,-0.1713572285291338,0.007565029598261747
-0.8392695043884056,-0.8265830928578746,0.012686411530531072
0.9241999539492016,0.9055894924242228,0.018610461524978805
0.7528580417085948,0.7492440011601715,0.003614040548423292
0.8887564431257647,0.8819847216332206,0.006771721492544125
-0.18042759962116678,-0.176530604516355,0.0038969951048117846
0.8641799548733391,0.8533640353070445,0.010815919566294574
-0.34384692010623075,-0.33546461506604147,0.008382305040189275
-0.7740502267493024,-0.7783810630075517,0.004330836258249371
0.5296378939077826,0.5276153653107689,0.002022528597013684
0.9493211962859331,0.9321708937315999,0.017150302554333252
0.5649581787342081,0.5535205626938008,0.011437616040407272
-0.7093798583001092,-0.6898260716792521,0.01955378662085705
-0.8631863862867449,-0.8544373246250838,0.008749061661661117
-0.9275825806893572,-0.9189281233709676,0.008654457318389541
-0.1044787250711432,-0.11512077368738304,0.010642048616239838
0.4269865268570873,0.390980175475069,0.0360063513820183
-0.5326641025177544,-0.5498236571138769,0.017159554596122506
-0.6841611626936895,-0.6570528959734048,0.027108266720284768
0.937849671869421,0.9253589532010982,0.012490718668322853
0.06125723446870264,0.058064891277987994,0.0031923431907146457
0.14755219808846798,0.15135443481862082,0.0038022367301528415
0.7828208944098357,0.7736507607253158,0.00917013368451991
0.895617857569071,0.888351220621901,0.007266636947170002
-0.8340182473336063,-0.8173859867126104,0.016632260620995876
0.96567649002815,0.9463033978805261,0.01937309214762395
-0.5997519464272341,-0.5805331586179093,0.019218787809324733
0.7052086016233383,0.680802611609702,0.024405990013636303
0.331867040277638,0.3290718592780959,0.002795180999542124
-0.9319793885594388,-0.9231479820444833,0.008831406514955509
0.325633915510754,0.29413207297247407,0.03150184253827992
-0.13201135047298732,-0.13708246462750595,0.0050711141545186356
-0.6048617947160205,-0.606328915463759,0.0014671207477384707
0.8412294555559293,0.8331849883576061,0.00804446719832319
0.2741779109680075,0.2755447036428078,0.0013667926748003323
0.6012823015115756,0.5774422846135596,0.02384001689801596
0.5964735454316445,0.5908824349443373,0.005591110487307205
-0.9464910500405956,-0.9328274693425762,0.013663580698019429
0.6608038671419562,0.6627363663015458,0.0019324991595895957
0.8215843005601942,0.8130046315650071,0.008579668995187029
-0.1795710611922166,-0.1701911496959499,0.009379911496266713
0.40991196410545544,0.393472600221952,0.01643936388350342
0.3773913531075787,0.3527443438636379,0.02464700924394081
0.8721840112299021,0.8529105300137187,0.01927348121618333
-0.9356705393527035,-0.9267958639768238,0.008874675375879715
0.05569917351785317,0.05958440741111989,0.0038852338932667194
0.8149613772063911,0.8057304541869219,0.00923092301946915
0.3534661244197885,0.3460370611016252,0.007429063318163287
0.45050904359789246,0.4435414616910807,0.006967581906811737
-0.6185536449690983,-0.6325049477458535,0.01395130277675527
0.5631580331807935,0.5447902968807383,0.01836773630005517
-0.7626676969555813,-0.745059668034455,0.01760802892112634
-0.7491621374812473,-0.7321020765916888,0.01706006088955847
0.33562586030022346,0.325374237370091,0.010251622930132431
0.8931600625819207,0.8742528702701831,0.018907192311737653
-0.35691421982195715,-0.34683601672059944,0.010078203101357708
-0.9452682401456299,-0.9300098442767424,0.015258395868887553
0.8236305052790724,0.8049579218778262,0.018672583401246223
-0.39433917285805326,-0.38523438805057897,0.009104784807474287
-0.8206563879392601,-0.8113053484841084,0.0093510394551517
0.6867723531874722,0.6945694792555003,0.007797126068028071
0.844874744066558,0.8232047466516484,0.021669997414909603
0.8513528333443543,0.8327643498669803,0.018588483477373963
0.16022164915681206,0.161647369969233,0.0014257208124209553
0.968172187713131,0.9582700761067142,0.009902111606416741
0.600748981277079,0.5821449101947164,0.018604071082362617
-0.44738814588582654,-0.43955409757765473,0.007834048308171804
-0.06353403310044921,-0.06761491359662908,0.00408088049617987
0.30993339530613573,0.30873117877271006,0.0012022165334256707
0.08169593161536982,0.08835145483711633,0.006655523221746507
0.08253781036393953,0.0769422792882033,0.0055955310757362375
-0.8753797593421878,-0.8719313622399498,0.003448397102237988
-0.4988433784735718,-0.5025529083867455,0.0037095299131736925
0.2845797339351993,0.2717197500113727,0.01285998392382659
0.585134570522643,0.5900311727245717,0.004896602201928779
-0.8469854973254286,-0.8434279415075647,0.0035575558178638778
-0.8453432896305165,-0.8403606329580076,0.004982656672508967
-0.9077056802229174,-0.8975213435795604,0.01018433664335705
0.38894723002987885,0.3762210312040841,0.012726198825794732
0.5129398383465144,0.5158536549368189,0.002913816590304541
0.9645551313711116,0.956750920121705,0.007804211249406556
0.49220990835709855,0.4771788408718405,0.015031067485258065
-0.43644478947879856,-0.4324103776150224,0.004034411863776177
-0.6905445005707752,-0.6893836450176499,0.001160855553125284
-0.5510588265351114,-0.5473371849120402,0.0037216416230712035
-0.08695216177180345,-0.09140766938080941,0.004455507609005954
0.35386026331718845,0.36068450126425755,0.006824237947069101
0.7494844455558052,0.7440972036317164,0.0053872419240887925
-0.8961901796059321,-0.8804542175296739,0.01573596207625816
-0.9774661205554344,-0.9632922574924423,0.014173863062992065
-0.29955544210854845,-0.2995429592785864,1.248282996207939e-05
0.8058714724769103,0.7986298797158159,0.007241592761094373
0.8546812369615041,0.8443720771988467,0.01030915976265745
-0.3640375713581853,-0.3524105382375067,0.011627033120678643
0.8343852388167278,0.8233751078984911,0.01101013091823666
-0.6365451103919149,-0.6275552791681537,0.00898983122376118
0.36366214324431756,0.3458051776164013,0.017856965627916277
-0.8521645591125011,-0.8364761294431708,0.01568842966933026
0.7442164268325682,0.7404328226562674,0.0037836041763007477
0.30950801235707515,0.3203598899529651,0.010851877595889958
-0.6446946418373419,-0.6357853809897238,0.008909260847618117
-0.3511057366426814,-0.34131462917856586,0.009791107464115545
-0.8159238751851892,-0.8046756375615248,0.011248237623664337
-0.9456566282595202,-0.9380769330770037,0.007579695182516555
-0.8273652024429291,-0.8146033657816607,0.0127618366612684
0.18246350501593403,0.16545843895766607,0.01700506605826796
-0.9379416867631365,-0.9194284550278226,0.01851323173531394
0.5485141116922981,0.541102399455303,0.007411712236995105
-0.6003962906188464,-0.5803093727247018,0.020086917894144518
0.577302384710736,0.5747893075640776,0.0025130771466583823
0.8815206891133089,0.8657784993047121,0.015742189808596874
0.5162455192300714,0.5234838996184098,0.00723838038833835
-0.06610106554282358,-0.06697260721697874,0.0008715416741551657
0.9421790797882391,0.9353605201205207,0.006818559667718382
-0.1451540884907781,-0.14522036798876706,6.627949798895805e-05
-0.7684009582366405,-0.7489320190073396,0.01946893922930082
0.30017487111440694,0.3082546085799777,0.00807973746557078
0.8856567946156254,0.8766831930389122,0.00897360157671323
-0.009161611681601895,-0.021150432524555857,0.011988820842953963
0.7079940099906304,0.716362697476912,0.0083686874862815
0.7941245224394607,0.7745185198220805,0.019606002617380214
0.6024302155929224,0.5970034563038839,0.005426759289038574
-0.8854502932464882,-0.8707292116260357,0.014721081620452492
-0.7130031017674043,-0.6999071687055007,0.013095933061903597
0.8090387157830933,0.8005102535013761,0.00852846228171722
-0.22063722462395707,-0.2290984070798565,0.008461182455899413
-0.01622936448820354,-0.005029529442452597,0.011199835045750943
0.592822340078492,0.5914768582964592,0.0013454817820327536
0.8030543373447979,0.8038163400261118,0.000762002681313878
-0.9327774186836222,-0.9179702864191862,0.014807132264435974
-0.21125161951230786,-0.18804712979358865,0.023204489718719218
0.9356701465106604,0.915883513952013,0.019786632558647432
0.06558462543407667,0.07259307329238603,0.007008447858309355
0.6893522834268204,0.6627242530883789,0.026628030338441522
-0.6829925310888539,-0.6828497496488463,0.00014278144000767767
-0.9789398867677147,-0.9652493248087499,0.013690561958964786
-0.43122037575450084,-0.42430932574305824,0.006911050011442599
0.35759086925622874,0.36250950511904806,0.0049186358628193205
-0.26269171625314947,-0.25328504841066657,0.009406667842482896
-0.9103901598429222,-0.89523618156505,0.015153978277872127
0.2300610277718983,0.22445358959352882,0.005607438178369478
0.37461378867957335,0.3823380617976799,0.007724273118106528
0.8999611190237998,0.8793415813602578,0.020619537663542076
0.18886735349054493,0.1751587426592008,0.013708610831344115
0.7273595810288793,0.7194024705731178,0.007957110455761529
0.3416814670287138,0.35159889466848276,0.009917427639768939
-0.917795534985796,-0.902818026208422,0.014977508777374027
-0.03326888615470827,-0.023445787197805924,0.009823098956902348
-0.5275429069845844,-0.5111238978560024,0.016419009128581963
-0.6714385515983577,-0.6512477794271387,0.020190772171219007
0.232948187887935,0.2417147314755236,0.008766543587588604
0.41330465893348145,0.4101568900573644,0.003147768876117063
-0.9197728308290004,-0.9014542129657565,0.018318617863243958
0.11274514090687478,0.07920884927654094,0.03353629163033384
0.09613700101753243,0.10422131704405499,0.008084316026522556
0.6520635034910448,0.6280351281514444,0.02402837533960045
0.7290687061457034,0.7098062609320238,0.01926244521367959
-0.48102057083965055,-0.48979376431327576,0.008773193473625207
0.9138547543684288,0.8949115358562292,0.0189432185121996
0.19418387006524812,0.21726285450671545,0.023078984441467332
0.9175897053571298,0.9087713381201213,0.008818367237008462
0.9316069259653177,0.9214815687830052,0.010125357182312444
0.941012792588182,0.9352943916388844,0.005718400949297653
-0.38735197617360184,-0.38096497090931664,0.006387005264285206
0.8511494335689183,0.8502859545711237,0.0008634789977945978
0.13582185722286313,0.10617145991897577,0.02965039730388737
0.6577060450822617,0.6657760747586775,0.00807002967641579
0.5839651817925592,0.5656982306588139,0.018266951133745324
0.765953870121064,0.7662794257219822,0.0003255556009181815
0.1236010662374193,0.13041927026068115,0.006818204023261845
0.581877792667044,0.5833792195428176,0.0015014268757735927
-0.3984396321355363,-0.3870945466168285,0.011345085518707776
-0.9371204543796015,-0.9196138560803251,0.017506598299276366
-0.9275638398840821,-0.9123758419358164,0.015187997948265641
0.4933598348731751,0.48479511068352127,0.008564724189653816
0.2513515002332916,0.24051455983287567,0.01083694040041594
-0.3750494520150895,-0.33545054518842465,0.03959890682666484
-0.910355294546652,-0.8967969492252376,0.013558345321414422
-0.44810753883484583,-0.4329476977593816,0.015159841075464253
-0.10704387959212248,-0.11177512705641643,0.0047312474642939445
-0.22153833581311574,-0.20141340573235264,0.020124930080763104
0.05765689845243307,0.053098012790269274,0.004558885662163795
0.6956956162756586,0.6868743048996426,0.008821311376015939
0.9445663872801091,0.9272200038887135,0.017346383391395603
-0.9351172798365205,-0.921176163070917,0.0139411167656035
-0.5707194330593247,-0.5707625417360193,4.3108676694547654e-05
0.6495114487242513,0.6298621688497693,0.01964927987448195
0.2128043624650315,0.21085700687953002,0.0019473555855014923
-0.12801124444635767,-0.11426086342665714,0.013750381019700525
0.30184768601263146,0.30913965637323887,0.007291970360607414
-0.28687514413220777,-0.24992876322371485,0.03694638090849292
-0.6727511227205618,-0.6709640982202341,0.0017870245003277496
0.020345192652412438,0.03380302530680564,0.013457832654393199
0.7563586313357239,0.7507284954768549,0.0056301358588689565
-0.8903199124700122,-0.8861669525419629,0.004152959928049316
0.6883506550228943,0.6900649437898942,0.0017142887669999718
0.7227554880013275,0.7148062597082216,0.007949228293105848
0.23790299600569603,0.22633788178264327,0.011565114223052758
-0.9246201557630171,-0.9100615639099741,0.01455859185304309
0.43083494287751567,0.4270762507851086,0.00375869209240709
0.7022507514835055,0.7096261218125366,0.007375370329031128
-0.9403894149583475,-0.9225558001467272,0.01783361481162027
-0.7735961516471695,-0.7711942026374035,0.002401949009766091
-0.8713215548263019,-0.8553779491577478,0.01594360566855413
-0.9417184686644137,-0.9312452146862883,0.010473253978125374
0.6968158670677936,0.6786383843403706,0.018177482727423033
0.8126118546475908,0.8135244688985954,0.0009126142510046398
0.13428668705757618,0.13621640481438554,0.0019297177568093626
0.18307836529125965,0.16894109709793623,0.014137268193323421
-0.909481598377664,-0.8895813470511683,0.019900251326495644
-0.5477881902180194,-0.5358201667742432,0.011968023443776232
-0.8201401918682079,-0.8167755641901251,0.0033646276780827655
0.2159578945589577,0.1994982046945148,0.016459689864442906
0.5156209369709513,0.5150987098767347,0.0005222270942166762
-0.22557321284948267,-0.21562240556017326,0.009950807289309416
-0.11339839147273752,-0.10450764922885632,0.0088907422438812
-0.9319785081483009,-0.9165170879799253,0.015461420168375595
-0.20719741091006863,-0.2232130562123475,0.016015645302278864
0.6265417806168011,0.6259230559308315,0.0006187246859695739
-0.8475996285472643,-0.8406782280490723,0.00692140049819201
0.6144363448894646,0.597185444759665,0.017250900129799684
-0.9265043323536121,-0.9079363311776275,0.01856800117598456
0.3036373244015745,0.2866657753976202,0.016971549003954256
0.8561422816434483,0.8490414595878077,0.007100822055640554
-0.7677296221175043,-0.7656966159943254,0.0020330061231789154
0.3560404404757425,0.3567824950218589,0.0007420545461163663
-0.44835219944036636,-0.4357454957918873,0.012606703648479045
-0.7578191531068451,-0.7535047543551924,0.004314398751652737
0.28682691303204083,0.292836851121101,0.006009938089060196
-0.2037369472747431,-0.19342064268646272,0.010316304588280367
-0.5333677222947518,-0.5418916525266498,0.008523930231898014
0.20105439193661234,0.18066409804583103,0.020390293890781314
-0.6039192462658299,-0.5984876110671752,0.0054316351986547495
-0.5734724959509984,-0.573243654874417,0.00022884107658138753
0.8194391417966637,0.805908868657141,0.013530273139522708
0.05362553306824613,0.0655215644934799,0.011896031425233773
0.9782571175267104,0.9594370125581501,0.018820104968560347
0.589941983884994,0.589515383171678,0.00042660071331601657
0.766038097281768,0.7483759438583847,0.017662153423383287
-0.5256514926254279,-0.5224880129377837,0.0031634796876441884
0.9156010366240105,0.9061369634654619,0.00946407315854858
-0.6739227794133619,-0.6581460486320484,0.015776730781313475
-0.41153149930822097,-0.412852272613602,0.001320773305381051
-0.7805574952755707,-0.7677249568614966,0.012832538414074168
-0.32544403389769905,-0.3049782460174223,0.020465787880276753
0.8650259397610833,0.8515880064286063,0.013437933332477003
0.9582347491610554,0.9496689271999201,0.008565821961135311
0.14513549891608044,0.15024492290864833,0.005109423992567891
-0.11334975872956411,-0.10545595776614347,0.007893800963420641
-0.6964594969446597,-0.7070656344672306,0.010606137522570891
0.2262887016505739,0.24679744938178147,0.02050874773120756
0.8119398021444789,0.8046595499270807,0.007280252217398253
-0.5450944941670096,-0.5415083772470889,0.0035861169199207232
0.7293410968053426,0.7317006491772402,0.0023595523718975553
-0.7069087492178716,-0.7052661940306378,0.001642555187233774
-0.8010634830099395,-0.7969638271308621,0.004099655879077346
-0.482964302815137,-0.48716513995738203,0.004200837142245006
0.4541494773896689,0.4520871746082814,0.0020623027813874706
-0.5828820411084963,-0.5728995260716753,0.009982515036821016
0.4443039515764592,0.42601384865176617,0.01829010292469302
0.6672902996141901,0.6486947660198347,0.018595533594355396
-0.771995951396263,-0.7542992293594929,0.017696722036770085
-0.2217021398758871,-0.22993893276609573,0.008236792890208622
0.5902497824907946,0.5777115512430444,0.01253823124775022
0.7307995415488643,0.7264531923332139,0.004346349215650358
0.4208896689009926,0.41869201911926573,0.0021976497817268736
0.9251339975909502,0.9156083275059973,0.009525670084952864
-0.5197031015801057,-0.519665218264133,3.7883315972653264e-05
-0.3275266731707553,-0.3262565482823446,0.001270124888410662
-0.3660464157380875,-0.36790289755104255,0.0018564818129550575
-0.5392290117605544,-0.5364839844482938,0.0027450273122605617
-0.8780187181758994,-0.867870974545922,0.01014774362997739
-0.4166290067545539,-0.40185769811467903,0.014771308639874858
0.7909805679550564,0.7718395287588716,0.019141039196184817
-0.6102935549649541,-0.5956220082464362,0.014671546718517892
0.6931877527327505,0.6319369592215621,0.06125079351118834
0.6892732433141598,0.6815755687900348,0.007697674524125064
-0.16390495090823043,-0.15189757580158839,0.012007375106642043
-0.8717910971811424,-0.8601353462757921,0.011655750905350315
-0.2731721541251058,-0.27730795936072733,0.004135805235621515
0.37626353150696673,0.36176975579395687,0.01449377571300986
0.5200284295456544,0.5101443529594637,0.009884076586190726
0.33218859025076397,0.3158917732568657,0.01629681699389829
0.941232498322806,0.9341580473773728,0.007074450945433131
0.375146434433163,0.37394009360618363,0.0012063408269793463
0.8847733225778316,0.87135742774209,0.01341589483574157
-0.4344863725303389,-0.42593833292372413,0.008548039606614766
-0.9610305845523248,-0.9491114723436802,0.011919112208644611
0.8947947427970634,0.8843019963497614,0.010492746447302026
0.1387870728134649,0.1457848731653728,0.006997800351907918
-0.006020322658214848,-0.028711103897423745,0.022690781239208896
0.8339117561265287,0.831619965464778,0.00229179066175067
0.5661633453399519,0.5496181563652499,0.01654518897470203
-0.3140916972180951,-0.29863556331952573,0.015456133898569369
-0.12513134051869393,-0.10456175052424743,0.020569589994446497
0.936005734258445,0.9222566883496002,0.013749045908844848
0.5438390890121645,0.5394563573466505,0.00438273166551395
0.5143739495308466,0.5219000533099761,0.007526103779129545
-0.2853184066410553,-0.27691103920556653,0.008407367435488755
-0.4867944365621304,-0.4989857434667413,0.012191306904610899
0.023796069584949,0.013545064473573818,0.01025100511137518
0.9037199631342617,0.8915555949194254,0.012164368214836352
-0.8497500754418426,-0.846570099903367,0.003179975538475599
0.013889889498402667,0.0051489578949050815,0.008740931603497586
0.5184215631733718,0.5091225102903683,0.009299052883003589
0.9371835709387292,0.9221927887320637,0.014990782206665498
-0.11921064222055439,-0.12485082136679083,0.005640179146236449
0.7648945725476378,0.7451433417886528,0.019751230758984994
0.1857923828482561,0.21082813826503408,0.025035755416777966
-0.40482894988807905,-0.39460780011551627,0.010221149772562776
-0.510523732984018,-0.5112477857401806,0.0007240527561626076
0.8311321029767581,0.7905525510644599,0.04057955191229823
0.41128880317147715,0.4085909299529087,0.0026978732185684584
0.18317007576864472,0.18719976029129554,0.004029684522650817
-0.33954560387534105,-0.32295674869840757,0.01658885517693348
0.22289954226865152,0.22622621926449737,0.003326676995845851
0.8645233101523473,0.8444580150777992,0.02006529507454813
0.3710667424429247,0.35693444136654245,0.014132301076382248
0.9125748965184696,0.9019814962487473,0.01059340026972222
-0.8401859724843563,-0.8358598960023131,0.004326076482043195
-0.5487162412504701,-0.530562874906461,0.018153366344009103
-0.9746707800390152,-0.9615592356964948,0.013111544342520376
0.21604641146395612,0.2237028553700717,0.007656443906115584
0.010029180513490086,-0.00332825773160766,0.013357438245097747
-0.8218532868975396,-0.8085971522883667,0.013256134609172854
-0.5347155474196572,-0.5195927364428222,0.015122810976834988
0.8283167941888111,0.8163170392691812,0.011999754919629901
0.9376269548930652,0.9229462983499223,0.01468065654314299
0.8699870812544592,0.8610198555568265,0.008967225697632752
0.3782575909871005,0.3840162430030575,0.005758652015956989
-0.08174741897067819,-0.05098430542825557,0.030763113542422622
-0.17793901233151904,-0.18121150876916187,0.0032724964376428245
-0.600395423197069,-0.5926073583441633,0.0077880648529056185
-0.07293204359317591,-0.03540382930941436,0.03752821428376155
0.9380245171324569,0.9233161460581336,0.014708371074323323
0.05266330927574136,0.05070034520960976,0.001962964066131598
-0.2064088727691207,-0.201401412930014,0.005007459839106693
-0.31851614995340766,-0.32407555581330794,0.005559405859900279
0.6577661170539157,0.648060976055462,0.009705140998453765
-0.5244151187969074,-0.5156676716977736,0.008747447099133776
0.9336817966121598,0.918920146374761,0.014761650237398727
-0.6544922336125899,-0.6423426668424626,0.012149566770127351
0.8052818223591524,0.8057657902513008,0.00048396789214844027
0.3562194776937364,0.36606722082870735,0.009847743134970943
0.06858305779091003,0.07128835154680328,0.0027052937558932483
-0.9263841842456864,-0.9159575139150308,0.010426670330655585
0.5494318452191741,0.5482726356775847,0.0011592095415894343
0.18854910611850548,0.19492813301629885,0.006379026897793377
0.2751873571357519,0.28208662718743355,0.006899270051681672
0.7868099457564638,0.7675359764528892,0.019273969303574612
-0.5813886868685687,-0.5771423018861127,0.004246384982455997
-0.44552060208263417,-0.4304804255749421,0.015040176507692071
-0.3460655099455032,-0.35589011268786425,0.009824602742361022
-0.2991871608850749,-0.2798279317328869,0.019359229152188018
0.07919946466232712,0.08031889326357813,0.001119428601251013
-0.09286236501650655,-0.08126904504097701,0.011593319975529537
-0.6176494239115042,-0.6092293323625529,0.008420091548951292
0.7943635138028413,0.7838964019728611,0.010467111829980169
-0.06752210284588464,-0.06424660481362741,0.0032754980322572264
-0.9370243243328288,-0.9249025905049043,0.012121733827924475
-0.9264478209250525,-0.9114265022774464,0.015021318647606141
-0.8600553435161676,-0.851303254842958,0.008752088673209646
-0.5279584056916357,-0.5332084588848153,0.005250053193179616
-0.26043623649095765,-0.266163058785855,0.005726822294897349
0.17132014566599071,0.15865976534284032,0.012660380323150394
0.3858262379857258,0.38441026222753855,0.001415975758187249
0.49804108196990377,0.48936474051159223,0.008676341458311532
-0.5929371140216528,-0.5882268276289345,0.00471028639271831
-0.8574964046005521,-0.8504277197552995,0.007068684845252582
-0.6859231505600173,-0.6691281270594183,0.016795023500599027
-0.9235176477590232,-0.9136026044438827,0.009915043315140482
-0.3671514459975119,-0.3769427957993826,0.009791349801870686
0.4197369782183934,0.41695111925000083,0.0027858589683925628
-0.7944477492360763,-0.7884845052783969,0.005963243957679443
-0.9551496658086629,-0.9421354523979301,0.013014213410732833
0.7117423654224471,0.6915806260398948,0.02016173938255228
0.9023657560958844,0.8804079473390505,0.021957808756833952
-0.9389588633725914,-0.930290809465449,0.008668053907142426
0.251155822042855,0.24571166622575918,0.0054441558170958415
0.8161416676668357,0.80607730398079,0.010064363686045685
-0.9275699602536776,-0.9233450411096586,0.0042249191440189016
0.6185887155902217,0.59624160530373,0.02234711028649161
0.3751218841050349,0.38418487133381063,0.009062987228775743
-0.8765891779725591,-0.8705337218199289,0.006055456152630145
0.7747625736730901,0.7782349965002827,0.0034724228271926227
0.19382680848871686,0.1794679692354924,0.014358839253224454
-0.5881926587872934,-0.5721849241362337,0.016007734651059757
0.612048024667264,0.5940096288657986,0.01803839580146549
0.34898590919610295,0.353749303605502,0.004763394409399047
-0.917011658338084,-0.9040132758122835,0.012998382525800434
-0.48242341135787636,-0.4627728934840498,0.019650517873826545
-0.3109215448517136,-0.3087337760950639,0.002187768756649666
0.716921735035435,0.707814184105708,0.009107550929727037
-0.6167178374555319,-0.6156641079225812,0.0010537295329506868
-0.0808040275085319,-0.07480171664991775,0.006002310858614149
0.4529860403738653,0.4510147900712668,0.0019712503025984818
-0.8275310384327207,-0.8229306447143542,0.004600393718366513
0.8868890570158192,0.8880508546605602,0.0011617976447410028
-0.44582494619441243,-0.4359764945787378,0.009848451615674603
-0.17356608924439643,-0.1891436089567675,0.015577519712371063
-0.5314911010363852,-0.5316791199031572,0.00018801886677199953
-0.35615428219666245,-0.3613778638385237,0.0052235816418612635
-0.7976710199784529,-0.7786996822816838,0.018971337696769064
0.41431616694949047,0.421993176600363,0.007677009650872535
-0.922146805581938,-0.9038285347434849,0.018318270838453055
0.7489357024955045,0.7423371779902734,0.006598524505231018
0.6918171401427914,0.6754641869753044,0.016352953167486972
0.7851744877395097,0.7690734232316729,0.01610106450783677
-0.25048914015496215,-0.2333088917346889,0.017180248420273242
-0.19091453963522848,-0.1846943860567389,0.006220153578489568
-0.9293136069434584,-0.9202229703873395,0.00909063655611897
-0.8433035834604724,-0.8317570194958855,0.011546563964586865
-0.5655001527560686,-0.5473180335734326,0.018182119182636014
0.25021549803259746,0.25397666025262783,0.0037611622200303674
-0.34727150473560625,-0.3573648431953113,0.010093338459705059
0.8698255552028841,0.8587881632084688,0.011037391994415224
-0.5529762590824859,-0.5581007752949695,0.005124516212483554
-0.7767103852248594,-0.7659472463976169,0.010763138827242447
-0.15853709735468302,-0.16839714272213407,0.009860045367451054
0.10362160875781586,0.10908932590921279,0.005467717151396934
0.9179020006535693,0.9014380422959365,0.016463958357632813
0.5989087971274835,0.5938809117766986,0.005027885350784911
0.7017980266171189,0.6840537906859787,0.017744235931140162
-0.6221353952465405,-0.6134137449244873,0.008721650322053187
-0.7983188275579339,-0.7799744538348093,0.018344373723124585
-0.3362008055836356,-0.34047990634065817,0.004279100757022591
-0.46315047610913784,-0.4639728823770066,0.0008224062678687805
-0.9224420358109748,-0.9069877711409702,0.015454264670004658
-0.10735605479810159,-0.117162972512375,0.009806917714273403
-0.9584003201580572,-0.9503580633415674,0.008042256816489846
0.09246484012723871,0.0809715007318248,0.011493339395413915
0.1343263441857067,0.12206491157143189,0.0122614326142748
0.01810943323710296,0.009552877326427307,0.008556555910675653
-0.5925429947705624,-0.5768781184324239,0.01566487633813851
-0.24639624308957137,-0.2553407152157375,0.008944472126166114
-0.31815448572777305,-0.30749515331037225,0.010659332417400802
0.32947323987334104,0.343921473724741,0.014448233851399983
0.6580996004782489,0.6371692555615223,0.02093034491672663
0.7294874561910223,0.7250752741271658,0.004412182063856518
-0.6908738909825081,-0.6912666039297585,0.0003927129472504065
-0.8324445993938586,-0.8300712880492425,0.002373311344616158
-0.8057247672738366,-0.7861405221490032,0.019584245124833366
-0.7677867190110668,-0.7574890516276526,0.0102976673834142
0.8750836768663144,0.8614412458659335,0.013642431000380872
-0.867013220816876,-0.857048405460961,0.009964815355915091
-0.9183705878695603,-0.9002900788361097,0.018080509033450598
0.9457109176331886,0.9293106561643046,0.01640026146888396
-0.8185963968234026,-0.8066678887726396,0.011928508050762954
0.5519829574467161,0.5461359024595072,0.005847054987208944
-0.9458401079757848,-0.933637111667077,0.012202996308707803
-0.21260178221007658,-0.20020137440830735,0.012400407801769237
0.8309494038459794,0.8136726924508332,0.017276711395146194
-0.8031501855400087,-0.8009121057024796,0.0022380798375291056
-0.17742461257116585,-0.17212609698088918,0.0052985155902766645
-0.6266535430217615,-0.6259951008966445,0.0006584421251170092
-0.8784682083742142,-0.8640496078315439,0.014418600542670301
-0.2373324763701491,-0.22057278645427877,0.01675968991587032
-0.7806702422361403,-0.7683890548322014,0.012281187403938909
-0.6966244232827125,-0.6862964563099828,0.01032796697272964
-0.735116343628259,-0.719246976555981,0.01586936707227793
0.6586824683871335,0.6595321041344865,0.0008496357473529725
-0.8581059114131346,-0.8508278103724977,0.007278101040636975
0.1591346214111112,0.15308603060314582,0.006048590807965382
-0.6292342430335999,-0.621238574512236,0.007995668521363908
-0.8756999927912049,-0.8633174373943641,0.012382555396840855
0.8245353326090348,0.806338957123749,0.018196375485285743
-0.13235371518038241,-0.1370968221093194,0.00474310692893698
-0.04912342129098142,-0.050796255227461944,0.0016728339364805236
0.6498855171336719,0.6429275861147363,0.006957931018935604
-0.9441807144590584,-0.9361156770816086,0.00806503737744979
-0.5373294500096474,-0.5274798795311081,0.009849570478539293
-0.4955986192842456,-0.4865005204471327,0.009098098837112878
-0.321279706359821,-0.3279150353249474,0.006635328965126419
0.3646726774056922,0.3658475954682803,0.0011749180625880706
-0.878313602428206,-0.8592492359927476,0.01906436643545839
-0.8458415853973436,-0.8405559778639352,0.005285607533408343
-0.7389681117561638,-0.7357219767635932,0.0032461349925706484
0.8967851162173758,0.8772413646731629,0.01954375154421284
0.2425062977603537,0.2555730821847954,0.013066784424441702
-0.9351575362046568,-0.9175105188464744,0.017647017358182415
0.6275395575101024,0.6136636009239691,0.013875956586133276
-0.09573570709376002,-0.08764875812402279,0.008086948969737232
-0.3631896327886403,-0.36712488194693016,0.003935249158289855
-0.848360959972941,-0.8412863449747846,0.0070746149981564255
0.8209674585855354,0.8009897811564588,0.019977677429076635
0.7481988551914973,0.7369333111014186,0.011265544090078738
0.6684816956137135,0.6498088493929127,0.018672846220800787
0.6845349014745898,0.6703506525971697,0.014184248877420091
-0.7949635291499033,-0.7906815046875398,0.004282024462363476
0.5781517798446327,0.5681162900813351,0.0100354897632976
-0.49860228784917526,-0.5045311794183687,0.005928891569193406
0.7782029015837889,0.7610035412590713,0.017199360324717583
0.6867041963668775,0.6804057522066813,0.006298444160196204
0.05246148150009462,0.028310697940038185,0.024150783560056437
-0.7055098507822162,-0.6969764171235814,0.008533433658634793
0.7569813723906104,0.7483814705545875,0.008599901836022883
-0.677875762483899,-0.6603887283206712,0.017487034163227833
-0.7788536815621795,-0.7775345059911738,0.001319175571005693
0.36734587188682555,0.3625487178043842,0.004797154082441357
0.1067495933310399,0.11306406369777094,0.006314470366731051
0.9630669168024252,0.9560068202554591,0.007060096546966044
0.6645125783945406,0.6560341728896926,0.008478405504848019
0.9221436891226492,0.9085072767967715,0.013636412325877756
-0.5096565603546063,-0.5031062429795916,0.006550317375014658
-0.4129092169101105,-0.4186219264426571,0.0057127095325466
0.5853976625994489,0.5538431811886915,0.03155448141075745
-0.6622931557280475,-0.6620536946015135,0.00023946112653394636
0.6303499575292704,0.6263359932573508,0.004013964271919579
0.8738238813631368,0.8613058803108012,0.012518001052335581
-0.4285009068306296,-0.43372724601725626,0.005226339186626683
0.9532322428756871,0.9470642516741887,0.006167991201498357
0.2917300460353811,0.29451156777065546,0.0027815217352743504
-0.9426441368584905,-0.9250410589559123,0.0176030779025782
0.7846277394893054,0.7734752592697636,0.01115248021954185
-0.5450872512543776,-0.5330257282475785,0.01206152300679908
-0.7128599479716458,-0.6931980454862136,0.019661902485432203
0.9552416724340248,0.9352596091265244,0.01998206330750041
-0.04897400769772952,-0.040932525363482145,0.008041482334247375
0.6335537742078847,0.6147481258170994,0.018805648390785357
-0.029649012741152846,-0.02027288948582486,0.009376123255327988
-0.28323659211178154,-0.2827256234835784,0.0005109686282031567
0.9385518812941952,0.9209582091510732,0.01759367214312202
0.7257856302298709,0.7210181957467013,0.004767434483169519
0.5303897124831545,0.5347980069489737,0.004408294465819251
-0.4746651365533587,-0.4695553731707167,0.005109763382641963
0.7431341903866358,0.7323657152380517,0.010768475148584034
0.3741450712417867,0.35976295038752726,0.01438212085425944
0.009079823007285883,0.007554738584230044,0.001525084423055839
0.5663861273018097,0.5541035811210537,0.012282546180755971
-0.2741782870535212,-0.27462551054660167,0.00044722349308046194
0.9393478155741621,0.9269032192340138,0.012444596340148384
0.5486083975626679,0.548941289934358,0.00033289237169009667
0.7119822429391843,0.707275423679322,0.004706819259862383
0.09784350365585218,0.10467005141024374,0.006826547754391565
0.5672637981268647,0.5509635139447504,0.016300284182114266
-0.9738171737640972,-0.9615864322442098,0.012230741519887345
0.8809727013229041,0.87414674074178,0.006825960581124058
0.9257105385462424,0.9135885513845683,0.01212198716167412
0.6626498163823502,0.670194565262012,0.007544748879661833
-0.7971979338367218,-0.7846333914890304,0.012564542347691332
0.8724003903346177,0.860699282303432,0.011701108031185736
-0.8282478037507482,-0.8089753372212104,0.019272466529537846
0.8478449336503656,0.8394924394030292,0.008352494247336417
0.8209130031775974,0.8123454949016956,0.008567508275901803
0.1452853077738571,0.13419158363281514,0.011093724141041955
-0.9313315562474597,-0.9191220030030544,0.012209553244405313
-0.09259348101332184,-0.08801947364602114,0.004574007367300695
-0.9395786871060291,-0.9277336631914818,0.011845023914547337
0.6757352038055158,0.668455418447089,0.007279785358426771
0.09246391365590818,0.08924967303942351,0.003214240616484676
-0.298609200480493,-0.3026450010225711,0.004035800542078083
-0.9442641046483307,-0.9225489874514168,0.02171511719691388
0.3239908558937198,0.3280574652601795,0.004066609366459695
-0.06292205614668583,-0.05056907080242841,0.012352985344257425
0.6659737054301007,0.6578043606851269,0.008169344744973772
0.728483745304137,0.7183104267488315,0.010173318555305455
-0.10036030604970442,-0.10564350081011477,0.005283194760410351
0.48526513258209,0.4963063047448162,0.01104117216272621
0.8915326787556483,0.8844143421045019,0.007118336651146473
0.76718622586187,0.756919453390388,0.010266772471482
-0.35557366724112915,-0.3567992157736432,0.0012255485325140536
0.1951715071529329,0.20006027239165644,0.00488876523872353
-0.5385839615817021,-0.521833890850627,0.01675007073107504
0.5528722540498393,0.5605733561339051,0.007701102084065825
0.953821651379991,0.9312076254070216,0.022614025972969354
-0.8370090293059438,-0.8184598472523403,0.018549182053603452
-0.9457109370590445,-0.9340356480251405,0.011675289033904024
0.07246750590919822,0.08169697829313788,0.00922947238393966
0.4366206723327222,0.41967484631589147,0.016945826016830756
0.9627175095682657,0.9527010354173616,0.01001647415090412
-0.5521563112886381,-0.5207829255282341,0.03137338576040394
-0.8180127401962648,-0.8001425754105992,0.01787016478566561
0.9430497993744462,0.9338634584952854,0.009186340879160815
-0.10124525682875124,-0.08767127583010337,0.013573980998647872
-0.0004188793118174171,-0.03833031415238605,0.037911434840568636
0.7379325034163569,0.7423196391277176,0.0043871357113607345
0.5541820842226788,0.5622970370464988,0.00811495282382002
0.8326031227196719,0.821945443474586,0.010657679245085872
0.6098012635050579,0.6036260409808059,0.006175222524252066
0.8323325151445039,0.832907605027265,0.0005750898827611151
0.43467505826093744,0.43954686744242927,0.004871809181491826
-0.746497871049708,-0.731513920764435,0.014983950285272996
-0.5684710687495639,-0.5499036397559705,0.018567428993593427
0.8959871708870394,0.8826945191904734,0.013292651696566016
-0.5493971067281526,-0.5327247468540481,0.016672359874104425
-0.1074807199993832,-0.09175268306783124,0.01572803693155196
0.79275966722682,0.7857730549300327,0.00698661229678732
-0.4347549730583416,-0.44004930904407186,0.0052943359857302585
0.6767395032909282,0.669255572201414,0.007483931089514284
0.24165365445982248,0.24186668884376972,0.00021303438394723595
0.8353396823668008,0.8283865647778104,0.006953117588990421
-0.9292866987453526,-0.9211665415275222,0.008120157217830437
0.9066779909931719,0.8880906668810888,0.01858732411208308
0.8261538901720892,0.8223670133920445,0.0037868767800446346
-0.9424132621628389,-0.9260822042956657,0.01633105786717326
0.17194704873293828,0.17250040798811017,0.0005533592551718869
-0.19224959197794306,-0.18727333330942442,0.0049762586685186405
-0.8790358744057697,-0.8657189117745504,0.013316962631219287
-0.6274288322531374,-0.6228911668769853,0.004537665376152078
0.07876617004455734,0.08892410481182839,0.010157934767271046
-0.10024124411867351,-0.10016472444863697,7.651967003653726e-05
0.871824319079612,0.8527213195092428,0.019102999570369206
0.029806851337946152,0.0317526020966514,0.0019457507587052475
-0.32337141512878526,-0.32746486984101064,0.004093454712225386
-0.336624571286061,-0.3281902725059834,0.008434298780077565
0.4678436903698719,0.44934720277272505,0.018496487597146838
0.34226189171082555,0.3443540357416882,0.0020921440308626638
0.9410372035334359,0.9329225085360594,0.008114694997376493
0.5275865665133871,0.5170353121971221,0.010551254316265024
0.5354512589868734,0.5424683351782178,0.007017076191344396
-0.611567264138122,-0.6002682285051086,0.011299035633013377
0.4761547637881301,0.476895459081579,0.0007406952934488897
0.6160971003222362,0.607675474031751,0.008421626290485151
0.019705181416475273,0.03174624905802742,0.012041067641552147
0.4465508070321737,0.43914588400469684,0.007404923027476862
0.5419202426543528,0.5291280700475,0.012792172606852836
0.25318866043033317,0.2619774379312637,0.008788777500930545
0.7249667528814567,0.7043948676845188,0.020571885196937978
-0.36703232119447043,-0.3724213326040951,0.005389011409624667
-0.7524173487243806,-0.7404412715638905,0.011976077160490095
-0.8085665874350632,-0.7815187045562083,0.027047882878854845
0.2987926053400835,0.31187009915459557,0.013077493814512064
0.8157216986644601,0.8058799537756709,0.009841744888789195
-0.5780160412839406,-0.5724808470813456,0.005535194202594962
0.8419172556547468,0.833101836288442,0.00881541936630481
0.69459649184074,0.6857863783696195,0.008810113471120484
0.6132499896065378,0.6000108766629718,0.013239112943565945
-0.3080357234369792,-0.31503052898588124,0.006994805548902028
0.8377097549141321,0.8190456819677592,0.018664072946372956
0.8091427277254365,0.8086864531344031,0.00045627459103336765
0.6540934675021114,0.6451775675148467,0.00891589998726472
0.7624291519883776,0.7533531655805598,0.009075986407817815
0.614130819051451,0.6001084742192957,0.014022344832155254
-0.28990838481500497,-0.29745406989493767,0.007545685079932696
0.8309867431417012,0.8306253736600494,0.0003613694816517743
0.6300768488050725,0.6237049859728407,0.006371862832231789
-0.7812341025843955,-0.769160018325841,0.012074084258554496
-0.7783952831706475,-0.7608387957829393,0.01755648738770821
0.7630468746095551,0.7553162036366705,0.007730670972884601
-0.9144394357777104,-0.9083671919269727,0.00607224385073768
0.9552353107336577,0.9394527023783688,0.015782608355288996
-0.9393269911772614,-0.9200364295819674,0.019290561595293965
0.9390122353872674,0.9271596600919123,0.011852575295355106
0.918017029181326,0.9113000354475117,0.0067169937338142915
-0.7497291665591806,-0.7377835218465624,0.011945644712618275
0.4211718417807039,0.42087296095414245,0.0002988808265614318
-0.20326414265574697,-0.19792780403911397,0.005336338616632991
-0.5131729136445167,-0.5061346991158614,0.007038214528655273
0.9408184854156086,0.9241564970967454,0.01666198831886323
-0.7435142712521808,-0.7210426835290445,0.022471587723136288
0.529872862055278,0.5264541331324145,0.0034187289228634343
0.025552457850068967,0.016049997663256647,0.00950246018681232
-0.7696650487438176,-0.7676226520900922,0.002042396653725409
0.8860461293422173,0.8785128515063771,0.007533277835840124
0.14939377799109965,0.14330631900963334,0.006087458981466315
-0.9818631572124509,-0.9758749912412127,0.005988165971238191
-0.8689561813100815,-0.860196673406229,0.008759507903852493
0.7406454497739591,0.7165183143724217,0.024127135401537325
-0.4061187086898479,-0.41640582906374046,0.010287120373892567
-0.8263027193812735,-0.8135045148688984,0.012798204512375122
0.3965260331413581,0.3933079174477413,0.0032181156936167965
-0.34669883066134927,-0.3476147362790762,0.0009159056177269198
0.9051536959490872,0.9002536369355141,0.004900059013573155
0.8256256879755137,0.8091145818566441,0.016511106118869634
0.9389743496729017,0.9333186641907273,0.005655685482174433
-0.1604721765545261,-0.16777650112872927,0.007304324574203158
-0.17386494158974394,-0.16344072316515526,0.010424218424588683
0.20512916156201746,0.20902947032611335,0.003900308764095889
-0.01611039525631342,-0.00916122193055593,0.006949173325757492
-0.6920831136122138,-0.6810061616727148,0.01107695193949898
-0.5893791198746451,-0.5717327331294125,0.017646386745232556
-0.9595954639283075,-0.946003350137269,0.01359211379103853
-0.14194615264400956,-0.1482676164503726,0.006321463806363031
-0.3636817117347887,-0.36764180134979135,0.00396008961500266
0.8334458889010109,0.8243598865088952,0.009086002392115655
0.0499057859732748,0.022819208087805028,0.027086577885469774
0.42543752259317924,0.41026760753069313,0.015169915062486106
-0.8595132882506498,-0.8553449790887941,0.004168309161855621
0.9064060302335728,0.895954082485695,0.010451947747877832
0.3045197441499626,0.2855909231044109,0.018928821045551658
0.5751625739969187,0.5705666094631217,0.00459596453379707
0.7987992151580224,0.7916254012903464,0.0071738138676760155
-0.5969137663640403,-0.5776558262223578,0.019257940141682472
-0.7181452174248226,-0.7117105047358527,0.00643471268896989
-0.9575696332653693,-0.9488379230619369,0.00873171020343233
-0.6226436138260288,-0.5836778507939808,0.03896576303204802
-0.8663848535917649,-0.8601506294560954,0.006234224135669431
-0.8122384910051141,-0.8157460585530332,0.0035075675479190327
-0.1082301723885021,-0.11889009267738163,0.01065992028887952
0.8022913240984894,0.7880116833929419,0.014279640705547436
0.18041131820089348,0.17971739017227772,0.000693928028615759
-0.6289594379265347,-0.6150099142750838,0.013949523651450968
0.1695751124078718,0.1701606341227596,0.0005855217148878211
-0.9662661889087262,-0.9478552124629033,0.018410976445822902
-0.44246116215395326,-0.43392245682940994,0.008538705324543316
0.9182874861244588,0.9102006566822034,0.008086829442255361
0.10212255929589806,0.09264756477143998,0.009474994524458075
-0.26885081730380156,-0.27355252155142584,0.004701704247624283
-0.2809013280772188,-0.28481698587061594,0.003915657793397143
0.2918143999938697,0.2770468194973378,0.014767580496531929
0.3995860710248297,0.38562870073252814,0.01395737029230154
-0.15340946503791403,-0.16239876369107653,0.008989298653162503
0.2072632659069201,0.2156633464776231,0.008400080570703017
-0.7575080894633119,-0.715633005742019,0.041875083721292894
-0.74641395915819,-0.7367804588681992,0.00963350028999077
0.015771645438413626,0.04474310697684312,0.028971461538429492
0.2351194448292191,0.24170481732560511,0.006585372496386022
0.8340306058518459,0.8298404550801702,0.004190150771675616
0.9403502061717718,0.9305555604673277,0.009794645704444105
0.39493271520702916,0.3677029040164904,0.027229811190538744
0.8526627496791838,0.839921853290846,0.012740896388337752
0.9452647656283294,0.9367742212176023,0.008490544410727052
-0.3668879511891638,-0.37231487596019247,0.005426924771028685
-0.7280906292792163,-0.7169393645101936,0.011151264769022728
0.9557517723484377,0.945604227499582,0.010147544848855716
-0.9076894735258547,-0.8998416813073132,0.007847792218541483
0.8896595305188211,0.8776573737384978,0.012002156780323237
0.6910566568399671,0.6881948911180605,0.0028617657219065507
-0.6791133126064937,-0.681116490191507,0.002003177585013338
0.9544209751743232,0.9418350535896057,0.012585921584717497
-0.32188560818084855,-0.28079907603227516,0.041086532148573385
0.07642686747007113,0.058169178327697545,0.018257689142373586
-0.9227537356541617,-0.9135864034800917,0.009167332174070064
0.9018225941438557,0.8977508204772023,0.004071773666653344
-0.4836044424254326,-0.48723044862297604,0.003626006197543441
0.703896351649893,0.6989552716769359,0.004941079972957008
0.11311286413495328,0.08496741559180257,0.02814544854315071
-0.7278507010194858,-0.7246163980724005,0.0032343029470852658
-0.6330063002104217,-0.6150306927323336,0.01797560747808813
-0.985198524021784,-0.9775420713692544,0.007656452652529566
0.5577720666753004,0.5338780535993067,0.023894013075993703
0.4703621769564542,0.47499309199210266,0.004630915035648442
0.3956329392838377,0.40409174496865696,0.00845880568481927
-0.4119609350407078,-0.42162503792043593,0.009664102879728131
0.505125640309989,0.5044653592930596,0.0006602810169293871
0.34712357221787293,0.34802039677883023,0.0008968245609572989
0.7928340684553411,0.7728962913874866,0.01993777706785449
0.935927571001684,0.9278589061845747,0.008068664817109328
0.35040629890061575,0.3422612881082126,0.008145010792403151
-0.8469391467141574,-0.8436032460163204,0.0033359006978369576
0.8861676847245967,0.8667843420913596,0.019383342633237155
-0.9043993264818585,-0.8859055678828156,0.018493758599042898
0.9722987173421227,0.9542318213997393,0.01806689594238342
-0.8640851408816236,-0.8473273027546271,0.016757838126996494
-0.679277893141355,-0.672065472566509,0.007212420574846057
0.3006541463675385,0.304424256669941,0.003770110302402485
0.9309886598537062,0.9133778440963635,0.01761081575734269
0.600307631778795,0.5872318604217256,0.013075771357069388
-0.08903839141264953,-0.09472903667542458,0.005690645262775046
-0.9116473000683557,-0.9018743406292922,0.009772959439063533
0.8638605924482968,0.8534739681972148,0.010386624251082055
0.05264922252791104,0.04028631920986419,0.012362903318046847
-0.5449906964259084,-0.5479745873899887,0.00298389096408036
-0.8370751520496793,-0.8299485513788438,0.007126600670835481
-0.36558373031398195,-0.361953336718126,0.0036303935958559297
0.3475715209758712,0.3400141915571921,0.007557329418679093
-0.10195112609720555,-0.09550589144333317,0.006445234653872381
-0.29635298164911505,-0.29410062690750766,0.0022523547416073986
-0.12901337398925647,-0.13692309043211567,0.007909716442859205
-0.8437927160316562,-0.8156143084961004,0.028178407535555783
0.20874480085360064,0.21055504671035927,0.0018102458567586244
-0.21112958279360494,-0.20597599088222965,0.005153591911375294
-0.5236689533653014,-0.5063512805480908,0.01731767281721064
-0.9509912443124656,-0.9398870978073024,0.011104146505163226
0.14472592079332644,0.12271347827165587,0.022012442521670575
-0.5380939377029068,-0.5419740178235141,0.0038800801206072544
-0.5935801616214013,-0.5928922133591502,0.000687948262251048
0.6601512664935025,0.6483209649204508,0.01183030157305176
0.6918558943765257,0.6998407826738229,0.007984888297297155
0.7110739878755618,0.6954513742078726,0.015622613667689134
-0.8520930741954112,-0.8244815141932603,0.027611560002150926
0.13286128033590458,0.13267004638222435,0.000191233953680231
0.30473879726927555,0.29857962324440057,0.0061591740248749804
-0.6408845615209462,-0.646678591071051,0.005794029550104773
0.7516711037352433,0.7412856015508024,0.010385502184440898
0.6324007212905225,0.6309044932505953,0.0014962280399272165
-0.7426666886592642,-0.7323927402070539,0.010273948452210302
0.816673002149546,0.8066061750500446,0.010066827099501352
0.6344201583568377,0.6350452438102556,0.000625085453417884
0.4113108750159549,0.39582438431445666,0.015486490701498268
-0.7375381383505495,-0.7201691282371849,0.017369010113364558
0.6682788133887606,0.6615081823072917,0.006770631081468914
-0.944922685192204,-0.9321465697259654,0.01277611546623858
0.888305917051961,0.8791449430036417,0.009160974048319392
-0.7860596790295044,-0.7698161045660482,0.016243574463456145
0.8744488605304555,0.8705250860550506,0.003923774475404818
-0.3970896220863269,-0.37360967937712,0.023479942709206947
0.2764758209989928,0.2704470421720952,0.006028778826897618
0.629259101367041,0.6177431365985949,0.011515964768446074
-0.9037100800863616,-0.8862956953427489,0.017414384743612676
0.8943981238963781,0.8813805366916753,0.013017587204702807
-0.6031326049485549,-0.5959534577500899,0.007179147198465019
0.6306355869630419,0.6104175409710882,0.020218045991953648
0.016305534257170014,0.024189186137036595,0.00788365187986658
-0.7697953442507748,-0.7578380105335826,0.011957333717192209
-0.8848986303236843,-0.8661866276962752,0.01871200262740913
0.6326476111857123,0.6317972359417461,0.0008503752439662504
0.7986728116839087,0.7897706557790498,0.008902155904858877
-0.504715751282122,-0.4970094495518073,0.007706301730314669
-0.6626322042414091,-0.6625008569166766,0.00013134732473252253
-0.9308045370649772,-0.9250176053666439,0.005786931698333331
0.6311205302427197,0.6392405251914762,0.008119994948756482
0.06736077943295467,0.07351832193244685,0.006157542499492186
0.7214978534803334,0.7046187475816398,0.01687910589869357
-0.6794625409957216,-0.6607514030714593,0.018711137924262267
-0.2568258493719243,-0.2591632105557481,0.0023373611838237718
-0.7585549846532197,-0.7664575195424856,0.007902534889265955
-0.713793966601414,-0.7028221181699229,0.010971848431491127
-0.26299419870024215,-0.2624287925094108,0.0005654061908313412
-0.4739813126514967,-0.4791792745207779,0.005197961869281231
-0.4579450444209368,-0.4618597317386418,0.003914687317705001
-0.8514201013839637,-0.8323146123739303,0.019105489010033394
-0.537821024545422,-0.5295390425254207,0.0082819820200013
-0.6840428652736392,-0.6839950748857824,4.779038785684975e-05
-0.8886899252076357,-0.8793301188958123,0.009359806311823426
0.3849022967910517,0.39079011333962316,0.005887816548571456
0.7565486217173159,0.7481360200668913,0.008412601650424567
-0.1658367179573761,-0.15821627504798239,0.007620442909393704
0.012967587028806404,0.007506994891089532,0.005460592137716872
0.1413474823873637,0.14642607036349214,0.005078587976128451
-0.04064840112169014,-0.0754937928317166,0.034845391710026465
-0.622153976084483,-0.6162004485633689,0.00595352752111411
0.01700613283478465,0.017690409916655457,0.0006842770818708058
-0.8671094517242659,-0.8538964949043578,0.013212956819908084
0.44720588802390115,0.46588401534745616,0.018678127323555005
0.9371010119595343,0.9250109641322255,0.012090047827308825
-0.2674544073535396,-0.252389444040964,0.015064963312575619
-0.2045308474097582,-0.19462211818061223,0.009908729229145957
-0.8136197409766199,-0.7981033587420667,0.015516382234553205
0.6763405596488049,0.6829826655176394,0.006642105868834514
0.28806580266707044,0.28037319359196017,0.007692609075110268
-0.5239382002722758,-0.5077336630863718,0.016204537185903978
0.26613981431975264,0.27618906362738793,0.010049249307635288
0.25020589229808193,0.2325018361374396,0.01770405616064233
-0.35403844978105936,-0.3464456469043295,0.007592802876729865
-0.6163140377792208,-0.6180005423882515,0.0016865046090307478
0.8451814104132517,0.8287879944644483,0.01639341594880339
-0.8373300315332952,-0.8274572899497706,0.00987274158352458
-0.6101086584579801,-0.6013669397151983,0.008741718742781845
0.7411468432865675,0.7339989996777618,0.007147843608805715
0.9020618089461823,0.9037650365013626,0.0017032275551803755
0.8814846583602285,0.874212105411181,0.007272552949047495
-0.18872902353860752,-0.18323222137284723,0.0054968021657602895
0.22212087398553262,0.21623017124049612,0.005890702745036502
-0.13295332616568611,-0.12778956127311636,0.0051637648925697555
0.874346249260012,0.8761693812273024,0.0018231319672903368
-0.6436358475490016,-0.6380102366778814,0.005625610871120235
-0.5486085285971178,-0.5413807904051602,0.0072277381919576555
-0.6991505195072921,-0.7029499720951906,0.0037994525878984886
-0.23172012715695925,-0.23416982842065376,0.0024497012636945092
0.920655836171793,0.9089612517014833,0.011694584470309688
0.23825567658120034,0.25573172412335016,0.01747604754214982
-0.20787265358244172,-0.2161705667445812,0.008297913162139486
0.5372794052296187,0.5346806317341132,0.002598773495505524
-0.07060490219088243,-0.06315706985022591,0.007447832340656518
0.27356392366687277,0.26775076302029066,0.005813160646582105
-0.594622205780829,-0.5777421585751134,0.016880047205715676
0.4572159031244845,0.4562204762959705,0.000995426828514001
0.44841737910811674,0.45618064975916267,0.007763270651045928
0.7435750538307428,0.7349564810487171,0.008618572782025713
0.9241714640998923,0.9216847180557408,0.0024867460441514444
-0.897123277816736,-0.8813779270928328,0.01574535072390315
-0.9600593322781845,-0.9443028480923605,0.015756484185823982
-0.8988008609195774,-0.8927062471987272,0.006094613720850295
-0.7970791647175212,-0.7832004576898708,0.013878707027650372
-0.41834088087925,-0.4058902986638633,0.012450582215386696
-0.7458403775258086,-0.7438846749780346,0.0019557025477739964
-0.9221108776041286,-0.9135665124815449,0.00854436512258372
0.36360848977378635,0.3492038226405112,0.01440466713327515
0.3841806071080152,0.3915120173755592,0.00733141026754397
-0.8590300910922825,-0.8565629183487817,0.002467172743500723
-0.2420750084151101,-0.23525936297328637,0.0068156454418237256
-0.9429938731643265,-0.9318567218513456,0.011137151312980875
-0.5184441545803062,-0.5108018838363797,0.007642270743926538
0.11222846197999146,0.10165827358973982,0.010570188390251645
-0.5434225081348542,-0.5326313562691004,0.010791151865753745
0.26781923103789207,0.2778138947784513,0.00999466374055924
-0.8310695168233839,-0.826044391226555,0.005025125596828883
0.4702658862520412,0.4680648280205454,0.0022010582314958005
-0.9279995272436207,-0.918081174581307,0.009918352662313668
0.404930162422456,0.39221583195356846,0.012714330468887536
-0.18072849421467693,-0.1642688158237196,0.016459678390957327
0.6271354674556707,0.6319547049680614,0.004819237512390662
0.18287974049552352,0.18630093599585262,0.0034211955003290995
-0.9051453569122313,-0.8994900851480857,0.005655271764145597
0.7085271362837473,0.7113460227366766,0.00281888645292927
0.26777956816732823,0.2593933686401775,0.00838619952715075
-0.33712707960119376,-0.3397177510242215,0.0025906714230277683
0.6000765219070747,0.5909860583355817,0.009090463571493013
0.02586993920890555,0.0320167520127765,0.006146812803870947
-0.6454662907766673,-0.6350118844633393,0.010454406313327946
-0.8828579380458954,-0.8723535705934818,0.010504367452413566
0.4359021494479298,0.44478023379819637,0.008878084350266546
-0.9125974464169593,-0.9061077851524014,0.0064896612645578555
0.8312190590013393,0.8142965325255414,0.01692252647579795
0.23685861487768,0.23161822595510587,0.005240388922574141
0.6154421857414497,0.6166266124166494,0.0011844266751996901
-0.4018487563869782,-0.386551667618011,0.015297088768967182
-0.002370041483476429,0.0071418833041163,0.009511924787592729
-0.43224732299308,-0.4236238417561107,0.008623481236969321
-0.6091536863469134,-0.612931500699136,0.003777814352222686
0.28950032033297074,0.28286547409691715,0.006634846236053593
-0.41070925088196186,-0.41193450079538146,0.0012252499134196015
0.2657288053629399,0.2595252023608158,0.006203603002124136
0.8925830109125845,0.8803966181548729,0.012186392757711606
-0.9178309342773254,-0.9022120251354961,0.015618909141829285
-0.8931549019470082,-0.8785525593527466,0.01460234259426163
0.03576141975733271,0.023742153898570595,0.012019265858762118
-0.667968321940649,-0.6695841757469426,0.0016158538062935879
0.9458198926256196,0.9272869379661802,0.018532954659439382
0.7865815823707469,0.7785205278785066,0.008061054492240372
0.9403120091673688,0.9312616048142375,0.009050404353131314
0.5211649027214498,0.5308275397679731,0.00966263704652337
-0.38122937662347217,-0.3666837859703176,0.014545590653154583
0.38412606314720826,0.3896695423483298,0.005543479201121526
0.9459179174500829,0.9370644780687494,0.008853439381333539
-0.24135001484357063,-0.2515260646567294,0.010176049813158755
0.7367911997072625,0.7178868795804546,0.018904320126807872
-0.6800819559248449,-0.6592500991381877,0.02083185678665722
-0.15882551836714956,-0.1478500232573955,0.010975495109754069
-0.14042527358758242,-0.12649281833142278,0.013932455256159632
-0.7891148776975305,-0.7856861991007518,0.003428678596778756
0.8414212564854688,0.80551051742223,0.03591073906323883
-0.9144085263808228,-0.9061221485191818,0.008286377861640992
0.6869861391293448,0.6824778858777676,0.004508253251577221
0.06300056779835472,0.06045433448799227,0.002546233310362453
-0.8074808185571017,-0.7953721367396387,0.012108681817463052
0.034864147453898105,0.044462378614793276,0.009598231160895171
-0.7294566357762347,-0.7262183467304988,0.003238289045735865
-0.4088071127312763,-0.39496652292566553,0.013840589805610759
-0.8517382723021043,-0.8330873244567641,0.01865094784534016
0.9336643619932339,0.9134820819167864,0.020182280076447512
-0.7072006086266414,-0.7099432690134208,0.002742660386779394
-0.8704242980352206,-0.864419876246615,0.006004421788605607
0.6468536375386984,0.6399354207984685,0.0069182167402298544
-0.7603117999200419,-0.7285813953862181,0.03173040453382381
-0.4950593033696241,-0.48125309901282987,0.01380620435679425
-0.7729692984148774,-0.7589219921289254,0.014047306285951966
0.8281377174508945,0.8086325898336415,0.019505127617252982
-0.9081025733494663,-0.8948711538482811,0.013231419501185226
0.8965103716348102,0.8846241312320998,0.011886240402710357
-0.7950982046364232,-0.7937234613029229,0.0013747433335002945
0.8597056505467789,0.8552443222701774,0.004461328276601506
-0.7930403436504752,-0.7904819305436931,0.002558413106782065
-0.7894309649202487,-0.7800279161514426,0.009403048768806044
0.12415319426651822,0.11847090847202782,0.005682285794490399
-0.4300376450733937,-0.4404360589116319,0.010398413838238196
0.8563314201234701,0.8469492813007539,0.009382138822716213
-0.16520985155784892,-0.16997909178509132,0.0047692402272423995
0.2684611961626202,0.2296377889772858,0.03882340718533442
0.9645181550266219,0.9594149203718805,0.005103234654741384
-0.4117514780581845,-0.398990224878943,0.012761253179241538
-0.1573289552314994,-0.16513110511666731,0.007802149885167919
-0.5447031292018158,-0.5483231993456817,0.0036200701438658944
-0.9433111990700159,-0.9262408754188125,0.017070323651203423
0.6785230080993723,0.6785979023625183,7.489426314599701e-05
-0.9721201096930323,-0.9668934138359202,0.005226695857112107
-0.28866140723511824,-0.2926737097962949,0.004012302561176684
0.6897179545241565,0.688145195785262,0.0015727587388945086
-0.2805137338323464,-0.2815833760549527,0.001069642222606304
0.31817493338153646,0.32404015255012714,0.005865219168590674
-0.4026547898845033,-0.41511663904475654,0.012461849160253224
0.9221436930684197,0.913371558971022,0.008772134097397744
-0.892929380856995,-0.87923360015881,0.013695780698185
0.5131304264071218,0.4621936181419501,0.05093680826517172
0.4061101650631605,0.39611114013834714,0.00999902492481336
-0.09338515332632294,-0.09719171095953205,0.0038065576332091122
0.9301894536422819,0.9151365443462156,0.015052909296066286
0.34767610288378786,0.3410975539805847,0.006578548903203141
0.9517250451958481,0.9441915045160845,0.0075335406797636395
0.4871609563300743,0.47628729180392365,0.010873664526150628
-0.8565697711912298,-0.8508083659972784,0.005761405193951408
-0.34828238105313725,-0.3399961569222204,0.008286224130916842
-0.783125015789405,-0.7780613462400228,0.005063669549382199
-0.721224282007563,-0.7101231928363889,0.011101089171174028
-0.8113470837894577,-0.7943611268511793,0.016985956938278424
0.5096353582955757,0.5089942910855211,0.0006410672100546355
-0.36496066198147104,-0.3511951311831266,0.013765530798344416
0.2554285879689441,0.22715810080551432,0.028270487163429753
-0.8454058564357977,-0.8370503669821325,0.008355489453665155
-0.9071823443674981,-0.8833559402220205,0.023826404145477653
0.9294970906214233,0.9025418107537584,0.026955279867664883
-0.9128638318229096,-0.8944459242060704,0.018417907616839257
0.7226597766121519,0.7198720350997269,0.0027877415124250016
-0.6529920773598187,-0.6529626774519381,2.9399907880534037e-05
0.8771441115787915,0.8620787122662293,0.015065399312562122
-0.4856892361715373,-0.4819978621529671,0.003691374018570226
0.7038637571224176,0.6866837556363695,0.017180001486048035
-0.9552200143892295,-0.944753642168061,0.01046637222116853
0.4381855272904467,0.43523422343739315,0.002951303853053533
0.9415151939485455,0.9368053429295022,0.00470985101904331
0.10599837158874084,0.10139120086599579,0.004607170722745052
-0.873187715606153,-0.86826301123063,0.004924704375523059
0.24959661387319912,0.24268255687961715,0.0069140569935819685
-0.4904494010924263,-0.4858322931697798,0.004617107922646468
-0.3391784462754574,-0.3451012666750557,0.005922820399598294
0.547908198437513,0.535196455155463,0.012711743282050048
0.6073276911630019,0.5993053735343651,0.00802231762863681
0.5717445630764781,0.5750216353656928,0.0032770722892146997
0.10272802005683342,0.08884808037084337,0.01387993968599005
0.9757166534699716,0.9661270211155668,0.009589632354404798
0.5866040409231487,0.5476309962208471,0.03897304470230156
0.7624128574852705,0.7244743782163153,0.037938479268955216
0.0826912719374232,0.07878185407941267,0.003909417858010536
-0.9142303458829789,-0.9067525117530572,0.0074778341299217566
-0.8387188361624568,-0.8009693721389863,0.03774946402347046
-0.21672340814912042,-0.2221265250729456,0.005403116923825196
0.2893132741101643,0.2801978615392158,0.0091154125709485
-0.666030573686269,-0.657748277218226,0.008282296468042905
-0.3332600784003132,-0.33035960153402655,0.0029004768662866387
-0.8496882139712776,-0.8250284480470509,0.024659765924226695
0.5246160450778395,0.5300487934921666,0.00543274841432706
-0.8846637241074002,-0.8800582979328113,0.0046054261745889224
0.4727591691504998,0.47395290564948805,0.0011937364989882404
0.9668908951002944,0.9552878451963923,0.01160304990390204
-0.9218233746095926,-0.9039832131875893,0.017840161422003287
0.9070529188595313,0.8903020773901825,0.0167508414693488
0.43300717241326697,0.41743046680846535,0.015576705604801622
0.22393354120253195,0.23756978807521936,0.013636246872687413
-0.21489740683860414,-0.2324009272080035,0.017503520369399367
-0.4756125036289955,-0.4845556547958292,0.008943151166833696
0.5336342336752946,0.5329387897791988,0.000695443896095771
-0.9017022780681697,-0.8957436324877847,0.005958645580385058
-0.8485614692030226,-0.8368065455593358,0.011754923643686799
-0.8466181239838452,-0.8375434710558083,0.009074652928036886
-0.32006744493887657,-0.3258555353684881,0.0057880904296115365
-0.4004672892307226,-0.40587475393526684,0.005407464704544229
-0.19497170664304544,-0.17880215491287094,0.01616955173017451
-0.7643147750878059,-0.7632878555357029,0.0010269195521029895
-0.41942020318321527,-0.40715869204709837,0.012261511136116898
-0.7067662072431292,-0.6944120024564154,0.012354204786713785
-0.11733880754609374,-0.10490877751808188,0.012430030028011865
0.933444225063331,0.9259522404048633,0.007491984658467676
-0.8952284518534408,-0.8713928204864954,0.023835631366945442
-0.6522399486303903,-0.6505723919550339,0.0016675566753563409
-0.8526668249400651,-0.8398108143652705,0.012856010574794574
0.0003409101336043942,-0.018492426981940823,0.018833337115545218
-0.4590623340283348,-0.4626992005867769,0.0036368665584420867
0.18722163622426388,0.18825353395655187,0.001031897732287984
-0.8740866719719953,-0.8567673019255994,0.017319370046395943
0.840224876660891,0.8219053157180706,0.01831956094282039
0.6739366565807001,0.672764464203713,0.001172192376987069
-0.4669230627986839,-0.45919919872142495,0.007723864077258946
-0.7956511574767569,-0.7971080473612483,0.0014568898844914413
0.49940365836286676,0.5010779918323582,0.0016743334694914735
0.0065172069306893305,-0.005675091994191816,0.012192298924881146
-0.012518522971827558,-0.006623704632231405,0.005894818339596154
-0.2091083376807375,-0.19796151943938844,0.011146818241349055
0.7222316840311573,0.7041552837132292,0.01807640031792812
0.22874723719744597,0.23225785052567896,0.003510613328232992
0.4431317827464295,0.4363694035817219,0.0067623791647076215
-0.8865685756542125,-0.8675426881826164,0.01902588747159617
0.9098832185395669,0.9066536489337116,0.003229569605855298
0.009961750045221235,-0.005459744290510104,0.01542149433573134
-0.9261187523823061,-0.9197490775515433,0.006369674830762784
-0.1721481450622895,-0.16428266126407354,0.007865483798215972
0.7123379058477256,0.6959087472166243,0.01642915863110128
0.911634478264745,0.9040860206231021,0.007548457641642914
0.8134881615689694,0.80322699783686,0.01026116373210939
0.5825492738809512,0.5729618786073923,0.009587395273558896
0.46692327202570927,0.45160196151381704,0.015321310511892228
0.38917077572805775,0.39015116693529933,0.0009803912072415821
0.8618256504094984,0.8549755133695366,0.0068501370399618455
-0.7511392916148671,-0.7329977317943634,0.018141559820503694
-0.8898986799838182,-0.8808262115087994,0.009072468475018858
-0.32602912885046703,-0.31387678182519724,0.012152347025269794
0.4088924054896913,0.3923829306685669,0.016509474821124415
0.4549467468789608,0.454775008197195,0.00017173868176578733
-0.49324105454322914,-0.495180319363852,0.0019392648206228436
0.2286695500343572,0.23889897480901337,0.01022942477465616
0.16589596763364586,0.17253357769935104,0.0066376100657051795
0.6930450205324062,0.6589965454484821,0.03404847508392417
-0.8836519146507674,-0.8714027775069141,0.01224913714385334
0.218586665712539,0.22459138717803567,0.00600472146549666
0.8974984209013328,0.8884345964687276,0.009063824432605228
-0.43263139820411844,-0.4373249253057317,0.0046935271016132485
-0.7372363167979178,-0.7272148830778721,0.010021433720045714
-0.21407364761159955,-0.21785896448474965,0.003785316873150091
-0.2955478330481591,-0.30311246834489375,0.007564635296734623
0.7818387479376163,0.7631236591872531,0.018715088750363207
0.9411651351269449,0.9234451187972695,0.017720016329675348
-0.9319793871289833,-0.915043305713307,0.016936081415676263
-0.5946679898746896,-0.5824779178044884,0.012190072070201174
-0.8291092040612567,-0.8227297297583533,0.00637947430290331
0.29888702448255766,0.3061807041359103,0.007293679653352647
-0.3347375753484203,-0.3245967968649629,0.010140778483457402
-0.5295741924841567,-0.5208204621461864,0.008753730337970334
-0.24838715858875457,-0.24840322837807374,1.6069789319173022e-05
0.9806381013602815,0.9693041597528955,0.011333941607385989
-0.838117594549834,-0.8240655569252041,0.01405203762462992
0.6614705347759463,0.6545268151504373,0.006943719625508993
-0.36839503672294815,-0.37396589237808026,0.005570855655132101
0.8329636302108826,0.825592153260024,0.007371476950858602
-0.8736874424133529,-0.8583190108936698,0.015368431519683146
0.38488061202414053,0.39365769421573293,0.0087770821915924
-0.44646816891902386,-0.44487666721097785,0.0015915017080460059
-0.5809747303795904,-0.567903212978107,0.013071517401483379
0.8465610147082345,0.8302057381755229,0.016355276532711627
0.9354100956054043,0.9278237681050192,0.007586327500385126
0.13444072423161957,0.13034537685578163,0.004095347375837943
0.9346131228386404,0.9258547244201975,0.008758398418442948
0.15876148858408543,0.1781092080286501,0.019347719444564676
-0.052960623078885286,-0.06314252528174782,0.010181902202862539
0.49486422754091974,0.49783273534648137,0.0029685078055616265
0.6964648649996275,0.6886344403254638,0.007830424674163616
-0.3451387809762235,-0.343711913660215,0.001426867316008551
0.5470063505212029,0.5431351703246952,0.003871180196507784
-0.4497779104782258,-0.4542476788114187,0.004469768333192903
0.20197153912168672,0.19046244284658329,0.011509096275103436
0.16115180136932133,0.15553675979172948,0.0056150415775918505
0.14054493783622696,0.12771086460591807,0.012834073230308884
-0.11801114763278717,-0.10024675154172835,0.017764396091058815
0.5746524843807304,0.5574918844485336,0.017160599932196763
0.8613083023311043,0.8449171192258137,0.01639118310529064
0.7322276136329167,0.7127156807414695,0.019511932891447148
-0.5562098643184531,-0.5583830372166178,0.0021731728981646548
-0.7390660627549362,-0.7261243808777259,0.012941681877210343
0.5181050291507636,0.5189351515001476,0.0008301223493839549
-0.3587033670310427,-0.3367783026185109,0.021925064412531836
0.5948481972517733,0.5673328479473273,0.02751534930444599
-0.9347239691418816,-0.9266863672619764,0.00803760187990521
0.929884398557404,0.9131535903914322,0.016730808165971833
0.6452661757483346,0.6536683573175571,0.008402181569222567
-0.3990592542666874,-0.37437617760065983,0.024683076666027592
0.9510175135650077,0.9449987593523688,0.006018754212638977
-0.808365728492407,-0.7969580952526162,0.011407633239790771
0.9065380085143577,0.8978452067192404,0.008692801795117333
-0.7746313748896259,-0.7726754520362203,0.0019559228534055118
0.88140291867691,0.8689008320168357,0.012502086660074352
-0.9704799538565326,-0.9670353209830604,0.0034446328734721865
-0.49723160512074466,-0.4843677948576394,0.012863810263105235
-0.8413484170119517,-0.8357894485278873,0.005558968484064453
0.25319071074519817,0.24709614497175902,0.006094565773439142
0.38905690354241496,0.3916788051911078,0.0026219016486928592
-0.8960460102186836,-0.8772682300794775,0.018777780139206057
0.7473310413575093,0.7369728996636383,0.010358141693870948
0.5321902400602581,0.5059262689556253,0.026263971104632744
-0.8823905873481189,-0.8674245746018826,0.014966012746236323
0.6973097602973256,0.6931897841954406,0.00411997610188497
-0.25867955651214447,-0.2638940758968281,0.005214519384683647
-0.04390268005819312,-0.035207448112237055,0.008695231945956068
0.7636139701286084,0.757915458158221,0.005698511970387399
-0.07432852630871106,-0.07534214430419621,0.001013617995485147
-0.45878603741433965,-0.4450037342218018,0.01378230319253787
0.3376921542648076,0.34806361249936146,0.010371458234553876
0.22899315297510942,0.21414078423445884,0.014852368740650573
0.23924128931616379,0.2599642461708108,0.020722956854647034
-0.03513957638853142,-0.05283652770816905,0.01769695131963763
-0.7150836818450584,-0.6963264268664092,0.018757254978649218
0.09548320558253612,0.10675449343739772,0.011271287854861603
-0.8043751784947885,-0.7965511189745398,0.007824059520248672
0.011230678497130258,0.01519053643193393,0.003959857934803673
-0.8597900091288159,-0.8566165731885405,0.0031734359402754153
-0.21329776619677351,-0.19757842622289348,0.01571933997388003
-0.8196981032903243,-0.8082025567968683,0.011495546493456077
-0.296687830859578,-0.31468734777413593,0.017999516914557923
0.8370414043288728,0.8281438428242703,0.008897561504602414
0.9390754183007513,0.9254995975880635,0.013575820712687703
0.8811314071113012,0.8683282537739263,0.012803153337374917
-0.26228073566917287,-0.24849548446738604,0.013785251201786836
0.5328856273171323,0.5163746016457412,0.016511025671391066
-0.14219531064559265,-0.1373450865959304,0.004850224049662261
0.5231918949554778,0.5345776055288081,0.011385710573330265
-0.468003762859345,-0.4716772957130342,0.00367353285368921
-0.2521058490973602,-0.2599915201221029,0.007885671024742691
0.9338751684529729,0.9201842384280432,0.013690930024929715
0.7910083363334225,0.7874962852953709,0.0035120510380516334
0.20096126001757386,0.2067046879173132,0.005743427899739334
0.39378205348933515,0.38652119083531217,0.0072608626540229815
-0.27540954132105566,-0.2632859936629147,0.012123547658140943
0.7106219636227106,0.7032320045742979,0.007389959048412664
0.7145179512207862,0.7098159253033276,0.004702025917458608
-0.8418249249505879,-0.8312736131738517,0.010551311776736183
-0.4532663811959102,-0.4479306480651781,0.0053357331307320455
0.4204642722776016,0.4202955095150314,0.00016876276257016265
-0.13538082324427986,-0.1274070065838046,0.007973816660475253
-0.12147588789464642,-0.114349976119789,0.007125911774857413
-0.9449522671757788,-0.9315011473604684,0.013451119815310442
0.6290951246775673,0.6244940517905953,0.004601072886972091
-0.8051325935356294,-0.8029804113002394,0.0021521822353899323
0.45994094684815784,0.4483037155520503,0.011637231296107553
0.7282592363354767,0.7176749114177571,0.010584324917719656
-0.0005652131474213825,0.013716049627513178,0.01428126277493456
0.513732617293381,0.49700554778363404,0.016727069509747006
-0.8789634268483132,-0.8617067353090643,0.017256691539248914
-0.7355174094935429,-0.7266794475522984,0.008837961941244532
-0.6188330960746944,-0.618631150789468,0.00020194528522643473
-0.34097360984985,-0.33342385942979114,0.007549750420058843
0.5410497283388792,0.5244576053825528,0.016592122956326394
0.08904055680961079,0.0821283524623312,0.006912204347279585
0.36215831757693645,0.3645461114400153,0.0023877938630788575
0.2667566580443717,0.25441095569411554,0.012345702350256171
0.8731006207804137,0.8575682106817806,0.015532410098633154
-0.388475938956302,-0.3877840992294349,0.0006918397268670939
-0.9623882445770165,-0.9502602274244142,0.012128017152602366
-0.9409417036932519,-0.9304766701637726,0.010465033529479362
-0.17566846645615497,-0.1706949170153382,0.004973549440816766
-0.7154560487716111,-0.6965616166012857,0.01889443217032538
0.1962996935011915,0.19074802904801616,0.005551664453175342
-0.931218062121817,-0.9256234337619236,0.005594628359893439
-0.4560873252770874,-0.44428998224907956,0.011797343028007834
0.09759822973477235,0.10070954233099559,0.0031113125962232424
0.7535555544281356,0.7491633136559845,0.004392240772151057
-0.9184952275259416,-0.9131664042967254,0.00532882322921624
0.7039556691179951,0.7016050414168473,0.0023506277011478005
-0.8568471883086571,-0.8521858442718627,0.0046613440367944126
-0.8997578806726932,-0.8843231911195328,0.015434689553160408
0.11607162624699911,0.11660358294982005,0.0005319567028209404
-0.05913861312811006,-0.0643716797917877,0.005233066663677649
0.9194596020059318,0.9118499830464687,0.007609618959463105
-0.618995105541599,-0.6034510345977844,0.015544070943814603
0.381717485080664,0.3682724178825129,0.013445067198151084
-0.22515312228227527,-0.21653464616494872,0.008618476117326551
-0.3422618915680136,-0.34484973451922996,0.002587842951216335
-0.502620063383379,-0.5069515615891044,0.004331498205725426
-0.010287221693363664,-0.021120036946859284,0.01083281525349562
0.04072789848658094,0.05834558843338809,0.017617689946807152
-0.2452707897845314,-0.21163491724595918,0.033635872538572226
0.40825949888102947,0.41322076097863797,0.004961262097608499
-0.9574624677359211,-0.9477520622178375,0.009710405518083665
0.8982125655532334,0.8728217927005905,0.025390772852642907
-0.3553228306782361,-0.34773361381984713,0.007589216858388981
-0.6241900185008146,-0.6121951517589144,0.0119948667419002
0.8360245426135811,0.8260946992307515,0.00992984338282954
0.6217386052799886,0.6231486310869283,0.0014100258069397187
-0.32757610426917294,-0.320357474253023,0.007218630016149918
-0.780778081272408,-0.7786724968361854,0.0021055844362225518
-0.6585380533874491,-0.658513746237803,2.43071496460745e-05
-0.8254408089819603,-0.8174911442231644,0.007949664758795882
0.27431810222271746,0.27683936422620986,0.002521262003492397
0.04034127998886159,0.02798300697759235,0.012358273011269242
0.4697114681064763,0.4527204409188582,0.01699102718761808
-0.8416904529690853,-0.8224500265033132,0.019240426465772065
-0.14964453842622644,-0.14417990052529023,0.005464637900936209
-0.8268083370261902,-0.8150065453517429,0.011801791674447282
0.8164176498646663,0.7974289153944746,0.01898873447019167
-0.4445233184688272,-0.43738086162400064,0.007142456844826561
-0.19213735158971934,-0.192143424708684,6.073118964666779e-06
0.8026687809660294,0.8014517906628842,0.00121699030314526
-0.7875468685023254,-0.7755820812786213,0.011964787223704088
0.9602811127575122,0.9432491963583561,0.017031916399156022
0.7007794129951368,0.6930316434185995,0.007747769576537333
0.550119072973596,0.5545461624656384,0.004427089492042402
-0.5310870663603056,-0.5221776105458895,0.008909455814416045
-0.6898821983798972,-0.6730088311737685,0.016873367206128642
-0.8791516911753771,-0.866174010609005,0.012977680566372052
0.7932386990045851,0.7751826372188497,0.018056061785735378
-0.016142052242889005,-0.007248329708711157,0.008893722534177848
0.9421985351811722,0.9317029787823514,0.010495556398820827
0.9364806361727095,0.9269335464138468,0.009547089758862648
-0.4365290573654467,-0.44369203747874714,0.00716298011330041
-0.8816628710044834,-0.8742956440969761,0.0073672269075072405
-0.25146524321576275,-0.2490964055685647,0.0023688376471980577
0.5121245589161876,0.5007573221224281,0.011367236793759505
-0.1619031796505864,-0.16319748222131727,0.0012943025707308764
-0.49531236781881366,-0.4804617336917918,0.014850634127021867
-0.5512377489973305,-0.5525213723859891,0.0012836233886586168
-0.8543324817095698,-0.8386777204645276,0.01565476124504217
0.5208384302756996,0.5037168394109179,0.01712159086478171
-0.9224069504681204,-0.9047932885374391,0.017613661930681257
-0.39598404696283696,-0.40035162023826315,0.004367573275426195
0.8083083523991916,0.7982038300126244,0.010104522386567227
-0.9203113698193314,-0.904417368742917,0.015894001076414366
0.9093030836900556,0.8935419562215045,0.015761127468551184
-0.47829878464977427,-0.46817008688300404,0.010128697766770223
0.9088700439279268,0.8975524987914315,0.0113175451364953
0.8254435807426415,0.8265322069682757,0.001088626225634215
-0.6634270336421337,-0.6462893344242913,0.017137699217842473
0.09052382429898252,0.07980127041803896,0.010722553880943564
0.8334333123687145,0.8307837102715533,0.002649602097161252
0.24398710507063967,0.22943334904402105,0.014553756026618625
-0.03922313028814415,-0.05191600886998719,0.012692878581843044
-0.9228845957669173,-0.9093541125075384,0.01353048325937889
-0.4487703124569378,-0.4372137344022712,0.011556578054666644
0.3966491084892189,0.38829733489560503,0.008351773593613887
0.9255099892927878,0.9067672029062155,0.01874278638657234
0.9392222465121739,0.9232506839199109,0.015971562592262956
0.912018912798311,0.9025930416224315,0.009425871175879563
0.36297184325440934,0.3692000382670923,0.006228195012682958
0.12036405988484804,0.08031735133237278,0.04004670855247526
0.1112370269635946,0.1007118812028964,0.010525145760698199
0.8864388744347328,0.8748051988415522,0.011633675593180626
-0.9390159338130403,-0.9295226994871585,0.009493234325881783
0.8934736412820531,0.8840009598477548,0.009472681434298247
0.9419143811831255,0.9374882566591067,0.004426124524018804
0.3541830382955447,0.3622099161999979,0.008026877904453167
0.7131986199493883,0.69369626914536,0.01950235080402829
-0.9839051113097094,-0.9761054380014211,0.007799673308288235
0.6316476682613288,0.6249586234810957,0.006689044780233133
-0.7827184495582664,-0.7804125310448892,0.0023059185133772475
-0.31049806750403314,-0.296217645301867,0.014280422202166132
0.3842768744566677,0.3874325682212999,0.003155693764632206
-0.45152929229585087,-0.4549069201939303,0.0033776278980794383
-0.8823758316873678,-0.8776921116635005,0.004683720023867299
-0.9359427284414945,-0.9252982848511678,0.01064444359032668
-0.8342628616560447,-0.8175116979659149,0.016751163690129744
0.0382178735162903,0.04388716729755497,0.00566929378126467
-0.9069467148865175,-0.8969228300165752,0.010023884869942212
0.8104866709627233,0.7932721613979449,0.017214509564778435
-0.7333538437952123,-0.7275109072936216,0.005842936501590734
-0.810120918820887,-0.8108629249080695,0.0007420060871825562
-0.8909584050589179,-0.8855922630411813,0.005366142017736553
0.23383527063819257,0.22916052407634163,0.004674746561850934
0.14650441927737493,0.13459298706350356,0.011911432213871365
0.9275654512119781,0.9167011198392852,0.010864331372692937
-0.8860190877561768,-0.8737130073208222,0.012306080435354527
0.2976693978923825,0.2877910004406828,0.009878397451699716
0.8408964398717595,0.8212455036437936,0.019650936227965987
0.4911126042422353,0.486485803335914,0.004626800906321282
-0.8865823743285712,-0.8687784863914465,0.01780388793712473
-0.9340994703603869,-0.9177201444015899,0.016379325958796986
-0.9087481784066146,-0.8938902127991143,0.0148579656075003
-0.9151439885197202,-0.9066247646301662,0.008519223889554062
0.4432808869987186,0.44637425933230435,0.0030933723335857533
-0.580460947319316,-0.5826731430339946,0.0022121957146786775
0.5298136981745397,0.5208607868427194,0.008952911331820301
0.39594707335330714,0.40383869116084886,0.007891617807541718
0.9408668289373162,0.9320508771284461,0.00881595180887007
-0.3177096259212607,-0.3280140922730083,0.010304466351747643
0.09604451925141287,0.09231320521313717,0.0037313140382757015
0.05075307832996176,0.04766461503020234,0.0030884632997594183
0.5338168146070692,0.5004673683689486,0.03334944623812064
-0.7388880666567224,-0.7194401200730192,0.01944794658370319
-0.8625730933861244,-0.8579859771893267,0.004587116196797747
-0.8329254115573447,-0.8199305004415983,0.012994911115746355
-0.2519921289591069,-0.2374266939390557,0.014565435020051198
0.5651290964353524,0.5632517605174088,0.00187733591794359
0.7481579584348518,0.7386635194176142,0.009494439017237566
0.9420873164323786,0.9242977437529062,0.017789572679472454
-0.8837870156903815,-0.8680309733261072,0.015756042364274303
-0.8006656063155185,-0.7835841717415726,0.017081434573945953
0.8120791841594867,0.8027452281048302,0.009333956054656478
0.8909588333337464,0.8844689104352255,0.006489922898520906
-0.8491151872179487,-0.842532525152543,0.006582662065405698
0.4911966820816752,0.4920195541944707,0.0008228721127954697
-0.8759085384997305,-0.8568834935197446,0.019025044979985917
0.6341144949249138,0.6140227360582738,0.02009175886663994
0.14125367879533382,0.14446066454569684,0.0032069857503630173
-0.46815952697362984,-0.4596952207837167,0.008464306189913118
-0.7121456696131971,-0.6944798663274447,0.0176658032857524
0.6818876162651328,0.6748402722180752,0.0070473440470576465
0.8537862504642026,0.844309765766162,0.009476484698040633
0.450556866625768,0.43628962975505753,0.014267236870710465
-0.24627243278347263,-0.25274349341650637,0.006471060633033737
0.9256910389005397,0.9099550361077178,0.015736002792821946
-0.1599229286732387,-0.16428556265551814,0.004362633982279429
-0.5240523878061082,-0.5170152637216425,0.007037124084465662
-0.7527337854786055,-0.738683354399344,0.014050431079261516
-0.767316278212668,-0.7659487868527812,0.0013674913598867855
0.6777289409709571,0.6782635631619307,0.0005346221909735549
0.9256438035412868,0.9112175394206576,0.014426264120629195
0.3818401898048584,0.3885072268713249,0.006667037066466486
0.28510302220311157,0.27159981022101587,0.013503211982095698
-0.349793556600732,-0.35728202940995984,0.00748847280922782
-0.8987060342919234,-0.8887161097836098,0.009989924508313597
-0.3704817653319668,-0.368123120561407,0.0023586447705598035
0.04924549082763655,0.03814904301590638,0.011096447811730172
-0.1768302983594949,-0.16403573633581278,0.012794562023682121
0.4475659317539407,0.44214334308018627,0.005422588673754447
-0.8590693644656238,-0.8316964600805447,0.02737290438507911
0.44889531485578776,0.4490248187061276,0.00012950385033982936
0.2338951524734118,0.23608070901086092,0.002185556537449118
-0.8006298428304413,-0.7884465544072512,0.012183288423190053
-0.21831744137798456,-0.20877965387755337,0.009537787500431189
0.6480608949673811,0.6296325694644754,0.01842832550290563
-0.74382239853209,-0.7333451293184209,0.010477269213669094
-0.8446490873401975,-0.8417081883359369,0.002940899004260644
0.6689633165776585,0.6678005696416928,0.0011627469359657416
0.23562997354301732,0.23082447730944686,0.004805496233570461
0.2526620312592395,0.24749522736720062,0.005166803892038857
-0.10378358913872003,-0.1228336729547949,0.01905008381607487
0.046851683802152155,0.0517665255217231,0.004914841719570948
-0.4916969058975047,-0.4749933392264899,0.016703566671014802
-0.1815471364820907,-0.16215184883647568,0.019395287645615017
-0.88740382513427,-0.8818003995202126,0.005603425614057356
0.14053255671825807,0.1283008851112788,0.012231671606979272
-0.6711368827097882,-0.6597711563870828,0.011365726322705383
-0.48296215752208815,-0.4949419162272278,0.01197975870513962
-0.021402865715141856,-0.011463784143914022,0.009939081571227833
-0.2774436037931413,-0.2587371643198953,0.018706439473246017
0.9563586257655113,0.9321990071998749,0.02415961856563642
0.5961152441337881,0.5883144311462566,0.007800812987531547
-0.39511530263945643,-0.3899475610986854,0.0051677415407710425
0.027531212571872268,0.05042021157302861,0.022888999001156343
-0.09665003450135627,-0.08557695468000197,0.011073079821354304
0.9360005092617478,0.9233320527611851,0.012668456500562697
0.7293540110649359,0.7273232115444234,0.0020307995205125495
0.6404808177156364,0.6328672846009683,0.0076135331146680585
-0.08653021876145321,-0.07779366600828605,0.008736552753167162
0.920541679371648,0.9061432192381882,0.0143984601334598
-0.7395382061199074,-0.7285417255049466,0.010996480614960835
0.9582759015286371,0.95592000756479,0.0023558939638470555
0.8977193265036254,0.8819338655172421,0.015785460986383337
-0.9068585828514616,-0.8877722587768027,0.019086324074658934
0.9075093674173783,0.9063968697106224,0.0011124977067559216
-0.3722212035555789,-0.378173011982016,0.005951808426437111
-0.3197991145026356,-0.3265882699352241,0.006789155432588512
0.43072753659209234,0.4270609806152178,0.0036665559768745415
-0.6130112696953571,-0.5949385717688158,0.018072697926541315
0.874036612942136,0.8676978434888951,0.006338769453240856
-0.7161022542748433,-0.7055494370195257,0.010552817255317648
-0.6668998155979067,-0.6514749796962861,0.015424835901620582
0.8974663462716982,0.8837108087705553,0.01375553750114289
0.9194289233411056,0.9102972390888506,0.009131684252254968
-0.6315672942056074,-0.6346819953880419,0.0031147011824345094
0.46678996248589993,0.4705601786913927,0.0037702162054927824
0.5129197183043515,0.5165321168987816,0.0036123985944301884
-0.9125503368722414,-0.9041182091040179,0.008432127768223552
0.9063278943129349,0.8952107765200225,0.011117117792912468
-0.6574575043857752,-0.6476732450558705,0.009784259329904677
0.9092054373442339,0.9024018688137334,0.006803568530500459
-0.22455003516846148,-0.23287470212214126,0.008324666953679782
-0.5739944856308855,-0.5677628430431585,0.006231642587727015
0.6794414738916722,0.6726972835936885,0.0067441902979836765
0.9385339730362396,0.9295349910350268,0.008998982001212852
0.05905824015211163,0.048491120070898376,0.01056712008121325
-0.9708290303608681,-0.9595737085013462,0.011255321859521938
0.21913269515909722,0.24545825931015483,0.026325564151057607
-0.30578215216387905,-0.31383180738523325,0.008049655221354202
-0.91875761441687,-0.9090034482055628,0.009754166211307203
0.31194237361502886,0.33425827350576753,0.022315899890738677
0.7367644959413758,0.716636235965844,0.020128259975531804
0.3281829396745071,0.32204665350944534,0.006136286165061788
-0.928366907034205,-0.9192427861140997,0.009124120920105283
0.5903686839883018,0.5698165747662954,0.020552109222006343
0.9237757958745303,0.9086661050612851,0.015109690813245202
-0.11248053878621142,-0.11664183357490354,0.0041612947886921214
0.6651341153424415,0.6594989420267116,0.0056351733157299355
-0.514843692666357,-0.498856684895486,0.015987007770870976
-0.536010100763393,-0.5256268045817597,0.01038329618163325
0.47214064201137884,0.46797495715860077,0.004165684852778073
0.8116898841485493,0.7889392767819815,0.022750607366567754
0.00713745038194987,0.009814617038945457,0.002677166656995587
0.5736085877453859,0.5654407128419383,0.008167874903447614
0.837965996811455,0.8298960580193739,0.008069938792081066
-0.4253811025073517,-0.4097921325287183,0.015588969978633405
0.3372341227640727,0.30983366120107314,0.02740046156299958
-0.1767954372341319,-0.19087213090927413,0.014076693675142221
-0.37729833443109484,-0.33094892110275087,0.04634941332834397
0.04852942035698659,0.05233843563178754,0.0038090152748009518
0.6277884760177266,0.6023891902845692,0.025399285733157417
0.012036237861904428,-0.0035525656662751645,0.015588803528179592
-0.8264746340792664,-0.8164685695932269,0.010006064486039468
0.407843592288149,0.4073833898200527,0.0004602024680963046
-0.7398849677810898,-0.7177639284284257,0.022121039352664074
0.19367750030448877,0.20119132864282416,0.007513828338335388
-0.8793539258311694,-0.8697349043266245,0.009619021504544967
0.4166459538222887,0.4014399435332865,0.015206010289002203
-0.8297101324131967,-0.819891374998816,0.009818757414380652
-0.2032393875413913,-0.21041034929795357,0.0071709617565622885
-0.6485832772177269,-0.6528801572014348,0.004296879983707869
-0.5046983830761114,-0.5041035041571111,0.0005948789190002302
-0.9415910199178624,-0.9317896279606355,0.009801391957226957
-0.821253591425336,-0.8038797450834253,0.017373846341910748
0.9245374822427965,0.921830470779266,0.002707011463530473
0.006386824427953937,0.016535128111706952,0.010148303683753015
0.29078188035116576,0.2836986964396265,0.007083183911539281
-0.8213484446897356,-0.8140339768365762,0.007314467853159368
0.3410700890510123,0.3461487266637447,0.005078637612732362
0.7795321050895292,0.7842142124808994,0.004682107391370205
-0.9378515007569096,-0.9203305054154547,0.017520995341454904
-0.7825516246678246,-0.7782657087013166,0.004285915966507958
0.4031694613852016,0.4187749534539494,0.015605492068747784
0.023637070340507504,0.015072406849513012,0.008564663490994492
0.9190546355358132,0.9086398182837103,0.010414817252102915
-0.20188305058737077,-0.19044780355255306,0.011435247034817714
-0.94349863011754,-0.9329806881580659,0.010517941959474086
-0.92960429903003,-0.9155371059168959,0.014067193113134091
-0.5502750931184143,-0.5495109503804761,0.0007641427379381227
0.512579959115227,0.5125955720216168,1.5612906389739223e-05
0.645138738544888,0.6357828466341464,0.009355891910741598
-0.7492958839510601,-0.7375976394116542,0.011698244539405822
0.9442506295626376,0.9286917722408148,0.015558857321822828
0.003971494413586509,0.012809198310763478,0.00883770389717697
0.8781153211173084,0.8613189289547544,0.01679639216255402
-0.8584582211729359,-0.8311761264719039,0.027282094701032045
0.5734233940252449,0.5617152363221001,0.011708157703144817
-0.9786470404640603,-0.9684316699216788,0.010215370542381419
0.6816122927165778,0.6644502564383993,0.017162036278178472
-0.789226826055932,-0.774842186009612,0.014384640046320007
-0.5722257364215858,-0.5759581882862422,0.0037324518646564275
-0.5676479805711934,-0.5486115778730692,0.019036402698124122
-0.6363823386475479,-0.6227545016512053,0.013627836996342624
0.5350780531809829,0.5373350480390865,0.0022569948581036003
0.7207481912195791,0.7035260780068443,0.017222113212734813
0.5696527291545687,0.5654507458858251,0.004201983268743548
0.75739441405063,0.7495114560282017,0.007882958022428332
-0.24891142931657104,-0.23935337513377075,0.009558054182800285
0.6003297864340312,0.5875969224676586,0.012732863966372632
0.07112985671515881,0.05853333038076917,0.012596526334389645
-0.6340616415819051,-0.6328132345762887,0.0012484070056164587
-0.899278906966129,-0.8866817535134425,0.012597153452686527
-0.8073976208315857,-0.7954650724854967,0.011932548346089034
0.8828661120690298,0.8699769865054706,0.012889125563559145
-0.8652592581701661,-0.852980283115829,0.012278975054337171
-0.9130899032619308,-0.8955564973881888,0.01753340587374208
0.9430944706740009,0.9280149363949032,0.015079534279097695
-0.310126357980258,-0.31442819252545234,0.0043018345451943385
-0.26852704733981386,-0.2581898827970699,0.01033716454274397
-0.5722233627079283,-0.5779730609139906,0.005749698206062304
-0.3614012899253963,-0.36524303034588895,0.0038417404204926786
0.45232000022378777,0.45366599406685937,0.0013459938430716023
0.8404155388208967,0.8362710265164369,0.00414451230445978
0.21280165675530213,0.21522443654769452,0.0024227797923923877
-0.5964732911575863,-0.5797393363612222,0.01673395479636408
0.6778721021164383,0.6722659550038808,0.00560614711255758
0.7887128021644697,0.7789413148888708,0.009771487275598956
-0.18279822103433369,-0.16925800148376802,0.013540219550565669
-0.48589987670634915,-0.4746440060012416,0.011255870705107529
0.9543372048024258,0.9503539506686117,0.003983254133814063
-0.750120222221009,-0.746782757419246,0.0033374648017630015
0.30363427838359636,0.29731067061181393,0.006323607771782425
-0.1827661229677603,-0.18190937816103114,0.0008567448067291483
0.619925300629616,0.630545762601475,0.010620461971858952
0.6034811247862502,0.615393374526004,0.0119122497397538
-0.33537546064032986,-0.3354552244012662,7.976376093632442e-05
-0.8270220642411413,-0.8233198446061347,0.0037022196350066094
0.3748018226703742,0.3759114881488799,0.001109665478505717
-0.14903839258009183,-0.13717671186397898,0.011861680716112849
0.8413231232890979,0.8256530663597922,0.015670056929305676
-0.9633833390444707,-0.9459086196051344,0.017474719439336317
0.9406966000644478,0.9224544719316629,0.01824212813278492
-0.851138607092113,-0.839572201104471,0.011566405987642026
0.504709028458448,0.508917769850481,0.0042087413920329775
0.7591441028224141,0.7500790082813036,0.009065094541110486
-0.719419884767731,-0.7073593907044726,0.012060494063258376
-0.4586523598109129,-0.46433212496903065,0.005679765158117744
-0.6945687702185659,-0.6847085686742629,0.009860201544303004
-0.4035846772585672,-0.3954511523326967,0.00813352492587055
-0.6371678557359288,-0.6307823189509216,0.006385536785007195
-0.8799111559804488,-0.853269323744576,0.026641832235872798
0.8205557984751802,0.8076592697569959,0.012896528718184364
0.7365249761485221,0.736045394396596,0.00047958175192608365
0.8771912072473651,0.8651444332476764,0.012046773999688676
0.8144527035530563,0.8047938964885563,0.009658807064500063
-0.9399044386376957,-0.9227313674954344,0.017173071142261298
0.9701453305962888,0.962565809027476,0.007579521568812808
-0.9395058155272724,-0.9198802577235972,0.019625557803675253
0.787767021199909,0.7779268565117193,0.009840164688189712
0.19304828190772333,0.2208313420750719,0.027783060167348578
-0.5773422361443079,-0.5597153711345061,0.017626865009801818
-0.9013431299191557,-0.8965160981375867,0.004827031781568958
-0.7666257968218755,-0.763915296856888,0.0027104999649875117
-0.49077258503301674,-0.5003160285901195,0.009543443557102738
-0.24085384149259229,-0.24862186124391003,0.007768019751317745
-0.7041340049429838,-0.6945516278582587,0.009582377084725091
-0.6122475361203511,-0.6140609765209198,0.0018134404005687443
-0.2048951423103957,-0.19101597383019575,0.01387916848019996
-0.3176403594846967,-0.3013741901445028,0.016266169340193926
-0.9343728864907028,-0.9206814233637998,0.013691463126903058
0.7208000020563675,0.70554924599375,0.015250756062617499
0.9251472659870932,0.9112572307395144,0.013890035247578814
0.7725847920873246,0.761669728338097,0.010915063749227571
-0.4150751447640295,-0.4361857342624059,0.02111058949837641
0.8306704789003687,0.8262545423072324,0.004415936593136327
-0.2529642746063703,-0.26232829222325227,0.009364017616881992
0.2321379466669635,0.24100763159399913,0.008869684927035631
-0.37660588031284226,-0.3506955023297028,0.025910377983139443
0.8473772063748028,0.830681989598559,0.01669521677624386
-0.32401272114481394,-0.3302328612239166,0.006220140079102654
0.8771013887967402,0.8639856113714014,0.01311577742533876
0.6672163856476462,0.6628384411044004,0.004377944543245804
-0.4622052331020514,-0.4439375975509519,0.018267635551099504
-0.1471739696484368,-0.1533998164982808,0.006225846849844008
0.8820530728709353,0.8660105915513373,0.016042481319597957
0.8969697209780607,0.8879407373856893,0.009028983592371365
0.11339224604878513,0.09943018174887337,0.013962064299911758
0.7474331636940073,0.7439331090291651,0.003500054664842156
-0.9449656350196649,-0.9304066989709131,0.014558936048751803
-0.8678786690612634,-0.8495700460844396,0.018308622976823785
-0.4012504104817104,-0.41169567474523583,0.010445264263525433
0.8394750519952294,0.8315706532463865,0.007904398748842967
-0.9479246121366529,-0.9349357137677919,0.012988898368860968
-0.9094167436553127,-0.9030095441376681,0.006407199517644568
-0.678848793104832,-0.6646691665063795,0.01417962659845251
0.6273150264033064,0.6285733981370288,0.001258371733722452
0.7581615064802307,0.7492640358003454,0.008897470679885333
0.20716185441553597,0.20253908120662814,0.004622773208907832
-0.8034914509949086,-0.7935927151873342,0.009898735807574388
-0.3152284613212092,-0.32037644898665507,0.005147987665445886
-0.8231824583908723,-0.8102271197798974,0.012955338610974976
0.0655904076123731,0.05512573807071244,0.010464669541660657
-0.6895904454002211,-0.6763114721540503,0.013278973246170778
0.22450788551429807,0.21027260549975144,0.01423528001454663
0.032865096688921465,0.03121903547862362,0.0016460612102978459
0.2016834027961819,0.19707570742396052,0.004607695372221388
-0.7663178213449225,-0.7560319896429997,0.010285831701922876
0.2913811897447009,0.25433797364570876,0.03704321609899214
-0.6535689821046327,-0.6555828314067289,0.002013849302096249
0.3650027058306755,0.34334732771365195,0.02165537811702356
0.7494077862313723,0.7460746436617794,0.0033331425695928285
0.28578491679146567,0.28558961140982275,0.00019530538164291844
0.7557118915008444,0.7523169844742487,0.003394907026595728
-0.8621451861503593,-0.8480366993675679,0.014108486782791418
-0.8831186657636355,-0.8702025592275533,0.012916106536082217
0.8943343364124028,0.8816294887284967,0.012704847683906118
-0.9418020417398542,-0.929964993658253,0.011837048081601131
-0.08673542757503107,-0.08041271707941063,0.006322710495620443
-0.5256292343149286,-0.5101358454655953,0.015493388849333267
0.03215835705789253,0.026390241791508458,0.005768115266384072
-0.7482484553182014,-0.7467623416019419,0.0014861137162595073
0.3087392314124973,0.2969100716217601,0.011829159790737231
-0.7598694511229279,-0.7221330438206783,0.037736407302249586
-0.5920887002135393,-0.5788474351805499,0.013241265032989391
-0.4407553179408236,-0.4258914047323223,0.014863913208501334
0.8379811337177353,0.8274925685642185,0.010488565153516816
0.8194420419423268,0.8054225704880633,0.014019471454263521
-0.8070516514650827,-0.7960113496959647,0.011040301769118077
-0.9286495813932396,-0.9159383246921167,0.012711256701122942
-0.13314364711847124,-0.1480488834076723,0.014905236289201068
0.6704043832157858,0.6615903454111495,0.008814037804636299
-0.1452234332729874,-0.12901746605386719,0.01620596721912021
0.38163201321556883,0.36577583300369365,0.01585618021187518
-0.3175997641583403,-0.3236013991997742,0.006001635041433917
0.06776319445396621,0.07129486761538491,0.003531673161418697
-0.7233800333235815,-0.7080290513693174,0.015350981954264098
-0.8481798299122402,-0.8384167205352506,0.009763109376989543
-0.565449530789003,-0.5485682741638632,0.01688125662513973
0.8525068624962441,0.8370925148019057,0.01541434769433836
-0.07603493950626927,-0.0685082331485545,0.007526706357714769
-0.8471018486248014,-0.8372221924813252,0.00987965614347619
-0.7907142818801438,-0.7748421970400058,0.015872084840138023
-0.2629579023544092,-0.26047995450263556,0.002477947851773632
0.871546223964666,0.8693573349208598,0.002188889043806208
-0.13086525092362028,-0.1218533417230555,0.009011909200564786
0.2925788690256884,0.30080299996594173,0.008224130940253316
0.8265757224010314,0.8313560536569923,0.00478033125596089
0.7707077506596341,0.7712294859738804,0.0005217353142462633
0.9306998854178403,0.9107743959919554,0.0199254894258849
0.1349687954908,0.12046336516021491,0.014505430330585073
-0.3651465855603521,-0.37087709891339704,0.005730513353044919
-0.4243383301772147,-0.42286511371413543,0.001473216463079241
0.4799139912245158,0.46092000480213674,0.01899398642237904
0.16110809977751475,0.11957121040342465,0.0415368893740901
0.20554615013256597,0.2091339820665656,0.003587831933999641
0.5722659561155404,0.5620342502931096,0.010231705822430825
0.07010356338930253,0.05872367575894505,0.01137988763035748
0.13632320493029754,0.1340077667380239,0.0023154381922736444
-0.2587642188640955,-0.25053448179879967,0.008229737065295839
0.35123083991070053,0.36334295890950746,0.012112118998806931
0.8872846414994566,0.8774704783463569,0.009814163153099686
-0.2376123536020448,-0.22898752504319655,0.008624828558848247
-0.2996110996451247,-0.2833322646077466,0.016278835037378148
-0.9426176869600081,-0.9282117084527788,0.014405978507229356
0.8197647365958721,0.8163823964975764,0.003382340098295744
0.7450279457279088,0.7256288659110279,0.019399079816880826
-0.6729758327212078,-0.6737134287539982,0.0007375960327904441
-0.8811627434992667,-0.8774577920627495,0.0037049514365171676
-0.7522085528878485,-0.7474420798705552,0.004766473017293271
0.8179234557869572,0.8076068740821004,0.010316581704856831
0.9210986085044753,0.8975528975975299,0.02354571090694546
0.8641364928040554,0.8472200758948936,0.01691641690916179
-0.5191097675187748,-0.5286281669597187,0.009518399440943903
-0.1858660864364542,-0.1940793337110829,0.008213247274628716
0.8673585947861562,0.8645475001156274,0.0028110946705287576
0.8620404071735662,0.8526115527344066,0.00942885443915964
-0.3271876720948452,-0.320511953381337,0.00667571871350825
-0.9395719034806556,-0.938226385143172,0.0013455183374835311
-0.26780802396231834,-0.26294303319627493,0.004864990766043409
-0.3140795383597162,-0.31763087008520113,0.003551331725484941
-0.38895685553167836,-0.3875084993901995,0.0014483561414788682
-0.8977785159530254,-0.8843185781557057,0.013459937797319688
-0.8548891123130011,-0.8455520232612184,0.009337089051782765
0.7599007394643413,0.7533242901717014,0.0065764492926398965
-0.9397516794463294,-0.9257285579408195,0.014023121505509883
-0.6839435666507748,-0.6838239669488408,0.00011959970193398117
-0.5407681367723182,-0.5350285812948173,0.005739555477500824
0.9517674970136876,0.9319870473961579,0.019780449617529672
-0.1335328129263042,-0.14326454237281275,0.009731729446508547
-0.8837721800351653,-0.8697229715366236,0.014049208498541743
-0.40398729423455515,-0.38865714930379824,0.015330144930756906
0.41497749719688876,0.40250439012462513,0.012473107072263623
0.9199018879412361,0.91259657385584,0.007305314085396031
-0.0018936217117886593,-0.012014980663993572,0.010121358952204913
0.2518565025359571,0.257645878178131,0.005789375642173911
0.09840504243412213,0.0894630744154977,0.00894196801862443
-0.8417659094555565,-0.8345919491027398,0.0071739603528166995
0.4012170110557125,0.3699329577235017,0.03128405333221079
0.8465745973247562,0.8350553727453841,0.011519224579372045
-0.8813468552910367,-0.8672645427430767,0.014082312547959996
-0.7209715119612213,-0.7083743460890504,0.012597165872170968
-0.15532685199745594,-0.16254983090879618,0.007222978911340244
0.35864380284700575,0.3452390882067764,0.013404714640229354
0.7018521351351642,0.689743945574804,0.012108189560360194
-0.4206902434691328,-0.42856088690592964,0.007870643436796831
-0.3838017319045649,-0.3799363578820478,0.0038653740225170763
-0.5931266868402921,-0.5812086574820798,0.01191802935821229
0.7537133492426933,0.7443250940175536,0.009388255225139641
0.06125677503501518,0.06718943565266507,0.005932660617649889
-0.21882386641988907,-0.21350441124822575,0.005319455171663323
-0.6367853718717121,-0.6273578996286019,0.009427472243110246
0.8790653737989611,0.868975886313215,0.010089487485746118
0.5652108584077615,0.5601747128527907,0.005036145554970783
-0.6894623842890434,-0.6729057527320126,0.0165566315570308
0.1646630943528308,0.16000782645006914,0.004655267902761662
0.647148296436288,0.6479484586386105,0.0008001622023224852
0.9220452823149194,0.9064339474654279,0.01561133484949151
-0.7628188454092713,-0.7564981246612228,0.006320720748048458
-0.37668080582512387,-0.36609825643222244,0.01058254939290143
-0.9184649806447173,-0.9029481548605559,0.015516825784161359
-0.7422340866003595,-0.7245564959723435,0.017677590628015993
-0.7687415404481643,-0.7572173159219969,0.011524224526167415
-0.5382535842309855,-0.5240892938532545,0.014164290377730926
-0.8761525588983186,-0.8693098042168085,0.006842754681510077
0.8484754494676815,0.8350258320134889,0.013449617454192597
0.27265073391834904,0.27102191784092733,0.001628816077421713
-0.4911191457422934,-0.49327716011199885,0.0021580143697054743
-0.7350132793342401,-0.7156842696754806,0.0193290096587595
0.7662769566526634,0.749855522138996,0.0164214345136674
-0.5833292333415797,-0.5756236431082199,0.007705590233359816
0.309566155203657,0.2922216409495079,0.017344514254149068
0.08934036954307827,0.0773864444893625,0.011953925053715772
-0.054611710739401895,-0.039116082403205986,0.015495628336195909
-0.3042154341216973,-0.30815859442092725,0.00394316029922992
-0.1102717495737842,-0.10514094284959927,0.005130806724184936
0.6345781910114192,0.6449897176942746,0.010411526682855388
0.5333254252531994,0.5320033054881409,0.0013221197650584715
0.07142680561065044,0.06019032728808257,0.011236478322567876
-0.9682142676364566,-0.952510228981721,0.015704038654735575
-0.8423141853158609,-0.8230717381930817,0.019242447122779227
-0.004732023619129029,0.0019397555482035527,0.006671779167332582
0.47755585497036485,0.4617794189132858,0.01577643605707907
-0.26271797572018635,-0.2530790944514177,0.009638881268768662
0.38988742685017225,0.38829769228142025,0.0015897345687519993
0.31821455374123786,0.3350423280873328,0.016827774346094948
-0.9457934891586186,-0.9330814774037783,0.012712011754840269
0.9546733213317018,0.9390832156502288,0.01559010568147301
-0.04054822511507479,-0.03300471270233102,0.007543512412743772
0.18159323130860536,0.18541926782554016,0.0038260365169348054
0.9755896955736578,0.9688658880725424,0.006723807501115453
0.05622663855958167,0.04362864199023998,0.012597996569341685
-0.8386714350982268,-0.8335650900343494,0.0051063450638774155
-0.7292871618183356,-0.7299446544548649,0.0006574926365292555
-0.4876196742933765,-0.4808392706058486,0.006780403687527914
-0.2899264918713753,-0.2524940956685012,0.03743239620287414
0.5121683936235271,0.5108374007227864,0.0013309929007406796
0.8725866093895637,0.8623431429313216,0.010243466458242034
0.3405024962226382,0.3209382267921687,0.01956426943046946
-0.2889612846549948,-0.29549721701041975,0.006535932355424934
0.6303814302336989,0.6350770553680337,0.004695625134334858
0.387697265503828,0.3798334179517888,0.007863847552039172
-0.44968403725224,-0.45752546450270615,0.00784142725046616
-0.9264659589760429,-0.916383882360088,0.010082076615954838
0.11354107774614688,0.09957624732694599,0.013964830419200894
-0.9240712395978214,-0.9083265562201851,0.015744683377636348
0.4772924281139953,0.47233554340659956,0.004956884707395748
0.5460164666741164,0.5382559960847985,0.007760470589317947
-0.9415390201449702,-0.9297252885670868,0.011813731577883346
0.14191303390763546,0.1456710867222274,0.0037580528145919334
0.5960571412652368,0.6015792742053525,0.00552213294011572
0.33036182422093824,0.32032028869802864,0.010041535522909595
0.8902905286433418,0.8872206782256518,0.0030698504176900343
0.08369965863842234,0.06122267349910424,0.022476985139318097
0.6552494274478524,0.6497166749249687,0.005532752522883766
-0.649311891573612,-0.6310420160170098,0.0182698755566022
-0.5411458993615531,-0.5349412913667201,0.006204607994833022
0.4311203121801472,0.4218748862648618,0.009245425915285377
-0.9291534616819533,-0.9103752521643989,0.01877820951755449
-0.8540805290253471,-0.8397302086232953,0.014350320402051864
-0.4571765942558501,-0.45036621062070326,0.006810383635146855
-0.9443309132146154,-0.9307891958203643,0.01354171739425103
0.454752482046998,0.4597811563255945,0.0050286742785965455
0.44082617791996376,0.4328873290972658,0.007938848822697964
-0.04087503943810624,-0.0323555192832883,0.008519520154817939
-0.9542653177894094,-0.9433185000434705,0.010946817745938864
0.37211776311620715,0.36287991479551307,0.009237848320694075
-0.9074257187991324,-0.899861976196621,0.0075637426025113585
0.9802868365425723,0.9678863518429864,0.012400484699585879
0.9384404740447059,0.921335727486349,0.01710474655835692
0.8789896191744379,0.8661572921946025,0.012832326979835385
0.3963842002301224,0.38261999602942043,0.013764204200701957
-0.3767280138038534,-0.36837295499445316,0.00835505880940024
0.469462066833457,0.46823542629497394,0.001226640538483037
0.6474284444928892,0.6447730895749281,0.0026553549179610947
0.7924190349094273,0.7443856887789354,0.04803334613049193
-0.82594074979056,-0.8131782416946484,0.012762508095911618
-0.09821430869612276,-0.10189557772282452,0.0036812690267017667
-0.3065002063022996,-0.30817609183316214,0.0016758855308625087
0.8467490457932515,0.8419538400902834,0.004795205702968097
0.5008913310302142,0.4839565715719549,0.01693475945825934
0.16326340782675358,0.17031956500110357,0.007056157174349986
0.9815357858454153,0.97034339050894,0.011192395336475314
0.8489032488928918,0.8408741093745704,0.008029139518321404
0.5105507303625056,0.5124725883340617,0.0019218579715560846
-0.9165448703301818,-0.9075492997500467,0.008995570580135115
0.941705259730839,0.934485252685703,0.007220007045135923
-0.3495493302912392,-0.3521810030875176,0.002631672796278406
-0.5169217723026645,-0.5091436140696167,0.007778158233047727
-0.4572159033261506,-0.43826822976150476,0.01894767356464583
0.9159728623523659,0.9055945758240442,0.010378286528321623
0.3833093303956415,0.3815904407789762,0.0017188896166653311
-0.5459582094772827,-0.5480331268215805,0.0020749173442977664
-0.9020267981499044,-0.8921912771707537,0.009835520979150636
-0.46268505848551467,-0.4471947798844153,0.015490278601099361
0.6568638259857238,0.6497442134174793,0.007119612568244449
0.4434265729216875,0.4308219163823682,0.012604656539319303
0.23591013768461866,0.23022574024494968,0.005684397439668976
-0.35333155623951557,-0.35154970896321336,0.0017818472763022064
-0.7760850973533497,-0.7566906580903452,0.019394439263004548
0.07313257188654933,0.08014414238534867,0.007011570498799344
-0.41975140575401726,-0.41032956468152953,0.009421841072487724
-0.6425827812969983,-0.6322570184579901,0.010325762839008212
-0.6373046387942098,-0.623457745345521,0.013846893448688835
0.7584793606907093,0.7495844444057649,0.008894916284944432
0.13362782539017734,0.1409314847766857,0.007303659386508371
-0.4900411136304923,-0.4857617922073056,0.0042793214231867105
0.28937069094523155,0.3002832760137006,0.010912585068469038
0.6393839199474849,0.6356931601018037,0.003690759845681235
0.6593178075982802,0.6416664150145183,0.017651392583761916
-0.9048478098338152,-0.8954598659200266,0.00938794391378861
-0.6524015936454522,-0.6441182012510575,0.008283392394394795
-0.9074732430287852,-0.8950896947067304,0.012383548322054794
-0.13106437315679262,-0.12546139940447565,0.00560297375231697
-0.9456904459368526,-0.9320267030488872,0.013663742887965347
0.4617894318755986,0.4192222757239935,0.04256715615160511
-0.6803898118509513,-0.6716954906616426,0.008694321189308685
-0.26180020575901086,-0.2412464575359784,0.020553748223032464
0.30333785998720614,0.28835338541149963,0.014984474575706508
0.118859409310154,0.10654005796573683,0.012319351344417168
0.11151510894653432,0.10578765845365715,0.0057274504928771786
-0.7465305911458251,-0.7455132105263461,0.0010173806194789803
0.081857539958273,0.09878037912154951,0.016922839163276512
-0.8713116327668196,-0.8394512776867138,0.03186035508010576
-0.46628739177654027,-0.4619212381534608,0.004366153623079461
0.8676801312603125,0.857934652321525,0.009745478938787522
-0.3895537277088224,-0.3818057430063103,0.00774798470251209
-0.22568842400096434,-0.21501075793734784,0.010677666063616503
-0.257731651105428,-0.25045732319122027,0.007274327914207734
0.8788829046333854,0.872050196851896,0.006832707781489367
0.9383100161998091,0.9300326718311432,0.008277344368665895
0.9354320814484257,0.9235189734713467,0.011913107977079007
-0.943594670422428,-0.9262746089214426,0.017320061500985307
-0.6466248175702484,-0.633924424840191,0.012700392730057408
0.5477990858331379,0.5306484059666767,0.017150679866461127
-0.8888384847661804,-0.8700296482113723,0.01880883655480814
0.8556723703952153,0.8539745017829423,0.0016978686122729458
-0.44560783462146614,-0.4497966230910345,0.004188788469568383
0.8854502874856801,0.8745499505893882,0.010900336896291885
-0.07222696601196914,-0.07540886277973909,0.0031818967677699483
-0.2044360768457741,-0.19556951647424414,0.008866560371529969
0.912666431218014,0.8963829404022222,0.016283490815791835
-0.9755896429448372,-0.9620713490132847,0.01351829393155246
-0.25985866404232955,-0.2675110359782954,0.0076523719359658515
0.02934529666507264,0.037913728942398445,0.008568432277325806
-0.12173242715445207,-0.12706795228596543,0.005335525131513363
-0.5083417561675999,-0.49990562830368374,0.008436127863916176
0.052726720092220555,0.042725387795260604,0.010001332296959951
0.36879994896358176,0.3796331425455925,0.010833193582010736
0.9852221156837891,0.9748888708423751,0.010333244841414069
0.5938956502317021,0.5899362204426349,0.003959429789067159
-0.6309439541130106,-0.630542827616461,0.00040112649654966415
0.7273219385102865,0.7236218115584687,0.0037001269518177615
-0.5091543776676672,-0.4970518377924915,0.012102539875175733
0.23849417662441358,0.24226854358806302,0.0037743669636494392
-0.9182963946345057,-0.9006522993269594,0.017644095307546293
0.7570091886920322,0.7458076629250663,0.01120152576696587
0.4081489855766772,0.39175883934518874,0.01639014623148849
0.5348957643412894,0.5260028268887353,0.00889293745255404
0.3773903754486524,0.3706663284058116,0.006724047042840797
0.2594184281808624,0.2448530663876291,0.014565361793233311
-0.33514212206267163,-0.33871275952207297,0.003570637459401338
0.3785449883545402,0.3602413941218006,0.018303594232739584
-0.9318579036797294,-0.9190251427274065,0.012832760952322886
-0.9318727482168836,-0.9142634472599116,0.017609300956971996
0.3651197998310779,0.36560968461452054,0.0004898847834426401
0.945199654979672,0.9262210516931192,0.018978603286552764
0.14883385694144063,0.1546016532721339,0.00576779633069327
-0.9398207081941501,-0.9216972394708763,0.01812346872327375
0.5477682235976749,0.5572184869001325,0.009450263302457684
0.682251574719687,0.6735510285256071,0.008700546194079894
0.11430062078834496,0.1016823276590463,0.012618293129298658
-0.3920520122948868,-0.37876250975568,0.013289502539206799
-0.23049651799857857,-0.24916128898651424,0.018664770987935675
0.5552192601932993,0.5570022691032024,0.0017830089099031277
0.5150009140080849,0.5130094390649913,0.0019914749430935963
0.94485997422949,0.9412802244394833,0.0035797497900066366
0.7447634026332549,0.738876990534394,0.0058864120988608715
-0.44227504315576294,-0.4432585133934675,0.0009834702377045645
0.836507582514709,0.8165958077361121,0.019911774778596958
-0.8597581020045978,-0.8552468959769272,0.004511206027670633
0.4847178430264862,0.47809756491073974,0.006620278115746447
-0.02440329036327865,-0.020878778266046543,0.0035245120972321083
-0.9002151512372624,-0.8845614336751254,0.01565371756213696
-0.35989380081312394,-0.35635949753002727,0.0035343032830966736
-0.22505939580064402,-0.21642648266905626,0.00863291313158776
0.3566924750516609,0.35687886254358187,0.0001863874919209585
-0.22708703169836084,-0.2337663302620306,0.006679298563669778
0.8035741752080611,0.7897226320180171,0.013851543190044002
0.041113937809360665,0.027410238111571714,0.013703699697788951
-0.9171306610673479,-0.911727623671772,0.005403037395575905
0.9423794403085833,0.9272326632907147,0.015146777017868596
-0.8141590635354887,-0.8021559679551405,0.012003095580348178
0.27429739628359584,0.2596551901354901,0.01464220614810574
0.6013906307342675,0.5890928953508736,0.012297735383393849
-0.5847991615728234,-0.5738141453607561,0.010985016212067267
-0.22090053621010514,-0.1925430019956619,0.02835753421444323
0.22786027505468232,0.2286041875158336,0.0007439124611512971
0.34840728862828224,0.3712448281812316,0.02283753955294937
-0.08298430822476399,-0.0949688147280873,0.011984506503323306
-0.4623764752735312,-0.42669058589336367,0.035685889380167535
0.8551116996581766,0.8351201398828424,0.019991559775334178
-0.9430883503885179,-0.9274065463094429,0.015681804079075046
-0.002819342140590303,0.010654652688246408,0.01347399482883671
0.8615033586897373,0.8455388040535315,0.01596455463620572
-0.29734563585546187,-0.3004895053431625,0.0031438694877006235
0.6987944610019106,0.6908375354259335,0.007956925575977047
0.9269042712358591,0.9140987203385509,0.012805550897308171
0.8597924098239392,0.8490167390913356,0.01077567073260366
-0.7467128905938467,-0.7463529438552003,0.00035994673864636617
0.9432513451180587,0.9322408036943766,0.011010541423682185
0.7619416134518692,0.7542299070270638,0.007711706424805342
-0.5037181051797295,-0.4952894045489811,0.008428700630748354
-0.4353348146757538,-0.4133317496663881,0.02200306500936572
0.17697125841812203,0.19007400496220989,0.013102746544087857
0.028548341353962663,0.05875635516873219,0.03020801381476953
0.4090071634763594,0.4001658787050794,0.008841284771279989
0.7748601874674728,0.7627453415744617,0.01211484589301104
-0.7878481587480005,-0.7666888502596667,0.021159308488333806
-0.6763057675840589,-0.6586191602573551,0.017686607326703796
-0.6604677240925312,-0.6533410996187428,0.007126624473788423
-0.5116625782647386,-0.5110190195994297,0.0006435586653088521
-0.4372540229151219,-0.4380493734459772,0.0007953505308553321
0.7887004445153183,0.7727306721330259,0.015969772382292358
-0.6014405647870321,-0.5879322951415141,0.01350826964551799
-0.8950475688041213,-0.8652617638763598,0.029785804927761506
-0.6235992759277964,-0.613897546276574,0.009701729651222402
-0.936724078144668,-0.9192394855535267,0.017484592591141213
0.12101510712684618,0.10649418767861743,0.014520919448228753
0.6655950425117182,0.6708525065313525,0.005257464019634339
0.9414036234401253,0.929445484140751,0.011958139299374282
0.2431866840255777,0.23637580325495386,0.006810880770623834
0.7486379591836353,0.7424564893222175,0.0061814698614177654
0.7779357299852969,0.7584992721595231,0.019436457825773856
0.8630452261163463,0.8545075717366619,0.008537654379684345
0.8576492763583844,0.8422168628354006,0.015432413522983746
0.7548111336926988,0.7595267341391285,0.004715600446429713
-0.4005658915899341,-0.38335302277959804,0.01721286881033607
-0.4976415763878505,-0.487953785373042,0.009687791014808489
0.074675957108709,0.06320193455664685,0.011474022552062146
-0.4784044145354051,-0.46635951402149806,0.012044900513907053
-0.03762618247920717,-0.040218883650663534,0.002592701171456366
-0.8164996634536126,-0.8068846687431381,0.009614994710474445
0.05287537806886546,0.05864254059959967,0.005767162530734206
-0.8947952606502747,-0.8810833743410375,0.013711886309237253
0.3460909760997207,0.3506454982049131,0.00455452210519236
0.6102492816092142,0.5973015712411262,0.012947710368088061
0.6242783162909706,0.6015947684782813,0.02268354781268933
0.9481813821509961,0.9309393002149373,0.017242081936058806
0.08763374922321143,0.09306165329815215,0.005427904074940718
-0.4919075806691049,-0.4949298655718855,0.0030222849027806142
0.8945654243614363,0.8822942031114761,0.012271221249960163
0.2302741743075575,0.22002723682023417,0.010246937487323332
0.8050014072531083,0.8014291659800103,0.0035722412730979647
0.9420252137810832,0.9336383969827893,0.008386816798293895
0.6329355270042959,0.6288375579460846,0.004097969058211248
-0.35533801212703753,-0.3423192365392746,0.013018775587762932
0.6047152787846868,0.595181231085806,0.009534047698880777
-0.7743906854601535,-0.771236611239233,0.003154074220920511
0.3821979138799721,0.3665382567067497,0.015659657173222374
0.015165135929137865,0.02140706848312377,0.006241932553985906
0.4690426694225892,0.4435646466208766,0.02547802280171263
-0.7024561080636,-0.7023783858837556,7.772217984447494e-05
0.5985295941071272,0.5915412480520766,0.006988346055050609
0.10111763987856762,0.0875734614461718,0.013544178432395818
0.30310984728692764,0.31138309985402685,0.00827325256709921
-0.9358464826342697,-0.9349700107594983,0.0008764718747714673
0.925499111123743,0.9118107182860796,0.013688392837663321
-0.07010331620168629,-0.06574500661067935,0.0043583095910069425
0.038433497367916014,0.026249602482743467,0.012183894885172547
-0.3108544629576311,-0.30274650088261335,0.008107962075017738
0.9522142261985083,0.9352903099513259,0.01692391624718237
0.6912899750946802,0.6831727781901764,0.008117196904503743
-0.8980528249806481,-0.8745687055373189,0.023484119443329177
0.8256766254285203,0.8131394529384904,0.012537172490029835
0.5795474434399229,0.5687872848773413,0.010760158562581612
0.7871951370434148,0.7880156691277153,0.0008205320843004404
-0.042819373326625096,-0.028903978211367327,0.01391539511525777
-0.3456582359658528,-0.33331643549875223,0.012341800467100594
-0.6594040483330155,-0.6479619688292498,0.011442079503765634
0.368757629937571,0.37661390607459727,0.007856276137026275
0.668238513117268,0.6638143289582278,0.004424184159040223
0.9105253858208245,0.9094605415880426,0.0010648442327819696
-0.28585297584058045,-0.28991446892637873,0.0040614930857982845
-0.8822411020297505,-0.86697961623339,0.015261485796360441
-0.6756752011767568,-0.6650038135697698,0.010671387606987048
0.16186788764278878,0.1681997154666802,0.006331827823891412
-0.09398953152817835,-0.08372687482414788,0.010262656704030468
-0.2794998905345508,-0.264673353328118,0.014826537206432844
-0.5304185902938798,-0.5056356630015728,0.024782927292307022
-0.3412702017033863,-0.3512952000273975,0.010024998324011214
-0.896121048354937,-0.8910011643313351,0.005119884023601862
0.7965001240155601,0.7898755378028227,0.006624586212737427
-0.6986611627152112,-0.6922526751451887,0.006408487570022436
0.42440181028651547,0.4185814337487959,0.0058203765377195515
0.8332909470590054,0.8215663862548351,0.011724560804170281
0.9429887596001721,0.933983990081442,0.009004769518730193
0.8367608341294837,0.8158568345464429,0.02090399958304079
-0.6170021442223624,-0.6172636653913139,0.00026152116895150623
0.7556881063985467,0.7369391163745354,0.018748990024011314
0.36755948541000116,0.373021226884799,0.005461741474797832
0.7847427740611348,0.7781540119420789,0.006588762119055902
0.4369117291626736,0.4317018255113782,0.005209903651295422
-0.2383640685427131,-0.23850714695998945,0.0001430784172763433
-0.323588486349811,-0.3181134169982051,0.00547506935160591
-0.4832411059900929,-0.48833077139915415,0.00508966540906125
-0.0039718829763227504,-0.0026693564345933478,0.0013025265417294027
0.250624679736607,0.23108525889484618,0.01953942084176083
0.4425818836965364,0.440114240892909,0.002467642803627379
0.28984877322988073,0.28872913442788695,0.001119638801993783
0.22045562747218306,0.22483290181878,0.004377274346596932
0.9375531087591875,0.9177159897741916,0.01983711898499596
-0.09672476133521835,-0.09074603341117278,0.005978727924045565
0.17055097918917234,0.15598979184654024,0.014561187342632093
-0.7377576971397589,-0.7350426213318388,0.0027150758079200754
0.35482338854728307,0.35411927365782975,0.0007041148894533222
-0.8773321601721863,-0.8677807706758686,0.00955138949631773
0.879891900320477,0.8773431582310128,0.0025487420894642066
-0.5264370905264999,-0.5181072963779654,0.00832979414853452
-0.45293465161884616,-0.4325659553595545,0.020368696259291663
-0.8396283358939525,-0.8340860506100702,0.005542285283882231
-0.9354535995020613,-0.9233061793444393,0.012147420157622046
-0.7339341740869583,-0.7328480818153633,0.0010860922715949517
-0.8735634912915656,-0.8577910890939466,0.015772402197618995
-0.668034288004213,-0.6591846899241713,0.00884959808004171
0.9001694578599082,0.8813068871893214,0.01886257067058683
0.6987557604692217,0.6899484441451166,0.008807316324105141
0.5865649732240524,0.573632300365482,0.012932672858570471
0.10529808276643578,0.09571125359221604,0.009586829174219741
-0.3850574383346414,-0.37689847207166544,0.008158966262975964
-0.600524770041517,-0.601276958248783,0.0007521882072659691
-0.5078940148937422,-0.5057931705772748,0.0021008443164673984
0.07770594389446375,0.0901547505453927,0.012448806650928942
0.6749792990028982,0.6708291160315413,0.004150182971356942
-0.9276866453258934,-0.9205051894746273,0.007181455851266061
0.5611550618272387,0.5653565160956383,0.004201454268399574
0.9290467908254387,0.9150489100292347,0.01399788079620401
0.962605530689708,0.9509546406425706,0.011650890047137374
-0.23547369839892643,-0.2392856167783172,0.0038119183793907663
0.23685206789848784,0.2245589224217063,0.012293145476781536
-0.47279805370817246,-0.48115945741194954,0.008361403703777082
-0.6391720490736618,-0.626611980940101,0.012560068133560809
-0.7393407498395715,-0.7304529028475726,0.00888784699199896
0.7015642154042943,0.6893708826595405,0.01219333274475376
-0.8862338012592961,-0.8667595086141558,0.019474292645140223
-0.15163036202255442,-0.1532362196578063,0.0016058576352518672
0.9378678939141311,0.9242208040356856,0.013647089878445429
-0.6315512253221299,-0.6320141225718381,0.0004628972497081607
-0.5356916818189816,-0.5313801384210554,0.004311543397926276
0.37185661496546013,0.35709204040156206,0.01476457456389807
-0.7693030725231466,-0.757738941716922,0.011564130806224537
0.7180418769696582,0.7087406068126875,0.009301270156970687
0.3261837419103046,0.3092309051922239,0.016952836718080677
-0.18036019062861902,-0.1879903008595693,0.007630110230950282
0.8508064383634296,0.8426557967625383,0.008150641600891295
0.9402971539788639,0.9235309035921746,0.01676625038668933
0.5069829566429728,0.5066663565267964,0.00031660011617640205
0.8352381543570955,0.831284077964801,0.003954076392294503
0.7427471275685078,0.7364179700761948,0.006329157492312998
-0.6664007686827623,-0.6686624189946888,0.0022616503119264886
-0.023311472162427162,-0.029964348263068576,0.006652876100641414
0.491096277710167,0.47852185753806886,0.012574420172098144
-0.567842965547379,-0.5559177884333927,0.01192517711398633
0.896658072551022,0.8915626772385221,0.005095395312499917
-0.6943741998473113,-0.6617318455647456,0.03264235428256568
0.05803221458326905,0.06811368297657965,0.010081468393310596
-0.8931722048800192,-0.8785618384095367,0.014610366470482528
-0.6367614878204524,-0.627386022000196,0.00937546582025639
0.46584774565633785,0.47350322731882755,0.007655481662489694
0.9444852763671397,0.93432222384753,0.010163052519609694
-0.5206979979249078,-0.5017339857848482,0.018964012140059605
0.013644874951800296,0.02528501304777196,0.011640138095971662
-0.9840589457251191,-0.9745126037876826,0.009546341937436531
-0.09189172059538023,-0.09508790826680022,0.003196187671419992
0.5488976742104222,0.5486408085954889,0.0002568656149333215
0.9439318730120594,0.9369317109501394,0.007000162061920001
-0.0017887347482485035,0.010279806511583469,0.012068541259831972
0.9217286182096762,0.9126930259056127,0.009035592304063478
-0.47045390400063397,-0.4754186383277627,0.004964734327128739
0.823011347430797,0.8197060883212954,0.003305259109501524
-0.8807802696918108,-0.8533163263120997,0.02746394337971103
-0.4500626100213523,-0.4473439317472044,0.002718678274147901
-0.23430354951119478,-0.2443926123103264,0.010089062799131632
0.3789710318564927,0.37291069871792104,0.006060333138571683
-0.5235380858295368,-0.5136860380227534,0.009852047806783393
0.9547433711706481,0.9429689180912575,0.011774453079390623
0.9236227685157886,0.9158640815567987,0.007758686958989958
-0.9446250338810216,-0.9316800655904348,0.012944968290586778
-0.5142528435653899,-0.5094972470713426,0.004755596494047332
-0.44212385852010516,-0.4465822355000036,0.004458376979898426
-0.7590553798552567,-0.7582316744029872,0.0008237054522695075
-0.13161004661438347,-0.11839468384608318,0.013215362768300293
0.3099260960107001,0.30865310135334323,0.001272994657356863
0.3758637627821263,0.37495025304637714,0.0009135097357491628
-0.6119441980042354,-0.5993101831883133,0.012634014815922079
0.7836764994875101,0.7660824135435328,0.017594085943977267
0.8240382760712565,0.8207768759857837,0.00326140008547271
-0.9113617921230475,-0.8954144022508715,0.01594738987217592
0.9189966104063916,0.9132065821458097,0.0057900282605818365
0.9409070050088378,0.9340169997424733,0.006890005266364518
0.19944664560968406,0.20808028545603766,0.008633639846353597
0.9628128955604656,0.9447924949958505,0.01802040056461507
0.3469562498985279,0.36255721587993667,0.015600965981408754
0.2497088488917062,0.25811152348113886,0.008402674589432668
0.8291092018649658,0.8180588748650454,0.011050326999920479
-0.014096262224078301,-0.03326734812515727,0.019171085901078966
-0.38504658361050426,-0.39237180187348203,0.007325218262977773
0.6996723239416898,0.6804456888837869,0.019226635057902897
-0.5848667155443349,-0.575469191457435,0.009397524086899867
-0.05822215214875932,-0.0627234745658948,0.004501322417135488
0.5363807339020342,0.5280118177208427,0.00836891618119151
-0.5961783870588863,-0.5858258160858124,0.010352570973073849
0.8327368104130731,0.8259047535744748,0.006832056838598333
-0.6934478501517488,-0.6931311679535082,0.0003166821982406587
0.18165448309600307,0.1687707620391142,0.01288372105688887
-0.9137088014167335,-0.8962102408830332,0.017498560533700247
0.9039202941165246,0.8845441211488424,0.019376172967682237
-0.592133610113599,-0.5792111270802821,0.01292248303331689
0.42516123791482113,0.41177180734014757,0.013389430574673566
0.9024981288514581,0.8893687085248562,0.013129420326601915
-0.8965108347157301,-0.8819400995717982,0.014570735143931923
-0.9608456851565209,-0.9420634235119261,0.018782261644594844
-0.3420383574093088,-0.34749162714129167,0.005453269731982846
0.23254181119609155,0.21726833397150083,0.015273477224590715
0.9433000910965138,0.9338759638478549,0.009424127248658931
-0.7129004864754632,-0.6984750016088906,0.01442548486657258
0.09515320046073203,0.08190520278774012,0.01324799767299191
0.46751561523116136,0.4531857993487616,0.014329815882399788
0.6188374662331693,0.6225400552398159,0.0037025890066466616
-0.5455966487932514,-0.549357103167964,0.0037604543747126185
-0.8589293959027668,-0.8469098736081326,0.01201952229463421
-0.3167935766098688,-0.32868012406668956,0.011886547456820773
0.6768149642975063,0.6636963257434579,0.013118638554048379
0.6115040672608726,0.6151271462178175,0.003623078956944914
-0.09669533317404448,-0.10331098683005736,0.006615653656012882
0.7823499917855044,0.7716518066265223,0.010698185158982021
0.7622379833500712,0.7187863822679884,0.04345160108208279
0.49254171160313803,0.4933381272529007,0.0007964156497626829
-0.3132345658823865,-0.3165479702672756,0.003313404384889085
0.16266863416999514,0.18275704530614936,0.020088411136154227
-0.28136643184923654,-0.27892633753795865,0.002440094311277896
-0.8239594942987708,-0.8193930834044001,0.004566410894370709
0.15740604952505857,0.15407063915654032,0.0033354103685182546
0.44896219061220727,0.4442001743769394,0.004762016235267841
0.2756529478810259,0.2652193022973484,0.010433645583677487
-0.9059161085915828,-0.8925794072002263,0.013336701391356454
0.7167358694935964,0.7140153054986426,0.002720563994953795
0.6198021004857129,0.6204714568355423,0.000669356349829342
-0.8794187444942249,-0.8632286369438225,0.0161901075504024
0.2569646286432177,0.2583657214821045,0.0014010928388868416
0.5619983378295469,0.5537729375333087,0.008225400296238194
0.07781884877864852,0.08867644791240821,0.010857599133759693
-0.909438144319477,-0.9006949750909957,0.008743169228481285
-0.8894615850503163,-0.8744751541651924,0.014986430885123858
0.18098246120088465,0.18101917520591904,3.6714005034382824e-05
-0.8655751900090366,-0.8481453474758621,0.017429842533174478
-0.9245699039554259,-0.9104661052217371,0.014103798733688833
-0.3822138531334545,-0.37845925942529873,0.0037545937081557845
0.45825734884001557,0.44919850321788046,0.009058845622135103
-0.9388836267268365,-0.9315177297066335,0.0073658970202029606
-0.08834927546209664,-0.0760635784407252,0.012285697021371444
-0.4979457123389442,-0.49011897499149754,0.007826737347446655
-0.6038458496018918,-0.5840411490408575,0.01980470056103434
0.0437276138610733,0.01589741918183942,0.02783019467923388
0.21433457814249982,0.22120345266293903,0.0068688745204392165
-0.19232889529493788,-0.18198829724709653,0.010340598047841348
0.659664757270622,0.6378102893938186,0.02185446787680345
0.007342193156693897,0.0023391858844421447,0.005003007272251753
0.9551137518329023,0.9433842141984983,0.011729537634403986
-0.1447259207189922,-0.12113773786689608,0.02358818285209613
-0.9353801985585798,-0.9182570278102913,0.017123170748288508
-0.19493335670782644,-0.20325085849359298,0.00831750178576654
-0.8632426001448648,-0.844577515008696,0.018665085136168713
0.5509297485578735,0.5577872752086878,0.006857526650814294
0.41471123867097376,0.39866668335000377,0.01604455532096999
-0.9418055470077912,-0.9317382717400616,0.010067275267729547
-0.021557534771817884,0.0007124805815616858,0.02227001535337957
-0.21526559368709058,-0.2193136202032475,0.004048026516156905
-0.8783766898732662,-0.8615178147671975,0.01685887510606876
-0.8542913782244766,-0.8401930376143096,0.014098340610167015
-0.7011585681962674,-0.7007348647943764,0.00042370340189101796
0.41477904063738247,0.4136806680059064,0.0010983726314760522
0.1734908306772701,0.17861017505939553,0.0051193443821254125
-0.07980098135195313,-0.0871861252757528,0.0073851439237996724
0.3321932273299122,0.315949377222841,0.01624385010707119
0.23205256941569236,0.23613159432791064,0.0040790249122182876
-0.07269646290145591,-0.06919289722836061,0.003503565673095302
-0.8845252079309838,-0.8709356051455965,0.013589602785387234
0.70559382112779,0.6969391770243006,0.008654644103489373
0.5272800533321482,0.5139170246013856,0.013363028730762672
0.26589977769543044,0.2690845357819545,0.0031847580865240754
-0.8814507255158621,-0.8716701373369565,0.009780588178905592
-0.9436866719372365,-0.9258419343315792,0.0178447376056573
0.8310702550844921,0.825678727518587,0.005391527565905108
0.8237140160581182,0.8248819027821509,0.001167886724032674
-0.04784832284028833,-0.04182351265529874,0.006024810184989592
-0.9173083901083016,-0.9008415262165582,0.016466863891743344
-0.4938366317353688,-0.50039509504625,0.006558463310881224
0.053003181432450634,0.04395929446505092,0.009043886967399717
0.44435814124361034,0.4417022039076795,0.002655937335930836
-0.11460858050260092,-0.09312555309785366,0.021483027404747265
-0.3865453530955423,-0.34495452307272423,0.04159083002281805
0.910012835301433,0.896851486875153,0.013161348426279917
0.3528376223908623,0.3669254480526955,0.014087825661833198
0.19380695814807594,0.18008812375094,0.013718834397135948
0.8535165464703673,0.8404103461195589,0.01310620035080845
-0.5218962810740864,-0.5241246213148693,0.002228340240782889
-0.3464695154493408,-0.3522048384459696,0.005735322996628822
0.6956122147633252,0.686617337185323,0.008994877578002214
-0.10318665841671329,-0.0934817301190096,0.009704928297703683
-0.2117817895540328,-0.21025207179632885,0.0015297177577039411
0.7184412931877381,0.7081511294795627,0.01029016370817537
-0.5853995255977498,-0.5827163985487759,0.002683127048973888
0.13801567583433336,0.14661132765367227,0.008595651819338912
0.6476984459800058,0.6442824477291259,0.0034159982508799036
0.7392052687964328,0.7021257158607219,0.03707955293571086
0.6954778672530257,0.6978538692358102,0.002376001982784426
-0.5136685597946306,-0.5053852656622674,0.008283294132363173
0.9006013824832377,0.886312446284122,0.014288936199115754
-0.07445680847073492,-0.07776649727344219,0.003309688802707267
0.8299639145313392,0.8242772120792475,0.005686702452091685
0.02693935673824317,0.015237822725430143,0.011701534012813026
0.17724440618368764,0.16949500406302787,0.007749402120659776
-0.4548106025398958,-0.45833596033665386,0.003525357796758055
-0.5958178073723411,-0.6035889911864383,0.007771183814097138
0.8237161050705795,0.8024299984679063,0.02128610660267316
-0.06551028622944978,-0.0536009079356122,0.011909378293837578
-0.5685887865772064,-0.5555582011997856,0.013030585377420745
0.22336285395537278,0.2272576066182033,0.003894752662830514
-0.8717002839190406,-0.8608441594216956,0.010856124497345077
0.9390689167450096,0.9233806426579735,0.015688274087036103
0.5626079090934614,0.5656782016281641,0.003070292534702701
0.9037355523210294,0.8889850663056768,0.01475048601535267
0.5013983768882951,0.5058942912893668,0.004495914401071666
0.02304724500213347,0.03195227288854309,0.008905027886409619
0.9277938642461403,0.9145320509822955,0.01326181326384479
0.7281952003920885,0.7120560949731389,0.016139105418949584
-0.8401495411893233,-0.821838661464341,0.018310879724982243
-0.7761812745433985,-0.7743948525810922,0.0017864219623062727
0.15531667967407947,0.14121660132092606,0.014100078353153411
0.9463631897957228,0.9287103176435466,0.017652872152176147
0.5219890397728976,0.500374759616924,0.021614280155973553
0.9443897711171949,0.9355468201909031,0.008842950926291837
-0.9143942806525045,-0.9078600777450012,0.006534202907503284
-0.9222417450797482,-0.906241630572234,0.016000114507514263
0.42888223732626,0.4320803313294822,0.003198094003222185
-0.7551016734623617,-0.7376088859794218,0.01749278748293992
0.9194634365083634,0.9171653012567902,0.0022981352515731857
0.45352592062462715,0.44095508603106254,0.012570834593564617
-0.3550950800348013,-0.36022207830012776,0.005126998265326477
-0.4298851096546218,-0.422836379738102,0.00704872991651978
0.19904151406528658,0.191191380215965,0.007850133849321594
0.89569409000715,0.8866012970374845,0.009092792969665475
-0.5100502477469054,-0.4979109286766394,0.012139319070266053
-0.33242271022763326,-0.2887208719447303,0.04370183828290297
-0.5998937093421217,-0.5889162245563752,0.01097748478574656
-0.2630092184834676,-0.2687740795972047,0.005764861113737085
-0.2951442146076094,-0.2977446905122467,0.0026004759046373005
0.9075263030298214,0.8988044586439643,0.008721844385857103
-0.8339070789653878,-0.8015743351573913,0.032332743807996556
0.4458330935360313,0.43860681841906574,0.007226275116965553
0.5673167011962559,0.5514933382277568,0.015823362968499066
0.17609321271842915,0.1645229414973852,0.011570271221043954
-0.7504579680873581,-0.7333780712500998,0.0170798968372583
0.9437580633913637,0.9344704550689302,0.009287608322433472
-0.1150334008681156,-0.12901113630900296,0.01397773544088736
0.9348516905706212,0.9231295099218945,0.011722180648726765
0.7543227510930576,0.7503432897860233,0.003979461307034304
0.4342310680995456,0.4330297324431703,0.001201335656375313
-0.8989717089824159,-0.883503707768607,0.015468001213808868
-0.7287361171796325,-0.7159171697321589,0.012818947447473583
-0.5367206793565127,-0.5216336939774714,0.015086985379041296
-0.01915383185522022,-0.005032145525051524,0.014121686330168696
-0.730017409189274,-0.7132246997895867,0.016792709399687356
0.17710366482221712,0.16454798607898757,0.012555678743229548
0.1608782972745532,0.15295604179392386,0.007922255480629331
-0.9508238106732548,-0.9371256961159973,0.013698114557257557
-0.7428232258278455,-0.7260377601159897,0.016785465711855796
-0.9403054380499173,-0.9262724744422172,0.014032963607700122
0.8777781552495432,0.868970752782793,0.008807402466750158
0.8367810105514829,0.8198643247969499,0.01691668575453298
-0.8324752268032533,-0.8246484446224372,0.007826782180816005
0.8470225739924198,0.8390330732400962,0.00798950075232352
0.32725936954676277,0.30248179131561864,0.024777578231144126
0.90398708157346,0.8919216016988323,0.012065479874627694
-0.4525772431178907,-0.4357718147585546,0.016805428359336128
0.08461982059154911,0.08188120363065358,0.002738616960895529
0.6069336140476502,0.6040722128642946,0.0028614011833556496
-0.6856117355294399,-0.683494661697609,0.002117073831830907
-0.8872175244627601,-0.8806861961940079,0.006531328268752246
-0.8848647718295557,-0.8712650583691992,0.013599713460356488
0.41107270876968427,0.3975671734175879,0.013505535352096365
0.9398086018251279,0.9313342197294814,0.008474382095646549
-0.908312233129453,-0.8959607072309479,0.012351525898505078
-0.929497412643461,-0.9173944299113325,0.012102982732128509
0.06791164838961282,0.08296292032923597,0.015051271939623148
0.919280675215544,0.9048682326953347,0.014412442520209345
-0.6534282113871966,-0.6384889880409235,0.014939223346273178
0.7381856486784817,0.7212126726155735,0.01697297606290815
-0.4696769427404841,-0.46431966318575035,0.0053572795547337515
0.661040734377407,0.6384761761117906,0.02256455826561632
-0.7575622643829623,-0.7403046002450572,0.017257664137905082
-0.945245637641898,-0.9308023550645347,0.01444328257736327
0.9084123861863266,0.8993751979048374,0.009037188281489139
0.9433791868583575,0.9322141876533576,0.011164999204999915
-0.7553738535755551,-0.755537543881533,0.0001636903059779593
0.8051614420994405,0.7966848542690633,0.008476587830377191
0.13917354213059122,0.12584025105261679,0.01333329107797443
0.6249683445468535,0.6209224678444067,0.004045876702446716
-0.5179779974006441,-0.5193228078306088,0.0013448104299647046
0.3216404737605943,0.3139257269030642,0.007714746857530097
0.6115979921594292,0.6108437599533975,0.0007542322060317685
0.6762816637408046,0.6695061192667753,0.0067755444740292825
0.038924499596003165,0.02987959323528846,0.009044906360714706
-0.9234638870692633,-0.9165143479765504,0.0069495390927128975
0.1509427938277869,0.1595286852017287,0.008585891373941806
-0.5183223322367781,-0.5094556708375643,0.008866661399213882
0.30915697611592563,0.3118088371365452,0.0026518610206195947
0.10707039909771544,0.11007535989861848,0.0030049608009030393
0.17757729444063958,0.17975389216035756,0.002176597719717982
-0.42657268479555144,-0.42112218806521734,0.005450496730334098
0.2928234813759466,0.29258676625591246,0.00023671512003414774
-0.08695978943748649,-0.09702086479885008,0.010061075361363594
0.9268893153753509,0.9127650279295788,0.014124287445772099
-0.4126133394888212,-0.3954321928443471,0.017181146644474066
0.14062174850621317,0.14660974688764067,0.005987998381427495
-0.6371490266831656,-0.6438372677950647,0.006688241111899029
0.09398953055540893,0.08310355211945834,0.010885978435950586
0.347940335218332,0.355136592848618,0.007196257630285974
0.3934515296885444,0.40106240568710416,0.007610875998559752
0.9322350747660048,0.9171739415415355,0.015061133224469225
0.2990202203235813,0.3031228736315095,0.00410265330792825
-0.8658809033252111,-0.8535633002150476,0.0123176031101635
0.4391824086469568,0.41518253639219116,0.02399987225476563
0.5734234951356493,0.5564559053743146,0.016967589761334723
0.945313037091588,0.9248476754607691,0.020465361630818912
-0.9252328398791656,-0.9172989516774072,0.007933888201758443
-0.44893536649133964,-0.4411420487886209,0.007793317702718738
-0.42776234490361875,-0.41908527883225544,0.008677066071363315
0.062054715071339896,0.06915501242482253,0.0071002973534826305
-0.10420006051747797,-0.11385572413850054,0.009655663621022562
-0.6593433508366029,-0.6564878580348269,0.002855492801775994
-0.9385008021726634,-0.930164793734879,0.00833600843778437
0.4090704287329526,0.40191746435029063,0.007152964382661942
-0.1603619400127959,-0.13735798162882187,0.023003958383974038
0.8584417038079156,0.8428243551244603,0.015617348683455323
0.5161741706036569,0.5089081366425827,0.00726603396107417
0.5341152262998677,0.5158789966928603,0.018236229607007437
0.9412501588010139,0.9269800020862592,0.014270156714754734
-0.012254597349946567,-0.005552060126769295,0.006702537223177272
-0.7294079282101515,-0.7268417652129792,0.002566162997172383
0.18369845895770773,0.1846680342382084,0.0009695752805006785
0.22840117941536672,0.2286385104495986,0.00023733103423187463
0.7868242963158752,0.7430665893417409,0.04375770697413439
0.5319809154903188,0.5169701272652913,0.015010788225027438
0.8283553532856481,0.8200026367867359,0.008352716498912227
-0.3604696360603396,-0.34928672143038225,0.011182914629957352
-0.436384079215169,-0.41989128782401736,0.016492791391151618
-0.6906644575732148,-0.6752620812536878,0.015402376319527011
0.6122637510392352,0.6068737312824811,0.0053900197567541275
-0.6867031089010202,-0.6776294561862696,0.00907365271475058
0.8374534685440893,0.8244611487323932,0.01299231981169613
-0.7662495769304247,-0.7501948987062365,0.016054678224188268
-0.938205402614031,-0.9258045722070052,0.012400830407025776
-0.9230837231984199,-0.9101477467865821,0.012935976411837857
0.15501953590436376,0.12154316056557592,0.03347637533878785
0.8619852840874819,0.8471029498672842,0.01488233422019769
0.9688599688959403,0.9509567497154162,0.017903219180524066
-0.8920467424465154,-0.8821817512622191,0.00986499118429629
-0.6307072462499222,-0.6116840071156529,0.0190232391342694
0.291774024952871,0.2868927195036016,0.004881305449269402
0.9344910396388949,0.917306191242364,0.017184848396530894
0.8219846236402784,0.8017365260341407,0.02024809760613766
0.4192561778749319,0.3891995071009507,0.03005667077398122
-0.16682350242004898,-0.1307870621605119,0.03603644025953709
-0.31716674784375154,-0.31431798867610466,0.002848759167646875
-0.19652820976648788,-0.20554435717881353,0.009016147412325648
-0.7587499057987226,-0.7560159946803293,0.002733911118393273
-0.08776612832249284,-0.09980558429867041,0.012039455976177574
-0.30318684309715965,-0.30916513454005445,0.005978291442894801
0.9381149810847846,0.9279389986317452,0.010175982453039412
-0.8769809268155836,-0.8638086638260176,0.013172262989565975
-0.933768124143123,-0.9165863130826926,0.017181811060430485
0.9070715432925317,0.8963727884289896,0.010698754863542104
0.5522810453281785,0.5627662912545036,0.01048524592632516
-0.7284001672086231,-0.7155285700032741,0.012871597205349028
0.8917971396554694,0.8861441661456181,0.005652973509851278
0.13183027210021772,0.13185116619546242,2.0894095244694544e-05
0.7479326422312627,0.7341938077351742,0.013738834496088481
0.48251916795588273,0.49676514695574403,0.014245978999861297
-0.8148743662655893,-0.8142817785348051,0.0005925877307841887
-0.9379717589111883,-0.9218336219291264,0.0161381369820619
-0.6509486090663045,-0.6528322073206614,0.0018835982543569108
-0.14573101151170423,-0.1569254602569975,0.011194448745293267
-0.8337130237451079,-0.8219104372399313,0.011802586505176627
0.73316625831708,0.7144305342750822,0.01873572404199786
0.4333880431205942,0.4365428101697593,0.003154767049165119
0.8526253845628622,0.8459286713787225,0.006696713184139669
0.24843428978197532,0.258456284414201,0.010021994632225667
-0.6360701845411576,-0.6201104539337646,0.015959730607392975
0.31351836374044234,0.30394705818823015,0.009571305552212195
0.5030908755885255,0.49366737338549826,0.009423502203027234
-0.9592938190211467,-0.9439620186833173,0.015331800337829438
-0.5608925202953735,-0.551850446106073,0.009042074189300475
0.7882109921817325,0.780002105847074,0.00820888633465855
0.650378460270063,0.6509423672920016,0.0005639070219386477
0.1899626684234987,0.1750264257917378,0.01493624263176091
0.8943556565127864,0.8733726818928653,0.020982974619921047
-0.7982456081557893,-0.7955810943599985,0.0026645137957908016
0.7915374051122286,0.7950906432257109,0.0035532381134822932
0.138154007927346,0.14393816118184297,0.005784153254496965
-0.39585726679807076,-0.38428538785045074,0.011571878947620018
-0.40095034447816374,-0.3916056887788287,0.00934465569933507
0.48349730611311303,0.48211033086505206,0.0013869752480609732
-0.5036667616397001,-0.4857973738602267,0.017869387779473445
-0.764687188418173,-0.7561890121644661,0.008498176253706857
-0.7009556844910564,-0.6959498292267648,0.005005855264291537
-0.2872691836011,-0.2812684969267442,0.006000686674355771
0.36813480626067085,0.36707069300730893,0.0010641132533619202
-0.806782229767408,-0.7913189118642742,0.015463317903133822
0.6005844312373755,0.5984162887443423,0.0021681424930332094
-0.8605976060038673,-0.851281384675671,0.009316221328196206
0.29679190476956563,0.306725670617418,0.009933765847852383
-0.9377192817094296,-0.9389126037042673,0.0011933219948376816
0.8503681999952903,0.8332187122922248,0.01714948770306557
-0.6479245214642578,-0.6329164578470692,0.01500806361718865
0.7725847934550945,0.7553009210752296,0.01728387237986484
-0.9087023144216649,-0.9011437255034122,0.007558588918252784
-0.9337321627871791,-0.9219995858754636,0.011732576911715475
0.20028410475391875,0.20527633514281596,0.004992230388897206
-0.35783591454112795,-0.3634979307832903,0.005662016242162338
0.59549585981299,0.5961876074374131,0.0006917476244230336
-0.37547898424621,-0.37976304089901164,0.004284056652801627
-0.502320886799603,-0.5034766099154377,0.0011557231158347836
0.7755663990294503,0.7667198296577671,0.008846569371683266
0.38381512504272636,0.3802343407649733,0.0035807842777530463
-0.7969930232621926,-0.786688916724357,0.010304106537835533
-0.588240600411995,-0.5901306845479876,0.0018900841359925646
-0.8433388843772046,-0.8339239195179563,0.00941496485924831
0.020969181169079587,0.015201732284150178,0.005767448884929409
-0.04983377428852959,-0.04244955334959976,0.0073842209389298336
-0.46049047669996807,-0.4524036027953844,0.00808687390458368
0.141574052072176,0.12242041322384305,0.019153638848332946
-0.8789117615785761,-0.8611070806034815,0.017804680975094578
-0.4942167678068906,-0.49576577681132045,0.0015490090044298355
0.8342771827916419,0.8227360585406301,0.011541124251011725
-0.8395423557197914,-0.8243446069659568,0.015197748753834617
0.38364481210588364,0.3659960593991927,0.017648752706690918
-0.16901796360943208,-0.16385635019006262,0.005161613419369465
0.6283072410366284,0.6181031698506461,0.010204071185982322
0.24631104550078167,0.23619226095341753,0.010118784547364146
-0.9417330504966994,-0.924509834341791,0.017223216154908405
0.8463277881065826,0.8325356352568491,0.013792152849733452
-0.006415655185767263,-0.017574698446004976,0.011159043260237714
-0.3771421830800687,-0.37823888175854237,0.0010966986784736732
0.403320291808077,0.40831120574606805,0.004990913937991059
-0.9391260898647658,-0.9221957423272816,0.016930347537484125
-0.6196362784737317,-0.6090297396934969,0.010606538780234764
-0.8806855332703912,-0.8758472094928706,0.004838323777520581
-0.18819412752502218,-0.18705069944239452,0.0011434280826276566
0.44465129884954296,0.4617093144872591,0.01705801563771614
-0.7217917732051266,-0.7207796524918542,0.0010121207132723908
0.45680809660435495,0.4536390538427733,0.003169042761581642
0.7344725689317753,0.7060025721486308,0.028469996783144436
0.8955003967978566,0.8918418809799302,0.003658515817926422
0.883372234566803,0.8657950718048988,0.01757716276190424
0.22559790277817707,0.22200232447768664,0.0035955783004904263
0.9743914114241569,0.9661598415305902,0.00823156989356666
0.8011486339598339,0.8061272382984042,0.004978604338570225
0.5544895132301796,0.5450103810844403,0.009479132145739255
-0.9133123554549174,-0.9049307567772846,0.008381598677632773
-0.05569707753363899,-0.05688471278807399,0.0011876352544350002
0.6383985352588845,0.6142697286127928,0.024128806646091627
-0.8777219286826565,-0.8632979000665639,0.014424028616092599
0.6118435623565346,0.594567396432991,0.01727616592354364
0.2169585587314455,0.21786773695502779,0.0009091782235822743
-0.013208920429375442,-0.024342577814229823,0.011133657384854381
0.22227776471389057,0.21579718161633513,0.006480583097555448
0.8204545517967355,0.8227705487654331,0.0023159969686975534
-0.9430670570708668,-0.9249971464863088,0.01806991058455798
-0.16611670699580075,-0.16088709671474896,0.005229610281051789
-0.14965668609420466,-0.11085976223788359,0.03879692385632107
-0.08536293586154621,-0.09480528715048854,0.00944235128894233
-0.8333500550536213,-0.8204232191464574,0.012926835907163814
-0.26194119609769884,-0.260675966780447,0.0012652293172518148
-0.40159382082774003,-0.3873497100437474,0.014244110783992625
-0.7328940730931268,-0.7330222462456624,0.00012817315253554895
-0.6237566226217386,-0.6246750490753118,0.0009184264535732067
-0.780393145047746,-0.7669884276199028,0.013404717427843216
0.6452028985691541,0.6376832461497371,0.007519652419416989
-0.3105455797751128,-0.3039999774875609,0.00654560228755191
-0.520528009798041,-0.5249980945210643,0.004470084723023238
0.24727331576296596,0.24003565959392956,0.007237656169036405
-0.9518463226062582,-0.944991810080179,0.0068545125260792705
0.481396709616915,0.46446834361521494,0.016928366001700057
-0.9095291958652528,-0.8959314733287289,0.013597722536523915
-0.1470944159961778,-0.13275809476484604,0.014336321231331772
-0.11967114564738293,-0.11156921164896526,0.008101933998417674
-0.4730859534242458,-0.45849444076464646,0.014591512659599348
-0.8498416318781724,-0.8337308993415321,0.016110732536640304
-0.015279353012268987,-0.0029332536186286945,0.012346099393640293
0.031025680874512355,0.03242986590431681,0.0014041850298044563
-0.6842527627827908,-0.6647167936644167,0.019535969118374075
-0.9577134365602112,-0.9440120499064237,0.013701386653787506
0.10063210867850222,0.11160707158882562,0.010974962910323391
-0.6055439892843504,-0.5946049746158258,0.010939014668524538
-0.04743220014582927,-0.02643078475457642,0.021001415391252852
0.4642681070809757,0.4706143120519321,0.006346204970956393
-0.298828341090826,-0.30620673277727056,0.007378391686444552
0.8791580401334083,0.857767593029711,0.021390447103697308
0.9640446521947749,0.942115594728804,0.021929057465970847
0.9198496930160132,0.909326485801493,0.010523207214520158
0.6456008470909093,0.6502789024244637,0.004678055333554476
0.040902692993292224,0.01786927904680924,0.023033413946482985
0.008616848734463594,0.01137520044266614,0.002758351708202546
0.5037873940392841,0.4941021898134238,0.009685204225860278
0.9034175088761153,0.8935905272870358,0.009826981589079464
0.012036234722882915,-0.010225631040452345,0.022261865763335262
0.5435532938575642,0.5438438195893093,0.00029052573174503937
0.11844157813289985,0.12546899439480044,0.007027416261900593
-0.18055042821878883,-0.18932558486308698,0.008775156644298149
0.9172838496157566,0.9075839970023643,0.009699852613392346
-0.8790490194530239,-0.8635115867715678,0.015537432681456131
-0.009302261119453661,0.003913710754410803,0.013215971873864463
0.7499703473892915,0.740424926347417,0.009545421041874502
-0.6749732408402261,-0.6350015688012051,0.03997167203902108
-0.8951672437405509,-0.8837119152980112,0.011455328442539714
-0.40342120964207545,-0.3882003070990653,0.015220902543010173
-0.8029518070960814,-0.7849608505106399,0.017990956585441475
-0.37838778248291394,-0.3713908558359853,0.006996926646928636
0.7694785070651982,0.7641293660396111,0.005349141025587034
-0.11463671313249395,-0.12131361734361987,0.00667690421112592
-0.8181893312868339,-0.80811695138848,0.010072379898353856
-0.8922539671359494,-0.8675097518380618,0.024744215297887617
-0.8888503442375016,-0.8807022354728212,0.008148108764680417
0.7566967226849265,0.7408572953051865,0.01583942737973998
-0.2053503421302542,-0.171753300230139,0.0335970419001152
0.47850420877794075,0.46259115153641606,0.015913057241524697
0.014964977471811292,0.01622126998691367,0.0012562925151023766
0.2695780125578072,0.278426433647749,0.008848421089941771
0.9518460502677892,0.9337622692374694,0.018083781030319823
0.8272864806662555,0.8108640768487392,0.016422403817516362
-0.11120358195455088,-0.11734537557236163,0.0061417936178107535
0.10652508109665713,0.11415148471944654,0.007626403622789407
-0.9202033089238926,-0.9127359160526632,0.007467392871229328
0.054112820304522004,0.0411598142770268,0.012953006027495204
-0.8891494710728837,-0.8839801816724465,0.005169289400437149
-0.6894620950316921,-0.6776021894371431,0.01185990559454897
0.23394150549709933,0.22359751272769762,0.010343992769401705
-0.02959588630271901,-0.04218689544275328,0.012591009140034269
-0.6634791709934075,-0.6656995087657736,0.0022203377723660767
-0.8292415408359609,-0.8242241774790691,0.005017363356891846
-0.12960604902024656,-0.12562384124959727,0.003982207770649282
-0.7313322582525048,-0.7321055313698349,0.0007732731173301088
-0.41326508360085923,-0.436634034003918,0.023368950403058752
-0.4707487370335946,-0.4692701855453268,0.0014785514882678097
-0.8962683725142626,-0.8904402223516157,0.005828150162646928
-0.30761347371701053,-0.2948805450139872,0.012732928703023338
0.8232879058651914,0.7898478259308556,0.03344007993433584
0.14240921290801853,0.13661982153709926,0.005789391370919272
-0.8683495270066676,-0.8411098893576736,0.027239637648993953
-0.8188482588134773,-0.784347456243201,0.03450080257027632
-0.5188355595865485,-0.5214832414314423,0.0026476818448938344
-0.5626959831708086,-0.5470282730524441,0.015667710118364542
0.47005178400610786,0.46112735296205165,0.008924431044056214
0.19891753898268333,0.20293176473460137,0.004014225751918038
-0.343125049857841,-0.3432802731919696,0.0001552233341285958
0.04960962665553367,0.03736082522821802,0.012248801427315652
0.7711266861381085,0.7594650964595274,0.011661589678581108
-0.1125282307654907,-0.1039385603615255,0.008589670403965202
-0.8207038239311509,-0.8150902103137857,0.005613613617365232
-0.2875583103742031,-0.27996115381666875,0.007597156557534346
0.44198967035881054,0.4453175016926804,0.0033278313338698795
0.9458512166593955,0.9310283471415733,0.01482286951782219
-0.5296225184530158,-0.5126457800999662,0.01697673835304958
-0.1144155125898866,-0.12151945775908958,0.007103945169202985
-0.16506927331571994,-0.16373502902984718,0.0013342442858727543
0.3420771458820809,0.33658268023855514,0.005494465643525737
-0.3573321177487186,-0.3420519525110081,0.015280165237710475
-0.857772472790876,-0.84323899817502,0.014533474615855968
-0.4516773630619826,-0.46389096248284517,0.012213599420862586
0.8352872695704991,0.8268952737590876,0.00839199581141159
-0.14411685096304672,-0.13446020167007913,0.009656649292967584
0.12673903799617744,0.1270204384289842,0.00028140043280674987
0.917684044883816,0.9082950943307624,0.009388950553053665
0.2168925386011562,0.21883741335624557,0.0019448747550893652
0.6502780838686499,0.6481747421912731,0.002103341677376802
0.28884076976593687,0.28336637207091825,0.005474397695018618
0.8706681550861599,0.8549634082400145,0.015704746846145423
-0.3007513215158307,-0.2851065390063072,0.015644782509523503
0.882179107535109,0.8789127314634236,0.0032663760716853396
-0.6904920311599554,-0.682329589795656,0.008162441364299333
-0.4428864675942363,-0.44372093577995503,0.0008344681857187508
0.7146976952450291,0.7100202331327459,0.004677462112283259
-0.3790234861384921,-0.379198159433486,0.00017467329499387674
-0.8798015427269062,-0.8659320067907443,0.013869535936161914
-0.1949320373883773,-0.18844209743434776,0.00648993995402955
-0.5664334463269203,-0.556798083056456,0.009635363270464326
-0.3673129222013412,-0.35862179179156634,0.008691130409774872
-0.4207231964599098,-0.41301948777031955,0.00770370868959025
-0.6039049231458753,-0.6035828100548228,0.0003221130910524561
0.48375549459899103,0.48426473349795435,0.0005092388989633156
0.5963103912418038,0.5815072439104525,0.014803147331351352
-0.9526537672255672,-0.9402550165032731,0.012398750722294016
0.676409521679487,0.6582771554470603,0.018132366232426644
0.5498842021351914,0.5302449579927188,0.019639244142472645
0.5027031537202564,0.498736431792959,0.003966721927297412
-0.8530637710172929,-0.8444273125109497,0.008636458506343203
0.7456543089972623,0.7269710692168793,0.018683239780383
0.6744758071173274,0.6679877372793296,0.0064880698379977675
-0.97262241769303,-0.9547967518042265,0.01782566588880352
-0.02935964269973191,-0.040076364581831454,0.010716721882099545
-0.425699774463578,-0.4122824187110368,0.01341735575254116
-0.8607188154142396,-0.854912354201274,0.005806461212965575
0.08253062895013645,0.07377139745590394,0.008759231494232508
0.2514496456704824,0.23910010460552555,0.012349541064956837
0.8755136753206332,0.8587945089975874,0.01671916632304582
0.953311574887603,0.9385412534562703,0.014770321431332722
0.07222696551343322,0.07503767783739596,0.0028107123239627385
-0.787369001930908,-0.7691070483483067,0.018261953582601298
0.8688281806338896,0.8566532847659213,0.012174895867968272
-0.5749303029933073,-0.580936076039773,0.006005773046465768
0.46926118925550087,0.4659975929131907,0.00326359634231016
-0.052727898835045604,-0.04798210918716469,0.004745789647880916
0.6156085489476505,0.6140165497814771,0.0015919991661733635
-0.8111970497368021,-0.7801719142327799,0.031025135504022194
-0.5378657584937614,-0.541207834654396,0.003342076160634644
-0.6235672192435077,-0.6126922177182219,0.010875001525285755
0.0568728642276905,0.045306626616266096,0.011566237611424404
-0.9539845054039121,-0.9383717521877276,0.015612753216184494
0.04476745529870326,0.03263929126476697,0.012128164033936288
0.42203691857373066,0.42743248845717785,0.005395569883447193
-0.357546187856909,-0.35498946830325456,0.0025567195536544407
-0.8831580368011964,-0.8728506460881711,0.010307390713025333
0.09907909101643297,0.08956841748427273,0.009510673532160244
0.22233874003709617,0.22332045928864702,0.0009817192515508555
0.7767103832266938,0.7607686791881894,0.01594170403850448
-0.6269122722064301,-0.6132591288437621,0.013653143362667985
-0.15645224514774386,-0.1311956425232344,0.02525660262450946
0.7467612770552943,0.7375521015610358,0.009209175494258481
0.6351527305538238,0.6343920203382247,0.0007607102155990919
0.14345945733203283,0.13247531049440514,0.01098414683762769
0.959474824624154,0.9430981365179174,0.016376688106236603
-0.8216979845794985,-0.8089016312801451,0.012796353299353358
0.3082238786902753,0.29547581129062456,0.012748067399650731
-0.9254096546162583,-0.9189309964260044,0.00647865819025395
-0.6391109045397322,-0.5952562732558438,0.043854631283888335
0.7095212614324948,0.7099922215159279,0.0004709600834330585
0.23627811515321662,0.25182189371173697,0.01554377855852035
0.8734280164082328,0.8364967964341058,0.03693121997412696
0.2896493026171546,0.295779593594667,0.006130290977512387
-0.5307030137913574,-0.4851481751153304,0.045554838676027
-0.19491478393356854,-0.1897533632677433,0.005161420665825228
0.6249424425703757,0.6276647814778622,0.002722338907486521
0.3488673581791415,0.3430226218066082,0.005844736372533299
0.2662525035964036,0.2768365381047598,0.010584034508356155
0.7559995045334811,0.7480875606704003,0.007911943863080806
0.586240888130511,0.5850760556516813,0.0011648324788297026
-0.5841989470941352,-0.5807147963093859,0.0034841507847492847
-0.6272505106629995,-0.6410240852585999,0.013773574595600357
0.022869054791882237,0.02885425125004524,0.005985196458163002
0.8994278060388445,0.8892167406766209,0.010211065362223604
-0.7115943555558315,-0.7010328827222156,0.01056147283361586
0.0787516935552065,0.10511588045702983,0.026364186901823322
0.254499679015765,0.21825665953082912,0.03624301948493586
-0.3529743235342818,-0.3553966732212177,0.0024223496869358874
0.1514059105694898,0.1459220620883785,0.005483848481111303
0.47266630422167843,0.46240188491059225,0.010264419311086181
-0.6497957317477356,-0.6510828090714726,0.001287077323737007
-0.5160229147975953,-0.5023878588898348,0.013635055907760485
0.32811871286732913,0.31371577952290935,0.014402933344419777
-0.67878586859106,-0.659474542835341,0.019311325755719033
0.2388772563669404,0.20234045991575605,0.03653679645118435
0.3859586815038264,0.39527926268405167,0.009320581180225274
0.91747148735959,0.9033984089118736,0.014073078447716436
0.5228226712611431,0.5047021370466691,0.018120534214474016
-0.48006742297254823,-0.47754020034055283,0.002527222631995396
-0.6393967404212624,-0.6391044386562444,0.0002923017650179327
0.9319545637450443,0.9173454897179758,0.014609074027068458
0.9118197227854599,0.899054803123046,0.012764919662413887
0.36168581323487947,0.3447412327068583,0.01694458052802117
-0.06736075587180633,-0.06784393536963951,0.0004831794978331777
-0.1134178062341899,-0.12247117597871995,0.009053369744530054
0.9372164954984298,0.9221331831895633,0.015083312308866503
-0.14924448420287934,-0.15806587028562036,0.008821386082741023
-0.17066567512474176,-0.17344288932279583,0.002777214198054073
0.120363208372535,0.12791381876230926,0.007550610389774254
0.4885602733268888,0.4858595345857241,0.0027007387411646655
0.48227070149313067,0.49651861546717624,0.014247913974045567
-0.8576496213388722,-0.8450980135479141,0.012551607790958097
-0.9420011071947471,-0.9326139669269203,0.009387140267826721
-0.6918897733909996,-0.6785052746509244,0.01338449874007519
-0.5417162497205159,-0.5328376320147493,0.00887861770576659
-0.8087582833131921,-0.7989446048915072,0.009813678421684902
0.531087064234174,0.5182179509478815,0.012869113286292477
-0.8757939143898746,-0.8629519607549903,0.012841953634884384
0.7561427177804853,0.7513601852391051,0.004782532541380169
-0.8767235164518383,-0.8660419238718816,0.010681592579956711
0.6601512626623254,0.6390716404873275,0.021079622174997925
-0.8311091357726808,-0.828656728330838,0.002452407441842719
-0.2943541435696582,-0.29183884367421126,0.002515299895446965
0.977718795820744,0.9647339337371028,0.012984862083641135
0.5830460256607629,0.5903401730962163,0.007294147435453424
-0.388036630584144,-0.3957197887005589,0.007683158116414901
-0.6144866681675987,-0.6100155394868336,0.004471128680765046
-0.9140551243215078,-0.9044650026420215,0.009590121679486363
-0.8295815657104815,-0.8179494118259497,0.01163215388453176
0.7333616545113517,0.7387694735856506,0.005407819074298881
0.3647943499657882,0.3654700860372039,0.000675736071415689
-0.7677976649999563,-0.7678123928009143,1.4727800958014292e-05
0.31890929984526245,0.32227025896494554,0.0033609591196830935
-0.46986010752767404,-0.47054539154742786,0.0006852840197538179
-0.4445210006187672,-0.42430165734426406,0.020219343274503143
-0.7569945683618958,-0.7427598502538354,0.014234718108060429
0.41163953932047276,0.4098056583398113,0.0018338809806614509
0.23026951094376444,0.22721217568822158,0.003057335255542859
0.24045268193719627,0.2355522469096787,0.00490043502751758
-0.46088367168549127,-0.4814443137870336,0.020560642101542348
-0.14323328646534864,-0.13818810124040382,0.00504518522494482
0.7942659348760358,0.7926572654598323,0.001608669416203523
-0.7540542399745128,-0.7529248285615987,0.0011294114129141164
0.9585394175026598,0.9479875680067855,0.010551849495874288
-0.4147052477831021,-0.4015667018491502,0.013138545933951862
0.23995758702642464,0.22490398793959623,0.015053599086828406
0.1491849244571529,0.1573015872260151,0.008116662768862193
0.30782302947118956,0.3021504926408069,0.005672536830382657
-0.7937266580897441,-0.7913759506332868,0.0023507074564572683
0.09854559923434011,0.10705327962522007,0.008507680390879957
0.015534557805068962,0.0188947829380451,0.0033602251329761367
-0.2827532321589625,-0.27528539680528563,0.007467835353676844
-0.9848510445267205,-0.9686668749139897,0.016184169612730726
-0.600209660071723,-0.600180719844932,2.8940226791007717e-05
0.9152484462537698,0.9092855140173339,0.005962932236435847
-0.04695532683413162,-0.04093817789814451,0.006017148935987107
-0.4681527878052397,-0.4691602465781194,0.0010074587728796658
-0.7811603556531249,-0.7696767084604529,0.01148364719267203
0.8881674262655256,0.8785754602467198,0.009591966018805742
0.6903362174094915,0.6741317643532208,0.016204453056270718
0.5038572792688394,0.4940531293477947,0.00980414992104467
0.7556482709515119,0.7499845446053883,0.005663726346123554
-0.5029723135708258,-0.48701923197951535,0.01595308159131048
0.6321650369369775,0.622565731466615,0.009599305470362474
0.30204032324174956,0.3069828389617768,0.004942515720027241
-0.9295469450885897,-0.9240716277921477,0.005475317296442017
0.8981527339946008,0.8852196702293855,0.012933063765215302
0.15802096230892015,0.14676041689095431,0.01126054541796584
-0.3688676798712474,-0.3741987585072939,0.005331078636046482
-0.22284810546585496,-0.21722400077533563,0.005624104690519327
-0.8955162900686727,-0.8826390931130775,0.012877196955595194
0.667941371141713,0.6526846128777373,0.015256758263975767
0.5959793563418688,0.5872447941072384,0.008734562234630427
0.8247479043973207,0.8126013227883702,0.012146581608950546
-0.3552067801403353,-0.31453571472926434,0.04067106541107096
-0.8133061796740894,-0.8075963305080923,0.0057098491659970385
-0.9184157084302809,-0.9042408145223634,0.014174893907917485
0.8996596170091683,0.8858749532860624,0.013784663723105939
-0.8545211969974632,-0.8446057207841453,0.009915476213317898
0.9220611577182871,0.9113749748334832,0.01068618288480394
0.9333110005208288,0.9205601814200516,0.012750819100777244
0.5684270219348132,0.5559929165951367,0.012434105339676482
0.6616936563417735,0.6409435831785535,0.020750073163219973
0.5971148289830901,0.5852718008681544,0.01184302811493565
0.528312283380964,0.5158112046697839,0.012501078711180114
-0.666893267577098,-0.6587945278483712,0.008098739728726767
0.9415799112874588,0.9322597533299088,0.009320157957549924
-0.1235947527608089,-0.11819959645436069,0.005395156306448212
-0.7531830614484606,-0.740732130738179,0.012450930710281582
-0.05856709313414899,-0.04911355700821551,0.009453536125933484
-0.9243517455332223,-0.9180602817509043,0.006291463782318041
-0.13618945026191565,-0.1281045541813915,0.008084896080524151
-0.9386395304825308,-0.9301788144787158,0.008460716003815039
0.6515785665822502,0.6403087346041503,0.011269831978099942
-0.07268800359646456,-0.0979931918760787,0.025305188279614144
-0.6626498142630248,-0.6654279236012427,0.002778109338217871
-0.7704280776475863,-0.7521751948900088,0.018252882757577416
0.3950195119742251,0.41556563152584347,0.02054611955161839
-0.913056020155163,-0.9055762816974776,0.007479738457685348
0.5692382119859158,0.5681955038604761,0.0010427081254397175
-0.7022647675098213,-0.7026290791467815,0.00036431163696026836
0.34342318114157505,0.3492847633434418,0.005861582201866722
0.14761677016092406,0.13354239958436953,0.014074370576554529
0.9116488969779927,0.9003992186092113,0.011249678368781324
-0.8921410764676143,-0.873232048976927,0.018909027490687347
0.33736832674194744,0.3434396816390048,0.006071354897057346
0.7996401321546635,0.7651750323283915,0.034465099826271994
0.6521501044700896,0.6340416895649271,0.018108414905162462
0.1525199356254721,0.13966942488378611,0.012850510741685972
0.8742158872593542,0.8653850997665766,0.008830787492777548
0.6492865565612755,0.6486168937170654,0.000669662844210106
-0.08982110427098511,-0.10013641722781197,0.010315312956826861
-0.5374355551013769,-0.51778105461784,0.019654500483536896
0.5255198889286395,0.5329277928532875,0.007407903924647963
0.8215253940072967,0.8110451498579379,0.010480244149358886
0.6248402971430461,0.618572632974671,0.006267664168375098
0.5128441595746319,0.5080254985582289,0.0048186610164030474
-0.3614447859592141,-0.3678201652579096,0.006375379298695527
0.7787443980442446,0.776107692492655,0.0026367055515895688
0.6742661041734038,0.6563141508463133,0.017951953327090542
-0.4099217322538496,-0.41392979792310547,0.004008065669255878
-0.5659758714790448,-0.5658867194418363,8.91520372084953e-05
0.7742208951745788,0.7645083428631602,0.009712552311418654
-0.19717152466505683,-0.1888393690721388,0.008332155592918028
-0.5051501312834288,-0.4964309303923622,0.008719200891066592
-0.8948658328438889,-0.8876386742504232,0.007227158593465677
-0.3995841666698679,-0.4022983926888769,0.002714226019009003
0.7040085458708041,0.6899278799623539,0.01408066590845014
0.9206685839225243,0.9084519340030095,0.012216649919514766
-0.1668473098120338,-0.15417861351791173,0.012668696294122067
0.10687795436527606,0.11586552863378388,0.008987574268507825
-0.3916196034424827,-0.3972681117107643,0.005648508268281616
-0.5325675617344047,-0.5351256050483336,0.0025580433139289482
-0.7220304401260386,-0.712202287291476,0.009828152834562509
-0.43258488524567823,-0.44037623392298825,0.007791348677310017
-0.5709400797662593,-0.5570541160421966,0.0138859637240627
0.26909731445284657,0.2694600980860889,0.0003627836332423251
-0.138871571718791,-0.12859861149917204,0.01027296021961896
0.426125807357289,0.43133691232876153,0.0052111049714725355
-0.8764332424468895,-0.8636099061605965,0.012823336286292952
0.6218519149561129,0.6090771047665381,0.012774810189574826
-0.16586230604221194,-0.18368752467530067,0.017825218633088724
0.5588756908208383,0.5517693215884596,0.007106369232378729
0.5537184353201718,0.5582134999437666,0.0044950646235947245
-0.5415639794372774,-0.542818890336877,0.001254910899599615
0.8871069328147652,0.88247770738732,0.004629225427445149
-0.7803709955405739,-0.7827445619638788,0.0023735664233048848
0.406265126859134,0.40800592451806145,0.0017407976589274288
0.2625894728786764,0.2403815660248104,0.022207906853866005
0.24109607475101677,0.253583315913815,0.01248724116279823
-0.9490046316718433,-0.9377651585427699,0.011239473129073474
-0.8869455342419361,-0.8774637106695351,0.009481823572401016
0.8147437466809657,0.8047866171410345,0.00995712953993122
0.9360226087488109,0.9192054538080647,0.016817154940746204
-0.6972198289342201,-0.6877594493250214,0.009460379609198655
0.5858269326198072,0.5835922496319605,0.002234682987846681
-0.9331830305258533,-0.9118974258373529,0.02128560468850038
0.7915374006189727,0.7837053724199122,0.007832028199060481
0.7737247604547163,0.7553690805356087,0.01835567991910758
-0.3401165982039897,-0.34552237672089664,0.005405778516906934
0.42415985780717375,0.41622818230353187,0.007931675503641877
-0.849256352806837,-0.8228323211583507,0.02642403164848628
0.8280575702714024,0.8189116695398684,0.009145900731533985
0.8269923889617979,0.8087404577975514,0.018251931164246504
0.8031831946089791,0.7953868958796693,0.0077962987293098696
0.9263138800483022,0.9172574240418134,0.009056456006488744
0.6021368189997941,0.5755286393200734,0.026608179679720734
0.8950416727599226,0.880916530138804,0.014125142621118636
-0.36852221149019226,-0.3734778465690369,0.004955635078844611
-0.6381988390481892,-0.6223907847231069,0.015808054325082255
0.2165057280075075,0.22445617124797662,0.007950443240469118
-0.11223497172800646,-0.12278068665921445,0.010545714931207983
0.762133247361405,0.7662695806090513,0.004136333247646284
0.09788197163204163,0.12575786025281566,0.02787588862077403
0.0672885312230804,0.06754957215944625,0.00026104093636585
-0.13927125753178168,-0.1331840336675765,0.006087223864205182
-0.7468087974499051,-0.7343346248151144,0.012474172634790781
-0.23224470128651187,-0.22023324119837756,0.012011460088134307
-0.9282428624999025,-0.9127642663153807,0.015478596184521853
0.9061719359586059,0.8939618641497618,0.012210071808844147
0.9004965930705262,0.8896541461218197,0.010842446948706508
-0.9318522936137202,-0.9164747068079264,0.01537758680579382
0.5753678107149914,0.5628591409060296,0.012508669808961814
0.6508934634812029,0.6469233426525635,0.003970120828639456
-0.9316157109837363,-0.9256136141801614,0.006002096803574886
0.9520988930187765,0.9401730945121219,0.011925798506654539
-0.8258255492626453,-0.8088207031422482,0.0170048461203971
-0.5102989361388174,-0.49410293947197337,0.016195996666844015
0.8774480013874284,0.8628298153375651,0.014618186049863313
0.3705440726859862,0.36543533341789947,0.005108739268086748
-0.8083658097861893,-0.805548572416972,0.0028172373692173514
0.7233328232373398,0.7220944232534342,0.0012383999839056248
0.9501451616713118,0.9421882626548912,0.007956899016420604
0.8885013292554906,0.8817610986661522,0.006740230589338481
0.11217577583239956,0.09795348528701554,0.014222290545384014
-0.9409455191445892,-0.9263997609036725,0.01454575824091675
0.7165232604158509,0.7068408618330311,0.009682398582819829
-0.7445321331012393,-0.7337661691434351,0.01076596395780427
0.823143869154934,0.8169742766855105,0.006169592469423502
0.8448304830303658,0.8438939508360184,0.000936532194347417
-0.5540543654407284,-0.5394274716281926,0.01462689381253579
0.08932809066567936,0.09598533907546258,0.006657248409783226
-0.014937461370186613,-0.0068015376764504285,0.008135923693736185
0.3201510965336821,0.3206385306155089,0.0004874340818267764
-0.9490801651118338,-0.9375545788929464,0.01152558621888744
-0.6615153816556061,-0.6451290789291382,0.016386302726467905
0.9477915810818645,0.9314832022574566,0.016308378824407832
0.04018028713953538,0.04447783021210677,0.004297543072571394
0.6535014307974647,0.5971918831337212,0.05630954766374352
-0.26903565915162353,-0.28108078594887126,0.01204512679724773
0.24409040184761882,0.24544387817265886,0.0013534763250400428
-0.41531779446245065,-0.40516909015404867,0.010148704308401979
-0.6586287192805128,-0.6652700441400637,0.0066413248595509344
-0.8659026132947221,-0.8640751209503457,0.0018274923443764024
-0.30959889500991083,-0.3131318649118092,0.0035329699018983862
0.5493725357890925,0.5322942522476818,0.01707828354141072
0.1629476100120473,0.15909863835047042,0.003848971661576883
0.8822400125673725,0.8799964995156867,0.002243513051685797
0.1233811954550219,0.1298460976476857,0.00646490219266381
0.4449385490740689,0.4254136516930302,0.019524897381038686
-0.3831152953890272,-0.37108046367257846,0.012034831716448757
-0.6031137819136183,-0.565865371854151,0.03724841005946733
0.07804192705208961,0.0853751666662307,0.0073332396141410905
-0.9310193441740515,-0.9172265914603764,0.013792752713675083
0.0702790025069363,0.062384375129613555,0.00789462737732275
-0.7442752943993076,-0.7436654682923906,0.0006098261069170663
-0.3686691491558895,-0.37495041941634444,0.006281270260454941
-0.10879314312440236,-0.12465213946667286,0.015858996342270504
-0.5655361945578449,-0.5685992614758548,0.003063066918009949
0.35705903138492007,0.348719189123767,0.008339842261153085
-0.6177511982685889,-0.6145614740259739,0.0031897242426149885
0.7522340832915623,0.7342157928020481,0.0180182904895142
0.27118669065580664,0.257172822750341,0.01401386790546566
0.35887120559842367,0.35608811459905754,0.0027830909993661335
-0.14964694565206224,-0.15308632749863066,0.003439381846568418
0.7930410281763721,0.7814193218088111,0.011621706367560991
0.28037039682045467,0.2876096836293674,0.007239286808912726
-0.6635824869176354,-0.6561870704797936,0.007395416437841806
-0.005271559595562179,-0.01158969372345721,0.006318134127895032
-0.05387238874486234,-0.05923240924365152,0.005360020498789184
-0.8704871208275042,-0.8618893067002801,0.008597814127224157
-0.7804593643531144,-0.7801713204692902,0.0002880438838241961
0.16175026675172416,0.16718280501423755,0.005432538262513387
-0.7299060855853812,-0.7200572538563108,0.009848831729070362
-0.409325144840409,-0.39236619932663613,0.01695894551377286
-0.1953506720613168,-0.20203122538931945,0.0066805533280026586
-0.2120230951491189,-0.21403439470657556,0.0020112995574566583
-0.4727591700155277,-0.4732547790734553,0.0004956090579276151
-0.1806247089697514,-0.17200217337952803,0.008622535590223385
-0.6202069260840753,-0.6205761358645276,0.00036920978045229536
-0.7921654876418655,-0.781090492169705,0.011074995472160398
0.5939086097346138,0.5885498161910553,0.005358793543558504
-0.6313435446877748,-0.6231425853501948,0.008200959337579916
-0.12496401829202543,-0.13083852303296242,0.005874504740936995
0.13980308933113095,0.16565995951584023,0.02585687018470928
0.07681605795159584,0.07171197704650817,0.005104080905087668
0.4523720247060108,0.43933884468695245,0.013033180019058344
-0.8284184180736407,-0.8200659957389059,0.008352422334734766
0.5404030642760229,0.530008675332644,0.010394388943378963
0.893053063452129,0.8736734285837799,0.019379634868349038
0.8789866089181765,0.8718488738373772,0.00713773508079929
0.6020046929941488,0.5794734249523431,0.02253126804180572
-0.6875793034926438,-0.6731847982565892,0.014394505236054678
-0.6114223451326349,-0.6141549379316633,0.002732592799028377
0.5243907365447745,0.5118024283122603,0.012588308232514223
0.1648788711847453,0.17307125113478738,0.008192379950042072
0.6683317624804626,0.6601789259587328,0.008152836521729712
-0.39866874604872393,-0.38671597992459994,0.011952766124123992
0.9228197934759924,0.9133066365399067,0.009513156936085676
0.486794437407355,0.501111423994526,0.01431698658717101
0.5441823469405059,0.5042783136260681,0.039904033314437815
-0.9322046769800424,-0.9265531806100317,0.005651496370010722
-0.9424857093230763,-0.9275433006817603,0.014942408641316018
0.8740417898920526,0.8602365837767305,0.0138052061153221
0.23058923393032502,0.21543146526931206,0.015157768661012955
0.7790136816354101,0.7596897913528764,0.019323890282533673
0.46771635940937073,0.4665061154756525,0.0012102439337182136
-0.7514803845077515,-0.7501038888505492,0.0013764956572022147
0.2531260915765301,0.24808675521117246,0.005039336365357638
-0.9457764162353924,-0.9345749691184333,0.01120144711695914
-0.22809105347749342,-0.2330656013865361,0.00497454790904267
0.048302201641355735,0.06999339111937858,0.021691189478022843
-0.9375242059224481,-0.9239302314022424,0.01359397452020572
-0.8489097704800005,-0.8333760847044344,0.01553368577556613
0.49852999039795215,0.49504597766579067,0.003484012732161479
0.7156842595768915,0.6978074314932157,0.017876828083675855
-0.5128441455903163,-0.5083293563174832,0.0045147892728331085
0.4965218169133868,0.4812953568155718,0.015226460097815031
0.651364144712283,0.639254739069466,0.01210940564281704
0.9776741651431657,0.9592138886174861,0.01846027652567961
-0.8680580605522049,-0.8578336357181948,0.010224424834010093
-0.6328106745199812,-0.6232266240698419,0.009584050450139325
-0.5806516331251246,-0.5949087097108035,0.014257076585678874
0.9263832981334402,0.9134188244122903,0.01296447372114995
-0.6712256097120628,-0.6699431365919956,0.0012824731200672401
-0.6321531647066967,-0.6339738671010027,0.0018207023943059841
0.5474349937390408,0.5398019241966654,0.007633069542375415
-0.41232019370425044,-0.401424284830407,0.010895908873843452
-0.38709021114659725,-0.3880595261888124,0.0009693150422151464
-0.7093590522480804,-0.6905437306161702,0.01881532163191013
0.4646108214551146,0.4616790332716706,0.0029317881834440285
0.5520718984968394,0.5474986766472308,0.004573221849608511
0.25133667750727073,0.24863867339565218,0.0026980041116185516
0.2933254593294876,0.28962763432128624,0.003697825008201372
-0.8645275422770958,-0.8391516425005765,0.02537589977651933
-0.519960006651585,-0.5060980996758664,0.013861906975718652
0.11325864053258533,0.11893753302148874,0.005678892488903409
-0.09236637900674419,-0.10972869908921443,0.01736232008247024
0.9825837223880096,0.9707630180710924,0.011820704316917174
-0.7173400778284268,-0.6981798804593287,0.01916019736909813
-0.3602232936811961,-0.3611015897956039,0.0008782961144078172
0.7129980373936001,0.701042764045571,0.01195527334802915
0.9071152515361094,0.9005474845609738,0.006567766975135614
0.939038548999636,0.9294678502376494,0.009570698761986574
0.41302193092720835,0.42149806085428665,0.008476129927078302
0.937938092747723,0.9305428828298079,0.007395209917915091
-0.7556070938760459,-0.7385210447396741,0.017086049136371795
-0.035341809154721904,-0.047678188177218396,0.012336379022496492
-0.7266282944017725,-0.7125247143897767,0.014103580011995742
-0.37988425807544224,-0.3749864326252558,0.0048978254501864105
-0.7931377843819063,-0.792233414588925,0.0009043697929812522
0.9427613282442832,0.9247528752199401,0.018008453024343063
0.32523664406663655,0.3318433428305336,0.006606698763897079
-0.955508561643842,-0.945023839626668,0.010484722017173986
-0.20238877128618754,-0.21059701198008138,0.008208240693893837
-0.9416447172631458,-0.9349123541467221,0.0067323631164236675
0.8400056184735387,0.8234627224256552,0.016542896047883504
0.897554985955558,0.8881309595293838,0.009424026426174237
-0.9334601116832931,-0.926496636367273,0.006963475316020151
-0.9005107331109165,-0.9022566413845292,0.0017459082736127618
0.17520500778322048,0.19562282695081704,0.02041781916759655
0.9242090807460227,0.9110114945892648,0.013197586156757923
0.4106565622195787,0.40419277910025025,0.006463783119328437
-0.10089436081854644,-0.11366603026721693,0.012771669448670489
-0.15636248438116532,-0.14258762079195977,0.013774863589205544
-0.9061750306424473,-0.9069470542571444,0.0007720236146970816
-0.7176841950906395,-0.6981294458259337,0.019554749264705795
-0.8091634197472889,-0.8041807330890192,0.0049826866582697305
-0.38895661660915193,-0.3667700850019023,0.02218653160724965
0.9582071231123317,0.946162866619738,0.012044256492593663
0.7022856341666106,0.7000530358675995,0.0022325982990111237
0.917307665872202,0.9049269134260786,0.012380752446123466
-0.4325135882942291,-0.41866953866540724,0.013844049628821853
0.7691257797348443,0.7583049690324861,0.010820810702358186
-0.11767875612194786,-0.10626575177874471,0.01141300434320315
-0.8825256516103408,-0.8722457795106913,0.010279872099649534
0.9072248820704679,0.8976997226787988,0.009525159391669091
-0.9200197379584611,-0.9073171150710932,0.012702622887367898
-0.8534915715211774,-0.8428820048324555,0.010609566688721928
-0.3192401852247093,-0.31561110376455553,0.0036290814601537824
-0.8005178822429523,-0.7814300961543147,0.019087786088637593
-0.9165105974450108,-0.9079448385567308,0.00856575888828004
-0.6795495065202354,-0.6611089935266791,0.018440512993556313
-0.8354909678614398,-0.81657487027926,0.018916097582179825
0.08920961640504614,0.09188652771235273,0.002676911307306587
0.6956745289012505,0.6953873885584592,0.0002871403427913144
0.39619470137969626,0.3814847078697187,0.014709993509977537
0.2587635699057789,0.2644165733264727,0.005653003420693803
-0.8678598326897805,-0.8634846696316024,0.004375163058178089
0.09589030561084898,0.08341978288247676,0.012470522728372221
-0.9339419027345492,-0.9159682998250297,0.017973602909519548
0.05061800214069573,0.03280451062566127,0.01781349151503446
0.7578376500025452,0.7379864296405172,0.01985122036202802
-0.47072897528698204,-0.4616190042899181,0.009109970997063954
0.028517389837683392,0.026729599171861546,0.0017877906658218465
-0.7316306843419829,-0.7312090238845519,0.00042166045743097236
-0.6183320647243,-0.6097059184835427,0.008626146240757304
0.9138464154867775,0.9073216299415767,0.006524785545200751
0.005991190067638055,-0.0031470074544805425,0.009138197522118597
0.5212215520934198,0.514487698411676,0.00673385368174384
0.8871600366092691,0.8683579913148448,0.018802045294424308
0.05550299824505027,0.05783729961071283,0.0023343013656625597
0.33011990666070656,0.3299016718809176,0.00021823477978893946
-0.27240133990504384,-0.28277265898194764,0.010371319076903807
-0.25704640193377765,-0.2470268362679932,0.010019565665784436
-0.7452399862907535,-0.7142851912804339,0.030954795010319613
-0.7345086992969693,-0.702851519301052,0.03165717999591722
-0.8944926665860297,-0.8857720838789687,0.008720582707060998
-0.9610016322167987,-0.9441547755985066,0.016846856618292105
0.6080664513834422,0.6035496218913375,0.004516829492104635
-0.15468879676971553,-0.16512629086876163,0.010437494099046096
-0.2772514779715481,-0.28706022624116045,0.009808748269612366
-0.7379522512630668,-0.719314585858033,0.018637665405033865
0.20033790738949964,0.20308926348874892,0.002751356099249286
-0.8880874857482695,-0.8784006299612115,0.009686855787057969
0.80865312552739,0.799747157878921,0.00890596764846896
0.14155946356591434,0.14199158290160246,0.00043211933568812477
-0.20725766653028893,-0.21530944905509836,0.008051782524809425
-0.5939000637935626,-0.5942600550758671,0.00035999128230446154
0.844117363553164,0.8342290365251164,0.00988832702804765
0.36172184614375036,0.3675013944823389,0.005779548338588514
0.43471004634018523,0.4275338215260796,0.007176224814105625
0.044613333702337894,0.050920139890567206,0.006306806188229312
-0.048803284275235274,-0.05629911335200516,0.007495829076769885
0.26773457715424026,0.2763890574082554,0.008654480254015162
0.752852287048786,0.7444474908395765,0.00840479620920953
-0.641997345112331,-0.61587930123707,0.026118043875260955
-0.7252589330575756,-0.7247780067818489,0.00048092627572671187
-0.16022165099200858,-0.16589144215538398,0.005669791163375404
-0.5945395630756154,-0.5875690177339383,0.00697054534167707
-0.28475905885695263,-0.278801873617552,0.005957185239400642
0.2516791809028271,0.22680678579207877,0.02487239511074832
-0.943913493978082,-0.9363851855148375,0.007528308463244482
-0.7982163404166182,-0.7958279164472554,0.002388423969362785
0.945008695875791,0.9365811207196291,0.008427575156161882
0.4090056582229505,0.3829944426613232,0.026011215561627277
-0.4099678770132011,-0.39392821612728235,0.01603966088591874
-0.8700934814976944,-0.856406028145256,0.013687453352438372
0.33660769028539506,0.34356785829272546,0.006960168007330403
0.7037522589722024,0.7021290040287578,0.0016232549434446186
-0.8994807699125367,-0.8904154052211489,0.009065364691387745
-0.9033039063266216,-0.8968892280279291,0.006414678298692467
0.5908641345697878,0.5569080002231509,0.03395613434663691
0.033890564829607894,0.031137202098525683,0.002753362731082211
0.6230615820447104,0.610861008541573,0.012200573503137413
0.4623433103845541,0.4509751059399023,0.011368204444651808
0.13372570580635973,0.12171821153977243,0.012007494266587301
0.07266210404611356,0.07506397578397439,0.002401871737860828
0.4017474101365633,0.3998695830146726,0.0018778271218906628
0.7018085146340284,0.6927506045583279,0.009057910075700448
-0.9330955934489252,-0.922364910189332,0.010730683259593254
0.012100853946789551,0.004479241233514197,0.007621612713275354
-0.9224882842736616,-0.9078735364492246,0.014614747824436947
0.9132395442413018,0.9056051526779839,0.0076343915633179105
-0.40832062857717477,-0.40972344338946365,0.0014028148122888773
0.9282211100299469,0.8979495286123909,0.030271581417556037
-0.42217964050549467,-0.4037101961170223,0.018469444388472367
0.028277111619814405,0.03456190277295995,0.006284791153145546
0.15088172152799278,0.13580437495406558,0.015077346573927203
-0.6667399232919721,-0.6690817570875771,0.0023418337956050417
-0.285784915041096,-0.28352023948274113,0.002264675558354856
0.8609837960478172,0.8525301128611887,0.008453683186628425
-0.19052511188790783,-0.1672215895591405,0.02330352232876734
0.3044845662891768,0.2930879232607747,0.011396643028402098
-0.5749102993551269,-0.5651155473129494,0.009794752042177501
0.043144632756520536,0.03296135438057662,0.010183278375943919
0.5398266833332794,0.5525040992499932,0.012677415916713786
0.874008664702541,0.8540385317185237,0.019970132984017286
-0.6797924863231204,-0.6796870411184184,0.0001054452047020149
0.9280639490916253,0.9147400489087978,0.013323900182827475
-0.8575834502007369,-0.8408646310915314,0.016718819109205474
0.8765211623659155,0.8682801399121657,0.008241022453749802
0.046692617778237196,0.04596879127817164,0.0007238265000655553
-0.9054887670421359,-0.8901334033377862,0.015355363704349645
-0.9215884263452738,-0.9055295875853546,0.016058838759919203
-0.41074062891527074,-0.4167370369433488,0.0059964080280780485
0.3742783581915092,0.3802597058676852,0.00598134767617603
-0.5491414581330544,-0.5462821753562825,0.002859282776771832
0.5818215784274101,0.5817828250799673,3.8753347442854746e-05
-0.9210193748145936,-0.9146922781903669,0.006327096624226702
-0.3614495037540459,-0.37052382578909177,0.009074322035045879
0.12066341396016868,0.1250702027591888,0.004406788799020109
-0.5555357427860018,-0.5632342952215186,0.007698552435516759
-0.3264440042475415,-0.317626264653326,0.008817739594215501
0.05731659914993668,0.06196807874036878,0.004651479590432106
-0.11455076302786422,-0.11703212308594994,0.0024813600580857187
-0.23191478135650107,-0.2419323731417743,0.010017591785273228
0.05836692012325345,0.04173214162024638,0.01663477850300707
-0.45755652648479583,-0.4521771612628928,0.005379365221903021
-0.3635868540551316,-0.3570960436626755,0.006490810392456081
-0.939567146587447,-0.9239783775920377,0.015588768995409286
0.5778371705276468,0.5719851854572326,0.0058519850704141785
0.14351729591210016,0.15233685434080432,0.00881955842870416
-0.9531921504809912,-0.9415336717744306,0.01165847870656056
0.8059725038535499,0.795985615309339,0.009986888544210926
0.2333683780258279,0.23032086233334134,0.0030475156924865687
-0.9453090575082869,-0.9273997327484609,0.017909324759825984
0.5897339169439011,0.5891503780122194,0.0005835389316817263
-0.38640043986312334,-0.39319149442536067,0.006791054562237331
-0.9144900698194203,-0.8993674971198805,0.01512257269953976
-0.5530809698408046,-0.5463379349974423,0.00674303484336225
0.1233922544264346,0.11675929630391975,0.006632958122514854
-0.5255141667897616,-0.5100410410069688,0.015473125782792807
-0.9267484070660663,-0.9121504240344184,0.014597983031647943
-0.7435584128685465,-0.7321229597661472,0.011435453102399351
-0.6678922752773738,-0.6498757022473414,0.018016573030032457
-0.7363094286757254,-0.7223134836308098,0.013995945044915525
-0.5183459064170671,-0.5013616917730699,0.016984214643997242
0.7401418076983295,0.7371506963236025,0.0029911113747269624
-0.8585076869961276,-0.8493862615668988,0.00912142542922878
-0.22296415405883985,-0.23984543996041505,0.0168812859015752
0.9366559840313502,0.923494631570866,0.013161352460484221
-0.15384509807090047,-0.15780538523808507,0.003960287167184606
0.21376730472082622,0.20670107045336855,0.007066234267457672
0.19764253384378563,0.18689883574581823,0.010743698097967408
-0.9116441715551657,-0.9020743358337874,0.009569835721378372
0.5963980471148264,0.5929773516432546,0.0034206954715717552
-0.10179033857595478,-0.10922409492828714,0.007433756352332357
0.8453579088205683,0.8371575956138979,0.008200313206670362
0.933743114646933,0.9233057613671772,0.010437353279755812
-0.38924366774932045,-0.3817180422672115,0.007525625482108944
0.40056768095348083,0.4092432201475178,0.008675539194036963
0.5010356969124014,0.4920151955136146,0.00902050139878674
0.18394612456209392,0.21178897612820244,0.027842851566108523
-0.6523931470199559,-0.643878784144043,0.008514362875912895
0.6988216650894572,0.6803061176699079,0.018515547419549305
-0.8604739821773418,-0.8588641175982127,0.00160986457912915
0.6051059095826128,0.5936547840078451,0.011451125574767684
0.28871224099137777,0.27403625776619195,0.014675983225185818
-0.8693506133715452,-0.8614496000257325,0.007901013345812724
-0.9830391039709098,-0.9673213782690635,0.015717725701846263
0.36979661701662003,0.37685676226946263,0.007060145252842598
-0.9767788495174539,-0.958247009073476,0.01853184044397782
0.6210445870218099,0.6036066382937205,0.017437948728089347
-0.7704276195328327,-0.7673635591765927,0.0030640603562399615
0.7352409431479281,0.7264535715765627,0.008787371571365443
-0.9208637164531775,-0.9060122512992529,0.014851465153924659
0.6919998760626922,0.6967256841669621,0.004725808104269924
0.8987908784262202,0.8844419344133999,0.014348944012820275
0.30787964363134956,0.30246279503406237,0.005416848597287194
-0.01376068176853317,-0.011190657946574055,0.0025700238219591148
-0.24409039949272063,-0.24141498024505678,0.002675419247663846
0.0338239983065567,0.05943026734111141,0.025606269034554714
0.8960042652553015,0.8895063519654881,0.006497913289813417
-0.6105008259883453,-0.6099510320489168,0.0005497939394285556
-0.33663708072022985,-0.33979297219798055,0.003155891477750694
-0.9460186440754882,-0.9317880452686511,0.01423059880683708
-0.933804314644569,-0.917372043742527,0.016432270902042023
0.05822215571883532,0.06308460748597207,0.004862451767136747
-0.24543337133424306,-0.2523865346852974,0.0069531633510543644
0.963743267714816,0.9588626854992307,0.004880582215585294
0.022804526360859903,0.011730527761078273,0.01107399859978163
0.2418465166658689,0.23763643632277737,0.004210080343091532
-0.3395347187689991,-0.3420317999518819,0.0024970811828827766
0.6535689835416976,0.6579520901984454,0.004383106656747793
-0.11289786427424257,-0.11534382886359398,0.00244596458935141
-0.7289608643519674,-0.727758453046414,0.0012024113055534302
0.06472212318314957,0.06646081481042027,0.0017386916272706943
0.8469436003814312,0.829888743465313,0.01705485691611819
0.24164920308587667,0.22881877138967913,0.012830431696197547
0.3542071979096804,0.3612900475967556,0.007082849687075177
-0.8221653364151456,-0.8051135659608932,0.017051770454252324
0.9249390527448608,0.9109276606814906,0.01401139206337021
0.04458712624430024,0.02356956339456996,0.02101756284973028
0.7031281494962524,0.6978151022178376,0.005313047278414751
0.9413479664682334,0.9292228102107618,0.01212515625747157
-0.9174540543798864,-0.9013690020657023,0.016085052314184112
-0.912366522710383,-0.8933861122606273,0.018980410449755736
-0.6731322674039706,-0.6737658807376866,0.0006336133337160321
0.9378481345027645,0.9247380303139079,0.013110104188856608
0.0027964408859298784,0.0019315703743281265,0.0008648705116017519
-0.9780370805192927,-0.9682256108356422,0.009811469683650542
-0.7727180684826762,-0.7709857808939669,0.001732287588709358
-0.6320501813542427,-0.5879344296739812,0.044115751680261495
0.27775348759684565,0.2696156121713755,0.008137875425470176
0.8498646435636976,0.8392290288711401,0.010635614692557471
0.9417448545317265,0.9338796570828222,0.007865197448904349
0.2242815977266911,0.23014307294920008,0.005861475222508988
0.8693620367168531,0.8508775101623505,0.01848452655450261
-0.8791138881026611,-0.8642110699991357,0.01490281810352545
-0.25011511569911654,-0.2566579392724339,0.006542823573317369
-0.4680868102489349,-0.46867045046659084,0.0005836402176559452
0.6042284615158079,0.6143710700545483,0.010142608538740383
-0.06979601193410714,-0.06649692884922528,0.0032990830848818598
-0.6609654102415994,-0.6618796084304,0.0009141981888005635
-0.5596971493225825,-0.546274125009203,0.013423024313379495
0.3651882685149771,0.36621128016231713,0.001023011647340033
0.2263680007297403,0.24073667548017272,0.014368674750432409
0.7906041265669718,0.7775636018959866,0.013040524670985154
-0.8731059371348309,-0.8534084998382367,0.019697437296594122
0.42342685146161146,0.42236343292419254,0.0010634185374189253
-0.04859645167405212,-0.06611553208319043,0.017519080409138313
0.641478107388175,0.6409426072232027,0.0005355001649722801
-0.01334484129097946,-0.016216690732620748,0.002871849441641287
-0.9518494099992315,-0.94038271811834,0.011466691880891555
0.589273071686071,0.5702338064699258,0.019039265216145185
-0.19394765431881636,-0.1883625381516258,0.005585116167190568
0.7749690863255952,0.7688387562054536,0.006130330120141636
-0.6163106374562718,-0.5835072586008647,0.03280337885540707
0.9235562634530253,0.912650543478835,0.01090571997419032
-0.38630288818411235,-0.3853247880682917,0.0009781001158206681
0.18376396336676884,0.17921436131197294,0.004549602054795904
-0.9152141369466711,-0.9112025447078118,0.004011592238859274
-0.04211527244995025,-0.03856861021673184,0.003546662233218416
-0.9095868100271435,-0.903495719786206,0.006091090240937458
0.8658015720332659,0.8592841815206709,0.006517390512595034
0.9803516779068524,0.9712255646686573,0.009126113238195122
0.5011650061439245,0.505371883675628,0.004206877531703568
0.9259209305936731,0.9091283205038109,0.016792610089862214
-0.08604488243073725,-0.09315820099246892,0.0071133185617316685
0.8592082120588405,0.8488821689341799,0.010326043124660567
-0.9635848349780255,-0.9528724246171223,0.010712410360903202
-0.8401097780993982,-0.8297434376074114,0.010366340491986814
-0.49004840321119414,-0.4951134445497893,0.005065041338595144
0.9401352394426343,0.9264649348945353,0.013670304548099033
0.9422462851490936,0.9357903306098713,0.006455954539222319
0.2746127346262069,0.2856739024472647,0.011061167821057816
0.3548545592654534,0.35672085440948315,0.0018662951440297504
-0.9320716147024504,-0.9171890773514199,0.014882537351030511
-0.5173291687785896,-0.5016959744845405,0.01563319429404908
0.05809278297115727,0.03619138008978493,0.021901402881372337
-0.9290367433774075,-0.9192875317231886,0.009749211654218937
-0.9345680857278117,-0.9257753980063058,0.008792687721505876
-0.8284292578391561,-0.8149784980499318,0.013450759789224276
0.9522316181573829,0.9332537858853357,0.01897783227204719
0.39471243668966227,0.3874565646075947,0.0072558720820675715
-0.8698093691640313,-0.8559531397776136,0.013856229386417729
-0.4228447680075327,-0.4308966222075205,0.008051854199987829
-0.6865101123109648,-0.6816911476257949,0.0048189646851699575
0.9424172036480146,0.9263564675155448,0.016060736132469833
-0.8890235773511369,-0.8783482068232433,0.01067537052789358
-0.7565720039250569,-0.7246355749317994,0.03193642899325744
0.9049010536981713,0.8988644103950415,0.006036643303129807
0.7388858462427439,0.7257149836087539,0.013170862633990033
0.8930932529119763,0.8894367449090725,0.0036565080029037356
-0.5893050721317271,-0.5824718547375487,0.006833217394178415
-0.35482350598713097,-0.3593071308499005,0.004483624862769542
0.24674734756618316,0.2504267190845013,0.003679371518318153
-0.5615860145788208,-0.5647064124328366,0.003120397854015744
0.5051491382920326,0.4638884173768042,0.041260720915228366
-0.6985876116874978,-0.6892334413559469,0.009354170331550948
0.10064733385151681,0.08673878268740004,0.013908551164116767
0.5311139245194693,0.5336207440437457,0.002506819524276449
-0.570503860926055,-0.5438156039009503,0.02668825702510469
-0.12832449126558565,-0.1341217649682518,0.005797273702666139
0.7911591363358603,0.789160489826463,0.001998646509397295
0.03899588824285038,0.049188635852534295,0.010192747609683916
-0.6954112890868035,-0.6943292188479371,0.0010820702388664172
0.448220419494728,0.44833903715285034,0.00011861765812232195
-0.7823499811224577,-0.7787760967433822,0.003573884379075465
0.05173955772179057,0.04002021269218388,0.011719345029606691
-0.08169638441867665,-0.07253252104939502,0.009163863369281627
-0.7930089882861286,-0.781761403952161,0.011247584333967664
-0.2996729531352023,-0.29153053860554357,0.008142414529658748
-0.3335320786260355,-0.35287344704645357,0.01934136842041806
0.9398398273245854,0.9205948602155625,0.019244967109022904
0.8586858275617356,0.8444371961062871,0.014248631455448524
0.858565017705184,0.8519641265118513,0.006600891193332736
0.2769450901813442,0.26944736795499175,0.007497722226352477
-0.746495876160481,-0.7479735750273077,0.0014776988668266933
0.5953802245295102,0.5818139775254649,0.013566247004045295
-0.4157704107372823,-0.37814088829879006,0.03762952243849227
-0.13156083123490211,-0.11895335556742878,0.012607475667473333
-0.40738332203196465,-0.4119064677073281,0.004523145675363438
0.7014667688213434,0.6816229813153181,0.019843787506025334
0.013230152409576954,0.002384925203595234,0.01084522720598172
0.6106169885682576,0.5968584399582514,0.01375854861000625
-0.9227734966824106,-0.9066540208070285,0.016119475875382094
0.6532818093400962,0.6420473632866595,0.011234446053436709
-0.2773718200301652,-0.26802178232915025,0.009350037701014946
0.16507404823527771,0.16757138859824122,0.002497340362963507
0.6739832867996003,0.6638543971127461,0.010128889686854214
-0.8284339156198147,-0.8251399645930563,0.003293951026758446
0.13126933657678905,0.10670629040758599,0.02456304616920306
-0.2090683676733106,-0.19467905107816913,0.014389316595141477
0.8164536505469996,0.7995368031748706,0.01691684737212895
0.2364532505331221,0.24104582758176835,0.00459257704864624
-0.13291054336202157,-0.14263992856373142,0.00972938520170985
-0.5049548750160283,-0.4889433872406065,0.01601148777542183
-0.684534899358692,-0.6653967464140594,0.019138152944632614
-0.076080950661915,-0.05563006567584524,0.020450884986069763
0.2446486099816782,0.23407320188717626,0.010575408094501942
-0.8921688312940352,-0.8755842649444887,0.016584566349546526
-0.5272349485328106,-0.531233673910141,0.00399872537733037
0.20614467939731565,0.17553944670992988,0.03060523268738577
-0.5548556466599441,-0.5371390286401628,0.017716618019781305
0.3157289277207186,0.30535983716634346,0.010369090554375127
0.8541246700739028,0.8424868538288481,0.011637816245054666
-0.6390059964929126,-0.6278281104836895,0.011177886009223093
-0.9009763061423217,-0.8833984614565438,0.017577844685777944
0.3623448039952011,0.3472298262625047,0.015114977732696377
0.8149154442401324,0.804848656433516,0.010066787806616406
-0.9211095756639224,-0.9140465200698756,0.007063055594046741
-0.3703841373642482,-0.3744514975609,0.004067360196651826
0.277947223859069,0.24509887189899837,0.03284835196007063
0.8601421143471084,0.8414621690629479,0.018679945284160504
0.8653085832240519,0.8537642411710578,0.01154434205299415
-0.6790937043384782,-0.680877759977765,0.0017840556392868523
0.31627883358909115,0.3012514894974639,0.01502734409162726
-0.48128960034847923,-0.44766828633076544,0.03362131401771379
0.6705342241716054,0.6633491949202707,0.007185029251334685
0.08282391314409338,0.07111493010117595,0.011708983042917426
0.8429034274499464,0.8422127028625724,0.0006907245873739587
-0.8372638373705509,-0.8199838146114675,0.017280022759083358
-0.8990068961940139,-0.8918075724914799,0.007199323702533955
-0.6002024518907128,-0.5896200059695575,0.010582445921155204
0.7389459163464208,0.7242381184065974,0.014707797939823464
-0.663057870965836,-0.6619193378824428,0.0011385330833931784
0.7913246741360511,0.7821496131772345,0.009175060958816594
0.9410870866420858,0.9276573484301922,0.013429738211893638
-0.5061403290912657,-0.5102681496154444,0.004127820524178705
-0.6159498712100682,-0.6010769058590475,0.014872965351020673
-0.5435055912098946,-0.5279774156016762,0.015528175608218397
0.08586168721783465,0.09851710719762989,0.012655419979795246
-0.755901355522358,-0.7160994601644075,0.039801895357950534
0.9105136969466912,0.9042459761982492,0.006267720748441952
-0.9445987022688449,-0.930785309411867,0.013813392856977913
-0.8350298242424393,-0.837788642319194,0.00275881807675471
-0.06551021374953195,-0.06126848762162818,0.004241726127903765
-0.8068200115820658,-0.7948446845508116,0.011975327031254257
0.8441677519049181,0.832743746336627,0.011424005568291151
-0.37896319310923215,-0.37058833699086124,0.00837485611837091
-0.8726528325460482,-0.8575238979854823,0.015128934560565854
0.210494847591207,0.20045367189597565,0.010041175695231358
0.8946413435912168,0.8847827351008379,0.009858608490378895
-0.6103540242767249,-0.5962915663720817,0.014062457904643222
0.9482583949200561,0.9400206642081801,0.008237730711876057
0.7247466492014968,0.7294100879863166,0.0046634387848197845
-0.870762165072051,-0.8672140186348558,0.0035481464371951432
0.4528425905680453,0.4501066077724634,0.002735982795581904
0.9312791197575029,0.922165005555899,0.009114114201603907
-0.9421941937103587,-0.9341875232255504,0.008006670484808298
-0.6081399892178753,-0.5894678060907186,0.018672183127156683
0.9732100799892873,0.9636456235708422,0.009564456418445166
0.17387565063263413,0.178575126675303,0.004699476042668876
0.8016108798380959,0.805987636747512,0.00437675690941608
-0.8051614437259839,-0.8009325582020267,0.004228885523957171
-0.8585339215823223,-0.8466253833621548,0.011908538220167575
-0.6236355891663733,-0.6283097785386575,0.004674189372284254
-0.08490189940396987,-0.08831145339208633,0.0034095539881164594
-0.7005758589698085,-0.6898649000635482,0.010710958906260282
0.08732804844813398,0.10839512618513755,0.021067077737003573
0.7963650932214018,0.7859036834965067,0.010461409724895065
-0.764758814915996,-0.7525078228986221,0.012250992017373896
-0.25361270364232674,-0.25396188532206326,0.00034918167973652103
-0.6907354309221821,-0.6810310387897839,0.009704392132398265
0.8822329402671244,0.8735056946407782,0.008727245626346192
0.8113126924225686,0.7962709781421716,0.015041714280397023
-0.4416544275933296,-0.4423188359310114,0.0006644083376817767
0.5155338433798856,0.5003789530637417,0.01515489031614392
0.9304862123051137,0.9213895511769254,0.0090966611281883
-0.8954433427657389,-0.8875039955289776,0.007939347236761263
0.07038062548152049,0.09122502304921858,0.020844397567698084
-0.4430995673639725,-0.4576484786268558,0.014548911262883324
-0.8471826660455851,-0.8374372058496933,0.009745460195891842
-0.7370702816811905,-0.7235397168835291,0.013530564797661349
0.049161083585645825,0.05510983947263912,0.005948755886993298
0.8068137022138304,0.8006610770531716,0.006152625160658842
0.6273388507045109,0.6077061768600192,0.019632673844491744
-0.017894707423130193,-0.013519869628233983,0.004374837794896211
0.9440277345097,0.9334397282136567,0.010588006296043284
0.36768739146530566,0.36707313978345335,0.0006142516818523069
-0.7043719595230928,-0.6883983357268268,0.01597362379626599
0.7836270656359371,0.7760044029169042,0.007622662719032891
0.7888047139936805,0.7826479543341239,0.006156759659556532
0.8435287017812708,0.8396988717006234,0.0038298300806474117
-0.8698904831009984,-0.8554559732064354,0.014434509894562964
0.6034686453739283,0.6061209302529856,0.0026522848790573317
0.4439685495549441,0.4332497246685896,0.010718824886354505
0.5445909664141722,0.5384815824076038,0.0061093840065683525
0.741498678744446,0.7336391183575165,0.007859560386929476
-0.8478322885042829,-0.8424185325574051,0.005413755946877874
0.8953337933071039,0.8862701042435919,0.00906368906351207
0.9186194056259251,0.902050299064148,0.016569106561777125
-0.8809810457533253,-0.8529340358355925,0.02804700991773279
0.9205959009467735,0.905716060939106,0.01487984000766751
0.013096195903359389,0.005110661714496644,0.007985534188862744
0.047336582723118456,0.05259446692212685,0.0052578841990083905
-0.8993013144847289,-0.8833113051802792,0.015990009304449715
0.9156244625911606,0.9003851727627901,0.015239289828370528
0.33035826621556474,0.31501393168428427,0.015344334531280479
-0.08465566270735689,-0.10537348182396791,0.020717819116611025
-0.8716513306723339,-0.8521187722401552,0.019532558432178715
-0.4487223737022352,-0.44016220428292374,0.00856016941931148
0.14811989681159063,0.12076280982538007,0.02735708698621056
0.6427686056150403,0.6333529703497491,0.009415635265291211
0.20536074857858652,0.2234401476269105,0.01807939904832398
-0.7825024150855637,-0.7804218245911193,0.002080590494444423
0.3943380931702475,0.38784691648380165,0.006491176686445832
0.4039845639156292,0.4102772019452782,0.0062926380296490225
-0.5687851124991424,-0.5580164389071043,0.010768673592038147
-0.941112720885877,-0.9227747364806138,0.01833798440526324
-0.9381164707128503,-0.922800472639122,0.015315998073728299
0.5318240738956587,0.5289065475211727,0.002917526374485946
0.8818094087200423,0.8652596365931199,0.016549772126922435
0.32971270928360796,0.3472069904340016,0.017494281150393642
-0.3150025028774103,-0.3177439814279838,0.0027414785505735506
-0.7526496049808648,-0.7380401570261411,0.014609447954723631
0.672327851775145,0.6704368939805085,0.0018909577946364386
-0.6565950786668222,-0.6581601629922857,0.0015650843254635394
-0.5143806964322453,-0.5136796947547364,0.0007010016775088612
-0.16866878448946063,-0.16212409885980048,0.006544685629660152
-0.8987435705941591,-0.892851536949409,0.005892033644750105
-0.5615206454750604,-0.5186765815065111,0.04284406396854934
0.945083229948116,0.9363476950482597,0.008735534899856345
0.4383757647516668,0.43964556122566745,0.0012697964740006618
0.6779184728159255,0.6650262714767655,0.012892201339160025
0.07199612572815571,0.08389368364247755,0.011897557914321844
0.25501512354883854,0.27971092339062364,0.024695799841785104
-0.7436529642929348,-0.7260776844184289,0.01757527987450591
-0.9200108010365197,-0.9108037895420462,0.00920701149447345
-0.36680758427653326,-0.3713561468564783,0.004548562579945015
0.4521699340518681,0.4341410244045316,0.0180289096473365
-0.8453028891507872,-0.8283187685016242,0.016984120649162993
0.8918705709915381,0.8719628712410844,0.0199076997504537
0.44194824771303115,0.44886729080332927,0.006919043090298116
-0.09043278096656755,-0.07789999730725555,0.012532783659312
0.9393585142944129,0.9261706405963286,0.013187873698084274
-0.8137807022623657,-0.7969551535368625,0.016825548725503126
0.9000914972345017,0.9000513424119996,4.015482250208091e-05
-0.8049345357725064,-0.7962541847196504,0.008680351052856028
0.841255405871303,0.8418451078786701,0.0005897020073670767
-0.721550224572328,-0.7206220026949891,0.0009282218773388751
0.6819859095761934,0.6668538706872421,0.015132038888951316
0.4000655088937739,0.4003265666019197,0.0002610577081457732
0.9209837393908832,0.9110810255366033,0.009902713854279876
0.2382704174784601,0.22441012399676885,0.013860293481691238
-0.9614310728967449,-0.948453342627601,0.01297773026914395
-0.9385628000108792,-0.9277426291290156,0.0108201708818636
0.23114471703536318,0.22698472397775968,0.004159993057603506
0.33035320469246593,0.32537169350213,0.004981511190335908
0.970392711396376,0.956083771672023,0.014308939724352987
0.6523932126058001,0.6365431355206941,0.015850077085105996
-0.148812026924836,-0.15836758839126588,0.009555561466429885
-0.8784334006286157,-0.8735079189528889,0.004925481675726817
0.8507458614809247,0.8417217242992935,0.009024137181631198
0.5067527160710731,0.513918913180142,0.007166197109068961
-0.22602610180582833,-0.2296723375792309,0.003646235773402562
0.17348568603333178,0.15495962538694855,0.018526060646383236
-0.6219051121159367,-0.6239934419789569,0.0020883298630202107
-0.9017919742435786,-0.88920757768038,0.012584396563198652
0.5089993880374208,0.5146175221368194,0.005618134099398597
0.05201501499060825,0.057639677402800064,0.005624662412191811
-0.9322424758025167,-0.9156771886209721,0.016565287181544597
-0.8357217487456561,-0.830096997652527,0.005624751093129099
-0.8851981962583003,-0.8734522787709726,0.011745917487327673
-0.33840568362089335,-0.33980914152526853,0.0014034579043751827
-0.8516884589573377,-0.8387237205225672,0.012964738434770529
0.25197999560579115,0.26129566876190846,0.00931567315611731
0.926654476557458,0.9118233622212647,0.01483111433619333
0.9271468902899596,0.9172714735075529,0.009875416782406665
0.6969690771682919,0.6894717602476158,0.0074973169206761225
0.10524313913604237,0.11142894606941703,0.006185806933374657
-0.5788031287560333,-0.5783698144201729,0.0004333143358604685
0.7580899963928807,0.7402483674253914,0.01784162896748931
0.17550523387351008,0.16200428940593734,0.013500944467572745
-0.8461447516757216,-0.8344227285076393,0.01172202316808224
-0.3401814078861682,-0.34804904486155414,0.00786763697538595
-0.9148673855565094,-0.9044541571470956,0.010413228409413722
0.795253926789291,0.780424742069895,0.014829184719395982
0.7580284547421551,0.741670312102889,0.01635814263926605
0.9640715977427714,0.9444985178614181,0.01957307988135326
0.010239203786288531,0.005409453955096069,0.0048297498311924624
0.4015997792243709,0.40720675218018054,0.0056069729558096415
0.496526157627007,0.4976147230492851,0.0010885654222780872
0.5048825694290061,0.49677940214121863,0.008103167287787483
0.9824482453267075,0.9655258347435716,0.016922410583135927
-0.4489163757561121,-0.45277837660993536,0.0038620008538232664
0.8475375746296466,0.8306001528078385,0.01693742182180813
-0.040134115286928465,-0.04444483484401297,0.004310719557084508
0.9271448509590995,0.9171367519500936,0.0100080990090059
0.8564606934639666,0.8481614243587288,0.008299269105237816
0.7041339867703665,0.700827728061664,0.003306258708702492
0.6119906396966053,0.611142278705285,0.0008483609913202406
-0.9439467455614754,-0.9349472676798682,0.008999477881607154
0.9493449497935624,0.9380218831771703,0.011323066616392152
0.6771392728279956,0.6728930907672,0.0042461820607955225
-0.9594086940311551,-0.9528938873594462,0.006514806671708895
-0.9076034287411422,-0.8938416309100311,0.013761797831111089
0.923222116821467,0.9115970468577871,0.011625069963679957
-0.16823505304340752,-0.17097082135413813,0.0027357683107306074
0.9397324121902277,0.9315560556272721,0.008176356562955678
-0.3192103192864606,-0.3103906497999035,0.008819669486557102
0.8317127942615282,0.804077953054089,0.027634841207439198
-0.709431961714977,-0.6832168895212801,0.026215072193696898
-0.16823506383110795,-0.17495184088451562,0.006716777053407674
0.7731170002427077,0.7421948249553533,0.030922175287354414
0.9540342055868276,0.9379495142266137,0.016084691360213954
-0.8087529216651376,-0.7903005960114045,0.018452325653733115
0.2980395940044434,0.28215076843896925,0.015888825565474163
0.6941459506711138,0.7028182064176983,0.008672255746584479
0.8562185386285692,0.8388986781389474,0.017319860489621863
-0.4885647270555737,-0.4954227494867561,0.006858022431182387
0.05569592638109625,0.06391299157058013,0.008217065189483876
-0.6224394229563485,-0.6227378818054036,0.00029845884905510545
-0.6393412989345454,-0.6385781834139045,0.0007631155206409002
-0.41835179315535836,-0.40840534339047063,0.009946449764887733
-0.6338244231128751,-0.6225135906025,0.011310832510375124
-0.12975027700216643,-0.12144442450398067,0.008305852498185759
0.41628571340514087,0.41683674294269113,0.0005510295375502627
-0.3605124028358461,-0.35025683065404206,0.010255572181804062
-0.5022529391032452,-0.5026408915208092,0.0003879524175639526
0.26641270869945005,0.26697418831186215,0.0005614796124120969
-0.7399883968164711,-0.7295791044465707,0.010409292369900403
-0.17877317809679874,-0.17016145054510975,0.008611727551688986
0.9338026378432729,0.9217197310555159,0.01208290678775703
0.6444222963357429,0.6472840530841069,0.002861756748363975
0.5935164526908641,0.5932036515703321,0.0003128011205320025
-0.9075129421795212,-0.8944883680625515,0.013024574116969667
-0.12865958740136874,-0.11635432120437694,0.012305266196991793
0.2766646801377826,0.28883112560452295,0.012166445466740339
-0.3197675123673561,-0.30497474320828827,0.014792769159067853
0.7155355159879644,0.7220272936386042,0.006491777650639796
-0.6680525649321417,-0.6649300268795634,0.0031225380525783386
-0.31800812302145093,-0.3038348259463047,0.014173297075146252
-0.9430908997657983,-0.9281736482086029,0.014917251557195366
-0.10677472342353145,-0.09656637721219748,0.010208346211333971
0.0643003585257148,0.05585503716127044,0.00844532136444437
0.6726395834306981,0.6681247872830391,0.004514796147658928
-0.0201685511127942,-0.016305163486879475,0.0038633876259147257
-0.9321728035843392,-0.9230954943922773,0.009077309192061844
0.7654689782916543,0.7617661317382318,0.0037028465534224564
-0.942797087539442,-0.9276728308764391,0.015124256663002877
-0.24244419795359334,-0.21848812586561644,0.0239560720879769
0.9586411532078423,0.9429091040774197,0.015732049130422587
0.10064641103220504,0.11249718720119424,0.011850776168989205
-0.936751139661195,-0.9174953884853179,0.01925575117587719
-0.5687851088512145,-0.550059694601832,0.018725414249382455
-0.6898604435674957,-0.678784535859841,0.011075907707654653
0.5851030738155978,0.581534636428907,0.0035684373866907704
0.054229679852483004,0.062448492612555584,0.00821881276007258
0.8786814684273798,0.8727621423932735,0.005919326034106276
0.5919475645763439,0.5849675561689125,0.006980008407431404
-0.7644825167182866,-0.762841664921935,0.00164085179635165
0.5443794131653018,0.5358973783782303,0.008482034787071546
-0.5784020774157043,-0.5886707077472165,0.010268630331512263
-0.5604722663178248,-0.5347875964547685,0.025684669863056286
0.8590727805380002,0.8447782995393007,0.014294480998699455
0.8570778351444355,0.8392254524396014,0.017852382704834024
0.3359493550614825,0.33692808855386597,0.0009787334923834767
0.613950954087233,0.6187291966956464,0.004778242608413419
0.05077114187700704,0.041101291445279485,0.009669850431727557
0.9201679300446945,0.9112392697216302,0.008928660323064386
-0.04811404472988066,-0.043258834345625344,0.004855210384255314
-0.8016419463293946,-0.8002082207674427,0.0014337255619518707
-0.1963407632094271,-0.20694683412079282,0.010606070911365728
0.6968975207081819,0.6876627404421976,0.009234780265984344
0.8718338912210875,0.8526122785977288,0.01922161262335864
0.3513707487869104,0.3534113834256091,0.002040634638698746
-0.5545037053662735,-0.537342369170023,0.017161336196250487
0.34314663301083564,0.30861624771844104,0.034530385292394605
-0.5648760649499374,-0.5592455721624362,0.005630492787501162
0.36149083249830255,0.3665669656612531,0.005076133162950525
-0.1675563579515726,-0.17138549349086246,0.003829135539289874
0.9435817874916907,0.9302479291039133,0.013333858387777453
0.7846802907532472,0.7857526272202182,0.0010723364669710245
0.6733507262443775,0.659114814412002,0.014235911832375492
0.6978370828208329,0.6709195146248512,0.026917568195981678
0.7650239751739194,0.7445544476297435,0.02046952754417586
0.9273285388553216,0.9179886494519969,0.009339889403324753
0.4884885493973213,0.4859705145908486,0.0025180348064726688
0.29591205287522726,0.3093328727159083,0.013420819840681053
-0.4952822470132754,-0.48919919187676586,0.00608305513650953
0.5799999745373995,0.5738091834974306,0.00619079103996889
-0.19930437976191223,-0.20321169058595137,0.00390731082403914
-0.6188620084700202,-0.6095633269791549,0.009298681490865213
0.6605878513584372,0.6604663499617743,0.00012150139666289306
0.1612345557550989,0.15552571073668903,0.005708845018409875
-0.7936491689584004,-0.776716326581527,0.016932842376873425
-0.5325713811082796,-0.5350563671085956,0.002484986000315992
0.556924745241278,0.563741975400251,0.006817230158972953
-0.8892641856761885,-0.8821656583941102,0.007098527282078271
0.4645310130718697,0.4589179354170735,0.005613077654796239
-0.8142182529437103,-0.8026651405453253,0.011553112398384968
0.8207290667370742,0.81147280566194,0.00925626107513422
-0.4071213327405528,-0.40652993326719444,0.000591399473358345
-0.8279217843024361,-0.813263444326523,0.014658339975913148
-0.4030557196168029,-0.4082200167529244,0.005164297136121487
-0.6834379989043015,-0.6400331539373032,0.04340484496699826
-0.039552486896097576,-0.03577358073866602,0.0037789061574315524
0.8604872911272676,0.848140759844361,0.012346531282906636
-0.5758752505292191,-0.5592154366463462,0.016659813882872854
-0.35341758833272924,-0.3407904068548194,0.01262718147790981
0.7309236622817719,0.7332645673321255,0.00234090505035367
-0.9390410127018398,-0.9267009195165425,0.012340093185297274
-0.40906041166205787,-0.41357627929662266,0.004515867634564796
-0.8228011708480539,-0.8192461360944727,0.00355503475358121
-0.002376038728115933,-0.012862083053594929,0.010486044325478996
-0.500705791471942,-0.5056708294995759,0.004965038027633817
-0.9044215594697002,-0.8905491496633948,0.01387240980630533
0.8075832039766508,0.7891164417667251,0.018466762209925713
0.6033015158055183,0.5790018870419791,0.024299628763539194
0.4478272391741057,0.4448207415309932,0.0030064976431125046
0.2304488889827009,0.2300860035271959,0.00036288545550500206
-0.3727429967552722,-0.3791802755249244,0.006437278769652166
0.529751496526424,0.5349100560386962,0.005158559512272287
0.8548190498467758,0.8453124549039767,0.009506594942799151
0.9052853373239598,0.8926841456672586,0.01260119165670115
-0.45502987529184863,-0.4397795065017346,0.015250368790114044
-0.302832331122406,-0.3096595196183879,0.006827188495981906
-0.7333347756468704,-0.7230196671943455,0.010315108452524924
-0.6818075897361174,-0.6644762680539269,0.017331321682190537
0.27717127687944065,0.2602102051225699,0.016961071756870727
0.45174308414079517,0.44461699605765537,0.007126088083139803
-0.8519412319195332,-0.8330171329418806,0.01892409897765257
-0.22594211361899488,-0.2163255349936806,0.009616578625314287
0.6267057938478532,0.6179233146464476,0.008782479201405624
-0.2756793070944843,-0.2834362732311208,0.007756966136636512
-0.9401323930275602,-0.9329097604632967,0.007222632564263587
0.8246062840515223,0.8198784987970809,0.004727785254441397
0.850584781383376,0.8441700042695678,0.006414777113808223
0.8105473128347273,0.8067229680823373,0.0038243447523899077
-0.7009696894972475,-0.7003367853619724,0.0006329041352750586
-0.8253441896117215,-0.8216275115041772,0.00371667810754428
0.700203809050319,0.6826338390409231,0.017569970009395863
-0.519064430145217,-0.5027244360849228,0.016339994060294183
-0.8335216214703219,-0.8074197605425056,0.0261018609278163
0.9048366369179869,0.8963673755832904,0.008469261334696498
-0.45948604705067086,-0.45587576712895894,0.003610279921711923
-0.5032159458476649,-0.5078186346343387,0.004602688786673803
0.9109635087229768,0.9030168020428085,0.00794670668016828
-0.890374108794614,-0.8858861677103442,0.004487941084269753
-0.7547428955361477,-0.7434980244758537,0.011244871060294037
-0.46737633608572937,-0.44900962422304996,0.018366711862679408
0.5005816081702013,0.4932456482250184,0.007335959945182879
0.9367078866875428,0.9224440386624583,0.014263848025084513
-0.4782457525442476,-0.47189698691428533,0.006348765629962283
-0.19269791308761672,-0.19877465418453646,0.006076741096919747
0.7508695522131132,0.7423512395753903,0.008518312637722958
0.8905264833893771,0.8814066935606847,0.009119789828692437
-0.3108544587432847,-0.2925511390339043,0.018303319709380428
-0.9385944244188551,-0.919955230095996,0.0186391943228591
-0.9066456816991815,-0.8878358312710067,0.018809850428174735
-0.5412228962540563,-0.543850578110722,0.002627681856665731
-0.9447727692094415,-0.9353073974367101,0.009465371772731435
0.7240639136104033,0.7059065960093598,0.018157317601043554
0.7987083795702401,0.7884786713148622,0.010229708255377945
0.03835274698964847,0.02470685427305732,0.013645892716591147
-0.5180937943720738,-0.5109768809613732,0.007116913410700643
-0.558757736020873,-0.5497350056429424,0.009022730377930555
0.4805059390685591,0.46399118089104896,0.016514758177510136
0.9234348988606805,0.9148866139830294,0.008548284877651136
0.8696605600568437,0.8491819971503503,0.020478562906493414
0.6255994169255562,0.6208270044245994,0.004772412500956835
0.7046409654018937,0.7100601018786113,0.005419136476717656
-0.7733356182297516,-0.7672900343521537,0.006045583877597904
0.6517898178039289,0.6466222363040596,0.005167581499869289
-0.9088224338327805,-0.8997922252764726,0.009030208556307873
-0.9570358736773821,-0.947673102081701,0.009362771595681108
0.17519388328335145,0.16280863882403152,0.012385244459319933
0.4238928866022881,0.4113115418697653,0.012581344732522759
-0.2711298654133301,-0.269258469404664,0.001871396008666093
0.3701629102960458,0.3680553113698961,0.002107598926149701
-0.706076226189392,-0.7047857048862982,0.0012905213030938167
0.03589342134123197,0.04263835031289915,0.0067449289716671815
-0.8939387021417248,-0.8750118939217455,0.018926808219979274
0.06511609051980866,0.07781730483000769,0.012701214310199035
0.4615869034249632,0.46293803320680355,0.0013511297818403212
0.127368976060153,0.11350974016119468,0.013859235898958308
-0.7363617813728175,-0.7257747003462479,0.010587081026569578
-0.3237117033169157,-0.32582229867058193,0.002110595353666256
0.03436022089112516,0.037449410007498074,0.0030891891163729174
-0.24160893503527686,-0.234554908806373,0.007054026228903859
0.678095217066952,0.6877098619562609,0.009614644889308965
-0.9432924907133259,-0.9316539110402077,0.01163857967311821
-0.8069059562684342,-0.7907980197949922,0.016107936473441997
0.93927011696922,0.9272564765738327,0.012013640395387326
-0.3561597575602533,-0.3445339787566493,0.011625778803603992
-0.04690364556563932,-0.048282112441580545,0.0013784668759412241
0.5144565555627904,0.5159100923842798,0.0014535368214894095
0.28765460912058866,0.2942803434869478,0.0066257343663591595
0.8288766062308183,0.8183136313057995,0.010562974925018787
-0.49628676909344777,-0.5096443169531304,0.013357547859682628
0.08572897322421508,0.08674640967569291,0.0010174364514778378
0.8644504633307961,0.8592557676623153,0.005194695668480853
0.6515417258163971,0.6455843688322475,0.005957356984149675
0.8813487092686293,0.878060001404865,0.0032887078637643397
-0.7289300019079392,-0.7174766260860193,0.011453375821919964
0.5326947139116804,0.5229847194328366,0.009709994478843798
0.582863766914942,0.5770867300855781,0.005777036829363924
0.4662874736360737,0.4691630914004929,0.0028756177644191916
0.11131326817776187,0.11452986892983393,0.0032166007520720574
-0.3797396423699463,-0.3750394808619383,0.004700161508008005
0.8347738885288654,0.8232303608089644,0.01154352771990097
-0.339330051321014,-0.3329035812354079,0.006426470085606095
-0.9341096456547353,-0.917429838861437,0.01667980679329828
0.6882576474897292,0.6863605711332524,0.0018970763564767346
-0.8223819555901836,-0.8171909342714703,0.005191021318713296
0.9220925898359573,0.9085189103425608,0.013573679493396495
0.17621176078934708,0.14966643576113928,0.026545325028207806
0.7508594461155337,0.7453145529814211,0.00554489313411255
-0.9058528109277201,-0.8910777568107339,0.014775054116986208
0.7102738718791044,0.7077752686060198,0.0024986032730845986
0.1261953643741357,0.11613377139778423,0.010061592976351466
0.25004273025081053,0.23638974455931663,0.013652985691493896
-0.5357911930337663,-0.5223242366277698,0.013466956405996489
-0.9077712273504376,-0.8928333835280337,0.014937843822403929
0.24670753050341715,0.25770467023339627,0.010997139729979122
0.4654718383676316,0.44754355886248254,0.01792827950514908
0.795992682656225,0.7917387533220291,0.004253929334195883
-0.3154750241217933,-0.2997400417456234,0.01573498237616988
0.29305112179426235,0.3026251780743392,0.009574056280076848
-0.4333879817215753,-0.4388501597506718,0.005462178029096543
0.6798201962377888,0.6549530948582449,0.024867101379543843
0.8993013166047781,0.8885090498425828,0.010792266762195246
-0.4460198568040687,-0.4265137155572037,0.019506141246865005
0.9144604530421466,0.8958005710373682,0.018659882004778416
-0.5834921494033443,-0.580415986190284,0.0030761632130602568
-0.1716014523836149,-0.17979833116097554,0.008196878777360639
0.944121785585859,0.9379403378565694,0.006181447729289635
-0.6527159466543617,-0.641169424566859,0.01154652208750273
0.8634751178159309,0.8574083274764676,0.006066790339463335
0.7288791742192996,0.7264907081057007,0.002388466113598886
0.29134374506243366,0.296753768828959,0.005410023766525329
-0.7255868316646992,-0.7148559634240512,0.01073086824064795
-0.6007549575354891,-0.6014971969060987,0.0007422393706095765
0.5362067580534192,0.5386472543182467,0.002440496264827452
-0.37229140176523473,-0.3589937560976384,0.013297645667596336
-0.8003954239473581,-0.79012121003692,0.010274213910438035
0.7456154763631444,0.739070900332214,0.0065445760309303935
-0.7008920909160019,-0.6989389118445628,0.001953179071439104
-0.9424646243680592,-0.9333794175326768,0.009085206835382387
0.27327038011730265,0.27849568664188984,0.005225306524587192
0.594776983642807,0.5813092918058556,0.013467691836951401
0.2881695400309705,0.2879127320344879,0.0002568079964825887
0.7840953412138744,0.7698417336076682,0.014253607606206198
0.3186835542085329,0.31198212756067056,0.00670142664786233
0.27596118962597,0.25907010322373036,0.01689108640223963
-0.36796097293745256,-0.3735274182986251,0.005566445361172567
0.2280207857744046,0.21905385435098707,0.008966931423417535
0.8414021858195144,0.8342261641965875,0.007176021622926965
0.8863450374537212,0.8768254973404481,0.00951954011327305
0.2728646037125165,0.27853764116442,0.0056730374519035065
0.5464346388132019,0.5496754124066819,0.003240773593480073
-0.005114268870572681,0.004898971121966138,0.010013239992538819
-0.4703403886998704,-0.47436060917719913,0.004020220477328751
0.32244655863509797,0.3230905428877088,0.0006439842526108075
0.4145758159397974,0.4059163622633878,0.008659453676409634
0.8418249243230298,0.8295817041681248,0.012243220154904977
0.9428409047942765,0.9355846675810938,0.0072562372131826924
-0.9102101401733282,-0.9044485476347909,0.005761592538537363
0.6060887196042123,0.5925937388762293,0.013494980727982941
-0.9367814398574056,-0.9285406674962972,0.008240772361108428
0.27842975683867194,0.2643003715539678,0.014129385284704143
-0.9563921555009204,-0.9470640635053272,0.009328091995593146
-0.2049781799615031,-0.21118610011005973,0.006207920148556617
-0.28835212341297795,-0.29040268530430274,0.002050561891324798
-0.756577876528097,-0.7350013889891454,0.021576487538951694
-0.4860292944264384,-0.47770462408258635,0.008324670343852036
-0.9385753499645112,-0.9203637055197048,0.018211644444806385
-0.6959787530150756,-0.6866141422843813,0.009364610730694278
-0.744675865223733,-0.7308993375743961,0.0137765276493369
0.24420887181652526,0.2308336043620269,0.013375267454498352
-0.707391777564432,-0.7119956496805646,0.004603872116132668
0.8723682220028872,0.866019746212981,0.006348475789906272
0.09263487567390202,0.10550600637714161,0.012871130703239586
-0.3505215922953395,-0.35571836969547355,0.005196777400134023
0.9198390487078779,0.9042515513365057,0.015587497371372216
-0.6970400282441397,-0.6874404993838273,0.009599528860312345
0.41491849939338565,0.4129920264423138,0.0019264729510718448
0.7409443266634669,0.7315376615930047,0.009406665070462172
-0.8774500265741262,-0.8756425551209391,0.0018074714531870484
0.5081050937599298,0.5048854903931604,0.003219603366769408
0.19634695834492036,0.18511718045987843,0.011229777885041925
-0.881317770427324,-0.8686826894691663,0.012635080958157685
-0.46383069413414313,-0.4519314928201507,0.011899201313992414
-0.7363479756749729,-0.6967095136907718,0.03963846198420107
0.2973568872261644,0.29887527519016055,0.0015183879639961706
0.8898133058370862,0.8771915107159777,0.012621795121108503
-0.4203889971016337,-0.41142545187441304,0.008963545227220648
-0.34476380040512006,-0.33737834040701137,0.00738545999810869
0.15341618014091768,0.13978578313379197,0.013630397007125705
-0.19041747375610815,-0.2016151767530268,0.011197702996918635
-0.49192826997144146,-0.5023535307327303,0.010425260761288802
-0.7062217348978147,-0.7068439960067066,0.0006222611088918528
0.8014407705439125,0.785448756317109,0.01599201422680352
0.9151851652203882,0.8994460103981486,0.01573915482223953
0.85725873128211,0.845659486563685,0.011599244718425106
-0.7609019410737297,-0.7473687453750661,0.013533195698663514
0.4112462278112586,0.39213906154715505,0.019107166264103526
-0.8944433168289442,-0.8764349511221066,0.018008365706837615
-0.88145066256903,-0.8634183025943138,0.018032359974716194
-0.862253738645362,-0.8421488929719302,0.020104845673431848
-0.018290565767349186,-0.019330904427944964,0.0010403386605957778
0.38932521929983893,0.39945842021563877,0.010133200915799834
-0.010455981798028115,0.025448801637890154,0.03590478343591827
0.8955271111963259,0.8704150273024733,0.025112083893852555
-0.345138800024154,-0.3493573869042817,0.004218586880127717
-0.2512988282066595,-0.23458587732694394,0.016712950879715555
-0.5963409809848235,-0.6025290380285632,0.006188057043739703
0.9446016572121313,0.9272247103254859,0.017376946886645372
-0.9241801890395372,-0.9133982658406609,0.010781923198876386
0.5364087554498889,0.5203894363918289,0.016019319058059978
-0.07545023024184919,-0.08647030841444038,0.011020078172591194
-0.27895128089213994,-0.2916092484784352,0.012657967586295282
0.9384704710888272,0.9203510180561694,0.01811945303265783
0.7364273882218347,0.7333177298960899,0.003109658325744835
0.9077226738816616,0.8915744825040887,0.01614819137757295
-0.3176330363500271,-0.317025314467196,0.0006077218828310915
-0.7845778254134462,-0.7787543296972854,0.005823495716160809
-0.7135019364363531,-0.713209354732678,0.00029258170367507663
-0.2139394453607723,-0.21484993303209682,0.0009104876713245114
-0.9067174562512053,-0.900878737822933,0.005838718428272216
-0.428064999582415,-0.43524210331423907,0.007177103731824064
0.5527729055698438,0.5009234565980052,0.05184944897183863
0.5964157689535142,0.5822842529026974,0.014131516050816861
0.6251298696444026,0.600563504348946,0.024566365295456638
0.6454724534159302,0.6435028785007871,0.0019695749151430464
0.9186085015304426,0.9062127849920498,0.012395716538392776
0.8444033829206216,0.8405376795177779,0.0038657034028436454
-0.8687199750736609,-0.8646482295645226,0.004071745509138358
-0.9002112103410205,-0.8933761968196033,0.006835013521417133
0.33041855197908565,0.31655283336023166,0.013865718618853995
-0.7421400267656045,-0.7398074291019182,0.00233259766368632
-0.9585926879439624,-0.9470886992445825,0.011503988699379852
-0.5040382739485166,-0.4889106011409095,0.015127672807607129
0.36361465000022997,0.3704192318555122,0.00680458185528221
-0.9044514969795948,-0.8928134898378165,0.011638007141778317
-0.22420989448297537,-0.22590176878612717,0.0016918743031517913
0.04468092669391817,0.04306822148856099,0.0016127052053571816
-0.011284191135132649,0.007006001566261077,0.018290192701393725
0.5114076527461332,0.49557324134154784,0.015834411404585358
0.02779324782153024,0.0233997801406875,0.004393467680842741
0.4761650675971948,0.47263965125528046,0.0035254163419143336
-0.9406988613065336,-0.9226626927639924,0.018036168542541198
0.5221879740845551,0.5070610362026913,0.015126937881863811
-0.8133540587920254,-0.8017352876083749,0.011618771183650511
-0.46291093708723097,-0.45681188813324236,0.006099048953988606
-0.07110792498152621,-0.07238531376951499,0.0012773887879887758
0.569636294668446,0.5797065575758835,0.01007026290743751
0.6223797804790873,0.6318087931349126,0.009429012655825297
0.2053147998936214,0.1911426352252655,0.014172164668355886
0.07997608128943935,0.06651492692429972,0.01346115436513963
0.25461607889659915,0.2275028738682636,0.027113205028335557
-0.22059771502861117,-0.2268494773435457,0.006251762314934545
0.6757077614382653,0.6662185004039237,0.009489261034341556
0.08583261341547395,0.08943920777123968,0.003606594355765727
0.7571895114419539,0.7562638940644857,0.000925617377468213
0.3229866991295752,0.330798551383183,0.007811852253607754
-0.8077729065209676,-0.8045711003661277,0.0032018061548398924
0.3622458060721664,0.3617887371982929,0.0004570688738734785
0.6036068388322482,0.584670776549201,0.018936062283047228
-0.534003646532841,-0.5020316404680498,0.031972006064791225
-0.5120745262064131,-0.5037158620270408,0.008358664179372366
-0.9220804342742425,-0.9048321851133075,0.017248249160934925
-0.936597976426848,-0.9235670754286742,0.013030900998173722
0.24946727398575558,0.24414581071760244,0.005321463268153137
-0.5625737590211699,-0.5617162224723414,0.0008575365488284747
-0.1772444043636642,-0.16767241877027178,0.009571985593392424
-0.9000964542596227,-0.8728551905409456,0.027241263718677078
0.11956343277386575,0.10919263939590033,0.010370793377965412
0.5154367003886718,0.5110962507120478,0.0043404496766240586
-0.8775302161843284,-0.871704430856547,0.00582578532778133
-0.8087724608305666,-0.7897441649424116,0.019028295888155022
-0.7174398931672105,-0.6985829799128422,0.018856913254368224
-0.5768850283941988,-0.5821166969608792,0.0052316685666804474
0.9355152190193886,0.9177019336752092,0.017813285344179364
0.8618242928265551,0.8505633832363524,0.011260909590202761
0.8664352633619276,0.8538098389161093,0.012625424445818267
-0.7749907799412864,-0.772429378796777,0.002561401144509423
0.846076868332049,0.8447705468893588,0.0013063214426901615
-0.9404256186483118,-0.9230710831699196,0.017354535478392163
0.7423508513371431,0.7297268400869138,0.012624011250229272
0.0027085987724037755,-0.006336174946221164,0.00904477371862494
-0.7108944188121501,-0.7001402405218364,0.010754178290313665
0.2240762892235537,0.20651314796430598,0.01756314125924771
-0.27869114198244926,-0.2837982672960743,0.0051071253136250605
0.2966404558798567,0.3075566238599096,0.010916167980052904
0.5234934376870434,0.5194112184138473,0.004082219273196075
0.9183006787782799,0.9085712225357482,0.009729456242531742
-0.4627106029124839,-0.47104171635589626,0.008331113443412363
0.061460364579250394,0.04839851294447678,0.013061851634773615
-0.8811633372534702,-0.8757458058799825,0.005417531373487661
-0.5270075351150252,-0.5343954606093541,0.007387925494328873
0.8461485086399055,0.8433366660327575,0.002811842607148063
0.4001819968652213,0.384167351526213,0.016014645339008315
-0.6155746967964477,-0.6051374043128638,0.010437292483583938
-0.7004421886418774,-0.6978442403074845,0.0025979483343928633
-0.8612950063128568,-0.8487999903456169,0.012495015967239897
0.7082062760312602,0.7015561839496612,0.006650092081598946
-0.9632802015588215,-0.9488464277578376,0.014433773800983984
0.589685640200278,0.5768341514745537,0.01285148872572428
0.880116965769863,0.8730745860276399,0.007042379742223104
0.8682199941813736,0.8494938567467292,0.018726137434644463
0.6864093392808839,0.6841053558991791,0.0023039833817047883
-0.8669345811425603,-0.8520900122975456,0.014844568845014727
-0.6594229649990494,-0.6621065741181605,0.002683609119111141
-0.7836270673080266,-0.7791555862936319,0.0044714810143946515
0.15410658535058172,0.16439765978859888,0.010291074438017161
-0.012763416453357003,-0.023779395962909667,0.011015979509552664
0.8284722420553229,0.815701233495636,0.012771008559686936
-0.7015305388448485,-0.6914271419023975,0.010103396942450993
0.7472829016028316,0.6958689915942046,0.05141391000862705
-0.13312685371622954,-0.13284828953437455,0.00027856418185498444
-0.15410364788414732,-0.13744747750641384,0.01665617037773348
0.9423852242948897,0.9335759927727423,0.00880923152214741
0.8536913892428718,0.8456222873901313,0.008069101852740457
-0.18910564289257523,-0.17956754434790262,0.009538098544672607
0.2870104495825903,0.26557633992705876,0.021434109655531552
0.25069916353851557,0.2504726801240788,0.00022648341443676223
-0.7597317544887802,-0.7564438891363708,0.003287865352409325
0.8119595089347418,0.7877063885170114,0.024253120417730423
0.33463266966056854,0.3195989321197515,0.01503373754081705
0.8618193160091873,0.845609380716899,0.016209935292288313
-0.6852471718880208,-0.6716862984743278,0.013560873413692942
-0.9050863627087457,-0.9003941627478307,0.004692199960914967
0.498168896913147,0.4939190754267854,0.004249821486361549
0.6601580960345514,0.6529552593842948,0.007202836650256672
-0.762543618182899,-0.7546056532006389,0.00793796498226007
-0.2691511035397976,-0.2776793424497473,0.008528238909949692
-0.9509251425145901,-0.9307649690309787,0.020160173483611432
-0.9037806383329466,-0.8918102173738931,0.01197042095905354
-0.9677042391136312,-0.9530669592122122,0.014637279901419054
-0.8523526043215804,-0.850879986812967,0.001472617508613494
0.9084228186985546,0.9023965467493107,0.006026271949243878
0.6201831052741192,0.5951995739754263,0.024983531298692907
-0.016234070068548646,-0.006899615997371535,0.009334454071177112
0.09790501626558296,0.09433900571627789,0.003566010549305068
-0.6616738968742859,-0.6612452392260111,0.00042865764827482167
-0.8594818750838394,-0.8416611361459687,0.017820738937870728
-0.9472862581647233,-0.9331430096290675,0.01414324853565585
0.9094639827460806,0.8938944465165021,0.015569536229578573
-0.6718259185119648,-0.6759285419318182,0.004102623419853346
0.48055073320193215,0.4731653999391412,0.00738533326279095
0.24089760996803578,0.25774462427457323,0.016847014306537456
-0.7269635372058377,-0.7151262159791937,0.011837321226644049
-0.05132498646752721,-0.05970179567710614,0.00837680920957893
0.09568633163947311,0.09945501603662103,0.00376868439714792
-0.6741478561834734,-0.6486348472535739,0.025513008929899494
-0.887079115027569,-0.8790205849651507,0.008058530062418301
-0.20468619553970419,-0.2112765673354232,0.006590371795719002
0.7927132344588793,0.7904926225217752,0.0022206119371041
0.11399555996560248,0.11747667318590335,0.0034811132203008688
-0.3878496365047601,-0.3782804879670322,0.009569148537727945
0.8990647610554275,0.8862955706590409,0.012769190396386687
0.19200881902955078,0.18102791587012085,0.010980903159429928
-0.6678280837007341,-0.6615568003631263,0.006271283337607847
0.5592501203430672,0.543765103085192,0.015485017257875211
-0.2937305592184962,-0.28419979475346363,0.009530764465032593
-0.7911785477934511,-0.7626487086403164,0.028529839153134673
0.32219358140298,0.3158397292812828,0.006353852121697201
0.9461348416847946,0.939221405627137,0.006913436057657596
-0.7915275920404435,-0.7728588495506655,0.018668742489778012
0.6634991969848937,0.6452615476712009,0.01823764931369276
-0.21745590563480177,-0.2182873834836284,0.0008314778488266172
-0.022045694159556168,-0.002548972814861082,0.019496721344695087
0.34298954022584144,0.3496643031138508,0.006674762888009389
-0.43644270241923605,-0.4212514530806459,0.015191249338590174
-0.36718182451862974,-0.35292179242656474,0.014260032092065
-0.8318665116129004,-0.8198162401116872,0.012050271501213183
0.8894801176453428,0.8861614482014337,0.003318669443909128
-0.8698334515361423,-0.8567770221131938,0.01305642942294849
-0.9201527479523726,-0.9065950898674947,0.013557658084877855
-0.6164167361637112,-0.6109328041628234,0.0054839320008878145
-0.9586892333215572,-0.9472614258709523,0.011427807450604899
-0.3809120753811033,-0.3863992634445949,0.005487188063491633
-0.6267752675235422,-0.6167837562309249,0.009991511292617328
0.32659344904987425,0.3180659441834946,0.008527504866379654
0.6169314988150804,0.6023025561190679,0.014628942696012448
-0.1372212279546586,-0.13140294642598016,0.005818281528678443
0.5031519130819354,0.4951217891856459,0.008030123896289487
0.6756562153584924,0.6572670124502016,0.018389202908290825
0.309242384498139,0.3173436766557562,0.00810129215761718
-0.7279631128952461,-0.7252789427934763,0.0026841701017698005
-0.5728073083407261,-0.5633145931239408,0.009492715216785297
0.42943481380124154,0.4136869349999006,0.01574787880134093
0.40461745346357236,0.38595832414121445,0.018659129322357915
-0.9146493697908286,-0.9015985732693377,0.013050796521490882
-0.4166524095252749,-0.41731147987048123,0.0006590703452063473
0.44343353113876555,0.4513626887310671,0.007929157592301561
0.4086316571206506,0.403756117066697,0.004875540053953575
-0.7948289227858718,-0.7926837041987639,0.002145218587107922
-0.45122525150451015,-0.45220944922137624,0.0009841977168660865
-0.6160574306920937,-0.6179027773980642,0.0018453467059704742
0.6902928858458929,0.6720263557617943,0.01826653008409862
-0.9319563862374813,-0.9246811257212233,0.007275260516258042
-0.9400373520542661,-0.927168996278595,0.012868355775671136
-0.9790791620820881,-0.9651225686547203,0.01395659342736777
0.9578766010587915,0.9493038076615427,0.008572793397248812
0.8868327094190323,0.8824430410371555,0.00438966838187671
-0.47900303197296584,-0.47119633470103917,0.007806697271926677
-0.8679142358603521,-0.8548854452295378,0.013028790630814302
0.8524536225903798,0.8407048615701908,0.011748761020189069
-0.054057183555122776,-0.06898200211256816,0.014924818557445388
0.7634392794409594,0.745166903647693,0.01827237579326635
0.8838015936541611,0.8639693659605796,0.019832227693581506
0.7278521163679599,0.7237783450224272,0.004073771345532662
-0.5693635705341055,-0.5725152127643086,0.0031516422302031444
-0.1904415577078722,-0.19303238850113286,0.002590830793260668
-0.6191102868363592,-0.6110130734064494,0.008097213429909766
0.5307169774130904,0.5293671164738547,0.0013498609392357253
-0.386964152210908,-0.3837056967084531,0.0032584555024549045
-0.08204982031806733,-0.08473237162061742,0.0026825513025500874
-0.9141547680913058,-0.8995927166176009,0.014562051473704929
0.8065599312605787,0.7905658435633872,0.01599408769719146
-0.8721952901462947,-0.8678474188805984,0.004347871265696357
0.5243278599948591,0.49166253717860414,0.03266532281625495
0.7956956940257531,0.7868636593540413,0.008832034671711786
-0.2935392526276234,-0.2817226442875731,0.011816608340050327
-0.9112374939651353,-0.9040579394767569,0.00717955448837837
-0.6480947297831305,-0.641615153316582,0.006479576466548509
-0.9161777668003249,-0.9088076123537034,0.00737015444662148
0.7533101328142312,0.7307302194058273,0.02257991340840393
0.17252016482901372,0.16811445727767824,0.004405707551335486
0.817289669562793,0.8068833450483145,0.010406324514478538
0.9242272593736465,0.9080650449765901,0.01616221439705634
0.9237755167675771,0.9185412443738187,0.005234272393758399
0.20922858555429455,0.19549875427856173,0.013729831275732823
0.45532934539031455,0.40777004829167973,0.04755929709863482
0.4501345261365878,0.4527692240919725,0.002634697955384735
0.009003967464173705,0.014028574722855439,0.005024607258681734
-0.4113720606102525,-0.413236842911771,0.0018647823015184861
0.9343772724480401,0.9190623578507854,0.015314914597254758
-0.9282528364564065,-0.9216969910756816,0.006555845380724956
0.15042390783774348,0.15616181425779962,0.005737906420056144
0.8970651715049567,0.8855989963882218,0.011466175116734867
-0.47389162202604973,-0.4716138370144119,0.002277785011637834
0.36000539517585683,0.3572328241962259,0.0027725709796309617
0.9253237631505589,0.9069406703171047,0.018383092833454184
-0.3654936165141303,-0.3725615439840619,0.0070679274699315675
0.9221715108279639,0.9085126946220979,0.013658816205865953
0.34585616461171953,0.33512516361243333,0.0107310009992862
-0.7046973863549073,-0.6943985945435474,0.010298791811359953
0.9103901620850893,0.8985841324071291,0.011806029677960184
0.1975023210976857,0.1919147870330945,0.005587534064591199
0.9389370139244447,0.9236242472750694,0.015312766649375309
-0.08561796793966221,-0.08335601067165616,0.002261957268006057
-0.8744468933260211,-0.8606975756488869,0.013749317677134165
-0.3413862607998665,-0.358121932036689,0.016735671236822514
-0.7523499658609423,-0.7335319770283956,0.018817988832546706
-0.7647407591065702,-0.7467519715226824,0.01798878758388789
0.7293500517491152,0.7103794551979475,0.018970596551167618
-0.9123613370148077,-0.8970606797497983,0.015300657265009399
-0.7718365086175507,-0.758328379787428,0.013508128830122756
0.584499595332869,0.5960538290026118,0.011554233669742842
0.1943078445944791,0.19303147076414504,0.0012763738303340766
0.38040645178905813,0.3721053710694516,0.008301080719606557
-0.4964841969330227,-0.47591186028299143,0.020572336650031275
0.856695076039659,0.836610611997901,0.02008446404175801
0.7918618407318235,0.7903203202113255,0.001541520520498052
-0.7657995712100479,-0.7510060282408235,0.014793542969224416
0.27386967731136586,0.2590532187214824,0.014816458589883452
0.1019511274373037,0.09895622156098177,0.002994905876321924
-0.6860565847467625,-0.6701013114831171,0.01595527326364532
-0.2845566946626832,-0.28166243794653734,0.002894256716145849
-0.1326290344963402,-0.13822451786707085,0.005595483370730653
0.0910635394552288,0.0923633204072152,0.0012997809519864068
0.906956335217214,0.9035813059016259,0.003375029315588085
-0.5418643315794678,-0.5308148058603155,0.011049525719152298
0.4117283136197543,0.41044338152532184,0.0012849320944324782
0.8960391591019147,0.8750454749678575,0.020993684134057222
-0.9345434463349748,-0.919020107214188,0.015523339120786739
-0.5710036279132235,-0.5643781283728082,0.006625499540415247
0.2336291054558203,0.2358593656032492,0.0022302601474288863
0.933569713017933,0.9232638628530029,0.01030585016493013
0.9583650406762168,0.9540022309256139,0.004362809750602881
-0.018823124705043735,-0.007538470660265296,0.01128465404477844
-0.6893050711076213,-0.6879630181202692,0.001342052987352127
-0.14596105168343967,-0.15242528572279299,0.0064642340393533115
0.0648242667929989,0.06188365522083792,0.002940611572160974
-0.7295974173916843,-0.7254459634310493,0.004151453960634988
-0.8616196040701259,-0.8655726178266118,0.003953013756485824
-0.6260234716648431,-0.5880567040973476,0.03796676756749551
0.3876860243553514,0.38140623393882667,0.006279790416524711
-0.3078767164053129,-0.3150253934763453,0.007148677071032394
-0.9135169097160866,-0.8972027389499574,0.016314170766129177
0.23168282223921874,0.23450835647521295,0.002825534235994215
0.955655572684888,0.9406491229701546,0.015006449714733416
0.05666390681569987,0.03743419607474499,0.019229710740954878
0.912977936108208,0.8994965382829675,0.013481397825240493
-0.5361510458240468,-0.5459654962311595,0.009814450407112707
-0.4760717453851593,-0.4586833056293934,0.017388439755765872
-0.7802475323244655,-0.7770343518142494,0.0032131805102161293
0.5247028867805688,0.5116955044192418,0.013007382361326925
0.9355112426645703,0.9205852235832196,0.014926019081350717
0.7774952777335904,0.7591116784013431,0.018383599332247313
0.5466433140997123,0.5316578706463221,0.014985443453390257
-0.5064540899015781,-0.506677947876565,0.00022385797498680748
-0.8547920806936039,-0.8355691362851504,0.019222944408453513
-0.17243662202316326,-0.17173920394868317,0.000697418074480094
0.5717241776346665,0.5712175204176618,0.0005066572170047134
0.9607336550792208,0.950080149853214,0.010653505226006832
-0.6140186317989142,-0.6045274309870597,0.009491200811854505
-0.07616853624322802,-0.06568354039870869,0.010484995844519326
0.7567202764236898,0.7530024824634722,0.0037177939602175414
-0.58795159179303,-0.5765602273114161,0.01139136448161393
0.2170494880544,0.21942905496097448,0.0023795669065744818
-0.9407966883409079,-0.9280508648674497,0.012745823473458207
-0.7948162963167749,-0.7921460664790121,0.002670229837762772
0.30879444791122534,0.3112713148885927,0.0024768669773673757
0.9305485351002138,0.9116269490143212,0.018921586085892672
0.016986140364844103,0.015199248304459732,0.0017868920603843711
0.05473998526581853,0.05693949592273947,0.002199510656920936
0.4249083900717243,0.4177078108211556,0.007200579250568717
-0.7616443836064771,-0.752149259614845,0.009495123991632104
0.22164336858709885,0.22508441534644463,0.003441046759345784
-0.3009837196568064,-0.300591554141825,0.00039216551498144625
-0.2414024228756949,-0.2337740357616934,0.007628387114001517
0.5696465975410376,0.5566147363015113,0.013031861239526377
-0.5807940216071514,-0.5814013207590176,0.0006072991518661919
0.7162333106014449,0.6866457079529354,0.02958760264850946
0.5108351108695619,0.49263596039992563,0.01819915046963627
-0.4836637347642331,-0.4732070634825713,0.010456671281661778
0.322187855881961,0.3097795526145125,0.012408303267448517
-0.902352950954645,-0.8911423963636643,0.011210554590980637
-0.6540909218280025,-0.6383938552663533,0.015697066561649264
0.642574652554506,0.6362248063648794,0.006349846189626529
-0.9145425043802249,-0.9008334163919396,0.013709087988285296
-0.6418736900494897,-0.6320719754892061,0.009801714560283559
-0.1680253497188511,-0.14614506900663482,0.021880280712216288
0.7967791549189921,0.7891878153066606,0.007591339612331494
-0.8408688591297412,-0.8319862309903422,0.008882628139398996
0.9779216278455077,0.9584858177387532,0.019435810106754547
0.28968000011022405,0.29563030904257415,0.005950308932350101
-0.9413188205933396,-0.9232486639795265,0.01807015661381306
0.8859314947438401,0.870964822691581,0.0149666720522591
0.7952692234503549,0.7909622829029779,0.004306940547377014
-0.8430949511956118,-0.8378776630492368,0.00521728814637501
0.2568487662269926,0.24229678132659352,0.014551984900399079
-0.16073382910834433,-0.15445342894383063,0.0062804001645137
-0.30252758589725426,-0.31453160023383325,0.012004014336578994
0.8681127209199491,0.8563366628697631,0.011776058050186
-0.9376493091253725,-0.9243490407325669,0.013300268392805625
0.2051552832834357,0.2051059656804622,4.931760297352539e-05
0.8847066743021688,0.8660322881761287,0.01867438612604011
-0.38729203934139234,-0.39149109319346215,0.004199053852069812
0.6433937467764946,0.6241808838647925,0.0192128629117021
-0.9293455439817425,-0.9135478771782496,0.015797666803492927
-0.7768394142580439,-0.755349032587591,0.021490381670452918
-0.6117371025423158,-0.5858994070943456,0.02583769544797021
-0.9613089369955009,-0.9524297927775309,0.008879144217969981
0.39653474565344593,0.3953278035068261,0.001206942146619816
-0.2908277863541623,-0.29755402211552257,0.0067262357613602775
-0.9737291558231465,-0.9691187580301862,0.004610397792960241
0.4016923543323233,0.4030715627096159,0.0013792083772926067
-0.4316208237565191,-0.42559530689746194,0.006025516859057167
-0.6252985050839301,-0.6165244579081071,0.008774047175823085
-0.6180469784983016,-0.6088428307513285,0.00920414774697309
0.9139845301481208,0.8958242024337365,0.01816032771438425
-0.6026411476521527,-0.5929725227663253,0.009668624885827426
-0.9298846750750913,-0.9206578580371733,0.009226817037918056
-0.6244620885654065,-0.5879978550266699,0.03646423353873662
0.6648042698707906,0.6589190254993958,0.0058852443713947045
0.7362547277974109,0.7185533051363665,0.017701422661044353
0.6436724302543306,0.6210348757914043,0.022637554462926368
-0.04711016215348831,-0.04442963534428447,0.0026805268092038384
-0.403320277895539,-0.4024461665268578,0.0008741113686812074
0.284763559776281,0.2870573526484128,0.002293792872131828
0.9416383916681057,0.9253628630212735,0.016275528646832238
-0.9222353270426692,-0.9039528255137775,0.01828250152889166
-0.11343784339399987,-0.12411015395463507,0.010672310560635195
0.06270298506972848,0.048534681697450316,0.01416830337227816
-0.0894161149379508,-0.09963027303338284,0.010214158095432038
0.8177797413635496,0.8105103753652407,0.007269365998308852
-0.423769924412767,-0.4291252924733788,0.00535536806061182
-0.8532855558162639,-0.8445274686622742,0.008758087153989624
0.4135270210695032,0.41656895635943164,0.0030419352899284657
0.7100274727210273,0.7020109423405908,0.008016530380436482
-0.17540941749465686,-0.1702598879397747,0.005149529554882154
0.010568028803373526,0.01883021154485363,0.008262182741480105
-0.45079549135612934,-0.4079269078251735,0.04286858353095585
-0.2106046231789922,-0.22184545345544723,0.011240830276455033
0.9387668602734273,0.9310140569166029,0.007752803356824378
-0.6835139282456923,-0.6836696836982507,0.0001557554525583038
-0.7615091817884115,-0.763069422268774,0.001560240480362407
0.8534307465527059,0.8343004079419784,0.01913033861072755
-0.40530670799396673,-0.40994723892639584,0.00464053093242911
0.8107054367598728,0.8042619203269094,0.006443516432963481
0.47211239485701145,0.47092361498345664,0.0011887798735548127
-0.7599011144393659,-0.74801461240077,0.01188650203859587
0.5135589322383836,0.5208919727339772,0.00733304049559369
-0.8139335791485072,-0.7985395726585425,0.015394006489964696
0.4037198239071981,0.4038411760835934,0.00012135217639525075
0.8108079186766567,0.7998018325515548,0.0110060861251019
0.5274074056456993,0.5211539055900836,0.006253500055615757
0.8244124113187498,0.813363231676295,0.011049179642454776
-0.7788063714095146,-0.7676051815728003,0.011201189836714254
-0.9449648358578497,-0.935520413127454,0.009444422730395696
0.10988837328223101,0.09750590816929625,0.012382465112934768
0.25885351862587486,0.24836474166365693,0.010488776962217922
-0.2290658320528094,-0.2316317223525896,0.0025658902997802158
-0.08568783626297544,-0.07343672037162823,0.012251115891347211
0.04865378194939402,0.05682821544084119,0.00817443349144717
0.5969474917424188,0.5897366720720615,0.007210819670357305
0.7362458889940531,0.7325151963257049,0.0037306926683481345
0.933028647828014,0.9181447182285825,0.014883929599431522
0.9341938837208018,0.9149859508840894,0.019207932836712405
-0.9254130708284215,-0.9033259180046868,0.022087152823734746
0.18839767498361137,0.17568196991677348,0.01271570506683789
0.16772135639117938,0.15695985456842243,0.010761501822756953
-0.7775026547217172,-0.7682566233361271,0.009246031385590103
0.6901815996158385,0.6912818314135761,0.0011002317977376608
-0.24869047307586617,-0.22256420287241324,0.026126270203452928
-0.8369793835252389,-0.8321643752659647,0.004815008259274278
0.7944420015240091,0.7837995097159901,0.010642491808019017
0.21426324909197628,0.22781020294012205,0.013546953848145776
0.31553859584264554,0.3242301843812837,0.008691588538638162
-0.616929033084396,-0.6054630854559967,0.011465947628399253
0.43336806949128726,0.4181484310075326,0.015219638483754683
-0.34781767348473525,-0.3534476478635333,0.0056299743787980305
-0.5651497020151014,-0.5677830108821476,0.002633308867046158
-0.5125453218848819,-0.5133562446396819,0.000810922754799992
0.5211833267061672,0.5055698103494702,0.015613516356696944
0.5808431284827478,0.5718053332576507,0.009037795225097067
0.3818280923955619,0.3937141845571651,0.01188609216160319
-0.38948038886150277,-0.3849399019385026,0.0045404869230001865
0.8004117129782514,0.7638988893020415,0.03651282367620989
0.6708525470043913,0.6458504521873338,0.025002094817057507
0.3395017822441968,0.34081821779982413,0.0013164355556273266
-0.9090080795808811,-0.903270969982102,0.005737109598779155
-0.3858041839049328,-0.3955899094295488,0.009785725524615985
-0.7217886300495214,-0.7217027500934264,8.587995609499188e-05
-0.30727034533851844,-0.3131379197532426,0.005867574414724186
0.31965746340453116,0.3262159817987288,0.006558518394197632
-0.9439255809593826,-0.9356518283281345,0.008273752631248077
0.9414052683654616,0.9333977045500055,0.008007563815456087
-0.7844511757610169,-0.7661638194929874,0.018287356268029464
0.30942356856293707,0.32022167235309323,0.010798103790156166
0.12593732773721417,0.11203959769991095,0.013897730037303213
-0.7003515207221234,-0.694923055098088,0.005428465624035317
-0.3963216918829948,-0.3966376188288342,0.0003159269458393732
-0.7799938651340997,-0.7685884972573785,0.011405367876721195
-0.6675893828306606,-0.6491129994976633,0.01847638333299728
0.8171366697380348,0.8066511031606892,0.010485566577345562
0.9153749352357142,0.9078491519417219,0.007525783293992339
-0.44938226312320995,-0.43401824223148255,0.015364020891727392
0.9399790204209322,0.9241694187278895,0.015809601693042685
-0.577068412134195,-0.5675215281192851,0.009546884014909884
0.7418761448762962,0.7314399248015979,0.010436220074698244
0.4530187320591965,0.4351951395911697,0.01782359246802684
0.2506413977930529,0.2360781303253306,0.014563267467722296
-0.7099747528929946,-0.6970502117506314,0.012924541142363188
-0.4401283537860801,-0.4234175780354603,0.0167107757506198
-0.7130821940181308,-0.6705584720994346,0.042523721918696133
0.30534919926362414,0.3157885158206411,0.010439316557016964
-0.5476899286340514,-0.5504725130929364,0.002782584458885018
0.9833655980263916,0.9705308087170904,0.012834789309301153
-0.8239898570962519,-0.7937462187143864,0.0302436383818655
-0.17081688360662356,-0.1670153474061089,0.0038015362005146547
-0.9387000457275572,-0.9221704305969822,0.016529615130574937
0.6870164046559118,0.6864312590484596,0.0005851456074522643
0.893280822353454,0.884401194342674,0.008879628010780016
0.55049554455521,0.5505870937164747,9.154916126474788e-05
0.15685434782408722,0.1380688452330286,0.018785502591058628
0.9145132640726705,0.9053240709281162,0.009189193144554353
-0.7627030126048336,-0.7610319734948665,0.0016710391099671318
0.40222473768568473,0.39102945734282935,0.011195280342855385
0.5944459966466875,0.595227564853969,0.00078156820728148
-0.3215923883241984,-0.3277293456881189,0.006136957363920503
0.6578142992166023,0.6530526782489271,0.004761620967675184
0.2806794983920237,0.2872814449040381,0.0066019465120144005
0.18494352295206856,0.17255552377021918,0.01238799918184938
-0.7326810843583268,-0.7313848275169114,0.001296256841415433
-0.5676149658155829,-0.5509191540908156,0.016695811724767307
0.39624069612253904,0.38208616624287567,0.014154529879663369
0.8652563407276594,0.8564480964514226,0.008808244276236832
-0.5079646967492131,-0.4981328276345073,0.009831869114705793
-0.3697176382167582,-0.3521045148240244,0.017613123392733798
-0.31720500022738135,-0.3232937353490514,0.006088735121670075
-0.5906472408639493,-0.5514138954936207,0.03923334537032852
-0.3429895432285235,-0.35749738761758676,0.014507844389063274
0.11340008772641369,0.10864674525364557,0.004753342472768124
-0.7946035672207672,-0.7820005251787296,0.012603042042037549
0.5154519294288034,0.5174990089678738,0.002047079539070462
0.5688225433965766,0.5431847021785319,0.025637841218044688
-0.702628074793555,-0.6838828316088521,0.018745243184702942
0.5140371843465942,0.4725246233922348,0.0415125609543594
-0.14683266753620566,-0.156373188633881,0.009540521097675336
0.01739620015208495,0.019948560305315204,0.002552360153230255
0.674684350088607,0.6673019400444078,0.007382410044199261
-0.8370144606906124,-0.8257814745159595,0.011232986174652848
0.9415802396962225,0.9264155265691845,0.015164713127038043
0.9345966273429102,0.9256000005363041,0.008996626806606067
-0.7851744828915606,-0.7662760672667531,0.01889841562480743
-0.8615470864785221,-0.850242961188106,0.011304125290416023
0.921001757711641,0.9059668864159107,0.015034871295730223
-0.9384296548573889,-0.9208481888607187,0.01758146599667021
-0.4050266372526902,-0.4115520361427948,0.006525398890104561
0.13480361537592728,0.13876838528744986,0.0039647699115225865
0.8210968075915237,0.8095613540612828,0.01153545353024088
0.38436268418882785,0.39211246238057357,0.007749778191745715
-0.679422543065065,-0.6689393994420189,0.010483143623046143
0.7535982191812302,0.7456062921531302,0.007991927028099921
-0.5722414895321358,-0.555849985821755,0.016391503710380784
-0.2885063048592002,-0.27402810983550097,0.014478195023699236
0.9215424902624996,0.9156056110263273,0.0059368792361722544
-0.9147443876117314,-0.9063394687355399,0.008404918876191436
-0.17437377663040032,-0.1739667953749822,0.0004069812554181318
-0.24846788052082405,-0.26058752328836526,0.012119642767541211
0.2185366276435597,0.21551108480780318,0.0030255428357565117
0.04865498558896661,0.05362710717486624,0.00497212158589963
0.9465893067062014,0.9426816041403452,0.003907702565856264
-0.4022247427800723,-0.3942962833995819,0.007928459380490416
0.7127245751495663,0.7109624920383146,0.0017620831112517
0.9343032935798221,0.9219658682895168,0.012337425290305348
-0.005466960280820872,-0.013147359916517857,0.007680399635696986
0.42071861395009713,0.42184187973565057,0.00112326578555344
0.6893810466075578,0.6840741333214068,0.0053069132861510715
-0.9132872491067414,-0.8961394604209215,0.017147788685819898
0.38453030302040697,0.3689426160552536,0.015587686965153391
0.9424909428595364,0.9327819701780776,0.00970897268145876
-0.6737116043605933,-0.6660048070365877,0.007706797324005588
-0.8369274250531795,-0.826184153516826,0.010743271536353571
-0.06171258348406464,-0.05677980608924068,0.0049327773948239576
-0.7026210022067121,-0.6831416346880501,0.019479367518661972
-0.1967007520764762,-0.20490587899638488,0.008205126919908684
-0.5203232714118535,-0.5026279064536212,0.017695364958232318
0.6370826432881836,0.6460037047288216,0.008921061440637978
0.7928609005022498,0.7770164444198695,0.015844456082380276
-0.8450670039334772,-0.8352306062060331,0.009836397727444157
-0.683724034256037,-0.6748490761806902,0.008874958075346773
-0.5117757031042542,-0.4929296154831331,0.018846087621121166
0.4933778601528406,0.46826112173058143,0.025116738422259144
-0.9123400258559646,-0.9116309213522837,0.0007091045036808907
0.4493673159048727,0.43195702224985605,0.017410293655016673
0.6974810349168897,0.6980133481475326,0.0005323132306428446
0.5592968122199973,0.5599132356340024,0.0006164234140051406
-0.18356843951913557,-0.18646479564271862,0.0028963561235830493
-0.4321562801616843,-0.44273685160173887,0.010580571440054587
-0.27761254859162765,-0.2598382772675458,0.017774271324081825
-0.40355244270156176,-0.4099720018176032,0.006419559116041418
-0.4071663382786842,-0.41155150744618635,0.004385169167502145
-0.12638879773653963,-0.12644982949734052,6.103176080088368e-05
-0.7164551832049649,-0.6984862344167618,0.0179689487882031
0.1815386793941109,0.18324884698306676,0.0017101675889558687
0.7252707549963432,0.7223381643247885,0.0029325906715547134
0.27064968082009383,0.2763567317012494,0.005707050881155584
-0.7828862151545827,-0.7716573530762173,0.011228862078365376
-0.93106575721859,-0.9159856327353828,0.015080124483207169
-0.21498644590215427,-0.22570409035224245,0.010717644450088187
-0.9491312516755707,-0.9356404006708224,0.013490851004748228
0.4662648318301989,0.4745020349168891,0.008237203086690181
0.15359196151954874,0.16224347347832657,0.008651511958777836
0.8292291924228887,0.810175137067904,0.019054055354984722
-0.06439970034422587,-0.0581442722622335,0.006255428081992372
-0.7189312751124914,-0.7087362011493095,0.010195073963181978
-0.8765826362211848,-0.868968648664487,0.007613987556697843
0.6754842593614984,0.6801258534651508,0.004641594103652391
-0.2683421410126506,-0.25663368194036623,0.01170845907228435
-0.942628616870572,-0.9343318546597297,0.008296762210842301
-0.9444569919650385,-0.935629359349366,0.008827632615672543
-0.9315533172918268,-0.9158312132230999,0.015722104068726872
0.3894306856727852,0.39340169347902293,0.003971007806237714
-0.6399142063238805,-0.6316090249353654,0.008305181388515104
-0.36106427427171045,-0.3689911960918937,0.00792692182018323
0.9166423710885085,0.9094517110978866,0.0071906599906219615
-0.06469157650075112,-0.06491259707049098,0.00022102056973985484
-0.7994261841430907,-0.7872056896923819,0.01222049445070883
0.6109096482057297,0.616486045247416,0.005576397041686332
-0.7173861457315422,-0.7023968993476399,0.01498924638390231
-0.9211552066218458,-0.9068779721108666,0.014277234510979175
-0.8320725129008408,-0.8210696353583149,0.011002877542525935
-0.832557494562761,-0.8222330623774525,0.01032443218530843
0.8986717380100101,0.8927764654563964,0.005895272553613662
0.166434616322986,0.1496826621380847,0.016751954184901302
0.6576775414850379,0.6485193549331975,0.00915818655184042
0.12587333554598767,0.13708316739364748,0.011209831847659807
0.9266001486660682,0.911320501677139,0.015279646988929252
-0.5299515922525382,-0.4839923233918676,0.04595926886067059
0.9065249917330465,0.8980975654615265,0.008427426271519933
-0.4873700050772002,-0.47957895939897355,0.007791045678226638
0.8662932518396467,0.8604353361869663,0.0058579156526803455
0.04792871593229115,0.024993963761909637,0.022934752170381514
-0.8175944098851686,-0.8081761070576672,0.009418302827501446
-0.7583918489448243,-0.758653377531028,0.00026152858620376307
0.23497025493400858,0.23002363941404214,0.004946615519966446
0.8235302846639304,0.8247407447485853,0.001210460084654863
0.5834921477903975,0.5787228881277655,0.004769259662631975
-0.3061747542758239,-0.29775290012421235,0.008421854151611563
-0.20691210586293263,-0.21532897940720694,0.008416873544274311
-0.1973005507791467,-0.19006227021073538,0.007238280568411332
-0.16916658314592026,-0.16898444367527676,0.00018213947064349423
0.539826679087889,0.5419340317542551,0.0021073526663661912
-0.9261551087488769,-0.9136518387244921,0.012503270024384783
0.9070990966289526,0.89151284646001,0.015586250168942661
0.7100635223969795,0.7050641721551895,0.0049993502417899904
-0.35634919689036315,-0.3595101658914963,0.0031609690011331626
0.48445109414329146,0.4756738040618838,0.008777290081407652
0.7305554548766252,0.7361347324023582,0.005579277525732951
0.5334812658522798,0.5419978723005525,0.008516606448272679
0.8625040248718663,0.8426350790470435,0.019868945824822792
-0.2051180577682642,-0.21431272405691362,0.009194666288649428
0.8769217919604453,0.8588794015648724,0.01804239039557287
0.6471553407730188,0.6383657004989434,0.008789640274075472
-0.9453179897736366,-0.9334596924464337,0.011858297327202894
0.641913952125032,0.6278562738809937,0.014057678244038252
-0.9449729271606332,-0.934462613933632,0.010510313227001244
-0.36277880303689836,-0.36554677033994887,0.0027679673030505114
0.6025577619559003,0.6074013933722323,0.004843631416332039
-0.8391032731924639,-0.8093669244892686,0.029736348703195303
-0.4466776993881337,-0.4414708018595265,0.005206897528607202
-0.5961561416426472,-0.5878070326418139,0.008349109000833299
-0.6449113695855816,-0.6461641623350961,0.0012527927495145086
0.2052165482391931,0.178001488658173,0.027215059581020107
0.8490741586132894,0.8290740708709206,0.020000087742368833
0.683805555157577,0.675026097844689,0.008779457312887984
-0.9336861351646405,-0.9297872158490589,0.003898919315581617
-0.8859238844872747,-0.8676589750221374,0.018264909465137258
-0.0017074567021594668,0.002772888933120922,0.004480345635280389
0.807772904275869,0.801328321540779,0.006444582735089965
0.8869498657854857,0.8672264707516958,0.019723395033789948
0.016229117095382013,0.012516854112637994,0.003712262982744019
0.7998054177795678,0.787443421377996,0.012361996401571873
-0.927638053475443,-0.9123977374861204,0.015240315989322628
-0.8968332599281768,-0.8828217537767403,0.014011506151436426
-0.3725472070333644,-0.375546857207733,0.0029996501743685955
-0.4221021349391819,-0.4191405513285416,0.002961583610640306
0.7935693242952062,0.7794395414789428,0.014129782816263425
-0.7733993918187445,-0.7723037515007158,0.0010956403180286678
-0.3412472381274757,-0.3459413541890807,0.004694116061604969
-0.7730310360581851,-0.7712293283750838,0.0018017076831012835
-0.7850027793120692,-0.7739768686598039,0.011025910652265325
-0.04326036826042673,-0.03865473139812457,0.0046056368623021565
0.29729167227342995,0.2965653433520227,0.0007263289214072266
0.5999217607136027,0.5910651931833862,0.008856567530216464
0.9457593170402352,0.9438054864764353,0.001953830563799941
0.7252338391008393,0.711705275047735,0.01352856405310432
0.9551205152468969,0.9372402581135464,0.017880257133350508
-0.1846237690847926,-0.16969996232466905,0.014923806760123559
0.6951232983542208,0.683515686283324,0.011607612070896778
0.8821360866795294,0.8814650663353729,0.0006710203441564477
-0.564593119065062,-0.5637836603983674,0.0008094586666946846
-0.20775026287298437,-0.1959672926381191,0.01178297023486527
-0.4929288817538163,-0.4878952254902943,0.0050336562635219795
-0.731610182960507,-0.7202475702464306,0.011362612714076348
-0.3228193796863005,-0.3127808910986571,0.01003848858764339
0.06790301329541958,0.04282595705094944,0.02507705624447014
0.38477128358964485,0.3665018986419356,0.018269384947709244
0.7490464688920182,0.7451160238480008,0.0039304450440174055
-0.8308318497357294,-0.8271640009944773,0.0036678487412521443
0.9106689879723484,0.905114054887553,0.005554933084795377
0.9569055718304582,0.9507207747636377,0.006184797066820513
0.7600865977014234,0.7530934570577291,0.006993140643694273
-0.6078876439708634,-0.5967270449245307,0.011160599046332709
0.9090195321269814,0.9013522791007172,0.0076672530262641425
-0.11483979505606713,-0.1185637017021423,0.0037239066460751646
0.357049924044197,0.36509277018054465,0.008042846136347648
-0.5195128056689636,-0.5063201722780887,0.013192633390874953
-0.12258486613232446,-0.13249618894966306,0.0099113228173386
-0.7968101964875678,-0.7934203138589465,0.003389882628621277
0.9335084585524651,0.9196531901410232,0.013855268411441912
0.28705743181156507,0.27357695432090606,0.013480477490659004
0.46082544533829295,0.46431303034491844,0.003487585006625493
0.878686612450889,0.8601865961885593,0.018500016262329666
0.32381646201610315,0.3233882710615564,0.0004281909545467699
0.41878493396618705,0.40186048464270646,0.016924449323480584
-0.9384959228399005,-0.9302350551099325,0.008260867729967925
0.3645959910055744,0.35106313411173695,0.01353285689383743
0.5852952918812525,0.5800187562882237,0.005276535593028764
-0.37606894090683574,-0.3819242894934901,0.005855348586654374
-0.3368732063655778,-0.32681695775608943,0.010056248609488394
-0.9114811976237178,-0.9000792026948312,0.011401994928886605
0.13971486083511137,0.14802321338307453,0.008308352547963166
0.7006307618085162,0.6944091196918354,0.006221642116680859
0.8801757611289913,0.8567902458402543,0.023385515288737002
0.8349634321374517,0.8268275018466422,0.008135930290809501
0.44647687713190015,0.4121303378731631,0.03434653925873704
-0.9685131940407588,-0.9551918129300176,0.013321381110741104
0.3807114561191974,0.3667797474820186,0.013931708637178797
-0.4022436975302638,-0.4047308545988951,0.002487157068631285
-0.6982986540162063,-0.6942807487869044,0.004017905229301899
0.8030975861286773,0.7937361008195292,0.009361485309148154
-0.013866848966130132,-0.036385020061690636,0.022518171095560504
0.02970195785107851,0.02558839431221826,0.004113563538860252
0.11334973544401183,0.10008637882470596,0.013263356619305874
-0.007447066189113386,0.0048495420152720025,0.012296608204385388
0.5260205880450348,0.5238614330064529,0.0021591550385818836
0.9793669852325598,0.9680507385808594,0.01131624665170039
0.7080636542849151,0.7007179557453239,0.007345698539591217
-0.9616796728234268,-0.9453864709960178,0.01629320182740901
-0.5947554340002549,-0.5840129831437393,0.010742450856515595
0.13032234864281214,0.12329912475867583,0.007023223884136315
0.11339151696052738,0.11723558913420956,0.0038440721736821837
-0.7556226961760475,-0.7380071378672566,0.017615558308790913
-0.7922221501578856,-0.7854667942325474,0.006755355925338158
0.931399446505303,0.9150769786560988,0.016322467849204214
-0.701355610408942,-0.6820621184223027,0.019293491986639322
-0.4669232717390007,-0.45138237517229407,0.015540896566706652
-0.6611871864169063,-0.648515260778336,0.012671925638570336
0.8168120663072789,0.8045184198017803,0.012293646505498579
0.5543871801268591,0.5571882512921468,0.0028010711652877163
-0.7254638424386731,-0.7249394996002615,0.0005243428384116289
-0.39657104390817205,-0.400579905011397,0.004008861103224959
0.4420219768408448,0.42673956057533097,0.015282416265513854
-0.9736539012182083,-0.9696085238674288,0.004045377350779478
-0.37689981321248045,-0.36106991324408777,0.01582989996839268
-0.7809552386128955,-0.771565908592735,0.009389330020160513
0.4878961456761483,0.4702938098548003,0.017602335821348014
0.5863703394762074,0.5915691513106918,0.00519881183448434
0.7482127577201525,0.7408084776185316,0.007404280101620864
0.7357305353334467,0.7252622940763133,0.010468241257133415
-0.8070467435790487,-0.8038617251018187,0.0031850184772299617
0.6473779318905911,0.6431928081501189,0.004185123740472196
0.45949227969535683,0.44279248828104123,0.0166997914143156
-0.6673356027142963,-0.6579565979147013,0.00937900479959497
-0.296888473457666,-0.3026238645095632,0.005735391051897187
-0.47622002955069714,-0.480750771482286,0.004530741931588866
-0.6665426296528723,-0.6700359195524007,0.0034932898995284623
0.013408305262889487,0.0226255375681872,0.009217232305297713
-0.6927393880007279,-0.6935726451431476,0.0008332571424197743
-0.4421071660369213,-0.4396969588327875,0.0024102072041338185
-0.3421262405306404,-0.3565570906766631,0.014430850146022689
-0.935898704156676,-0.9249929965681918,0.010905707588484193
0.8936252961333468,0.8813166668972138,0.012308629236133073
-0.3416913727614572,-0.3396875532830107,0.0020038194784465224
-0.6007200258727987,-0.5943347964551711,0.006385229417627647
0.9578883408145097,0.9492766199305878,0.008611720883921925
0.5803769209212855,0.5778331527746134,0.0025437681466720097
-0.5380216536512376,-0.5295165635459523,0.008505090105285218
-0.5649865249015291,-0.5489979786018739,0.015988546299655182
0.21833595425178673,0.24404749709019763,0.0257115428384109
0.14846579950481986,0.14386673383951395,0.004599065665305907
-0.42538523236919945,-0.42543378539008475,4.8553020885300224e-05
-0.6108511308875375,-0.6193114082121801,0.008460277324642607
0.9207546012003138,0.9076957125726313,0.013058888627682563
0.7597211386775059,0.750754938801831,0.00896619987567493
-0.9754895080505732,-0.9571553192116383,0.018334188838934895
-0.31496200642300426,-0.3196964791274669,0.0047344727044626445
0.05064575040857942,0.028397375956267068,0.02224837445231235
0.840914097458556,0.8367774020852167,0.004136695373339383
-0.3830378147322336,-0.3870598427627543,0.004022028030520708
0.3247263883785279,0.32417451030499905,0.0005518780735288553
0.1747942446641333,0.16409493535019734,0.01069930931393595
0.3242825786191468,0.32280902801716227,0.001473550601984508
0.9267849621582736,0.9181919089917608,0.00859305316651271
0.7190269484402412,0.7151810424238895,0.003845906016351708
0.7813788264610193,0.7728460103460787,0.008532816114940611
0.39614456352443944,0.40097470383453315,0.004830140310093711
-0.12323589714397294,-0.12259298362121074,0.0006429135227622035
-0.8548393913407522,-0.8454431440813874,0.00939624725936472
-0.527091457119037,-0.5187186590289573,0.008372798090079736
0.09014342836391571,0.07983449455363208,0.010308933810283638
-0.03791688388448702,-0.049160990507515455,0.011244106623028438
0.025125328674783235,0.016131422255357124,0.008993906419426111
0.9074659303669534,0.8983082683351435,0.009157662031809899
0.8724842461288241,0.8627139736454886,0.009770272483335507
0.5364299480102059,0.5144002269079859,0.022029721102220012
-0.879307692460798,-0.8611223221365398,0.018185370324258154
0.6022796442384908,0.5964959006158811,0.005783743622609694
-0.5765646641923514,-0.5781455954057999,0.0015809312134484887
0.6845104754995259,0.6838569607030925,0.0006535147964333854
0.3886377855264657,0.37280365933301096,0.015834126193454756
-0.3391538369880886,-0.3495073260933138,0.010353489105225211
0.6201459661555233,0.6209701833191318,0.0008242171636084761
0.9419980179255996,0.9255768900229299,0.016421127902669697
-0.05132498765604657,-0.06387662783276674,0.012551640176720169
0.9631318582828032,0.9515673338720145,0.011564524410788701
-0.82332173611548,-0.7941832250854621,0.029138511030017855
-0.3209577447786431,-0.32039573088464307,0.000562013894000013
-0.23050767399041905,-0.21645643105508422,0.014051242935334829
-0.936298745037826,-0.9154975161131396,0.020801228924686388
0.6315941058252209,0.631982265555956,0.0003881597307351381
0.2089352660023007,0.1980027654586893,0.01093250054361139
0.7885074774711834,0.7791596676890835,0.009347809782099925
-0.512579957555508,-0.5067793667272162,0.005800590828291763
-0.8571584561625875,-0.8497162985829391,0.00744215757964839
0.5353667499769853,0.5338918796830037,0.0014748702939816338
-0.7475081462142837,-0.7335675959627967,0.013940550251486994
-0.3765443158484645,-0.36738730370791806,0.009157012140546428
-0.6763376778851536,-0.6834702639027596,0.007132586017605913
0.5311336903153291,0.5059975210802234,0.025136169235105643
0.5682987349168344,0.565923076328807,0.0023756585880273517
-0.45026936873903617,-0.46556834928005697,0.015298980541020801
-0.8896479592409259,-0.8839899536996355,0.005658005541290367
0.6396229820958595,0.6266221830623043,0.013000799033555221
0.1799469897634417,0.18477232885835512,0.004825339094913422
-0.8134266641060122,-0.7729092082339323,0.04051745587207989
0.021322007084520738,0.0129822355357349,0.008339771548785837
0.42850083809865946,0.42524408813849707,0.0032567499601623973
0.6825470961259142,0.67366403808952,0.00888305803639422
-0.8712777102607384,-0.8605809020905241,0.010696808170214345
0.7782162006517774,0.7707552620747637,0.007460938577013687
-0.8953206951475661,-0.8814766614546878,0.013844033692878233
-0.3620877076684309,-0.3602580708456182,0.0018296368228127302
0.41383612758689464,0.4121512788187463,0.0016848487681483393
-0.5494055375594428,-0.554984095609872,0.005578558050429283
-0.9289106389208113,-0.9133945454747489,0.015516093446062418
0.13002084886441667,0.11876121092673238,0.011259637937684294
-0.29735683932535584,-0.30431003666804923,0.006953197342693396
-0.5875288510520483,-0.5791351692666588,0.008393681785389573
-0.5735795627991751,-0.5575073616000707,0.016072201199104352
-0.25192791313649215,-0.2581487501778986,0.006220837041406468
-0.24646859952700395,-0.2540365409585772,0.007567941431573244
-0.07929292858308411,-0.05780367072104506,0.02148925786203905
0.6144518484974478,0.6107084368594522,0.0037434116379956306
0.9188537367501027,0.9107322221771561,0.008121514572946631
-0.8976957473654473,-0.8906249887201677,0.007070758645279618
0.3265376608828697,0.3263049306997816,0.00023273018308805904
-0.9439408014744063,-0.9358951737568022,0.008045627717604087
-0.028009441047889876,-0.01363920014241973,0.014370240905470146
-0.5238312869523419,-0.5147545472148616,0.009076739737480355
-0.42273439051322004,-0.42277574282056846,4.135230734841899e-05
0.749512774538928,0.7473225418699244,0.0021902326690035334
0.5622347328813371,0.5415641938848187,0.020670538996518384
0.9207552245353885,0.9108074781985902,0.009947746336798291
-0.9354898871484116,-0.9255856750570317,0.009904212091379927
0.7655352918270604,0.7648217706734411,0.0007135211536192232
-0.6322439815079699,-0.6156280020593853,0.016615979448584617
0.25310912440965866,0.2466192622976882,0.006489862111970446
0.8751611223704137,0.8603659597852925,0.014795162585121147
-0.9227449806157558,-0.9034539968493012,0.01929098376645466
-0.888887272874542,-0.8733452095795331,0.015542063295008846
-0.9439210133301114,-0.9326562804611066,0.011264732869004757
0.8478940585233836,0.8355539290174981,0.012340129505885478
-0.8463932757210707,-0.8419401725421163,0.004453103178954421
-0.9433977128473332,-0.9292592624596188,0.01413845038771444
-0.9411047078929359,-0.9343784304822453,0.00672627741069054
-0.8791468196522765,-0.8715425093728361,0.007604310279440418
-0.6922510989470465,-0.6819974960291133,0.010253602917933202
-0.7531354446809444,-0.7296412659124563,0.02349417876848814
0.7745783110965441,0.7552919327202849,0.019286378376259128
-0.9487744634305164,-0.9332407983587062,0.015533665071810199
-0.6725712305379861,-0.6657144326276916,0.0068567979102944765
-0.9178241057465352,-0.902569110818021,0.01525499492851412
-0.2410552017206506,-0.22895779100633745,0.01209741071431314
-0.95277286764616,-0.9426720316145331,0.010100836031626925
-0.29403607172149787,-0.25507190133576474,0.03896417038573313
0.36304281525742355,0.3744615221439949,0.011418706886571373
0.9445347914197703,0.9373772733875518,0.007157518032218424
-0.557453659226844,-0.5592096439503635,0.0017559847235195658
-0.10566844490208405,-0.10028975081598213,0.005378694086101921
-0.7581337195902339,-0.7452826181390118,0.012851101451222147
0.1885712643701131,0.15766116710966566,0.03091009726044744
0.9807214939838759,0.9710441497179101,0.009677344265965782
-0.4480537946823454,-0.4297242540974426,0.018329540584902826
0.8699111308434997,0.8669926780510518,0.0029184527924478454
0.9172131283708085,0.9018580183371073,0.015355110033701158
0.349387300809154,0.35363827453675467,0.004250973727600693
-0.12212035632233276,-0.11462233287959996,0.007498023442732801
0.9347131714355054,0.9218900068456011,0.01282316458990429
0.11830301953641521,0.12309136910156254,0.004788349565147329
-0.7653923615743518,-0.7545789429429746,0.010813418631377192
0.3724856504321368,0.37755471476865193,0.005069064336515161
0.5323035901365135,0.5300144992025417,0.0022890909339717824
0.8107774027634576,0.8093669687284802,0.0014104340349773148
-0.9116724328622653,-0.902103226825932,0.009569206036333266
0.43693783880447745,0.4299083401389742,0.007029498665503231
0.9295967502431562,0.9207301127122612,0.008866637530895005
-0.35284432502574636,-0.3593290898653209,0.006484764839574553
-0.47663596451559437,-0.4717510674712352,0.004884897044359182
0.9386067585717555,0.9247202256897826,0.013886532881972835
0.9472078640529499,0.9295799623554665,0.017627901697483406
-0.22653502795389238,-0.22911622926310896,0.002581201309216574
-0.5142529273225306,-0.5177490057489822,0.00349607842645161
-0.31037964426137377,-0.3173417687317355,0.006962124470361708
-0.6159232616498101,-0.5982301283151804,0.01769313333462974
-0.4095211534900338,-0.41124122941960045,0.0017200759295666335
0.2687040673196341,0.2624088134427557,0.006295253876878404
-0.9156398607268224,-0.90109024386559,0.01454961686123235
0.8377053188390142,0.8258783042533411,0.011827014585673146
-0.28288741419690544,-0.28389279066810014,0.0010053764711946966
-0.192911606898186,-0.20240373543395973,0.00949212853577372
0.7328296039794103,0.725185330880663,0.007644273098747378
0.3169553676881477,0.2726053330044917,0.044350034683656
-0.6396810214675173,-0.6486625045261221,0.0089814830586048
0.43524563110515935,0.4319481327563589,0.003297498348800443
0.9451206490369873,0.9277620993640534,0.01735854967293393
-0.6969690807388308,-0.6957950213530972,0.0011740593857335613
0.9060276179812141,0.8942048239371039,0.01182279404411024
-0.9417888658789539,-0.9342835883455205,0.007505277533433441
0.7912652954761873,0.7565197028843836,0.03474559259180365
-0.6722483599810547,-0.6645929706667288,0.0076553893143258556
-0.4194513880522348,-0.40889234932428925,0.010559038727945558
0.8838050564176477,0.8647600456265884,0.019045010791059358
0.9432056572265978,0.9281382615070015,0.015067395719596255
0.0671585766175842,0.0892636567844217,0.0221050801668375
0.34226446833310636,0.3265227138241721,0.01574175450893428
-0.9600215854274933,-0.9565813790871747,0.003440206340318608
-0.8745833597351897,-0.8654190255754558,0.009164334159733944
0.4587294564978079,0.4649206834412986,0.006191226943490724
-0.92219241826777,-0.9030778578986357,0.01911456036913428
0.8928664513631666,0.8800412838985766,0.012825167464589948
-0.7757374733019979,-0.7766053582701729,0.0008678849681749146
0.9360813055096766,0.9222981116095584,0.013783193900118174
0.5864313936962291,0.5708852503160499,0.015546143380179234
-0.9540857594329683,-0.9384504996638007,0.015635259769167575
0.11657380449851022,0.1274881894523967,0.010914384953886483
-0.529928870480341,-0.5385127341505629,0.008583863670221903
0.04965232371731539,0.06678852155141189,0.0171361978340965
-0.7329755512897331,-0.6803773086441908,0.05259824264554236
0.7705033107461936,0.7674635344589914,0.0030397762872022005
-0.21665516672201943,-0.20312165745585728,0.013533509266162147
0.5179089494681866,0.5000907084886648,0.017818240979521782
0.9379445400500765,0.9295006629703969,0.00844387707967964
0.8051181019514966,0.8063969349528879,0.0012788330013913107
-0.8409167669618585,-0.8322792170807933,0.008637549881065132
-0.9203905218570527,-0.9143488475815698,0.006041674275482967
-0.8024806285377204,-0.7951179063374374,0.007362722200283001
-0.9168902500188001,-0.91800720263446,0.0011169526156599163
-0.9143308295312089,-0.8979423818579847,0.016388447673224227
-0.05778974086106687,-0.06556638574663315,0.007776644885566279
0.7022138530550855,0.6943162741964124,0.007897578858673149
0.5721439790293052,0.5628661020205742,0.009277877008731061
0.46588603160523556,0.45599573306280045,0.009890298542435116
-0.5158748288061125,-0.5055689432493531,0.010305885556759375
0.86859529731607,0.8495680315241649,0.019027265791905057
0.6445836219005944,0.6491922821581955,0.004608660257601094
0.3377757636174589,0.33603130847104806,0.0017444551464108615
-0.7993502428269125,-0.7638515057755892,0.035498737051323226
0.05997602688635901,0.06780232065660334,0.007826293770244332
-0.0002646600324598492,-0.01188937834874219,0.011624718316282341
0.8663819850852544,0.8646709072233378,0.001711077861916599
0.915347513250292,0.9014684168382555,0.01387909641203644
0.47463314574874244,0.47643662246258384,0.001803476713841401
0.9391982253989352,0.9280277920365173,0.011170433362417853
-0.43370337232387324,-0.4355310497629994,0.0018276774391261519
-0.7323429025288873,-0.7254648772467782,0.006878025282109124
0.9523807721260723,0.9481669881995608,0.004213783926511505
0.7052083318277942,0.7069035038206692,0.0016951719928750553
-0.6250414011958508,-0.6054689022287337,0.019572498967117102
0.8729313146907882,0.8531940106027862,0.019737304088002006
0.547903074379832,0.5330075605089167,0.014895513870915256
-0.13226426589677553,-0.13272277701044655,0.00045851111367101183
-0.7644232399181222,-0.7597835055596955,0.004639734358426684
0.7530091643888586,0.7526245009485659,0.000384663440292643
0.9099866784625839,0.9027613063681779,0.007225372094405991
-0.4783247911517782,-0.46073958001195814,0.017585211139820034
0.29678326032038893,0.30360152301657284,0.006818262696183908
-0.6882562024542002,-0.6868717875645096,0.001384414889690544
0.41478072547980893,0.4038216449407536,0.01095908053905531
-0.5081332732518917,-0.45783358490354725,0.05029968834834447
-0.866857386002636,-0.8548901142901089,0.011967271712527094
0.7246583495165144,0.7219109206543268,0.0027474288621875953
-0.9099265718578257,-0.8959910210860601,0.013935550771765559
-0.43553082337591176,-0.43378698601406496,0.0017438373618468006
0.6110829152609184,0.5935577176922622,0.017525197568656226
-0.8644948556387192,-0.848881796588595,0.015613059050124223
-0.7671921258898706,-0.7585949523054604,0.008597173584410256
-0.7615910069076816,-0.7439402089054269,0.017650798002254664
-0.08850069694349492,-0.09471306815632086,0.006212371212825932
0.36432131214744684,0.37181833733578235,0.007497025188335504
-0.8131890428851181,-0.7938679749665719,0.019321067918546153
0.838591313155284,0.8278956104506447,0.010695702704639265
-0.863989588968356,-0.8493224574050475,0.014667131563308455
0.28042226618366595,0.28889808764291974,0.008475821459253796
0.941535748002465,0.9342974062115914,0.00723834179087357
-0.5948943737286477,-0.5837724249754528,0.011121948753194943
-0.6242241400395611,-0.6148556987302837,0.009368441309277387
-0.7026094283729007,-0.6843798489560141,0.018229579416886632
0.6581954493911462,0.6458256911130404,0.012369758278105714
0.8151704792288735,0.8111930320052553,0.003977447223618258
0.7788063727397057,0.7696696916170288,0.009136681122676849
-0.7386965391236492,-0.728298920616841,0.010397618506808204
0.42772727200561983,0.4119370817520415,0.015790190253578307
0.7085940671208955,0.713381448677215,0.0047873815563195254
0.11317555288561124,0.12237656383869534,0.009201010953084107
0.7738238936733611,0.7548406905137812,0.01898320315957991
0.9621963735287828,0.941672676527534,0.020523697001248897
0.579293424960672,0.5724382680562622,0.006855156904409854
-0.856027509709551,-0.8527772172861217,0.003250292423429335
0.13923109012720464,0.14426075315302433,0.005029663025819697
0.6240916775095249,0.6109169863585499,0.013174691150975026
-0.9057179978478238,-0.8899461659107188,0.015771831937104963
-0.15022469008820083,-0.14149147063910536,0.00873321944909547
0.6906131929020669,0.688904519933768,0.0017086729682989077
0.5142462673592127,0.5149964862621802,0.0007502189029674478
-0.7559132169962153,-0.7455401688642015,0.010373048132013785
0.9494633052842901,0.9432401236123028,0.006223181671987321
0.03842334138350462,0.023403815375106284,0.015019526008398332
-0.214702918279883,-0.21736233180016368,0.002659413520280679
0.8918277256645162,0.8871733307247031,0.004654394939813122
0.5477881877229034,0.5295332021301596,0.018254985592743744
0.6081399903561346,0.5905693893417944,0.01757060101434027
-0.5643260149388385,-0.5196181782239593,0.04470783671487921
0.9430909015110901,0.925568024932766,0.017522876578324076
0.2896143933103001,0.2964784909954376,0.006864097685137516
0.7413658709765261,0.7252531772130038,0.016112693763522312
-0.7292180286068519,-0.7183657053899984,0.010852323216853477
0.4023864315394718,0.40668119533430486,0.0042947637948330675
-0.8460301464068382,-0.8393383869745096,0.006691759432328581
-0.20741258416208638,-0.20202519177041528,0.005387392391671103
0.8435162983748258,0.8333631736484468,0.01015312472637897
0.18910293961698602,0.20489857356647256,0.01579563394948655
0.03308241286286104,0.028277772844874,0.004804640017987038
0.6560928119553988,0.6491797287862373,0.006913083169161505
0.03538748758627534,0.04149683781560311,0.006109350229327765
-0.529630939406447,-0.5166501527475305,0.012980786658916554
0.9022139664107005,0.8865880322881388,0.015625934122561747
0.5535038434197013,0.5548775035712405,0.00137366015153928
0.015351985369824449,0.010543104028312407,0.004808881341512042
0.8522700568208856,0.8476239871290504,0.004646069691835231
-0.9292967120642661,-0.9200037716607794,0.009292940403486716
-0.8076560720948858,-0.8047148879708829,0.0029411841240029046
-0.4516648528946216,-0.44138701091671545,0.010277841977906155
-0.4101506445615294,-0.39033807256450853,0.019812571997020856
0.1322821770749706,0.13604735479823793,0.0037651777232673156
-0.45202615720635,-0.43958724876795746,0.012438908438392515
-0.07726017263216171,-0.06650737039553839,0.010752802236623324
-0.848933272932296,-0.8371302432001726,0.011803029732123438
-0.6768191281790575,-0.6788000646607447,0.001980936481687179
-0.7573961480829607,-0.7400023096578031,0.017393838425157626
-0.18750808881743267,-0.18263133550016353,0.004876753317269139
-0.8006350447486696,-0.7909019663421842,0.009733078406485407
-0.5491307873404155,-0.5483197779188654,0.0008110094215501018
-0.7600998984429479,-0.7452172372640821,0.01488266117886583
-0.9719492435046891,-0.9583828599620773,0.01356638354261186
0.9398325811226633,0.9210792648199586,0.018753316302704715
0.7638347098290011,0.7440321393024614,0.019802570526539776
-0.9048272704525481,-0.8859346531347992,0.018892617317748828
-0.4069898141243587,-0.41937652691092947,0.012386712786570775
0.38170392130309416,0.39042086161543044,0.008716940312336274
0.8676363748978918,0.8621645202826071,0.005471854615284655
-0.048304108540920675,-0.039629066104265705,0.00867504243665497
-0.037401714150099234,-0.024244119458061653,0.013157594692037582
-0.09539961351032225,-0.1033312826403838,0.007931669130061547
-0.36504366755170325,-0.3613222659914604,0.003721401560242865
-0.4902360150642893,-0.48729435184392306,0.002941663220366264
0.9545037304839857,0.9473603487122876,0.007143381771698154
0.6824881843763015,0.6767165263904759,0.0057716579858256845
0.756025055668484,0.7358907814828197,0.02013427418566427
-0.21342060107299285,-0.2191837044163021,0.0057631033433092616
-0.47599500246369,-0.4727161151281498,0.0032788873355401593
-0.9410612929832606,-0.9335317289349604,0.007529564048300186
0.9754349954062781,0.955395013543804,0.020039981862474132
-0.9454286108011557,-0.9247689079788879,0.02065970282226781
0.7448215447138594,0.7272123160608764,0.017609228652982978
0.35247692853250057,0.3203393742137623,0.03213755431873827
-0.22043957820697688,-0.20943919915635573,0.01100037905062115
0.07015403643684393,0.07603197446827072,0.005877938031426791
-0.9381439603678382,-0.9220868323753114,0.016057127992526787
-0.7480488867684216,-0.7469883227632607,0.0010605640051609688
-0.2928180076925445,-0.2864911525393655,0.00632685515317899
-0.9398728989977078,-0.9325499946726307,0.007322904325077095
0.4259717674025617,0.42121880701506603,0.004752960387495675
-0.7676405217039761,-0.7658181381675969,0.0018223835363792018
0.8624240574016848,0.8528625419924569,0.009561515409227894
-0.6629944810567755,-0.6644175789161831,0.0014230978594076404
-0.21531077765316442,-0.22190549950704241,0.006594721853877994
0.04562426087740944,0.028829660473067946,0.01679460040434149
-0.13194149166437835,-0.12112003500680563,0.010821456657572726
0.8577213750937721,0.8583245315684359,0.0006031564746638018
0.4675407762788193,0.47150017422042084,0.00395939794160155
-0.8653172125085811,-0.8502386619322267,0.015078550576354321
0.4469743207447836,0.43269365872394,0.014280662020843604
-0.7878512059260406,-0.7699520003905922,0.017899205535448437
-0.09446661056970249,-0.07936457509833392,0.015102035471368569
-0.5928805424795195,-0.5744464605876164,0.018434081891903098
0.9057660692089434,0.8942177176856451,0.011548351523298361
0.14513733870533987,0.14973475149353588,0.004597412788196004
0.060151241607411275,0.05744290820271459,0.002708333404696686
-0.5482525360994527,-0.5383823845771581,0.009870151522294535
-0.8168168877346558,-0.8036129177143998,0.013203970020255973
-0.8527935735949687,-0.8346416382195612,0.01815193537540749
-0.5163323077426717,-0.5192955105078465,0.0029632027651748105
-0.6053442477421387,-0.5981555783743172,0.007188669367821476
-0.9445285443825362,-0.9274377383181298,0.017090806064406383
-0.54349664675247,-0.5447897482721893,0.0012931015197192863
0.6531160582018611,0.6434290287388859,0.009687029462975283
-0.9480490869530581,-0.9361922592726414,0.011856827680416737
0.6524116905104066,0.631016893911144,0.021394796599262578
0.9578358812804747,0.9527911088935684,0.00504477238690626
-0.8532036689839542,-0.8433541846706277,0.00984948431332644
0.8197806427353235,0.8059032723315571,0.013877370403766354
0.9278302697888025,0.9137924693563377,0.01403780043246472
-0.1374687428128101,-0.14413965040979398,0.006670907596983883
0.35122744745661916,0.338683775341243,0.012543672115376159
-0.8598165538498751,-0.8421500313052115,0.01766652254466361
-0.18909712954211266,-0.20458511252188064,0.015487982979767972
0.8511819742485981,0.8426538235774693,0.008528150671128776
0.7627250952960315,0.7445256544805281,0.018199440815503398
-0.482500664335248,-0.48767572004080134,0.005175055705553322
0.7312409354578683,0.7230654086664704,0.00817552679139788
0.9306519765612443,0.9180741400438124,0.01257783651743194
0.5613323995477875,0.559291583644344,0.002040815903443516
-0.9643633343564849,-0.9570483506767705,0.007314983679714393
-0.028002907393006753,-0.01821535430845401,0.009787553084552744
-0.6721052359688324,-0.6746018611443474,0.002496625175514966
-0.599243828177668,-0.592166195842916,0.007077632334752004
-0.732922391544789,-0.7184665429201637,0.014455848624625345
0.2990164616777181,0.3081786843675052,0.009162222689787058
-0.19996916081504915,-0.21551313959265564,0.015543978777606493
0.6248994747746336,0.6152545603623578,0.009644914412275774
-0.9438611421020368,-0.9276654933952689,0.016195648706767818
0.9136017622376489,0.8994218616449474,0.014179900592701467
0.7083286733992253,0.704727090432194,0.0036015829670313915
-0.5721439727489093,-0.5576301793794659,0.014513793369443362
0.3744474088388634,0.3628507316882782,0.01159667715058521
0.7735909721929609,0.7769250044524353,0.003334032259474373
0.9838471835818579,0.9734952612719433,0.010351922309914552
-0.8389828336242279,-0.8310928951880833,0.007889938436144606
-0.18506280652686105,-0.16156482434723446,0.023497982179626592
-0.7919162765467871,-0.7888301554889379,0.0030861210578492226
-0.3102639002083349,-0.31521980056606347,0.004955900357728582
0.25961625674437333,0.27159454009893724,0.011978283354563912
-0.6302161975391327,-0.6301987433143762,1.7454224756519032e-05
0.31766466171489643,0.3107109810028611,0.006953680712035337
-0.29636573375727143,-0.30405513367227577,0.007689399915004336
0.18316263984866882,0.18824028425590333,0.005077644407234516
-0.961786340272359,-0.9473644560593334,0.014421884213025593
-0.8320744451240996,-0.8021055967163033,0.029968848407796234
0.7586414381272105,0.746955851095194,0.011685587032016498
-0.46471396532203985,-0.4479095334432785,0.01680443187876135
0.9402091704647974,0.9250928488078743,0.015116321656923004
-0.7987234719827733,-0.7868350305747986,0.011888441407974626
-0.44749174441081374,-0.4591921287474176,0.011700384336603864
-0.7172855592159495,-0.7137155808614406,0.003569978354508896
-0.12610218775332252,-0.13671747582424496,0.010615288070922435
0.960862469212528,0.9544143992643926,0.006448069948135404
0.9419033519710407,0.9247341849752243,0.017169166995816387
0.8721771660108255,0.8578408895018477,0.014336276508977841
0.1298572358071655,0.12017148039735404,0.009685755409811453
-0.9182264330486163,-0.9108400172011029,0.007386415847513428
-0.46203986723027707,-0.45841390906655677,0.0036259581637202998
-0.8980861963013839,-0.8822118872141007,0.015874309087283156
-0.7280287124833665,-0.7170987945345013,0.01092991794886522
-0.10415204767470639,-0.1088118271190344,0.004659779444328008
-0.18184195209613205,-0.17863763536175273,0.00320431673437932
0.7767802386576106,0.7785047987615142,0.0017245601039036496
-0.30258580272008845,-0.3038493241338262,0.001263521413737756
0.2039028209481426,0.2126657549598831,0.008762934011740497
-0.5793738866915553,-0.5659025916052112,0.013471295086344148
0.8317353112704207,0.8156256385145809,0.016109672755839743
-0.04784899588348963,-0.03923351215707747,0.00861548372641216
0.8567738255567763,0.8480445780206505,0.008729247536125806
0.6654414054095718,0.651059787374464,0.014381618035107735
0.07873182497011737,0.08146443018793084,0.0027326052178134747
0.5100365667563852,0.5116837776133514,0.0016472108569661748
0.5954983054279821,0.6001302177022899,0.0046319122743078145
-0.16020299506510524,-0.14691684899375196,0.013286146071353283
-0.6844831444526869,-0.6675683450916233,0.01691479936106355
-0.6795453099092332,-0.6597051172450484,0.019840192664184797
-0.20929915049232445,-0.17322682845729406,0.036072322035030385
-0.8213294596605056,-0.8019460714933873,0.019383388167118376
-0.7173393008708693,-0.7075384132562015,0.009800887614667797
0.4993400566013904,0.4969203004586524,0.0024197561427380387
0.78017258868929,0.7715457935347398,0.008626795154550115
-0.6369304543799644,-0.6280301784164397,0.008900275963524718
0.5689304913778105,0.5654271873803122,0.0035033039974983193
-0.9329086456642218,-0.9160018163894219,0.016906829274799917
-0.9083875793796226,-0.8963450849297222,0.012042494449900354
-0.09441166906005102,-0.10529974047617323,0.010888071416122205
0.3683047289038158,0.35357825728254255,0.014726471621273274
-0.6560187397219654,-0.6371246180867317,0.01889412163523374
0.9410442987828359,0.9302415513133174,0.010802747469518481
-0.3060062207608099,-0.26826469418115856,0.03774152657965135
0.3413688397809435,0.32899383108075775,0.012375008700185763
0.48612182138403026,0.43394050056560207,0.05218132081842819
-0.9092780602809345,-0.9066259035749098,0.0026521567060246998
0.8247216233328272,0.8040057532371148,0.020715870095712408
0.0811589047472865,0.0714658042322851,0.009693100515001399
0.9266954250562848,0.908055485970612,0.01863993908567274
-0.7299507670278083,-0.7181656252655616,0.011785141762246654
-0.8095136482577667,-0.8056097496631996,0.003903898594567079
0.13302102856792558,0.14020404398350986,0.007183015415584276
-0.9001654891297324,-0.8865613618230606,0.01360412730667182
-0.1498922823934742,-0.14102652112537306,0.008865761268101152
0.04944524661001982,0.05816603184013516,0.008720785230115345
0.7249348330734474,0.7087262543436053,0.01620857872984216
-0.3496074041329522,-0.35486620957826437,0.0052588054453121535
0.6206655904513769,0.6119677376882596,0.008697852763117297
0.6313158283569094,0.6246565112141484,0.006659317142760912
0.02465341145960288,0.033720426284586484,0.009067014824983604
-0.02262850537850165,-0.010795460247847916,0.011833045130653735
0.0033419994943984766,0.0102181301627055,0.006876130668307024
-0.7242273532334023,-0.7152812004682237,0.008946152765178517
0.03612218916354577,0.025532706886893592,0.010589482276652181
-0.7715319629641997,-0.759788604830233,0.011743358133966653
-0.39378212630563164,-0.3842003626753562,0.009581763630275464
0.9761573270096513,0.9624028318636512,0.013754495146000134
0.4786125101172687,0.46676135247437023,0.011851157642898458
0.9036515977722634,0.8851017461604465,0.018549851611816992
0.37424784374722025,0.37465261142848777,0.00040476768126751494
-0.013230119480840519,-0.005522159729104422,0.0077079597517360965
0.31910530315368546,0.33492517455424753,0.01581987140056207
0.36813755549912075,0.3622307670415384,0.005906788457582357
-0.8928181361544819,-0.8793112622910154,0.013506873863466495
0.715826213408325,0.7146628810063058,0.001163332402019157
0.5573340750513754,0.559215123164613,0.0018810481132375267
0.6050616209648089,0.586233351632897,0.01882826933191184
0.5163308818859836,0.5095805963507212,0.006750285535262468
-0.7780635170556544,-0.7743341905849871,0.00372932647066726
0.9612239066520867,0.938400141733924,0.022823764918162626
0.9394005075239998,0.9341278567233616,0.005272650800638212
0.6742287499319196,0.6557039536535783,0.01852479627834136
0.03498058280713198,0.04361877369850211,0.008638190891370127
-0.3767291228968183,-0.3645034676350082,0.012225655261810131
0.8451936366049967,0.8177482274058753,0.027445409199121418
0.07893149958675583,0.0860906292424289,0.007159129655673072
0.813873001823786,0.7973922095550452,0.016480792268740774
-0.7305590133923852,-0.7306238632160951,6.484982370991155e-05
-0.07999034749050223,-0.08919769260716211,0.009207345116659882
0.9404101416149704,0.9277893401595709,0.012620801455399455
-0.5003656862357463,-0.5023295832207989,0.0019638969850526156
-0.2720105819346573,-0.2705489478532175,0.0014616340814398443
0.4710096947557307,0.47298720884310136,0.00197751408737068
0.749928938968476,0.7415427068026632,0.008386232165812801
0.14054815806960588,0.1352149282610335,0.005333229808572371
0.9200527413996651,0.9107260206208345,0.009326720778830566
0.07012658575976859,0.05580346163632661,0.014323124123441978
0.040935775672288705,0.03740879416421948,0.003526981508069224
-0.8491203703761766,-0.8446041253265263,0.004516245049650314
0.7659687618970855,0.7471773919669412,0.018791369930144297
-0.7086161267422291,-0.666522137908562,0.042093988833667106
0.7679933241763756,0.7649139636489921,0.0030793605273834457
0.12665593614477683,0.12993533036634441,0.0032793942215675886
-0.3330324304859304,-0.3183076698567022,0.014724760629228173
-0.4225326778832637,-0.40548949567522147,0.01704318220804224
0.34950069596701666,0.34614503668425417,0.003355659282762491
-0.9437850577734835,-0.9266649226389824,0.01712013513450117
-0.9157279161872812,-0.9051676316051861,0.010560284582095125
0.537491972278099,0.5433457488760005,0.005853776597901539
0.953322805685877,0.9290915038617233,0.024231301824153673
-0.20815852019268524,-0.20299664866415115,0.00516187152853409
-0.9353047958912064,-0.9286820666541507,0.006622729237055758
-0.9302956892893025,-0.9218935881820628,0.008402101107239712
-0.8081272480664194,-0.7907842709535332,0.017342977112886238
0.5218405313809508,0.507359608130071,0.014480923250879796
-0.29893201528871366,-0.3012270649559535,0.002295049667239868
0.9153671487551398,0.8994943580686944,0.015872790686445426
0.9716071055322226,0.9621811682774377,0.00942593725478491
-0.8698971498043673,-0.8591498118944071,0.010747337909960186
-0.926795705227564,-0.9117347723748809,0.015060932852683173
-0.550650996633879,-0.5347582938972278,0.01589270273665111
-0.8299134622256873,-0.8188642127075307,0.011049249518156556
0.3242421092098564,0.31021570826586786,0.014026400943988548
-0.9292033931782878,-0.9144505473885968,0.01475284578969105
-0.647986919610839,-0.6386391914725185,0.009347728138320521
-0.9075946347790187,-0.884147792640484,0.02344684213853465
-0.4966210548742681,-0.4799504913829233,0.016670563491344825
0.9157057757929054,0.889746971951497,0.025958803841408362
-0.7414033042497421,-0.7287282659098477,0.012675038339894362
-0.8992803787892202,-0.8813199887308582,0.01796039005836203
-0.46892423033559405,-0.47273991597821,0.0038156856426159735
0.8293460739491578,0.8096095428729777,0.01973653107618012
-0.5354818529968877,-0.5216520639810751,0.013829789015812555
-0.8994202718921057,-0.8916979026772955,0.007722369214810176
0.6651559796397841,0.6482455821257114,0.01691039751407275
0.9402162745659698,0.9201553539452251,0.020060920620744715
-0.6823438592532829,-0.6703773590225226,0.01196650023076029
0.4987478482611221,0.5021846877415177,0.0034368394803955815
0.49718625300107616,0.5042174239759925,0.00703117097491629
0.39931789147713326,0.3827740916761284,0.016543799801004844
-0.8480199906200825,-0.835160267649363,0.012859722970719467
-0.24245596069124276,-0.23996524171043418,0.002490718980808576
0.8050947346841064,0.8040115188340508,0.0010832158500556632
-0.4308701118494723,-0.3931618251799804,0.03770828666949194
-0.8075361448020163,-0.7984954425033133,0.009040702298703018
-0.3335524308954858,-0.34312510570309945,0.009572674807613646
-0.9300494104464139,-0.928304819080533,0.0017445913658808987
0.12115499295814464,0.1413938779527419,0.02023888499459725
0.6575810859981743,0.6499359444090426,0.007645141589131765
0.9426513731669879,0.9404265103541413,0.0022248628128466175
-0.8856791214671341,-0.8719454048848092,0.013733716582324917
0.3157748740702649,0.32605006478272947,0.010275190712464577
-0.6085623396489009,-0.5905800677332679,0.017982271915633063
0.33414504238212644,0.33622508687908675,0.0020800444969603094
0.791693324905308,0.7728039948998477,0.018889330005460225
0.513072506163173,0.5198126001132649,0.006740093950091897
0.7483189943278667,0.7243789148072933,0.02394007952057342
-0.6712362633984762,-0.6701524108494056,0.0010838525490706186
0.5961635746296149,0.5819551506700048,0.014208423959610084
-0.47681103403161107,-0.4684458895524513,0.008365144479159758
0.6181920080661095,0.6135404224228819,0.0046515856432276514
-0.514110486215748,-0.5243274299064614,0.010216943690713465
0.8044154353266146,0.7778082712661468,0.026607164060467814
-0.8683023768597811,-0.8609852946125536,0.007317082247227491
0.07209635579958854,0.06602408145224108,0.006072274347347459
0.6078708710876863,0.5975719066332822,0.010298964454404147
-0.06693081030488449,-0.08236459981498225,0.015433789510097759
-0.7119757848433682,-0.6737167164209269,0.03825906842244131
-0.56650462711197,-0.5579178941036546,0.008586733008315472
0.11696501919121785,0.0938258930668756,0.023139126124342255
-0.546949716518428,-0.5313160429786762,0.01563367353975187
0.5349670478670919,0.5428920790196667,0.007925031152574813
0.9810528604219952,0.9717648496461673,0.00928801077582797
0.1883356382726961,0.1899980692509316,0.0016624309782355129
0.21596035951821577,0.22187004091100848,0.005909681392792715
0.7659599986974981,0.7475090390325715,0.018450959664926603
-0.06745535192267568,-0.06981433355432881,0.0023589816316531287
-0.6048598791967894,-0.6077316123158274,0.002871733119037989
0.7931375051688143,0.7957650655450637,0.0026275603762493382
0.32091680129250594,0.3210282453113567,0.00011144401885077038
0.7575903450965542,0.758567018069507,0.0009766729729527857
-0.2309841287774526,-0.23925838060474797,0.008274251827295354
-0.8078603123978421,-0.7971980647258113,0.010662247672030722
0.8772706611961785,0.8600988193177684,0.017171841878410032
-0.8050146086649203,-0.8035996285212113,0.0014149801437089993
-0.6779832320447485,-0.6666361359957693,0.01134709604897921
0.9453005691136169,0.93721260098379,0.008087968129826928
-0.8197493664150121,-0.8012799702368327,0.01846939617817933
0.760051803659493,0.757522327705937,0.002529475953556015
-0.6433578786501899,-0.6421550421451359,0.001202836505054039
0.16714591758333303,0.17494178473668182,0.00779586715334879
-0.081048208448822,-0.07163001307929372,0.009418195369528287
-0.0688563096053033,-0.062010376911154956,0.006845932694148342
0.6802813101628086,0.6767476727474133,0.003533637415395252
0.9086134226902997,0.8918621259808491,0.016751296709450525
-0.23681739655730202,-0.22862733761850548,0.00819005893879654
-0.7502005291803036,-0.7410970068396563,0.009103522340647263
-0.44389663363714055,-0.44860199909234827,0.004705365455207722
0.8693589200350582,0.8577818249907723,0.011577095044285945
0.486897231170174,0.48009321965709517,0.006804011513078856
0.6013179347880767,0.5968830080120234,0.004434926776053283
-0.008274514376175442,-0.001265236507980505,0.0070092778681949365
0.8136258956308713,0.8034600957601944,0.010165799870676895
0.736842533348786,0.7295840469445501,0.007258486404235875
-0.3199885259549721,-0.3165652070743426,0.0034233188806295223
-0.4192365500753486,-0.4253147630079807,0.00607821293263211
-0.6588593957084469,-0.6637351866668033,0.004875790958356441
0.45911046835855235,0.45144727830133075,0.007663190057221603
-0.3301328426964223,-0.3240068308199052,0.006126011876517068
-0.38324702053251136,-0.3844907899093449,0.0012437693768335145
-0.27136826846045353,-0.2778025019834059,0.0064342335229523595
0.9441414253748611,0.9360016571563488,0.008139768218512367
0.3967278399533189,0.40232097817641344,0.00559313822309454
-0.16335554747834993,-0.1663538482312031,0.002998300752853178
0.20231109484476953,0.1967937839720622,0.005517310872707321
-0.6204298278582071,-0.6160038873142869,0.004425940543920204
0.6853608018977176,0.6778452912969256,0.00751551060079203
-0.0787249780057441,-0.0788800444188416,0.00015506641309749603
-0.3977118657461684,-0.3977687542778383,5.688853166990748e-05
-0.4672014467929681,-0.4636536840468304,0.003547762746137717
-0.7697204461482684,-0.7620470265985904,0.00767341954967804
0.2670742926449196,0.25350715218565795,0.013567140459261662
0.557226310386836,0.5508518083314511,0.006374502055384923
0.4681839833517227,0.45207316838987605,0.01611081496184663
0.31312466329779814,0.32035905912682944,0.007234395829031293
0.32203355206518375,0.3230940114672363,0.0010604594020525715
-0.6191718045758114,-0.6029159552326708,0.016255849343140616
0.17205331687807418,0.17647160478032922,0.004418287902255041
-0.229998138838067,-0.22140866007219284,0.008589478765874153
0.9528407972186215,0.9413258748526008,0.011514922366020697
-0.38436542298327414,-0.3906896009683156,0.006324177985041479
0.28016311492017076,0.28507346081227036,0.004910345892099599
0.13122180217813553,0.12423990800023807,0.006981894177897463
-0.8647014131429781,-0.8554916837835062,0.009209729359471952
-0.49586169218694526,-0.5001930711261282,0.0043313789391829505
0.9033874458905584,0.887165500391248,0.01622194549931044
0.9804244839779523,0.964206589224732,0.01621789475322033
-0.35372446657277207,-0.31903865807036724,0.034685808502404825
0.7819018659278288,0.772348014488615,0.009553851439213834
-0.6983879595519367,-0.69975775275335,0.001369793201413283
0.6537822298805486,0.6594011161141665,0.005618886233617948
-0.6641305102845685,-0.6620238915101869,0.0021066187743815634
0.8329949339291954,0.8281804121147288,0.004814521814466621
-0.9382255086938475,-0.925654902446935,0.012570606246912419
0.23069279683101332,0.22510146656066402,0.005591330270349304
0.9700527924044888,0.9614864842043974,0.00856630820009141
-0.6520353436579517,-0.6416927472372791,0.01034259642067259
-0.24843011761463277,-0.27051119446557853,0.022081076850945763
0.9142663584036904,0.9086138588009673,0.005652499602723071
-0.24626491088925032,-0.23006236205804842,0.016202548831201896
-0.9234792141441724,-0.9097018675962542,0.01377734654791829
-0.5341145235464305,-0.5168249467183073,0.017289576828123265
-0.8424743256727282,-0.8267821543862778,0.015692171286450396
0.5831190894975258,0.5649867773372966,0.018132312160229147
-0.650655182801788,-0.639881427754635,0.010773755047153055
-0.2689551494485452,-0.2587561042622362,0.010199045186308986
0.2739478133879239,0.26515029366825293,0.008797519719670965
-0.6895108025415787,-0.6753836129583826,0.014127189583196142
0.26479333317212206,0.24511505843189751,0.019678274740224544
-0.6837879857398949,-0.6830658223583459,0.000722163381548957
-0.9526557152736166,-0.9303555216606428,0.02230019361297375
0.5227813749933582,0.514284857731682,0.008496517261676217
-0.22534662786174559,-0.24759842901229157,0.02225180115054598
0.9363709009055037,0.9237650191928861,0.012605881712617562
-0.43740608908677464,-0.4268108424959986,0.010595246590776042
0.9428102395962863,0.9278243155246327,0.014985924071653556
-0.14983822374780298,-0.16006203289154236,0.010223809143739382
-0.41019614056554743,-0.40449322464202286,0.005702915923524565
-0.779046273549573,-0.7715100619822577,0.007536211567315321
-0.925069550111229,-0.9087242651051749,0.016345285006054144
0.8319080454488236,0.8123067489192928,0.0196012965295308
0.8507184825855366,0.8508617331760452,0.00014325059050857014
0.42312942627061717,0.42620528519588874,0.0030758589252715685
-0.46861540705819554,-0.45244560426014246,0.01616980279805308
0.734902060860321,0.733259925026435,0.0016421358338859493
0.9029451496978912,0.8943823617625575,0.008562787935333716
0.09959615182084576,0.09301169590811471,0.0065844559127310465
-0.1769203408966916,-0.18507973689708165,0.008159396000390062
0.2585286631603713,0.2561845472593049,0.0023441159010664236
0.372276522459364,0.3770559691919167,0.004779446732552706
-0.807253462146261,-0.80345237355014,0.0038010885961210494
0.9610340552696769,0.9404851556898932,0.020548899579783675
-0.5115487472872642,-0.4937581764079404,0.017790570879323786
-0.941068433524051,-0.9317409570526265,0.009327476471424512
0.7776081014661097,0.7625782699629016,0.015029831503208135
0.1093842535691146,0.10471062732510886,0.004673626244005746
0.15787550102059067,0.16820607612364025,0.010330575103049577
-0.21341635688983351,-0.20027871168978711,0.0131376452000464
0.5365702756219729,0.5280955963367763,0.008474679285196629
-0.13653770567179854,-0.131652055372383,0.004885650299415539
0.6192174161073785,0.6018899528387748,0.017327463268603682
-0.6238116090911596,-0.626012681566539,0.002201072475379373
-0.2545248672027175,-0.25140456324086896,0.003120303961848536
0.6760684388441377,0.6684565503264231,0.007611888517714549
-0.38758973687063025,-0.37384140619750444,0.013748330673125808
0.6682867841925203,0.6505529061000402,0.01773387809248006
0.17934882137059724,0.18320235184405972,0.0038535304734624853
0.7217890435912122,0.7168064122535602,0.004982631337651977
0.6536718216173381,0.6394805690206217,0.014191252596716386
-0.2421517990638099,-0.24342221511104128,0.001270416047231382
-0.3757272679079322,-0.3797173200482175,0.003990052140285305
-0.43884368878776897,-0.42662234951114114,0.01222133927662783
-0.4111982470754155,-0.4020342867124293,0.009163960362986223
-0.3238303947819882,-0.32810678011504096,0.004276385333052746
-0.32186990821054207,-0.31998064617205746,0.001889262038484607
0.5798488089589641,0.5714788441564155,0.00836996480254859
0.6872554706523424,0.6764285444038741,0.01082692624846826
-0.27691360327079684,-0.2941081677990028,0.017194564528205947
-0.5698618614822681,-0.570648887904612,0.0007870264223438506
-0.9260994988843516,-0.9110138177009759,0.015085681183375721
0.6586009398471571,0.6362084041012946,0.02239253574586242
0.806348356019991,0.8014804854545181,0.004867870565472887
-0.6368439178555634,-0.6300259823481554,0.006817935507407946
-0.4362355881857684,-0.41825782840588993,0.017977759779878477
0.6320429494643862,0.6123991632152787,0.019643786249107564
-0.6814526919569307,-0.681774874676768,0.00032218271983730506
-0.7368905418737142,-0.735959351699066,0.0009311901746481555
-0.2623636892347673,-0.2665792320355385,0.004215542800771188
-0.11911692557866944,-0.10679353411447763,0.012323391464191813
0.9195314837206361,0.9060687828757675,0.013462700844868558
-0.5405600632440827,-0.525510180219116,0.015049883024966682
-0.8653563728947403,-0.8548910068040064,0.010465366090733896
-0.06032379755741085,-0.026567670911770244,0.03375612664564061
0.0349767055569444,0.040648390128583206,0.005671684571638809
-0.9262336973389583,-0.9102230615648685,0.016010635774089788
0.8889291263140864,0.8812294431990471,0.007699683115039324
0.7907525677067772,0.7784642777071173,0.012288289999659807
-0.8346265583795709,-0.8216719689778378,0.012954589401733108
0.4781961392654093,0.47867789721139004,0.00048175794598070976
0.06607274300691614,0.06256171416026517,0.003511028846650971
0.4095854606768455,0.3949790891745576,0.014606371502287885
-0.9441302952244467,-0.9349578420169157,0.009172453207531017
0.2224840884203866,0.22927357524232894,0.006789486821942331
-0.9248539734676171,-0.9163657701202057,0.008488203347411405
0.17446562302080335,0.17548848238731443,0.0010228593665110863
-0.7212146348369839,-0.7117710764113399,0.009443558425644039
-0.9017919773207285,-0.8945424195673053,0.007249557753423175
0.03245864570753582,0.042587797666089174,0.01012915195855335
-0.2505717290735822,-0.2552887393862093,0.004717010312627057
0.7041757157942248,0.6950437344561792,0.009131981338045603
0.7583637805888992,0.7474355594981147,0.010928221090784507
-0.44027438171771877,-0.4422494216571884,0.001975039939469625
-0.8893919685610917,-0.8760904989925741,0.013301469568517632
-0.3597280501929551,-0.3572556815729551,0.0024723686199999984
-0.14994754118422057,-0.14140434014128508,0.008543201042935489
-0.7937830136233833,-0.7818447603829625,0.01193825324042086
0.7854553642923161,0.7911576672384129,0.005702302946096749
0.8753788255048104,0.8591977278795166,0.01618109762529374
0.8428096006451106,0.827702438650232,0.015107161994878604
0.9248728390359735,0.915147878270541,0.0097249607654325
-0.04845743783856737,-0.053198070882980876,0.004740633044413509
-0.13297669495692516,-0.13334793213211377,0.0003712371751886101
0.8803561831241656,0.8681090035808836,0.012247179543282027
0.5539074746812586,0.5022925288682684,0.0516149458129902
0.7364493742031964,0.7272586268693649,0.009190747333831517
0.4860140895642408,0.4898184162288642,0.003804326664623381
0.8471526880122555,0.8291051946142596,0.01804749339799594
0.8843253344798684,0.871112180592987,0.01321315388688138
-0.7588685956455912,-0.7572871147026581,0.001581480942933089
0.6065649058647923,0.5869646728707912,0.019600232994001043
0.7938614822066443,0.7780563085693426,0.015805173637301717
0.026754418686473644,0.017069793451989605,0.009684625234484039
-0.5659938296582647,-0.5554874976633783,0.010506331994886375
0.08946199651457748,0.09729374700496621,0.007831750490388728
0.2818234387860318,0.2821568074136221,0.0003333686275903136
0.28399673940510484,0.3050118008603165,0.021015061455211648
-0.13746294975902074,-0.14054513937717594,0.0030821896181552066
-0.9059158003257803,-0.8907092479244823,0.01520655240129809
-0.8355493309915799,-0.8222722904970337,0.013277040494546255
0.3291433406836473,0.3370612385413021,0.007917897857654788
-0.36530517332678786,-0.36378296623288753,0.0015222070939003296
-0.9163007977818461,-0.8983138824981779,0.017986915283668248
0.8156815396178734,0.8060814828471484,0.009600056770724952
0.34356223728423996,0.3443328924965631,0.000770655212323168
-0.8253225672327175,-0.8067449855244205,0.01857758170829693
0.12346283535659669,0.11801674784611968,0.00544608751047701
0.9454996160400919,0.9378849352756715,0.007614680764420401
0.9256312219028671,0.9063831016585148,0.019248120244352296
-0.8554421484341743,-0.8390875870077494,0.016354561426424885
-0.8339734003048002,-0.8222877108838789,0.011685689420921297
-0.8384446152009267,-0.8349140219962936,0.0035305932046331145
-0.6082759114877997,-0.5991373626062593,0.00913854888154042
-0.761678426090914,-0.75966456797125,0.002013858119663925
0.24523460520346432,0.23877705364537016,0.00645755155809416
0.10160954339731601,0.08861586403171219,0.012993679365603819
-0.25163724544419536,-0.2438679436729779,0.007769301771217457
0.7150152173691628,0.7105345175769193,0.0044806997922435254
0.17960433651934973,0.1474794719806465,0.032124864538703224
0.11792003999756594,0.12660485353625806,0.008684813538692118
-0.00029156594163221445,-0.008960772599678118,0.008669206658045905
0.2448168331418053,0.25230276157314935,0.007485928431344047
0.3099836092744183,0.3021686128256069,0.007814996448811395
0.7760931008019808,0.7727012994020285,0.003391801399952321
0.9095509690756124,0.899985845818788,0.009565123256824348
-0.3582399008545256,-0.31920457305442934,0.039035327800096276
0.153343700132052,0.15912220804197466,0.005778507909922653
0.7792550777327045,0.7610592756073385,0.01819580212536598
-0.2753118766756235,-0.2591810137376765,0.01613086293794702
-0.5280587128365152,-0.5107422327777852,0.01731648005872999
-0.8873886058286349,-0.8720354859628433,0.015353119865791576
-0.5987525227088487,-0.5897820759615024,0.008970446747346261
-0.9219964780795901,-0.9154982808851232,0.00649819719446687
0.650954519831591,0.6570082108152105,0.00605369098361952
0.45193267797966546,0.4091164824018316,0.04281619557783384
-0.8715415068728242,-0.8519585535816229,0.0195829532912013
0.3156773010773861,0.32287224191879427,0.007194940841408148
0.0766472144282823,0.06454803068161342,0.012099183746668879
-0.3208068641595962,-0.32315774280895293,0.0023508786493567357
0.9012362137067506,0.8899509681937501,0.011285245513000475
-0.9463458857750648,-0.9332813691859565,0.013064516589108344
-0.9276866435771308,-0.9098547097599669,0.01783193381716397
-0.21270338419110432,-0.20423191510381078,0.008471469087293543
-0.5407537559843899,-0.5257201885737728,0.015033567410617121
0.5494555439881442,0.5405899299931067,0.008865613995037491
-0.6216280109692018,-0.6061575261750786,0.015470484794123274
-0.5157608391112798,-0.4716355905563525,0.04412524855492728
0.1231722300851516,0.11443162415788927,0.008740605927262335
-0.22060486121807318,-0.20502113627872026,0.015583724939352922
-0.7356754005382067,-0.7248099667048651,0.010865433833341598
0.910229294076609,0.8949323239132315,0.015296970163377499
-0.5828357048976622,-0.5846381504204992,0.0018024455228369263
0.005271558252640432,0.007732381371695055,0.002460823119054623
-0.3146301675697024,-0.32455918905043374,0.009929021480731326
0.5486795314050374,0.5244758585447978,0.02420367286023961
0.4914561609840123,0.49123117570722036,0.00022498527679193359
0.1669935826529016,0.1632457462224944,0.0037478364304071865
0.9436583071421628,0.9360229983144729,0.007635308827689924
0.9099759269341924,0.9002681707533546,0.009707756180837745
-0.2913029782527312,-0.28492483387580914,0.006378144376922079
-0.736076546084445,-0.7196269405154776,0.01644960556896735
0.5873148132693786,0.5724425307416295,0.014872282527749081
-0.3683901073776161,-0.3549434618788742,0.013446645498741916
-0.5153533885252441,-0.501422658274195,0.013930730251049184
0.6043845398256513,0.5944245323913249,0.009960007434326457
-0.9110020402148085,-0.8958667291097158,0.015135311105092697
0.4325697152477566,0.43527735934237094,0.0027076440946143254
0.9215643316310527,0.9052762945956484,0.016288037035404268
-0.4267102541093102,-0.3894925508383061,0.0372177032710041
-0.0408089297178001,-0.02493428780267322,0.01587464191512688
0.5350159225748501,0.5327315725713921,0.0022843500034579467
0.22854373454026397,0.23343491857142273,0.004891184031158763
0.9315222592216426,0.9161952236520715,0.015327035569571046
0.4264944657919976,0.42465904430968543,0.001835421482312194
0.9099772414725145,0.895158026495417,0.014819214977097483
0.7332729005830133,0.7144143531949476,0.018858547388065694
-0.544489323455982,-0.5463845587474775,0.0018952352914954895
-0.42971822728108744,-0.40591439893755493,0.023803828343532507
-0.24983152737031455,-0.25908547255426,0.009253945183945456
-0.4225476336491269,-0.42777319735491237,0.005225563705785474
0.8954448483793879,0.8801206643787995,0.015324184000588326
-0.9068664138590186,-0.8978789563288434,0.008987457530175158
-0.6708152278121854,-0.6548196682044628,0.015995559607722587
-0.11032838546235114,-0.11954715966025552,0.009218774197904372
-0.28402621065229766,-0.2782799592315812,0.005746251420716442
-0.43837592009813175,-0.4339854665343628,0.004390453563768937
-0.7059429103579155,-0.7069514278563197,0.0010085174984042489
-0.8654613983833138,-0.8545774410343395,0.010883957348974294
-0.23544995576888628,-0.2372531348419464,0.0018031790730601294
-0.8839718153326245,-0.8519682301905281,0.032003585142096336
-0.7059640242458174,-0.7058006472972467,0.00016337694857071483
-0.9479699680831724,-0.940759163518069,0.007210804565103368
0.9316379323681322,0.9245380919855487,0.007099840382583489
0.49024550480654194,0.4807503839985269,0.009495120808015067
-0.7752884532279734,-0.7606965235893227,0.014591929638650636
0.953619667547346,0.9400642903950629,0.013555377152283055
0.665654544323473,0.6642299265361539,0.0014246177873191712
0.9076982718591124,0.8978858875006016,0.00981238435851084
-0.40343431083783454,-0.4120695981115687,0.008635287273734138
0.7026489008482816,0.6955440656987812,0.007104835149500333
0.017228623317529463,0.02027176799173941,0.003043144674209946
-0.6245391780565176,-0.6055679505847781,0.018971227471739516
0.9226098125024939,0.9064547078963867,0.01615510460610714
0.8031993762703146,0.8042687596709283,0.0010693834006136882
0.06699950239765069,0.07231514583588544,0.005315643438234749
0.46843949790844275,0.46598421276177715,0.002455285146665598
-0.6347018135414425,-0.5893965188510938,0.04530529469034872
0.17040502781965652,0.16603376768999392,0.004371260129662602
-0.4209348204438879,-0.41128336594255477,0.009651454501333145
0.8502488775408483,0.8456167604528297,0.004632117088018584
-0.8951041872883417,-0.8675395070008536,0.027564680287488152
0.05913266458107939,0.05623994580506211,0.0028927187760172807
0.9351454641027084,0.9298724765224659,0.0052729875802425275
-0.9411524254491985,-0.9331864005945277,0.007966024854670795
-0.7404148415107833,-0.72997918249791,0.010435659012873244
-0.48406924759072095,-0.48986855863465784,0.005799311043936883
0.25443889941064074,0.26629777886575945,0.01185887945511871
-0.6265412263191557,-0.6338098893368375,0.007268663017681809
-0.5024687943811609,-0.5052748806680485,0.00280608628688761
0.4684657735181959,0.46526108619343054,0.003204687324765365
0.3767280154392243,0.36973362203918764,0.006994393400036658
0.4792286841907179,0.4721154667074776,0.007113217483240286
0.46379555243592147,0.44706027594058934,0.01673527649533213
-0.21133702657716097,-0.2176358276758131,0.006298801098652135
-0.943639246563282,-0.9363397087580714,0.007299537805210643
0.02099397090234051,0.0323813412222255,0.011387370319884994
0.4472865793032408,0.4318137743937104,0.015472804909530402
0.941255025464086,0.9264383405522808,0.014816684911805211
-0.06878970849335335,-0.09462245275799691,0.025832744264643562
0.60662264576541,0.6139242804750846,0.007301634709674598
-0.39679830921559106,-0.3801572946330813,0.016641014582509772
-0.6426585935243228,-0.6412171462723129,0.0014414472520098975
-0.17222671991372546,-0.17744069248336275,0.005213972569637293
0.5811825259246575,0.5491593711735692,0.0320231547510883
0.21283746308671975,0.2218950228079852,0.009057559721265457
-0.004243580437392678,-0.012756067205706604,0.008512486768313926
0.8301870550669755,0.8192243871360826,0.010962667930892955
0.43674676771708343,0.43018051224419657,0.006566255472886862
0.785470413702466,0.7676376179097189,0.017832795792747103
0.9383056942016601,0.9288977076729116,0.009407986528748524
0.6374330567897455,0.6192868097255063,0.018146247064239174
0.45056329648314525,0.437158084501143,0.01340521198200223
0.44496991279180986,0.43037041780783886,0.014599494983971006
-0.1760094962968726,-0.17842502484145695,0.00241552854458435
0.8371138012716092,0.8286577018946987,0.008456099376910498
0.8942574253323184,0.8865554121736062,0.007702013158712218
0.35908018253993806,0.31908287129847773,0.03999731124146033
0.9194947963460139,0.8995914803576187,0.01990331598839523
-0.5538815339609279,-0.5355975060169932,0.01828402794393469
0.9371204585542711,0.9249499834073232,0.012170475146947912
-0.8742759193141855,-0.8643685601342114,0.009907359179974096
-0.5179338955238921,-0.5034407199432239,0.014493175580668205
-0.47739075731523495,-0.48476602053572254,0.007375263220487593
-0.7677872211915441,-0.7555872655986148,0.012199955592929301
0.7368238130124435,0.7349994543563947,0.0018243586560487968
-0.2082547431365949,-0.20961890553447454,0.001364162397879648
-0.012426137640280492,-0.014954813469698269,0.002528675829417777
-0.22266866861666543,-0.2191219623668714,0.0035467062497940294
0.4762875303850587,0.4734316791959116,0.0028558511891471072
0.38356987979233426,0.3818120528974903,0.001757826894843939
0.39398267707621765,0.39508006834900117,0.0010973912727835211
0.9367170216851999,0.923493950266098,0.01322307141910184
0.031183554086201867,0.03264737708535747,0.001463822999155602
0.9304970689637035,0.9117416287461925,0.018755440217511077
-0.3767329674871407,-0.36729919705160685,0.00943377043553384
0.08375208941880295,0.0893940096129043,0.005641920194101341
0.2404992103024975,0.233930142635057,0.0065690676674405035
-0.3924214803860254,-0.40044592443905536,0.008024444053029933
0.4452407494977184,0.4520182705756985,0.006777521077980075
0.536556778058564,0.5278609271858637,0.008695850872700306
0.07325352487645197,0.042944984327541194,0.030308540548910773
0.7761849077611367,0.772054253404346,0.0041306543567907195
0.9407650072380047,0.9247066736797752,0.0160583335582295
0.7582594144400985,0.760740460843632,0.0024810464035335267
0.8061610294533204,0.7885294592522915,0.0176315702010289
-0.9426513875529634,-0.9330352217257153,0.009616165827248113
0.8685961295311777,0.8593789564003674,0.009217173130810274
0.062066330972372685,0.050404016587735655,0.01166231438463703
0.9132959082291747,0.9032404171261335,0.01005549110304127
-0.6332117062660781,-0.6373380338786483,0.0041263276125701465
0.4119909868432623,0.40528986980295545,0.006701117040306848
-0.6824934290273489,-0.6819649135087803,0.0005285155185685841
-0.3548545555720019,-0.36305945498642067,0.008204899414418765
-0.007365755421828998,-0.009434568133202708,0.0020688127113737105
-0.24424054986634464,-0.24264752788546826,0.0015930219808763801
-0.8416597764890021,-0.8331214206973756,0.00853835579162654
0.012628281116598888,0.00322247219759691,0.009405808919001979
-0.6098012695559615,-0.6104210973962245,0.000619827840263043
0.3303854472672587,0.329774302984213,0.0006111442830457059
0.062065776244432436,0.059409451283398584,0.0026563249610338513
-0.5994284382810221,-0.5992837545920389,0.00014468368898323813
0.7932290468029243,0.7736314996606342,0.019597547142290117
0.27682088900084906,0.29393100891602764,0.01711011991517858
0.06801217630867376,0.07062050498707684,0.002608328678403077
0.8541161630067324,0.8433548414555412,0.01076132155119125
-0.6402735016057223,-0.6252533615019621,0.015020140103760182
0.9069839687044567,0.8867675608819166,0.020216407822540194
0.9305834510821224,0.9118064263327966,0.018777024749325744
-0.902450367324335,-0.8961905693857506,0.006259797938584444
-0.2541386340143338,-0.27465804974716884,0.020519415732835056
-0.7926527849168621,-0.7906200927792388,0.0020326921376232487
-0.9135474813300837,-0.8986778690031205,0.014869612326963155
0.08716128506763472,0.0769457675089287,0.01021551755870602
0.34933892333069866,0.35791988870628916,0.008580965375590499
-0.24527750117658229,-0.24888826323719143,0.003610762060609146
-0.0800312171912729,-0.10008332354345202,0.02005210635217912
-0.9288535589836074,-0.9180230692514827,0.010830489732124748
0.04719031297269007,0.04603789450301544,0.0011524184696746348
0.8157225714567863,0.7984453353910931,0.017277236065693202
0.6872465311540082,0.6947821536333323,0.0075356224793240445
0.6071435672932356,0.5934480967911762,0.013695470502059437
0.5381641461283981,0.5408983361148456,0.0027341899864474772
0.8962352601661229,0.8814906083103586,0.014744651855764235
0.373709672884746,0.3757595275124821,0.002049854627736103
-0.6563518576681922,-0.6513884910967023,0.00496336657148988
0.693962932003613,0.6874666472625928,0.006496284741020264
0.025129298677814837,0.012152255703120915,0.012977042974693922
0.027886557592328578,0.031337456476715375,0.0034508988843867973
0.9213159641997686,0.9103073567023758,0.011008607497392742
-0.8215801374234626,-0.815047750480017,0.0065323869434456006
-0.912569167292928,-0.8994294636111505,0.013139703681777526
0.09877823340310382,0.10229540674791748,0.003517173344813662
0.8291546691123028,0.8097253592300324,0.01942930988227043
-0.39663305673940275,-0.40381472992765916,0.00718167318825641
-0.9434473597059251,-0.9277829703815117,0.015664389324413386
0.2010224250810963,0.20371550622766887,0.0026930811465725735
0.8014723017203619,0.7990735754449937,0.0023987262753681904
-0.96151664641951,-0.9476919586615353,0.01382468775797463
-0.7985189042729947,-0.7756218651818114,0.022897039091183236
-0.5915197845451797,-0.5801524811556925,0.011367303389487216
0.7326664430236589,0.7251567397676896,0.0075097032559693355
0.2822651930452348,0.26645795313163995,0.01580723991359484
0.7150043370989336,0.7089702025872584,0.0060341345116752265
0.430414591885799,0.4262258821122135,0.004188709773585486
-0.7391019298669947,-0.7386682795161529,0.0004336503508418632
0.8772758192976413,0.8717964104017706,0.00547940889587073
-0.39243282352390396,-0.38169193496923176,0.010740888554672201
-0.8230459302379297,-0.8175954405374639,0.005450489700465799
-0.10773603339405796,-0.11489819255612842,0.0071621591620704556
0.40899241055495894,0.4069919640758129,0.0020004464791460452
0.12180916705196895,0.10914834228896614,0.012660824763002815
0.6912301743054751,0.6954662223132577,0.004236048007782656
0.8615033683976063,0.8485870244186245,0.012916343978981781
-0.677652576854812,-0.6784556469937258,0.0008030701389138972
-0.9462398803585125,-0.9262543689861973,0.01998551137231519
-0.3101150364644311,-0.29779722119130814,0.012317815273122978
-0.8666032579770612,-0.8596402693843588,0.0069629885927023905
-0.14894198996395744,-0.11674654467178947,0.03219544529216797
0.5922669902278423,0.5846460997224954,0.007620890505346978
0.9182134859558458,0.9043919382852773,0.013821547670568535
0.9391036182112185,0.930889892438092,0.008213725773126512
0.6479081188864622,0.6459551818491835,0.0019529370372786126
0.7132194779772487,0.705336079420474,0.007883398556774668
-0.45155354168498424,-0.44065916841179303,0.010894373273191205
-0.14837871829719315,-0.14015897400846147,0.008219744288731679
-0.42955462181798604,-0.43171534358833374,0.0021607217703477066
0.7041351733061127,0.6947159945878082,0.009419178718304555
-0.870700871868299,-0.8630172102315599,0.00768366163673917
0.7409010920963839,0.7281406008607775,0.012760491235606408
-0.09574029404963602,-0.074655572071367,0.021084721978269022
0.3799854503021703,0.38207374414252737,0.0020882938403570805
0.042326442376481324,0.034488362747187154,0.00783807962929417
-0.8819364687371795,-0.8609306850440722,0.02100578369310724
0.3975663796312003,0.3867620592072131,0.010804320423987157
0.7469231803067536,0.7385828106270806,0.008340369679672999
-0.1304707831400992,-0.1314550079900029,0.0009842248499037087
-0.35654097242500155,-0.33955334688240657,0.016987625542594975
-0.6247468703802853,-0.6077661217275897,0.01698074865269561
-0.6988460136621241,-0.6978254987124761,0.0010205149496479438
-0.9479429638291594,-0.936793107044127,0.011149856785032441
0.3351032208191385,0.3283786713446835,0.006724549474454999
-0.39764729090593204,-0.38071921831217126,0.01692807259376078
-0.8964690099111693,-0.8728490033030688,0.023620006608100486
-0.6100414615842161,-0.6081555557150075,0.0018859058692086705
-0.14410387118893786,-0.1400282973288418,0.004075573860096049
-0.9264117677275859,-0.9195336777207843,0.006878090006801618
-0.7813272276687944,-0.7658273167480327,0.01549991092076164
0.6936595224774827,0.6968581203469433,0.003198597869460529
-0.44746864796386093,-0.43162052301652437,0.01584812494733656
-0.3906026686172768,-0.3831931636506151,0.007409504966661706
0.19992282740113593,0.20074113024765344,0.0008183028465175157
-0.9033853583004996,-0.8917421250382246,0.01164323326227501
0.6520353223133165,0.6343085122589898,0.017726810054326747
0.416926821584211,0.40604969361897225,0.010877127965238764
0.5785263973059481,0.561137210146315,0.017389187159633113
0.9124761706226101,0.897644267978558,0.014831902644052097
0.4196811887863722,0.43014060060704096,0.010459411820668785
-0.45798937205621915,-0.44573436463356514,0.012255007422654007
0.7083372213103393,0.7080382781007273,0.0002989432096119904
-0.8376981542380066,-0.8193022673910445,0.01839588684696214
0.6963327718592925,0.6778173536864845,0.018515418172807996
-0.5424570159664436,-0.5355729696857973,0.0068840462806463165
0.4915334512307134,0.47837680052750725,0.013156650703206152
-0.03067727967771028,-0.03929374095432238,0.0086164612766121
-0.5051502831114508,-0.48899895484795936,0.01615132826349147
0.7888465986372897,0.7817291243415616,0.007117474295728066
0.5451656074737672,0.5499126912326985,0.004747083758931292
0.416926792192825,0.40355883074502985,0.013367961447795174
0.9629115196438737,0.9419187341919679,0.02099278545190575
0.884008332051034,0.8581811970700917,0.025827134980942357
0.5341603873367983,0.5200652830177533,0.014095104319044927
0.8413418986690258,0.832030349422688,0.009311549246337703
0.48417029570536096,0.47544574564452124,0.00872455006083972
0.882878880640699,0.8777500765783381,0.0051288040623608255
0.5380216441510526,0.5248844727628051,0.013137171388247437
-0.9236808432530572,-0.9053904799954154,0.018290363257641773
0.7167780266269361,0.7060365939218246,0.01074143270511152
0.7807626809772323,0.7765402700885603,0.004222410888672035
-0.9262564808183633,-0.9263209546511608,6.447383279750696e-05
-0.7002263752708955,-0.69062081804065,0.009605557230245476
0.7983302609590187,0.7887700500868088,0.009560210872209929
-0.7144181515813515,-0.7055770041540794,0.008841147427272045
-0.8252425871601212,-0.8222805875753643,0.002961999584756958
-0.2570613864397141,-0.2414135550959894,0.01564783134372469
0.9230897377398538,0.9043868995452242,0.01870283819462959
-0.9581805721149702,-0.9474706040848574,0.010709968030112815
0.6920221939189856,0.6820540156024892,0.009968178316496323
0.6818867738108962,0.665391597166195,0.016495176644701237
0.8245671445115272,0.8050979771981484,0.019469167313378888
0.38010238023901033,0.36502558236722077,0.01507679787178956
-0.6577695486797118,-0.639687005537161,0.018082543142550866
0.44889223833515407,0.44520331181498624,0.0036889265201678345
0.7375678700265929,0.7315794779814997,0.0059883920450931605
-0.6601461204771693,-0.6421627175205864,0.01798340295658285
-0.44984153412383027,-0.44613865060898933,0.003702883514840938
0.6592023829592087,0.6503311004584269,0.00887128250078184
-0.2518561435736832,-0.24158672081143948,0.010269422762243713
0.940970131377318,0.92505245142706,0.015917679950257946
0.8242724819621189,0.8097980697288952,0.014474412233223655
-0.9141906128963494,-0.9077243321369317,0.006466280759417686
0.6609216866452033,0.6385117778136864,0.022409908831516945
-0.7355557204586877,-0.723843392687704,0.011712327770983633
-0.7808032786638976,-0.7790261498323162,0.0017771288315814315
-0.9070422217515889,-0.9014954706035527,0.005546751148036155
0.943097359270082,0.9348344966143012,0.0082628626557808
-0.7141241764477698,-0.6940850013059013,0.02003917514186848
-0.3588709078263908,-0.3696536597565608,0.010782751930169976
-0.6757101543813672,-0.6636058795421673,0.012104274839199847
-0.7288238337528208,-0.729696875717151,0.0008730419643302456
-0.936443288106496,-0.9190755858515434,0.017367702254952655
0.07544793663824646,0.08005104026681976,0.004603103628573302
0.7011571016192018,0.6879680057886308,0.01318909583057093
0.6728714657133577,0.6548983525292941,0.017973113184063583
-0.09501006949138326,-0.10633144100432791,0.011321371512944656
-0.3930998958922443,-0.3989196208305275,0.0058197249382831995
-0.5528122479860638,-0.5426861683119067,0.010126079674157018
0.9298846700506401,0.914047309538408,0.015837360512232168
0.8066541987352773,0.808787242089794,0.002133043354516695
0.7533713760748627,0.7457477638800765,0.0076236121947862445
-0.8755817931840856,-0.8703581811361638,0.005223612047921766
-0.3427016160034348,-0.3473217039133526,0.004620087909917803
-0.2504444768135263,-0.24193675177451626,0.008507725039010011
-0.25383309498642653,-0.2522484898404255,0.0015846051460010058
0.2164575840657634,0.22192635185585968,0.0054687677900962794
-0.7989415462486563,-0.7926038108792742,0.0063377353693820915
-0.8535873370849575,-0.838981505644276,0.014605831440681505
-0.9156906154609743,-0.9094708258733767,0.006219789587597613
0.6463296301673654,0.6384177879209042,0.007911842246461243
-0.9415172133694225,-0.9308371729321575,0.010680040437265004
0.9187217920004299,0.9103118315261644,0.008409960474265565
0.6415092067146916,0.6258019751568527,0.01570723155783893
-0.6764690063522122,-0.6606974955971083,0.015771510755103857
0.8511497763105249,0.8329900662720213,0.018159710038503585
0.4989089340159293,0.4917760609014843,0.007132873114444993
0.9319352511867403,0.9230489002222536,0.008886350964486645
-0.6587984098279477,-0.6526738395480298,0.0061245702799178625
0.3609926327526499,0.3635925099615186,0.002599877208868673
0.6020644690330026,0.6069433769402174,0.004878907907214791
0.866364367832242,0.8538818737395107,0.012482494092731278
-0.8648805312467135,-0.8537486475821401,0.011131883664573405
-0.3206093166316496,-0.3066810510300805,0.013928265601569123
-0.883532880496843,-0.8693998218896739,0.014133058607169069
-0.40331982952901646,-0.41145010433299184,0.00813027480397538
0.8641196341530871,0.8547024005611032,0.009417233591983876
-0.9419505003122045,-0.9241621825803708,0.017788317731833758
0.9691396385758149,0.9620547207682689,0.007084917807545943
0.10063013793046184,0.07843046132243243,0.022199676608029406
-0.9409642109881188,-0.9302374317507169,0.01072677923740184
0.7740139574049473,0.76625796631807,0.007755991086877301
-0.4444999525544334,-0.4585864058411399,0.01408645328670649
-0.8391602684529023,-0.8348876415233829,0.004272626929519352
-0.8689037210203544,-0.8649411342314376,0.003962586788916811
-0.7596499188606376,-0.7498066362472441,0.009843282613393511
-0.6613314216936248,-0.6588716652248708,0.0024597564687539597
0.8767804035032366,0.8580215126615216,0.018758890841715004
0.9380485906330036,0.9296895208346881,0.008359069798315466
0.6987303858249149,0.6802620805125141,0.018468305312400735
-0.6644293374666537,-0.6649820135049839,0.0005526760383302021
0.3510527713782166,0.3559537320779755,0.004900960699758872
0.8979688532251748,0.8851392654100414,0.012829587815133436
0.26949653802501083,0.26960372713060565,0.0001071891055948182
0.9626961723680457,0.9519173635409524,0.010778808827093367
0.43405027932354745,0.43603293631974704,0.0019826569961995943
0.8930932490094177,0.8818674190169502,0.011225829992467462
0.7982549269267615,0.7790440646742656,0.01921086225249591
-0.5403364380352039,-0.5218073551316977,0.01852908290350619
0.8510188760956626,0.8385804564101328,0.012438419685529833
-0.880556672407498,-0.8641064634939025,0.0164502089135955
0.9444477201377126,0.9368318122951463,0.007615907842566272
-0.6079924501579261,-0.6109596979865979,0.0029672478286717485
-0.943221312580381,-0.9307859892665331,0.01243532331384789
-0.842409851657527,-0.8271231034336306,0.015286748223896418
0.4341468320097179,0.43203511593949506,0.0021117160702228133
0.5204276889704524,0.518655924596203,0.0017717643742494182
-0.8633598311408975,-0.8595684913126921,0.0037913398282054533
0.90533741764183,0.8908667544768197,0.014470663165010222
0.15421715897951643,0.16206496455747207,0.007847805577955641
-0.1852982575490549,-0.19460387852606192,0.009305620977007018
-0.34339416850539556,-0.3505589737203593,0.007164805214963765
0.7052482706463973,0.6982013841993172,0.00704688644708007
-0.9430957299651598,-0.9223407875574137,0.020754942407746113
0.10160510616478403,0.10840219812777582,0.006797091962991789
0.889249845004294,0.8769321017437399,0.012317743260554126
0.3576341700191757,0.35940890567357575,0.0017747356544000614
0.8812170860140933,0.8661242742666425,0.015092811747450807
0.7851571808455395,0.776808152220521,0.008349028625018518
-0.4844026038862261,-0.46659865735147743,0.01780394653474865
0.6385524090015989,0.60583903567313,0.03271337332846891
-0.8167464681431137,-0.8146661752883596,0.0020802928547540844
-0.5158844919949747,-0.5183611557786736,0.002476663783698929
0.4902360147703981,0.48672133528233824,0.0035146794880598353
-0.8737990843599766,-0.8591324554426035,0.014666628917373026
0.6337079913731709,0.613911727750689,0.01979626362248188
0.2692545761891124,0.26343320071360987,0.005821375475502544
-0.767220450452216,-0.7647305075615011,0.0024899428907149135
-0.474088326042472,-0.4592254599669903,0.014862866075481651
0.736462407527423,0.7264809823405195,0.009981425186903481
0.5285959880738115,0.5083187725381492,0.020277215535662307
-0.2177599830817181,-0.23906495497828406,0.021304971896565966
0.9794633288310305,0.9668418304827902,0.012621498348240334
-0.6509414313508916,-0.6300520257552852,0.02088940559560637
0.8724505894846402,0.8721327193696639,0.00031787011497630413
-0.961289605853297,-0.9512693186936569,0.010020287159640096
-0.7134751579038883,-0.7098687624777464,0.0036063954261418285
0.3196248767616114,0.32353223687764465,0.003907360116033265
-0.38302171881133834,-0.3950086632305645,0.011986944419226153
0.7370223938483176,0.7367959036439091,0.00022649020440845824
-0.5054234078351952,-0.5114280605192747,0.006004652684079459
-0.7748143512101898,-0.7614767902208379,0.013337560989351904
0.8364559060934016,0.8373160593592209,0.0008601532658193412
-0.06623720783203249,-0.07248504617690785,0.006247838344875356
0.5480612309530456,0.5318203249623529,0.016240905990692722
-0.1769712565378909,-0.18558541144317448,0.008614154905283583
-0.3026469912769571,-0.31005384364927085,0.007406852372313755
0.5877557971179421,0.5558051415895124,0.03195065552842968
0.06363209916187361,0.05090035287352222,0.012731746288351387
0.5162851729732861,0.506059006558033,0.01022616641525309
0.8428174530645767,0.8114630131824834,0.0313544398820933
-0.49482528449001145,-0.4979663002564398,0.0031410157664283345
0.7051808132621602,0.696129388838764,0.009051424423396237
-0.23057231737830916,-0.22582368430496463,0.004748633073344527
-0.35761829510915877,-0.3625863099357984,0.004968014826639611
0.9389446126746612,0.930086049110531,0.008858563564130173
0.9434661109523059,0.9346769120065336,0.008789198945772347
-0.5009655178038558,-0.503592838192607,0.002627320388751242
-0.9435660088683435,-0.9353881003991394,0.008177908469204076
-0.3698941256021052,-0.3750276147570198,0.005133489154914572
-0.36681893066755816,-0.35302178061806905,0.013797150049489115
0.8841553477067884,0.8683972050060108,0.015758142700777578
-0.5163308795591118,-0.5051300233925199,0.011200856166591944
-0.8655082075279831,-0.8519630017515117,0.013545205776471336
-0.17350974536018254,-0.16351557246086565,0.009994172899316894
0.5198376980815835,0.5174400905622872,0.0023976075192962965
0.5670974089435366,0.5671255730165963,2.8164073059722128e-05
0.3852074301618812,0.37114165239372837,0.01406577776815282
0.5896165254664224,0.56630701869984,0.02330950676658239
-0.813113733511054,-0.8006488711846849,0.01246486232636912
-0.43749897438548174,-0.425556017289816,0.01194295709566573
0.8937270847917168,0.8835211131655165,0.010205971626200294
-0.5559964647512364,-0.5586365278014748,0.0026400630502383393
0.5292473224809924,0.5252987618182583,0.00394856066273408
-0.39963909360983907,-0.40009952286669326,0.000460429256854189
0.2356260634987709,0.24477616319486614,0.009150099696095232
-0.9405624022538391,-0.9257576744285182,0.01480472782532094
-0.5223237923964836,-0.5105008858319126,0.011822906564571078
0.9489420191844175,0.9444649901752277,0.004477029009189781
-0.2891405840748045,-0.2744588033037558,0.014681780771048647
0.9427595668289384,0.9248922271152181,0.01786733971372023
-0.5137087968358431,-0.5162303733418748,0.0025215765060316864
-0.4833212771677869,-0.48747797066986803,0.0041566935020811435
0.9347330717391621,0.92884182145276,0.005891250286402139
0.7051887439941568,0.6873271622023162,0.01786158179184061
-0.7775327148012425,-0.7725554588189001,0.004977255982342443
-0.8121401916105322,-0.7996933619767231,0.012446829633809053
0.3695623595820456,0.37229286828613456,0.002730508704088974
0.4879517706846316,0.488125970098721,0.00017419941408941542
-0.3421262386518839,-0.3520021517193335,0.009875913067449615
-0.9231210249331867,-0.9145094986376825,0.008611526295504213
-0.7695781752328407,-0.7627146181466034,0.006863557086237315
0.23187208692583397,0.21851936778974226,0.013352719136091706
0.923229808635835,0.9216187411857721,0.0016110674500628974
-0.7202558802274567,-0.6886171187011954,0.03163876152626133
0.9417323904403628,0.9245452500335763,0.017187140406786483
0.5242402424466648,0.5282017726538165,0.003961530207151731
-0.04189829344709389,-0.03160591490421269,0.010292378542881203
0.11030941898770585,0.12218505787599898,0.011875638888293127
-0.21008914996238404,-0.21938625929430186,0.009297109331917824
-0.02007359746939419,-0.021058363562893652,0.0009847660934994631
0.5514816528164423,0.5350708657565826,0.016410787059859766
0.0636808895461223,0.07446743301601,0.010786543469887694
0.3248509786267108,0.3415671290009028,0.016716150374191996
-0.909000003431598,-0.8861376294846682,0.022862373946929804
-0.14067189145681222,-0.11867790154424596,0.021993989912566264
0.9095601228939783,0.8968431492511796,0.012716973642798668
0.6373973384593428,0.6428722864614725,0.005474948002129776
0.7922196592125074,0.7419462520331033,0.050273407179404095
0.6656657393496672,0.6518824818964957,0.013783257453171549
-0.47708145876636443,-0.46921450567262896,0.007866953093735474
0.5056814517313873,0.48849329339073455,0.017188158340652793
-0.2784206691849362,-0.2867584556165653,0.008337786431629135
0.7399589437162312,0.7297636190555329,0.01019532466069828
0.38444341663607895,0.39183635859247545,0.007392941956396504
0.7817229783159712,0.763608620800056,0.01811435751591517
-0.5547306548566995,-0.5568740828650734,0.002143428008373971
0.1357023481965249,0.14438553480478666,0.008683186608261756
0.013367062960698574,0.02464559179298565,0.011278528832287077
0.04112789346446588,0.04572667363044443,0.004598780165978547
0.5199369236326981,0.5293403496272325,0.009403425994534476
-0.943642031056185,-0.9335116773282957,0.010130353727889396
0.6258071756805216,0.6172549030310545,0.008552272649467119
-0.4955986005551017,-0.4793993558956231,0.016199244659478584
-0.2089710484767216,-0.2027212932074739,0.006249755269247703
-0.34569632933464894,-0.3499171995429481,0.004220870208299143
0.9301189284955399,0.9152604428271153,0.014858485668424626
-0.7392548963900527,-0.7271940871612602,0.01206080922879249
0.5277148297169685,0.5245211184332246,0.0031937112837439052
-0.9293455474858329,-0.9210109800798804,0.008334567405952509
-0.9353269174679493,-0.9244218957905733,0.010905021677375948
-0.9056931639487957,-0.8997602126045784,0.005932951344217341
0.6272862327328197,0.6377582875018032,0.010472054768983496
0.2531886525415814,0.23440841225374795,0.018780240287833455
0.8882125007187524,0.8743676762822483,0.013844824436504033
-0.49441613438541737,-0.4778708649239402,0.016545269461477163
0.8407984230652642,0.8311185394078948,0.009679883657369381
-0.058553196668423325,-0.060327679196059976,0.0017744825276366505
-0.8105099739231416,-0.8000681388032617,0.01044183511987995
-0.6118706848867672,-0.5977456037072695,0.014125081179497734
0.17120625051090138,0.19715778245811938,0.025951531947218
0.3393931525658263,0.34564391926833854,0.006250766702512234
0.21786633925118273,0.22399633720636075,0.006129997955178018
0.8079350462654985,0.7825214160550708,0.02541363021042775
0.0878108546746263,0.09717639216999382,0.009365537495367518
-0.1003115600730702,-0.12012533931397892,0.019813779240908727
-0.8729625749987854,-0.8687748973501129,0.00418767764867245
-0.7007794167509573,-0.7003344021621513,0.0004450145888060808
-0.45277786853471574,-0.4420503653704283,0.010727503164287444
-0.21114680074436146,-0.1991595384374423,0.011987262306919155
-0.8601987043986898,-0.8533608230703282,0.006837881328361606
0.9393911372967778,0.9226951357421507,0.016696001554627138
-0.7651149246068667,-0.7628167635358503,0.0022981610710164357
-0.6073306232575231,-0.5966046909179537,0.010725932339569422
-0.9430933607490043,-0.925858474455331,0.017234886293673313
0.1441949821941256,0.149231819002065,0.005036836807939399
-0.57335601635189,-0.5572932565581736,0.016062759793716408
0.3323150868195353,0.33048907895667107,0.0018260078628642429
0.8441677556244648,0.8410483705851125,0.0031193850393522737
-0.8757523599145332,-0.8563133731425797,0.019438986771953437
-0.9147448751593981,-0.8960164403692819,0.01872843479011621
0.5149474616497824,0.5203060157837888,0.005358554134006321
-0.6932104677197801,-0.6735265446323411,0.019683923087439048
0.9035823575274953,0.8985859348611518,0.004996422666343481
-0.8586669961712065,-0.8543035942975827,0.004363401873623718
0.6212879890003986,0.6231034980654994,0.001815509065100751
-0.8301719241166264,-0.8145575854640018,0.015614338652624626
-0.8930199970905086,-0.8839138309620915,0.009106166128417081
-0.7990958081445815,-0.8003436819003376,0.0012478737557560793
0.8457027836365472,0.835059157226436,0.010643626410111184
0.05913861721334042,0.06723233619170346,0.008093718978363043
-0.7860998505398764,-0.7729794518460509,0.01312039869382553
-0.6928299526978822,-0.6747936273082238,0.01803632538965838
0.8392074363394604,0.8303521928436672,0.008855243495793141
-0.4988663219436016,-0.4839790589830155,0.014887262960586067
-0.9269152660906437,-0.9175132785316455,0.009401987558998126
0.7799286492237375,0.7673329621869134,0.012595687036824121
0.8771014060882435,0.8608890334486086,0.01621237263963493
-0.650704491723215,-0.6642603428489956,0.013555851125780616
0.09600150545991493,0.07084488572386899,0.025156619736045938
-0.4058933489547498,-0.38215453919648507,0.023738809758264756
-0.9143110782120957,-0.9035112763219769,0.010799801890118754
0.5963698357680651,0.5546865303248786,0.04168330544318655
-0.9117321303447878,-0.9063484241857637,0.005383706159024171
0.4601542513150654,0.4464723176957378,0.013681933619327569
0.2734837737106121,0.26021163677048875,0.013272136940123358
0.07381556264153198,0.07815488815477716,0.004339325513245174
-0.10157498388795583,-0.08972149415492792,0.011853489733027911
-0.9292988740001872,-0.9163587064627291,0.01294016753745808
0.512118751280726,0.5100760483000506,0.002042702980675437
-0.20205623825674476,-0.1863106350193977,0.015745603237347056
-0.09739070126777451,-0.08899099251558934,0.008399708752185167
0.4940412169154404,0.4917915736195688,0.002249643295871573
-0.9670051644219736,-0.9508596584886164,0.016145505933357174
0.8560227310770184,0.8438628983351517,0.012159832741866716
-0.36478637272651476,-0.37447486568240174,0.009688492955886974
0.4588193298089415,0.4430015452586928,0.015817784550248737
0.7308710446309794,0.7218418551880175,0.009029189442961938
-0.8020740587148707,-0.7991579398221372,0.002916118892733466
0.7244442267961991,0.7042945062477539,0.020149720548445216
-0.3172101458995527,-0.33424289448452393,0.017032748584971225
-0.9489842890746991,-0.9357705990570039,0.013213690017695234
-0.16730481746963174,-0.14978882191027257,0.017515995559359177
-0.3258764313598021,-0.31154443051189945,0.014332000847902648
0.13968115026695305,0.1356304920218979,0.004050658245055155
0.18679884773904842,0.1821358924853429,0.004662955253705525
-0.28058763204217574,-0.28782660977002494,0.007238977727849205
-0.8635910134726261,-0.8394924284261734,0.02409858504645268
0.6089616970509376,0.6026246854136239,0.006337011637313705
0.36646953780309915,0.3689115708373934,0.0024420330342942442
0.634756453978227,0.6178824766830974,0.016873977295129627
0.3159072726371746,0.32104028488331465,0.005133012246140045
0.7018499303507164,0.7024401048672193,0.0005901745165028949
-0.5351771685729266,-0.5386456149978626,0.0034684464249359337
-0.26699858980052915,-0.2689819441190607,0.001983354318531527
0.3530193110988729,0.3329151893355543,0.020104121763318605
-0.9391207683127155,-0.9267695707386896,0.012351197574025918
0.9451225269419916,0.9361517832727109,0.008970743669280745
0.13890176525491393,0.14026477155135397,0.0013630062964400391
0.006233783356578418,0.01658291060986409,0.01034912725328567
0.6844831465659078,0.6727369059268062,0.011746240639101568
-0.5186368579877905,-0.5159608109763998,0.002676047011390681
0.8996366639373405,0.8781212395164713,0.02151542442086929
-0.1388336302367887,-0.13872745319441632,0.00010617704237239622
0.6022892595000439,0.6038395023852069,0.0015502428851630334
-0.77973379394806,-0.749673174355184,0.03006061959287598
-0.5381887923580589,-0.5191664910894082,0.019022301268650788
0.7713463717400673,0.7676820490304835,0.0036643227095837227
-0.4417257074699155,-0.420690076504561,0.021035630965354546
0.8794086080486255,0.8727597544317004,0.006648853616925132
0.39318850233909214,0.38028074203299606,0.012907760306096083
-0.7474689427485589,-0.7157572206899675,0.03171172205859141
0.9434694534367173,0.9279672540302063,0.015502199406510986
0.9632578484845323,0.9509622903243438,0.012295558160188569
0.4886804081077585,0.47965391455224876,0.009026493555509718
-0.9059766649538181,-0.8976861845636765,0.008290480390141575
-0.7513558534001388,-0.7487159094537393,0.0026399439463994367
0.46768852807231126,0.48031677545766677,0.012628247385355507
0.7510640003386259,0.7297273331014326,0.021336667237193296
0.5477007446875984,0.529804347350582,0.017896397337016423
-0.9460669941554088,-0.9340098567429119,0.012057137412496921
0.7448546012685456,0.7418793350937227,0.0029752661748229103
-0.5316312259479153,-0.5175385775644302,0.014092648383485118
0.6304112849736236,0.6071802891252264,0.023230995848397273
-0.5939262312535409,-0.5874241211617743,0.0065021100917666
-0.3623652550109789,-0.3496912884450382,0.012673966565940664
0.639326345935282,0.6316066345540026,0.00771971138127947
0.7445321306245172,0.7421190331050772,0.002413097519439966
-0.010099862235016495,-0.014560674396505824,0.004460812161489329
-0.15873672536298442,-0.15071465676160492,0.008022068601379495
0.8585299992890656,0.8383974240301577,0.02013257525890788
0.8771911006907551,0.8391172419725041,0.038073858718250975
0.018949477186830193,0.03822791706642077,0.01927843987959058
-0.6856529497599901,-0.6834031415860237,0.002249808173966472
-0.44862926902822664,-0.4465340553533413,0.0020952136748853545
-0.901066967809522,-0.8943616879155054,0.006705279894016591
-0.22379143589517222,-0.2314949949471323,0.007703559051960074
0.8397218600485669,0.8295674198470389,0.010154440201528003
0.8794548703172987,0.8617419377346912,0.017712932582607532
-0.2577440153047098,-0.2399121508196206,0.017831864485089194
-0.8984741645517127,-0.8930333516428284,0.005440812908884318
-0.14351729617857467,-0.15212020783603625,0.008602911657461576
0.9124643649408725,0.8982181743790416,0.014246190561830852
0.4317777269308763,0.4278566893811722,0.003921037549704076
-0.8621522540149698,-0.8447310274505923,0.0174212265643775
0.2573902167544301,0.2611143381437227,0.003724121389292623
0.5296038730670711,0.5312621733863379,0.0016583003192667256
0.828467445548644,0.8156417876651059,0.012825657883538177
-0.7109338903249526,-0.694289309832156,0.0166445804927966
0.9824715722784426,0.9741509230315399,0.008320649246902678
0.44412999018448834,0.4446136911592498,0.00048370097476146956
-0.46281133736283386,-0.44983651355204857,0.012974823810785296
0.7691089849456155,0.7652730771406794,0.003835907804936145
-0.9697934869271921,-0.9491257273443995,0.020667759582792655
-0.1556399347245114,-0.15869281885851466,0.0030528841340032586
-0.8061260538410467,-0.7733284842965218,0.03279756954452495
-0.6159032785292783,-0.6166399284249613,0.0007366498956830059
-0.825464500188467,-0.8126437051100941,0.01282079507837286
-0.45114899657580343,-0.45561468237828767,0.004465685802484243
-0.2783636851166592,-0.2858375061473125,0.007473821030653305
-0.766199181623113,-0.7573496470598889,0.008849534563224015
0.23358816004496505,0.2377601162042023,0.004171956159237239
0.5590778800572105,0.5485583085002631,0.010519571556947382
-0.8652564691877901,-0.8609722619744916,0.004284207213298474
0.8917530575820616,0.8819367981919141,0.00981625939014752
-0.7522870291109969,-0.7502195134626614,0.002067515648335516
-0.9406968552816035,-0.9239617105404365,0.016735144741166996
-0.8666709415112582,-0.8524734060537029,0.01419753545755531
0.9734528683235355,0.9598677410030999,0.013585127320435597
0.8280015731856633,0.8109928880863206,0.017008685099342613
-0.5069422866750032,-0.503579977599607,0.0033623090753961415
-0.6609455490437651,-0.6528488067293606,0.008096742314404493
-0.008152969434605544,-0.023874318895554147,0.0157213494609486
0.8570275610817856,0.8513495433575482,0.005678017724237372
-0.4666268848086417,-0.4384443090574459,0.02818257575119576
0.7628447950596169,0.7523443921436042,0.01050040291601273
-0.7178295780222562,-0.6981392005058246,0.019690377516431656
0.3750373031425433,0.3815410105462552,0.0065037074037119225
0.9034684932645426,0.8888267489683336,0.014641744296209014
-0.31480594469153605,-0.3115918005777861,0.0032141441137499283
0.7725056817227444,0.765566255817649,0.006939425905095331
0.37684562413383066,0.3852310142198961,0.008385390086065425
0.5610074983026759,0.5585736430798984,0.0024338552227775034
-0.8740750351949099,-0.8543771538337996,0.01969788136111028
0.4739253831140568,0.4742662434433942,0.0003408603293373891
-0.12356712442326077,-0.13388570795887497,0.010318583535614198
0.9113536614100072,0.9018319073000663,0.009521754109940828
-0.631165620326455,-0.6295892806732255,0.0015763396532294527
0.7943177227483135,0.7841201615675273,0.010197561180786185
-0.29148946703315837,-0.27261384900401464,0.018875618029143726
0.35599658954230384,0.35591450759319826,8.208194910558353e-05
0.5558563943269775,0.5557041747712513,0.00015221955572619628
0.39258376373361314,0.4048024798494432,0.01221871611583003
0.9320469048036067,0.9219102047611727,0.010136700042434055
-0.8428382358985567,-0.8335510927914942,0.009287143107062468
0.6101556254678243,0.6016514549478635,0.008504170519960774
0.9043887262994554,0.8970730363420467,0.007315689957408722
0.8519914556543019,0.8446467610352982,0.007344694619003667
-0.6051470331760976,-0.5977741560502888,0.007372877125808808
0.6147257925961138,0.594324362007476,0.02040143058863786
0.8879861068998136,0.8693086944846646,0.018677412415148975
0.06316001702766735,0.09261323931564945,0.029453222287982098
0.21856778000256397,0.21229217465228714,0.006275605350276825
0.19621798415830782,0.16827545510047937,0.027942529057828458
-0.964181520071381,-0.9530288415540742,0.011152678517306835
0.8370352912671242,0.8173144681599206,0.019720823107203578
-0.932404371455894,-0.924374686420098,0.008029685035796041
0.02139058568410246,0.009368163834935446,0.012022421849167013
0.8717910982199822,0.8572353140032701,0.014555784216712109
0.7319794184272955,0.7347586130736434,0.0027791946463479045
-0.5951617393522487,-0.5907015428380268,0.004460196514221915
0.6528722182669872,0.635482830985074,0.017389387281913193
0.9383382678344497,0.9321719005417752,0.006166367292674502
-0.9516899551116834,-0.9296246827074797,0.02206527240420375
0.938758571337782,0.9269488327052453,0.011809738632536648
0.8044724018016556,0.8006479154788295,0.0038244863228260595
0.1697453129288605,0.1567707930157692,0.012974519913091287
0.004426345175882251,0.020437041250478426,0.016010696074596174
0.031025685577241023,0.04301674539922074,0.011991059821979719
0.1661733817822311,0.15540614661244115,0.010767235169789946
-0.6434714052882697,-0.6242967471315961,0.01917465815667363
-0.4357703336949877,-0.4480835211121881,0.012313187417200389
0.8988145491085204,0.8852508300243431,0.013563719084177306
-0.31460462135489464,-0.32156605219406775,0.0069614308391731106
-0.3047862485465896,-0.313971931208889,0.00918568266229941
-0.2172921249754761,-0.18006042726203253,0.03723169771344356
0.25824864826970245,0.25550093233502846,0.0027477159346739888
-0.3904703270443968,-0.39475955130693613,0.004289224262539304
0.42060564055035826,0.4034870489745909,0.01711859157576734
0.16670529056025227,0.19049000193730617,0.023784711377053902
-0.6024667057979985,-0.6046472302983859,0.002180524500387304
0.370532227857945,0.3560875572433753,0.014444670614569666
0.8056632898870807,0.7966533326204855,0.009009957266595148
-0.1939147216577672,-0.1848920551188283,0.009022666538938878
0.598711036188924,0.5891752155548037,0.009535820634120284
-0.5621663985871806,-0.5538310573472048,0.008335341239975813
0.8848699085305711,0.8706099001576039,0.014260008372967259
-0.398106854358013,-0.39991034368006634,0.00180348932205332
-0.8072208488183743,-0.7967734273304071,0.010447421487967179
-0.5232424977216539,-0.5224998622266523,0.0007426354950015313
-0.20883180841742793,-0.2148879819968155,0.006056173579387564
0.3021459738397807,0.3087351044902146,0.006589130650433872
0.9329022624375168,0.9254209329489201,0.0074813294885967
-0.755148627463539,-0.7455769702288937,0.009571657234645259
0.8234304200114392,0.8248200191021838,0.0013895990907446532
0.7985537416445898,0.7919422294993564,0.006611512145233367
-0.9377646788834808,-0.930730672010189,0.007034006873291809
-0.9190954138992682,-0.9063648974902924,0.012730516408975823
-0.9268584931022845,-0.9164069169479426,0.01045157615434189
-0.5004629097256819,-0.5021132833388742,0.001650373613192313
-0.9589309290495348,-0.9442015137890902,0.014729415260444578
0.13128887069864154,0.1377181176292977,0.006429246930656163
0.4259071365551275,0.4258757053558511,3.143119927639937e-05
0.5795814788616558,0.5770894749731882,0.0024920038884675977
-0.8797638118496088,-0.8720478619192336,0.0077159499303752765
0.6281027122629407,0.6121344458934039,0.015968266369536743
-0.3248772483754566,-0.31498049138454176,0.009896756990914857
-0.8313511270303641,-0.8174235515007413,0.01392757552962276
-0.5287696252909422,-0.5246529804723107,0.0041166448186314986
-0.8754167529151503,-0.8671499261523827,0.008266826762767576
-0.14178355011108507,-0.1295251712532354,0.012258378857849667
-0.8196300054934447,-0.8105095608709794,0.009120444622465307
-0.648306507374496,-0.6490926373317866,0.0007861299572905489
0.6616065863922886,0.6664647478718657,0.004858161479577072
0.37902171768508164,0.362479797574632,0.016541920110449637
-0.3623386491968619,-0.34862821057789223,0.013710438618969645
0.5297992217427328,0.5230267223169576,0.00677249942577518
-0.3164607540824641,-0.30856833662421357,0.007892417458250534
0.03354264815094292,0.030648387126970208,0.0028942610239727114
-0.8468207492202334,-0.8327339488564413,0.014086800363792173
0.3426764529519238,0.35681719761599334,0.01414074466406956
0.1975419585005046,0.20541609158381616,0.007874133083311557
-0.23048265150517364,-0.22434080056552116,0.006141850939652471
0.6237325079591988,0.6171392742346001,0.006593233724598635
0.7162046434163633,0.71633035452262,0.00012571110625669846
0.0408831383083938,0.05671787283462423,0.01583473452623043
-0.9587166932436866,-0.9482841202818794,0.010432572961807218
0.8575617310778715,0.8247609711292366,0.03280075994863485
0.78853756289569,0.7768543852897748,0.011683177605915196
0.5168481781148652,0.4979462340859763,0.01890194402888884
-0.8929811566336234,-0.8874315640462823,0.005549592587341112
-0.6535595283178547,-0.6444498221094411,0.00910970620841356
0.8096771349091458,0.801049267349219,0.008627867559926838
0.9054936266009124,0.8985160718519141,0.006977554748998305
-0.9221293559514577,-0.9109194339845449,0.01120992196691284
0.602920724411938,0.61111581576694,0.00819509135500196
-0.5770823834969978,-0.5694915040450752,0.007590879451922605
0.051806506158864174,0.04403683140349562,0.007769674755368557
0.20020013040929585,0.1815172993921575,0.018682831017138357
0.25726185652944006,0.25337403258677127,0.003887823942668789
-0.5906626825407877,-0.5884866092929625,0.0021760732478252054
0.12171237967671693,0.132598045658652,0.010885665981935064
0.8289831224007306,0.8121644834667565,0.01681863893397406
-0.8545115045229064,-0.8471524763302013,0.007359028192705064
-0.8840166052127609,-0.879452209987633,0.004564395225127971
-0.10839593729700127,-0.08983016350969862,0.018565773787302647
-0.8358340160949945,-0.8299765397111202,0.005857476383874349
-0.5264797315651275,-0.516855739983853,0.009623991581274471
0.8955242678234938,0.8837806444022269,0.011743623421266891
-0.5674517627950515,-0.5560973301029934,0.011354432692058047
0.49422845029026435,0.4770627647800975,0.01716568551016684
-0.573678366074467,-0.5706736666349557,0.003004699439511316
0.6374926706949215,0.6190306678190551,0.018462002875866412
0.6127263129997069,0.595011236699383,0.017715076300323873
-0.9445347891574969,-0.9304408654037668,0.014093923753730087
0.36451935012929815,0.36770564790816496,0.003186297778866809
0.8571309392931427,0.8479652198965887,0.009165719396553973
0.9314419014057361,0.9188383081955608,0.012603593210175346
0.13018449992467201,0.11757572948685471,0.012608770437817302
-0.12349524313289044,-0.11312609784152312,0.010369145291367315
0.449777382183639,0.454083182307444,0.0043058001238049926
0.7527503985613372,0.7423476654229876,0.010402733138349607
-0.9390004022511198,-0.9305235991316885,0.008476803119431331
0.8776511571553264,0.869932214201176,0.007718942954150432
-0.9333755751543016,-0.9196318449808725,0.013743730173429114
0.14564323930086295,0.15398856600339583,0.00834532670253288
-0.9048860100614493,-0.8994226050566545,0.005463405004794808
-0.656472261141093,-0.656807640894345,0.0003353797532519298
-0.450205680276161,-0.43167923929701874,0.018526440979142245
-0.7233040145388001,-0.705148994267714,0.018155020271086064
-0.17288570473282847,-0.16429976778790548,0.00858593694492299
-0.47900168404245863,-0.4700518961538522,0.008949787888606453
-0.17290318443886604,-0.17823622596425046,0.005333041525384413
0.840043783442195,0.8193443988328658,0.020699384609329186
-0.6091919757842879,-0.610313320855347,0.0011213450710590989
0.380540412349501,0.37990493965042954,0.0006354726990714377
0.36330990077047015,0.33871397433750633,0.02459592643296382
0.5475574261893174,0.5325198892048414,0.015037536984475963
0.8560024110777487,0.8470856679968897,0.008916743080858991
-0.34844045876544744,-0.3525535880657475,0.004113129300300056
-0.8389307485474301,-0.8313585728230967,0.007572175724333441
-0.27621644131693157,-0.27353895975353176,0.0026774815633998084
0.23926243821999507,0.22844691112488558,0.010815527095109495
-0.7439308783253158,-0.7322848606152381,0.011646017710077672
0.03422005267934319,0.03274373392735024,0.0014763187519929444
-0.8261147702483993,-0.8158226974895479,0.010292072758851356
-0.3182514907678286,-0.32382725101484305,0.00557576024701445
-0.7290660652758367,-0.7110574623653021,0.018008602910534632
-0.40214500023866007,-0.40758976330679686,0.005444763068136793
0.7930403400285986,0.7841585898487788,0.008881750179819736
-0.6673807624805744,-0.6566460783414874,0.01073468413908707
-0.8345984559181042,-0.8188415606121715,0.015756895305932717
-0.9045615195559086,-0.8959004840350091,0.008661035520899474
0.12655220264754144,0.13678827491494608,0.010236072267404639
-0.878153421962178,-0.8716115762347493,0.0065418457274287745
0.48996865617315344,0.49371703079133894,0.0037483746181855016
-0.8587335873146192,-0.8490018923819814,0.009731694932637813
0.9128396693268234,0.897178530758189,0.01566113856863438
0.5107632929468452,0.5074373853145084,0.0033259076323367553
0.5188776426058609,0.5152911227622088,0.003586519843652103
0.36443782110954664,0.3653047358106944,0.0008669147011477474
-0.5381008695201233,-0.5213975512158306,0.016703318304292614
-0.5136490915144852,-0.5046022644732676,0.00904682704121762
-0.2218850822785312,-0.23199661003623942,0.01011152775770821
0.7024854486192803,0.6987791172524368,0.003706331366843507
0.28035131149588205,0.2711644747554954,0.009186836740386672
-0.6994434091465717,-0.6816734450661323,0.017769964080439404
-0.7986300031589185,-0.7956271958040414,0.003002807354877124
0.9656204664849138,0.9577863280038801,0.007834138481033759
0.5431010103278315,0.5561834348833278,0.013082424555496242
-0.5360151199599069,-0.5368117555273566,0.0007966355674496883
-0.9369322652784546,-0.9221822441599928,0.014750021118461798
0.403987327787077,0.3966249148202857,0.0073624129667912985
0.4661256223625415,0.4308293926334767,0.03529622972906482
-0.19857197705885193,-0.19730768389140022,0.0012642931674517188
-0.8671539736527167,-0.8538956260072238,0.01325834764549294
0.02286096160282445,0.02039779896191144,0.002463162640913008
0.9581196286107254,0.9460924222826799,0.012027206328045548
-0.7247009255326786,-0.7164318465426213,0.008269078990057355
0.3961398476817021,0.3789757513665757,0.017164096315126387
-0.13268824022727532,-0.1213672485424682,0.011320991684807116
0.8039603865151633,0.7860596912911126,0.01790069522405069
0.7543255137067912,0.7377609633896742,0.01656455031711701
-0.13372886629921374,-0.0972062103164229,0.036522655982790836
-0.13758821085809134,-0.11460651255478384,0.0229816983033075
0.41935155345736486,0.42563924711787265,0.006287693660507798
-0.5990574826867016,-0.5888207220258924,0.010236760660809141
0.5122108986274558,0.5175025687228981,0.005291670095442291
0.477879223619951,0.44926912982449885,0.02861009379545215
0.9163008010068757,0.9066979149414355,0.009602886065440241
0.5729905616752755,0.5541283460249616,0.018862215650313874
0.9776916282900067,0.9638477227207609,0.013843905569245751
0.7430829132586089,0.7192306270626092,0.02385228619599966
0.6985576961779847,0.7026341509903165,0.0040764548123317645
0.7879090846151926,0.7820959115808486,0.005813173034344032
-0.8313544214823223,-0.8273659666349653,0.0039884548473569925
0.6295993037284416,0.6357763949450816,0.006177091216640007
-0.18566872622352115,-0.1883006907605975,0.0026319645370763423
-0.21691141022413138,-0.21033166321634977,0.006579747007781606
-0.8147509125812038,-0.8112827507256984,0.0034681618555053584
-0.27885958078900547,-0.2728602197086836,0.005999361080321841
0.6608306613180686,0.6449550494968943,0.01587561182117425
0.08103311537248241,0.0910728141215162,0.010039698749033793
-0.9591086945144813,-0.9454366185072518,0.013672076007229528
0.7710265080262774,0.7523860405869234,0.01864046743935399
-0.71079902380236,-0.7105635727724361,0.00023545102992394984
0.9121966588914663,0.9060246787712184,0.0061719801202478886
-0.8279824012578106,-0.8176725404878114,0.01030986076999929
0.04820389550665836,0.04639501832554588,0.0018088771811124796
-0.21365420775852734,-0.20179576893130252,0.011858438827224815
0.031004234359044213,0.020304744936971098,0.010699489422073116
-0.9423192609807819,-0.9241581030178082,0.018161157962973684
-0.8663037422587617,-0.8570546052382698,0.009249137020491904
-0.15672927667842892,-0.15003229269434032,0.006696983984088606
-0.20499229727739893,-0.1908202750820277,0.014172022195371226
0.7368639016930378,0.7259136085577184,0.010950293135319478
0.8419263537458043,0.8386642370023129,0.0032621167434914167
-0.7403184447236171,-0.7162074072525233,0.024111037471093777
-0.40438390586498074,-0.3927268280033027,0.011657077861678022
-0.9582356924952669,-0.9444864455236346,0.013749246971632267
0.8543533531397263,0.845755278884853,0.008598074254873245
0.7925402450111134,0.7674514187419201,0.025088826269193287
0.7488120712183189,0.7350557837188215,0.013756287499497422
0.11481632604887486,0.1192988346624091,0.004482508613534247
-0.47277340983432675,-0.46312278959320785,0.009650620241118901
-0.07041422902799879,-0.07622781104344994,0.005813582015451152
0.4907021084862205,0.4747216891665043,0.015980419319716166
0.38778471366543465,0.3887678838665772,0.0009831702011425247
-0.9291052243654496,-0.9208442310517994,0.008260993313650267
0.9252156458891002,0.9133990853248181,0.011816560564282153
0.8858704443291102,0.8722824637692324,0.013587980559877866
-0.5425923458942907,-0.5412964570171183,0.0012958888771724686
0.9346344317209218,0.9207040391306396,0.01393039259028217
0.9354251846597725,0.9155847347119827,0.019840449947789884
-0.9350375597553398,-0.9250301111159737,0.01000744863936609
-0.33206452755826593,-0.3286669155676927,0.003397611990573257
-0.9555798455559564,-0.9437512481333415,0.011828597422614884
-0.15562782556667087,-0.1480245315908104,0.007603293975860487
0.8293434399440494,0.8222728091344186,0.0070706308096307735
-0.4036356112735939,-0.39480769070739896,0.008827920566194913
-0.13006456463358135,-0.14004387941787125,0.0099793147842899
-0.36139101613226926,-0.3484843877799035,0.012906628352365779
-0.004171183284467345,-0.008893604515091285,0.00472242123062394
-0.5289714582500764,-0.5178701384128289,0.011101319837247492
-0.9453120174595986,-0.9295466308797512,0.015765386579847385
-0.6050573242320196,-0.5888271386540254,0.01623018557799427
0.9427334746518171,0.9273661510616754,0.015367323590141702
-0.07348395004535824,-0.06958121728424543,0.0039027327611128038
-0.16051175876251164,-0.15267063879818468,0.007841119964326959
-0.6024801930325366,-0.5970730006560192,0.0054071923765174335
0.7256681655249054,0.7164449958083564,0.009223169716549018
0.8046666578974613,0.796466161226231,0.00820049667123024
-0.09006842560855045,-0.08094838936212931,0.009120036246421145
0.7827284416167579,0.7681876208291972,0.014540820787560693
0.06543086018057717,0.06699071717441736,0.001559856993840189
0.9384756872040183,0.9331506339437061,0.005325053260312185
-0.8597616895752771,-0.8463992611204397,0.013362428454837372
-0.680452995890952,-0.6616362521815462,0.01881674370940578
0.07726949660220682,0.08529807961127715,0.008028583009070334
-0.8794754387291127,-0.8669234215358059,0.012552017193306786
0.9654741491170136,0.9574860686261953,0.007988080490818228
-0.8882078723630727,-0.8818998787067499,0.006307993656322841
0.9475331652573726,0.9346395609632947,0.012893604294077932
-0.9043283212599544,-0.885645609508415,0.01868271175153946
-0.9298629207437921,-0.9214240999292574,0.00843882081453462
-0.31107398516835305,-0.31045683819579506,0.0006171469725579914
0.5816220624029254,0.5774071385596875,0.00421492384323785
0.4011929409728607,0.39472009527776675,0.006472845695093932
-0.36598606239018006,-0.36733442898548707,0.0013483665953070156
0.758831407280174,0.7351567220749582,0.023674685205215762
-0.5615370619629617,-0.564391360716777,0.0028542987538152653
0.5126025568345408,0.5038900021612152,0.008712554673325656
0.041772590793321525,0.04803049955189299,0.006257908758571462
0.7506989557208326,0.7326629775790494,0.01803597814178315
-0.633551219676879,-0.6188794101855009,0.01467180949137814
-0.020165821282432723,-0.03161893353527583,0.011453112252843109
-0.32235209986359825,-0.3105808261729439,0.011771273690654338
-0.5382535812575735,-0.5178035453451598,0.020450035912413678
0.7329901704506898,0.7238344130892829,0.009155757361406947
0.8804181084732953,0.8772719779513812,0.0031461305219140367
0.8703237997175215,0.8506921597239344,0.01963163999358708
0.6893595324722642,0.6796886969681399,0.009670835504124287
-0.9182915398033142,-0.9045207513488787,0.013770788454435579
-0.12375239619077749,-0.10275131182887269,0.0210010843619048
-0.7195453720910381,-0.7178762275856989,0.0016691445053391707
-0.22738461224432463,-0.23722959008982475,0.009844977845500119
0.0057282902486791845,-0.00618201061397483,0.011910300862654015
-0.7205418038676903,-0.7025655889148699,0.017976214952820424
-0.4667898057750156,-0.46868264847372265,0.0018928426987070424
-0.09784350687511482,-0.1041412024141801,0.006297695539065271
0.2776125499574658,0.26303089609193697,0.014581653865528843
-0.6087824347120941,-0.6146051834484336,0.005822748736339478
0.10685302505633597,0.11724888514304757,0.010395860086711603
-0.6322338988117479,-0.6281066836817456,0.004127215130002249
0.2703420285534362,0.25355018784404654,0.01679184070938966
0.9297535562170709,0.9153976737833331,0.014355882433737754
0.040512002301737064,0.049798236376455016,0.009286234074717951
-0.6371027277821328,-0.6178186888023247,0.019284038979808127
-0.942373750029412,-0.929595814974391,0.012777935055021006
0.07825940033046003,0.09791863183742631,0.019659231506966288
0.4838277809920563,0.46716761587585653,0.016660165116199777
0.17564766753545932,0.14965575965610192,0.0259919078793574
-0.6515926449803673,-0.6527974335774827,0.0012047885971153693
-0.6479519973475941,-0.6403614322330022,0.007590565114591885
-0.8448367049431946,-0.8275682965835169,0.01726840835967769
0.7762859923450587,0.768306442594666,0.007979549750392723
0.08974552222234797,0.09413490576871196,0.004389383546363992
-0.6267689290484102,-0.609137946497364,0.017630982551046226
-0.432303870006522,-0.4332961871411885,0.0009923171346665205
0.847784921733536,0.8367733980165689,0.01101152371696712
-0.8024302532349379,-0.7864384814146409,0.015991771820296985
0.3685568586075417,0.3752148537119799,0.0066579951044381525
-0.2468364350256683,-0.24143418358075447,0.005402251444913825
-0.8479514700957556,-0.8372562900542794,0.010695180041476182
0.4689416446796284,0.4748725847470521,0.005930940067423673
0.5966712543698921,0.5934520388020628,0.0032192155678293366
0.6583153183433035,0.6571141468649317,0.001201171478371732
0.9360625091814302,0.9260621031628204,0.010000406018609742
-0.855369567102044,-0.8412826048569103,0.014086962245133727
-0.8832925749206452,-0.8734311199326208,0.009861454988024376
0.9217936697645499,0.9024783617319214,0.019315308032628487
-0.27366459138721194,-0.28240237488193864,0.008737783494726703
-0.3031039981600699,-0.30078414539273135,0.002319852767338537
-0.4347304910074388,-0.4362113802130154,0.0014808892055765965
-0.6242340767767734,-0.6306536469031728,0.0064195701263993765
0.9153381252774975,0.897525685581451,0.01781243969604651
0.8687332151942811,0.8578196076154596,0.010913607578821538
0.1558876267491172,0.16660218870132423,0.010714561952207047
0.8862173642073687,0.880501619501158,0.005715744706210724
0.9371739766910419,0.9248061907316738,0.01236778595936805
0.7489277775293317,0.7302123066454309,0.018715470883900798
0.8345391042225239,0.8284351167126112,0.0061039875099127006
-0.4447973123260334,-0.4356127904823736,0.00918452184365981
0.008298144064208453,0.003751078108726485,0.004547065955481968
0.8709722207577477,0.8573114017071517,0.013660819050596018
-0.19257062465466623,-0.1696817569741506,0.022888867680515623
-0.09959609416886836,-0.0863770567536657,0.013219037415202653
0.6049659850214779,0.6051328080230114,0.00016682300153347818
0.9666779750700021,0.958429007930866,0.008248967139136032
-0.3332410744457429,-0.3141005471780589,0.019140527267684004
-0.02496784935526366,-0.015952025411439967,0.009015823943823692
0.3604188441691621,0.35217034256900237,0.008248501600159719
0.3021365633567016,0.3026339403382676,0.0004973769815660445
-0.28529661125216654,-0.2758263887416274,0.009470222510539139
-0.6847019249446727,-0.6750136137849875,0.00968831115968527
-0.9439133893966684,-0.9356747959532694,0.008238593443398945
-0.8283719522336342,-0.8252372018781572,0.003134750355477056
-0.454655913163018,-0.43927422508947606,0.015381688073541955
0.11103420178961088,0.08100517259656229,0.03002902919304859
0.9437850610216696,0.9352089300804561,0.008576130941213456
0.8304838860502712,0.8250435312246345,0.005440354825636762
-0.9208534059364253,-0.906594517560216,0.014258888376209256
0.9411500958070883,0.92899936619535,0.012150729611738353
0.2191993614904922,0.22459572178509293,0.005396360294600722
0.6364851220400487,0.6287716180385456,0.007713504001503058
0.1951862115501538,0.1891877023968868,0.005998509153267023
-0.8978259943514021,-0.8838301779809057,0.013995816370496406
-0.05555095914728833,-0.05796524672434574,0.00241428757705741
0.8711958991770734,0.8638282702611649,0.007367628915908475
-0.8549810003489176,-0.8416444264569123,0.013336573892005266
0.9783393827004909,0.9681246523231276,0.010214730377363312
0.522900138196625,0.5058712036670181,0.017028934529606854
-0.3091875490414596,-0.29935952870086907,0.009828020340590549
-0.4706456805607709,-0.45927930980244225,0.011366370758328637
0.07943632201122858,0.07073986740059914,0.008696454610629442
0.5163954576032308,0.49988743138416764,0.016508026219063165
0.04611700548042775,0.05979717712276408,0.013680171642336328
-0.23556793089844624,-0.23854809172354846,0.0029801608251022182
-0.2306115071034008,-0.23556415046038523,0.004952643356984421
-0.8543105466750895,-0.842765400805559,0.011545145869530593
0.46961104003104764,0.4753064856639032,0.005695445632855567
0.4390198428620549,0.4223606919268765,0.016659150935178446
0.5476657684836749,0.5345862490334021,0.013079519450272747
-0.15290345170939307,-0.14450768672212533,0.00839576498726774
0.6739525960245726,0.659188336307798,0.01476425971677453
0.4109228560015588,0.3852028664490707,0.02571998955248811
0.8915157525252456,0.8737974924276629,0.017718260097582705
0.38853751022149413,0.39221398134165764,0.0036764711201635047
-0.937949088610496,-0.9267087358278238,0.011240352782672214
-0.9205958930962375,-0.9022564705063713,0.018339422589866206
-0.6318428983977619,-0.6100894415588305,0.021753456838931373
-0.8381810028585802,-0.8409588423462031,0.0027778394876228907
-0.7791569116569814,-0.769373031926182,0.009783879730799416
-0.5039133703713551,-0.4838952834617585,0.02001808690959661
-0.8370994628410956,-0.8166269653196517,0.020472497521443866
-0.6896406101480753,-0.6901633041040858,0.000522693956010456
0.8454054809474554,0.8393669742114821,0.006038506735973281
-0.4524533128357448,-0.4380481284480867,0.014405184387658088
0.21357319595148244,0.22039365054643037,0.006820454594947928
-0.46895422788558405,-0.47792686362079273,0.008972635735208678
0.39493225214474836,0.3878806088998712,0.00705164324487717
-0.9415844666505008,-0.9343615184660374,0.00722294818446334
0.34082138404176354,0.3499249414604369,0.009103557418673358
-0.3360754034798097,-0.33892663872909806,0.0028512352492883752
0.3745043113778865,0.3788086160893076,0.004304304711421125
-0.6716515361041396,-0.6572919483346044,0.014359587769535276
0.5818241583306792,0.5856094082904374,0.0037852499597581524
0.69780268989202,0.6962139289308635,0.0015887609611564546
-0.3805542601600928,-0.3899002113103426,0.009345951150249776
-0.14354852726273953,-0.1360477916948143,0.007500735567925243
0.22448121241764252,0.23242603770987766,0.007944825292235141
-0.9070194101066658,-0.8950349395573437,0.011984470549322057
-0.8358159743215166,-0.8182151893592244,0.017600784962292115
-0.7530181633310129,-0.7525752839829202,0.00044287934809272844
0.551493696087323,0.5632383283213125,0.011744632233989472
0.867197955659991,0.840403980844462,0.02679397481552903
0.3634150640689341,0.3675832074679487,0.004168143399014612
-0.2161256189299618,-0.2068197252407239,0.009305893689237899
-0.9670411174807871,-0.9552734780244847,0.011767639456302437
-0.6319100379248372,-0.6312458866055809,0.0006641513192563453
-0.32237247908508904,-0.2978361858952019,0.02453629318988715
0.9816367341093146,0.9716046998629618,0.010032034246352795
0.8715005044139607,0.8574902247274712,0.01401027968648949
-0.8245013451300279,-0.8184647746394947,0.0060365704905331885
-0.4751759772953065,-0.47395492015877244,0.0012210571365340317
-0.02272359841254044,-0.020522502330194436,0.0022010960823460046
0.14139976874637564,0.13079542122540128,0.010604347520974361
0.29251992647406544,0.2886007883316379,0.003919138142427558
0.9138401447553827,0.9006861695625649,0.013153975192817802
0.5968665300786591,0.5756939965802449,0.021172533498414192
-0.8924543146541781,-0.878268945706343,0.014185368947835175
0.501165009721094,0.513926952058157,0.01276194233706296
-0.5940743543114676,-0.5893362347289625,0.00473811958250514
-0.24151494532324738,-0.24820361736047467,0.006688672037227283
-0.5147225784846019,-0.5173996841276756,0.002677105643073663
-0.9336090042301238,-0.9240744840729507,0.009534520157173154
-0.7927625630457668,-0.7896179363487027,0.003144626697064057
0.7395184493833185,0.7066812401903143,0.03283720919300415
-0.9571773539434061,-0.9372236634048982,0.01995369053850793
-0.41304606454499204,-0.3961699265975733,0.016876137947418768
0.652053396686524,0.652800473179687,0.0007470764931630791
0.26074304624676986,0.2699188542872908,0.009175808040520927
-0.8937551046094674,-0.8787168568224405,0.015038247787026893
0.7390946479443943,0.730491014440042,0.008603633504352226
-0.7736098477362663,-0.7618935563874147,0.011716291348851549
0.9067662217371767,0.8951183302689202,0.01164789146825651
-0.002160812165195026,0.005268054876010751,0.007428867041205777
0.5793849641028739,0.5741112386926711,0.0052737254102027675
-0.7812013381618751,-0.7700491113587533,0.011152226803121779
0.8864639849669033,0.8700639191470935,0.016400065819809795
0.375222081046555,0.37512383220002987,9.824884652515076e-05
0.9129491561981966,0.9010359802467155,0.011913175951481114
-0.6988216677473958,-0.6857514912451181,0.013070176502277708
-0.9077988852301945,-0.885542451146109,0.022256434084085508
0.8033648446234681,0.7954100427087167,0.007954801914751397
0.5799130192805716,0.5897596064646994,0.009846587184127786
0.8476356162203257,0.8417643090227926,0.005871307197533038
-0.4489772568272606,-0.4470491312900266,0.0019281255372339823
0.8291371217336654,0.8169616791533355,0.012175442580329876
0.9116238914317814,0.9059717538328481,0.005652137598933238
0.28773887216469957,0.28657332151739573,0.0011655506473038368
-0.5189041452828215,-0.4807738473972626,0.038130297885558884
-0.5491751265412868,-0.5506888205435257,0.0015136940022389966
-0.810579538452625,-0.7939451022049467,0.01663443624767824
-0.8944840003958986,-0.8838968325212935,0.010587167874605119
-0.9392939905653308,-0.9313415563172691,0.00795243424806169
-0.7083287738850059,-0.6955183639006376,0.012810409984368332
-0.4428286574988638,-0.44142422781222657,0.0014044296866372319
-0.8410298389765024,-0.8379743056379975,0.0030555333385049455
-0.7080666952221044,-0.6992181350483524,0.008848560173752018
-0.9357683614715472,-0.9176447246161632,0.018123636855383984
0.5925446674235078,0.5737886094002507,0.018756058023257083
0.005198432480939362,-0.005702862574835844,0.010901295055775206
0.2958134370663723,0.31542647869821766,0.01961304163184535
-0.9412226295555315,-0.9234563474271108,0.017766282128420685
-0.7868963162983589,-0.769484620529725,0.017411695768633884
-0.9218948609121324,-0.9127526878850325,0.009142173027099854
0.8447230293479807,0.8390705322867174,0.005652497061263362
0.3503692119760366,0.3506370352071002,0.00026782323106361305
0.6274288333555839,0.6260890439967027,0.0013397893588811272
-0.6193205436778575,-0.6111927150432914,0.00812782863456607
-0.6636002226579536,-0.6191786006960674,0.04442162196188615
-0.47038916107439477,-0.4627207429306788,0.007668418143715994
-0.22954407888240874,-0.21756081432513374,0.011983264557274997
0.9058110449839902,0.8915684597797839,0.014242585204206293
0.8952640219104683,0.8826538815854008,0.012610140325067465
0.15335200319564016,0.15828941091444737,0.004937407718807213
0.9460235583679202,0.9379128749118582,0.008110683456062029
0.3423776302601334,0.35038935271530475,0.008011722455171344
-0.2514101190553982,-0.24584392132443947,0.005566197730958705
-0.6489156719965095,-0.6484432950726182,0.00047237692389123787
0.8988446950263659,0.8797946271823555,0.01905006784401042
0.6552964220824563,0.6347904343921916,0.020505987690264682
-0.10050190537256116,-0.09713832745863714,0.0033635779139240263
0.9291972886967728,0.9190093058068727,0.010187982889900082
-0.935659306563552,-0.9195017677451375,0.01615753881841453
-0.6790236727095916,-0.6605197973741795,0.01850387533541209
0.44602728496708327,0.4544662996533944,0.008439014686311141
0.868382830477345,0.8603133353748359,0.008069495102509094
