True_u,Predicted_u,Absolute_Error_u
0.03151102296139925,-0.05766744492236703,0.08917846788376628
-0.6895641673423661,-0.5068118649817256,0.18275230236064055
0.600248745723628,0.3646053194754064,0.23564342624822154
-0.5507148697099226,-0.48907437935663084,0.06164049035329172
-0.23498008540436985,-0.25864179619139804,0.023661710787028195
-0.46451687415762327,-0.42946440227577826,0.035052471881845015
-0.26022687860332216,-0.28940281916092003,0.029175940557597868
0.8347804344309607,0.6535364656717775,0.18124396875918325
0.9429459438522706,0.775608472593742,0.1673374712585286
0.8467197321902933,0.6903578298532568,0.1563619023370365
0.912218245958091,0.7275422843047381,0.18467596165335287
0.8010874758554848,0.6709329133146832,0.1301545625408016
-0.7162879481059897,-0.5095012705740415,0.20678667753194824
-0.9130668434658774,-0.6802840794417915,0.23278276402408593
-0.3367985346930507,-0.3403835280081111,0.003584993315060403
-0.33150174566816376,-0.3339457899408888,0.0024440442727250433
-0.1826981961168933,0.0833945414295408,0.2660927375464341
0.9582955736702159,0.8208657984088558,0.13742977526136013
0.9351986185654944,0.7221820341682103,0.2130165843972841
0.938306815421875,0.7177679929786509,0.2205388224432241
-0.018258430879580456,0.18936066799360238,0.20761909887318283
-0.048717456763118484,-0.12150108777180356,0.07278363100868507
0.9438662704598529,0.7297768107551125,0.21408945970474047
-0.39863227298631104,-0.21930239656310746,0.17932987642320358
-0.7856710656462642,-0.7152166514686461,0.07045441417761811
-0.7011183124296522,-0.49004150314822864,0.21107680928142353
-0.14820777085329076,-0.029799151649794756,0.118408619203496
-0.8329355535921983,-0.694753927239489,0.13818162635270925
-0.23482042248464177,-0.34481098181876946,0.10999055933412769
-0.8217996939951678,-0.6736957387414244,0.14810395525374342
-0.37009245540220415,-0.5312396889381462,0.16114723353594207
0.9456740439191074,0.7437986245242564,0.20187541939485099
-0.31488812815439293,-0.1631892710269507,0.15169885712744224
-0.05067543378280533,0.05202043829632844,0.10269587207913378
-0.7652545397167065,-0.5511809264013505,0.21407361331535602
0.6760268992275783,0.45837975420677135,0.21764714502080695
0.06901101487630046,-0.04229925130535658,0.11131026618165704
-0.8351317130745854,-0.692608843429803,0.14252286964478245
-0.917331529507623,-0.6925304952694007,0.22480103423822229
-0.9331644737638763,-0.7394825250754702,0.19368194868840616
-0.8914738138951096,-0.6642580432822186,0.227215770612891
0.7562420379259521,0.6364951234591582,0.11974691446679397
0.9147801759410555,0.7199341113927255,0.1948460645483301
0.3310048994415653,0.12910593365671522,0.2018989657848501
-0.7865714425134231,-0.6671201834549358,0.1194512590584873
-0.9603296392712225,-0.822978818998793,0.1373508202724295
-0.9479972874984824,-0.7916260447347895,0.15637124276369296
-0.018449343344786793,0.08297791650035177,0.10142725984513856
0.15724398709289378,0.039507766331382574,0.1177362207615112
-0.9435372585322406,-0.7516156458006313,0.19192161273160924
0.21063597148171928,0.23907762523786058,0.0284416537561413
0.36478946645622623,0.18388681293398768,0.18090265352223855
0.39376457712812873,0.3644689603309825,0.029295616797146207
-0.9288284454221634,-0.7485946806709697,0.18023376475119368
-0.7795566566713957,-0.5520675912766637,0.22748906539473202
-0.5574359089175674,-0.362645889145111,0.19479001977245647
-0.11017919149852365,-0.16283534992579898,0.052656158427275335
-0.9062976869499879,-0.6729814916976482,0.2333161952523397
-0.5502771276552607,-0.48186586864537106,0.06841125900988965
-0.9350170340969075,-0.6996667393366658,0.23535029476024172
0.7099957204008468,0.6264272945748991,0.0835684258259477
0.8678156599354794,0.6285692807459273,0.23924637918955205
-0.08167920532487942,-0.16306960562996214,0.08139040030508272
-0.2734686920745335,-0.13367515144784442,0.13979354062668908
-0.7528260343003244,-0.6334745752648294,0.11935145903549493
0.8590727518234827,0.6273523551125415,0.23172039671094125
0.8472469609208438,0.6183072279152606,0.22893973300558323
0.8565266654769637,0.6922557290651448,0.1642709364118189
-0.3232658104963364,-0.16968085695172164,0.15358495354461477
-0.5554793792903997,-0.3622175388522781,0.1932618404381216
0.11524254315841248,0.18049696773820714,0.06525442457979466
-0.9215604785836822,-0.7491781004059658,0.1723823781777164
-0.5388242290633548,-0.6550203630592752,0.11619613399592044
-0.8932880548287367,-0.7144869948433641,0.17880105998537266
-0.0060590223138430365,0.0813189003969818,0.08737792271082483
0.3412215197850867,0.3365118355575015,0.004709684227585165
-0.9534707049089796,-0.7068663298941994,0.24660437501478016
0.10421807281165996,0.17039925067614758,0.06618117786448763
-0.9071118720798377,-0.709962236043796,0.19714963603604163
-0.4002782436754496,-0.24004900713689992,0.1602292365385497
-0.7990974500037373,-0.5521334751143341,0.24696397488940325
0.9350614931721348,0.7415365409565317,0.19352495221560317
0.6409747021605592,0.3625284289201396,0.2784462732404196
-0.9334120166209025,-0.7071058164130072,0.22630620020789527
-0.5730927687556615,-0.3833181747126021,0.1897745940430594
0.8898251763951476,0.7200126465174194,0.1698125298777282
-0.35178554950867563,-0.5179143511962616,0.16612880168758598
-0.8944129306822224,-0.7127050397102591,0.18170789097196327
-0.6262653589275052,-0.5521552187995648,0.07411014012794048
-0.3865479241804955,-0.2179465368291635,0.16860138735133198
0.35291372305586954,0.34516213958166536,0.007751583474204182
0.48820943300369957,0.30539853622568647,0.1828108967780131
-0.7949735153812896,-0.5641635431695772,0.2308099722117124
0.6970180867769511,0.5891077482897918,0.10791033848715925
0.773029811897844,0.666174394274322,0.10685541762352202
-0.902168758672041,-0.7026165233113864,0.1995522353606547
-0.5460488949051249,-0.6792999771114139,0.133251082206289
-0.4322876750093047,-0.4156636597617001,0.016624015247604595
0.40736208747433095,0.24008950632451673,0.16727258114981422
-0.44214632479868515,-0.5318860548819078,0.08973973008322261
-0.07724208274907306,-0.15877603069494292,0.08153394794586986
0.6597510304041574,0.5744986426252255,0.08525238777893185
0.9660950990857773,0.8030134721641919,0.16308162692158534
-0.6658143716992023,-0.5759343834327132,0.08987998826648913
0.15568372698777785,0.04186087855469244,0.1138228484330854
0.40220410019748304,0.3793634949995183,0.022840605197964714
0.26194685153554514,0.04959160129215216,0.21235525024339297
0.9502946327339913,0.7421012801032802,0.20819335263071104
-0.3953899895667496,-0.3904271358486234,0.0049628537181262145
-0.2729479944537892,-0.28594794569308,0.012999951239290819
-0.947478066113295,-0.7338483360209682,0.21362973009232678
0.9380802268236144,0.716765698927806,0.2213145278958084
0.882963078100619,0.7185234465115268,0.16443963158909225
-0.8288139961377036,-0.5965824810483991,0.2322315150893045
0.2069091870026214,0.07413499840990462,0.13277418859271678
-0.5185706648642074,-0.3250865894956459,0.19348407536856155
0.8861706790913998,0.7640656632894843,0.12210501580191546
-0.9464747654879989,-0.7371534811810431,0.20932128430695585
-0.2747511742189298,-0.12705348379601286,0.14769769042291694
-0.7386654127924679,-0.6368775757494716,0.10178783704299632
0.6562512432149418,0.3903830806202552,0.2658681625946866
0.2996258694864481,0.09487848683796134,0.20474738264848674
-0.7162552442695164,-0.6000585150915367,0.11619672917797963
0.9089264956822098,0.6766241284989999,0.23230236718320996
0.45608227274668234,0.42366233507642037,0.03241993767026197
0.02907318873401223,-0.06905642710926099,0.09812961584327322
-0.1783949131433082,-0.2229554747016658,0.04456056155835761
-0.9509436313546494,-0.7159825816213429,0.23496104973330656
0.9400484749532193,0.7396032528786336,0.2004452220745857
-0.8731928690705403,-0.5694742535033108,0.30371861556722946
-0.3972841311645013,-0.11050006185453155,0.28678406930996975
0.07271478333470642,0.22916906904781242,0.156454285713106
0.11682103265752827,0.2831204308945815,0.16629939823705323
0.8376119848962528,0.6107258077684907,0.22688617712776205
-0.8435569431330449,-0.614384945989405,0.2291719971436399
-0.424264007821358,-0.18739188048577937,0.2368721273355786
-0.30752845711542437,-0.16434809577292364,0.14318036134250073
0.7160357502014141,0.6105278206462765,0.10550792955513755
-0.18400742872930428,-0.29189310187874257,0.10788567314943828
-0.6267400060549033,-0.5440477279393667,0.08269227811553659
-0.35772964603526536,-0.09407045974156507,0.2636591862937003
-0.9100767027582145,-0.6961734372701617,0.21390326548805283
0.8406315899329801,0.7265115221780001,0.11412006775498007
-0.22753598552873314,-0.0950867747112742,0.13244921081745892
0.9268041076305101,0.7102961881347974,0.2165079194957127
-0.5822526623297491,-0.3885721125632227,0.19368054976652643
0.8200276891559524,0.7447706876583748,0.07525700149757752
-0.7360453563967434,-0.6667869657403102,0.06925839065643324
-0.9117654013272891,-0.6216761041291576,0.2900892971981315
0.8378225946811129,0.5482858530451261,0.28953674163598675
0.9242593608393358,0.7143016239963053,0.20995773684303054
0.2804319839809568,0.13804593171533475,0.14238605226562207
0.4917240837030483,0.44599937233278886,0.04572471137025946
-0.1955233922300847,-0.06965253513633482,0.12587085709374987
0.601862056627909,0.40403791233818337,0.19782414428972567
0.36371928506850665,0.08489421558842665,0.27882506948008
0.7169585997322161,0.6220840111071949,0.09487458862502118
-0.026060845719087657,-0.15086384193997798,0.12480299622089033
-0.8747076697341453,-0.717933045231743,0.15677462450240232
-0.4179854039159752,-0.2584872190323594,0.15949818488361583
0.02422568372538545,-0.062015282337119206,0.08624096606250466
-0.8613500267054264,-0.5960255636868256,0.2653244630186008
0.8366169112647135,0.6174551464142224,0.2191617648504911
0.3305888515935444,-0.026319764372849462,0.35690861596639384
-0.04493145559902899,-0.11677978393762847,0.07184832833859948
0.6472356559687238,0.5958713548397279,0.051364301128995926
-0.7234601541071223,-0.660611365318197,0.0628487887889253
0.9675468953511701,0.7888816154466418,0.1786652799045283
-0.2946789095409692,-0.30258276299249104,0.007903853451521836
0.6654784440466911,0.45235940721159024,0.21311903683510086
0.9721140039731306,0.8145421164994736,0.15757188747365702
-0.6008101616227902,-0.5404368129350496,0.06037334868774058
0.7988537487372769,0.6466497596916111,0.1522039890456658
-0.1870570272290469,-0.2324384549446826,0.04538142771563569
-0.948334294039279,-0.736450296877625,0.21188399716165407
0.24908691648968445,0.2748883568016327,0.025801440311948254
0.008720252838879963,0.09090080213988301,0.08218054930100305
-0.5589762269962042,-0.7112597188247252,0.15228349182852097
0.03564286441397763,0.10663614930644302,0.0709932848924654
0.12660869968472555,0.3563007989385026,0.22969209925377704
-0.057419472773692894,-0.147088611473652,0.0896691386999591
0.6392489671746924,0.5682960845415037,0.07095288263318866
-0.007984206557060324,-0.08954189211066428,0.08155768555360396
0.2491285421734903,0.3483380893455334,0.09920954717204308
0.8320137705195911,0.550017895216544,0.28199587530304715
-0.8831911045415779,-0.7807105890432415,0.10248051549833637
-0.152880441220275,-0.007038547051889796,0.1458418941683852
-0.9488465728853951,-0.7288165954118802,0.22002997747351494
-0.5429217288388141,-0.4853925060401888,0.05752922279862527
-0.7960225563689676,-0.6549079995503636,0.14111455681860396
0.9234572422256675,0.727177695566542,0.1962795466591255
-0.007870512538643312,-0.1256377371547628,0.1177672246161195
-0.8971061296391433,-0.7274445523125259,0.16966157732661735
0.3014475856523819,0.3153683755771961,0.013920789924814214
-0.19386212789622648,-0.2389657552217032,0.045103627325476736
-0.5575563502962182,-0.3639867210336112,0.193569629262607
-0.0981593021907255,0.0006747742554224127,0.0988340764461479
0.8971860304425734,0.67543640629197,0.2217496241506034
-0.2664245954389388,-0.27979219821538165,0.013367602776442833
-0.9500495330138975,-0.7798369901669847,0.17021254284691278
-0.6082488024628095,-0.5290909170696776,0.07915788539313195
0.3452263600713199,0.18261088240699985,0.16261547766432005
0.9131126924856431,0.6998496573215188,0.21326303516412426
-0.914133316368259,-0.7253563493375927,0.18877696703066627
0.17170905162887762,0.2365963548700593,0.06488730324118169
-0.22637948091504925,-0.25540046275177786,0.029020981836728604
0.8955334780331136,0.7202964365125023,0.17523704152061126
-0.27128908762142534,-0.0723809323062284,0.19890815531519696
0.5876883681572035,0.3842421639484177,0.20344620420878579
0.8563913876991144,0.7429919864929665,0.11339940120614789
-0.9460068907433562,-0.7318095984129334,0.21419729233042284
-0.9358697619576493,-0.8133942574927179,0.12247550446493138
0.6132376055907723,0.40938267859891225,0.20385492699186009
-0.7712265525790728,-0.6481989045121652,0.12302764806690758
-0.45281197218468544,-0.27560884328560165,0.1772031288990838
-0.8557221761811384,-0.7074847268589847,0.14823744932215377
0.8764960047238757,0.7139208887099975,0.1625751160138782
0.2465831159894586,-0.10498337894765428,0.3515664949371129
-0.471235406722759,-0.2968662837700426,0.1743691229527164
0.1313054314433692,-0.07676792477632297,0.20807335621969217
0.4681959453488755,0.5927345415309649,0.12453859618208946
-0.6171542972698062,-0.41442737258291085,0.20272692468689535
-0.10539015035454061,-0.1552797908212187,0.0498896404666781
0.9681640651722765,0.8061881791767674,0.16197588599550905
-0.6634037812338213,-0.4106509052927422,0.2527528759410791
0.9391201318020581,0.7210794146653304,0.21804071713672768
-0.28215280303239126,-0.2915667970733096,0.009413994040918361
0.4496915860410991,0.2705649096911794,0.1791266763499197
0.3951524279076824,0.3813593513518201,0.013793076555862316
0.38874858745794183,0.22384096684592444,0.16490762061201739
-0.6188710786073132,-0.5364464754367202,0.08242460317059297
-0.8556510326856025,-0.7105286142250297,0.14512241846057283
-0.17339714092737077,0.0909874488614272,0.264384589788798
0.4357420755422591,0.17298213016636138,0.2627599453758977
0.5968312034660159,0.3982148515739877,0.1986163518920282
0.9370832451850848,0.7318649864234276,0.20521825876165722
-0.04049366421080892,0.052402231739737036,0.09289589595054595
-0.4520147053975663,-0.2705089580399251,0.1815057473576412
0.8222111699715507,0.5907085305747621,0.2315026393967886
-0.03521485624648527,0.2034526741305814,0.23866753037706667
-0.8638601013023219,-0.6452686881834986,0.21859141311882335
-0.010062983484501003,-0.25212729279828505,0.24206430931378406
-0.7616176692851954,-0.7730981234638048,0.011480454178609434
0.8965503621526784,0.7022819388380709,0.19426842331460747
-0.29027513207856015,-0.14855477250720875,0.1417203595713514
-0.6511493385281631,-0.44125171744676994,0.2098976210813932
-0.9030401578373972,-0.6777861252553876,0.2252540325820096
0.947906961565433,0.7330542916457555,0.21485266991967744
-0.4638862441621548,-0.20533846527963542,0.25854777888251934
-0.8680073706725917,-0.7616206343969781,0.10638673627561357
0.9391931877393589,0.7455582580240563,0.1936349297153026
0.5774345851977617,0.38471331573801976,0.19272126945974194
-0.8818456444748711,-0.661202616903501,0.2206430275713701
-0.9198905534542002,-0.6948309513892021,0.2250596020649981
-0.5020957596122583,-0.3128465987976955,0.18924916081456278
-0.7059793222600848,-0.6027191478698305,0.10326017439025426
0.9424392749055511,0.7240095523164906,0.21842972258906057
0.4485846205965081,0.4278731080615955,0.0207115125349126
-0.6498829028327262,-0.43211795918777895,0.21776494364494725
0.9099467299124516,0.7653107454553332,0.14463598445711845
0.8938526435958335,0.6562062584179722,0.2376463851778613
-0.8926201784114987,-0.6807905139127514,0.2118296644987473
-0.40743702726068537,-0.2187364704942164,0.18870055676646896
-0.6747501774521496,-0.38541589726434966,0.28933428018779994
0.19448910992691873,-0.08322785394398806,0.2777169638709068
0.44831840196081474,0.4622321027245034,0.013913700763688641
0.9209648199644584,0.7364393784901831,0.1845254414742753
0.9477232266607366,0.7288437208990712,0.21887950576166537
-0.3385910221726776,-0.3495223935255871,0.010931371352909502
-0.11561065547057127,0.09855611321548265,0.21416676868605392
-0.23078341606391892,-0.08657461364033676,0.14420880242358214
-0.15888169963839013,-0.03898882880403571,0.11989287083435443
-0.6891360436286252,-0.5871728878477256,0.10196315578089965
0.9476218951034617,0.7394613903689152,0.2081605047345465
-0.5478703903783425,-0.2880673445313399,0.2598030458470026
-0.010100790346587323,-0.08606094546416801,0.07596015511758068
-0.763940213748092,-0.7437777885891586,0.020162425158933406
-0.9506886651281353,-0.7998496434890077,0.15083902163912766
-0.6497360292446762,-0.5650296208437495,0.08470640840092669
0.15739672493474718,0.039146148070958044,0.11825057686378915
0.9105189730318766,0.7445553949081153,0.16596357812376128
-0.5064775686719636,-0.21281312553844778,0.2936644431335158
0.35751686032978597,0.20250453462850942,0.15501232570127654
-0.7662675203362932,-0.6583988165995187,0.10786870373677448
-0.6119900286232985,-0.5277694636627286,0.08422056496056995
0.48492205796093946,0.44266329410900734,0.04225876385193211
0.9336284665265981,0.7264945350682098,0.20713393145838832
-0.3083472240743164,-0.30909947811739963,0.0007522540430832114
0.7925421123207049,0.7104827937541734,0.08205931856653148
0.08494468312748829,0.1447063362059117,0.059761653078423405
-0.24560113254213495,-0.2662335144115777,0.020632381869442773
0.3829886231211719,0.214578971941397,0.16840965117977488
0.8254490985462062,0.5972422290718529,0.2282068694743533
0.8111161917536432,0.6658819848956482,0.14523420685799504
0.3571180828093196,0.36076577502264456,0.003647692213324949
0.09928455021463134,-0.0010610642763234594,0.1003456144909548
0.8790008866783742,0.7487923894687822,0.13020849720959193
0.36141087748644024,0.20546093866674162,0.15594993881969862
-0.5742602236008492,-0.5182690621643653,0.05599116143648386
0.4072881046573877,0.40002236219013776,0.007265742467249925
0.6957624682342561,0.6084863455018961,0.08727612273236007
0.17495719646631389,0.05520606640162902,0.11975113006468487
-0.686539012031118,-0.5962875828556622,0.09025142917545581
-0.21021510398905582,-0.24871662143503437,0.038501517445978545
-0.8581510750352527,-0.6411469063457713,0.21700416868948136
0.9473041189620005,0.7400785000036053,0.2072256189583952
-0.48840999001172514,-0.44834152281746337,0.04006846719426177
0.661050399483224,0.41083615224652403,0.25021424723669994
0.9151870232880601,0.6705763619614488,0.24461066132661136
0.6860550417298845,0.6203198187368404,0.06573522299304413
-0.6986688574863104,-0.48345731694704014,0.21521154053927022
0.8662551084413512,0.7150099736961427,0.1512451347452085
-0.7464438677484944,-0.6285906301407148,0.11785323760777955
0.9011735451509062,0.7310477547436567,0.1701257904072495
-0.7945170805288861,-0.6655199271121909,0.12899715341669526
-0.15638943723847876,-0.03673479795232782,0.11965463928615094
-0.9320846570094169,-0.6927848067573462,0.23929985025207068
-0.9455611464366713,-0.7444469577622436,0.20111418867442776
0.8228148691248036,0.5972973896254541,0.22551747949934953
-0.7689427959387211,-0.47476468142202277,0.2941781145166983
0.5532541754995156,0.36151383286834815,0.19174034263116746
-0.33626108687045114,-0.17874736165082963,0.1575137252196215
-0.9416840108185914,-0.7370475404209202,0.2046364703976712
0.2721467318439008,0.1315461330802753,0.14060059876362552
0.9434628606600134,0.7277512104988715,0.2157116501611419
-0.748230752848553,-0.7039475588775783,0.04428319397097469
-0.9124018740594881,-0.6967135633593871,0.21568831070010108
-0.6044142512405624,-0.7159117014835247,0.11149745024296231
0.11659133913489156,0.3492821776367381,0.23269083850184652
0.25323408436804457,-0.06386302971876226,0.31709711408680685
0.9443975323485628,0.7387338702557172,0.2056636620928456
-0.6944100563843751,-0.48253572872671263,0.2118743276576625
0.9390048301369438,0.8033186918441283,0.1356861382928155
-0.92433992641542,-0.690954711685833,0.23338521472958695
0.6237554311120888,0.4153887953261226,0.20836663578596615
0.783668053366617,0.5572173610883346,0.2264506922782824
0.46126061589724004,0.4302930511876276,0.030967564709612427
-0.6425001160462429,-0.5521035717393641,0.09039654430687882
0.9400077973251032,0.7356989223031775,0.20430887502192574
0.3806685200376718,0.21918109946246248,0.16148742057520935
0.42153030441751105,0.4106957704932923,0.010834533924218737
0.4446909223556149,0.5032267930086408,0.0585358706530259
0.8757595861400288,0.6503589632839463,0.22540062285608253
0.9228005402199807,0.7077096507391927,0.21509088948078803
0.6230593620463603,0.4238211887318862,0.19923817331447408
-0.18036498335942147,-0.22018973250720897,0.0398247491477875
-0.48218940710506125,-0.3014959111912562,0.18069349591380507
-0.038377371064943905,0.05281199933987491,0.09118937040481881
-0.2589252701617101,-0.2777217418750091,0.018796471713299012
-0.5604929799069189,-0.4865491568340185,0.07394382307290043
0.020120185068711178,0.0929766643189728,0.07285647925026162
0.15318279332178789,0.2954838178090331,0.14230102448724521
0.860534303372732,0.6344224716775303,0.22611183169520166
0.8796956095789653,0.7447915724935358,0.13490403708542953
-0.6252148193696188,-0.5568203521738108,0.068394467195808
0.9433963283516168,0.7160243526979103,0.22737197565370648
-0.5192131734180158,-0.32708414701672034,0.19212902640129542
0.3063295898699282,0.3095480971127458,0.003218507242817581
-0.07055688829281723,-0.1332094249838285,0.06265253669101128
-0.6030855969420548,-0.4028972550034702,0.2001883419385846
-0.9430189224334105,-0.7266232285274064,0.2163956939060041
0.1774463642497313,0.22011556781544558,0.0426692035657143
-0.706139747967278,-0.48760735397654503,0.21853239399073293
-0.11273007533208966,0.003631276264880364,0.11636135159697003
-0.3551530821090011,-0.5548589103532828,0.19970582824428174
-0.48894490618541636,-0.312026680384919,0.17691822580049738
0.6959699555265534,0.5820108780951699,0.11395907743138345
-0.8351676832169455,-0.6121983251534053,0.22296935806354012
0.5579122080578108,0.5123944037737103,0.04551780428410057
-0.9186928519866744,-0.7016697806459561,0.2170230713407183
0.8960627945198862,0.7208938827510565,0.17516891176882976
-0.7783560415688944,-0.46999294167522376,0.3083630998936706
0.9368191452740134,0.7420345182498858,0.1947846270241277
0.8373787669984821,0.6834163326392191,0.15396243435926305
-0.43084643480093915,-0.4368963170715895,0.006049882270650342
0.7074794646962842,0.4910118695173459,0.21646759517893832
0.9067448206737009,0.7252909158654396,0.1814539048082613
-0.8959640405965968,-0.7170752114926825,0.17888882910391435
-0.8084491194604483,-0.6660321155632491,0.14241700389719913
0.631226799838849,0.26400356601050146,0.36722323382834754
-0.24496035203832717,-0.08934639145310046,0.1556139605852267
-0.8997477702348062,-0.7163918831996486,0.1833558870351576
-0.3417832482455863,-0.020325473716912377,0.3214577745286739
0.23342596836874574,0.2576117119957097,0.024185743626963963
-0.8850415582085761,-0.7091322840740598,0.1759092741345163
0.6883405225902713,0.593317812284817,0.0950227103054544
-0.9238318549171473,-0.6950785810837377,0.2287532738334096
0.5804101479239643,0.5222006008334522,0.05820954709051207
0.9219618719223979,0.6795113509536563,0.24245052096874153
-0.9095507453662105,-0.7322544800200688,0.17729626534614173
-0.8927417011610289,-0.6728606782241583,0.21988102293687062
0.9356362140357034,0.7478173250769845,0.1878188889587189
0.9442918725136904,0.7947801262800869,0.14951174623360353
-0.7974651055093944,-0.560138790068014,0.2373263154413804
0.9543996648978019,0.7586782409552997,0.19572142394250225
-0.949159862672064,-0.7384279316586281,0.2107319310134359
0.8483275067681174,0.6093605664747692,0.2389669402933482
-0.4743054334211407,-0.4467007068467058,0.027604726574434857
-0.29888106186483226,-0.3421402898720326,0.043259228007200334
-0.3068368377348392,-0.16490861190847167,0.14192822582636755
0.82573617091298,0.5980901761141076,0.22764599479887238
0.0491120205948618,0.13072755484452506,0.08161553424966325
0.8753904483786602,0.7014853504690116,0.1739050979096486
0.2988248280831564,0.14674118955100585,0.15208363853215057
-0.02326742718818216,-0.10556316482205551,0.08229573763387335
-0.031400474201449244,-0.10934000846280549,0.07793953426135625
-0.7863779584312836,-0.5605428362384179,0.2258351221928656
-0.7213049678780893,-0.49260682236869396,0.22869814550939532
0.8260871651105868,0.58967383727426,0.23641332783632674
0.8771705313272982,0.643496563862617,0.23367396746468116
-0.7666071775934038,-0.5511187564824881,0.2154884211109157
-0.5460191341163221,-0.5182634793854602,0.027755654730861834
-0.6977531705416873,-0.48349508094979055,0.21425808959189674
0.9577790512223857,0.7981852311145153,0.15959382010787038
-0.6075310650800628,-0.35945574216105797,0.24807532291900486
-0.5697155794120574,-0.369078603507707,0.20063697590435042
-0.4219245480931362,-0.6109563762869297,0.1890318281937935
0.4692020093925648,0.4339209118212773,0.0352810975712875
0.6184429539689349,0.4269775197063536,0.19146543426258128
0.42646251022534254,0.24531683612468305,0.1811456741006595
0.7685846047571058,0.5357704666784755,0.23281413807863027
0.8984062893880651,0.7240886926423195,0.17431759674574565
0.9548958270624294,0.7607705038836622,0.19412532317876718
0.4644271904108807,0.6150954493670796,0.1506682589561989
0.9093328552569526,0.7518353778846674,0.15749747737228526
-0.9195071823648991,-0.6659456326629187,0.2535615497019804
0.9331984214150018,0.7195651796750677,0.21363324173993403
-0.03949924294906898,0.200481056953852,0.23998029990292097
-0.8607873536238811,-0.711787498218457,0.14899985540542415
0.8521386694433816,0.6195603961913595,0.23257827325202207
-0.7589246108208756,-0.6370470597368497,0.12187755108402587
-0.9470499012737351,-0.7401826684420003,0.2068672328317348
-0.9243534855498439,-0.6927728504427114,0.23158063510713245
0.9348333143907419,0.7123239379334371,0.22250937645730484
-0.7858743699030654,-0.5683899333254513,0.21748443657761407
-0.34015148617851554,-0.4873135536323831,0.14716206745386756
-0.7003736515385035,-0.48396732895543304,0.21640632258307047
-0.9157055417004331,-0.7251822886042273,0.19052325309620577
0.6503138957136124,0.5626424933869444,0.08767140232666804
0.6940735087970021,0.5426194058713434,0.15145410292565875
-0.8816191113900689,-0.7255650384821619,0.15605407290790696
0.7616486559466205,0.6391772779007082,0.12247137804591224
0.18828347351417474,0.2360056117040101,0.04772213818983537
0.04914899335989975,-0.056061131663194264,0.10521012502309401
0.558860251690331,0.36003536112971707,0.19882489056061398
-0.05176091330896176,-0.12122154161143563,0.06946062830247388
0.002947275765657056,-0.0773791859706538,0.08032646173631085
0.8186257326891494,0.47492343901732925,0.34370229367182015
0.5422291242870838,0.3406958468728735,0.2015332774142103
-0.1860040009225748,0.028120217087290303,0.21412421800986509
0.7109222868269814,0.49801695691987735,0.2129053299071041
-0.8139754306652791,-0.6762689197119441,0.13770651095333497
-0.5643937467165193,-0.5123514080181772,0.05204233869834207
-0.9425532551738686,-0.752074402528021,0.19047885264584752
0.34257528514337754,0.07334371566533024,0.2692315694780473
-0.8865135731632532,-0.783614554054954,0.10289901910829924
0.8457992899891744,0.7377981527586199,0.10800113723055449
0.832791659588241,0.7031592763629538,0.12963238322528714
0.6980732961017069,0.6099279215055805,0.08814537459612637
-0.8517454085406341,-0.6228855029685464,0.22885990557208769
-0.7521332556976428,-0.713518074549338,0.038615181148304756
0.6210301276308458,0.5322886507609931,0.08874147686985268
-0.6290902991703794,-0.42683175924839617,0.20225853992198323
-0.9672555026506783,-0.8222773517243575,0.14497815092632083
-0.8850885119005863,-0.6606113849061305,0.22447712699445588
-0.6422548853817784,-0.42678545386305866,0.21546943151871978
-0.138438163271452,-0.23819220177303413,0.09975403850158213
0.2370390364178867,0.33421021409089496,0.09717117767300826
-0.648019582017765,-0.43567383553157946,0.21234574648618554
0.9245756849294098,0.7450276905382531,0.17954799439115665
-0.3338601052514418,-0.17162382577809707,0.1622362794733447
-0.701081335958333,-0.6090448290193168,0.09203650693901622
0.49301607614305615,0.19227546540482574,0.30074061073823044
-0.5222253153976245,-0.3218954901754774,0.2003298252221471
0.6057287149107414,0.28524339722078274,0.3204853176899587
0.9452094588253381,0.718986643835281,0.22622281499005714
-0.005885298681363793,-0.10328415885292636,0.09739886017156256
-0.20458758272752184,-0.07489952269383415,0.12968806003368769
-0.13806538156892245,-0.4179799553533271,0.27991457378440465
-0.27989467529421036,-0.3008186862578131,0.020924010963602746
0.8091427592127615,0.5797070525851148,0.22943570662764667
-0.9357972773057539,-0.7308886889166951,0.2049085883890588
0.9232588128897192,0.7194919047218759,0.20376690816784337
-0.6808040046180639,-0.46013002843955153,0.22067397617851237
-0.9054106646063167,-0.7253296297411652,0.18008103486515148
0.3401012859732298,0.1877501563156776,0.1523511296575522
0.47193746935184333,0.28784173828424725,0.18409573106759608
-0.8768249981872437,-0.7148431614961679,0.1619818366910758
-0.6345561293933277,-0.4260624359891284,0.20849369340419932
-0.9484319425368531,-0.7469916074975708,0.20144033503928238
-0.8011629569116971,-0.674820679223995,0.12634227768770212
-0.9311421046823097,-0.6931328386319097,0.23800926605040007
-0.767692107220143,-0.6395435313511303,0.12814857586901274
0.8575359792757525,0.6130933763609239,0.24444260291482867
0.9434626960991512,0.7286425716316769,0.21482012446747434
0.7891462086685967,0.5635540883331778,0.22559212033541898
-0.9121973730801175,-0.6227602613075139,0.28943711177260356
0.23823014613512297,0.10086344956912156,0.13736669656600142
0.764106169126556,0.5482161559894463,0.21589001313710976
-0.54683596645656,-0.49252141469445065,0.05431455176210931
0.2623773914807613,0.28449310688225266,0.022115715401491376
-0.8116093836029638,-0.6660781501497308,0.14553123345323293
0.952552375043881,0.7290906398360253,0.22346173520785573
0.7254424010311675,0.5122213943218797,0.21322100670928779
0.8313918445364592,0.6073764422698974,0.2240154022665618
0.8140199718186838,0.668335953386374,0.14568401843230983
-0.12946183417273716,0.09377291365447814,0.2232347478272153
-0.9468830508990554,-0.7332736220692296,0.2136094288298258
0.945258645432063,0.7262379727086254,0.2190206727234375
0.9471344628361686,0.7222729870426058,0.22486147579356286
-0.3719553135199612,-0.21343628892311337,0.15851902459684783
-0.8634201182086022,-0.6331118009727736,0.23030831723582856
-0.8716492987840448,-0.6547215431194905,0.21692775566455436
0.9114270531810961,0.7504561407111805,0.16097091246991557
0.8100134568705769,0.6675689513828992,0.14244450548767773
0.07812642169851082,-0.02303511416933601,0.10116153586784683
0.8595584211773402,0.6959143202256648,0.16364410095167536
-0.814204832381352,-0.5168299721807741,0.2973748602005779
-0.04904095623256539,0.06845278512587508,0.11749374135844046
-0.7842558996120862,-0.6595305241914979,0.12472537542058826
0.5286645994217019,0.4911225281439618,0.03754207127774006
-0.7535763535286348,-0.5343919155268553,0.21918443800177956
-0.12180772305630799,-0.01148933157505137,0.11031839148125662
0.37002015285183243,0.21625990826354868,0.15376024458828375
-0.9117968703252517,-0.6853991362007972,0.22639773412445452
-0.9425864230764271,-0.7268208113694213,0.2157656117070058
0.8343329602462547,0.6791391607094523,0.15519379953680235
-0.2508085760262552,-0.28447621544316476,0.033667639416909534
0.9472905079635144,0.7385889051610409,0.20870160280247352
-0.5890952388664247,-0.3977433881263794,0.1913518507400453
-0.6744725291855125,-0.577911887650686,0.09656064153482646
0.021718410240660475,0.11905831972567914,0.09733990948501867
-0.047720640781643946,-0.11858871964340298,0.07086807886175903
-0.11158094598608144,-0.0011960249867608171,0.11038492099932062
-0.2599194130021076,-0.283711735829812,0.023792322827704437
-0.30974643526020607,-0.32748749853165243,0.017741063271446367
-0.3573149908511185,-0.5588081142719687,0.20149312342085024
-0.9308181570535006,-0.7421183463542838,0.18869981069921682
0.012154632044835583,-0.07885086039534145,0.09100549244017703
0.5359441713942348,0.35220490209964433,0.18373926929459045
0.7105401731359449,0.4969924905119283,0.21354768262401658
0.8163410005075263,0.5873118573680236,0.22902914313950273
-0.0473345412166533,-0.343924547762939,0.2965900065462857
0.9085370448056389,0.6820621314367014,0.22647491336893755
0.9282133098060539,0.7261854182227643,0.2020278915832896
0.7754859553520511,0.5532944299910814,0.22219152536096975
0.6900402428365501,0.6629203023152364,0.027119940521313723
-0.8803127260571046,-0.7088197342349686,0.17149299182213606
0.9464120989808338,0.7162749308187522,0.23013716816208163
-0.5048590570068667,-0.3155210904932018,0.1893379665136649
-0.80472787758693,-0.46385994930180663,0.34086792828512336
0.6774553402059047,0.4668868296683397,0.21056851053756498
0.7347654374463112,0.6929389698372628,0.0418264676090484
-0.9264159889033076,-0.6948351993168385,0.2315807895864691
0.6581538023489709,0.573815912834902,0.08433788951406895
0.6021329307060171,0.531973718094791,0.07015921261122615
0.704696620585139,0.49250958099024583,0.2121870395948932
-0.9381796542912415,-0.7327430320796524,0.2054366222115891
-0.898221384484947,-0.7194905262261438,0.1787308582588032
0.927072251725459,0.7122333761277082,0.21483887559775083
-0.910599077988828,-0.7597365813887017,0.1508624966001263
-0.4908919063990806,-0.437200424037536,0.053691482361544585
0.1692638823805116,0.043190651248770036,0.12607323113174157
-0.20972031036198394,-0.25833592864333427,0.04861561828135033
-0.22825622606211657,-0.04940052751101266,0.1788556985511039
-0.1745303717450053,0.0704705457635482,0.24500091750855352
0.06605972709894922,0.14680255101807257,0.08074282391912335
-0.8609102636242957,-0.6977736160289298,0.16313664759536584
0.4450427729629376,0.27327058894441225,0.17177218401852534
0.9473060807247359,0.7229830819279269,0.22432299879680895
0.22468004335514122,0.10683489357274077,0.11784514978240045
-0.9140515387676309,-0.6837463636356268,0.2303051751320041
-0.9716594661834137,-0.79523249978145,0.17642696640196365
0.7123585351730415,0.4952968754703467,0.2170616597026948
-0.49316426896832205,-0.1888848659857176,0.3042794029826045
-0.9067034372481632,-0.6934336530354716,0.2132697842126916
0.8680895361331561,0.7039948308522106,0.1640947052809455
0.9029514078860741,0.6731473587778413,0.22980404910823282
0.08186649609245827,-0.025526417776166096,0.10739291386862437
-0.868332256369072,-0.6361239860058436,0.23220827036322833
-0.9485790887753361,-0.7487176517269918,0.19986143704834436
-0.14110934455080648,-0.19111751972679708,0.0500081751759906
0.7819619292828129,0.5596971841795142,0.22226474510329874
0.8737207554944161,0.6458912282104862,0.2278295272839299
-0.947584696039989,-0.7297052362960132,0.2178794597439757
0.9451261451922669,0.7286577071537579,0.21646843803850901
0.3426012822006143,0.2979531723154889,0.04464810988512541
-0.3232437051321221,-0.17234032826183182,0.15090337687029026
0.6898999147083726,0.5888403067725336,0.10105960793583901
0.6404079035400302,0.4367156427749141,0.2036922607651161
-0.4390296723968226,-0.42254246196853174,0.016487210428290877
-0.6890150917819367,-0.5971755803448845,0.09183951143705216
-0.41267938467757564,-0.23650755024021305,0.1761718344373626
0.9136283310747749,0.7522777952103611,0.16135053586441384
-0.6728460551462461,-0.4617639309141864,0.2110821242320597
0.2902097741085037,0.3229136071102556,0.03270383300175189
-0.806487555182034,-0.573794978997661,0.232692576184373
0.9482273539623922,0.7369823146979387,0.21124503926445348
0.09780483403323885,-0.17664289094079952,0.27444772497403835
0.8101806772770529,0.5857709169922575,0.22440976028479542
0.2414791205481638,0.10881807242214502,0.1326610481260188
-0.5135308553477571,-0.21677689833015723,0.2967539570175999
0.9343584158552665,0.7330000217621201,0.20135839409314638
-0.47350491398212363,-0.2636852232483949,0.20981969073372875
-0.3706494894868808,-0.20482659320771077,0.16582289627917005
0.5158872722946551,0.4735417074611182,0.042345564833536964
-0.9313088328332434,-0.7528460882608544,0.17846274457238898
0.20877549934907297,0.2566564492633288,0.047880949914255844
0.45033853589154244,0.4121217298403513,0.038216806051191154
-0.7379957118696964,-0.4621672828434359,0.2758284290262605
-0.5007277027937954,-0.4629098180851004,0.037817884708695015
0.47799687480322184,0.29438296309516193,0.1836139117080599
0.9474470435893787,0.6937521226582238,0.25369492093115487
0.6822859815041734,0.5820506423083942,0.1002353391957792
0.24620132347640036,0.29505457582867384,0.048853252352273474
0.2447977160104406,0.5371512635568739,0.29235354754643333
-0.648688303543586,-0.441358128967823,0.20733017457576297
0.9199694418956749,0.7017012721050928,0.21826816979058206
0.8192460942586604,0.6676300025991417,0.15161609165951861
0.9051502691510181,0.7265674870420209,0.17858278210899725
-0.5461440371939168,-0.3494472912762621,0.19669674591765468
-0.6612798577099706,-0.4518315974149498,0.20944826029502073
0.039477342239323476,0.11746973708387738,0.0779923948445539
-0.729189289730296,-0.49920209684387223,0.22998719288642372
0.12060264979528824,0.18424656439922504,0.0636439146039368
0.926808463889535,0.7384323487416213,0.18837611514791364
0.9158121840447584,0.6902701514563954,0.22554203258836303
-0.0625103842560258,-0.2988671366652358,0.23635675240921
-0.45733681069635895,-0.6435645004309917,0.18622768973463272
-0.5852447990530487,-0.38699119142429766,0.19825360762875105
-0.18128914947327607,-0.41363625443496904,0.23234710496169297
0.5870647269535082,0.3868636471215249,0.20020107983198332
0.8119522726907252,0.582872985632985,0.22907928705774028
0.6643678228979175,0.5728545369253014,0.0915132859726161
-0.8237537033995416,-0.5935578627007605,0.23019584069878107
-0.8346163729428238,-0.6038936260114873,0.23072274693133643
-0.9438507326161024,-0.7321105376389565,0.2117401949771459
0.8654041784543454,0.6047189716009936,0.2606852068533517
-0.8569485214604973,-0.6399752164962348,0.21697330496426248
-0.8587430126052623,-0.689857126264572,0.16888588634069035
0.663970253379624,0.3505644932490767,0.31340576013054733
-0.882534717014863,-0.7082042983077599,0.17433041870710309
-0.6266502430965347,-0.41693195617053946,0.20971828692599526
-0.5984393342747262,-0.40337461341142594,0.19506472086330023
-0.8951158506975572,-0.6710308428003614,0.22408500789719576
-0.10862364098876848,-0.17766444231405235,0.06904080132528387
0.9287217892549622,0.747569728957006,0.18115206029795616
0.934344225373002,0.7489006908156418,0.18544353455736018
0.16710127518041418,0.2094065225549926,0.042305247374578414
-0.4374219544302826,-0.4169597433415038,0.02046221108877877
0.8998591317449754,0.6731409286258525,0.22671820311912294
0.7927668203572316,0.6576334157004546,0.13513340465677692
-0.5577731520832347,-0.3561386499572379,0.20163450212599687
0.8964359891116694,0.6491650302120638,0.2472709588996056
-0.44799932105298207,-0.278540038617206,0.16945928243577607
0.6114214803978454,0.36230075619647717,0.24912072420136822
0.660811472766936,0.4405080335572401,0.22030343920969586
-0.8519545322871945,-0.6949952535417812,0.15695927874541338
0.6021025568268801,0.40702337284214307,0.195079183984737
0.5852820243871644,0.5728611323243152,0.012420892062849131
0.09825311611408069,-0.002540292968962833,0.10079340908304352
0.9292120850246129,0.7017514175714595,0.2274606674531534
-0.9183880665826057,-0.6996330721940381,0.2187549943885676
0.37215652435953755,0.20130743298006573,0.17084909137947182
0.9061889711670804,0.6738982528810774,0.232290718286003
0.26432054830465884,0.127968883401452,0.13635166490320685
-0.8570869407304057,-0.7600168688977205,0.09707007183268523
-0.8227077517044273,-0.6722085985495404,0.15049915315488693
-0.9087552485054496,-0.7323266460367921,0.17642860246865755
0.8250005321329011,0.5984175138807977,0.22658301825210347
-0.6156231188027501,-0.4053532728994666,0.21026984590328351
-0.490389191547777,-0.45758323040404336,0.03280596114373363
0.0802089102141282,-0.1828361133357441,0.2630450235498723
-0.7568181863748971,-0.5312767879938739,0.22554139838102316
0.8869972462743507,0.7070370218240813,0.17996022445026938
-0.9317492352002735,-0.7050360160526209,0.22671321914765263
0.7651900208603398,0.543868713583894,0.22132130727644583
0.4204188484788264,0.6424481108457885,0.22202926236696208
0.2731169615172093,0.1404795913875616,0.1326373701296477
-0.8034685114695526,-0.6408943894125377,0.16257412205701482
-0.8654985177508547,-0.6349400093252942,0.23055850842556058
-0.11124629370745748,0.00036885441007297845,0.11161514811753045
0.8023461369525839,0.7136669341002555,0.08867920285232844
0.8975651136339996,0.6582962741311515,0.23926883950284805
0.05950550625466736,0.12268727513272022,0.06318176887805285
-0.2250212772952713,-0.09269820539679893,0.13232307189847237
0.4106992923266337,0.3946680130609959,0.0160312792656378
-0.9226517142531246,-0.6781537137180962,0.24449800053502846
0.17753062225974017,0.04137124541361248,0.1361593768461277
0.4819242049357696,0.2849915107201165,0.19693269421565307
-0.8394771044059733,-0.6904071151354645,0.14906998927050885
0.8322920697510503,0.681762251917797,0.15052981783325325
-0.6330166269088535,-0.4254929431591584,0.2075236837496951
-0.3007191331481798,-0.32174154696180046,0.02102241381362069
-0.35611661610214584,-0.36390360970424795,0.00778699360210211
0.031554961827700026,-0.15019654309738717,0.18175150492508718
0.9465178807894471,0.7512088924331812,0.19530898835626587
0.9352928330781793,0.6596690949700896,0.2756237381080897
-0.4455479376868481,-0.42413037952966764,0.02141755815718044
0.9435146182411502,0.7450265268266595,0.19848809141449075
-0.11759995089563124,-0.17007361624345782,0.052473665347826576
0.945554937304924,0.7359838435346352,0.20957109377028882
-0.39046397759282586,-0.38346184654078586,0.007002131052040006
-0.3127701647659827,-0.3328385702697416,0.020068405503758935
0.9380775396760972,0.7195801403338177,0.21849739934227952
0.14340981276480216,0.020728311403572692,0.12268150136122948
-0.20450427459116233,-0.2457681247637328,0.041263850172570476
-0.3761578268979901,-0.06476186216542085,0.31139596473256925
-0.5233140353077003,-0.25678290098948015,0.2665311343182201
0.328302304808366,0.16967248575123672,0.15862981905712925
-0.9091678423919467,-0.6843238269373095,0.22484401545463717
-0.4167265026569391,-0.24840182539861955,0.16832467725831957
-0.9160033483893846,-0.7474117026705842,0.16859164571880036
0.8031234336899769,0.6453834247100939,0.15774000897988294
-0.9295244894596977,-0.7029066779852006,0.2266178114744971
0.28116566227447126,0.13355686760124588,0.14760879467322538
-0.8378843345440332,-0.6991628887102611,0.1387214458337721
-0.9454236116529304,-0.7240692524887158,0.22135435916421464
0.7617920399152601,0.4331224914444289,0.32866954847083124
-0.8542244792877552,-0.6037654063384208,0.25045907294933445
-0.8467184887932926,-0.6968673846621444,0.14985110413114822
0.9309550573635076,0.6928652922559744,0.2380897651075332
-0.2666619840214238,-0.12443130569783649,0.14223067832358732
-0.6825030273410772,-0.592413706468855,0.0900893208722221
-0.5480869836580163,-0.35464920329547156,0.19343778036254478
-0.9671852142862162,-0.769039899430904,0.19814531485531217
0.37773066871432615,0.21752114162842434,0.1602095270859018
0.16050154170327624,0.2081264660876654,0.04762492438438917
0.8377461137370821,0.6066003914653033,0.23114572227177876
-0.10937012729099459,-0.18254884548321756,0.07317871819222298
0.9756138727836164,0.8244614300315455,0.15115244275207096
0.28366101119532056,0.13770312394864956,0.145957887246671
-0.4071953298835803,-0.232776958772996,0.1744183711105843
-0.04905161264589732,-0.11819919039588672,0.06914757774998939
-0.44132239409656454,-0.27014573208800546,0.17117666200855908
0.2763350573327508,0.13451802082369466,0.14181703650905617
-0.0864539690482203,-0.14889978899047912,0.062445819942258826
0.1938060825202997,0.0534683802673531,0.14033770225294662
0.8924241509422203,0.6631581486263487,0.22926600231587158
-0.25335640830308787,-0.1174134586492333,0.13594294965385456
-0.9075085839000443,-0.7259378347491335,0.18157074915091076
0.5144614504294944,0.467749929466462,0.04671152096303244
0.5312934557265817,0.4882265603130101,0.043066895413571615
0.9221938836496035,0.7363354847478556,0.18585839890174793
-0.41754138361569876,-0.2409030478509393,0.17663833576475946
-0.38940231924637875,-0.2194964817662419,0.16990583748013685
-0.9581539474854385,-0.7868395861735069,0.17131436131193156
-0.2810292624431927,-0.13616183282264493,0.14486742962054777
0.8560013668310156,0.6999404306887033,0.1560609361423123
-0.8333422852894273,-0.5514405692845284,0.2819017160048989
-0.9427329482935337,-0.7392579966595031,0.20347495163403062
-0.0588061416247743,-0.13584254140184127,0.07703639977706697
-0.9151575981841106,-0.6875702020899848,0.22758739609412582
0.8901396847013249,0.6655275287285992,0.22461215597272566
-0.16908434310080933,0.16565210941646058,0.3347364525172699
-0.03838452513697539,-0.1119868908275437,0.07360236569056831
-0.813157642535895,-0.7245357789715361,0.08862186356435886
0.25803246560833665,0.11776947225099132,0.14026299335734532
0.39629338761445065,0.20124767734899385,0.1950457102654568
-0.882152796302404,-0.6498622584611974,0.23229053784120657
-0.8827350504875021,-0.6577635964028605,0.2249714540846416
-0.9287150311699128,-0.7558327890526367,0.1728822421172761
0.7763376465311733,0.6441900635579714,0.13214758297320195
-0.958162319744777,-0.840921634181193,0.11724068556358391
0.94457537807947,0.7258857632903146,0.21868961478915538
0.6168581944977539,0.4179009610328071,0.19895723346494681
0.912302358585256,0.6240332615458931,0.2882690970393629
-0.1692436874502001,-0.046045244172607525,0.12319844327759258
0.03603422616501123,-0.055304187319177585,0.09133841348418881
0.9231865999589626,0.7137159302175167,0.2094706697414459
-0.09061131272662509,-0.15471486816028981,0.06410355543366472
0.7487806817251212,0.5282213222081272,0.220559359516994
-0.7957761623665991,-0.5629078367736794,0.2328683255929197
0.7519117178630366,0.5302572098635319,0.2216545079995047
-0.9225920007748002,-0.7321677803118488,0.19042422046295138
0.45944155767548667,0.4599679981441248,0.0005264404686381452
0.7493110263255166,0.4418822145356811,0.3074288117898355
0.6959471718880323,0.4857192692125425,0.21022790267548985
-0.36003502527359665,-0.3656033689684925,0.005568343694895839
0.44835579466011327,0.4204011933505536,0.02795460130955968
-0.700615302626251,-0.6477209537787822,0.0528943488474688
0.584424303571744,0.3828505423138649,0.20157376125787912
-0.4509967889059827,-0.26847455832649947,0.18252223057948325
-0.2028440059684837,-0.07130807694913835,0.13153592901934535
0.41040918509122537,0.36193787931828486,0.04847130577294051
0.7700035999506024,0.5466368933622571,0.22336670658834534
-0.6753450674190742,-0.46579328527837804,0.20955178214069614
-0.2670326936575074,-0.2838303435986153,0.016797649941107884
0.6972248290753152,0.4900594777430858,0.20716535133222946
0.6590365339674862,0.5868007000273762,0.07223583394011002
0.9071269743794997,0.7262475676549099,0.1808794067245898
-0.06488914775062676,0.18024203676575218,0.24513118451637894
-0.8617413926672433,-0.7713489674964183,0.09039242517082491
-0.8555153589291336,-0.6828602859339431,0.17265507299519045
-0.10578765038524936,-0.36986073624368554,0.2640730858584362
0.8564088946707126,0.6910291052829978,0.1653797893877148
0.26096028183837067,0.5112713726175199,0.2503110907791492
0.3367524012017295,0.17903388493047534,0.15771851627125416
-0.33513791251606334,-0.3423693778608346,0.00723146534477126
-0.09492625166364263,0.008122393345183752,0.10304864500882638
0.5796987409549443,0.5142546528909469,0.06544408806399749
-0.8158881321233326,-0.5877559195074992,0.22813221261583339
0.6891939299254803,0.478374386556184,0.21081954336929637
0.8944976836494686,0.7603450714958035,0.13415261215366503
0.5240911088111687,0.2747123331246764,0.2493787756864923
-0.7026855901729452,-0.6052262241268607,0.09745936604608452
-0.17838669173684188,-0.02270925632398517,0.15567743541285672
-0.06697347334793176,-0.14240938853490995,0.07543591518697819
0.3531844750539704,0.18639283498713904,0.16679164006683134
-0.7349562820069508,-0.5157167818099464,0.21923950019700444
0.06980226954247351,-0.06016815859546179,0.1299704281379353
0.9678750418623289,0.7987683001781569,0.16910674168417195
0.9681929792548798,0.7742955607747058,0.19389741848017394
0.34117171771956745,0.18473559026099765,0.1564361274585698
-0.9119252254348441,-0.7215621693698772,0.19036305606496695
-0.30427408891159435,-0.32407307248132045,0.019798983569726092
0.8316742696287318,0.6011425930919314,0.2305316765368004
-0.11904240566687901,-0.0059070358877402135,0.1131353697791388
-0.9436907306454264,-0.7302388825062698,0.21345184813915663
-0.9019024463329949,-0.7731943566800678,0.12870808965292713
0.9432467564700822,0.7656104013332209,0.17763635513686127
0.23107610607458867,0.09388054599828113,0.13719556007630754
0.9127883671111471,0.7149250966068282,0.19786327050431884
-0.43593533178008176,-0.25197200978042206,0.1839633219996597
0.6410725941991645,0.43188834261461995,0.20918425158454457
0.5684093165374753,0.6844887280401807,0.1160794115027054
0.7551785697787746,0.5464812894205725,0.20869728035820212
0.9286164044158659,0.7027395033032388,0.22587690111262715
0.9429891452235004,0.7220602644903487,0.22092888073315176
0.8750569552355381,0.7096428546373607,0.1654141005981774
-0.7847558622121018,-0.5417337917679685,0.24302207044413326
-0.7722914207413679,-0.5502839289950637,0.2220074917463042
0.022264592728678295,0.25546284685140874,0.23319825412273046
-0.7899591168879225,-0.6601906968793522,0.12976842000857036
-0.7608227410899145,-0.5420412707655861,0.2187814703243285
0.12331055933916493,0.021719916321177375,0.10159064301798756
-0.7316657700893748,-0.6163179828177123,0.1153477872716625
0.7515738187754349,0.6393120284442645,0.11226179033117045
0.48601035362846323,0.5380833930076768,0.05207303937921359
-0.5493391232766393,-0.35524204345281307,0.19409707982382618
-0.8248925237268345,-0.6976184246238499,0.1272740991029846
-0.9430848454660377,-0.7232322283488344,0.21985261711720328
-0.7945302598022449,-0.658753234021028,0.13577702578121686
-0.18089777353437594,-0.21718468947195377,0.036286915937577824
0.4832293026958574,0.4536243912046689,0.02960491149118849
0.9168334741650094,0.7391093026262957,0.17772417153871367
0.9475945627731228,0.7409817671598089,0.20661279561331392
0.22396402396533863,0.24978421967095393,0.025820195705615306
0.6414016496188769,0.43468944051300323,0.20671220910587368
0.9248809500001043,0.7110314973268747,0.21384945267322963
0.1525818566516472,0.19920598378736837,0.04662412713572117
0.9668357478178132,0.8254386502313129,0.14139709758650032
-0.233363333239431,-0.09218397620549916,0.14117935703393186
-0.9131053471534234,-0.684896123837287,0.22820922331613636
0.33306930200028245,0.17165654640283676,0.1614127555974457
-0.8523609858261637,-0.6174731366731604,0.23488784915300331
0.1255700029836837,0.17822320799385633,0.05265320501017262
0.7582782695038494,0.5460038871753727,0.21227438232847662
0.8427764355246229,0.6766963146327715,0.16608012089185142
0.0007391239937329212,0.09123029884157927,0.09049117484784634
-0.8043149332398333,-0.5761486930891768,0.22816624015065645
-0.06431556754194304,0.04926069938734556,0.1135762669292886
-0.8823267928163122,-0.7101278987457557,0.17219889407055655
0.43346878776393016,0.24492550731368473,0.18854328045024543
0.24934984517082487,0.2827234273387774,0.033373582167952554
-0.9313442410906169,-0.6965745472157083,0.23476969387490854
0.824408002710922,0.5933706973286211,0.23103730538230083
0.04739428809783178,-0.10381355166338106,0.15120783976121283
0.9018629594848003,0.6855309113004557,0.2163320481843446
-0.8744182295209891,-0.6320557466978993,0.2423624828230898
-0.6033130563951471,-0.40025728943919636,0.20305576695595073
0.8988049255767023,0.7625795094898631,0.13622541608683925
0.008542691522749977,-0.15448806626457298,0.16303075778732296
0.8379490302782436,0.5314508099298776,0.30649822034836605
-0.24043308639814664,-0.1091283568165115,0.13130472958163514
0.9356948551917376,0.7008165848074023,0.23487827038433529
-0.45600989613427945,-0.426657923952021,0.029351972182258435
0.20377525593103715,0.027286183573073653,0.1764890723579635
-0.2035794156779075,-0.07969305804568662,0.12388635763222088
0.6255277759009951,0.545182276153243,0.08034549974775207
-0.744856305518106,-0.5235668196187877,0.2212894858993183
0.8747005609322639,0.7167882418698354,0.15791231906242853
0.16356973163505817,0.04389547755388758,0.11967425408117059
0.4198334824395744,0.23416641232421434,0.18566707011536007
-0.92976651019594,-0.7173193378733805,0.2124471723225595
-0.936512764512409,-0.7398165724288257,0.19669619208358324
-0.5798728210056957,-0.5186365068721133,0.06123631413358244
0.2781103153921513,0.14277059244348977,0.13533972294866153
0.947459532091999,0.7500247829375186,0.19743474915448034
0.9461418239503553,0.7363769731721035,0.2097648507782518
0.5976238616596755,0.39921839284224026,0.19840546881743526
-0.8317793788131463,-0.7290185333222133,0.102760845490933
-0.34512502473254536,-0.014817663342253571,0.33030736139029176
0.48087407903900387,0.22927568356744776,0.2515983954715561
0.4289614778685042,0.23883403905237763,0.19012743881612656
-0.8530680498031987,-0.7028638956998283,0.1502041541033704
-0.9063394009177511,-0.7845541394468677,0.12178526147088342
-0.24089003768793196,-0.1135830403465525,0.12730699734137946
-0.5393636245908713,-0.3330821280450767,0.20628149654579458
0.31703123832706936,0.31936206450653687,0.0023308261794675045
0.19537588496812577,0.23702472515289183,0.041648840184766056
-0.40519239022431613,-0.23414783750099144,0.1710445527233247
0.9231676234296988,0.8032423850549794,0.11992523837471947
0.3470035560843937,0.054351960352492575,0.29265159573190114
0.08803690689682318,-0.22744521091572542,0.3154821178125486
-0.501693211947677,-0.3208296808881112,0.18086353105956582
0.39580105280177125,0.3863336028991507,0.00946744990262055
-0.7642523685947366,-0.5359710834849236,0.22828128510981294
0.949215012451821,0.7229000763389777,0.22631493611284337
-0.9227468342568416,-0.73348627649408,0.18926055776276152
0.8867750399482727,0.7113061418235502,0.17546889812472244
-0.18715001255485456,-0.0664625957472591,0.12068741680759545
-0.03941252063444385,0.0569635986059351,0.09637611924037895
0.9511503265068723,0.7460819904402439,0.20506833606662833
0.1391770144835068,0.18899051196554761,0.04981349748204081
0.8482813473773682,0.705374483119851,0.1429068642575172
0.4508558963573837,0.4370576146109039,0.01379828174647979
-0.4636262775704714,-0.4714830048265045,0.007856727256033091
-0.917250304618543,-0.6970386025569197,0.22021170206162322
-0.4340960552614531,-0.41585204642146206,0.018244008839991055
0.6156841523854214,0.4054409133093348,0.2102432390760866
-0.9332842570776743,-0.7396091428185843,0.19367511425909
0.05772604886513874,0.1490180630083201,0.09129201414318136
0.638519431728116,0.4354505534089296,0.2030688783191864
-0.8137947415901946,-0.5799753903112264,0.23381935127896825
-0.886210394820559,-0.6128351390266206,0.2733752557939384
0.021442350107860744,-0.061069793691939385,0.08251214379980013
0.3154742329210444,0.17230608384893728,0.1431681490721071
0.8447273015723922,0.7046021874519534,0.14012511412043882
0.7727585678818933,0.5525799449348471,0.22017862294704627
-0.9139062987114954,-0.7240439511129783,0.18986234759851717
0.8978868672610356,0.6611498063874821,0.2367370608735535
-0.7153312878648282,-0.4903264907817281,0.22500479708310017
-0.5583109417662633,-0.33157935284442447,0.2267315889218388
0.38163975204758044,0.21308082078547,0.16855893126211044
-0.971019798694426,-0.7382450427971704,0.2327747558972556
-0.24932031835126797,-0.42526845082762665,0.17594813247635868
0.8575782048085357,0.6960804992350713,0.16149770557346443
0.7070909714637341,0.6159119096134368,0.09117906185029734
-0.4589615001284634,-0.42971968973122443,0.029241810397238943
0.8967536032724368,0.712222893823342,0.18453070944909478
0.25708219225077383,0.27284283357343,0.015760641322656144
-0.9011510742989731,-0.5860114566385541,0.315139617660419
-0.36337842404739634,-0.2077367256981535,0.15564169834924285
0.6635942323042672,0.43919363884573104,0.22440059345853614
0.6228837821385839,0.4257548388245592,0.19712894331402464
0.05086239019647343,-0.06013192596836703,0.11099431616484046
0.951519296783554,0.7363636012504372,0.21515569553311675
0.9482390563847544,0.7355688843654296,0.2126701720193248
0.6727485904572077,0.6307103498363289,0.0420382406208788
0.26476762859240294,0.12411934592861273,0.1406482826637902
-0.9412439136099893,-0.6824084188831392,0.2588354947268501
0.5010033657094811,0.46421182322316207,0.03679154248631905
0.40724038053664113,0.4853278371113961,0.07808745657475497
-0.9456496927668495,-0.7385081713891972,0.2071415213776523
-0.34801917086597495,-0.19158724835449514,0.1564319225114798
0.3390480413726362,0.3356727002688338,0.003375341103802443
-0.9263362518693643,-0.738712386234416,0.18762386563494826
0.6905555430383166,0.4698353150144144,0.22072022802390218
0.03586360339394495,-0.05710467204126491,0.09296827543520986
-0.5726850190283369,-0.38062071691088445,0.19206430211745246
0.9111536263810524,0.7723155467549501,0.13883807962610228
0.651847272449035,0.31034432727108613,0.3415029451779488
-0.5525237726612856,-0.35692816798348753,0.19559560467779807
0.9739505730620499,0.7616312030292552,0.21231937003279466
0.43392466001174074,0.07585641356963785,0.3580682464421029
-0.4656946698756405,-0.26160577240271243,0.20408889747292808
0.5272907800607085,0.6186641810238579,0.09137340096314939
0.9382545008463163,0.7398126726737252,0.19844182817259115
0.3342761021162912,0.3290569578929,0.005219144223391203
0.5919356652367165,0.5213991644591222,0.07053650077759432
-0.7847828129850107,-0.6622269636268999,0.12255584935811081
0.4225989031776114,0.19345576445850737,0.22914313871910402
-0.3998944411266214,-0.39994998719597497,5.554606935354034e-05
0.379564584522515,0.1793896801200613,0.20017490440245372
0.18710353194770252,0.25252461222969974,0.06542108028199722
0.9063954867806139,0.7268267741820625,0.17956871259855134
-0.9273015932837815,-0.7295918122488017,0.19770978103497983
-0.866155730841104,-0.7575152348564218,0.10864049598468217
0.7033706145450024,0.6012644299357998,0.10210618460920262
-0.8691904734974839,-0.7096813609521968,0.1595091125452871
0.3497863973866782,0.3490860597035748,0.0007003376831034025
0.6479139610456842,0.5712023152586153,0.0767116457870689
0.9387878635324532,0.6864316524997088,0.2523562110327444
-0.9216571948339359,-0.6657733557340441,0.2558838390998919
-0.6236601489084747,-0.41987099780286935,0.2037891511056053
0.43527535728900213,0.2616513984788456,0.17362395881015652
0.9155203606285078,0.6875270865056811,0.22799327412282677
-0.7611761911123258,-0.5347352145375536,0.22644097657477225
-0.7259345349570597,-0.611788135546072,0.1141463994109877
0.6385630534381912,0.5654346887558244,0.07312836468236683
0.9138546594180017,0.717824168367271,0.19603049105073067
-0.13688107197741284,-0.026157674009700708,0.11072339796771213
0.5752729218856637,0.5700282418784789,0.00524468000718481
0.44434591974677007,0.41334740974655915,0.03099851000021092
-0.8870145168496137,-0.711432012123518,0.1755825047260957
-0.8848013937519363,-0.651286585287166,0.23351480846477035
-0.8638754024534891,-0.6348417164060433,0.2290336860474459
0.5387770142123895,0.49408018653287517,0.044696827679514384
-0.014394481848986604,-0.09223088424961418,0.07783640240062757
0.5517175925288309,0.5063805313916544,0.045337061137176504
-0.16180628155243185,0.10202306528971561,0.2638293468421474
0.4349165721385931,0.5973944727753459,0.16247790063675277
-0.5002657223698275,-0.46050160085149194,0.03976412151833553
0.9471082714857033,0.7352046949161264,0.21190357656957692
-0.37180208657680924,-0.2077023737986394,0.16409971277816984
0.1951413615210871,0.0676897216354602,0.1274516398856269
-0.3185965299038983,-0.1681130041363588,0.1504835257675395
0.7827919101824695,0.5331792897149024,0.24961262046756716
-0.899573429269478,-0.7192531685451264,0.1803202607243516
0.01654122954241129,-0.0812170084539061,0.09775823799631739
0.01758701663712634,-0.15751538616660446,0.1751024028037308
-0.2779911429033949,-0.3009359257185577,0.022944782815162823
0.0022905826479837402,-0.16778407983265453,0.17007466248063827
-0.5915391247875323,-0.395140204662543,0.19639892012498933
-0.4403791059475328,-0.41314001630550734,0.027239089642025482
0.04134467030403686,-0.04237394641809711,0.08371861672213396
0.42321007097598634,0.24982690106479927,0.17338316991118707
-0.9328933629697257,-0.7044979087031504,0.22839545426657526
-0.8409641510630562,-0.615272513465081,0.22569163759797517
0.8724454795466058,0.706107509270587,0.16633797027601882
0.12325238466075401,0.16248366352893287,0.03923127886817886
-0.37491987709193536,-0.1979296843201679,0.17699019277176747
-0.6402519417023855,-0.4316108514315199,0.20864109027086564
-0.24073564596005845,-0.10936455071758096,0.13137109524247748
-0.40493827233787816,-0.5837799455613385,0.17884167322346034
-0.3011013407725265,-0.15835140263560402,0.14274993813692247
-0.4382116126711543,-0.4153244530632227,0.02288715960793164
0.3067352429902033,0.1559639039901069,0.15077133900009643
-0.7622251406575443,-0.5355589353686098,0.22666620528893455
-0.55156071175958,-0.49854770991939995,0.05301300184018004
-0.9480064014492285,-0.735570610263859,0.2124357911853696
0.827529956455269,0.5761758319593364,0.25135412449593253
0.943942954580903,0.7434643935025477,0.20047856107835538
-0.43494125157741265,-0.4021437379255123,0.03279751365190037
0.22867481416714644,0.2659957404678351,0.037320926300688645
-0.21003078269226327,-0.08265053834077718,0.1273802443514861
-0.8073669461690214,-0.6652774536031384,0.142089492565883
-0.4337762597943846,-0.480117760209971,0.04634150041558638
0.527949725867183,0.18232225263878524,0.3456274732283978
0.7472220404073884,0.5291497827768022,0.21807225763058613
-0.9719465356705601,-0.7964925050483794,0.17545403062218068
-0.9446320896054845,-0.7226795204984966,0.2219525691069879
0.2686071432648477,0.11092676013679822,0.15768038312804947
-0.9463174992755606,-0.7362605240965615,0.21005697517899913
0.6994221753885089,0.4936179362193755,0.20580423916913343
-0.7794502315048747,-0.5560753854035873,0.22337484610128744
0.6311908604150441,0.3888745914008548,0.24231626901418934
-0.7962954430299659,-0.5025877222320375,0.2937077207979284
-0.9390311386696762,-0.776108884377706,0.16292225429197027
0.5744881063393814,0.774824269767166,0.2003361634277846
-0.6148192019205584,-0.532062500934652,0.08275670098590637
-0.9437259423626088,-0.7402858391465504,0.20344010321605832
-0.5878734294208184,-0.5209819031525325,0.06689152626828598
-0.6772322447629384,-0.3313686848038392,0.34586355995909923
0.8875064078653512,0.7388457125019465,0.14866069536340465
0.9232998796061387,0.731577565001304,0.1917223146048347
-0.6170220212036013,-0.5454040071363461,0.07161801406725521
-0.7935036666939648,-0.6493826473711249,0.14412101932283983
-0.8179874271122566,-0.6756510640275578,0.14233636308469877
0.8098692383151285,0.5774701802623655,0.23239905805276295
-0.5193531556838163,-0.3313917540306237,0.18796140165319264
0.3396448473564487,0.17415334098242846,0.16549150637402021
0.8623132640601346,0.6247480817270511,0.23756518233308355
0.45882989622199893,0.4332957928739798,0.025534103348019144
0.8426202486412618,0.6060614141657242,0.2365588344755376
0.902348732960021,0.6678731142593306,0.23447561870069045
-0.7539828933160075,-0.6266003694304098,0.1273825238855978
0.4949743699025809,0.3084664039401147,0.18650796596246622
0.5656866955130603,0.3661458963108557,0.19954079920220458
0.18057687012089382,0.06111430799944763,0.1194625621214462
-0.22059610868530916,-0.25779708165836884,0.03720097297305969
-0.7622656135811331,-0.4342702148271893,0.3279953987539438
0.557330453698842,0.5107464026389246,0.046584051059917475
-0.5206732332980772,-0.32989589460260904,0.1907773386954682
0.6272866670059396,0.36968520918462827,0.25760145782131133
0.7878224526553796,0.5597072842553046,0.22811516840007506
-0.25901670089331025,0.0300231810902299,0.28903988198354014
-0.375780825274655,-0.37813868904408976,0.0023578637694347537
-0.8943541368945805,-0.7141765673628607,0.18017756953171982
0.19673368775530156,0.2333749444421628,0.036641256686861245
-0.9433014047724056,-0.7289360865138182,0.2143653182585874
-0.6040182723599412,-0.4136162615598924,0.19040201080004882
-0.8968183754049508,-0.7692744470439762,0.1275439283609746
-0.5114757506343847,-0.25187226733455975,0.2596034832998249
0.1735041816017653,0.24763443621786418,0.07413025461609887
-0.524661813912647,-0.4785285912738666,0.04613322263878039
-0.0644559268335508,-0.13657861847369815,0.07212269164014735
0.14023282276492247,0.43462476705467545,0.294391944289753
0.8751574261147896,0.7640666192936383,0.11109080682115136
-0.8235359052584414,-0.6577820489411443,0.1657538563172971
0.17296478230257334,0.048249289003988026,0.1247154932985853
0.8293461471485157,0.6932140409441562,0.13613210620435956
0.7305658028357785,0.6083404563770874,0.1222253464586911
0.7491555731102437,0.6476846741543605,0.10147089895588324
0.9129410790322958,0.7239682713811978,0.18897280765109803
0.8864036680753637,0.7110701237203535,0.17533354435501025
0.7010476968872782,0.48188102040723696,0.21916667648004123
0.9499869097713388,0.7560337320410722,0.19395317773026666
0.8774383089567478,0.6391057221012364,0.2383325868555114
0.9226809647832632,0.7287597190556196,0.19392124572764358
-0.8394805251229841,-0.6115833346593332,0.22789719046365087
0.5552160618537058,0.5017459363413317,0.05347012551237407
0.23466175045085727,0.0972902737826254,0.13737147666823185
-0.9172588526680967,-0.6904785709882827,0.226780281679814
0.7454292690320944,0.6788733380912225,0.06655593094087187
-0.7929871873181635,-0.5644204287299328,0.22856675858823072
0.723936795219969,0.49156014495412836,0.23237665026584065
0.13869309939329005,0.017025492845610175,0.12166760654767989
0.7533121419685372,0.5277675539086405,0.22554458805989674
-0.9212367798268836,-0.7991149305496925,0.12212184927719105
0.3070044181523685,0.15543948227671492,0.1515649358756536
-0.8910693968376115,-0.7282766770347306,0.1627927198028809
-0.7358967982550892,-0.6296362107310839,0.10626058752400536
-0.35167317640054296,-0.19697729054934768,0.15469588585119529
0.5241888767139621,0.4760093367868699,0.048179539927092174
0.8994620078046701,0.7142602844438583,0.18520172336081187
0.08954993334682895,-0.015008585977244413,0.10455851932407337
0.5476636886313702,0.34971149595859063,0.19795219267277953
-0.8732117067543032,-0.6062146421533121,0.26699706460099104
0.8853825495940277,0.6581116428662293,0.22727090672779848
-0.9424343365612563,-0.7274714556242263,0.21496288093702998
-0.04565745582928223,0.3024436773977343,0.3481011332270165
-0.7665855204003499,-0.6446385423723686,0.12194697802798127
0.9035965075249881,0.6624659204596696,0.24113058706531854
-0.31678697520628274,-0.3259441262550945,0.009157151048811762
-0.34549262659683677,-0.1910706988899141,0.15442192770692267
0.5646229864020348,0.3687973529741331,0.1958256334279017
-0.0708624770425888,0.027712108146367945,0.09857458518895675
-0.3768395026297593,-0.15193776045559998,0.2249017421741593
0.7419673162366893,0.624883333439106,0.11708398279758336
0.7528669888531728,0.6428451216423416,0.11002186721083118
-0.35445046124446034,-0.34971263306215844,0.004737828182301895
0.9359538774532289,0.7035236523270529,0.23243022512617595
-0.8966320390522019,-0.7120270906585838,0.18460494839361807
0.16055377746112623,0.2046098749483634,0.044056097487237184
0.8332811747475787,0.604005082874258,0.22927609187332065
0.9207137529333623,0.6887947597491842,0.23191899318417808
0.9361326103156984,0.7166017812885265,0.21953082902717191
-0.5077047095329622,-0.2703222331307367,0.23738247640222548
-0.001444585351727258,-0.0934640255179022,0.09201944016617494
-0.7807740476543243,-0.643173762745305,0.13760028490901932
0.2649974000736264,0.11860415393479481,0.14639324613883156
-0.9368043837908715,-0.6989093759382652,0.2378950078526063
0.7063885457781712,0.6082158537444272,0.09817269203374401
0.33027031556177805,0.33903198572610954,0.008761670164331492
-0.9475056496152742,-0.7233021118323205,0.22420353778295365
-0.24149923719512767,-0.10334233072277463,0.13815690647235304
0.4159920111401742,0.23425987588405267,0.18173213525612153
0.808406346598452,0.6738786565017114,0.1345276900967406
0.07399717877807997,-0.02510899498111582,0.0991061737591958
0.9361451173026712,0.7120949600570458,0.2240501572456255
-0.2165826687744578,-0.27742884636062903,0.060846177586171224
0.6141975499142328,0.5429129902401396,0.0712845596740932
-0.6982254270673472,-0.48669277934218114,0.2115326477251661
0.7685031372243031,0.6892745990139824,0.07922853821032072
0.7492437931860111,0.5216332460847618,0.22761054710124928
0.032602207476870516,0.09548905649631674,0.06288684901944622
-0.948053885394112,-0.7239057958211776,0.2241480895729343
-0.17327029591276225,-0.22296666049498978,0.04969636458222754
0.9497624469314022,0.7354828049328381,0.21427964199856409
-0.5162423057567693,-0.2669581671086177,0.24928413864815163
-0.9453455803738431,-0.7223633388424512,0.2229822415313919
0.36302120140706606,0.20270532876348293,0.16031587264358313
-0.8630976624152161,-0.6380624815822087,0.22503518083300744
-0.30100091630848763,-0.15774818113283776,0.14325273517564988
-0.3860050406370543,-0.19766413778360875,0.18834090285344557
0.3070027749223309,0.3495919557188999,0.04258918079656898
0.8090963657220948,0.5818808663318863,0.22721549939020846
-0.28290257478183994,-0.14198327922188528,0.14091929555995467
0.2612670986179083,0.29513730739171673,0.03387020877380842
0.15972974644762847,0.19297238388663737,0.033242637439008904
-0.8100237547330137,-0.5844008776315798,0.22562287710143392
-0.6941397152837654,-0.4641528849651521,0.22998683031861328
-0.468865998581777,-0.44129790533136587,0.027568093250411152
-0.5655195172965587,-0.366107661781283,0.19941185551527568
0.8915776640945978,0.6615503072875974,0.23002735680700037
-0.6657413336394205,-0.650382909915782,0.015358423723638492
0.5446268018248661,0.3413546883934661,0.2032721134314
0.28570716258898166,0.30333578980640824,0.017628627217426585
-0.9474669464433988,-0.7340634216332755,0.21340352481012326
-0.7507294070265924,-0.7529383592032971,0.0022089521767046927
-0.7846210493129535,-0.65268509178896,0.13193595752399356
-0.8463192410861742,-0.6779291786535979,0.16839006243257626
0.9006955592555228,0.682428358038686,0.21826720121683685
0.22142677868177332,0.027381644793670154,0.19404513388810318
-0.5760082091255255,-0.3756258922872087,0.2003823168383168
0.701703782680098,0.48887534474416444,0.2128284379359336
-0.834238112592013,-0.6899756978377817,0.1442624147542313
-0.7304780095867002,-0.5091486577594055,0.22132935182729463
0.8661927045889366,0.6288676782219673,0.23732502636696928
-0.6579108412563818,-0.4413004447234549,0.21661039653292685
-0.9034289736443812,-0.6750685592288479,0.22836041441553334
-0.04236168751836308,0.04896355001963569,0.09132523753799876
0.9437675976942446,0.7183882978150994,0.22537929987914518
-0.05634738005022151,0.03741747838758082,0.09376485843780233
0.3055729018762558,0.3218988306895047,0.016325928813248902
0.7813932823302817,0.46458644992678766,0.31680683240349405
0.431132495073365,0.2652468162535048,0.16588567881986016
-0.6185300664633506,-0.544532805484062,0.0739972609792886
-0.10211433088538216,-0.3474992955164994,0.24538496463111723
-0.17102130750106975,-0.21278021660537516,0.04175890910430541
0.3365193091607198,0.3966314602318194,0.06011215107109957
-0.5312147778709779,-0.3509028647922717,0.18031191307870625
0.7815641357326915,0.562539796340776,0.21902433939191546
0.9025108350484884,0.6712312519820828,0.23127958306640561
0.6762611457087324,0.41696173890247046,0.25929940680626196
0.5998836171546423,0.5383801450756249,0.06150347207901741
0.6466426267757999,0.6913262932753191,0.04468366649951927
-0.9300299362009774,-0.6949465844879598,0.23508335171301764
0.6857144376054984,0.47437487734387573,0.2113395602616227
-0.4741180094298543,-0.2369725323191232,0.2371454771107311
0.9492157318674386,0.7289534723180785,0.22026225954936007
0.5597945280983108,0.5095582735220724,0.05023625457623837
0.8797211803193297,0.6530265259216091,0.22669465439772052
0.8764719569199164,0.6457524119303013,0.2307195449896151
0.6795504404850701,0.3035379581601821,0.376012482324888
-0.7355661373505091,-0.5099917188335231,0.225574418516986
0.504970311316381,0.31216668421345284,0.1928036271029282
0.35927855673440107,0.3622241961391622,0.0029456394047611134
-0.8098698869013173,-0.5809507182518591,0.22891916864945827
-0.7206652281894038,-0.6128918408548247,0.10777338733457908
0.16113564487381338,0.1993674179804295,0.03823177310661613
-0.8525978507706796,-0.6880576011802517,0.1645402495904279
-0.7415399077356267,-0.619157346830144,0.12238256090548272
-0.453522498560276,-0.24706845802516575,0.20645404053511024
-0.9072860940869998,-0.6787000002872386,0.22858609379976114
0.17506062610946896,0.040382268781224494,0.13467835732824446
0.9479918513114581,0.7340436893548974,0.21394816195656075
0.5605187098039166,0.5026277409679927,0.05789096883592393
0.5440437594690158,0.4888372951374338,0.05520646433158205
0.9493507521716243,0.7315785536916273,0.21777219847999707
-0.6057072723552926,-0.5428969262535748,0.06281034610171787
-0.16382474525698207,-0.02697577957713207,0.13684896567985
-0.9475405497614914,-0.7380139973768052,0.2095265523846862
0.1974274941582919,0.24537135584413267,0.04794386168584078
0.7732914365171591,0.4568673137722334,0.31642412274492576
0.06423346269578181,-0.11309722841473258,0.1773306911105144
0.45191176042375447,0.2789584651823098,0.17295329524144465
0.6901094350667797,0.5927543003685748,0.09735513469820489
-0.507277547837003,-0.3217427427901675,0.18553480504683545
0.6595005777965751,0.44682100039363365,0.21267957740294147
-0.6938808182717314,-0.4850984469443034,0.20878237132742805
0.18417384033329753,0.24090205677818263,0.0567282164448851
-0.5094849526536164,-0.685865378900269,0.17638042624665262
0.9215478530773021,0.6924991983632973,0.22904865471400482
0.4076148025000575,0.24232353755048083,0.16529126494957666
0.7271788375478425,0.6057963380619091,0.12138249948593338
0.6991743682735723,0.5959008480900756,0.10327352018349667
0.8317049670410331,0.5970228414977672,0.23468212554326595
0.9565946434856094,0.7718356333706824,0.184759010114927
-0.273836243442797,-0.2991755584984135,0.025339315055616485
-0.9452203119717593,-0.7218945813273803,0.223325730644379
0.6966625788979754,0.36142278349549184,0.3352397954024836
0.6061966832159668,0.3936620928009178,0.21253459041504896
-0.6038006368397596,-0.4056090935125714,0.1981915433271882
-0.3937293670419266,-0.376599942999668,0.017129424042258645
-0.5573250722631987,-0.5994839430265699,0.042158870763371215
0.25053025352586383,-0.02725463092942928,0.2777848844552931
0.9585173971013068,0.7246798472254388,0.23383754987586802
0.7680317618140329,0.5494926342187537,0.21853912759527916
0.42580260394842584,0.25654039889852376,0.16926220504990208
-0.9206576174969233,-0.7004252674063712,0.2202323500905521
-0.5564611670342821,-0.5037815370605159,0.052679629973766184
-0.46269576491746794,-0.28677870856627197,0.17591705635119598
0.2935340245386969,0.15604750393753036,0.13748652060116656
-0.8528617663381759,-0.611644172564754,0.2412175937734219
0.14054551721914962,-0.03872269962789486,0.17926821684704447
0.5896855484310134,0.6562803177465009,0.06659476931548747
-0.2607537396275727,-0.10910217985195757,0.15165155977561512
0.890242666726273,0.6597588683734936,0.23048379835277932
-0.7406900124450828,-0.6320659506095534,0.10862406183552942
-0.911161631545323,-0.6662923368484366,0.24486929469688645
0.33158504114624077,0.3357579763466176,0.004172935200376815
-0.5015010975379256,-0.44639982626095587,0.05510127127696973
0.9542522078392297,0.7590381460203074,0.1952140618189223
-0.1404868003673751,0.07809848413185554,0.21858528449923065
-0.9475054206961899,-0.7304866575982152,0.21701876309797474
-0.9373644801307454,-0.7285836174365925,0.20878086269415286
0.8998855422851616,0.6673561685051056,0.232529373780056
-0.4563574396441075,-0.4238525897711559,0.0325048498729516
0.3489936194768188,0.3537667053263251,0.004773085849506309
-0.6431203742450688,-0.5805793744899638,0.06254099975510508
-0.30546109996405885,-0.3058790175844438,0.0004179176203849555
0.43257126979814936,0.2598945789617272,0.17267669083642218
0.9342762279113205,0.7337841649959678,0.2004920629153527
0.10735477057837564,-0.1730643588872476,0.28041912946562325
-0.1089783410764262,0.0025370562697930596,0.11151539734621926
0.4543374523913777,0.23218685429518396,0.22215059809619372
0.31116262476017725,0.31610890545225845,0.004946280692081195
0.5227398874082368,0.4805513351411069,0.042188552267129975
-0.27620826133351956,-0.2910941945285251,0.01488593319500553
0.5614695515562507,0.507981170545626,0.0534883810106247
-0.2510196888707251,-0.12024239642238334,0.1307772924483418
0.2514172808183445,0.32348728538749516,0.07207000456915064
-0.8784204454593814,-0.6562836522848526,0.22213679317452872
-0.42290206264775987,-0.24733392214654187,0.175568140501218
-0.02197610821627379,0.06789180964243888,0.08986791785871268
0.5012344753074717,0.44796922376509374,0.053265251542377934
0.8345476341924328,0.5837659583129995,0.25078167587943334
-0.7518738424338514,-0.5246521561841861,0.2272216862496652
-0.8706805692558078,-0.7068253755127364,0.16385519374307145
0.44904978205980933,0.2691594128208514,0.17989036923895796
-0.42734880270177983,-0.2540278333721756,0.17332096932960422
0.34588746227869843,0.323407171124915,0.022480291153783416
0.05684582440559608,0.30825552119381294,0.25140969678821684
-0.3939959503640111,-0.43398444527587227,0.03998849491186118
0.3075784691590593,0.3138736201850421,0.006295151025982826
-0.9178063123345496,-0.7794256626965878,0.13838064963796182
-0.9026294980165185,-0.6726549250058211,0.22997457301069735
-0.33039989695858785,-0.15637223645352466,0.1740276605050632
-0.5718862850379824,-0.37387557749222033,0.1980107075457621
0.14270034370302523,0.20198329818390245,0.059282954480877226
0.9451826985243307,0.7354146886015122,0.20976800992281852
-0.9465354873529489,-0.7913429576738631,0.1551925296790858
0.5922919894329062,0.3865920061510602,0.20569998328184597
0.011033727102007677,0.09335946636097338,0.0823257392589657
-0.19084184396306453,-0.06931433298166421,0.12152751098140031
-0.016564860030585788,0.05940475042418298,0.07596961045476877
0.003080729092927346,-0.08167239089579495,0.0847531199887223
0.8915782695073732,0.728892407363606,0.16268586214376712
0.888653456173859,0.7276493034769479,0.16100415269691115
0.8959522833348194,0.741995889480148,0.1539563938546713
-0.2477942004358461,-0.04697002886168857,0.20082417157415752
0.0879298143790898,0.1643216957693934,0.0763918813903036
-0.8577638275846307,-0.7016536888248623,0.1561101387597683
0.8027045895123965,0.7342326556102214,0.0684719339021751
-0.7257948806800135,-0.4996885450379863,0.2261063356420272
0.8043007686098607,0.6668736398358661,0.13742712877399454
0.9413577547904888,0.7360527090399882,0.20530504575050057
-0.9277142415137385,-0.8156984653805288,0.11201577613320968
-0.729122202216345,-0.6190669661497343,0.11005523606661072
0.468157056018099,0.4419447130539659,0.026212342964133106
-0.7851492423819155,-0.6622934517746827,0.12285579060723284
-0.8807640848646163,-0.6689983010737565,0.21176578379085986
0.940814007181389,0.7138693767192602,0.22694463046212876
0.08077374957924688,0.14357141913896632,0.06279766955971944
-0.9076082554583814,-0.7422043650433638,0.16540389041501757
-0.27868610361507096,-0.13399463492155922,0.14469146869351174
0.27191669494946946,0.09680654069571513,0.1751101542537543
0.30454245266560576,0.15345376471779662,0.15108868794780914
-0.8690429640339973,-0.6332166622044314,0.23582630182956588
-0.1872794581929335,0.09984800145493677,0.2871274596478703
0.7943636655539584,0.5621406757922455,0.23222298976171296
-0.23157692655208192,0.03910617217440112,0.27068309872648305
0.8716077254650232,0.6430154285329102,0.22859229693211303
-0.8286006915143485,-0.5951886855479119,0.23341200596643652
-0.9596693020293625,-0.7564969819925336,0.20317232003682895
-0.4368583559072087,-0.4222900012127468,0.014568354694461882
0.9618255097368221,0.7886449355011824,0.1731805742356397
-0.1955983301089781,-0.06702507094390132,0.12857325916507678
-0.8586321888944145,-0.7484538796555993,0.11017830923881522
-0.8633825690888672,-0.6399768876568549,0.22340568143201234
-0.9482752938858131,-0.729172931500724,0.21910236238508907
0.8127144514148125,0.5800719041254374,0.23264254728937506
0.9478073038526554,0.7281598057958043,0.21964749805685113
0.8581750932688299,0.6204017556518863,0.23777333761694364
-0.8668865236774231,-0.7213549915788157,0.14553153209860747
0.9088292182997304,0.6215362211908747,0.2872929971088557
0.8697517866015727,0.6402208206846837,0.22953096591688904
-0.35443657941006856,-0.08183039449578998,0.27260618491427857
-0.9334633171635567,-0.7249389555027603,0.20852436166079635
-0.7934700496839676,-0.5634117255845186,0.23005832409944904
0.9497584067760984,0.7414388092469111,0.20831959752918727
0.9237140244922887,0.7154622908777012,0.2082517336145875
0.9408419092562109,0.7229774065349525,0.21786450272125846
-0.9457670607938206,-0.7010509887841228,0.2447160720096978
-0.09974882259033856,-0.16686056467476673,0.06711174208442817
0.04819590767745282,0.11996414662996367,0.07176823895251086
-0.1061798119922573,0.002797219261308327,0.10897703125356563
-0.9050075289935837,-0.6790115635961321,0.2259959653974516
-0.49669796306214997,-0.31053412160409893,0.18616384145805104
-0.9414790667583571,-0.7236789027026475,0.21780016405570968
-0.690102102342082,-0.4750594174893178,0.21504268485276423
0.7653214502388351,0.5181694259129966,0.2471520243258385
0.9496643066924727,0.7368912605133001,0.2127730461791726
0.8811367057092321,0.7095190007604132,0.1716177049488189
0.3151120851870141,0.16501694983909873,0.15009513534791538
-0.5229515312852562,-0.4861514991459324,0.03680003213932376
-0.7748061937171787,-0.5064830075865824,0.26832318613059636
-0.43464476898374116,-0.41073973177445317,0.023905037209287994
-0.029965803189833422,0.06029166256297244,0.09025746575280587
-0.9008549703492967,-0.722551806622454,0.17830316372684274
0.278172316878089,0.31189633477976336,0.03372401790167434
0.19697121562284456,0.4403361878205769,0.24336497219773232
-0.914753802484491,-0.7240653985469432,0.19068840393754782
-0.19637256476031692,-0.06513482313653421,0.1312377416237827
-0.20982068704924753,-0.25735839739366334,0.04753771034441581
0.4868436642974542,0.49071181647042095,0.0038681521729667656
0.9388271906741676,0.7313603851030283,0.2074668055711394
0.317063513737805,0.16781795562163482,0.14924555811617018
0.7525762142226098,0.6229559310413437,0.12962028318126606
-0.3966416773292444,-0.3758105975063748,0.02083107982286958
-0.7102017393421087,-0.7073261948245608,0.002875544517547901
0.708823666115239,0.6083804419452434,0.10044322416999552
-0.6286303156813413,-0.42292806381323905,0.20570225186810226
-0.9350745969741016,-0.777284608411187,0.1577899885629146
-0.1869795767484414,-0.4857472718909566,0.2987676951425152
-0.6382992832398718,-0.42726469964302544,0.2110345835968464
-0.22983169756048663,-0.2563234891420959,0.026491791581609275
-0.7532959303146407,-0.629799244352848,0.12349668596179275
-0.9021918162342015,-0.787113016932101,0.11507879930210052
-0.9464662572843143,-0.7269836476790946,0.2194826096052197
0.05776478951387286,0.13471919307341917,0.07695440355954632
0.9676066142887075,0.8056125054967421,0.1619941087919654
0.08004059762862027,0.14143964450420737,0.0613990468755871
0.6340124564245017,0.4316285885400416,0.20238386788446006
0.9205771008852318,0.7368736354567642,0.1837034654284676
-0.8565606981111903,-0.6787997548865966,0.17776094322459368
0.6468309826657079,0.43851524676872633,0.2083157358969816
0.8129575734231128,0.5855432880343237,0.22741428538878916
-0.08753532719667911,-0.15169387573079232,0.06415854853411321
0.5677773870947106,0.35160366003881793,0.21617372705589266
-0.7640610465850037,-0.5418722782320654,0.22218876835293833
-0.6546389924174555,-0.4399596979232979,0.21467929449415757
0.4586938582996492,0.2800977368412436,0.1785961214584056
-0.42261020313410025,-0.21033381337400572,0.21227638976009452
-0.14183256689095247,-0.2065669543704341,0.06473438747948163
-0.4093709546802801,-0.3981224671043921,0.011248487575888033
0.10125580869113696,0.37708133132092275,0.27582552262978577
-0.003816741984837783,0.1884505020155109,0.19226724400034867
-0.8641468181485008,-0.6285790769879407,0.23556774116056012
-0.2983956752278387,-0.3239076234333157,0.025511948205476975
0.45764518822975647,0.4245182522108712,0.03312693601888528
0.23510320255935668,0.26080272896817297,0.025699526408816287
-0.31951486686078906,-0.07853902082123033,0.24097584603955874
0.9115074587344202,0.6895384224213178,0.22196903631310239
-0.8745198920975956,-0.7109488278977241,0.16357106419987155
-0.7021019565894365,-0.4790039270354001,0.2230980295540364
-0.37539012558211005,-0.562559891420758,0.18716976583864797
0.09230259748240409,-0.12250454068296814,0.21480713816537222
-0.919263668769571,-0.7300237547601526,0.18923991400941842
0.9268518771931709,0.6322770625460337,0.2945748146471372
0.49904250975297043,0.44517462135971086,0.053867888393259566
-0.899070461211923,-0.6659310492613515,0.23313941195057153
0.20422652044186673,0.3814937623033454,0.17726724186147869
0.9234227890041734,0.7657683940232135,0.1576543949809599
0.7147144316671028,0.5021461220544201,0.2125683096126827
0.6447665612591561,0.5630719971734085,0.0816945640857476
-0.005955339476897158,0.0756502850093761,0.08160562448627326
-0.008182935340619885,-0.0965057249083057,0.08832278956768581
-0.14086589545849496,-0.19738679723718458,0.056520901778689625
0.9275800534256128,0.7359867400017266,0.1915933134238862
-0.20477858754027778,-0.22883417085542432,0.02405558331514654
-0.8083807605500253,-0.5753570195907619,0.23302374095926337
-0.7085488306178886,-0.6627587104467374,0.04579012017115125
-0.35629915235455895,-0.35298955865540926,0.003309593699149682
-0.33315390436235204,-0.17569141860362988,0.15746248575872215
-0.9162381189088321,-0.8091887545518225,0.10704936435700962
0.9379303981196601,0.7180200604539959,0.21991033766566415
-0.31724047994731724,-0.3367846905582263,0.019544210610909052
0.689935999064599,0.5769397319317797,0.1129962671328193
0.15370456595728996,-0.08204728136290708,0.23575184732019705
-0.9397928850537431,-0.7116344177426023,0.22815846731114087
0.2812034728730573,0.13358770450572827,0.14761576836732904
-0.8533420936004495,-0.6355571983161092,0.2177848952843403
-0.8271710713852031,-0.5537525161101026,0.2734185552751005
0.5843061212151128,0.3808356276596723,0.2034704935554405
0.1899181162422883,0.2222580037980682,0.032339887555779906
-0.8472048934601901,-0.7290309038801432,0.11817398958004688
-0.5268159659544124,-0.5543041997555914,0.02748823380117904
-0.001626502206108088,0.29839934196729523,0.30002584417340333
-0.32714627565358345,-0.3963290599638003,0.06918278431021685
0.5368049526732922,0.47589374337657697,0.06091120929671523
0.9383545122360682,0.7319183192770824,0.20643619295898585
-0.8630202622106975,-0.6263232271607874,0.23669703504991013
-0.14649025226675738,-0.025722857704705164,0.12076739456205221
-0.6652351076052574,-0.5794920462044039,0.08574306140085353
0.1907964333840905,0.23063698263808174,0.03984054925399125
-0.6040435095520759,-0.24129533332927922,0.36274817622279665
0.7413301131416183,0.630822772654497,0.1105073404871213
0.748046220686815,0.7106049704051708,0.037441250281644245
0.021889577209451012,-0.06145498866840127,0.08334456587785227
-0.5864318759368785,-0.3450643871506594,0.2413674887862191
0.09906940450477973,-0.008304513225484957,0.1073739177302647
-0.7068627624174852,-0.488260248061787,0.21860251435569822
-0.5654685648948757,-0.5082202936559623,0.057248271238913406
0.02759696712289887,-0.06400608040142544,0.09160304752432431
0.45451739413756176,0.27513359684067995,0.1793837972968818
0.338508332242025,0.05015775388561553,0.2883505783564094
-0.06320896553019036,0.12719374760215837,0.19040271313234874
0.895858737738968,0.6734594235870192,0.2223993141519488
0.9306402037922514,0.7355932749907756,0.19504692880147578
-0.20424817871572717,-0.24735064953034377,0.0431024708146166
-0.4395686462679829,-0.2700598459472752,0.1695088003207077
0.8049939186421344,0.5164751753485222,0.28851874329361227
-0.8800997476941491,-0.6119973382326966,0.2681024094614525
0.8671513957114934,0.6348100225535753,0.23234137315791803
-0.13725118720732832,-0.19217321674371138,0.05492202953638306
0.3456799745226649,0.18425813775022246,0.16142183677244246
-0.9422892992983241,-0.7139127012021607,0.2283765980961634
0.9399472632754642,0.7878812165105663,0.15206604676489788
0.2009757974003727,0.0787110729727201,0.12226472442765259
-0.3508056905551139,-0.34786386685248977,0.0029418237026241356
-0.9758247998716812,-0.7940996160634903,0.18172518380819092
0.3699092933508756,0.2140201688041914,0.1558891245466842
0.18353905598383374,0.058469022747146986,0.12507003323668675
-0.48301203044108537,-0.44723875770057064,0.03577327274051473
0.724184628281826,0.6175135813311183,0.10667104695070762
0.06187340507000038,0.13232606962257198,0.0704526645525716
-0.11344145838855652,0.005256724036966194,0.11869818242552271
0.8253336072601224,0.602240076298544,0.22309353096157836
0.5998229120506623,0.5310556970283475,0.06876721502231475
0.23291933195708742,0.26386505470952165,0.030945722752434235
0.6329238363094056,0.5681803727148679,0.06474346359453775
0.3878874205185132,0.370419258977474,0.017468161541039195
-0.38058520597705325,-0.39251812705714845,0.011932921080095193
0.21094142011189568,0.26713603051101636,0.05619461039912069
-0.04505579499624997,0.058796119966105086,0.10385191496235505
0.10401907761510414,0.17164935931575093,0.06763028170064679
-0.528129154427326,-0.3310908504725743,0.1970383039547517
0.5706386087871799,0.2908762192796379,0.27976238950754195
-0.5636840020541476,-0.5170356682473408,0.046648333806806774
-0.6618218076361252,-0.5705436732457702,0.09127813439035504
-0.6571386325734946,-0.5877835097257479,0.0693551228477467
-0.19529446982079174,-0.23357890063601028,0.03828443081521854
-0.8879606353248979,-0.6548907514161338,0.23306988390876404
0.6496066050024448,0.44506692111627016,0.20453968388617466
0.7008823189630885,0.39059690459235247,0.31028541437073603
0.24653797194591873,0.2941468551985067,0.04760888325258797
0.9112050516452852,0.7285972965781031,0.18260775506718208
0.21309215274186943,0.07047844473393183,0.1426137080079376
0.10936574269084105,0.16118010653692386,0.0518143638460828
0.8086642278945299,0.5769835941698719,0.23168063372465797
0.8470425824688773,0.6228020170765997,0.22424056539227766
0.3428271640622223,0.18587764224653133,0.15694952181569097
-0.7655423477393636,-0.5431894001504886,0.22235294758887503
0.09516563345410864,0.023254754599898845,0.0719108788542098
-0.16616146197389867,-0.22402559577834896,0.057864133804450296
0.0035653330460029705,-0.13101518354558475,0.13458051659158773
-0.795245482992638,-0.6728517240444833,0.12239375894815463
0.5290338540852113,0.3424009859790504,0.18663286810616092
-0.8626369953663634,-0.537302328711058,0.3253346666553054
0.552473056180256,0.48983749907389296,0.06263555710636304
0.09954054458826361,0.15706059593648655,0.05752005134822294
0.09822707612234174,-0.011083688060560815,0.10931076418290256
0.41278257245797767,0.40524696334641364,0.0075356091115640345
0.7866032426600864,0.6503741290432425,0.13622911361684387
-0.8894739493647791,-0.7532395110456032,0.13623443831917592
0.8174408603784766,0.677030302021318,0.14041055835715865
-0.22950961779796603,-0.08288921292013157,0.14662040487783445
0.9082832422692455,0.728540951455945,0.1797422908133005
0.32024022237250965,0.16244643734727965,0.15779378502523
0.6699263758686423,0.5816357947669235,0.08829058110171883
0.34196684133583904,0.5544993344248486,0.2125324930890095
-0.8799665283330804,-0.6593341015062623,0.22063242682681816
0.9380258956696792,0.7292703066722989,0.20875558899738034
-0.3416667683072385,-0.49373510943237914,0.15206834112514062
-0.941285041234732,-0.7307691201386336,0.2105159210960984
0.6748056499517914,0.3807447180985,0.29406093185329135
-0.8723939440594649,-0.7605967637582471,0.11179718030121777
0.7807902907602374,0.5568858681380104,0.22390442262222698
0.8315958718038713,0.7522385155877561,0.07935735621611517
0.8611031086312154,0.6516570633126324,0.20944604531858302
0.327229621813465,0.16820624481366453,0.15902337699980046
0.5659951751243666,0.5046943590070276,0.06130081611733895
0.9295016591473101,0.7027606615475869,0.22674099759972322
0.8632107392136814,0.6314447654702067,0.23176597374347474
0.929023766000914,0.7987265891406045,0.1302971768603095
-0.8370899941201421,-0.7388301492586701,0.09825984486147199
-0.9472113774113466,-0.7244356230443997,0.22277575436694697
-0.5681742906483261,-0.3793992083620879,0.18877508228623824
0.9676810687439075,0.7839526264298263,0.18372844231408114
-0.3309348245656495,-0.33117194355321605,0.0002371189875665647
0.6345627180225755,0.5512996690942764,0.08326304892829905
-0.20938472018013596,-0.04496419824965423,0.16442052193048173
-0.6383126016918885,-0.4359745250836248,0.20233807660826375
0.3016368051399786,0.15738444939826168,0.1442523557417169
0.23646496158491326,0.2680872173287323,0.03162225574381905
-0.9188951887432646,-0.6893108126584205,0.22958437608484406
0.6302504502130128,0.28255274605301073,0.3476977041600021
0.8072492846472273,0.6745966251266953,0.13265265952053207
0.47583598229461216,0.30099331731613305,0.1748426649784791
-0.43190172914645275,-0.6708352217463318,0.23893349259987906
0.9403107109857377,0.713099431441224,0.2272112795445137
-0.8077756468846022,-0.6645458867178695,0.14322976016673272
-0.9413051834115631,-0.7232413809612898,0.21806380245027335
0.9615359987210792,0.7622509322229255,0.1992850664981537
0.06814676744428139,0.1356074637327349,0.06746069628845353
-0.6306025943561724,-0.4271876878531828,0.2034149065029896
0.6663586087168408,0.5890776894721236,0.07728091924471725
-0.002600481367885005,0.07629417571146348,0.07889465707934848
0.8357893798238965,0.605591975106655,0.23019740471724148
0.28126655734505823,0.3123192385311049,0.03105268118604665
-0.46872065164163257,-0.2912460108203121,0.17747464082132047
-0.6926737362316931,-0.5787348075346754,0.11393892869701772
0.3900382866203983,0.3690276965150707,0.021010590105327576
0.5054189422301519,0.521550345958006,0.016131403727854043
-0.8688285281303321,-0.7094181775045416,0.15941035062579045
-0.9485054655418445,-0.7272048054043888,0.22130066013745564
-0.9617727554795152,-0.7828049215838586,0.17896783389565663
-0.8856419979193699,-0.6544972915033047,0.23114470641606522
-0.5334728453567019,-0.3128365761008073,0.22063626925589463
-0.5824363518853771,-0.525640885211009,0.05679546667436808
0.5379394429533703,0.3328727510684021,0.20506669188496818
0.8969666151101733,0.7149795434694939,0.1819870716406794
0.8778167062064852,0.7745922331296918,0.10322447307679339
-0.2772561289413691,-0.285552363115564,0.008296234174194894
0.5475971454834122,0.4903270554340225,0.05727009004938971
0.45364937277987893,0.4354788589338031,0.01817051384607582
0.9777622053724886,0.8231806237000695,0.1545815816724191
0.341493833270731,0.3511676485067629,0.00967381523603189
0.09880458200079248,0.16936080979088758,0.0705562277900951
-0.8146462862306345,-0.6782356273825682,0.13641065884806636
-0.907543481045668,-0.6836541611554825,0.22388931989018546
-0.6175463000063482,-0.4139914963979425,0.20355480360840572
0.036759823574759896,-0.05275445840617364,0.08951428198093353
-0.08771714869251894,0.02146300330313663,0.10918015199565557
-0.6908498685796877,-0.5813121567651305,0.10953771181455718
0.5334104365783876,0.34230711707619504,0.19110331950219256
0.00574247112195945,0.10252461343992586,0.0967821423179664
0.9661102546403794,0.802252254931323,0.16385799970905635
0.9044471663846919,0.6603875838678536,0.24405958251683835
-0.5843905009675948,-0.5235968239261276,0.06079367704146721
0.2101385954594987,0.05299522150653712,0.15714337395296157
-0.4127178328798421,-0.40097846881468974,0.011739364065152358
-0.586283757187156,-0.37969034288769593,0.20659341429946004
0.8701498531335159,0.642095083221641,0.2280547699118749
0.5381522808697788,0.4910786423826941,0.047073638487084735
-0.4711785920955464,-0.25814458799870854,0.21303400409683787
0.39793969538248986,0.1657914571392586,0.23214823824323125
0.10481633258249198,0.16506995444290098,0.060253621860409
0.45065681178430733,0.2782439547802083,0.17241285700409903
0.1914645597395534,-0.03789237186613845,0.22935693160569184
0.2222098851854222,0.09015985006656688,0.13205003511885532
0.944509132838431,0.7411806333712315,0.20332849946719944
0.7305616314140055,0.5107305484757054,0.21983108293830012
-0.5448940131137344,-0.3475703937580762,0.19732361935565823
-0.8497113787166287,-0.6912457694359014,0.15846560928072728
-0.9233693343920725,-0.7412434183062321,0.1821259160858404
-0.2526554268161015,-0.2733692626232834,0.020713835807181946
-0.525068558147986,-0.47535348272743727,0.04971507542054876
-0.905211456925251,-0.7497464762815378,0.15546498064371317
0.892933755652895,0.7364424145849059,0.15649134106798912
0.2795726902838468,0.4815774485772845,0.20200475829343773
-0.5137993999334113,-0.33587941491584705,0.17791998501756423
0.9213734055612398,0.7853133166324735,0.1360600889287663
-0.7636894136677957,-0.5406511335099871,0.2230382801578087
0.46137991794402833,0.28417864875565624,0.1772012691883721
0.7331937329707858,0.6113414240614432,0.12185230890934262
0.7512891718513947,0.6386444642015943,0.11264470764980039
-0.926449809466508,-0.7209094345644195,0.20554037490208854
0.8022773246090722,0.66002544388449,0.14225188072458217
-0.4850978832708607,-0.4144272479894853,0.07067063528137535
-0.10719297553595225,-0.2658090286233613,0.15861605308740906
0.09381968329326096,0.15645311263995218,0.06263342934669122
-0.3823256771176304,-0.46280845870013604,0.08048278158250566
-0.8610878399659787,-0.6218898636511331,0.23919797631484563
-0.5117081807016728,-0.4662813636870477,0.04542681701462509
-0.11271466701403682,-0.17279316361505848,0.06007849660102166
0.8921687620881041,0.6625159684623755,0.22965279362572866
0.17890284312678315,0.0699286537996072,0.10897418932717595
-0.26711974017606255,-0.13079768697836155,0.136322053197701
-0.8469475077602632,-0.6128094174235903,0.23413809033667288
-0.5362542821098698,-0.4935511676272618,0.042703114482607996
-0.7904022353767051,-0.5744862937544263,0.21591594162227878
-0.0683366243382396,0.03187772780754024,0.10021435214577984
-0.9472355408127282,-0.7305972066190924,0.21663833419363576
0.824932801648531,0.5964016321098874,0.2285311695386436
0.7963328544464772,0.5757125245186963,0.2206203299277809
0.42958313090773154,0.2520331406392515,0.17754999026848006
0.9643031688015311,0.777561961247867,0.18674120755366408
0.7088443024221946,0.7173578452741721,0.008513542851977474
-0.7472443478506574,-0.6343150877459488,0.1129292601047086
-0.8948928056366843,-0.6497072466054098,0.24518555903127448
-0.7486756494372259,-0.630302884405948,0.11837276503127792
0.4970545378707333,0.3161278268465162,0.1809267110242171
-0.9481226188200408,-0.7297936019607529,0.21832901685928785
0.46001038212536965,0.4256990168525368,0.03431136527283285
0.841782620858238,0.6890522741879862,0.15273034667025176
0.4185073899861394,0.4039993081798283,0.01450808180631108
0.7328798154045454,0.6203955567979506,0.11248425860659483
-0.783404393795387,-0.5613214393952293,0.22208295440015768
0.37569273482395055,0.35557531872321013,0.020117416100740415
0.38684751286448166,0.22356100478876487,0.1632865080757168
-0.9195408405572865,-0.6993769946329799,0.2201638459243066
0.453219382605012,0.2848177984769521,0.1684015841280599
-0.2706655527668717,-0.12093841218174951,0.1497271405851222
0.7624302719328968,0.5419155156661217,0.22051475626677508
-0.5853641056616252,-0.3520479067694379,0.2333161988921873
0.9534118757462137,0.8092971015726297,0.14411477417358398
-0.1286661174703019,0.12195417096375202,0.25062028843405393
-0.8607418004697334,-0.6289969084177598,0.23174489205197357
0.5537215804872786,0.4944544390068344,0.05926714148044421
-0.41229311074538877,-0.3953691081305582,0.01692400261483057
-0.4336128519922091,-0.255106053157671,0.17850679883453813
0.8494308338891506,0.6952215390050493,0.1542092948841013
-0.8992140186350379,-0.6690332394297863,0.2301807792052516
0.24896230430933314,0.051870300886879384,0.19709200342245375
0.9313068689595322,0.7350400580861259,0.19626681087340625
-0.7453873553919839,-0.6289357292123643,0.11645162617961957
-0.8534914190493672,-0.6251700034205606,0.2283214156288066
-0.8086533602874563,-0.660911601275711,0.14774175901174524
-0.9620364563394739,-0.8247811514197531,0.13725530491972082
-0.7227801653274134,-0.5022808784469807,0.22049928688043274
-0.8280648891935013,-0.6797946953863991,0.14827019380710216
0.799100631374148,0.7285909137684595,0.07050971760568847
0.9615743800459339,0.7627286346745948,0.19884574537133903
0.9370556131089388,0.7077067366393903,0.2293488764695485
0.618334818438963,0.5530127374720271,0.06532208096693592
0.6150917247376606,0.41313312206387703,0.20195860267378357
-0.17773537448426546,0.11971100717201157,0.297446381656277
-0.31178708351478807,-0.5289184545813116,0.21713137106652353
-0.3051547908188504,-0.3830092201199168,0.0778544293010664
0.3069864021826181,0.31819426927411354,0.01120786709149546
-0.7490500721954524,-0.5307888093994964,0.21826126279595603
0.4755139420853269,0.43691966875227994,0.038594273333046936
0.921411482659533,0.7020927644348954,0.21931871822463755
-0.6830478648725478,-0.4841958896856638,0.19885197518688397
-0.6468184290661656,-0.5707052177036434,0.07611321136252225
0.88616730793681,0.6536120648113566,0.2325552431254534
-0.9479329957029243,-0.779880353619969,0.16805264208295534
0.5319915071253277,0.48685120294182793,0.04514030418349979
-0.9416780958039027,-0.7173570137087171,0.22432108209518564
0.6015405964235333,0.4019738445051893,0.199566751918344
0.8051838011685652,0.5768714234605811,0.22831237770798418
0.08450682407264117,-0.02025636753438595,0.10476319160702711
-0.610777253624589,-0.5468574546568105,0.06391979896777855
0.2058246514486006,0.25073672822309895,0.04491207677449835
0.6796416566526647,0.462300951103569,0.21734070554909574
-0.5427886007253444,-0.6900359966080423,0.14724739588269786
-0.9208758932437539,-0.7924830959975188,0.1283927972462351
-0.07929435526022349,0.06798578988038585,0.14728014514060933
-0.9085794694603403,-0.6825358302212564,0.22604363923908388
0.3213607062811668,0.05115369033597495,0.27020701594519186
0.8154902737279457,0.5872344528855376,0.22825582084240814
-0.5788105908086125,-0.53423669915464,0.04457389165397252
-0.7231318267574202,-0.48988662214571704,0.23324520461170312
0.94532612606475,0.6799202073317416,0.26540591873300834
0.6318229597592223,0.4176371231815584,0.21418583657766394
0.5268909770444214,0.43834124381635164,0.0885497332280698
-0.40222218436211404,-0.15006796927660518,0.25215421508550884
0.5220584421690311,0.3312101702560223,0.1908482719130088
0.31539907356013847,0.3278824619130741,0.01248338835293561
0.8314863750671666,0.678300562709128,0.15318581235803863
-0.866466038917236,-0.6500330414404634,0.21643299747677258
-0.9272427762077926,-0.8001160844102269,0.12712669179756575
0.4950077845732358,0.3022180947223381,0.19278968985089767
-0.9244048926045056,-0.7330243487451229,0.19138054385938275
0.8422350047029044,0.6164880515109705,0.22574695319193383
0.9478955283658206,0.7261100606924851,0.2217854676733355
-0.7860085850353268,-0.6787708543855124,0.10723773064981434
-0.3026851102653012,-0.33678915698019446,0.034104046714893255
-0.8979272953491411,-0.7263370602649535,0.17159023508418758
0.22525564733623957,0.08672959013658359,0.138526057199656
0.5501066627808063,0.6013044859263057,0.051197823145499366
-0.8670741656349407,-0.6979910893879548,0.16908307624698582
0.961608702701453,0.6969436265308351,0.26466507617061796
-0.06866459796227058,-0.1933323446656678,0.12466774670339721
0.06990969105535437,-0.07182952671739813,0.1417392177727525
-0.9329739075469444,-0.7435166781243181,0.18945722942262633
-0.895109439347956,-0.6838564100064596,0.21125302934149637
0.18892937556354142,0.24513394152338183,0.056204565959840413
0.47255823908849043,0.44191894365680073,0.030639295431689695
-0.5011734338108114,-0.3095344155253391,0.19163901828547225
0.08989863204490359,-0.01856222649187229,0.10846085853677588
-0.6559179440756387,-0.5680989718416101,0.08781897223402868
0.02730509147753312,-0.06886932941386519,0.0961744208913983
0.9008422175171513,0.6707327918193878,0.2301094256977635
-0.5247914672237062,-0.4724437462746591,0.05234772094904705
0.8639925124102672,0.6230185716184629,0.24097394079180434
-0.6850095339984151,-0.5936183691708391,0.09139116482757603
-0.37704766254614963,-0.20806999980124694,0.1689776627449027
-0.9220003449870584,-0.7502514441617233,0.17174890082533512
0.976414825744697,0.8101789646922215,0.16623586105247545
-0.9135932190179892,-0.6912052442597337,0.22238797475825545
-0.23279252968909814,-0.25658521262048484,0.0237926829313867
0.6643695337798399,0.4298849716187419,0.23448456216109798
0.6584583920916371,0.44886145409142497,0.20959693800021217
-0.8022692486290584,-0.5853457209547813,0.21692352767427703
0.7475386092458007,0.6257660826248884,0.12177252662091231
-0.495214965502089,-0.4499550921125835,0.04525987338950549
0.8962320818149873,0.7520494837069186,0.14418259810806866
-0.2521151359724661,-0.004812284120206316,0.24730285185225978
-0.8335065656783384,-0.6984867600113621,0.13501980566697624
-0.5933332573154925,-0.5207181817631491,0.07261507555234337
0.7970080618866077,0.6647350431175512,0.1322730187690565
0.0917517395951674,-0.12288490400866356,0.21463664360383095
-0.9405283678757508,-0.7381646021671685,0.20236376570858228
-0.7584625591482046,-0.6296653684978272,0.12879719065037742
0.2415524395009953,0.10255991635261005,0.13899252314838526
0.5579419207381654,0.5239774464489825,0.03396447428918292
0.9116787664178649,0.6790629237600433,0.23261584265782165
0.9374844770303448,0.7698743271012572,0.16761014992908752
0.5750544625810233,0.5201496364477349,0.0549048261332884
0.8048587209058211,0.583561291893127,0.2212974290126941
-0.8203575154734696,-0.6836790664518904,0.13667844902157922
-0.7695844838033304,-0.6400455387849664,0.12953894501836405
0.07827281527352459,0.1438045863960439,0.06553177112251932
-0.6560031780746235,-0.6489210552983254,0.00708212277629805
0.15291895372313596,0.026438484959588917,0.12648046876354704
-0.7810452439731542,-0.6459282753352736,0.13511696863788059
-0.4534813420150222,-0.4301174851916222,0.02336385682340003
-0.20415785926508787,-0.07008072645323095,0.1340771328118569
-0.8736581365695292,-0.6163638330911253,0.2572943034784039
0.6610362928655268,0.5719611596353877,0.08907513323013905
0.7720993613774578,0.6407531933568195,0.13134616802063837
0.6629094055057174,0.49977740911164353,0.16313199639407389
-0.6014153127488109,-0.39992354365386384,0.20149176909494704
0.33669295584468334,0.34074337152770917,0.004050415683025832
0.4797229991952104,0.4375268578320374,0.04219614136317301
0.7891476647314437,0.6678366655927012,0.12131099913874255
-0.9644304613307032,-0.8278996899654314,0.1365307713652718
0.7790488919797157,0.5625554879928681,0.21649340398684758
0.5945947745475412,0.5159169724478898,0.07867780209965136
-0.4936820442619306,-0.4503190576079758,0.04336298665395477
-0.264877036158869,-0.28844450891772366,0.02356747275885468
0.7418800997228745,0.6280379126040188,0.11384218711885574
0.2503110738558058,-0.04502895751149846,0.29534003136730425
0.15935531222236793,0.05104923180608448,0.10830608041628345
0.9751857727662129,0.7629540562428023,0.21223171652341055
-0.46623621580630525,-0.4289885020743442,0.03724771373196106
0.06870542915784032,-0.04259162324213684,0.11129705239997717
0.6290603555725892,0.5505450010132538,0.07851535455933545
0.028427023763888698,-0.0676559848931438,0.0960830086570325
-0.3321470121961469,-0.17537233153707787,0.15677468065906902
0.914490517787929,0.7321321091881471,0.18235840859978192
-0.42828090734309837,-0.26468973768767806,0.1635911696554203
-0.4327303614023368,-0.521293336322987,0.08856297492065024
0.4216707718071336,0.24776439436425537,0.1739063774428782
0.7994459577779124,0.5730669512515422,0.22637900652637022
-0.9414605054978037,-0.7477923965792117,0.19366810891859199
0.5434089272628412,0.3491776739293655,0.19423125333347568
0.7076593932483045,0.37354365989808536,0.33411573335021916
0.39322733386164666,0.4562353912300907,0.06300805736844406
0.26631883358440933,0.10392650841237452,0.1623923251720348
0.4267775787894215,0.2411268095926225,0.18565076919679901
-0.20569114141159747,-0.07892499794703058,0.12676614346456688
0.37895394452950076,0.3691647805672228,0.00978916396227797
-0.7630612031335593,-0.6384689783785655,0.12459222475499376
0.5507774771721626,0.5244450030384977,0.026332474133664907
0.9223827589922894,0.7299881255956998,0.19239463339658958
-0.9391801460705513,-0.7762427000072271,0.16293744606332428
0.69150383972279,0.47487253856055517,0.21663130116223478
-0.7817952911333853,-0.5568832460819694,0.22491204505141593
-0.661918427316536,-0.45599788521688694,0.2059205420996491
-0.8434287492697919,-0.6086388878091139,0.23478986146067804
-0.08730341547462996,-0.1504635827900983,0.06316016731546835
-0.9431655719439528,-0.71690724283509,0.2262583291088628
-0.7723226840754069,-0.5466951877710853,0.22562749630432166
0.4481200675684943,0.41147514796334456,0.03664491960514976
-0.8321921485897492,-0.6828832189371613,0.1493089296525879
-0.6156835349325614,-0.34621530814096413,0.2694682267915973
0.8178859048624357,0.683109891220418,0.13477601364201774
-0.5335911359715101,-0.3480985593279385,0.1854925766435716
0.3766474724151428,0.386410780567118,0.00976330815197518
-0.8785201679882456,-0.717627407103366,0.16089276088487958
0.323741951884186,0.3490271655970034,0.025285213712817445
0.47879708079267447,0.44427497195517646,0.03452210883749801
0.5637936577627733,0.5076852992152416,0.05610835854753171
-0.5206008542252553,-0.2939570256098407,0.22664382861541454
0.7951435212526099,0.44868277568765874,0.34646074556495116
0.5233372489083065,0.3309201907211179,0.19241705818718857
-0.882283657282923,-0.6184949244766474,0.26378873280627557
0.22335059954111652,0.025924918879016063,0.19742568066210045
0.7883182389295333,0.5638466084311159,0.22447163049841745
-0.29746653021376457,-0.153553052237235,0.14391347797652956
-0.1788968153193489,-0.23620808231873433,0.057311266999385435
0.4362944562427752,0.4169952161086093,0.019299240134165896
-0.5660763083929484,-0.32510699113872965,0.24096931725421877
0.8095438093922722,0.5763200336881988,0.23322377570407338
0.11339364274818932,0.012034082462149358,0.10135956028603996
-0.5508569042197515,-0.49081358771029027,0.060043316509461264
0.943739862735858,0.722490829919832,0.22124903281602593
0.10645773309163187,0.17351946401001409,0.06706173091838222
-0.8917333111426636,-0.662927138523005,0.22880617261965863
0.2667306793607644,0.1318505708873494,0.134880108473415
0.8516938182553803,0.6167101684314067,0.23498364982397357
0.885529285748939,0.7262848329664706,0.15924445278246835
-0.9155988765434699,-0.6930894974274638,0.2225093791160061
0.6069853789043521,0.37817454105875187,0.22881083784560025
0.9395886602948595,0.7295406728910377,0.2100479874038218
-0.882591551275379,-0.5636288939337983,0.3189626573415807
-0.8955664982798183,-0.6673440170592632,0.2282224812205551
0.9477420900713788,0.7257743166299186,0.22196777344146013
0.5362756344765195,0.4826394716175775,0.053636162858942016
-0.9429697206757163,-0.7370713559964873,0.20589836467922895
-0.31415958672761374,-0.04012176338163255,0.2740378233459812
-0.6936769234150321,-0.6890925958919794,0.004584327523052711
-0.627202104925852,-0.5403888891202786,0.08681321580557344
0.8148246766330695,0.7048432913973909,0.10998138523567857
0.560477208921217,0.36288065140063186,0.19759655752058514
-0.8376252293317213,-0.6101631461122607,0.2274620832194606
0.03280761879908494,-0.20017472217287252,0.23298234097195747
-0.49791522699673785,-0.4542906853852424,0.043624541611495427
0.8033652052254787,0.5764533821263265,0.22691182309915225
0.3148775004400446,0.143820176750591,0.1710573236894536
-0.8129314054931007,-0.6710770531626503,0.1418543523304504
0.2387649390200623,0.024783560349142406,0.21398137867091988
-0.8286593546287138,-0.6845586073038552,0.14410074732485856
-0.7892536479778283,-0.6578655585656333,0.13138808941219493
-0.8641787775721628,-0.5914418924352414,0.2727368851369214
0.1790350159371104,0.045548971556268116,0.1334860443808423
-0.8464450948062244,-0.6901467818247449,0.15629831298147956
-0.9535707570155914,-0.7829364107640315,0.17063434625155982
-0.6456547275412139,-0.5469812870083511,0.09867344053286276
0.23585104785151956,0.2711183555149703,0.035267307663450764
-0.7472233576770779,-0.5189988230090486,0.22822453466802928
0.3671461134394247,0.3717883389111277,0.00464222547170301
-0.7456727631665967,-0.6931027273159805,0.05257003585061615
-0.7709470800690499,-0.632549746149574,0.13839733391947584
-0.2856869681404802,-0.1412044986262602,0.14448246951422003
-0.8640543236701658,-0.7063356852775048,0.15771863839266098
0.7835070509538552,0.5548255268394378,0.22868152411441744
0.5425185633086318,0.33379643229095063,0.20872213101768117
0.7328733424175492,0.7598085927064969,0.02693525028894772
0.9460532807430291,0.7123818058244175,0.23367147491861162
0.9344693761448716,0.7333003352107107,0.20116904093416088
0.4764112334720749,0.2132473277555343,0.26316390571654064
0.23309524881088664,0.47601033760725,0.24291508879636334
-0.8355511021090588,-0.6795610259004623,0.1559900762085965
-0.6978614781939426,-0.5943338229880818,0.10352765520586082
0.8142946319828085,0.588518187198539,0.2257764447842695
0.8275413778731429,0.6027410456409935,0.22480033223214935
-0.13857955758177581,-0.033433745884848466,0.10514581169692735
-0.6033251785151761,-0.5297890355271906,0.0735361429879855
-0.5583058423706744,-0.5069806286327466,0.051325213737927755
-0.6543670222244375,-0.4387721402377191,0.21559488198671845
-0.140373690921206,-0.03178531227102141,0.10858837865018459
0.6398237397429071,0.43609735204412287,0.2037263876987842
-0.835849795174377,-0.6047131728108164,0.23113662236356058
-0.7174835495788312,-0.6038716437991788,0.11361190577965241
0.9196673108868324,0.6911427817353993,0.22852452915143306
-0.4352190477468556,-0.2673852213762769,0.1678338263705787
0.8542958709507084,0.6913029213889752,0.16299294956173316
0.4920443750652304,0.3374350205629956,0.15460935450223479
0.5949540192213548,0.6566080718483713,0.06165405262701651
0.7814975123739295,0.5628167083801826,0.2186808039937469
0.13031324975259587,0.018930449710661667,0.1113828000419342
-0.9184374163369492,-0.6893576570217841,0.2290797593151651
-0.9387792258321542,-0.7276206574569581,0.2111585683751961
-0.4328619231295413,-0.4162925140752443,0.01656940905429699
-0.6396866492757295,-0.5541753514737539,0.08551129780197564
-0.678492945131607,-0.5981785053904437,0.08031443974116326
-0.7233102484774303,-0.6127140912508122,0.11059615722661809
0.7724714291730483,0.54445803344912,0.2280133957239283
-0.575065535323392,-0.3794237004773508,0.1956418348460412
0.01711419831571122,-0.07682620871726549,0.09394040703297671
0.10497953683678132,-0.08491051993747166,0.18989005677425297
-0.16938239512444547,-0.25968831418425253,0.09030591905980706
-0.4613076819013874,-0.5909277791777775,0.12962009727639012
-0.9442366113568513,-0.7274751939991987,0.21676141735765264
-0.9381608077366187,-0.7287109605364394,0.20944984720017934
0.970845412719117,0.8135734770623251,0.15727193565679187
-0.827087336980315,-0.6017248288708267,0.22536250810948832
-0.34418840712750204,-0.34178299340689944,0.0024054137206026005
-0.7872973082564498,-0.6531002235387209,0.13419708471772895
-0.6043281533727799,-0.40170523843698047,0.20262291493579943
-0.9722845877425802,-0.8275442252978195,0.14474036244476074
-0.893799203178148,-0.7344953479350508,0.1593038552430972
-0.8963056014579597,-0.6576710120653139,0.2386345893926458
-0.3743021938944051,-0.21097673177175594,0.16332546212264917
0.9069593239043632,0.7539503699363612,0.15300895396800196
0.5858055192585643,0.38735305368608436,0.19845246557247992
0.6999659276827148,0.49976327488673833,0.2002026527959765
0.459052423983195,0.43403723803567756,0.02501518594751745
-0.6538909308908366,-0.5672126496329447,0.0866782812578919
0.9730289993337454,0.7989832338876285,0.17404576544611694
-0.2526090348519841,-0.10886685510413442,0.1437421797478497
0.7589400158538605,0.6381557941047526,0.12078422174910786
0.4811258865127898,0.4562570005046276,0.024868886008162228
0.25967655966287284,0.1142829346475215,0.14539362501535136
-0.1798843197381975,-0.05024210317993347,0.12964221655826402
0.8546512401412986,0.6218551288082446,0.232796111333054
-0.049622729639294566,0.04834898775885563,0.0979717173981502
-0.22370221988496694,0.04744642519895867,0.2711486450839256
-0.35888056648975153,-0.16960436589856037,0.18927620059119116
0.4492275306920173,0.40628889641105975,0.042938634280957566
-0.9452358762575697,-0.7483628472837097,0.19687302897385994
-0.815245782771157,-0.718110433820376,0.09713534895078102
0.36399428081516083,0.3580684647221027,0.005925816093058145
-0.9008650924029233,-0.7273743030146629,0.17349078938826046
-0.04240379190932057,-0.1119612985547158,0.06955750664539523
0.2621595028191399,0.12482706730485182,0.1373324355142881
0.5244268236697289,0.47986560100702796,0.04456122266270096
-0.6118625777842899,-0.40136974271080483,0.21049283507348504
-0.6846007856567201,-0.4770948188179919,0.20750596683872824
-0.592430985344234,-0.39436352529216756,0.19806746005206644
0.6214176665336915,0.5329139476444359,0.08850371888925557
-0.6974784386562999,-0.6114299549611498,0.08604848369515006
-0.7084356898520894,-0.4891685884347799,0.21926710141730948
0.19550836942483948,0.23136872626799518,0.035860356843155694
-0.04854742695788677,0.052335612495767736,0.10088303945365451
-0.39559865192752874,-0.5523005465027457,0.156701894575217
0.31516468969958056,0.33085837140157304,0.01569368170199248
0.8353660300914459,0.6022760492518406,0.2330899808396053
-0.37825402394685653,-0.21665497770770517,0.16159904623915136
-0.40266144148354854,-0.3899165561626586,0.012744885320889965
-0.8754549564378741,-0.7245301006311563,0.15092485580671777
0.7953839267073411,0.5682029942412958,0.22718093246604532
0.4780978802796605,0.29532869371094145,0.18276918656871904
-0.9401994016133203,-0.659442722013657,0.28075667959966333
0.12147315305610311,-0.08853808050409245,0.21001123356019558
-0.9340572055127285,-0.7507488084343065,0.18330839707842206
-0.03578178431145896,0.05767138476847133,0.09345316907993029
-0.7194059474760048,-0.6146654390890484,0.10474050838695648
-0.3851198401357361,-0.2233694924322973,0.16175034770343877
0.6882580001782408,0.5842928354010306,0.10396516477721018
-0.9453771798906971,-0.7484562002085042,0.1969209796821929
0.5729211814267701,0.37535188165320305,0.19756929977356702
-0.280957187860152,-0.3182371896448923,0.03728000178474028
0.7356437613254234,0.6446956970993618,0.09094806422606161
-0.8204998374917181,-0.6759789587900853,0.14452087870163277
-0.5995377735841676,-0.5409691442039727,0.058568629380194914
0.93244685744926,0.7323136638961592,0.20013319355310089
-0.8652992268688537,-0.7072673563151792,0.1580318705536745
-0.9025019346625843,-0.7265647287276077,0.17593720593497664
-0.8024486448118151,-0.4670013893036932,0.3354472555081219
0.5268731147647211,0.34908678641803775,0.17778632834668334
0.9388095637205716,0.7088694546682627,0.22994010905230888
0.29451084473367195,0.3120286624607692,0.017517817727097262
-0.5205755950918687,-0.2518619878756152,0.2687136072162535
-0.13165081721358968,-0.18343664833449536,0.05178583112090568
0.0011600702462107903,-0.08378171334217918,0.08494178358838997
0.4180954818408175,0.45736263757466755,0.039267155733850034
-0.11177464502517785,-0.00250957242175362,0.10926507260342423
0.5570589925025689,0.5062870445722143,0.050771947930354555
-0.8324948755680843,-0.5314997813192915,0.3009950942487928
-0.42830566271068854,-0.4155958273643059,0.012709835346382647
-0.4586638331003434,-0.42589760958464246,0.032766223515700965
-0.09791313114572082,-0.15818951264252795,0.06027638149680713
-0.4841502869766991,-0.4549683586533074,0.02918192832339167
0.4017448175678698,0.23950487268636292,0.16223994488150686
0.828461412444479,0.5973085469352458,0.2311528655092332
0.5046010298695958,0.4571741841549351,0.04742684571466066
0.7184394328889352,0.6138186329779406,0.1046207999109946
-0.8322141176452078,-0.7200328383697907,0.1121812792754171
0.9156050246123743,0.6232791453526099,0.2923258792597644
0.007832876333390602,-0.08157501985719942,0.08940789619059003
0.8157752352314164,0.58902891530432,0.22674631992709637
-0.8870165858346698,-0.6562060969794993,0.23081048885517053
-0.2048229819502947,-0.2566283970731739,0.05180541512287923
-0.4541027385389733,-0.2304313130458966,0.22367142549307673
-0.9092062595817856,-0.6843528283914707,0.22485343119031487
-0.864516257755447,-0.6306944232333602,0.23382183452208682
-0.22163544436114738,-0.41470237285108913,0.19306692848994175
-0.8653015997931286,-0.64182353665272,0.22347806314040863
-0.922985608395043,-0.7241911590958284,0.19879444929921453
0.08968285621761148,0.16107833969291135,0.07139548347529988
-0.9053399693653851,-0.709450133823779,0.1958898355416061
-0.09880978338748929,-0.15583039840228605,0.05702061501479676
-0.4613034924948835,-0.4073715141537462,0.05393197834113733
-0.6897375920993435,-0.6075249625036494,0.08221262959569409
0.9464174573757018,0.7316905028239986,0.2147269545517032
-0.940822174714646,-0.7141409104106415,0.22668126430400448
-0.9029271726287795,-0.7187429574755394,0.18418421515324013
-0.9475563466593053,-0.7379933380416935,0.2095630086176118
-0.7592180889330666,-0.632093864099301,0.12712422483376562
-0.7640384278411294,-0.5380226568323448,0.22601577100878456
0.5530700838647065,0.4909893900043372,0.06208069386036924
0.8939860675738163,0.7142786922599306,0.1797073753138857
-0.833503782836584,-0.7087860136734726,0.12471776916311139
-0.58037052103635,-0.5258142381122096,0.05455628292414039
-0.16003370853578053,-0.03631588610865521,0.12371782242712531
0.29834598768555676,0.14024551778321875,0.158100469902338
-0.8645037808333254,-0.6361381531084653,0.22836562772486002
0.030849367583284784,0.1315851025285388,0.10073573494525402
0.5930129402836671,0.5293915638508516,0.06362137643281551
-0.9048235900212669,-0.6795713486203113,0.22525224140095557
0.6944976820079886,0.49022515695136104,0.20427252505662752
-0.8088280385918794,-0.7096634829835583,0.09916455560832105
0.9391673517550975,0.720978277257804,0.21818907449729352
0.8964267337565944,0.6733634131150722,0.22306332064152223
-0.6113266427304472,-0.4086621750671216,0.20266446766332563
0.7127290038301376,0.4934374071477965,0.2192915966823411
0.15471968387063656,0.23625739682096944,0.08153771295033288
-0.8351581474729343,-0.7567972598466018,0.07836088762633242
-0.8838134479274057,-0.6549399734473671,0.22887347448003859
0.8590232337225756,0.613145309361965,0.24587792436061062
-0.42317897808894644,-0.26194835608940037,0.16123062199954608
0.8544322697100307,0.6969354382170356,0.1574968314929951
0.9317346571151497,0.7324504526309635,0.19928420448418616
-0.9116451038062229,-0.7045221715700459,0.20712293223617695
0.4665191305748711,0.429415681826588,0.037103448748283085
0.02199614085968411,-0.061049843837075804,0.08304598469675992
0.9073439882670973,0.7072455309240946,0.2000984573430027
-0.13450056641429384,-0.18729412769976878,0.05279356128547494
0.570280397782466,0.3706869532627501,0.1995934445197159
0.39834262442880725,0.39273386111227515,0.005608763316532095
0.7062758045882988,0.48803812437586275,0.218237680212436
0.3184839553330318,0.3466651149599093,0.028181159626877506
-0.06715957162579797,-0.12964543247310747,0.062485860847309505
-0.22172030833146422,-0.0863424927542422,0.135377815577222
-0.46851696620540567,-0.2866017717257643,0.18191519447964138
0.6879410824972505,0.4636486965181283,0.2242923859791222
0.5450639535343581,0.6749689951621065,0.1299050416277484
-0.3604185127677756,-0.19783133204612163,0.16258718072165396
-0.8549697655223687,-0.6300627951082167,0.22490697041415197
-0.9022124701614717,-0.6684534773044687,0.23375899285700297
-0.8513240818539646,-0.7358584571098318,0.1154656247441328
-0.5876892038421336,-0.39539582082707614,0.1922933830150575
0.232489774943682,0.258336108415255,0.025846333471573002
0.5069842878382849,0.3160259790928173,0.19095830874546754
-0.7969671033678241,-0.5562736570681239,0.24069344629970013
-0.9194545771969963,-0.6943570444810545,0.2250975327159418
0.6108578061376175,0.610116963017682,0.000740843119935497
0.9140470377693201,0.6857750353885822,0.22827200238073786
0.7667666161875025,0.5507331778788228,0.21603343830867971
0.32249507774502545,0.32847387943711204,0.005978801692086588
0.36087491655074266,0.21070644767214564,0.15016846887859703
0.7599410999520396,0.6287730064641559,0.13116809348788372
-0.22352721781036175,-0.24712522493267258,0.023598007122310832
-0.06176967034966763,-0.12578088234481763,0.06401121199515
0.861520406263319,0.7498217128713839,0.11169869339193517
-0.9482338778292325,-0.7248200982226585,0.22341377960657405
0.1504112821060727,0.03272380799546249,0.11768747411061023
-0.6938769276065087,-0.47661256311997197,0.2172643644865367
0.9455539535426487,0.7263939232244611,0.21916003031818765
-0.9403928436044898,-0.7369810551805521,0.2034117884239377
0.8849146871010858,0.625025919714155,0.2598887673869308
-0.9356425231935611,-0.7116919086149576,0.22395061457860355
-0.6802638109308144,-0.4668937093714585,0.21337010155935593
-0.29651619808328367,-0.0895791276279698,0.20693707045531387
-0.8042438704069301,-0.6551859509666846,0.1490579194402455
0.5162531848710807,0.33537070493327314,0.1808824799378076
0.6512423595773177,0.44939291532459835,0.20184944425271933
-0.8908529225837183,-0.7213334404908918,0.16951948209282652
-0.7773925446043121,-0.5256722615883787,0.2517202830159334
0.8487552383448644,0.6873002456806138,0.16145499266425067
-0.7760643270358795,-0.6692368280804244,0.10682749895545507
-0.6816705192073121,-0.5870628113577262,0.09460770784958594
-0.5862517591536406,-0.3787441264598417,0.2075076326937989
0.8350196035238164,0.6760712757923926,0.15894832773142387
-0.506706507506867,-0.31981026776703014,0.18689623973983682
0.14487010310066323,0.19850240508093223,0.053632301980269
0.08727117003676879,0.304475766507091,0.21720459647032223
-0.6325126658356549,-0.5629812859760901,0.06953137985956481
0.23697831652812038,0.4884176299546647,0.25143931342654435
-0.8983815451211506,-0.6584734144973079,0.23990813062384275
-0.20661986009569713,-0.22516924908118424,0.01854938898548711
0.27019360251516045,0.28870222947692137,0.01850862696176092
0.7938156629501846,0.5689934663993698,0.2248221965508148
0.724060734935375,0.6189891638829003,0.10507157105247478
-0.9125187927341925,-0.7306346183500418,0.1818841743841506
0.18655460145510916,0.05101181117525985,0.1355427902798493
0.9420909040477552,0.7184775713293623,0.2236133327183929
-0.55909262051565,-0.24834310045538588,0.31074952006026413
0.9537990095672972,0.7687865156168662,0.18501249395043107
0.6003937503623968,0.5259864583851507,0.07440729197724616
0.8793145196150794,0.6572632104156696,0.22205130919940985
0.7802895689339535,0.6528816016701957,0.1274079672637578
0.49743091118181404,0.3221899856374286,0.17524092554438542
0.9022482433275508,0.6887660965341046,0.21348214679344624
-0.20600432862908322,0.0509566188177299,0.25696094744681314
-0.9431168435834854,-0.7467089620115493,0.196407881571936
0.08540291815863785,-0.021410967103860833,0.10681388526249869
-0.6759881783148038,-0.7048560579590034,0.028867879644199568
0.60221043732493,0.5367855939711068,0.06542484335382315
0.2879643106816591,-0.024319017774055235,0.3122833284557144
0.9194466910580473,0.7292167385358473,0.19022995252219999
-0.7526358705869055,-0.6415312581238188,0.11110461246308667
-0.9026705680821362,-0.7012866712360373,0.20138389684609892
-0.8321188978531643,-0.6016105090882992,0.23050838876486512
0.387932886532471,0.37633135909274446,0.011601527439726533
0.5605814357922527,0.4961843894023273,0.06439704638992544
-0.913914021234515,-0.6953090586752848,0.21860496255923023
0.1497169569909061,0.20904621529359063,0.05932925830268454
-0.09114480730172424,-0.15206330684937813,0.060918499547653895
0.4563777535088951,0.2759289193006703,0.18044883420822477
-0.510351112332622,-0.2790043645374046,0.23134674779521736
-0.805237636745868,-0.6631697890654588,0.14206784768040925
-0.38009037025301345,-0.21491703312730337,0.16517333712571008
0.11880127417456382,0.0025446692373668287,0.11625660493719699
-0.7101392412259707,-0.4946980070775707,0.2154412341484
0.7235314322847511,0.4800755633805328,0.24345586890421833
0.19940954636618552,0.23246485966175323,0.03305531329556771
-0.9568389789483956,-0.715705961741723,0.24113301720667268
-0.738248589990105,-0.6404408461099241,0.09780774388018088
0.00982067443421195,-0.26327251292077525,0.2730931873549872
0.8139116314960427,0.677847437067912,0.13606419442813078
-0.7552231676202878,-0.6223660681657472,0.1328570994545406
-0.07349876604295927,-0.14320797185833817,0.0697092058153789
-0.9215635660120359,-0.7125998985094596,0.20896366750257633
0.20433810781689835,0.234045549837024,0.02970744202012565
-0.7720389241889167,-0.7153001255836406,0.056738798605276086
0.47601819845980115,0.4330886182616821,0.042929580198119044
0.9288272544957755,0.659216431330759,0.2696108231650165
-0.8114558499163886,-0.6732232693376218,0.13823258057876686
0.17278370710992003,0.26604105078210233,0.0932573436721823
0.6970133025702943,0.49054876611947357,0.2064645364508207
-0.9236241585926618,-0.7213262419602317,0.20229791663243013
0.8968729940282854,0.7141481694052816,0.18272482462300377
-0.8812488021511362,-0.6321930887907202,0.249055713360416
0.5648264384221865,0.3671914756243301,0.19763496279785642
0.479187390241468,0.44512301983659225,0.034064370404875755
0.36093375557807605,0.20507180622148646,0.1558619493565896
0.16160705578522122,0.27266861992375896,0.11106156413853774
0.02293202599663353,0.20032308704794338,0.17739106105130986
0.5420218727976353,0.4903955587452214,0.05162631405241386
-0.3094362821668477,-0.31382899362615974,0.0043927114593120264
-0.13777916341738652,0.12818889881580098,0.2659680622331875
-0.8403895791598186,-0.6155602942532852,0.22482928490653342
-0.2850330502923287,-0.2969148249511852,0.011881774658856481
0.29930893029573075,0.3149664500961871,0.015657519800456376
0.5967826485387259,0.46017807038092534,0.13660457815780053
0.3793252605393168,0.07141885869788213,0.3079064018414347
0.3490843997624647,0.3497159904207561,0.0006315906582913811
0.3035654737816717,0.15209844776437256,0.15146702601729914
0.03379231449805414,-0.13955045210640069,0.17334276660445483
0.7431298242089069,0.5227875951827574,0.22034222902614953
0.08593857654454899,-0.01435484323856469,0.10029341978311368
0.8495461495322333,0.6933622661758908,0.15618388335634248
0.6623713928233039,0.5859937348595956,0.07637765796370832
-0.2240243509946397,-0.257028742917205,0.033004391922565324
0.7057205305957492,0.7300493519644911,0.024328821368741815
-0.6297447687643299,-0.5556994911406022,0.0740452776237277
0.4863495101028846,0.23856195516784054,0.24778755493504404
0.5324662819883383,0.34535701996511414,0.1871092620232242
-0.7494733128472061,-0.6711496403037225,0.0783236725434836
-0.34156090953466106,-0.18191967565056988,0.15964123388409118
-0.5787879115087886,-0.5195100108029317,0.05927790070585692
-0.6350279371488591,-0.43109724730987964,0.20393068983897944
0.2063426314510726,0.24202204063896393,0.03567940918789134
-0.522528931136119,-0.48176364294207946,0.04076528819403952
0.08895335990013638,-0.20978079581375636,0.2987341557138927
-0.9486568922231485,-0.7428956635351353,0.20576122868801328
0.6798145219098105,0.4588522155339348,0.22096230637587572
-0.8911610469372857,-0.7251457099943396,0.16601533694294612
-0.3179604532559626,-0.08392177040067245,0.23403868285529017
-0.27319737378592157,0.02823027742915022,0.3014276512150718
0.2362547250258843,0.08316985899363182,0.15308486603225246
-0.006988117379433856,-0.08008276459978383,0.07309464722034997
-0.25012090088548755,-0.10940705376647958,0.14071384711900797
-0.08693664217335627,0.0199835317042349,0.10692017387759117
0.7943153586531965,0.5675981378907996,0.22671722076239686
-0.29094857048319117,-0.1473045652296743,0.14364400525351687
-0.4181682839238585,-0.38936336552695977,0.02880491839689875
-0.8715329738243552,-0.7691542391956484,0.10237873462870684
-0.9418795705959272,-0.7399063137363364,0.20197325685959078
-0.8981425352211033,-0.7123723657793299,0.18577016944177338
0.3757528777030451,0.3624302540846904,0.013322623618354734
0.657210822621183,0.5775016610263999,0.07970916159478314
0.8457288860197176,0.7085214412855334,0.13720744473418423
-0.8450156967760775,-0.7201173921086385,0.12489830466743901
0.2999857001361794,0.09290687797648323,0.2070788221596962
0.8893335718617027,0.6761462069757175,0.21318736488598522
0.9403276421142236,0.7777104284741884,0.16261721364003523
-0.009883159881408234,0.29169044655934084,0.3015736064407491
-0.06874271641421877,-0.19710290524845572,0.12836018883423694
0.9049955182974206,0.6865135565664195,0.2184819617310011
0.36906701733262043,0.21302347373221012,0.1560435436004103
0.7866896569095574,0.5733827431625185,0.21330691374703892
0.4803293150311186,0.45030799148117817,0.030021323549940415
0.5468462630131176,0.3558655716600794,0.19098069135303813
0.774250123725058,0.5499162399817085,0.2243338837433495
0.4805389058146154,0.2995070203283435,0.18103188548627192
-0.8177097176336826,-0.5655735634153423,0.25213615421834035
-0.8746533242470653,-0.652557570062076,0.22209575418498928
0.9410943757594701,0.7363903185221639,0.20470405723730623
0.5984045256162382,0.5578660262465021,0.04053849936973619
0.9127767630192261,0.6830427471847601,0.22973401583446595
0.4537626575794946,0.4456612244830352,0.008101433096459387
0.3706493381641228,0.37712905525374685,0.006479717089624026
0.2576163502279697,0.11452833995350434,0.14308801027446535
0.6089127344761429,0.5189259104343634,0.08998682404177949
-0.10076568253985511,-0.17195754899880825,0.07119186645895313
-0.19118019231141292,-0.24880476727294665,0.057624574961533725
-0.9096367913265422,-0.729252080769046,0.18038471055749616
-0.521948008396686,-0.4732199690026561,0.048728039394029865
0.4956789778248206,0.47182268826326607,0.023856289561554556
0.43665950623033223,0.27743393787782156,0.15922556835251067
-0.18814131035659332,-0.061846537351653845,0.12629477300493946
-0.7969954710463759,-0.5771679554317499,0.219827515614626
0.06214334122754306,-0.2821756477825667,0.34431898901010977
-0.32796932220460673,-0.08205207931906337,0.24591724288554334
-0.6611320517248592,-0.57589429730222,0.08523775442263926
0.696578832523013,0.4053918596472699,0.2911869728757431
-0.853590864306256,-0.6189504744004315,0.23464038990582448
0.196921537891346,0.07612186860597242,0.12079966928537358
0.9437706665463118,0.7128502699226449,0.23092039662366692
0.7405003102741337,0.6256740593680713,0.11482625090606235
0.09256674452681513,0.19262083068336677,0.10005408615655165
-0.3582497748385532,-0.2013351586977276,0.15691461614082558
0.814360017326041,0.5228392736999842,0.29152074362605684
0.934271069683584,0.7252959975137925,0.2089750721697915
-0.9470273475544916,-0.7326463241494069,0.2143810234050847
-0.8297663514786444,-0.6039926580431827,0.22577369343546172
0.876941289223405,0.6525399887448307,0.22440130047857432
0.1913057569833305,0.0641604007558717,0.1271453562274588
0.5820100977897156,0.5229296385924134,0.059080459197302204
-0.9304755709004029,-0.7689153840165693,0.16156018688383356
-0.15021178213378203,-0.205587650201404,0.05537586806762196
-0.032745022630053446,-0.10773856442459963,0.07499354179454618
0.0617008274027755,-0.04243828606188173,0.10413911346465723
-0.1217965664469905,0.055115763706622946,0.17691233015361343
-0.32937490306797484,-0.353286497425506,0.023911594357531152
0.13857967479918373,0.02520532726834494,0.11337434753083879
-0.859184218160151,-0.6254926965266003,0.23369152163355067
0.4965514980306056,0.4639692892976143,0.032582208732991336
0.7865587114016274,0.6525380638521256,0.13402064754950171
0.3710535251470483,0.23047914316222876,0.14057438198481956
-0.152245307393074,-0.1951698612819772,0.042924553888903205
-0.9447601761897244,-0.7201684293436353,0.22459174684608907
0.9354496825571782,0.7165387805466857,0.21891090201049246
-0.2408297163331417,-0.27367547819866916,0.032845761865527456
-0.8934743980441877,-0.6508786739936635,0.2425957240505242
0.48062342016393883,0.44614730507876416,0.034476115085174674
-0.5619929150483052,-0.4919985669562142,0.06999434809209099
-0.6939673628101852,-0.44406180356065383,0.2499055592495314
-0.706259713202726,-0.49441555795640457,0.2118441552463214
-0.5739734323754817,-0.3369098524085566,0.23706357996692512
-0.18690832147271233,0.032813336924958116,0.21972165839767044
-0.9206508500228183,-0.6757828033644129,0.24486804665840545
-0.9741796286390548,-0.8161837849848453,0.1579958436542095
-0.9259533759804316,-0.6872454153679355,0.2387079606124961
-0.07305540369312354,-0.14912117288925344,0.07606576919612991
0.9107186044133503,0.6884795643359138,0.22223904007743644
0.5770780014489802,0.5069134020290131,0.07016459941996711
-0.3461017372492259,-0.37131057634533404,0.02520883909610816
0.5375270173242399,0.4840716395881635,0.05345537773607639
-0.8095745999041748,-0.5851813890398125,0.22439321086436226
0.9371426392694344,0.7367542636236728,0.20038837564576162
0.8287329078337905,0.5964721805757452,0.23226072725804525
-0.7106057392717092,-0.6794111593719484,0.03119457989976082
-0.7833072957612747,-0.6428557223450989,0.14045157341617576
-0.5991222540917424,-0.5389640561603299,0.060158197931412416
0.8121056659718779,0.5913128989521311,0.22079276701974682
-0.8623369035772832,-0.6361181327827141,0.2262187707945691
0.8230414690107546,0.578754366237292,0.24428710277346255
0.7523277148496786,0.5246945165272295,0.2276331983224491
-0.8545285937768192,-0.6413053523081002,0.21322324146871907
0.6273390813252134,0.4219110023146319,0.20542807901058152
-0.14264925793251523,-0.1950158067121304,0.05236654877961516
0.424950278288668,0.4101307806628991,0.014819497625768896
0.7645610886201998,0.6535284167253431,0.11103267189485666
-0.13112047737890342,0.17037951125840864,0.3014999886373121
0.06848775937822302,0.1319754789500297,0.06348771957180668
-0.9406586414953806,-0.7248739089874238,0.21578473250795682
-0.6437442500455183,-0.5621316920263149,0.08161255801920342
-0.9484709477040421,-0.6831824592721144,0.26528848843192765
-0.03189469912366792,-0.10000703560235298,0.06811233647868506
-0.2685623179454466,-0.2938356239370973,0.025273305991650674
0.0789489027570786,-0.023905573313186306,0.1028544760702649
-0.3235346456057773,-0.3300689779642562,0.006534332358478889
-0.821394191170091,-0.6854616764989779,0.1359325146711131
-0.7084852749615187,-0.49722000987940335,0.21126526508211535
-0.5127040785851684,-0.47437848359011575,0.03832559499505267
0.9029212900383117,0.7314989824288944,0.17142230760941723
-0.36431444584825734,-0.37322345392009254,0.0089090080718352
-0.8690266768351271,-0.6394506126255064,0.22957606420962073
-0.910962290042011,-0.7414476049479509,0.1695146850940601
-0.9151028230562748,-0.7888849091908134,0.12621791386546133
-0.3273841711103814,-0.3573861951518497,0.030002024041468345
-0.6152810542182914,-0.5442055482458447,0.07107550597244672
0.3097647426112373,0.32245616609713856,0.012691423485901243
-0.91172384745657,-0.7262041814999692,0.18551966595660074
0.9133531460290899,0.7386206321370935,0.1747325138919964
0.13451952989667496,-0.19815209852487656,0.3326716284215515
-0.6562847928889941,-0.7099944487275176,0.053709655838523496
-0.7928093144465399,-0.5781472281580147,0.21466208628852523
0.14497704414627074,0.02252645717100895,0.12245058697526179
0.3128287207592979,-0.0025129388471173807,0.3153416596064153
-0.2358309048258299,-0.2647025988529845,0.028871694027154615
-0.914227384574805,-0.7302420947541214,0.18398528982068363
-0.7029521385611697,-0.48033631520813663,0.22261582335303304
0.6126312306817073,0.6587632948545528,0.04613206417284543
-0.8573958222774553,-0.7154274999491802,0.14196832232827505
0.938786573153168,0.7087817780312713,0.23000479512189675
-0.6547554434651399,-0.4325359556450414,0.22221948782009854
-0.6744338631074185,-0.5822043809851323,0.09222948212228621
-0.8428308502180794,-0.60269581235983,0.2401350378582493
0.9240887261046254,0.7021919868628096,0.22189673924181585
0.6593037174208223,0.36426220270739074,0.29504151471343154
-0.9476406968493998,-0.7411040650200014,0.2065366318293984
-0.8374797353839223,-0.5687857492195061,0.2686939861644162
-0.9437459779260967,-0.6700635198001672,0.2736824581259295
0.9287023067683481,0.7071777932241611,0.221524513544187
0.7212505088112292,0.5365559708289414,0.18469453798228785
0.8261308446865199,0.5997965718978318,0.22633427278868812
-0.6953330521813169,-0.4889158219067319,0.20641723027458503
-0.868160075421472,-0.5376079364956355,0.33055213892583646
-0.3818300851719836,-0.21023975611076978,0.1715903290612138
-0.8246234523742669,-0.674062854366987,0.15056059800727994
-0.673407816250092,-0.4442050239305971,0.22920279231949497
-0.7373606626064071,-0.523119299827159,0.2142413627792481
-0.8615344293588317,-0.7127818500366404,0.14875257932219133
0.6353929279943381,0.5516874349403911,0.08370549305394703
0.10313843647345496,0.16185980807548558,0.05872137160203063
-0.8290993261637418,-0.594383854620453,0.23471547154328887
0.9306144077838335,0.7257516006958596,0.20486280708797389
0.8438517590783641,0.6150943838431446,0.22875737523521944
-0.26577332068077963,-0.313827916896513,0.04805459621573338
0.9287638985718039,0.7737040241078418,0.15505987446396208
-0.8692344635134065,-0.7109749834914099,0.15825948002199663
-0.9476508359406213,-0.7350022223169701,0.21264861362365117
0.19139194559248945,0.07803254841505362,0.11335939717743583
-0.8735360076880467,-0.6403233654636599,0.23321264222438687
-0.8398298082673014,-0.6145289357881725,0.2253008724791289
-0.8824089264138304,-0.6637372209777954,0.21867170543603498
0.6380175591377486,0.43310490560360215,0.20491265353414645
0.41708054980884,0.4006264584742178,0.016454091334622223
-0.46971220138866604,-0.42116997998843975,0.04854222140022629
0.3486686389121468,0.18787797742315282,0.16079066148899396
-0.8701033306778178,-0.7065479653689554,0.1635553653088624
0.9381269910226498,0.7098681266895932,0.22825886433305664
0.2439301886239622,0.2860038365638288,0.042073647939866565
-0.2115263348505225,-0.07389021657058276,0.13763611827993974
-0.5825666228980939,-0.5232882859626812,0.059278336935412734
0.8590483364005234,0.7350605654379214,0.12398777096260194
-0.450026131933196,-0.4288618346621801,0.02116429727101593
0.8825630527494912,0.7110529033688725,0.1715101493806187
0.31568757601805797,0.3304917953656459,0.01480421934758791
0.03868705137035855,-0.057825934213209376,0.09651298558356793
0.4476813198230857,0.6375361036827338,0.18985478385964816
0.9700958558190155,0.789471907733038,0.18062394808597748
0.03886627874440465,-0.14082707730753455,0.1796933560519392
-0.6377591362077168,-0.5615217986246868,0.07623733758303008
0.037459041650078705,0.1233456800471231,0.08588663839704438
0.40301160889632515,0.23420123523265934,0.1688103736636658
0.93219972464684,0.6755666379883002,0.2566330866585398
-0.8878461002036865,-0.7135389040409307,0.1743071961627558
0.6621685656364616,0.4200646466257877,0.24210391901067396
-0.6716696596225242,-0.4474460075224465,0.22422365210007772
0.3112207088709035,0.13796849682032417,0.1732522120505793
0.9282089250245685,0.7004685147276319,0.2277404102969366
-0.7689692625245738,-0.5540979101982801,0.21487135232629362
0.3427735680155592,0.16028552267010518,0.18248804534545401
0.7251583397018885,0.5006383261527851,0.22452001354910334
0.43197625248763444,0.2605040944187331,0.17147215806890131
-0.25637678385099316,-0.12132252467710071,0.13505425917389247
0.12662203693462057,-0.11011897447443991,0.23674101140906048
-0.7535055699685516,-0.4688184126721019,0.28468715729644967
-0.8287007814452207,-0.6006932943250752,0.2280074871201455
-0.3819954495839012,-0.37619738858919466,0.005798060994706533
0.544326892716177,0.548484605368207,0.004157712652030021
-0.6661117595889345,-0.45643160703873503,0.2096801525501995
-0.9146129313836412,-0.7300824512299593,0.1845304801536819
-0.8819079100208759,-0.7154024128011292,0.16650549721974672
0.7207328385855664,0.6842427561956802,0.03649008238988616
-0.8657251744938338,-0.7080352033744499,0.15768997111938388
0.593892766405288,0.533638512780721,0.060254253624566934
-0.918638115523893,-0.696425419742981,0.22221269578091196
0.06811491196064284,0.13293529457295736,0.06482038261231451
0.939753130675694,0.7321600043895832,0.20759312628611082
0.6059669099380076,0.400776708130674,0.2051902018073336
0.5307314651167814,0.3386534617258488,0.19207800339093256
-0.5538762356521036,-0.49492710519282407,0.058949130459279575
0.015951461167097045,0.31253382282999626,0.2965823616628992
0.6060652522922775,0.5322169804105453,0.07384827188173215
0.7510513016920665,0.3965180213429783,0.35453328034908815
0.6466507225984389,0.44342870657496986,0.20322201602346907
-0.7277887856150659,-0.7247859828391248,0.0030028027759411158
-0.18656418294794164,-0.22311792358693477,0.03655374063899314
-0.8584883660221767,-0.6236362919657231,0.23485207405645359
0.6690971727626369,0.4607951760238752,0.2083019967387617
0.6410506856750429,0.5603756370627794,0.08067504861226349
0.2144341293902225,0.2535554274646713,0.03912129807444881
0.48816545929697797,0.3032389702317113,0.18492648906526665
-0.5184891071506746,-0.4588787771646627,0.059610329986011956
-0.5732270162070884,-0.5090390572862418,0.06418795892084661
0.42170763080968743,0.24897944002785583,0.1727281907818316
0.9373068906046697,0.7334088866256815,0.20389800397898816
0.9233399928943062,0.7107359963245168,0.21260399656978946
-0.8886185750979846,-0.7164105367497055,0.17220803834827914
-0.23384242816415274,-0.26333541290272877,0.029492984738576034
0.9605246055965075,0.8102639630104542,0.15026064258605332
-0.07985806857220232,0.1646814850949027,0.24453955366710503
-0.914700931002001,-0.7326104950603658,0.1820904359416352
-0.08781303792713345,0.013908660298413322,0.10172169822554677
0.9317503099425215,0.7142116695849106,0.21753864035761095
0.016006857709748606,0.09219231618856065,0.07618545847881204
-0.6244615527310073,-0.6289138807838911,0.004452328052883758
0.844951350589509,0.6900736602444245,0.15487769034508447
0.8710594693390473,0.712885232779678,0.15817423655936935
-0.7992866149855011,-0.6375148243280505,0.16177179065745062
-0.13860968997336343,-0.19569082565270962,0.057081135679346195
0.20199466435585814,0.07858994054467433,0.12340472381118381
-0.1446102069292712,-0.18434415389702102,0.03973394696774982
0.7091784405151736,0.49908718621788345,0.2100912542972902
0.5737381168706324,0.514908004183858,0.058830112686774405
0.17962072102606702,0.2155507909152989,0.03593006988923189
0.9758360285882256,0.8106672634261233,0.16516876516210233
-0.8722228207639521,-0.6405946276681512,0.23162819309580085
-0.9298296058056038,-0.7311020103818121,0.1987275954237917
-0.6354176495997119,-0.5634262496152604,0.07199139998445148
0.9402411048963734,0.7177744221828526,0.22246668271352077
0.7381381417795283,0.5276898437880693,0.21044829799145903
0.7524267057475076,0.6318006909686685,0.12062601477883905
-0.5813177225338054,-0.5217330013526418,0.05958472118116365
-0.8469451305240935,-0.6147485140909746,0.23219661643311884
-0.9404433202874253,-0.7425580626516445,0.1978852576357808
0.44599900730944775,0.42583814900205486,0.020160858307392893
-0.358030446405588,-0.34794595021813984,0.010084496187448166
0.6399312150240944,0.575338480783159,0.06459273424093548
-0.8822357388849759,-0.6263753769505059,0.2558603619344699
0.6436316804309112,0.5682451312664241,0.07538654916448717
-0.47768884907633297,-0.25212643411746444,0.22556241495886853
-0.9189607306415353,-0.7136569285220496,0.20530380211948562
-0.41026599112542905,-0.5031811623457859,0.09291517122035686
0.41382327706115496,0.11388086543753208,0.2999424116236229
0.5275563540305727,0.36763442421764997,0.1599219298129227
-0.9527737977566703,-0.7503117510776246,0.20246204667904566
-0.8613939169254462,-0.6329438530272301,0.2284500638982161
0.3644354236617599,0.5600992167543987,0.19566379309263876
0.6449723759849071,0.5592033452036569,0.0857690307812502
0.8668777936391705,0.6370978179122885,0.22977997572688202
0.1524784992128803,0.03781226854937893,0.11466623066350136
0.576602181684078,0.38172293296477855,0.1948792487192994
0.9040952502001617,0.7245293243956155,0.17956592580454622
-0.9341387686148218,-0.7400439219779358,0.19409484663688603
0.779755941592663,0.6508574358825068,0.12889850571015626
-0.20484365109110847,-0.23616274260093403,0.031319091509825564
-0.7136018177265603,-0.4809535066347039,0.2326483110918564
-0.6682386706309552,-0.5848530692107553,0.0833856014201999
0.0044324926313476735,-0.09517701561534259,0.09960950824669026
-0.5014607730796984,-0.4742790889903522,0.02718168408934618
0.893840495620435,0.7549573066123556,0.1388831890080794
0.22758725832309096,0.0887840631600304,0.13880319516306056
0.07020490336097146,-0.040670258722544046,0.1108751620835155
-0.005812293572035884,-0.08049063966899962,0.07467834609696374
0.8735301077481099,0.6567941786028096,0.21673592914530027
-0.5546811069361964,-0.5157754938313777,0.03890561310481877
0.2844731328474794,0.042495731083351335,0.24197740176412805
-0.25865537165325414,-0.3747986577251613,0.11614328607190716
0.9027477883671009,0.725948217945229,0.1767995704218719
-0.92706901218255,-0.743152974953703,0.18391603722884697
0.7639042749255066,0.5461753235301652,0.21772895139534143
0.6410774231754933,0.4238141980298417,0.2172632251456516
-0.43746151763045404,-0.258942512503475,0.17851900512697905
0.7416303549599894,0.630597993862756,0.11103236109723347
0.5887723679486264,0.2838873906184417,0.3048849773301847
0.6690162441678121,0.4584382139904206,0.21057803017739152
0.6864755701341163,0.6668846192151471,0.01959095091896923
-0.8320836125940694,-0.6822623728438358,0.14982123975023354
-0.4148494485854326,-0.3980070928815973,0.0168423557038353
0.20629310061906325,0.2611606951026492,0.05486759448358597
0.818233576744792,0.7186415492517396,0.0995920274930524
-0.871866154743946,-0.7129747230125268,0.15889143173141917
-0.6096107445732988,-0.5381888654412584,0.07142187913204034
0.8770221498407921,0.7632171865429616,0.11380496329783052
0.41402770723716364,0.24584398895872603,0.16818371827843762
-0.02021356339683082,0.08544344045619336,0.10565700385302418
-0.7786918621994408,-0.5514111147334256,0.22728074746601512
-0.6991743682751778,-0.6073523422101559,0.09182202606502188
-0.9114943312417786,-0.6793882563972596,0.23210607484451895
0.6375063418167924,0.4276695454878695,0.20983679632892294
-0.5279510655006444,-0.4926107655971124,0.03534029990353199
-0.9513972988816645,-0.7570375351407518,0.19435976374091268
-0.5557429821164336,-0.5101774670146311,0.04556551510180251
0.41229860997222495,0.4781265481389981,0.06582793816677313
-0.3649277311038709,-0.18401449368908418,0.1809132374147867
-0.5566352279660745,-0.3782684987206359,0.17836672924543856
0.5408639391123014,0.3473848588535167,0.19347908025878463
0.12967540631603025,0.18977559281671091,0.060100186500680663
0.8350408499308524,0.6944163978579968,0.14062445207285557
0.9433532809445937,0.7308783716118689,0.21247490933272484
-0.6744516469574673,-0.46251309568057447,0.21193855127689282
0.6541445901653152,0.44875890447816386,0.20538568568715138
0.953141586702186,0.7569560996381374,0.1961854870640486
0.07008288328856278,0.18215600490585818,0.1120731216172954
0.2919651026807991,0.30449763900094773,0.012532536320148613
-0.8633118935527423,-0.6155950449088623,0.24771684864388
0.8283936728706405,0.7569836408496741,0.07141003202096641
0.21054061733388152,0.04322511324324111,0.16731550409064042
0.567702084212456,0.37367008165513166,0.1940320025573244
-0.6644660666261325,-0.4036359625853913,0.2608301040407412
-0.7038836458471827,-0.6084577745108393,0.09542587133634339
0.7296875253378328,0.7427527219819869,0.013065196644154176
0.9265718806019607,0.7287586576636763,0.1978132229382844
-0.1667011897472546,-0.42631312192797,0.25961193218071543
-0.18379460065562733,-0.22467412525361527,0.04087952459798794
-0.9469152613856693,-0.7229396290227497,0.22397563236291962
0.6416751390510873,0.33414802223840195,0.30752711681268535
0.5920629278839135,0.3926114234704825,0.19945150441343096
0.9407636132097517,0.7360389743368854,0.2047246388728663
0.8818898308502026,0.720123253330594,0.16176657751960855
-0.7335092489650529,-0.633868888103086,0.09964036086196693
-0.33304444969121827,-0.1576783768613339,0.17536607282988437
-0.7380146799713491,-0.5222838416688456,0.2157308383025035
0.15632882539251697,0.2069557014435912,0.05062687605107424
0.24583470005180696,0.10221803770713368,0.1436166623446733
-0.06279940258063789,-0.3419126860789705,0.27911328349833264
0.824848946529096,0.6819980335102874,0.1428509130188086
-0.9070966509827668,-0.7578272171413022,0.14926943384146463
0.6986720261650095,0.4846418626863181,0.21403016347869136
-0.958515721034634,-0.8289608630185269,0.1295548580161071
-0.13928850820677835,-0.18920467042799138,0.049916162221213034
0.5823414889593193,0.506020600839868,0.07632088811945126
-0.3919942908820831,-0.22398470011515278,0.1680095907669303
-0.9499145181409494,-0.7216514159163939,0.22826310222455548
0.4286537673864586,0.25822761516294535,0.17042615222351326
0.7971175123638167,0.6581039370990354,0.1390135752647813
-0.5034933299789816,-0.45313409444252845,0.050359235536453106
-0.48230337519313154,-0.45637085337300104,0.025932521820130505
0.32755165538072756,0.36075476741064944,0.03320311202992188
0.600602973612834,0.5297287152579656,0.07087425835486838
0.5292156696477424,0.3388372750048243,0.19037839464291806
-0.6343581092919941,-0.5575537312894245,0.07680437800256956
-0.6327744152920738,-0.5464476620347058,0.08632675325736794
0.517420908874915,0.21267005835118238,0.30475085052373263
0.30710924904607206,0.15640497383652904,0.15070427520954302
-0.8543166248577532,-0.6107273700339162,0.24358925482383698
0.9464008833587413,0.7311343872404755,0.21526649611826576
0.9559217023372019,0.8232468332754265,0.1326748690617754
0.5564777223588013,0.5083541387161465,0.04812358364265479
-0.42432640157879475,-0.2792129375275678,0.14511346405122694
0.29572073558626055,0.1490579529798341,0.14666278260642646
-0.31036450744665983,-0.3200855800374647,0.009721072590804847
-0.8234035429132123,-0.5914053359245778,0.2319982069886345
-0.9469149362900059,-0.7327987881817148,0.21411614810829105
-0.02664736536111932,-0.10216416878827472,0.0755168034271554
0.5968033498009209,0.3881262492801618,0.20867710052075905
0.7357264358850545,0.5757371731633135,0.15998926272174097
-0.8007946365259845,-0.6711057921176462,0.12968884440833828
0.9082585547746819,0.6725943875027608,0.23566416727192108
0.8557396303814335,0.6996552213701,0.15608440901133358
-0.4837334535796245,-0.25668615986899934,0.22704729371062515
-0.7729962132148719,-0.64051453413698,0.13248167907789188
-0.01101776554141577,0.16861070431681927,0.17962846985823502
0.9703918356420033,0.7626266639782803,0.207765171663723
0.09433281173844454,-0.004517721896551383,0.09885053363499592
0.8594016788380057,0.7335752945619023,0.12582638427610338
-0.020869363189092466,-0.17752329430103772,0.15665393111194525
-0.5774784732741647,-0.6676555499650816,0.0901770766909169
-0.6613891697863887,-0.6011611237277001,0.06022804605868859
-0.14025338210391206,-0.017772931048416207,0.12248045105549585
0.544039279103764,0.48791916196410995,0.05612011713965409
0.5436630275581197,0.48781003642808896,0.05585299113003073
-0.9383664854685284,-0.7347827423737378,0.20358374309479066
0.9331180637522789,0.712865756910689,0.22025230684158992
-0.5461127121616034,-0.4920001943778422,0.054112517783761194
-0.9401448971364232,-0.7516668145386145,0.18847808259780874
0.7121586176345687,0.6070344331737604,0.10512418446080829
0.8168767912782624,0.5936746302846538,0.22320216099360857
0.41720550108049637,0.393100229035327,0.02410527204516938
0.8768083932304284,0.7136971760072869,0.16311121722314148
0.9434096602890383,0.7378312068900236,0.2055784533990147
-0.7732843994744154,-0.6544274922662642,0.11885690720815123
0.6712496561658206,0.4507074297051481,0.22054222646067245
-0.9146970423078734,-0.6839357754863081,0.23076126682156528
-0.8248830663116036,-0.6854595474957644,0.13942351881583914
-0.6583657126737823,-0.4183531229219154,0.2400125897518669
0.8261271794430038,0.5921908475010864,0.23393633194191743
0.7000712287762272,0.6022635556743783,0.0978076731018489
0.7085836732342687,0.48815958888398314,0.2204240843502856
-0.8189480210275397,-0.6606540735853821,0.15829394744215763
-0.9581910960375404,-0.7923267383057372,0.1658643577318032
-0.7679165517011288,-0.5499036988562028,0.218012852844926
0.06056562045436661,0.15413742076348502,0.09357180030911841
-0.7598654780646216,-0.5325941314004086,0.227271346664213
0.6966187453445162,0.46132183603291665,0.23529690931159952
-0.2842378276552107,-0.14435871134939873,0.13987911630581198
0.767098160898303,0.5469019856959739,0.22019617520232904
0.33402193317713735,-0.021515199187762214,0.3555371323648996
-0.543412027779413,-0.3469181937961289,0.19649383398328407
-0.4153287041193122,-0.6296884579793296,0.21435975386001738
0.6821264433101466,0.575234988296028,0.10689145501411856
0.240242040181624,0.2612108617490977,0.020968821567473678
-0.2673418918000777,-0.13287964557826976,0.13446224622180797
0.9386156453486784,0.7303715773666664,0.208244067982012
0.6891819481820104,0.5879186513264528,0.10126329685555757
0.6294540160305653,0.3748682250401882,0.2545857909903771
0.6743176660035513,0.5856510828147293,0.08866658318882192
0.7755566593045781,0.5356085218870423,0.23994813741753573
-0.6976229976221936,-0.4788295214710823,0.21879347615111128
-0.4551152147120202,-0.4333950305401162,0.021720184171904022
-0.8746586500858007,-0.6511675073962168,0.22349114268958392
-0.7443438929090455,-0.6380807056635657,0.10626318724547978
0.892070714672092,0.6535586006408606,0.2385121140312314
0.5624999661390921,0.25231893379255255,0.3101810323465396
-0.2559790649680858,-0.2812215445030199,0.02524247953493408
-0.099482328200318,-0.16460544609269337,0.06512311789237538
-0.9440003738728164,-0.7082361489215832,0.23576422495123328
0.7080904205993396,0.72482264383552,0.0167322232361804
0.6752536934854033,0.5863034708711079,0.08895022261429542
0.07969683164652773,0.1758175224084888,0.09612069076196107
0.13937086887620936,0.18322951804066284,0.04385864916445348
0.2891003134140005,0.14063798953845547,0.14846232387554503
-0.8696730590775444,-0.6451427895123514,0.22453026956519306
0.09372887301921176,0.3829226105108669,0.2891937374916551
-0.02906977135835967,0.05705148586527245,0.08612125722363212
-0.03485745020683066,-0.12661213858653705,0.09175468837970639
-0.9004398353836952,-0.7411042660224962,0.15933556936119897
0.6799783533621385,0.5997631911340356,0.08021516222810288
-0.40174191868133546,-0.24205295956537892,0.15968895911595654
-0.8901807800017235,-0.658938236548827,0.23124254345289652
-0.49114573490355157,-0.5135203586542894,0.022374623750737788
0.07893506944672374,-0.045240615764075766,0.1241756852107995
0.7135373490658217,0.4986390702373599,0.21489827882846174
-0.5021058111543748,-0.4579623872890282,0.04414342386534659
-0.7745191204176622,-0.646415606165785,0.12810351425187727
0.9608840735908959,0.8013631687082957,0.15952090488260018
-0.9456064792668497,-0.7925307008969704,0.1530757783698793
0.5935031456037948,0.5264138730462902,0.06708927255750463
0.7922186978393881,0.6711568915518826,0.12106180628750551
-0.7546294381511638,-0.6567483596530054,0.09788107849815841
0.6385001610698916,0.4321892074598462,0.20631095361004542
0.5534047125931078,0.3506825051425311,0.20272220745057667
-0.7271397097985622,-0.5107069378416049,0.21643277195695731
-0.8794072186724528,-0.7121466002667098,0.1672606184057429
0.29838588530409776,0.0012822025355397248,0.29710368276855803
0.8024034513324513,0.6592417463687787,0.14316170496367253
-0.381254322466748,-0.1092304259364607,0.2720238965302873
-0.8746354422616146,-0.6407362831306568,0.23389915913095782
0.9456680812986924,0.7333082425643282,0.21235983873436415
0.7346188905714243,0.5111190162722169,0.22349987429920737
0.6803823694164374,0.4625899274575812,0.21779244195885616
0.9174103216227936,0.6783450928226906,0.23906522880010295
-0.82296957329121,-0.5915074917603567,0.23146208153085335
0.29365506853735834,0.3119604550209363,0.018305386483577935
0.8003353140343489,0.470144410646311,0.33019090338803786
0.9310545502148303,0.7228906493115872,0.2081639009032431
-0.41069793851452296,-0.2490244413249617,0.16167349718956125
-0.9358309460350062,-0.7319710111270141,0.20385993490799204
0.5205685475145224,0.4703199985908793,0.05024854892364311
-0.38027824900464763,-0.1697602826933433,0.21051796631130432
-0.9479528387243057,-0.728961121976953,0.21899171674735274
0.18939808343239886,0.054497123274688704,0.13490096015771016
-0.2773058883623018,-0.09729621192550644,0.18000967643679536
-0.3481700307330905,-0.19813099901775336,0.15003903171533714
0.8749566759088034,0.7053479772833218,0.16960869862548167
0.802433858578913,0.5926670463975481,0.20976681218136495
0.5190330647889384,0.33411084449857886,0.18492222029035954
0.36828372253839264,0.16975998164735276,0.19852374089103988
-0.3486296002646733,-0.34543769495436843,0.0031919053103048878
-0.19431844583520771,-0.061219561026030996,0.13309888480917673
0.9201855785025604,0.7307167636913611,0.18946881481119937
0.8380192144729768,0.6084861612076402,0.22953305326533657
-0.6334245409042318,-0.4248321420679117,0.20859239883632014
0.8006822950036656,0.5809084006288062,0.2197738943748594
-0.0008453784785564601,-0.08550590220278402,0.08466052372422755
-0.9492341620074406,-0.8206130064260894,0.12862115558135123
0.770270374669548,0.6429293873610378,0.12734098730851018
-0.6912782328975549,-0.5894473156759105,0.10183091722164439
0.5337958727822002,0.2066979666416639,0.3270979061405363
0.7611964346578589,0.5376341287782644,0.22356230587959447
0.7105168173953353,0.49493635754032117,0.21558045985501417
0.9443059567491375,0.7766694282465715,0.16763652850256605
0.9274461872245942,0.7337186896602184,0.1937274975643758
-0.11715111605535228,-0.0015550306971112565,0.11559608535824102
0.6049164456865022,0.5359998465842407,0.06891659910226144
-0.10477410398131778,-0.23019602065866981,0.12542191667735203
0.7496841783285522,0.5296611872789418,0.22002299104961032
-0.7309659292595977,-0.5112598597354823,0.21970606952411542
-0.43382225532771557,-0.40585560952722755,0.02796664580048802
0.10788843985272757,-0.151023901913768,0.2589123417664956
-0.4605151994382155,-0.42539355000775997,0.03512164943045554
0.9755245713352331,0.8397919931069576,0.13573257822827545
0.8851121715527743,0.6987621198578962,0.18635005169487817
-0.8263573385395013,-0.5933322629284399,0.23302507561106145
-0.9451486487698607,-0.7226100249407998,0.22253862382906087
0.961656730707157,0.8277248077612838,0.1339319229458732
0.9457323406589172,0.7266257441321159,0.2191065965268013
-0.7990441406514878,-0.662048760439413,0.1369953802120748
-0.8094403195365739,-0.5800080355506309,0.22943228398594306
-0.12264097464736634,-0.17041013020695747,0.04776915555959113
0.5306482308863112,0.34726625461500615,0.18338197627130504
-0.01981618470126487,-0.10367149390196591,0.08385530920070104
0.4353678198378165,0.4332615979962658,0.0021062218415507372
0.31625794930741113,0.03665068376431969,0.27960726554309145
-0.8245303968021922,-0.5889048213397886,0.2356255754624036
0.09864473583004764,-0.21450038024700707,0.3131451160770547
0.8058824614385951,0.5828058511682194,0.22307661027037573
0.5656003110399892,0.49914384243885657,0.06645646860113263
-0.3607170338072459,-0.3522181811317718,0.008498852675474122
0.08733410403794463,-0.013055016431242107,0.10038912046918674
0.41619913201760406,0.3895265371942608,0.026672594823343276
0.6927661711954297,0.5895924745028008,0.10317369669262888
0.9484473403695318,0.7279951629574275,0.22045217741210432
-0.8468712486235965,-0.6177307791241651,0.22914046949943145
-0.9684554311170372,-0.793430696326435,0.1750247347906022
0.7839861990053868,0.6528149158447191,0.13117128316066773
0.9213498094446061,0.7121238283879303,0.20922598105667578
-0.46643394364386387,-0.4289900348192071,0.03744390882465676
0.9392508198047619,0.7060148498386785,0.23323596996608342
0.9751628359126732,0.8225076181327656,0.15265521777990754
-0.32969453118472763,-0.3412992612448258,0.011604730060098156
-0.9453613858731102,-0.7440014886287475,0.20135989724436276
-0.4963271230601072,-0.45903339985939245,0.03729372320071472
-0.8435450273427894,-0.6991792465712688,0.1443657807715205
0.5898003325362219,0.3994857744633513,0.19031455807287057
-0.9471092548172685,-0.7178481037707687,0.2292611510464998
0.6238247976695666,0.42038952888921866,0.2034352687803479
0.9403677209389375,0.7085644198295635,0.23180330110937397
-0.4352038550422695,-0.19532087166906661,0.23988298337320288
0.6736483394534716,0.45593617132758885,0.21771216812588273
-0.7799197611924986,-0.5615064543130086,0.21841330687949
0.7167758496754283,0.4940503188901109,0.22272553078531737
-0.5327927895790803,-0.4815247298053399,0.05126805977374038
0.4932282752058148,0.30484592327219684,0.18838235193361796
-0.4036098157843631,-0.23791297488592872,0.1656968408984344
0.11474237276127344,0.18064813602509125,0.06590576326381781
0.8871906207343113,0.7299639423466413,0.15722667838767002
0.18393769713965072,-0.10072400950700447,0.2846617066466552
-0.1854891985322804,-0.24084058109848383,0.05535138256620342
0.9284696708526518,0.7349712884122471,0.19349838244040463
0.18785649439223026,0.05992208651591672,0.12793440787631355
0.6528899479490019,0.44952043717576323,0.20336951077323867
0.8500891806889224,0.5322340151482464,0.31785516554067594
0.9220487540372494,0.6950199589969444,0.22702879504030504
0.930804047294728,0.7051049902199452,0.22569905707478277
0.8064418813948498,0.6749095007839944,0.13153238061085548
0.4803185698741192,0.43588180186988895,0.04443676800423024
-0.4434621484244953,-0.25925472749535206,0.18420742092914322
0.7600499068423847,0.6278260256979705,0.1322238811444142
0.6899452474122643,0.5986241335828473,0.09132111382941699
0.7847913081824835,0.665761194415612,0.11903011376687156
-0.9390156774749892,-0.7092254330271212,0.229790244447868
0.9499844164096989,0.7925305056849229,0.157453910724776
-0.8835874571564677,-0.658408560201831,0.22517889695463666
0.6206462876027268,0.42465768375009194,0.19598860385263484
0.5041381660096544,0.4584756473042603,0.04566251870539412
-0.9398047514307943,-0.7163460982399263,0.223458653190868
-0.30635987232883866,-0.30504349586934115,0.0013163764594975036
-0.8574396727624305,-0.7010207335695658,0.15641893919286465
0.12137117908709595,0.004839687259155877,0.11653149182794008
0.9172503582052665,0.688263940735619,0.22898641746964743
0.9282767069884953,0.8071269649788818,0.12114974200961348
0.8827930101751309,0.707911333210175,0.17488167696495593
-0.7233965388691586,-0.6228680221252815,0.10052851674387708
0.32664088458581686,0.17556675753682136,0.1510741270489955
-0.0813308677804733,0.015112518215888025,0.09644338599636132
0.6982554030249042,0.5998715225844464,0.09838388044045776
0.4997525617543115,0.46212447813675445,0.03762808361755704
0.04659857195681863,-0.06051445315101098,0.10711302510782961
0.43625919106918143,0.2694940353013056,0.16676515576787582
0.9469641145675425,0.7246063746460961,0.22235773992144636
0.12172075700239221,0.17637766365922045,0.054656906656828236
0.9483413079461772,0.7312171798271596,0.2171241281190176
-0.8470350199363715,-0.6151831866704659,0.23185183326590564
-0.5779989503474333,-0.3843454868762103,0.19365346347122303
-0.45923229764823414,-0.4395618296417169,0.019670468006517228
-0.9483389862542378,-0.7361666090672063,0.21217237718703152
0.4083926795085618,0.19223542686493802,0.21615725264362376
0.6579187659495873,0.5633853750247881,0.09453339092479918
0.25558983102896293,0.11675922204777751,0.13883060898118543
-0.7405814925245319,-0.6211502683699622,0.11943122415456964
-0.9322645084797583,-0.6962583304164129,0.23600617806334534
-0.9229291933978675,-0.7225800851282369,0.2003491082696306
-0.4471462475177123,-0.41350075473580294,0.03364549278190937
0.9443085749980629,0.7450417328822508,0.19926684211581203
-0.428626355178864,-0.4058153942785096,0.022810960900354393
0.8535769707595969,0.7608199366209298,0.0927570341386671
-0.9277315079661336,-0.7019404153226672,0.22579109264346642
-0.7312172013458996,-0.6037020886378275,0.12751511270807214
0.18196817174726482,0.22321393809199933,0.04124576634473451
-0.8444606619514451,-0.6156017621170188,0.2288588998344263
-0.3653522156960995,-0.48300712927010636,0.11765491357400687
0.17851518951349798,0.2203019406217806,0.041786751108282616
0.7564582099678725,0.6376820335859812,0.11877617638189131
-0.6433162764299343,-0.5573462854171746,0.0859699910127597
-0.9542152259216081,-0.7709209208394104,0.18329430508219768
0.5574359382808667,0.3566320164064588,0.20080392187440788
-0.8263559341307606,-0.6061619690532987,0.22019396507746192
0.12163314058218484,0.17363182747542574,0.0519986868932409
0.6479173325970384,0.434628648302519,0.21328868429451942
-0.9630948338039289,-0.7825142159935282,0.1805806178104007
0.9368975777006361,0.6958245706194562,0.24107300708117985
0.853667343630952,0.6288163825639509,0.2248509610670011
-0.09438072007370664,-0.15502718471043853,0.06064646463673189
-0.5854921930954436,-0.3875902673667353,0.19790192572870835
-0.9392689151198297,-0.7422840083692565,0.19698490675057323
0.939363970081933,0.7167839652276748,0.2225800048542581
-0.22428748608642013,-0.09102459088885279,0.13326289519756734
-0.9465608006411398,-0.727611810399035,0.2189489902421048
-0.9470498157026072,-0.7431424067280423,0.20390740897456483
0.7318173956596844,0.5162973781325092,0.2155200175271752
0.29167797393122324,0.3205276170978723,0.028849643166649064
0.24614906190319852,0.12283138098000297,0.12331768092319555
0.2927033850239147,0.30435461938807473,0.011651234364160046
0.5605444419211794,0.5039304790416805,0.056613962879498825
-0.33683203087775426,-0.15863019743555343,0.17820183344220084
0.8365673309168,0.6034479213211801,0.23311940959561994
0.2572572481331128,0.010717037162841404,0.2465402109702714
0.8272772033342424,0.7001677459481231,0.12710945738611923
0.15708208672986618,0.03545711132845644,0.12162497540140974
0.8300637925951259,0.6956614832997938,0.13440230929533203
0.9264147595601565,0.8233386085927185,0.10307615096743805
-0.237277633330253,-0.26240308786324973,0.02512545453299672
0.5716689994845228,0.5076233538654342,0.06404564561908854
0.0009992459624803224,0.08857158800940536,0.08757234204692503
-0.11198893306389213,0.20938020967558832,0.3213691427394805
-0.4656724772480482,-0.29556409704032155,0.17010838020772667
0.2801610941884652,0.1378853355225958,0.1422757586658694
-0.7246003213843564,-0.6109444471098852,0.11365587427447121
0.5338382367675091,0.6223796726757431,0.08854143590823405
0.8778646567433435,0.6547263924731577,0.2231382642701858
0.18690934204991874,0.23937720221158443,0.052467860161665686
0.8513085610048484,0.7522670854888325,0.09904147551601594
-0.9500668595275595,-0.7574446167419316,0.1926222427856279
-0.46951114918233144,-0.4312533954951935,0.03825775368713796
-0.8493428059818375,-0.6928357775297993,0.15650702845203823
0.8275219112903263,0.5996259740779046,0.22789593721242163
-0.6020843208590387,-0.4033559060712469,0.19872841478779185
0.9503432426845511,0.742658016047968,0.20768522663658306
-0.7940431794909087,-0.6846270191241294,0.10941616036677937
0.977141323259555,0.7743947590878663,0.2027465641716888
0.32271487192768356,0.3277160653444953,0.005001193416811767
-0.7297978418371043,-0.7444222338404148,0.01462439200331056
-0.8978255198697389,-0.6713396623946992,0.2264858574750397
-0.565281496278037,-0.3142712613999731,0.25101023487806395
0.13799808203382033,0.18389393697721015,0.045895854943389824
-0.9264127368646445,-0.7047398819812586,0.22167285488338595
-0.0403200206231366,0.27697575521858026,0.31729577584171686
0.9229737839546691,0.8196861239269995,0.10328766002766965
0.6418567521555842,0.42180538985155064,0.2200513623040336
0.9499328039745439,0.8130998578516164,0.1368329461229275
0.6198196117961954,0.5521153369984171,0.0677042747977783
0.9472424533660071,0.7283114665248448,0.2189309868411623
0.1914301299981874,0.07194871882291085,0.11948141117527655
0.8217032895451231,0.59791116836762,0.22379212117750302
-0.5721188308407034,-0.3776761308795674,0.19444269996113595
0.7681518106352715,0.6777925214727806,0.09035928916249092
-0.3908521739796238,-0.22791069842841577,0.16294147555120803
0.8359774526053666,0.6955421455871058,0.1404353070182608
0.44605750359005525,0.27421568535078944,0.1718418182392658
-0.16854515836181952,-0.012111266102661184,0.15643389225915832
0.9381948553095343,0.6742466791277216,0.26394817618181265
0.0012424134674852564,-0.08941194127656105,0.0906543547440463
-0.9379303981178785,-0.7176605164496456,0.22026988166823291
-0.6990993774457471,-0.46268654952747,0.2364128279182771
-0.5849439862705151,-0.5146673296808042,0.07027665658971094
0.6212606566569449,0.5380850710653488,0.0831755855915961
-0.5304771615215843,-0.48495861591138834,0.04551854561019597
-0.6630012208417214,-0.660103271243155,0.002897949598566374
-0.04154343720374164,-0.2269526020949326,0.18540916489119097
0.9219912669965581,0.7309596835633784,0.19103158343317972
-0.28370806275763216,-0.1480325241560211,0.13567553860161105
-0.9283543705091502,-0.7424104133694093,0.18594395713974088
0.363811196795035,0.17610099420079217,0.18771020259424281
-0.9370229914608335,-0.7407936575751007,0.19622933388573272
-0.7016010393674535,-0.401582799829025,0.30001823953842854
0.886568800181374,0.6528661273827268,0.2337026727986472
0.5177675862527418,0.4841644370237097,0.03360314922903207
-0.7427875503322339,-0.44398393936950326,0.2988036109627306
-0.4199842100554557,-0.41652344728452095,0.0034607627709347666
0.8884299990733825,0.6612290396965569,0.2272009593768256
0.15972650982288644,0.2131199033857232,0.05339339356283676
0.6070249821815523,0.4055909690547762,0.2014340131267761
0.7744794867035782,0.5285329114265749,0.24594657527700337
0.7174752790546584,0.3645566078932405,0.35291867116141784
0.30756482996693113,0.16820003669136918,0.13936479327556195
-0.12317374582373436,-0.1741153434992018,0.05094159767546744
0.3468549505505443,0.35893857424496645,0.012083623694422119
-0.917043712658666,-0.7953392697015191,0.12170444295714689
-0.9193229953207107,-0.7288852859257122,0.1904377093949985
0.09692812779256837,-0.0207057162233483,0.11763384401591667
-0.7811229028503135,-0.6299826644688963,0.1511402383814172
0.2794575661887724,0.13332143665404977,0.1461361295347226
-0.8881805932252159,-0.6673824198836811,0.22079817334153484
-0.24741719615114743,-0.27700587911947144,0.02958868296832401
-0.12465686692491475,-0.17984694506238474,0.05519007813747
0.43975838277195883,0.26591964736315726,0.17383873540880157
0.075548470479886,0.14745892382126155,0.07191045334137555
-0.8978527343356891,-0.7221831675624036,0.1756695667732855
0.11817203429484653,0.010022146647339997,0.10814988764750653
-0.6823047123964189,-0.4581351228598993,0.22416958953651955
-0.8627412916986862,-0.6375149988770721,0.2252262928216141
0.7461052872755485,0.6263481594331719,0.11975712784237658
-0.302362144663633,-0.31767540136789707,0.015313256704264089
0.9218919591938847,0.8038463424959068,0.11804561669797786
0.062297525352672176,-0.040679925292961876,0.10297745064563404
0.9338300642666935,0.7212630322010561,0.21256703206563732
0.9188847583655861,0.7290886841827829,0.1897960741828032
-0.2486702067333077,-0.27686266994299535,0.028192463209687657
-0.7629408188166672,-0.6364559731108582,0.12648484570580898
-0.936892313948668,-0.7459085493189261,0.19098376462974187
0.8165916184899522,0.5884202580541866,0.22817136043576558
-0.8917245342490115,-0.6539464550552454,0.23777807919376615
0.5724482881431968,0.5059844585815966,0.06646382956160024
0.9545956823349714,0.7975471458218085,0.15704853651316286
0.29589003774331646,0.1314902195515372,0.16439981819177926
-0.43765837876744446,-0.2626708312192167,0.17498754754822776
0.07604792582777084,-0.03639239260377291,0.11244031843154376
-0.7869576845735247,-0.5655353872179769,0.22142229735554775
-0.06000726911430072,0.03742163491224748,0.09742890402654819
0.9183187773874083,0.6774651063585824,0.24085367102882593
0.6614501659129448,0.45225138641497314,0.20919877949797167
-0.7477488336928798,-0.6182796192153917,0.12946921447748816
0.11378512335465549,-0.013272726222254443,0.12705784957690994
0.5932024984635638,0.34778093828197537,0.2454215601815884
-0.9380182396624356,-0.7392672774313165,0.1987509622311191
-0.913607958765988,-0.8001038534061563,0.11350410535983169
-0.9036466582252777,-0.6745118157859201,0.22913484243935756
-0.12891991880104778,-0.0040990679233582706,0.1248208508776895
-0.5723420686651001,-0.5074436555033615,0.06489841316173861
-0.41601018151121333,-0.19477382925313758,0.22123635225807575
0.4739757887783105,0.44159531478911224,0.032380473989198244
-0.16978293444640197,-0.2202576167942355,0.05047468234783353
0.2632421770397147,0.502941641295292,0.23969946425557725
-0.3316867343833233,-0.1751969518522035,0.1564897825311198
0.2344264210203154,0.09951928145570962,0.1349071395646058
-0.17549614665037974,-0.4208283334789355,0.24533218682855576
0.27893830338242276,0.13269862367948687,0.1462396797029359
0.5629278200136467,0.5058680185391794,0.05705980147446732
-0.37591585919271836,-0.207981272755925,0.16793458643679335
-0.9435729802007518,-0.7335930483234036,0.2099799318773482
-0.9341344368593533,-0.7235354022036157,0.2105990346557376
0.09526399048075605,0.16374818313900172,0.06848419265824567
0.9135370439039497,0.7307643899757843,0.18277265392816544
0.761302060493614,0.7634969320230883,0.002194871529474285
-0.732320284700214,-0.6215184944666893,0.11080179023352477
-0.8088926847387158,-0.6702606633179238,0.138632021420792
-0.6438910580569702,-0.5569100579723024,0.0869810000846678
0.9176066181326348,0.6872856380511312,0.2303209800815036
-0.45229122754352763,-0.4267710936054092,0.025520133938118417
-0.16349180461276208,-0.10667883903579277,0.05681296557696931
0.9458235342251716,0.7305542592528583,0.2152692749723133
-0.5914372668439934,-0.49988497533634063,0.09155229150765282
-0.7045487150414473,-0.49795563813304383,0.2065930769084035
-0.9478504926402052,-0.7156821415527409,0.23216835108746425
-0.24785390686104006,-0.1045939576686759,0.14325994919236418
-0.5162467728027079,-0.4624667634820877,0.053780009320620215
0.47889847483237835,0.13522505673071755,0.3436734181016608
-0.7326310501158,-0.52105542804329,0.21157562207251002
0.8038426453857697,0.5636542173259345,0.2401884280598352
0.9028697494820257,0.7317390712400167,0.171130678242009
-0.2225301976814968,-0.09124347917165147,0.1312867185098453
0.4046171473913394,0.38574397469967425,0.018873172691665163
0.6591870964061206,0.6061933251164077,0.05299377128971294
-0.8197420760487681,-0.5981791378406949,0.22156293820807327
0.10994560592464879,0.17166579187480296,0.061720185950154174
-0.8593843273506369,-0.6360312817626584,0.22335304558797842
-0.6298013052594095,-0.4165749630189054,0.21322634224050407
-0.40172908380033756,-0.37488178174471165,0.02684730205562591
0.4956042311652877,0.4653216413497887,0.030282589815498973
-0.9490683470111848,-0.8142763202372988,0.13479202677388602
0.8871477608841877,0.6643163145412567,0.22283144634293095
-0.7051790375647139,-0.6285434309134026,0.0766356066513113
0.20196001208514097,0.3202366123421376,0.11827660025699666
-0.7669923386699109,-0.7093364522839168,0.05765588638599406
-0.8430965527914976,-0.6977978206919706,0.14529873209952704
0.40315368872976975,0.22841221440272524,0.1747414743270445
-0.14568181032008096,-0.21200203954086855,0.06632022922078759
0.5074872206811197,0.32858766056919175,0.17889956011192798
-0.20966585503211346,-0.07647725346915807,0.1331886015629554
0.4682712400327515,0.2830557231935931,0.18521551683915838
-0.9078489398616038,-0.6694839956473262,0.23836494421427756
-0.9341587928396514,-0.7382186342184651,0.1959401586211863
0.9126078107409541,0.7341250634285451,0.17848274731240898
0.9602694963301851,0.7741442471004524,0.18612524922973273
0.23076798686203925,0.08787582977572095,0.1428921570863183
0.027933531205968157,0.18452940670722323,0.1565958755012551
-0.30820556133223226,-0.31228504596323997,0.004079484631007713
0.8072861121897587,0.6594995759095353,0.1477865362802233
-0.932576463272057,-0.7333622303295455,0.1992142329425115
0.41765754853535225,0.3968738307056621,0.02078371782969013
-0.15441724433641635,-0.20835421778535965,0.0539369734489433
0.9105774230236431,0.692532591824529,0.2180448311991141
-0.3958749639752722,-0.37542440750978673,0.020450556465485492
-0.13534775986156516,-0.2048878723368565,0.06954011247529135
0.1331874747087828,0.01259929520100535,0.12058817950777746
0.5072916779438149,0.32128055883682644,0.18601111910698848
-0.4048588978189287,-0.23969631527916765,0.16516258253976104
0.5210500874684699,0.33392653464322575,0.18712355282524418
0.5662155914845189,0.5254508977498967,0.040764693734622215
0.8790493283702454,0.7029505655909069,0.17609876277933856
0.8120323174521016,0.6754532158132922,0.13657910163880937
0.5888470737368926,0.5238574755211256,0.064989598215767
0.11318106693825154,-0.036639124801819065,0.1498201917400706
0.5678525471866395,0.5142957262492256,0.053556820937413874
0.7793492087907327,0.5556736308362586,0.22367557795447401
-0.7701796516724102,-0.5486555705505294,0.22152408112188082
-0.7630534549513006,-0.6739384394226553,0.08911501552864531
-0.9197518524799924,-0.7030567595704766,0.21669509290951572
-0.5753802658052523,-0.5257954505567777,0.04958481524847458
-0.8196713582769606,-0.6856389068316381,0.1340324514453225
-0.4411071373240694,-0.2583972970549089,0.18270984026916054
-0.22980614168457725,-0.32271992654518544,0.0929137848606082
0.9407211462425857,0.7153223769907403,0.22539876925184543
0.8666816585706163,0.6755197095579034,0.19116194901271288
0.6141073439086084,0.5350401518648282,0.07906719204378021
0.8800976695336419,0.6563869427376282,0.22371072679601367
-0.06957137769757245,-0.3202432213030292,0.25067184360545675
0.7575619311637077,0.5283791925248642,0.22918273863884353
0.7607927905641998,0.65105726323526,0.10973552732893976
-0.9019630433992261,-0.7260540853020738,0.17590895809715223
0.6962985572039925,0.5868053100618476,0.10949324714214492
-0.0640933420397564,-0.19484918373455543,0.13075584169479904
0.129327112115559,0.376360883642135,0.247033771526576
0.8330114196819262,0.6139763556233535,0.21903506405857265
-0.8445255241387345,-0.6874325729576632,0.15709295118107125
0.937595693273323,0.7519489246665806,0.18564676860674245
-0.21264542662758731,-0.25499285029767926,0.04234742367009195
-0.7748935762245719,-0.6501673161738779,0.12472626005069398
0.9458741318979783,0.7340522953719452,0.21182183652603315
0.9480195617465342,0.7292531674042407,0.2187663943422935
-0.7278024993503857,-0.5187443587832863,0.20905814056709937
-0.915899819083373,-0.7480949587822869,0.1678048603010861
-0.8143217201167192,-0.6836644650022778,0.13065725511444137
-0.7996647323567693,-0.6661599533774827,0.1335047789792866
0.9099896459191699,0.720361491074493,0.18962815484467688
-0.5498900579206184,-0.4844364891037808,0.06545356881683762
0.6697629016474558,0.6287599097706333,0.04100299187682244
0.6799277014024455,0.5798641100949874,0.10006359130745812
0.9431373898792802,0.7419266157383873,0.20121077414089295
0.17594534465299758,0.054961722131335246,0.12098362252166234
0.41084427661033096,0.47533636005997815,0.06449208344964719
-0.8374789629384468,-0.6900272723051035,0.1474516906333433
-0.9337242672688048,-0.7171501612036356,0.21657410606516914
0.08642674287643984,-0.017531398816490032,0.10395814169292987
0.9401285990340078,0.7307283480112615,0.2094002510227463
-0.6715354522853366,-0.5722621482173373,0.09927330406799928
0.7362374377168462,0.6313403788659834,0.10489705885086287
-0.9393228593802897,-0.698984961292918,0.24033789808737172
-0.89311581043071,-0.707454001026613,0.18566180940409693
0.6513136470098526,0.3058379140908825,0.3454757329189701
-0.41776028978944324,-0.25391203638504467,0.16384825340439857
-0.7954878722905128,-0.6443659515943877,0.15112192069612507
-0.9670159848123323,-0.7866031223031829,0.18041286250914945
0.8843841119004624,0.7171486119653459,0.16723549993511655
0.7680483187660223,0.5502750216567242,0.21777329710929816
-0.2763205289018302,-0.07101845645327123,0.20530207244855894
0.5564971287271888,0.36459897362715626,0.19189815510003255
0.2832982601750007,0.13683475884611943,0.14646350132888128
-0.21201744957550248,-0.06393429506313983,0.14808315451236265
0.9465757301935115,0.7285148090893806,0.2180609211041309
-0.714340203033937,-0.597571216026252,0.11676898700768501
-0.6096978450607586,-0.6969998135271116,0.08730196846635296
0.07072498483421222,-0.03734850120604698,0.1080734860402592
0.851373171419226,0.6265490416916328,0.22482412972759314
-0.7350324472655505,-0.6202349224488802,0.11479752481667027
0.7286648426752216,0.6215567367665898,0.10710810590863173
0.5935207764662177,0.5120023136771298,0.08151846278908792
0.6712657208297781,0.4234224312028737,0.24784328962690438
0.9591308957601734,0.7801655479796493,0.1789653477805241
-0.6055837299777374,-0.3992189205715749,0.20636480940616247
0.7995353880234102,0.5687230036832597,0.2308123843401505
-0.7831462498132076,-0.562421172920871,0.22072507689233656
0.8228298545165807,0.6704021559617745,0.1524276985548062
-0.7418865590732405,-0.5175744899752858,0.22431206909795476
0.7961169348998784,0.5644980575184616,0.23161887738141684
-0.8474343390076161,-0.6191251235277812,0.22830921547983496
0.0357970758672573,0.11362651323614593,0.07782943736888864
0.08528472845455991,-0.011447240412132803,0.0967319688666927
-0.937707464239876,-0.7034412479368509,0.23426621630302513
-0.9349142238054351,-0.7667469839330207,0.16816723987241444
-0.4300753783939861,-0.3988386119281971,0.03123676646578899
0.6905273885022171,0.5963378428792877,0.09418954562292936
0.39222119631497815,0.40071378687277054,0.00849259055779239
0.9526017985270823,0.7539644772272245,0.19863732129985778
-0.35958298629953844,-0.4183025671581424,0.05871958085860396
-0.348276041411581,-0.34292988361555804,0.005346157796022988
-0.8710387458916291,-0.6473943086523293,0.22364443723929983
-0.04564641553846017,0.18878035195978848,0.23442676749824864
-0.7804253539640862,-0.5562663134519311,0.22415904051215507
0.6308677275759181,0.4195703903302614,0.21129733724565675
0.791946803424548,0.6529410086195597,0.13900579480498831
-0.9402889378880314,-0.715462166426918,0.2248267714611134
0.613551989471248,0.6782427256414414,0.06469073617019339
-0.6191494419689796,-0.5535778296723874,0.06557161229659214
-0.9623834047434533,-0.8004536635368641,0.1619297412065892
-0.15618232181254132,-0.3876236517919916,0.23144132997945027
-0.008084452232984854,-0.29740654616065265,0.2893220939276678
-0.901147469986224,-0.7107486565933796,0.19039881339284437
-0.16568126304615757,-0.03993351796739321,0.12574774507876435
-0.006686220938025133,-0.10036870975752257,0.09368248881949744
-0.22321391398199286,-0.09754042479160685,0.125673489190386
-0.03117105077496791,-0.12389921854252475,0.09272816776755684
-0.338303128374028,-0.04758056836153816,0.2907225600124898
0.0937610713786604,0.23097136640775331,0.13721029502909293
0.4909163766546186,0.4493710302979804,0.0415453463566382
-0.04484345528021023,0.046605059871868325,0.09144851515207855
0.26692273063612815,0.29192607750237043,0.025003346866242282
-0.8594590268447115,-0.6247639570660364,0.23469506977867516
-0.9297066316086237,-0.7045569519009841,0.22514967970763955
0.8811600060265012,0.7179788993696419,0.16318110665685936
-0.6811325135329062,-0.5815921848607889,0.09954032867211726
-0.44573318546251917,-0.26592067272374487,0.1798125127387743
-0.5579620087192091,-0.3577690287236525,0.20019297999555657
-0.9326585209525854,-0.7104522495349388,0.2222062714176466
-0.6330616921655708,-0.634173756306997,0.0011120641414261723
0.04158463001646461,-0.06809645686648476,0.10968108688294936
0.945237224328573,0.7220010244483329,0.22323619988024013
0.232939527764374,0.0957368105518919,0.1372027172124821
0.015003580902550025,0.2707909889414691,0.25578740803891903
0.11068344645644781,-0.1254310871913537,0.23611453364780152
-0.9351779283842707,-0.7105183356454126,0.22465959273885816
-0.9547979392470363,-0.7963243256160504,0.1584736136309859
0.05060058118111759,-0.03841113541648898,0.08901171659760657
0.0006810922804337683,-0.08692434316537674,0.08760543544581051
0.18923868665577948,0.0629874857811544,0.12625120087462507
0.6559763726292076,0.6890247659890091,0.033048393359801476
0.13154319290109381,0.02405326548454949,0.10748992741654433
-0.01711419828400651,0.06525955288217124,0.08237375116617775
0.09101311675410124,-0.1716030659323352,0.26261618268643644
0.19388950351532677,-0.019744107576546946,0.21363361109187373
-0.6634107119694034,-0.4506328950426428,0.21277781692676057
0.16088839108137176,0.21108280856473863,0.050194417483366865
0.47294144467890553,0.5942562469787431,0.1213148022998376
0.813561156033163,0.5172020628759489,0.2963590931572141
0.4500118204908994,0.1732129263798295,0.2767988941110699
0.9325787381471589,0.7328947577811545,0.19968398036600432
0.8136736772929479,0.6729341878758804,0.1407394894170675
-0.7812150283162556,-0.5529128702431223,0.22830215807313325
0.9606325123633281,0.7769024915653366,0.1837300207979915
-0.9472534784310095,-0.721459165613742,0.22579431281726747
-0.9367113222477462,-0.7332063205918007,0.20350500165594554
-0.868081971900781,-0.6867731571890426,0.18130881471173832
0.5998760435962669,0.5255067277712301,0.07436931582503681
0.6091507339184343,0.4027664328815841,0.20638430103685024
-0.5471625582003485,-0.4900068296973201,0.05715572850302841
0.4767486601291465,0.44113965852529535,0.035609001603851165
-0.8892248584378838,-0.6639581067688293,0.22526675166905452
0.042828449247986254,-0.07813940883218226,0.12096785808016852
-0.9054564799015,-0.7230301853612485,0.1824262945402515
-0.9394634822392599,-0.7354292095760557,0.20403427266320417
-0.3626324652064896,-0.07999910645361721,0.28263335875287243
0.8820962778423486,0.6458515855275608,0.23624469231478773
-0.962461859272883,-0.7698478529099505,0.19261400636293247
0.8426325589034642,0.7308706884347774,0.1117618704686868
0.8856957525083008,0.72422042583204,0.16147532667626074
0.8611951547366203,0.6379557417038497,0.22323941303277062
-0.10878557685490828,0.14934756926306356,0.25813314611797183
-0.877607949278221,-0.6492300281959836,0.2283779210822373
-0.6927426474982403,-0.4725402687861607,0.22020237871207965
0.9085938900236133,0.7304544707950329,0.17813941922858045
-0.5903003052124953,-0.3956082026151911,0.19469210259730424
-0.9293981868904273,-0.733543915871597,0.19585427101883035
0.9289950584019402,0.7323745493588532,0.19662050904308703
0.14253669843539984,0.2729865081940884,0.13044980975868853
0.9365437420074537,0.713163285470169,0.22338045653728467
-0.2187259885410731,-0.0866424479896358,0.1320835405514373
0.32263233615455106,0.3222910111864328,0.00034132496811828394
0.7602778262037256,0.6446966488127669,0.11558117739095874
-0.6020095000508602,-0.4088516112788481,0.19315788877201207
-0.6293774056441461,-0.5553008728727375,0.07407653277140858
-0.9402981792661655,-0.7630912807264862,0.1772068985396793
0.7530781473529025,0.6274904544789413,0.1255876928739612
-0.6723543613427779,-0.4683925618307284,0.2039617995120495
-0.5053774116029532,-0.3120365436165687,0.19334086798638456
-0.8728095464776804,-0.6356995806368936,0.2371099658407868
0.8915280124613822,0.7325622682862258,0.1589657441751564
0.7721557972702242,0.5463106211395597,0.22584517613066446
-0.9406575313686238,-0.7545168679696314,0.1861406633989925
-0.8392742556485269,-0.6050337848548227,0.23424047079370414
0.1979043334902554,0.24553132224019142,0.04762698874993601
0.7468030708349606,0.6359858804092555,0.11081719042570504
0.9056196505283134,0.6717678404944942,0.23385181003381916
0.2166949147352268,0.08452298179131708,0.13217193294390972
-0.4822922105868892,-0.2966629690213018,0.1856292415655874
0.46031783934875664,0.44271245906344736,0.01760538028530928
0.3401425922919341,0.18698941684922407,0.15315317544271004
-0.6952422520704099,-0.49251341216123445,0.20272883990917545
-0.8775947567360465,-0.6479859582839215,0.229608798452125
-0.7286812872627783,-0.6140735459463852,0.11460774131639306
-0.8391534483830235,-0.7462601515532626,0.09289329682976089
-0.06159089111976509,0.041994704864592454,0.10358559598435754
-0.9396009551476596,-0.7124122364643324,0.22718871868332724
0.9468269293595057,0.7281971038734965,0.2186298254860093
0.622857796729758,0.4174015385774094,0.20545625815234864
-0.2818833905528206,-0.29537327854008333,0.01348988798726275
0.7972370686957093,0.5745121599270635,0.2227249087686458
-0.7522485801769994,-0.5299977263047172,0.22225085387228216
0.9283870426689635,0.7296514024554154,0.19873564021354817
-0.49950402562501645,-0.45619810486439993,0.04330592076061651
0.6399024419708866,0.4333563328670155,0.2065461091038711
0.016808045012608446,0.10259614571142411,0.08578810069881566
-0.8415122340395151,-0.6823248890353373,0.15918734500417786
0.19495203580261797,0.07093092294939227,0.1240211128532257
-0.8039977299544685,-0.5812346920303425,0.222763037924126
0.8258963927484748,0.5942464489166992,0.23164994383177562
-0.5227214933433302,-0.3259620299189829,0.1967594634243473
-0.929914201689038,-0.7776077807991592,0.1523064208898789
0.8196393845378424,0.714495059841096,0.1051443246967464
-0.4359536950192622,-0.2584631375341801,0.17749055748508208
-0.044037476043696525,0.22590171351576996,0.2699391895594665
-0.6368817562687613,-0.4159305820577077,0.2209511742110536
0.946439842552493,0.7594139878698533,0.18702585468263977
-0.16762212806947613,0.12795016946703003,0.29557229753650616
0.5903239928109179,0.3954810176174178,0.19484297519350008
-0.4441570182400568,-0.22357598317828528,0.22058103506177154
-0.5726146252294244,-0.5089017817593565,0.06371284347006789
0.5347131341197664,0.4849117429754401,0.0498013911443263
0.6985694143856253,0.5942505272968616,0.10431888708876369
-0.8718808924725376,-0.6390152680541807,0.2328656244183569
0.6959841485305779,0.5969058955103691,0.09907825302020878
0.5074121359035578,0.3194844050986628,0.187927730804895
0.8318391999454909,0.6782155815724492,0.15362361837304173
0.862771512310283,0.6980454655670464,0.16472604674323665
-0.933922519175697,-0.7277336924338633,0.2061888267418337
0.588729697032063,0.38639166998604685,0.20233802704601617
-0.9249235812276357,-0.6969834014440806,0.22794017978355519
-0.23587179693229637,-0.4177401359225213,0.18186833899022492
-0.9447297484883319,-0.7265985313955926,0.2181312170927393
-0.6156478133152977,-0.5436188027121588,0.07202901060313893
-0.9423750564593689,-0.716954649782692,0.22542040667667695
-0.941261609709919,-0.7254025622479887,0.2158590474619303
0.027280901823626233,-0.06711003796035916,0.0943909397839854
-0.7613289856633609,-0.5333772556628631,0.22795173000049784
-0.09330812764358132,0.029058569293613074,0.12236669693719439
-0.5159049362993421,-0.1783001506315714,0.3376047856677707
0.5932744497160182,0.5326247929003779,0.060649656815640274
0.9439210381196383,0.7273979550714581,0.21652308304818024
-0.8990964654422842,-0.7121369891066112,0.186959476335673
-0.6743335114474417,-0.46151265924466284,0.21282085220277885
0.9491382406955059,0.7686725809448,0.18046565975070594
0.16079049978040624,-0.08100297260156629,0.24179347238197252
0.9397122836932271,0.7251369685513164,0.21457531514191075
0.026164295812250243,0.134851974422289,0.10868767861003875
-0.13687546636653103,-0.024604483707343305,0.11227098265918772
0.3038807724025908,0.13803658393054138,0.16584418847204943
-0.94966188146193,-0.7455500947109018,0.20411178675102815
0.35628126441045754,0.561969392439053,0.20568812802859543
0.3270990317128572,0.1681005483428574,0.1589984833699998
-0.18230865370190838,-0.2264214116323626,0.044112757930454216
-0.18149010313512068,-0.031077697516057566,0.1504124056190631
0.3203503173368608,0.32999240751930803,0.009642090182447216
0.4884232659816181,0.4505347088714326,0.03788855711018552
0.8814537339632151,0.6547961754838135,0.2266575584794016
0.23727763333191995,0.25882587895911047,0.021548245627190515
-0.5046349478622024,-0.49794281881941127,0.006692129042791151
-0.23129932656504193,-0.101169045897751,0.13013028066729093
0.012589342083601034,-0.06676830022505448,0.07935764230865551
-0.8829077090464732,-0.7052597480682766,0.17764796097819657
0.7981520923704354,0.6519418392489217,0.1462102531215137
-0.9330580550059131,-0.7026630888725308,0.23039496613338228
-0.9612733952618651,-0.8450985931283395,0.1161748021335256
0.9153069592458707,0.7448491630127195,0.17045779623315116
-0.8329444175565036,-0.6920506596620061,0.14089375789449754
-0.9134169866537085,-0.6848722112773458,0.22854477537636275
-0.7897871727853873,-0.6634298429443967,0.12635732984099068
-0.49032488529130525,-0.30661106313688474,0.1837138221544205
-0.9017199539979261,-0.7234012266340883,0.1783187273638378
0.1896407387683066,0.25802180299268457,0.06838106422437798
0.3142961834154288,-0.012966061615898052,0.32726224503132684
0.21169894878246545,0.07370809082080791,0.13799085796165755
0.3475109349237802,0.35145534980701115,0.00394441488323094
-0.8056808324589568,-0.565852315742959,0.2398285167159978
0.35478282054225246,0.3628708188069822,0.008087998264729723
0.6167908100331267,0.5450577447105613,0.0717330653225654
-0.5824312211059081,-0.5292354001309248,0.05319582097498321
0.8042248252684232,0.5743817827720824,0.2298430424963408
0.05789429197627512,0.1330786221408537,0.07518433016457858
0.9008129250576236,0.7245041061924282,0.17630881886519534
0.6293258626864197,0.5563231764462763,0.07300268624014339
0.9332730652727871,0.7263901858790871,0.20688287939369998
0.6004178143555635,0.5473000986793228,0.053117715676240684
0.4400707727542632,0.4146220546576155,0.025448718096647727
0.043448935431657704,0.145754454283014,0.1023055188513563
-0.22395683432460486,-0.25968238783281666,0.0357255535082118
-0.44932911643876977,-0.27353083468826717,0.1757982817505026
-0.0296939789947227,0.07947172820596167,0.10916570720068437
0.6566023697124622,0.4493167193333324,0.20728565037912983
0.7207657413156459,0.6145757711757571,0.10618997013988873
-0.7974772709378509,-0.7303652743494914,0.06711199658835953
0.7958802164324904,0.6559472935070081,0.13993292292548232
-0.9467584317897073,-0.793471489365103,0.15328694242460428
0.9376730081779671,0.7244769412117005,0.21319606696626658
0.9427468178953609,0.7377803313683268,0.2049664865270341
-0.04779140662993443,-0.2902644447846271,0.24247303815469268
-0.02216087277194803,0.06347763073080014,0.08563850350274817
0.18574849599509635,-0.08644637148665481,0.27219486748175115
-0.4784679169171555,-0.5154433699087455,0.03697545299159
-0.11484713139714575,-0.011434837504526875,0.10341229389261888
-0.9483482249564478,-0.7359342285364542,0.2124139964199936
-0.5565099832673972,-0.36289568188782795,0.19361430137956925
-0.9575236746579994,-0.768983677760628,0.18853999689737133
0.934983040734781,0.7407565303912291,0.19422651034355187
-0.8499903290736468,-0.6940698046506186,0.15592052442302817
0.9328924118454508,0.7369108675177328,0.19598154432771797
-0.7250561757585009,-0.6162970446507199,0.10875913110778102
-0.9230341353715412,-0.6863366739954256,0.23669746137611558
-0.7561202627672107,-0.4793203468575571,0.2767999159096536
-0.2690973752675049,-0.11644558093455956,0.15265179433294532
0.3311486042747592,0.1725085631506888,0.15864004112407037
-0.8191771658342121,-0.6687171212808236,0.15046004455338846
-0.3248260173999526,-0.1705622725006199,0.1542637448993327
-0.6718664908203509,-0.5828967725516969,0.08896971826865396
-0.046988792760049095,0.045150542318529475,0.09213933507857858
-0.8627261613838775,-0.682725221327806,0.18000094005607148
-0.5373119508523859,-0.35499708525203777,0.18231486560034815
0.2118958830439505,0.2679503993213852,0.05605451627743471
-0.04139824220563262,-0.3727538875888405,0.3313556453832079
-0.12342854940767257,0.004469459513810559,0.12789800892148312
-0.8322220372635096,-0.6023778169739048,0.22984422028960483
-0.5005595495649515,-0.16948581682235442,0.3310737327425971
0.5437417999619327,0.4939283685656152,0.04981343139631755
-0.19375627606628093,-0.24115036755250088,0.04739409148621995
-0.6625836531813901,-0.49804540472240005,0.16453824845899007
0.4553069052224351,0.26504187897901876,0.19026502624341635
-0.10643689365460421,-0.00242211553657256,0.10401477811803164
-0.9388369472753844,-0.7044207985122347,0.23441614876314965
0.7159677625255331,0.4932623143070858,0.2227054482184473
0.838189461301942,0.6057817003506366,0.23240776095130544
0.6267896940040022,0.5980448217700112,0.028744872233991026
-0.6461036068747834,-0.43573448253561375,0.21036912433916966
-0.8978225730128203,-0.6737351109518762,0.2240874620609441
0.30510677478193143,0.3198566139130553,0.014749839131123876
0.07468719152156235,-0.042389334475899584,0.11707652599746193
0.6569802353210115,0.4392552572697083,0.21772497805130314
-0.9418973550481112,-0.7321916775404298,0.20970567750768143
0.6513771013608621,0.5597256362938335,0.09165146506702859
-0.6017249614328846,-0.4069510665370939,0.19477389489579067
-0.7908895845571001,-0.44434750410607543,0.3465420804510247
-0.6330732341773643,-0.4261231812386002,0.20695005293876406
-0.8362967067308719,-0.6822013157262728,0.154095391004599
-0.7842751012150776,-0.6532216157132272,0.13105348550185036
-0.3700743762643837,-0.37428845692804275,0.0042140806636590256
-0.5558734740811152,-0.35510810021352573,0.20076537386758947
0.4206338136593141,0.12449214541151006,0.2961416682478041
-0.8833899821340351,-0.6964428688807437,0.18694711325329139
0.5690094195425699,0.37874145889337335,0.19026796064919654
-0.9012250765355878,-0.6797424294251445,0.2214826471104433
0.41258208190895207,0.4016092478257698,0.010972834083182281
-0.29864906852259454,-0.11169023317422251,0.18695883534837204
0.638960091292859,0.4365377198870195,0.20242237140583952
-0.3127801952634198,-0.1626626517161898,0.15011754354723003
0.06469159245445834,0.15010104799341034,0.085409455538952
-0.03113642497753982,0.054477482612954764,0.08561390759049459
0.896054217567866,0.6681902779175483,0.2278639396503177
0.9203231694211809,0.7408522526666744,0.17947091675450644
-0.9539339297176289,-0.7407524786179076,0.2131814510997213
-0.8277439048722293,-0.7025058115200636,0.12523809335216562
0.936767684319981,0.7131686096155748,0.2235990747044062
0.6750784477720729,0.4701994653072872,0.20487898246478575
0.9491685503864502,0.7300658855701525,0.2191026648162977
0.6105220836150977,0.5374509476331264,0.07307113598197135
0.2218939885575441,0.10133555920164077,0.12055842935590334
-0.8099141383431165,-0.5768884558595239,0.23302568248359268
0.9288547167537481,0.7315480457029533,0.1973066710507948
-0.8340392532036555,-0.6182159787767911,0.21582327442686433
0.0512949124518759,0.14152641557203588,0.09023150312015998
0.7509912359324954,0.6523718006513843,0.09861943528111106
-0.5005915088091328,-0.3085847665058851,0.1920067423032477
0.6522968723382783,0.5557234172902633,0.09657345504801496
0.5739196644115748,0.5199412438636716,0.05397842054790325
0.7707779459812198,0.6461775324619914,0.12460041351922846
-0.5708220636416252,-0.37638215187772134,0.1944399117639039
-0.5558074506563009,-0.36024857039642194,0.19555888025987894
-0.11282982583868367,-0.006508011605716671,0.10632181423296701
-0.8748362981956347,-0.6501683401676818,0.22466795802795292
-0.9717596438017595,-0.7481728891955023,0.2235867546062572
0.8202381625080774,0.5768811627450523,0.24335699976302505
0.9094560160359161,0.6837328841697109,0.22572313186620518
0.7197915884667518,0.494760472827107,0.22503111563964484
0.0021317057946406153,-0.08711413319073026,0.08924583898537088
0.884178529586184,0.6968252736478747,0.18735325593830932
0.25796777818371225,0.285563565180195,0.02759578699648274
0.8701203844780093,0.7062519458766962,0.16386843860131317
-0.8987364246746157,-0.8027952707307078,0.0959411539439079
0.4559529871580229,0.4313869440264915,0.02456604313153138
0.49207764041013,0.4530685418136552,0.039009098596474834
-0.2558151613397525,-0.11787728135722107,0.13793787998253143
0.29519581964133546,0.3197225204701806,0.02452670082884517
0.7639189971644714,0.445851781884657,0.3180672152798144
0.4789288604492478,0.4739170807118164,0.005011779737431443
0.16861848173414828,0.2581789834329022,0.0895605016987539
0.8486778586593282,0.6248015525288811,0.22387630613044707
0.605984207514155,0.5233464210808152,0.08263778643333985
-0.506618472655431,-0.45904623559744195,0.047572237057989075
-0.8872905462407469,-0.7164610787440717,0.17082946749667516
-0.020618954958797016,-0.09438599640700839,0.07376704144821136
0.35982812310290707,0.18565211296343198,0.1741760101394751
-0.49786083278348653,-0.31325247249563076,0.18460836028785577
0.8418099074911062,0.6024433640617931,0.23936654342931307
0.7852924235765197,0.567665100966263,0.21762732261025675
0.17212170244547073,0.053988533413990146,0.11813316903148058
0.7754339037628796,0.6631181188163876,0.11231578494649197
0.6510207935389221,0.3133152247802525,0.3377055687586696
-0.8444583931973578,-0.701792748710358,0.1426656444869998
-0.29074427895532146,-0.09617782981834802,0.19456644913697344
0.06043316951270965,-0.05012242746108871,0.11055559697379835
-0.9264978702851124,-0.6866320729233575,0.23986579736175495
-0.16082757724301414,-0.20570603401213242,0.04487845676911828
-0.6764309710226004,-0.4615062838799891,0.21492468714261131
0.8268979325702668,0.6040989142989521,0.22279901827131465
0.9761859693126721,0.8297721218390213,0.14641384747365083
0.522800427678057,0.3326246555773018,0.1901757721007552
0.6860801700748445,0.4669013278261003,0.21917884224874418
-0.43747643580308077,-0.2720485200874914,0.16542791571558935
-0.738328940779685,-0.6224896951636745,0.11583924561601056
-0.8717722186172798,-0.7614918023679204,0.11028041624935947
-0.6818763292659862,-0.6714126961254463,0.010463633140539885
-0.5790173737260041,-0.3408360854087277,0.23818128831727647
-0.4635719930717286,-0.2532301208383676,0.21034187223336098
-0.5929313448791558,-0.3422225822751698,0.250708762603986
0.34239134049754383,0.34566198261450376,0.003270642116959932
0.1630540975256172,0.20347102838294057,0.04041693085732337
-0.3370284360640851,-0.34399489311592607,0.006966457051840957
-0.7792127821750761,-0.5555486750121814,0.22366410716289464
-0.42181050881198356,-0.4253900074416397,0.0035794986296561193
-0.5180205987299661,-0.33355964011244355,0.18446095861752254
0.8094571184590862,0.5687859581705527,0.24067116028853353
-0.9393856969726875,-0.725764071453131,0.21362162551955644
0.28744710763389375,0.2921693194563394,0.004722211822445643
-0.8622208198242123,-0.700724713519017,0.16149610630519529
0.31459261460430404,0.08838610412770402,0.2262065104766
0.21916879429738756,0.09317302943765308,0.12599576485973446
-0.42523990603385103,-0.39953416529614605,0.025705740737704985
0.7008620077894966,0.48232764034239617,0.21853436744710042
0.7046524562937857,0.4904921472995788,0.2141603089942069
0.77882541950846,0.6638889581249434,0.11493646138351654
0.14635964427632028,-0.011243315685369551,0.15760295996168983
-0.614316309750166,-0.5414623212633579,0.07285398848680813
-0.21495309828398493,-0.29517191382300356,0.08021881553901863
-0.6354159731195549,-0.42917980401075995,0.20623616910879494
-0.7325966656402769,-0.5151901986907563,0.2174064669495206
0.6201908347001265,0.41725650094297984,0.20293433375714665
-0.3697662332105223,-0.37428511143949017,0.004518878228967849
-0.7461318942811388,-0.6333927965974382,0.1127390976837006
-0.6399207243588922,-0.43420245266535756,0.20571827169353468
0.17386448250919892,-0.033719913534838754,0.20758439604403767
0.29236585164743556,0.30321845565265376,0.010852604005218203
-0.9185568735424045,-0.7128427499462905,0.20571412359611396
0.6695647640797464,0.5809835051432561,0.08858125893649027
-0.35214013003614936,-0.08864925552583715,0.2634908745103122
0.918072304970952,0.774022748495197,0.14404955647575501
0.8064739621600233,0.4696529484523613,0.33682101370766204
-0.2680038535243476,-0.13217827332451507,0.1358255801998325
0.8586551836182887,0.6859238289391085,0.17273135467918022
-0.18167517896713145,-0.23108896911073754,0.049413790143606084
-0.3410366007189251,-0.06813047896965027,0.27290612174927487
0.2656102770084332,0.12893658045398737,0.13667369655444583
-0.7611080598314709,-0.5278324638463678,0.23327559598510306
-0.689932590871087,-0.627790692796999,0.0621418980740881
-0.9384571587793523,-0.6619468420578695,0.27651031672148285
-0.021979439852669733,-0.14348625150311492,0.12150681165044519
0.40326237103965645,0.39143893572405386,0.011823435315602593
0.7064754724552115,0.5880059031951381,0.11846956926007335
-0.913602179966989,-0.6896765541737863,0.22392562579320274
0.5691754048876757,0.5102648795054966,0.05891052538217911
0.2175896277064699,0.25516647956421507,0.037576851857745175
-0.5779774360147168,-0.34256474559096073,0.23541269042375612
0.9015596448912943,0.719781993341213,0.1817776515500813
-0.5130863754219886,-0.3147928827499696,0.19829349267201907
0.8885055999237179,0.6564314945299247,0.23207410539379325
0.8736962720180924,0.6433286049962571,0.2303676670218353
0.2447478695037881,0.08902558457535423,0.15572228492843387
0.6153931684892815,0.27496124730524923,0.34043192118403226
0.35689846862171737,0.42216778416437994,0.06526931554266258
0.9292446139565517,0.708328199710907,0.22091641424564468
-0.14899245075281195,-0.35917299248523277,0.21018054173242082
0.9176941268204598,0.6904749078136206,0.22721921900683917
0.23308561625191243,0.2725737760210902,0.039488159769177744
0.8486049931609042,0.7037207589781871,0.14488423418271712
-0.7897269297560944,-0.5221028246676649,0.2676241050884295
-0.9474274196295204,-0.7283912350578344,0.21903618457168594
-0.3109062211087225,-0.1498698160398348,0.16103640506888772
-0.2599838399115852,-0.5419472542027095,0.2819634142911243
-0.7869824913963034,-0.7342098783310651,0.05277261306523828
0.6428380377493588,0.5672994605506948,0.07553857719866397
-0.17704826364963863,-0.05728561740936316,0.11976264624027547
0.31516283917424687,0.327631488454275,0.01246864928002811
0.7874610304486611,0.6109166229665726,0.17654440748208855
-0.8003272470337478,-0.5739909911804022,0.2263362558533456
0.325128318561245,0.057439944397785735,0.2676883741634593
0.6510593128275605,0.4446232988198268,0.20643601400773365
0.8825467773063864,0.7066416001785029,0.17590517712788356
0.9403619437783681,0.7118229678847218,0.22853897589364636
0.2531386966733912,0.27000853761572857,0.0168698409423374
0.9447572774371076,0.7519763212911073,0.19278095614600033
-0.9405964250721423,-0.7130889006381447,0.22750752443399758
0.8034037510765016,0.6609623842107745,0.14244136686572717
0.4777808860489206,0.29043228879690375,0.18734859725201686
0.9011347384853168,0.7106602119269924,0.19047452655832442
0.17596022232713207,0.18077983981052156,0.004819617483389493
-0.7116960393962284,-0.5965188722654774,0.11517716713075099
0.46229082991007336,0.28216010682016196,0.1801307230899114
0.5100185150373521,0.46398941551857475,0.04602909951877732
0.41647283129044144,0.38631152701892524,0.0301613042715162
0.4739195514182972,0.43346424493780644,0.04045530648049078
-0.6398907201246768,-0.4255438495136079,0.21434687061106894
0.9678502292560216,0.8147900389124253,0.1530601903435963
-0.25545718707579523,-0.27148254021902957,0.016025353143234333
0.9458491154171738,0.7290695123712567,0.21677960304591704
-0.8760769356956013,-0.6384920788073176,0.23758485688828368
-0.7895231018772776,-0.5367645716777747,0.2527585301995029
0.9069806403401137,0.7283226283027004,0.17865801203741327
-0.8492865280870601,-0.6176656156041985,0.23162091248286154
0.801614376109662,0.5805851388433348,0.22102923726632717
0.6498769437157623,0.4466702419056272,0.20320670181013512
0.36755455375687596,0.20156911506927191,0.16598543868760404
-0.7093477909258484,-0.5963977453880165,0.11295004553783194
-0.6626323568628668,-0.5842818539291865,0.07835050293368029
-0.46225536132801154,-0.4467982181521882,0.015457143175823362
-0.6967157978994827,-0.5920554267183804,0.10466037118110227
-0.5718472371497768,-0.36907595335508087,0.20277128379469594
-0.6665538297755829,-0.4482100664035743,0.21834376337200856
-0.541936344300504,-0.3415759512088974,0.20036039309160658
0.8791978767544676,0.6473060171674858,0.23189185958698177
0.9322080419134859,0.7120974531779223,0.22011058873556366
0.37238465274017546,0.1979929837197845,0.17439166902039097
-0.12076509261285047,-0.003961678673137886,0.11680341393971258
-0.4461384364527388,-0.41539677664352515,0.030741659809213673
-0.8507075952011289,-0.7482286209273046,0.10247897427382435
-0.944205795017099,-0.8237393062305992,0.12046648878649979
0.1396702388006136,0.31716093476128693,0.17749069596067332
0.4589513716855127,0.10192138535396673,0.357029986331546
0.5954572366875859,0.5355166854557459,0.059940551231839945
-0.8250610230380281,-0.6823386855933294,0.14272233744469864
-0.9472380924049593,-0.7260760434675106,0.22116204893744862
-0.9385785786044689,-0.7435873730553182,0.19499120554915073
0.6832274169544891,0.7218391335047274,0.03861171655023832
-0.24005663112369194,-0.036178714148457,0.20387791697523494
0.20309735478360005,0.07865543596854546,0.12444191881505459
0.9325133862504219,0.72904786589998,0.20346552035044185
-0.475154771269964,-0.294197628779149,0.18095714249081502
0.7540966589727046,0.532699558682476,0.22139710029022863
0.7244548694741936,0.5115754411248181,0.21287942834937545
0.11778638451012745,0.0026073932969892994,0.11517899121313815
-0.5642352494395564,-0.1979289348872696,0.3663063145522868
0.31472147276643375,0.34369245982823293,0.02897098706179918
-0.6755584167614963,-0.5816871674500365,0.09387124931145985
0.8220031844631026,0.673742842937801,0.14826034152530165
-0.6400940038305137,-0.6499248632784423,0.009830859447928608
0.5921506764841096,0.3899731493778087,0.20217752710630088
-0.4966877273962963,-0.4634293206592211,0.0332584067370752
0.5222263970382486,0.31627569636797753,0.20595070067027105
-0.3291460675957937,-0.17538912473818336,0.15375694285761032
-0.9166383601414412,-0.6797230852911645,0.23691527485027664
-0.9099397838711317,-0.6750383609247083,0.23490142294642347
-0.06157866418402002,0.0426843867718885,0.10426305095590852
-0.9637671271791761,-0.7653508653685415,0.19841626181063465
-0.6625380876636895,-0.4489755560307078,0.21356253163298167
0.008639573979726074,0.09514343109540299,0.08650385711567692
0.6543869028787609,0.4442775135543448,0.21010938932441608
-0.93216985212783,-0.7183443731041872,0.2138254790236428
0.2371675747073832,0.26364137517916725,0.026473800471784048
-0.943824856318387,-0.7245574200770118,0.21926743624137512
-0.9149479319185257,-0.6871295863500129,0.22781834556851288
0.689556063250696,0.47249047127114185,0.2170655919795541
-0.5618232102161579,-0.36778650380743944,0.19403670640871845
0.9228520524972484,0.7252989916620142,0.19755306083523427
-0.17293263293222652,-0.018842135483616473,0.15409049744861006
-0.6176851335847877,-0.7029754617721474,0.08529032818735971
0.1883478632675024,0.07270089429271005,0.11564696897479236
-0.9172767759915313,-0.678564987430105,0.23871178856142639
0.9366788706885143,0.7354285110977532,0.2012503595907611
0.9276679447990875,0.7326472725789853,0.19502067222010222
0.7753615438232696,0.6162749484312029,0.1590865953920667
0.761296640912451,0.635094383113681,0.12620225779876992
0.9333007803481292,0.7382506344445879,0.1950501459035413
-0.9095380580640215,-0.6834260092923066,0.22611204877171498
0.1702412803855223,0.21729719190443866,0.04705591151891636
-0.9365315936158585,-0.7373242875632702,0.1992073060525883
-0.9393556089193489,-0.7765179415928855,0.16283766732646343
0.8040730193524981,0.5752772406147971,0.22879577873770096
-0.5742119258650772,-0.7067691890407751,0.13255726317569794
-0.21184034247271785,-0.08050013828598149,0.13134020418673636
0.3532152225565292,0.1317505257834381,0.2214646967730911
-0.936937727577169,-0.738036138794853,0.198901588782316
-0.9402683062337993,-0.7208467303155351,0.21942157591826417
-0.7593230472264865,-0.6465284351747046,0.11279461205178187
0.8333419630747518,0.6047802967220575,0.22856166635269437
0.40753663405788454,0.12553883108755629,0.2819978029703283
-0.7022087350994514,-0.4341599017328521,0.26804883336659924
-0.9243545230186567,-0.6939515821329736,0.23040294088568314
0.3415359312497358,0.18846733636302013,0.15306859488671568
0.9620506418742774,0.7707193321515322,0.19133130972274515
0.3330470519974635,0.3391516960817854,0.006104644084321931
0.7261282039666822,0.619539536761915,0.10658866720476723
0.8551693803580714,0.7395589571467261,0.11561042321134529
-0.22401233579591304,-0.25704351468086956,0.03303117888495652
0.12400935216926487,0.18121452789234774,0.05720517572308287
0.9185074070403949,0.621026843253617,0.2974805637867779
0.16034917296044762,0.04638367284354737,0.11396550011690025
-0.02419767962195784,0.07361292863953378,0.09781060826149163
0.6704138867490037,0.5775518916847558,0.09286199506424786
0.689017238358178,0.46886688874119387,0.2201503496169841
-0.8697502380047145,-0.7131423003606242,0.1566079376440903
-0.31243183234520533,-0.38012683180279777,0.06769499945759244
-0.8441205821277311,-0.6585150917025739,0.18560549042515717
0.9161158086046408,0.685674011985612,0.23044179661902886
-0.17805127285103495,-0.23501839116066792,0.05696711830963297
0.38702026978325127,0.20924547351675743,0.17777479626649384
0.8540322110631812,0.6978987213380083,0.15613348972517282
0.15433862040076693,0.23505266589607712,0.0807140454953102
0.8631001646629818,0.7485297845022214,0.11457038016076038
-0.6455007208040857,-0.43635592146222213,0.20914479934186359
0.9481535232934172,0.7386759742686171,0.2094775490248001
0.9429950229099614,0.728459569258088,0.21453545365187343
-0.5736000221384965,-0.3653990557119412,0.20820096642655528
-0.9642597073857331,-0.7672571210528142,0.1970025863329189
0.8878870037752435,0.6637427101004808,0.22414429367476274
0.9341625362417311,0.72478897851043,0.20937355773130106
0.9248555418743393,0.7925134537131031,0.13234208816123616
0.3475287259694049,0.17636869037378633,0.17116003559561854
-0.5281091210831645,-0.2466106623998711,0.2814984586832935
-0.5976054411737594,-0.5359460297380682,0.0616594114356912
-0.9377333123735891,-0.7574233436835975,0.1803099686899916
0.27966110176324926,0.2972204541167058,0.017559352353456514
-0.7258401682394285,-0.7762964193149385,0.050456251075509995
-0.5231244463738878,-0.6481830766526784,0.1250586302787906
0.9246469646267563,0.7299309290839633,0.19471603554279304
0.008175501251469106,0.14929938397654016,0.14112388272507106
0.9276785246140119,0.7020429434872872,0.22563558112672466
0.8866924586956008,0.6531634227919846,0.23352903590361618
0.8824919844083053,0.6400068930921523,0.24248509131615303
-0.32183227530455094,-0.3513295922206193,0.029497316916068383
0.4219023682097714,0.24340657520061074,0.17849579300916066
-0.19421735331769505,-0.2317214471190611,0.037504093801366045
-0.1095097102667503,0.005362448331764434,0.11487215859851474
0.00284030639653626,0.09685253966004437,0.0940122332635081
-0.9391279739541307,-0.7154241599916347,0.22370381396249606
0.7449130000626781,0.6322386457893955,0.11267435427328265
0.38881299205185094,0.21620563360700995,0.17260735844484099
0.943366064278694,0.7282297842329023,0.21513628004579166
0.893360767050977,0.6543546702538309,0.23900609679714613
0.4701930883312995,0.29431284729657203,0.1758802410347275
0.12900219471294902,-0.06387817888351145,0.19288037359646049
-0.4338708293944815,-0.4384465454986531,0.004575716104171568
0.9750371318774662,0.8348612661335255,0.1401758657439407
-0.11147062762645639,-0.1671692054862563,0.05569857785979991
0.8222699849647436,0.7236547910086986,0.09861519395604501
-0.6557965887107887,-0.35506510323113954,0.3007314854796492
0.6109517856616421,0.5282285492717269,0.08272323638991519
-0.16644934927401772,-0.020092352813384295,0.14635699646063344
0.06388979629012094,-0.031141100493611292,0.09503089678373224
-0.4630335031384574,-0.29064508468453404,0.1723884184539234
-0.6169812198114518,-0.5468771087541944,0.07010411105725745
-0.9287640267420159,-0.7020599362993613,0.2267040904426546
-0.5674465736745922,-0.5734408795917825,0.005994305917190301
-0.22081532993533576,-0.466482283657935,0.24566695372259922
-0.6523626810980778,-0.43600434404574706,0.21635833705233076
-0.8966839196394423,-0.6651929084588662,0.23149101118057602
0.7312172300856054,0.6102795189241952,0.12093771116141017
-0.8205412913551379,-0.5975501461757203,0.22299114517941754
0.9192055134601022,0.6866407582026697,0.23256475525743248
-0.15684873979130176,-0.034457899851854525,0.12239083993944724
-0.9144564522994504,-0.7057227537801496,0.2087336985193008
-0.467639714676568,-0.4428339056666854,0.024805809009882607
0.10666540046460563,0.006267569466611016,0.10039783099799461
-0.7171286088603339,-0.510534102393461,0.20659450646687294
0.8372089646251134,0.6881858036117774,0.14902316101333601
0.4286673655711705,0.4378019904551951,0.009134624884024556
0.5106401121910463,0.4814802058402213,0.02915990635082505
0.7746998477406168,0.5475041986615363,0.22719564907908052
-0.5748511420893451,-0.519370988374751,0.05548015371459403
-0.09873439830542305,-0.3145046360865606,0.21577023778113755
-0.4343600754836648,-0.2662467863440535,0.16811328913961127
0.04253355516114571,-0.04697452107571264,0.08950807623685836
0.37976817041084515,0.38497037830370684,0.005202207892861688
0.8085014145396838,0.6719840325012996,0.13651738203838426
-0.8778321782008784,-0.651539936831913,0.22629224136896542
0.5629054333085917,0.22885906190814376,0.3340463714004479
0.9088035206935753,0.6839092040384439,0.22489431665513138
0.864896248823163,0.6973134844596379,0.16758276436352504
0.01224597046594794,-0.0802227200596648,0.09246869052561274
-0.6401260282378971,-0.5561295627979483,0.08399646543994876
0.9105477339583385,0.621095457788433,0.28945227616990554
-0.5408716176283328,-0.48270452583876894,0.05816709178956386
0.4940034480457422,0.47446970549098766,0.01953374255475454
0.09789504447964795,-0.011152649703476151,0.1090476941831241
-0.46955510899789277,-0.26823987267839905,0.20131523631949372
-0.248625402565825,-0.11234097886853478,0.1362844236972902
0.8098616208524434,0.5692903046588697,0.24057131619357375
-0.9352690821965797,-0.7458583529921192,0.18941072920446045
0.9299801587606008,0.706991325615755,0.22298883314484585
-0.6823612323680462,-0.4709202096882806,0.21144102267976567
0.9445794275559799,0.7325801773453599,0.21199925021062005
-0.3336528080658135,-0.3313790200825903,0.0022737879832231966
0.8994332938024266,0.7233109865028281,0.17612230729959855
0.9371766148832145,0.7082071931674802,0.2289694217157343
0.9463927436262105,0.7362273823559523,0.2101653612702582
0.2599592952876365,0.08374221533108288,0.1762170799565536
0.9464383136482871,0.7161751263734693,0.23026318727481787
0.7009583645926355,0.6029511415727509,0.09800722301988463
-0.9422722972778989,-0.718223833450581,0.2240484638273178
-0.9594818816766507,-0.7773698877737851,0.1821119939028656
0.8751068486839704,0.7033896885875703,0.17171716009640003
0.27062356505692436,0.12813964184650503,0.14248392321041933
-0.7082420533806069,-0.48498277099034404,0.22325928239026283
0.2660268458155619,0.007090186270843362,0.25893665954471856
0.4883697371424083,0.30882073440785185,0.17954900273455643
-0.9543844476482329,-0.7425620424037866,0.2118224052444463
-0.019918685315734153,0.08502952570489267,0.10494821102062682
0.9449068185055614,0.7286805368768855,0.21622628162867585
0.9107447498770279,0.6894162993438328,0.22132845053319516
-0.4913623073549587,-0.28733230289123796,0.20403000446372077
-0.9483574699428468,-0.7433276973143909,0.2050297726284559
-0.32900219503864486,-0.18170301425646204,0.14729918078218282
-0.13704563175189857,-0.3552168041904011,0.2181711724385025
0.9202727516252825,0.6698004159347102,0.25047233569057237
0.8499224845601607,0.623635537661692,0.22628694689846873
-0.6322532413194842,-0.5479304902030003,0.08432275111648391
0.8720617813417453,0.7184305950154681,0.15363118632627715
-0.9735362493385269,-0.8433599917040456,0.13017625763448126
-0.2705560279471537,-0.08567947669411356,0.18487655125304014
-0.14245319051673133,-0.02512520643758679,0.11732798407914455
-0.9029142150734455,-0.5999248733577498,0.3029893417156957
-0.21139634910003743,-0.2606241356006252,0.04922778650058776
0.022133221289370876,-0.13145413589247698,0.15358735718184785
0.14099542547224553,0.027620759578457815,0.11337466589378771
0.7638225796590592,0.5454787697829035,0.21834380987615565
-0.903241156957652,-0.7205244724415716,0.18271668451608036
0.6528992570062753,0.5637942848012826,0.0891049722049927
0.9227440376989665,0.7111532728218338,0.2115907648771327
-0.757783858211076,-0.6264357785642297,0.13134807964684625
-0.6380387568908975,-0.4399926494884179,0.19804610740247963
-0.9354901233112154,-0.7378199289711616,0.19767019434005384
0.2567916020800101,0.12029956125646889,0.13649204082354122
0.7019905406692896,0.48851855790982096,0.2134719827594686
-0.913555972265635,-0.6795564038204501,0.23399956844518488
-0.7805461329880807,-0.5521343205800912,0.22841181240798958
0.6789231936479658,0.616869490979843,0.06205370266812282
0.6378918458259827,0.5511141494234311,0.08677769640255162
-0.665640617969451,-0.5669858392774122,0.09865477869203876
0.8189548113603554,0.5840524032135025,0.23490240814685293
-0.3831600319899486,-0.21419433856847384,0.16896569342147474
0.7531366638809719,0.5320012774744274,0.2211353864065445
0.6342508067415537,0.43182497806369896,0.2024258286778547
-0.9330854040734031,-0.7287222704783111,0.20436313359509206
0.9607857080025571,0.7692128162935543,0.19157289170900282
-0.47133796474312706,-0.14195317674985983,0.3293847879932672
-0.5314421124640742,-0.4742980466415393,0.05714406582253495
0.8653927116862499,0.6425991539650473,0.22279355772120257
-0.6963745269630823,-0.6050757497202649,0.09129877724281743
0.14160779366602413,-0.09885652992538096,0.2404643235914051
-0.7068118539489091,-0.49044375373178106,0.21636810021712805
0.3022481306575112,0.3252400083177134,0.022991877660202165
0.9478660385628239,0.759807049767647,0.1880589887951769
0.5307397327765158,0.39074016859397387,0.1399995641825419
0.425036767562969,0.2363257941909059,0.18871097337206308
0.7281977816928652,0.6220586935368932,0.10613908815597195
-0.9783695885920406,-0.7707876942454637,0.20758189434657692
-0.9503938490862176,-0.7289505078725033,0.22144334121371434
0.22647173574466828,-0.08727668502578075,0.313748420770449
-0.8175793876963086,-0.6743602215862189,0.14321916611008967
0.9483150560695255,0.7261792977054529,0.22213575836407262
0.6974128461731108,0.4893754989551593,0.20803734721795153
0.8831462642572316,0.6502022156590401,0.2329440485981915
-0.3082280018135728,-0.1638292749849748,0.144398726828598
0.8577762387945138,0.6253734028539714,0.23240283594054245
-0.0715570103780703,-0.1495278812154568,0.07797087083738649
-0.0804015239438259,-0.15040502081517843,0.07000349687135253
-0.09903861299198531,0.008133986750254832,0.10717259974224014
-0.8214885698349799,-0.6795646062024278,0.1419239636325521
0.5745211372830918,0.53836830625731,0.03615283102578182
-0.24843031401637516,-0.28777247297201264,0.039342158955637474
0.5926543259059222,0.5139317455808049,0.07872258032511725
-0.5367317918875463,-0.34728022138241443,0.18945157050513184
0.49023246769719453,0.301826745056313,0.1884057226408815
-0.32713152060076084,-0.1763035181794987,0.15082800242126213
-0.8012197665938778,-0.6651953787670778,0.13602438782680004
-0.7422847350079999,-0.5275716079500974,0.21471312705790246
-0.953037551330367,-0.7408840066681951,0.21215354466217196
-0.13491588989382847,-0.028604525164945677,0.10631136472888279
-0.8024660780617505,-0.6642930515930344,0.1381730264687161
-0.009210928036494877,-0.09511719740298898,0.08590626936649409
-0.5534003893385758,-0.5100525178654696,0.04334787147310626
-0.18997807535032463,0.025016995164657947,0.21499507051498257
0.9222558532004886,0.7193138809519611,0.2029419722485275
-0.8944923586242172,-0.7970150213377342,0.097477337286483
-0.6546793980660399,-0.4433548651211704,0.21132453294486953
-0.6238745007306311,-0.4028436847925148,0.2210308159381163
0.7472276256079481,0.647567799558092,0.09965982604985613
0.654162997556861,0.44409384275035196,0.21006915480650906
0.7970054101632394,0.5693701195268053,0.22763529063643417
0.8478971391589196,0.5718973778769819,0.2759997612819377
0.767425244775046,0.5472895065840047,0.22013573819104137
-0.5897194732617748,-0.38911729958788965,0.2006021736738851
0.7131356119020043,0.5057339931905017,0.20740161871150253
-0.9483035971678421,-0.7318888509409159,0.21641474622692614
-0.5903239927854715,-0.39578770280532666,0.19453628998014488
-0.9406014410837361,-0.7365250389957875,0.20407640208794864
0.8247130507196526,0.5935083081775854,0.23120474254206724
-0.9188016172927229,-0.7205067957169532,0.19829482157576972
0.8626573869669543,0.6298080448123666,0.23284934215458764
0.919871668023072,0.7227028101332237,0.19716885788984828
-0.9229308381115412,-0.7233977337430705,0.19953310436847072
-0.9131128482506427,-0.6684266874784321,0.2446861607722105
0.46779044320737445,0.5716476853050434,0.10385724209766894
-0.7747562514231217,-0.5533721034558671,0.22138414796725459
-0.6585851935155935,-0.30459847278339125,0.3539867207322023
-0.9437049939632579,-0.7263921232543941,0.21731287070886385
0.9774735653630299,0.7666191174711863,0.2108544478918436
-0.16187861507065582,-0.035141824567003696,0.1267367905036521
-0.947986307206042,-0.7249762329939794,0.22301007421206265
-0.9456703554888707,-0.7207366324654252,0.2249337230234455
-0.7424750091956842,-0.6373070256189454,0.10516798357673884
0.5333185560547036,0.3461989141926971,0.18711964186200647
0.6605343601169207,0.4513526029141905,0.2091817572027302
0.8327740214279398,0.5893451021549947,0.24342891927294508
0.2748570803428011,0.35832027478868206,0.08346319444588096
-0.1299201581829512,-0.18567472068700067,0.055754562504049476
0.12440092982842188,0.009696403603281924,0.11470452622513996
-0.4073746798741987,-0.21505974914393042,0.19231493073026826
-0.6566769160202836,-0.5775210314080276,0.07915588461225598
0.5474873547656414,0.504313193420005,0.04317416134563634
0.8369225610033088,0.6830138037211635,0.15390875728214526
-0.20668883691186124,-0.07711328107866389,0.12957555583319735
0.36737004146987456,0.3661764875091909,0.0011935539606836576
0.5767363748690216,0.3777375375956653,0.19899883727335632
0.943952996683083,0.7244629893561774,0.2194900073269056
0.4714283976481679,0.29030028435589217,0.18112811329227574
0.5226644835397372,0.4725305444762454,0.050133939063491784
0.5568483924089385,0.3530431840655382,0.20380520834340027
0.9081900229734354,0.6810587604639813,0.22713126250945415
0.9375111505185921,0.7275664008133804,0.2099447497052117
-0.9680149572251971,-0.8402757167612767,0.1277392404639205
0.6862398187357008,0.47058068819413634,0.2156591305415645
-0.06369880755261417,-0.12131284700753316,0.05761403945491898
0.508453267391168,0.4671459062010306,0.04130736119013745
-0.7305440542684873,-0.5098142621495004,0.2207297921189869
-0.8790622983066995,-0.6882823262080247,0.1907799720986748
-0.8065735043371399,-0.5829440344239171,0.22362946991322286
0.3604027370964164,0.35672677158456223,0.0036759655118541734
0.28520137562030085,-0.03014082173338366,0.3153421973536845
-0.6122509246958292,-0.5328929936588446,0.07935793103698463
0.8056583692834085,0.5178390219574972,0.2878193473259113
0.4752205275300631,0.29169150631402074,0.18352902121604237
0.31188088371443223,0.31708792845844636,0.005207044744014122
0.4290282784748846,0.4052407175831702,0.02378756089171441
0.9114741068444,0.7176327632105439,0.19384134363385608
-0.7248597530362769,-0.3810380984045205,0.3438216546317564
0.18133750651688413,0.2253653497358714,0.044027843218987284
-0.9714152430972959,-0.8052718198579686,0.1661434232393273
-0.04940980643345682,0.05438068566396592,0.10379049209742275
0.4679015614273634,0.5074496664698136,0.03954810504245021
0.8175247246674222,0.5826806639149076,0.23484406075251463
0.4708067872266191,0.4293386315110307,0.04146815571558843
0.9391295532053549,0.7323840827199581,0.2067454704853967
-0.8687767986482239,-0.6387000270590097,0.23007677158921414
0.050181379234855245,0.12060861259918368,0.07042723336432843
-0.867743743676993,-0.6392101490904649,0.2285335945865281
0.1407324120208205,0.35462225118214313,0.21388983916132262
-0.18308623066128688,-0.2295627753199889,0.04647654465870202
-0.43671193214681875,-0.2578288945039979,0.17888303764282087
-0.15494148632445043,0.14587851112652617,0.3008199974509766
0.3553903588746884,0.3579938762436831,0.0026035173689947233
0.616852267992485,0.5289610160904028,0.08789125190208225
0.9207084247029528,0.7374693021994594,0.1832391225034934
-0.5666696342048696,-0.5130233104055499,0.05364632379931966
0.39511487598068085,0.2349365245850387,0.16017835139564215
-0.9448180827957394,-0.749173765927589,0.19564431686815043
-0.8782519929494728,-0.6486698007129046,0.22958219223656817
-0.48748110762494773,-0.30792079753488955,0.17956031009005818
-0.8817759723157703,-0.7088137630158453,0.172962209299925
0.9415640006618219,0.7944998472219562,0.14706415343986567
-0.786458625824051,-0.6508425887678863,0.13561603705616476
0.9314622037713703,0.812163533306974,0.11929867046439635
-0.2738812088529677,-0.12613987712259567,0.14774133173037202
0.5178512595203351,0.3259487494831927,0.19190251003714237
-0.5626566066861689,-0.3626717178880499,0.199984888798119
0.21346130567459115,0.021862620627291298,0.19159868504729985
-0.8084315847271213,-0.5799666699612817,0.22846491476583963
0.6799597860039414,0.4645598855224267,0.21539990048151464
-0.1881686915038172,-0.06272527631436421,0.125443415189453
0.36245677182673364,0.2075468993162696,0.15490987251046404
0.2394371079787669,0.2686669264016529,0.029229818422885995
-0.9433477629540947,-0.7345163599346559,0.2088314030194388
-0.9170285997598132,-0.7413833987269243,0.17564520103288894
-0.9461046988413228,-0.7337524966566191,0.21235220218470363
-0.9153342187536753,-0.7249625954710239,0.19037162328265134
0.3756809237179706,0.1652435993154788,0.21043732440249183
-0.9530463415095346,-0.7380925854222111,0.21495375608732348
0.4377001137310553,0.25608932436758103,0.18161078936347425
0.8225542912674747,0.6763022720199454,0.14625201924752929
0.629225234125308,0.43490789539304664,0.1943173387322613
-0.46628297988439144,-0.2965416268395379,0.16974135304485355
-0.8102070217474735,-0.6806744560158632,0.12953256573161032
-0.4742362124826289,-0.43455586199506274,0.039680350487566185
0.08117288967954697,0.145691754658308,0.06451886497876103
0.9228336157744065,0.7295303498519818,0.19330326592242464
0.8846929792681715,0.765019642117641,0.11967333715053052
0.1027340607849928,-0.0232236004484441,0.12595766123343688
0.9247129121667623,0.6942771034638441,0.23043580870291824
-0.4333213484314444,-0.2600034526699498,0.1733178957614946
0.8467841482435181,0.698148932764817,0.14863521547870107
-0.949243007505558,-0.739435468803304,0.209807538702254
0.7510392276805881,0.5350371465681238,0.21600208111246422
-0.19345737272301203,-0.255198244349638,0.061740871626625976
0.8053453399442428,0.5764112308316439,0.22893410911259893
-0.5302780165848885,-0.29544687545392784,0.23483114113096065
-0.8606862952645363,-0.6308332921767975,0.22985300308773882
-0.39863739594330133,-0.49464977932628873,0.0960123833829874
0.9490000612330042,0.7306736589202666,0.2183264023127376
-0.7930703228779032,-0.5692144917975124,0.22385583108039087
-0.5394243788238701,-0.4867864683084294,0.052637910515440645
0.7309059712236643,0.5133850049527654,0.2175209662708989
0.535891409625226,0.34932606245472225,0.18656534717050371
-0.8592421108835966,-0.5919008893529818,0.2673412215306148
-0.8456334388351147,-0.6858663247419308,0.1597671140931839
-0.9417243405281716,-0.7134984765962805,0.22822586393189104
-0.7187076787132639,-0.5038659057791947,0.21484177293406925
0.025554132291805726,0.09881278081522034,0.07325864852341461
-0.1922770411118993,-0.06198596274495882,0.13029107836694048
-0.9466702152042998,-0.743742877282954,0.20292733792134587
0.8680819719023347,0.6897945888572188,0.17828738304511593
-0.09183671640705292,-0.15227905193866498,0.06044233553161206
0.2701629003723084,0.2821259399818431,0.011963039609534709
0.11707051288730366,0.22148853082195338,0.10441801793464972
-0.9627118292456912,-0.7652564087740257,0.19745542047166553
-0.9557274789472268,-0.6869454235486979,0.26878205539852884
-0.03791479450064758,0.0660087362584159,0.10392353075906348
-0.5860492442550751,-0.2892973783221102,0.2967518659329649
0.7826654018581348,0.6457493191738531,0.13691608268428168
-0.15008339153566919,-0.03450541934112426,0.11557797219454492
-0.7904556381444555,-0.7128623089657102,0.07759332917874529
0.9360834663961254,0.8122687153362497,0.12381475105987572
0.5350468766530517,0.4835164954813249,0.05153038117172681
-0.927935430778755,-0.7317252881368252,0.1962101426419297
-0.5356312815510085,-0.22756626713201408,0.30806501441899437
-0.6478676838244939,-0.44121424874300424,0.20665343508148964
-0.6062022560321212,-0.5332088686407929,0.07299338739132832
-0.7957109541517974,-0.6783268252706153,0.1173841288811821
-0.41937279360212976,-0.1341938135941285,0.28517898000800124
0.6396476953751568,0.4094910610582647,0.23015663431689204
0.17494105993363124,0.22440664849605524,0.049465588562424
-0.6158413787403718,-0.4208313572285795,0.1950100215117923
0.7174964963177336,0.5053351039063944,0.21216139241133924
0.46607824952964405,0.4984260661153496,0.03234781658570557
0.9077423556543308,0.6486426851807701,0.25909967047356075
0.9376667484501997,0.7282782037221248,0.2093885447280749
-0.9311607625744481,-0.6995037095647465,0.23165705300970163
-0.45444970108467475,-0.433031951333687,0.021417749750987758
-0.04310266033853468,0.053109149428253656,0.09621180976678834
0.8308104820481373,0.6943119917441058,0.1364984903040315
0.3214746328397046,-0.02342215703218443,0.34489678987188904
0.8394510531321121,0.6654775392863311,0.17397351384578097
0.2554685950961459,0.28211586358729224,0.026647268491146348
-0.8485996957898538,-0.6171607889902315,0.2314389067996223
-0.5216711256497982,-0.47861166145124767,0.04305946419855056
-0.9483919354515046,-0.7339570369644853,0.21443489848701924
0.9028183642429274,0.6796588735231505,0.22315949071977692
0.15031692231604174,0.015195702077244577,0.13512122023879716
-0.734660440389278,-0.6989914053478277,0.03566903504145036
-0.260546682504782,-0.3613320819010341,0.10078539939625208
0.31793532741900843,0.17257125535394968,0.14536407206505875
-0.21455677626408817,0.006702996007967006,0.22125977227205518
0.09785690814881955,0.19762705638676611,0.09977014823794657
0.5464036423222925,0.3558698007999661,0.19053384152232644
0.5992530446109375,0.2658842327615947,0.33336881184934286
-0.35919541940559796,-0.36217921178602813,0.0029837923804301725
-0.9315124661601866,-0.7299538878263255,0.20155857833386104
0.3160588031234074,0.3822622935746098,0.06620349045120238
-0.20675832870711328,-0.07785128991731481,0.12890703878979848
-0.751024064425774,-0.6329539099322148,0.11807015449355918
-0.5244425199738877,-0.33356348363457766,0.19087903633931003
-0.31175089955212854,-0.5605062302933457,0.24875533074121714
0.920274450647102,0.6730547657059172,0.24721968494118485
-0.909838233014332,-0.6761908276831775,0.23364740533115447
0.9323031757423471,0.7418483643302299,0.19045481141211718
0.6363460838797841,0.5869117208988447,0.049434362980939395
0.13976571102682225,0.02100856563666476,0.1187571453901575
-0.6036665938371639,-0.5750610819604859,0.028605511876678036
-0.8701665971429917,-0.6547810498620634,0.2153855472809283
0.9095496024998387,0.6822884347342587,0.22726116776558003
0.9495305259207699,0.7234501110015102,0.22608041491925968
-0.39093914410108055,-0.47058383265935483,0.07964468855827428
-0.020742513646493994,-0.10577157574516306,0.08502906209866906
-0.5698354985394019,-0.39112516676879344,0.1787103317706084
-0.8943203956403554,-0.7522281358766492,0.1420922597637062
0.18651222712073523,0.2195803962468008,0.03306816912606558
0.4643685014191155,0.4443087895148139,0.020059711904301614
0.20662168383399315,0.24559527382766902,0.03897358999367587
0.6328896475036584,0.6935766309632291,0.06068698345957069
0.5764612867022083,0.3814663443892455,0.19499494231296283
0.10358521051280899,-0.00851219790802205,0.11209740842083103
-0.5684563890772439,-0.5123179424490957,0.056138446628148264
-0.6829370998242095,-0.4742598238021644,0.20867727602204506
-0.6170983817117941,-0.40491212558338624,0.21218625612840786
-0.5136899356413489,-0.3207945527950095,0.1928953828463394
-0.19970131720578263,-0.3919091376943155,0.19220782048853288
-0.8450843988675037,-0.6225321527517376,0.22255224611576618
0.5568535898133244,0.29940379747017093,0.2574497923431535
0.5868450862043474,0.3872229373142686,0.1996221488900788
0.6271990831119764,0.4191296311205557,0.20806945199142068
-0.3253464198341577,-0.5416779593553109,0.21633153952115325
0.3220500665219776,0.161699716921603,0.1603503496003746
-0.647138277559029,-0.44082648428937643,0.20631179326965254
0.5371035332270885,0.34719939214531564,0.18990414108177284
-0.8561311796033982,-0.7030094164418289,0.15312176316156934
0.09832456048138867,-0.014768463283752132,0.1130930237651408
0.9434707284343133,0.8124490764582241,0.13102165197608928
-0.9138264966365407,-0.7176575578313844,0.1961689388051563
0.050009286203273745,0.34015716336152085,0.2901478771582471
0.860928768073508,0.6004064382534319,0.26052232982007617
0.8297496232797769,0.6893140900306812,0.14043553324909563
-0.2164362403649875,-0.08384292924967829,0.1325933111153092
-0.9740432425608249,-0.815667423283138,0.15837581927768685
-0.6100708331887843,-0.3680514901729399,0.24201934301584438
0.9642129890126053,0.7887395417665175,0.17547344724608782
-0.14051433902089475,-0.1944013743635125,0.05388703534261777
0.009969167801059328,-0.261011563003315,0.27098073080437435
0.8842578187916506,0.5659074667621875,0.31835035202946305
-0.6427086426067363,-0.5775591714146859,0.06514947119205039
0.249382081970185,0.2649998421597459,0.01561776018956093
-0.5851424560354074,-0.31596329074381696,0.2691791652915904
-0.36717651064348916,-0.20742606790655327,0.1597504427369359
-0.46337083287784836,-0.27316203503476416,0.1902087978430842
-0.48318190192086313,-0.445281704084485,0.03790019783637816
-0.9377805321472226,-0.7206845643534341,0.21709596779378848
-0.3290223754881931,-0.4319468868685676,0.1029245113803745
0.8954571972268929,0.7367931186507615,0.1586640785761314
0.9371392289527076,0.7493575062392431,0.1877817227134645
-0.5991952643169274,-0.6060458756962511,0.0068506113793237455
-0.36239689711497924,-0.056508395319296974,0.3058885017956823
0.0693903740745234,-0.04433743121572319,0.11372780529024659
0.6917994964381985,0.5905452383303423,0.10125425810785615
-0.9489697870964432,-0.7440430898036258,0.20492669729281743
-0.2133555833485721,-0.25304861559225394,0.03969303224368184
-0.18998827738980942,-0.0441497357215437,0.1458385416682657
-0.3817110374410984,-0.21565179009236154,0.16605924734873687
0.8559349170495701,0.6064956866839798,0.24943923036559035
0.9621993738959982,0.7937790551624783,0.16842031873351992
0.9503940481445027,0.7303151494420451,0.22007889870245756
0.3716906433933162,0.36322257411778275,0.008468069275533452
-0.26464502386042327,-0.28914131470289894,0.024496290842475676
0.9283612405625356,0.7351010109266374,0.19326022963589817
0.8628532082164126,0.7490602863987696,0.113792921817643
-0.05735821201289662,0.04058418767436794,0.09794239968726456
0.8900513361989483,0.7096798019928309,0.1803715342061174
0.9192882499128311,0.607766818132281,0.31152143178055014
0.8944469025056371,0.6658141650376518,0.2286327374679853
0.5481885912009409,0.3588301380208232,0.18935845318011768
0.19573869177926467,0.3872026202732028,0.19146392849393812
-0.9177537599423946,-0.7327166896594098,0.18503707028298477
-0.9077996495910936,-0.7265393768578519,0.18126027273324175
-0.148273786380642,-0.02386699124904648,0.12440679513159553
-0.8740136560439449,-0.6365433158081066,0.23747034023583824
0.5714887732906999,0.37195314755633097,0.19953562573436895
-0.08134321080377507,-0.14555917720137426,0.06421596639759919
0.9084781051946245,0.7949887895189276,0.11348931567569687
-0.9154086041613777,-0.6865648119364361,0.22884379222494156
-0.528241946142715,-0.33709746857796147,0.19114447756475356
0.9401629551322435,0.7078066763439977,0.23235627878824572
-0.8837711331245113,-0.7141922087059913,0.16957892441851996
-0.8173432397792465,-0.5864221784125464,0.2309210613667001
0.308633102389019,0.10545347825505817,0.2031796241339608
-0.9367040996788102,-0.7209903051832474,0.21571379449556283
-0.7220192901491274,-0.44934663995516977,0.2726726501939576
-0.9505030688532977,-0.7484637300437129,0.2020393388095848
-0.39700239270449217,-0.23291311577639925,0.16408927692809291
0.5999041677895544,0.3857782621067451,0.21412590568280926
0.9448009645573691,0.7348269333289758,0.2099740312283933
-0.5715694629395415,-0.36609715989602964,0.20547230304351183
0.12218878398297042,0.17741969965381013,0.05523091567083971
-0.4993596883787668,-0.3203700759949452,0.1789896123838216
-0.5472731906818248,-0.3524190361421817,0.1948541545396431
0.8548536652601081,0.6183492276388313,0.23650443762127682
0.4115076351844753,0.2552320167696796,0.1562756184147957
0.023421456973017837,-0.06767135158559334,0.09109280855861118
-0.23643696646659132,-0.2766597887679158,0.040222822301324485
-0.45210373490373784,-0.42266403266666147,0.02943970223707637
0.5114994473831777,0.2159139850525639,0.2955854623306138
-0.8786583444242385,-0.6832287165452519,0.19542962787898666
0.5223783566876005,0.47743050339196536,0.04494785329563511
0.9287495696122166,0.7105623028665186,0.218187266745698
-0.7507744549453047,-0.6922025093579194,0.05857194558738532
-0.4346509457962512,-0.2604643996845262,0.17418654611172496
0.927830079458051,0.6567801239316562,0.27104995552639477
0.28948233732252554,0.14501902832155072,0.14446330900097482
-0.8525017561227043,-0.5972808447607045,0.25522091136199976
0.3479960989001385,0.34483550044271316,0.0031605984574253343
-0.4514031480950697,-0.42499628276662016,0.026406865328449547
-0.48499583208109387,-0.30433047655701195,0.18066535552408192
0.6924342822007736,0.4832142494713211,0.20922003272945255
-0.47899740037172106,-0.3044556303923593,0.17454176997936177
-0.9331411695229525,-0.7734334695992028,0.15970769992374967
-0.8926697217288174,-0.6542326680322051,0.23843705369661228
0.7051383456876972,0.49233028820351166,0.21280805748418552
-0.8002464935576825,-0.5700406632753365,0.23020583028234598
0.9383029390063544,0.7169090245432785,0.22139391446307588
0.9433736406711918,0.7197265942256323,0.22364704644555944
0.7840178155712733,0.6530316378171631,0.13098617775411014
-0.8255653936275892,-0.7571168352716936,0.06844855835589558
0.9677143891244091,0.7871482528945081,0.18056613622990103
0.7894559620359433,0.6875326590396128,0.10192330299633046
-0.03253992050378932,-0.12541568488770058,0.09287576438391126
0.9474939850359058,0.7302382212430975,0.2172557637928083
-0.2729235819283742,-0.13180371166874197,0.1411198702596322
0.1041481953913027,0.40367341310057697,0.29952521770927426
-0.04974735383999736,0.046427031893220304,0.09617438573321765
-0.89820879887606,-0.6793584733156047,0.21885032556045525
0.6160415716793051,0.540429284649497,0.07561228702980805
0.902207540774606,0.7215431946680031,0.18066434610660287
0.10816812241288812,0.1568500620823147,0.04868193966942658
0.6949450326862285,0.4781951957611423,0.21674983692508626
0.48808341970590263,0.22809521920341408,0.25998820050248855
0.9391447903685632,0.7068478941990076,0.23229689616955562
-0.387231506753538,-0.2170685234942128,0.17016298325932522
-0.08561559631698758,-0.1509172136347367,0.06530161731774912
0.6169297686060786,0.5423027910826143,0.07462697752346437
0.6894795835777094,0.6044085059692005,0.08507107760850896
0.8982385897549034,0.5837916425555059,0.3144469471993976
0.6229318118137019,0.423024113999709,0.19990769781399292
0.8961049942889404,0.7242034970699749,0.17190149721896553
-0.9485055261810236,-0.7306772253132539,0.21782830086776972
-0.18898858359371812,-0.06931263471751138,0.11967594887620674
0.37563766893967376,0.13819082915817216,0.2374468397815016
0.8342087701343209,0.6751532827955729,0.15905548733874808
-0.14129091117022177,-0.007873216690315082,0.1334176944799067
0.9478226894825807,0.7231086328308927,0.2247140566516881
0.8628186313584201,0.694625809226692,0.16819282213172804
-0.8385911008772962,-0.6926582330327383,0.14593286784455783
0.958017015428195,0.7799745909269449,0.17804242450125007
0.6187104634207099,0.416994834456299,0.20171562896441092
-0.889308075791931,-0.6591930347544779,0.23011504103745317
0.693137734504692,0.5951418233293535,0.09799591117533846
-0.09367141480143251,-0.1596503540722862,0.06597893927085369
0.025630036518519524,0.10881029519217417,0.08318025867365464
-0.10719817875459443,-0.17133001651049126,0.06413183775589683
-0.6199996898877055,-0.5800085517737816,0.03999113811392385
0.8068779690403233,0.6738937538449077,0.1329842151954156
0.35459404174106784,0.19211119698942083,0.162482844751647
-0.9253950802941381,-0.7389712416059404,0.18642383868819767
-0.948000262532285,-0.7472661614867752,0.20073410104550982
0.8156825124465908,0.6022520338089044,0.2134304786376865
-0.899816967543187,-0.7295573667558918,0.17025960078729518
0.20841307996982997,0.07583830833696498,0.132574771632865
0.8360511359045448,0.6129921030179919,0.22305903288655293
0.18598836286985693,0.22379756116970312,0.03780919829984619
-0.42796340364871277,-0.25390311375409536,0.17406028989461741
0.8729267482491124,0.6477908727775671,0.22513587547154534
0.7416432374098748,0.614798608971432,0.1268446284384428
-0.01121398078973734,-0.10325224747324631,0.09203826668350897
-0.6038896830459455,-0.5333601239910684,0.07052955905487712
0.94199650258104,0.7315304934832061,0.21046600909783386
0.23774375144769191,0.2623414527960251,0.024597701348333195
0.01576955065171729,-0.16259886186509728,0.17836841251681457
-0.07629574597155239,-0.14123992214322292,0.06494417617167053
-0.3466483354083022,-0.3435000596243245,0.0031482757839776943
0.34938312801615357,0.18602163752948397,0.1633614904866696
-0.33165949903930364,-0.1405782779950297,0.19108122104427394
0.900987135126774,0.6661397816602852,0.23484735346648877
0.8859427188448994,0.6736364896107943,0.21230622923410514
-0.03529341614055091,-0.13511862959813806,0.09982521345758714
0.7038287906487861,0.6093131284630536,0.09451566218573249
0.12346798044430685,-0.04938146960530193,0.17284945004960878
0.03622991861967252,-0.05986867160415094,0.09609859022382347
-0.5151591770240685,-0.4665242825516012,0.04863489447246733
0.706462104850255,0.4806996489183808,0.22576245593187416
-0.073740991801701,0.03703310585555531,0.11077409765725632
-0.7936334259725296,-0.6758790167709661,0.11775440920156355
-0.39394372594486854,-0.05280071714310683,0.34114300880176174
0.12404956005821875,0.014419284026053327,0.10963027603216542
-0.8462598471049697,-0.5688123306797179,0.2774475164252518
0.6798399253723719,0.3668927846163108,0.3129471407560611
0.3366636783126158,0.3226491945613702,0.014014483751245588
-0.5412289158218443,-0.5316041856015745,0.009624730220269773
-0.01519639206052828,0.3116393089459579,0.3268357010064862
0.3234924969813899,0.3293653939752273,0.005872896993837418
-0.2791837320379619,-0.12441585235216383,0.15476787968579803
0.10750487734773069,0.16109804643211795,0.05359316908438726
0.6996251092132614,0.6003474038679001,0.09927770534536129
0.8803979021026176,0.7174683556476013,0.16292954645501634
0.3211367071985202,0.3248462382860599,0.003709531087539686
-0.7547325391992495,-0.5044893876166229,0.25024315158262667
0.22187854076508937,0.25285144851738206,0.030972907752292694
-0.7568383760166498,-0.6354424546382891,0.12139592137836075
-0.6824668264979212,-0.5847925830670435,0.09767424343087772
-0.9259955357177111,-0.7421240373171288,0.18387149840058226
0.8332747641529954,0.5990653858808709,0.2342093782721245
-0.6890007447827408,-0.4763057455579946,0.21269499922474616
-0.8526519333959243,-0.6271387516662751,0.22551318172964918
-0.31219992224270854,-0.3172179063777062,0.005017984134997655
0.9237866059411951,0.7199563970206955,0.20383020892049963
-0.5849590521956405,-0.3800586368897208,0.20490041530591968
-0.9256329165907582,-0.7462113398524143,0.1794215767383439
-0.9129398833568163,-0.68844887374649,0.2244910096103263
0.8552601403718171,0.7056934806401879,0.1495666597316292
0.936227488176753,0.7320500594231265,0.20417742875362654
-0.9554747578002677,-0.8310842091734532,0.12439054862681453
0.23843752601210177,0.26134510143128764,0.022907575419185866
0.47088814812780977,0.43712497225060515,0.03376317587720462
0.4048146040965158,0.23284435082697405,0.17197025326954177
-0.35434102460287986,-0.17585220681124936,0.1784888177916305
-0.9111891321271413,-0.7920018483407483,0.11918728378639298
-0.7904827219774735,-0.6630463817476928,0.12743634022978068
0.39671393002144234,0.2814410702601398,0.11527285976130253
-0.914858649516961,-0.734207720738925,0.180650928778036
0.7527324788136295,0.5342184743452958,0.2185140044683337
-0.4931791659200866,-0.30886255864110124,0.18431660727898536
0.5299235047776203,0.24354579114104752,0.2863777136365728
-0.8305297332857494,-0.6035118408762082,0.22701789240954118
-0.8247089929655786,-0.6713605740367401,0.15334841892883855
0.5051634155653162,0.3228640113166944,0.1822994042486218
0.09810414370479602,-0.008418371325624043,0.10652251503042007
0.5508823233783078,0.4982215500372037,0.052660773341104083
-0.7494169190981022,-0.5357553662955935,0.21366155280250865
-0.8709606742410086,-0.639551932078258,0.23140874216275065
-0.23630649865746495,-0.27504651696681104,0.03874001830934609
0.8698385880999321,0.646366499030254,0.22347208906967808
0.9045135653691013,0.7840768750741837,0.12043669029491766
-0.8624849209473293,-0.573970163396351,0.28851475755097833
-0.9025434511711026,-0.7529350193405109,0.1496084318305917
-0.8817050891416736,-0.6574267105781669,0.22427837856350663
0.8021979923911233,0.6620596526734076,0.14013833971771572
-0.8926445741482752,-0.7679466903097595,0.12469788383851577
-0.2723814456861656,-0.28811715815037797,0.015735712464212348
-0.38977058499402845,-0.3744619064587221,0.01530867853530632
0.936427304438324,0.7379600412731379,0.19846726316518615
-0.9063619473858521,-0.7229535240444254,0.1834084233414267
0.7334516505349055,0.6711334453056711,0.06231820522923437
-0.5371731850049005,-0.5020620261004423,0.03511115890445826
0.20300435863058092,0.2458145096118971,0.042810150981316186
0.7927530390209026,0.5513458787338358,0.24140716028706677
0.3604455283044043,0.35271149529024065,0.007734033014163644
-0.9394716272891214,-0.7331157186173666,0.2063559086717548
-0.7401870444584447,-0.48009964703967134,0.2600873974187734
0.8806647135806029,0.7791118356749782,0.10155287790562473
0.804421187702849,0.5761969905058539,0.22822419719699505
-0.9235214767608343,-0.7204324094072231,0.2030890673536112
0.9421196798200692,0.7332603933204036,0.20885928649966556
0.6852868651894413,0.4292560815456351,0.25603078364380616
0.17155222559869643,0.04131089201798727,0.13024133358070916
-0.24159349257664517,-0.26951029158316503,0.02791679900651986
0.6402034664815398,0.5646116932781888,0.07559177320335098
0.19306214398988264,-0.002134625540906616,0.19519676953078927
0.746402780396479,0.6276307287359415,0.1187720516605375
-0.8417565030859459,-0.6019304486319806,0.2398260544539652
-0.8108589337821038,-0.5886246215192418,0.22223431226286205
0.11644089900727973,0.0060781583635753055,0.11036274064370442
-0.7402318253999717,-0.5219682813310565,0.21826354406891513
0.6894736379816871,0.5838320235734272,0.10564161440825992
0.7854562732021342,0.740449262724158,0.04500701047797617
-0.9571926599143831,-0.816129338392082,0.14106332152230106
0.9014846063656113,0.6589222859623617,0.24256232040324965
-0.8539153465298163,-0.6959820909802658,0.1579332555495505
-0.9247990862371984,-0.7191545930765437,0.2056444931606547
-0.27591878686330834,-0.13378740921682983,0.1421313776464785
0.8956412598511784,0.724410316803226,0.1712309430479524
-0.5020044171867233,-0.4554156399707364,0.046588777215986865
-0.5161940949804392,-0.320893570690914,0.1953005242895252
-0.6198129845293175,-0.41539446923708084,0.2044185152922367
0.9252855389158607,0.7755225280294115,0.14976301088644928
0.9318650689733011,0.7139415010056559,0.21792356796764523
0.8254432177905348,0.7317701724624781,0.09367304532805665
-0.78532061682171,-0.6462714988617656,0.13904911795994435
0.012658811322569971,-0.10987947025519043,0.12253828157776041
-0.08971965711886688,-0.24868306077567906,0.15896340365681216
0.44740156816762616,0.2735481621265203,0.17385340604110588
-0.9512832490749996,-0.7360613960506497,0.21522185302434993
-0.9471760946329828,-0.729314300222392,0.21786179441059084
-0.9444389865512187,-0.719117505461352,0.22532148108986672
0.3673696802238321,0.18591777430253334,0.18145190592129876
0.42794308762602645,0.41736656851591736,0.010576519110109095
-0.8553418254839948,-0.6211515516890368,0.23419027379495805
0.2873529971789707,0.2884964393468907,0.0011434421679199502
-0.029860557732973872,0.07000615466017186,0.09986671239314573
-0.8900602061065028,-0.7182537244253514,0.17180648168115142
-0.9263747712452184,-0.7065476472842341,0.21982712396098425
0.10608598186256268,-0.004170376290439858,0.11025635815300254
0.6798689358050908,0.471309387037371,0.20855954876771976
0.19903216520324535,0.06844468987483422,0.13058747532841114
-0.26292182359503613,-0.32307353906184066,0.060151715466804534
-0.28391784597533565,-0.14625747963663244,0.1376603663387032
-0.1356302976417278,-0.19829599418480184,0.06266569654307405
-0.8578357586093255,-0.7567315059835203,0.10110425262580514
-0.9167137448801224,-0.7409065371705887,0.17580720770953362
0.14879921630411386,-0.08844919908158465,0.23724841538569852
0.4523927797011425,0.2832395410472314,0.16915323865391108
0.5423664895398781,0.48559130326785893,0.05677518627201916
0.28414180147284984,0.13326877963192538,0.15087302184092446
0.9444657332361538,0.7273737153995657,0.21709201783658805
0.6284103171162936,0.5463753371922001,0.08203497992409348
-0.9386535157528207,-0.7093512553866361,0.22930226036618462
-0.9150097418866446,-0.7232630928651618,0.19174664902148286
0.6942947990822699,0.6002020124371021,0.09409278664516774
0.8302974429528198,0.6840589590091348,0.146238483943685
-0.3579260754619901,-0.3573089910587617,0.0006170844032284406
0.4345323136564859,0.1741763295412854,0.26035598411520056
0.6228845462087759,0.262227748841301,0.36065679736747486
0.3672423370799125,0.20865822845808282,0.15858410862182967
-0.8404946707787554,-0.7615371481235911,0.07895752265516431
-0.9319403827777031,-0.8119204350591379,0.12001994771856517
0.9534046041323107,0.7637634315816809,0.18964117255062973
0.2384567627822053,0.26958019786814647,0.031123435085941176
0.08336835937098078,-0.022366614248957466,0.10573497361993825
-0.8231228114320486,-0.7118010545936863,0.11132175683836232
0.9478498346981228,0.7324187812580945,0.21543105344002833
-0.5960675530726255,-0.38740314838402434,0.20866440468860115
0.7553730158480114,0.6725010477980715,0.0828719680499399
0.8588875636215471,0.6120667570520257,0.24682080656952132
-0.6049262217968285,-0.407321153240375,0.19760506855645354
-0.08485600758399882,0.0037443945174553154,0.08860040210145413
0.40006148397607066,0.41606210993479104,0.01600062595872037
0.9397446204380602,0.7279367707239149,0.21180784971414524
0.19386001729037092,0.05717404443254308,0.13668597285782785
0.9303120453163045,0.7287677851102955,0.20154426020600902
-0.011543673046325491,-0.09024360293596453,0.07869992988963904
0.9354175769988212,0.7322786562958171,0.2031389207030041
-0.8609249483015043,-0.7055083075518139,0.15541664074969042
-0.8332946655067357,-0.6430101142542586,0.19028455125247712
-0.2710781692654731,-0.30116584703613597,0.030087677770662846
0.8629293507996972,0.6319011212604274,0.23102822953926982
0.5240305780890783,0.33195085546918573,0.19207972261989253
0.4023696094076264,0.2214657821063069,0.1809038273013195
0.5498758383673892,0.5441229651740176,0.005752873193371588
0.0570879221064194,0.11901280313428313,0.061924881027863726
0.952826393022387,0.790292312195003,0.16253408082738408
-0.35716166625038925,-0.36744664343792205,0.010284977187532796
-0.8536126790271872,-0.623168647007882,0.2304440320193052
-0.8399115462499033,-0.6867783932828093,0.15313315296709396
0.5662516491775282,0.21891976286806572,0.34733188630946255
0.2618784052218352,0.2876210515211832,0.025742646299348027
-0.002709468309374405,0.08507913899539854,0.08778860730477295
-0.7894204448149256,-0.6643783711086699,0.12504207370625564
-0.06837824318705521,0.17478837468346356,0.24316661787051877
0.1494837888254869,0.22323466206583917,0.07375087324035226
0.004982371122420491,-0.08209097929045824,0.08707335041287873
-0.9466856558725167,-0.7246048276946663,0.22208082817785046
0.9438927650084622,0.8182693323060658,0.1256234327023964
0.2698253046086138,0.29200202854009716,0.022176723931483344
-0.5182669190478957,-0.4842015876213545,0.03406533142654117
-0.49740223949844764,-0.31458155961228984,0.1828206798861578
0.9069284457000124,0.7182880129858326,0.18864043271417985
0.4438961997452645,0.4154040060323761,0.028492193712888414
0.38768269895387797,0.17997063316505926,0.2077120657888187
0.5208973490289283,0.48606360353810096,0.034833745490827295
-0.545723404421114,-0.48640874388669025,0.059314660534423747
-0.1402927475947564,-0.02590020592229399,0.11439254167246242
-0.023918582350470487,-0.10317566106684754,0.07925707871637705
-0.464961137950579,-0.5625298053015052,0.09756866735092623
0.323611242663059,0.3404199814679504,0.016808738804891366
-0.4248082162865698,-0.39802875086036327,0.026779465426206517
0.3261851697325028,0.16870397875101675,0.15748119098148602
0.4597638739991421,0.23952013098617297,0.22024374301296912
-0.9396819134270132,-0.7389456502415371,0.2007362631854761
-0.46081775270316283,-0.24759854764616585,0.21321920505699699
-0.06449464795134578,-0.2812098337147088,0.21671518576336302
-0.7032347328647397,-0.5977878459099317,0.10544688695480797
-0.9582454731887577,-0.7642265724780241,0.1940189007107337
0.8381837876786217,0.6106841843299287,0.227499603348693
-0.7558423068343352,-0.5295536618748634,0.22628864495947176
-0.16416220182870883,-0.013207641254991163,0.15095456057371767
0.8003253249879897,0.6794073421290783,0.12091798285891142
-0.9434789006488425,-0.7134034019896773,0.2300754986591652
0.9177246780226392,0.7326964495582197,0.18502822846441958
-0.6086631653199766,-0.529754463457167,0.07890870186280952
-0.5397429485158297,-0.4853346036118195,0.0544083449040102
-0.8505986493028401,-0.6267399674230444,0.22385868187979574
0.16600361215983375,0.19211058612117243,0.02610697396133868
-0.14968253554253644,-0.19439004841580296,0.04470751287326652
-0.45069643336306153,-0.2749812509732532,0.17571518238980832
-0.9473241093160082,-0.7256085894199241,0.22171551989608407
0.5748487849744223,0.5065962921495964,0.06825249282482582
-0.5755539906441343,-0.3716616431549376,0.20389234748919666
0.9750808220142334,0.8268582060084276,0.14822261600580577
-0.6345267777668397,-0.43920855010633447,0.19531822766050527
0.938842481216072,0.7078823971866336,0.23096008402943835
-0.1669871904128717,-0.05754970575565982,0.10943748465721187
-0.7511109041639625,-0.6194295948912867,0.13168130927267585
-0.3171404748994828,-0.3302979229331271,0.01315744803364427
-0.6274386788838626,-0.40581137044601623,0.2216273084378464
-0.8219823524865494,-0.48059293460226593,0.34138941788428345
0.5399883680927221,0.34835486023642653,0.19163350785629557
0.8841279789273179,0.6427322894628628,0.2413956894644551
0.49458122012095374,0.46672874475315435,0.02785247536779939
-0.9004283922771026,-0.7176745438795968,0.18275384839750575
-0.32799002496411894,-0.602081098700531,0.274091073736412
0.22766926910972585,0.3711561531608585,0.14348688405113263
-0.5707967986075277,-0.5040497232520094,0.06674707535551838
0.5739196412537636,0.2621841187046144,0.3117355225491492
0.5575119926019934,0.5021252097510309,0.055386782850962435
0.4059085971266352,0.2018108182436347,0.20409777888300049
-0.7393132779049433,-0.41497940512388654,0.32433387278105674
0.052437219067971205,0.1343058905441031,0.0818686714761319
0.19616384009961108,0.2384040938127579,0.042240253713146825
0.9050393104829617,0.740671107033666,0.1643682034492957
0.8267065332885971,0.6027602809138374,0.22394625237475974
0.42159316611330316,0.43800371184362574,0.01641054573032258
0.6301004002020093,0.42496083382173,0.2051395663802793
0.36150136775978586,0.18737090458256278,0.17413046317722308
-0.4951130112878255,-0.46097770407366495,0.034135307214160526
0.30913562475097156,0.30698700437919707,0.00214862037177449
0.9024041046321092,0.7235751960721918,0.1788289085599174
-0.42390700470400927,-0.23903232943887856,0.1848746752651307
0.3028194754404528,0.3618869455362736,0.05906747009582081
-0.5377500087431965,-0.4840247673544066,0.05372524138878987
0.8371287515731297,0.6711338332311794,0.16599491834195035
-0.15602115181204249,-0.2003533597092785,0.04433220789723602
0.22223962293829205,0.25844593574273705,0.036206312804445
0.9192516533903037,0.7281771352981687,0.19107451809213494
-0.6599094119976499,-0.5764575514877308,0.08345186050991904
-0.9416676333457564,-0.7371001509660846,0.20456748237967182
0.8837382814883277,0.6377777337957646,0.24596054769256304
0.9441362580128674,0.7391297781229718,0.20500647988989562
-0.02103106570754144,0.08586751856274251,0.10689858427028395
-0.5342382305798333,-0.5207913620337077,0.013446868546125645
-0.8484577924209302,-0.6975900058846539,0.1508677865362763
0.8799503001536331,0.6440167349834726,0.2359335651701605
-0.8911799871524662,-0.7251141024225807,0.16606588472988548
0.5183534859954477,0.40308161890815714,0.11527186708729059
0.9165861729082299,0.7235646957530751,0.19302147715515472
-0.8114890350756431,-0.596598630043392,0.2148904050322511
0.8594707152268442,0.7126375464113235,0.14683316881552066
0.016198631269630257,-0.06475121003561936,0.08094984130524961
0.4158262091395051,0.2500784908299205,0.16574771830958457
-0.9691027886479013,-0.8001042625011864,0.16899852614671496
-0.04220690761116816,-0.29326895942517056,0.25106205181400243
0.6042327634227316,0.5570029418787817,0.047229821543949835
-0.749802209089359,-0.6294315131976506,0.12037069589170846
0.5337712815485643,0.4910654480722201,0.04270583347634427
0.7027566894738202,0.37440597275948234,0.32835071671433785
-0.8942813948855457,-0.7526526820822467,0.14162871280329903
-0.12315286447424541,-0.18073410606509474,0.05758124159084933
0.3151703391074828,0.33271236139903687,0.01754202229155405
-0.1909977301006628,-0.424308652686915,0.2333109225862522
-0.7372504296996213,-0.7477903663157819,0.010539936616160595
0.38915604412712945,0.4285794384007864,0.03942339427365693
0.8614327020974348,0.7024617982710604,0.15897090382637447
-0.24393018862241878,-0.2850965412229904,0.04116635260057161
-0.9137266103615085,-0.6798216600275077,0.23390495033400083
-0.7907277221888935,-0.5695471057536639,0.22118061643522968
-0.38136268169867393,-0.3721358751245477,0.009226806574126223
-0.933894264877389,-0.7302671085851137,0.20362715629227535
-0.5505974626036285,-0.492870683509371,0.0577267790942575
0.0896557968527295,0.14346927255938244,0.053813475706652944
0.0436350699408674,-0.0510512268386932,0.09468629677956061
-0.26338180084946855,-0.27381217035910754,0.010430369509638993
0.3303995054874178,0.3350123684451927,0.00461286295777491
0.4351317349851116,0.45947170449220315,0.024339969507091552
-0.8881187678057848,-0.6461973239739449,0.2419214438318399
-0.33856758856069447,-0.1801117673292743,0.15845582123142016
0.1030502907875586,0.15473357739769136,0.05168328661013276
0.9097949085156904,0.6772472023124126,0.2325477062032778
-0.5354890151507358,-0.3412478540037795,0.19424116114695628
0.8877957096335659,0.6465354057068808,0.24126030392668507
0.6189634109168178,0.5658085179494736,0.053154892967344214
-0.37754047658844203,-0.20788241060624096,0.16965806598220107
-0.7640959825638058,-0.6389257170560725,0.12517026550773336
0.9717908828041497,0.791936270082757,0.1798546127213927
0.40379690551097575,0.23393277212742766,0.16986413338354808
-0.49426291479826434,-0.4464435450637089,0.04781936973455542
-0.9483458052692342,-0.6989527512100728,0.24939305405916135
-0.03965470428879103,0.0655589585754441,0.10521366286423513
-0.8992014960858985,-0.7309574694235231,0.16824402666237537
-0.42207640064656415,-0.25018238551055877,0.17189401513600538
-0.6478292130942997,-0.4370770929390544,0.21075212015524536
0.9691649665885284,0.7497213467749847,0.21944361981354366
0.868332209091141,0.6267358662704252,0.24159634282071574
-0.363570286526284,-0.35150221608209115,0.012068070444192835
0.6228405452187665,0.6168085695848466,0.006031975633919884
0.8645977357863657,0.7507593410128122,0.11383839477355351
0.39383193225514995,0.40745878987339174,0.013626857618241783
-0.8480068008327581,-0.6169849903415293,0.23102181049122883
-0.11596034599230737,-0.18477723265420923,0.06881688666190186
-0.2699281159407259,-0.30931338995542984,0.03938527401470393
0.5776952640181855,0.3865166748717663,0.19117858914641922
0.7260019264626895,0.5027922748232776,0.22320965163941187
-0.9082297242344487,-0.7578972621966974,0.1503324620377513
-0.160076498924157,0.09464590259286432,0.2547224015170213
0.4414055519137388,0.41635911616314475,0.025046435750594065
0.4948884436011899,0.4602510757385526,0.03463736786263727
0.8925327744752761,0.7192913481203493,0.1732414263549268
0.39381220202031353,0.6000385374923826,0.20622633547206903
0.8138003460101924,0.5598043077431997,0.2539960382669927
0.9466703828119932,0.7226462726055833,0.2240241102064099
-0.4724025370054035,-0.44307033158158793,0.029332205423815594
-0.6204155865848755,-0.7004148573061143,0.0799992707212388
0.9438524072284371,0.7314992673097359,0.2123531399187012
-0.695171750357921,-0.489172588807871,0.20599916155005
0.7302586062235942,0.6274519942243457,0.10280661199924845
0.7908137321353419,0.4604788711017116,0.3303348610336303
0.8341907551849649,0.6314229257110863,0.2027678294738786
0.8931982967730355,0.7216754563827597,0.17152284039027588
0.3528437661068748,0.3374757980725928,0.015367968034281976
0.26611379726113266,0.3984390028360471,0.13232520557491445
0.05768698934299661,0.182572296808818,0.1248853074658214
-0.6585832950028685,-0.5805332439889698,0.07805005101389872
-0.08186137575998895,0.18275374612524428,0.26461512188523323
0.6060097700533875,0.536567370171871,0.06944239988151657
-0.5532529756259174,-0.3658200675945271,0.18743290803139023
-0.8311333529330333,-0.6041494934596617,0.22698385947337152
0.6964996733361305,0.4927340170861865,0.20376565624994397
0.9201087503125294,0.6886454966372775,0.2314632536752519
-0.7589095130263379,-0.5389760760508895,0.21993343697544843
-0.738202545004528,-0.7055846493770245,0.0326178956275035
-0.068948063193416,-0.13776477552627256,0.06881671233285656
-0.012649852080879372,0.07573909273486773,0.0883889448157471
0.1428995933520762,-0.11542270415953047,0.2583222975116067
-0.05508671507190742,-0.3708391870161983,0.31575247194429085
-0.7523018203194956,-0.5343727487282997,0.2179290715911959
0.9418679132239056,0.7229849552048189,0.21888295801908675
0.014936104899369305,0.09469348011267338,0.07975737521330407
0.06537377295427278,-0.03940989189927779,0.10478366485355056
-0.7142006858185067,-0.49195569778819653,0.22224498803031018
0.7545054424373435,0.5319109858427212,0.2225944565946223
-0.949249622333327,-0.7440365094759722,0.20521311285735477
0.09291148581443774,0.3193386913094412,0.22642720549500345
0.4314352741327188,0.40107855716409857,0.030356716968620245
0.0615778211805839,0.1814888412114042,0.11991102003082031
-0.29617258248043415,-0.30424589019575987,0.008073307715325717
-0.02552858899637742,-0.11618248291442314,0.09065389391804572
0.4495157162210674,0.6178651426226988,0.16834942640163136
-0.2743785787179684,-0.13033012551157028,0.1440484532063981
0.8675030795698364,0.631911135788619,0.2355919437812174
-0.22757763811348009,0.03759893810379457,0.26517657621727464
-0.7161400911031375,-0.6183449191905096,0.09779517191262788
0.28766335079189703,0.08163587759408875,0.2060274731978083
0.9433013439487496,0.7397391352106034,0.20356220873814623
0.6844764394910868,0.5927093787932977,0.09176706069778917
0.5972798361359014,0.3964837430927135,0.2007960930431879
-0.256206193846748,-0.37763916652454504,0.12143297267779707
0.8930695941502187,0.6704555592595571,0.22261403489066156
-0.46556049392853105,-0.22754111082275014,0.2380193831057809
-0.3751823558185804,-0.2193670592788015,0.15581529653977888
0.2266086727408489,0.37556803499961955,0.14895936225877066
0.4071242990255922,0.5105303218718252,0.10340602284623301
0.9508162775930746,0.7634991657816862,0.18731711181138844
-0.6233882213113845,-0.5415537417162862,0.08183447959509826
0.8930577017349763,0.7215716475826245,0.17148605415235185
-0.26117412939828905,-0.2825943947989862,0.021420265400697136
-0.8788856727717489,-0.6571236411724289,0.22176203159931995
-0.47144195778678677,-0.3077275009428077,0.16371445684397906
-0.6791786361008234,-0.5934344888184778,0.08574414728234558
-0.1156219419376007,-0.19867686394986755,0.08305492201226686
-0.4797321952689057,-0.445369063082523,0.034363132186382706
-0.5256423002136266,-0.4814857720552783,0.04415652815834825
-0.8111254860181686,-0.5875447535786414,0.22358073243952714
-0.9205152504046223,-0.7339484011609438,0.1865668492436785
-0.6370141169210644,-0.5513842812864852,0.08562983563457915
-0.8748675210043255,-0.7064878996753974,0.16837962132892814
0.8426838616040974,0.5585837980833256,0.2841000635207718
0.5782011448832173,0.5085965745983752,0.06960457028484213
0.49723809810385616,0.19056057701792292,0.30667752108593327
0.8821583553358676,0.7589934327492799,0.12316492258658773
0.6115697388471865,0.4141856863966531,0.19738405245053336
0.9393106050440715,0.7348648746745314,0.20444573036954006
-0.9186372805228309,-0.7139474990923508,0.2046897814304801
-0.8404058459672878,-0.6034121358782958,0.23699371008899206
0.9312462423119411,0.74947164526536,0.18177459704658105
0.5273375804908169,0.5884325691219839,0.061094988631167024
-0.26193793599762505,-0.10930219328735057,0.15263574271027447
0.821027581641803,0.7245143929476532,0.09651318869414982
-0.511878654232158,-0.4719830495357224,0.03989560469643555
-0.5814491246595063,-0.37886465078559245,0.20258447387391382
0.1471992837694153,0.1937354440621023,0.04653616029268701
-0.9433554888667575,-0.6693102476546219,0.2740452412121356
-0.9164447789417359,-0.6900314812745358,0.2264132976672001
-0.4903386220805618,-0.4510844634817928,0.03925415859876896
-0.8902827399972081,-0.6617678261269572,0.2285149138702509
0.8821131166470275,0.6936549142313153,0.1884582024157122
0.14830268440666675,0.20337639885460693,0.05507371444794018
0.28474383007940124,0.1333843915692133,0.15135943851018793
0.02458991168097659,0.15968995473223516,0.13510004305125856
-0.7028333787151926,-0.48218818336961383,0.22064519534557875
0.8109781208866557,0.5838472201546941,0.22713090073196152
0.8724255691973649,0.7137319942495154,0.15869357494784953
-0.5157428881285379,-0.6683941244696597,0.15265123634112188
-0.22310865214626588,-0.08539899248883759,0.1377096596574283
-0.2632424711114043,-0.27849815859741334,0.015255687486009029
-0.8699212257561545,-0.6417944678604792,0.22812675789567527
0.641342454089812,0.4306659066940411,0.21067654739577096
-0.09317078773045785,0.18676114951005646,0.2799319372405143
0.6372198217761696,0.5621456715583832,0.0750741502177864
-0.7809250102050223,-0.45948869070586196,0.3214363194991603
0.9103462724468728,0.7198882919099274,0.1904579805369454
0.41708819004149567,0.4079547645322551,0.009133425509240567
0.19118091006634153,0.041713606868710444,0.14946730319763107
-0.010557079416637971,-0.09222785691310442,0.08167077749646645
0.7427609472891412,0.5284056658531254,0.2143552814360158
0.11068759597484583,0.002331260905901983,0.10835633506894385
0.9232726293336957,0.6898220895440303,0.23345053978966535
0.931381574722486,0.7065179377261613,0.2248636369963246
-0.6359500046532622,-0.5487073909956104,0.08724261365765185
-0.6545611238665074,-0.6357004220302487,0.018860701836258764
0.3806792058999085,0.43182731219645515,0.05114810629654665
-0.9708375519124659,-0.7745237785644234,0.19631377334804245
-0.0724240356445187,-0.14217618708992652,0.06975215144540782
-0.8346613553974576,-0.6076567729003618,0.22700458249709576
-0.13846182515681937,-0.19792006323257919,0.05945823807575981
-0.44451227411154004,-0.27240685426376565,0.1721054198477744
-0.8467282106969526,-0.6214648704291897,0.22526334026776285
-0.9321853213435776,-0.7233842668062764,0.20880105453730113
0.8593311649068941,0.6980767969045489,0.16125436800234516
0.037392267924861895,0.11426488182609543,0.07687261390123354
0.646272698049899,0.5608592563892082,0.08541344166069076
-0.6134777972910819,-0.413631338727778,0.19984645856330385
0.933193477184892,0.7352503395866858,0.19794313759820614
-0.7779260397918977,-0.714550626602554,0.0633754131893437
0.938081213401964,0.7263642167436177,0.2117169966583463
-0.13482558733991168,-0.029669290277056445,0.10515629706285523
-0.13298190327225914,-0.03164648572860308,0.10133541754365606
-0.9457766726011828,-0.7189883701558829,0.2267883024452999
0.9250329468035967,0.7270739562284598,0.19795899057513688
0.40189244787796236,0.5985214478684454,0.19662899999048306
0.9483634492295548,0.7276018547881444,0.2207615944414104
-0.6941201010473736,-0.5956120642997369,0.09850803674763675
0.22219587188804468,0.06686259228714149,0.1553332796009032
-0.839602448975001,-0.6872766436369298,0.15232580533807127
0.9367771158958177,0.7155830719482129,0.22119404394760478
0.5844776119852951,0.3853218788275434,0.19915573315775176
0.7207693585194827,0.6110814529401948,0.10968790557928787
-0.7481728751041331,-0.6116199331795542,0.1365529419245789
0.9379409917487106,0.7367692630487905,0.20117172869992006
-0.39957374295621956,-0.3998165930989571,0.00024285014273756067
-0.11081868508105427,-0.17029002622569944,0.05947134114464517
-0.5149723233281188,-0.5208445563027101,0.005872232974591274
0.3044139094773689,0.3274035852766357,0.022989675799266807
-0.08030858404186658,-0.15672785163598163,0.07641926759411505
0.6898589908354502,0.5982309483680437,0.09162804246740652
0.7629528530413799,0.5324122470550227,0.23054060598635728
-0.7722842087639522,-0.7530635589623723,0.019220649801579892
-0.9018198150272914,-0.6859818460008836,0.21583796902640773
0.33369819477512347,0.3305598009930002,0.003138393782123272
0.48398813654841444,0.20297662905894454,0.2810115074894699
0.5023568128067887,0.4527340795982162,0.04962273320857247
-0.5652392474337066,-0.3680498814687077,0.19718936596499886
-0.8325111441517141,-0.611961153050475,0.22054999110123907
0.361327044114271,0.3609381289292004,0.0003889151850706152
0.8121626795503863,0.5790667242573831,0.2330959552930032
0.9559564760459639,0.7616723564703577,0.1942841195756062
-0.9351668240610009,-0.7368356510072579,0.19833117305374304
-0.5010323547550318,-0.31184960264977185,0.18918275210525998
0.1047732620683648,0.16690236687347967,0.06212910480511487
-0.6698827417480347,-0.5689592042617394,0.10092353748629534
-0.7097246859715398,-0.4829264363580542,0.2267982496134856
-0.6761831562559021,-0.5795431108408021,0.09664004541509996
0.9106762845767746,0.7235878085442925,0.18708847603248213
0.8076925231224638,0.6766473711970415,0.1310451519254222
-0.6495330766101943,-0.4386608561360825,0.2108722204741118
0.9227112070770519,0.732377871271095,0.1903333358059569
0.5134127993372142,0.33438284609527874,0.17902995324193544
-0.3349068931633666,-0.5449825825587397,0.21007568939537308
0.9465679894323304,0.7419912373266745,0.20457675210565596
0.36001014519378893,0.36757159527000416,0.007561450076215226
-0.9370810829309753,-0.7099646124523581,0.22711647047861716
-0.7959316473717525,-0.5634898650293929,0.23244178234235957
0.04962272964120426,-0.04244970724499235,0.09207243688619661
-0.5954922130075705,-0.3891145646617362,0.20637764834583427
0.523386628090653,0.4897400219807264,0.033646606109926536
-0.5726503008848713,-0.5028296919581801,0.06982060892669129
-0.02938702539186921,-0.11378318489290278,0.08439615950103356
0.8127627027958452,0.730470729446673,0.08229197334917215
-0.0719803334689155,-0.13086702696771446,0.058886693498798964
-0.9436535537966737,-0.7085884639777287,0.23506508981894503
0.8506892572195938,0.6232271120029544,0.22746214521663932
0.19125631065164356,0.07291288856508651,0.11834342208655704
-0.6805457119114392,-0.5794464750767677,0.10109923683467148
0.4990052756151204,0.4649791233399815,0.03402615227513894
0.20308563875885122,0.2659790482900903,0.06289340953123906
-0.266462194751126,-0.27931642524425254,0.012854230493126562
0.6857557828843214,0.4764380914295553,0.20931769145476609
0.25760032366134794,0.28229502956917985,0.024694705907831904
0.9205033336820775,0.6964418778435753,0.22406145583850223
0.9469545684733938,0.7376662955766338,0.20928827289676
0.8783442004706657,0.7761284762433791,0.10221572422728664
0.7903610549606873,0.6662898228304572,0.12407123213023008
-0.2693890226445167,-0.29080170203992023,0.021412679395403533
0.8603864135008156,0.7054426067372459,0.15494380676356967
-0.7073688540551037,-0.5049016756864774,0.20246717836862638
-0.16503557177741254,-0.4526682186520573,0.28763264687464474
-0.7261824779391547,-0.4811857889188249,0.24499668902032978
0.8581536505384972,0.6353561006408274,0.22279754989766987
0.8947748036468745,0.7169144874217248,0.17786031622514964
-0.8219352760710066,-0.7345691269735133,0.0873661490974933
-0.928247508389491,-0.6299483933216784,0.2982991150678126
0.8066803679393628,0.6701792495412023,0.13650111839816048
0.6929108655911769,0.5987600742344289,0.09415079135674798
0.9421859509705848,0.7167505598019903,0.22543539116859446
0.6443879399918666,0.5633803889158437,0.08100755107602287
-0.6242233368104767,-0.4285981585185791,0.19562517829189763
0.7613922134590944,0.539566568864676,0.22182564459441834
0.2033919104093172,0.07579831527808294,0.12759359513123425
-0.9471805036283242,-0.728142268050535,0.21903823557778923
0.8700641855979809,0.7345760308383371,0.13548815475964382
0.211554497771324,0.01925209231071833,0.19230240546060567
-0.18563913489381872,-0.2289096512264316,0.04327051633261286
0.936478691365292,0.7094893839225591,0.22698930744273293
0.4915880310204328,0.2748249942645974,0.21676303675583541
0.04905496073354435,0.12370388345250609,0.07464892271896173
-0.06558572708188819,0.02375167577330925,0.08933740285519744
-0.8647787062286586,-0.7148414675427837,0.14993723868587494
0.026195449854935382,0.11113027872394302,0.08493482886900763
0.456548777893913,0.6576090568648436,0.2010602789709306
-0.8020839556274364,-0.6617402016195054,0.14034375400793098
0.5214295096571127,0.4810614610008617,0.04036804865625093
-0.5478436364469155,-0.5010709758319328,0.04677266061498264
-0.2254068701524994,-0.2610335546678392,0.03562668451533976
0.3262404933245896,0.32901184734020783,0.0027713540156182326
0.8749886451740352,0.6443239643624065,0.23066468081162872
-0.9439547505395383,-0.7359342235021378,0.20802052703740048
-0.7177172096327414,-0.6142907557727566,0.10342645385998483
0.8740338289502103,0.6389744885213987,0.2350593404288116
0.464759748900261,0.42694510350869286,0.03781464539156815
-0.9356458279648819,-0.708121150245639,0.2275246777192429
0.5207930998197117,0.33936855415704176,0.1814245456626699
-0.8356745190587275,-0.6872657879569463,0.1484087311017812
-0.9649566319862869,-0.8245926362635921,0.14036399572269476
0.3585209401619455,0.3640542024207531,0.00553326225880757
-0.9524576177958264,-0.7286947964600134,0.22376282133581293
0.04916594211984652,-0.11968875211019268,0.1688546942300392
0.1787585130455518,0.03827836095114762,0.14048015209440418
0.9342229295722432,0.7499454101004445,0.1842775194717987
-0.9451982791596394,-0.7506056005145471,0.19459267864509233
-0.8701769818533867,-0.6959258842061689,0.1742510976472178
0.38062695763251214,0.3828607504649056,0.002233792832393444
0.8992051666431051,0.7246598766394861,0.17454529000361907
-0.9442547304405041,-0.7503465329585033,0.19390819748200083
-0.31124034951230745,-0.3207842149469598,0.009543865434652354
-0.9260195366417229,-0.7316067260914119,0.194412810550311
0.9396918564730032,0.7320446898930585,0.20764716657994475
0.2069960196979819,0.0836223451035006,0.1233736745944813
0.33096451220952017,0.34659889699723456,0.015634384787714395
-0.13342700557071172,-0.009870193890975546,0.12355681167973617
0.874381883245562,0.6366350386073306,0.23774684463823137
0.2872625413301461,0.4631070086489774,0.1758444673188313
-0.7241257224514164,-0.38618881287103746,0.3379369095803789
-0.12704157009811634,-0.012884415955752104,0.11415715414236424
0.4374722563748054,0.26269275832666217,0.17477949804814324
-0.6717357460711282,-0.5771038612462542,0.09463188482487395
-0.4238534081428895,-0.2518664262607994,0.1719869818820901
0.8977525942267544,0.6695969146107442,0.22815567961601013
-0.6539044799340094,-0.4721686310990819,0.18173584883492744
0.7926920859163745,0.6652706677887078,0.12742141812766672
-0.3677838423333762,-0.3777377037897729,0.009953861456396706
0.9671964783316133,0.8167457196664748,0.15045075866513846
0.7516165522298824,0.6308187052496905,0.12079784698019191
-0.49903568169262713,-0.4633796317195488,0.03565604997307831
-0.7250592674238504,-0.5046440170623216,0.22041525036152876
-0.3234167794617563,-0.08503899770565479,0.2383777817561015
0.5611255420267645,0.23213465732719646,0.328990884699568
-0.24587790355728617,-0.10213502135880997,0.1437428821984762
0.8743860863096692,0.7106584671799392,0.16372761912973
0.49212903347809983,0.44963502100018954,0.04249401247791029
-0.521110112008389,-0.6793812288008853,0.15827111679249628
0.5155090344957045,0.30106398282470626,0.21444505167099825
-0.93956817043461,-0.7191229017359848,0.22044526869862524
-0.8952895297281909,-0.673591925119067,0.2216976046091239
-0.9116082179006243,-0.7823525443483288,0.1292556735522955
0.2619099233881323,0.4088238203714039,0.14691389698327162
0.019910666983236444,0.09568296819984476,0.07577230121660831
0.1537137531105469,0.2046403574424366,0.0509266043318897
-0.3275542573266397,-0.4472955518254075,0.1197412944987678
0.05163722145206679,-0.049594929259982455,0.10123215071204925
-0.3559352768161242,-0.20291549224828734,0.15301978456783685
0.2314067382431349,0.2696621530218574,0.03825541477872252
-0.13313384619292684,0.014067630083164792,0.14720147627609165
-0.6977542138189545,-0.7459080896657448,0.04815387584679032
-0.5862060988767658,-0.7354165537842423,0.14921045490747653
-0.07363739844019107,-0.150533061582409,0.07689566314221793
0.9198624888604088,0.7374535104953411,0.18240897836506764
0.6928102444586928,0.6647050139227202,0.02810523053597258
-0.5553777880274738,-0.3605398726233088,0.19483791540416506
-0.7157076127187297,-0.6072161804056626,0.10849143231306713
-0.7880837855732266,-0.6504362006456967,0.13764758492752982
-0.3309434621304453,-0.32952382548576525,0.0014196366446800335
-0.8213489129393768,-0.6943736293018449,0.12697528363753197
-0.9447885915444092,-0.7502292921988266,0.19455929934558258
0.49931621298525497,0.3094012299254536,0.18991498305980137
0.27385210344662186,0.3193400230186586,0.04548791957203674
0.22344119144876617,0.2674797208578646,0.044038529409098415
0.2759693158791826,0.13699083143850005,0.13897848444068256
0.24926595886605096,0.10897870339718221,0.14028725546886875
-0.9505940176077434,-0.7412064070649788,0.20938761054276467
-0.4500756484644913,-0.41905451438211805,0.031021134082373225
0.4040408556124555,0.3931138287352706,0.010927026877184887
0.6475359891090523,0.6894282343001454,0.041892245191093136
-0.01566900326115564,-0.23429672654528014,0.2186277232841245
-0.3668910414713903,-0.3572276042281362,0.00966343724325408
0.8697399619646611,0.638788714508375,0.23095124745628604
0.7500937989105615,0.5309002806120202,0.21919351829854128
-0.6166240281126301,-0.41102524731622764,0.20559878079640242
-0.9372019925666825,-0.7096122223004725,0.22758977026620997
-0.9287253386469155,-0.7237118755800384,0.20501346306687718
-0.4899852548157244,-0.4564570298233314,0.033528224992392996
0.1351694120000545,0.020856242683209653,0.11431316931684485
0.9318777821973605,0.7161240820915787,0.21575370010578176
-0.4596644551536932,-0.43341505254063556,0.026249402613057637
-0.6686208849322373,-0.5779320719202652,0.09068881301197207
-0.30944088022682315,-0.3358747627888771,0.02643388256205398
0.7540676191120481,0.6472929410898383,0.10677467802220986
-0.9336979951887057,-0.7475556471811831,0.1861423480075226
-0.6567283011816565,-0.44722427554386374,0.20950402563779275
-0.9192481988855095,-0.6962337714487759,0.2230144274367336
0.3626303943404727,0.2386711728178554,0.12395922152261726
0.17221833317355648,0.21011913952214095,0.037900806348584476
0.9407995274205178,0.7338440527015324,0.20695547471898534
0.7580989240540379,0.5321231475543157,0.22597577649972223
-0.9207133938321967,-0.7144868308508099,0.20622656298138686
-0.2769304909543188,-0.2957744907216638,0.018843999767344966
-0.5983140105480849,-0.5272644091040367,0.07104960144404815
-0.22484116962740372,-0.25704966223283066,0.032208492605426936
-0.9644251240505493,-0.7772915754531796,0.18713354859736964
0.9482389427686672,0.7362456156671675,0.21199332710149965
0.7851916260319609,0.657330128150091,0.12786149788186996
-0.1294542498457395,-0.004801457483112212,0.12465279236262729
-0.8293128327534584,-0.6025841515099203,0.22672868124353807
-0.15704212193346306,-0.21755661143866045,0.06051448950519739
-0.8578806362622283,-0.7047751722072294,0.15310546405499892
0.14641389229359394,0.19872221633943443,0.05230832404584049
-0.4431588506122386,-0.2489061283697091,0.19425272224252949
-0.7452857671485518,-0.5289418109058328,0.21634395624271896
0.9373684064065139,0.703647652796382,0.2337207536101319
0.34114410292980374,0.595434296696804,0.2542901937670003
-0.0002274070853773316,-0.10297252190001596,0.10274511481463863
0.34465163681056404,0.18770975801032633,0.15694187880023772
-0.3352082454478136,-0.33989221095412653,0.004683965506312948
-0.4513113045284269,-0.4158915732802556,0.03541973124817127
0.0543788479405682,-0.0317674013979547,0.0861462493385229
0.9564619363013127,0.770824783906674,0.18563715239463874
-0.6125134890933307,-0.5354286590397456,0.07708483005358513
-0.7643279054197509,-0.5443647494935593,0.21996315592619164
-0.1111552776048808,-0.16388909397561013,0.05273381637072934
-0.9175282390251777,-0.739902667056863,0.17762557196831463
-0.743750546821067,-0.6641968197610519,0.07955372706001507
-0.5768400824631587,-0.3743091109176202,0.20253097154553845
-0.07746264932759117,-0.15568850805934137,0.0782258587317502
0.7940185119188512,0.7253865890358235,0.06863192288302766
0.28203620185510464,0.30063723430950295,0.018601032454398314
-0.9141678934177574,-0.683791612535155,0.23037628088260242
0.27909726689572195,0.3028928495991063,0.023795582703384333
-0.7496975390011429,-0.7071937615760209,0.042503777425122014
0.5643957848648736,0.37267283265922674,0.1917229522056469
-0.874837138125576,-0.756296227240127,0.11854091088544894
-0.5112316443663659,-0.3164104704637232,0.1948211739026427
0.7161284246762465,0.6156002278814237,0.10052819679482283
-0.9029346922053102,-0.6742726383171633,0.22866205388814687
-0.05058864379533589,-0.2620339220803012,0.2114452782849653
0.821269373465143,0.6778517841322582,0.14341758933288473
-0.23956230558565636,-0.10745347754375577,0.1321088280419006
-0.09169634891409952,0.028265244297642395,0.11996159321174191
-0.11953583229198844,-0.19786025129375137,0.07832441900176293
0.8019942312143945,0.5658704233919905,0.23612380782240405
0.4941929210475497,0.31776711000062874,0.17642581104692096
0.9318013306503894,0.7107221129827617,0.22107921766762773
0.2731681773294306,0.29933223323406477,0.026164055904634165
0.9376909028038393,0.7188033849066997,0.21888751789713956
0.3029773000264689,0.159434752869474,0.14354254715699488
-0.4969808380565092,-0.4547481954648465,0.042232642591662706
0.6403153737140034,0.5527448197176221,0.08757055399638125
0.4468326461058919,0.6666897398589889,0.21985709375309703
0.6893637885414257,0.7091385125582129,0.01977472401678726
-0.831499953502668,-0.5487891858173112,0.28271076768535686
0.9411152906458491,0.7317846943304382,0.20933059631541084
0.6449344239106203,0.44735686265321223,0.19757756125740805
0.4804123555294055,0.29513963681825545,0.18527271871115003
-0.1311701820239242,-0.004641230397297336,0.12652895162662686
-0.405584226824003,-0.22633670174231052,0.1792475250816925
-0.6817524530509419,-0.46706656614510617,0.21468588690583573
0.9411215171288296,0.7272858881084533,0.21383562902037634
-0.857978538759168,-0.7646199053749864,0.0933586333841816
-0.09741479345500781,-0.3877421181442805,0.2903273246892727
0.9076967933686687,0.7087333294062691,0.1989634639623996
-0.8774252516558119,-0.643045206745142,0.23438004491066988
-0.7974920636414083,-0.5774052930195426,0.22008677062186577
0.8512597532561293,0.6927802123921726,0.15847954086395677
0.4714233522284399,0.42653834691978454,0.04488500530865536
-0.9382474725462114,-0.7061019095361516,0.23214556301005984
0.3919213405588101,0.3796265467981572,0.0122947937606529
-0.8598409446568426,-0.7085651633638003,0.1512757812930423
0.4462851939654129,0.27766243430639526,0.16862275965901763
0.9431081637714068,0.7264280159679666,0.21668014780344025
0.6415601659634598,0.6275046291023625,0.014055536861097284
0.42050106042389074,0.24576447107369134,0.1747365893501994
-0.3648484152115494,-0.2046152853844302,0.16023312982711924
0.13549985304142131,0.2299366712279125,0.09443681818649119
0.4522211936887894,0.26846565663764554,0.18375553705114384
0.24606238334484204,0.26958596315175887,0.023523579806916828
0.34072283726510477,0.3703827766081856,0.02965993934308081
0.00027648928508477744,0.11186021697268145,0.11158372768759667
-0.8764387529602838,-0.706225675006704,0.17021307795357987
-0.6662284898810527,-0.5711687354942759,0.09505975438677672
-0.49936663028100686,-0.4883238268155749,0.01104280346543196
-0.1053308290829884,-0.16003928405639428,0.05470845497340589
-0.9465789598196044,-0.7302622554665373,0.21631670435306705
-0.7841436705062381,-0.6671673923877203,0.11697627811851785
0.36098615123809863,0.3522826582650903,0.00870349297300832
-0.7195239069212529,-0.5082094358777093,0.21131447104354362
-0.4877021729790417,-0.3050858884960818,0.1826162844829599
-0.2709125863327651,-0.134568918686932,0.1363436676458331
0.015019953984421734,0.08874965052964172,0.07372969654521999
0.9650284878866503,0.8205774486278897,0.14445103925876057
0.5208687046160417,0.32510390367497727,0.19576480094106447
0.34056354168214115,0.1781628773267835,0.16240066435535766
0.2534367001145058,0.5398339329682517,0.28639723285374585
0.1420100479377255,0.022352019440309363,0.11965802849741615
0.3586480496853859,0.36235752387433995,0.003709474188954065
-0.12868282254733818,-0.21106035106607804,0.08237752851873986
-0.03968140186177646,-0.11355770518377509,0.07387630332199863
0.9394008213925104,0.7518455222512908,0.1875552991412196
-0.5298712445925308,-0.3441910446778588,0.18568019991467194
0.7797476999019426,0.6488094221806873,0.13093827772125533
0.855711797928848,0.6210312977686536,0.23468050016019437
0.7307886847664349,0.6200835206543698,0.1107051641120651
0.7546084234121013,0.6344061070691368,0.12020231634296452
0.5419659749431559,0.49401559003728257,0.04795038490587333
0.9152497934609668,0.7285394847837063,0.18671030867726046
0.8995818161306846,0.7615768159653066,0.13800500016537798
0.12953106512080897,0.007124088834914662,0.12240697628589431
0.9271162186530107,0.7322341490644969,0.19488206958851384
0.5436853762115047,0.4923512545045089,0.051334121706995806
-0.9027642914516226,-0.67969753343774,0.22306675801388265
-0.572645251316858,-0.5520474798231466,0.020597771493711337
-0.048204955464466785,-0.12177197009569009,0.07356701463122331
0.8448901477035164,0.6099476478084319,0.23494249989508453
0.6322487664694286,0.4231567193866868,0.20909204708274182
-0.79465944141613,-0.6608894963994079,0.13376994501672212
0.8823212118299031,0.6494991662230385,0.2328220456068646
-0.853856260062349,-0.6966158657137236,0.15724039434862547
0.29363963747307326,0.06417109638783301,0.22946854108524023
0.49494069384013645,0.30810698392076785,0.1868337099193686
0.5236581911665048,0.4840994426511798,0.03955874851532498
-0.763524772095958,-0.5388938962021677,0.22463087589379038
0.008525321341177821,0.0878432107458794,0.07931788940470158
-0.4517744326980201,-0.42224174201377884,0.029532690684241247
0.4997199280337129,0.30738712148270453,0.19233280655100837
0.7864267159544998,0.5682774371693956,0.21814927878510415
-0.5562000958025625,-0.3557567506379812,0.2004433451645813
-0.8837377529512574,-0.6343711773436391,0.24936657560761832
-0.454071587088761,-0.27315956333900715,0.18091202374975385
0.5919068726043312,0.5206688057400998,0.0712380668642314
0.6264295295987954,0.30322482388662225,0.32320470571217313
0.9298888632070668,0.7007343688955309,0.2291544943115359
0.20505597835467126,0.08034785815701252,0.12470812019765874
0.4008567877164,0.39174502529575234,0.009111762420647651
0.2873285125486202,0.5486623540705904,0.2613338415219702
-0.9444528383258848,-0.7236058608834628,0.220846977442422
0.5805319705798909,0.5224960137305189,0.05803595684937202
-0.8927326947468983,-0.7381141044978121,0.1546185902490862
0.9712338513695239,0.8179027088742684,0.15333114249525548
-0.6931017950269553,-0.4886451785865423,0.20445661644041307
-0.41160267696966224,-0.24078658893391444,0.1708160880357478
0.17243486825626914,-0.01703308027310139,0.18946794852937052
-0.7259067501698618,-0.4986728666247062,0.2272338835451556
0.7104759958986286,0.5067956447834628,0.2036803511151658
-0.9243564702099223,-0.7293245388836483,0.19503193132627394
-0.4401348107830145,-0.40917767737097294,0.030957133412041538
-0.3088963515870966,-0.312438643524736,0.0035422919376393858
0.11405113174965528,0.19920216820253867,0.08515103645288338
-0.9481725133809433,-0.7339177690647062,0.21425474431623714
0.8676284273875892,0.7093078934361616,0.15832053395142753
-0.5818603237929315,-0.5243504474271083,0.057509876365823165
0.767809906130864,0.6408282152650654,0.12698169086579858
0.951692220459848,0.7444235827325201,0.20726863772732795
0.20692111642266114,0.24390096004106457,0.036979843618403424
0.9424132928314349,0.7330045339174996,0.2094087589139353
-0.9014003922049153,-0.7942813773014067,0.10711901490350861
0.9259610641560743,0.7152271641327274,0.2107339000233469
0.24008238967641518,0.26392712794247863,0.023844738266063453
-0.3376599603677847,-0.19194092461704973,0.14571903575073494
-0.2780930371237138,-0.13794877118558013,0.14014426593813367
0.06175005242523164,-0.07130963846851945,0.13305969089375108
0.8887477667360145,0.6663496537204415,0.222398113015573
0.9293123844181334,0.7004596849802036,0.22885269943792974
-0.9381677790781335,-0.8355526927000249,0.10261508637810868
-0.07604566746987275,-0.39537455687837725,0.3193288894085045
0.9272094734550084,0.7010032168206021,0.2262062566344063
0.39069918170536017,0.2019918470185099,0.18870733468685028
-0.3154485431494611,-0.39143251996349454,0.07598397681403346
0.2992604595654116,0.31198510665027407,0.012724647084862484
-0.9184081219292004,-0.6740301347295374,0.24437798719966297
-0.23715972268590865,-0.26032490987617435,0.023165187190265696
0.7322452028199782,0.6209727363891314,0.11127246643084676
0.9553961277921771,0.7582019357346821,0.197194192057495
-0.9074458810562822,-0.6725613315722526,0.2348845494840296
0.9662254072186818,0.8260304807615325,0.14019492645714926
0.2031333927100271,0.07121849872419875,0.13191489398582834
0.8409957960089681,0.6092917209327539,0.23170407507621427
0.17697381498402118,0.222571137505532,0.04559732252151083
0.3982943021915741,0.6041787708764855,0.20588446868491145
-0.7873194271224403,-0.7201740915940679,0.06714533552837243
0.019402482153906785,0.19901350075894683,0.17961101860504006
0.9411662608492875,0.7197328494939752,0.22143341135531225
0.9699227822489388,0.7711725347481506,0.19875024750078818
-0.5966934427640159,-0.40159681358394594,0.19509662918006998
-0.8185880774189538,-0.5941138307750401,0.2244742466439137
0.7984252927837597,0.6692602304469552,0.12916506233680458
0.8489279105503663,0.5634715779115346,0.28545633263883174
-0.9352088548625663,-0.7057913829481243,0.22941747191444206
-0.00042257822773613014,-0.08115495805368463,0.0807323798259485
-0.13429497903084625,-0.33022630696713756,0.1959313279362913
0.4362503681439677,0.25629991620916504,0.1799504519348027
0.9615072948280778,0.791666337088762,0.16984095773931585
0.5505139169302059,0.5061835227751517,0.04433039415505424
0.7731924022084429,0.6539495700192395,0.1192428321892034
-0.1523215169759359,-0.20178085621143035,0.04945933923549445
0.5006907090578903,0.4885478136904454,0.01214289536744484
0.9410063855215436,0.711268353578879,0.22973803194266462
-0.20996150748204942,-0.07658433693614611,0.1333771705459033
-0.35633957160458013,-0.1235577848100742,0.23278178679450592
0.9480292126268683,0.7307095893129929,0.21731962331387544
-0.947874298869807,-0.7437058749633575,0.20416842390644951
0.8927602993125547,0.7686706566814865,0.12408964263106825
-0.10675232193276103,0.007454907998204801,0.11420722993096584
-0.5740296026425614,-0.372030248282631,0.20199935435993044
0.8942969187989656,0.6233155946001985,0.2709813241987671
0.2508103230480519,0.27024824808463616,0.019437925036584258
0.6440318422089836,0.5609840415114696,0.08304780069751394
-0.21354026786645097,-0.2455242016304771,0.03198393376402614
-0.5383342309226029,-0.3346865528889466,0.2036476780336563
0.3828538096688172,0.22176380982179505,0.16108999984702216
-0.7825094122046293,-0.6835355522685068,0.09897385993612251
0.8358583178641859,0.6116299813669329,0.22422833649725293
-0.9637348778118012,-0.7679919965373074,0.1957428812744938
0.8584096678430189,0.7027941401244331,0.15561552771858578
-0.9520695808476686,-0.7541796155621167,0.19788996528555192
0.7845909511010615,0.5659558105058281,0.21863514059523337
-0.8579690269158313,-0.6988648409668592,0.15910418594897213
-0.1008704171024654,0.009519383394686205,0.11038980049715161
0.14382488234580817,0.18766958431878403,0.04384470197297585
-0.8514190731438694,-0.6178147817867705,0.23360429135709893
-0.3151821186150851,-0.414225662154125,0.09904354353903988
-0.8291762034042651,-0.6868429498191809,0.1423332535850842
0.9140247740690495,0.7446871290468895,0.16933764502215998
0.9446522020159683,0.7061860238892106,0.23846617812675774
-0.7676075823658738,-0.5441172615806273,0.22349032078524644
-0.49344836787980717,-0.30401068588195124,0.18943768199785593
-0.5436150912466172,-0.6327662128508417,0.08915112160422445
0.5472377916211882,0.3506721005625865,0.19656569105860172
-0.006200114306964541,-0.10438835272067008,0.09818823841370554
0.7880176618235959,0.5388316694908133,0.2491859923327826
0.14946523501474246,0.20103615952331924,0.05157092450857678
-0.7091905729659124,-0.47688111089884544,0.23230946206706693
0.8968020809195972,0.6565457636130175,0.2402563173065797
0.5959466966161601,0.35711554760730435,0.23883114900885571
0.805162182626702,0.5717544120040601,0.23340777062264195
-0.47853969143909675,-0.20930465549620997,0.2692350359428868
0.5940536076349047,0.39398041175613957,0.2000731958787651
0.8726054413959394,0.7036667616770669,0.16893867971887255
0.6483434052650414,0.44194519614347394,0.20639820912156748
-0.24614906190172556,-0.11445242144905711,0.13169664045266843
-0.9048537232495385,-0.6766197656666055,0.22823395758293297
-0.7274149950302605,-0.6228685333541287,0.1045464616761318
0.32970594925137375,0.35996054240958486,0.030254593158211107
-0.900033382714095,-0.7217221127818776,0.17831126993221746
-0.7710599464448441,-0.5533456691107509,0.2177142773340932
0.007725735287235122,-0.07685441546368053,0.08458015075091566
0.47917877073271353,0.452897908610375,0.026280862122338544
0.5726998396307748,0.4960598717215783,0.07663996790919647
-0.5809698182975526,-0.5233634132766352,0.057606405020917406
-0.47243385083881384,-0.44432253129968113,0.028111319539132706
0.20795035522499128,0.3344855642524589,0.12653520902746762
0.3767937387942368,0.4737981021874783,0.09700436339324153
-0.5287785116448663,-0.2930804538706265,0.23569805777423986
-0.7668705115673305,-0.5384170285001809,0.22845348306714963
0.9396443008387718,0.7372168093867391,0.20242749145203276
0.8023058366690411,0.6627549806902008,0.13955085597884032
0.25929028876720417,0.10947339338070469,0.14981689538649948
0.9349172468087606,0.7204196619446924,0.21449758486406822
0.6396696966361082,0.4381707436994822,0.20149895293662595
-0.06752833276359359,-0.3095918435759534,0.24206351081235977
0.932975912220187,0.734247723805203,0.19872818841498407
0.4353553843098825,0.4037315051762211,0.03162387913366144
0.34858881266005365,0.1837001104756011,0.16488870218445253
0.5996115472797194,0.3974517369681259,0.20215981031159352
-0.3202402230847975,-0.16805392916721212,0.15218629391758537
0.6924934590022872,0.468328006267899,0.2241654527343882
0.6257672769042768,0.4179108911539198,0.20785638575035703
-0.6074869560256979,-0.5373264209783369,0.07016053504736097
0.74677989294908,0.524326260188745,0.22245363276033503
-0.854276676379911,-0.6307967601494879,0.22347991623042307
-0.29244917965413675,-0.14696167416215353,0.14548750549198322
-0.735464220294704,-0.6318189959479992,0.10364522434670487
0.2157174538222014,0.08273298815055206,0.13298446567164934
0.45308022932725,0.422733810679595,0.030346418647655027
0.47533997746177525,0.43288898249939733,0.04245099496237792
-0.2624287426847413,-0.03822942353075053,0.22419931915399077
0.2480945003252749,0.1091843172728617,0.1389101830524132
-0.938492491845689,-0.7230544768739999,0.21543801497168902
-0.6328958954529457,-0.43501675993629274,0.19787913551665293
0.33747071258075284,0.5038833334444499,0.16641262086369707
0.11383610032420638,0.0002745126220027296,0.11356158770220365
-0.2818312321364913,-0.3018048274946665,0.019973595358175222
0.24587546892121204,-0.04333407951036712,0.28920954843157914
0.22098908320990093,0.25423194673458993,0.033242863524689
-0.9468079320527677,-0.7855742836776344,0.16123364837513332
0.7742412335653189,0.5497453478539593,0.2244958857113596
-0.2209373469799229,-0.4918359892965046,0.27089864231658173
-0.7014723153970445,-0.47724989747913954,0.22422241791790493
-0.3991264840381572,-0.38725979728619,0.011866686751967226
-0.9479991230762368,-0.7375021762317856,0.2104969468444512
0.9481961003217751,0.7267220257325174,0.22147407458925772
0.6745192955960079,0.47291848009298526,0.2016008155030226
0.38055988420543696,0.21287491385910698,0.16768497034632998
-0.8873271310389869,-0.650773959981294,0.2365531710576929
-0.16102930260606788,0.0215377691931421,0.18256707179920997
0.22482234888413444,0.25223698824770296,0.027414639363568527
-0.8239451504733666,-0.7668871744077035,0.057057976065663096
-0.9483608214753579,-0.7318209075575242,0.21653991391783378
0.32087486603473353,0.1668441450092243,0.15403072102550924
0.07410427169484556,0.14225206504323723,0.06814779334839167
-0.9502189709937838,-0.7494884656547498,0.20073050533903403
0.2426566978993128,0.33223083960446403,0.08957414170515124
0.9435853508770593,0.7173540500182316,0.2262313008588277
-0.05664533113002266,0.0340577394049617,0.09070307053498436
0.12816606326985347,0.1860996709356542,0.05793360766580072
0.05850714360463496,-0.25680361504392607,0.315310758648561
0.9455297279887438,0.7207635766718165,0.22476615131692734
-0.7454412023513097,-0.5379759598847902,0.20746524246651954
-0.7056174213301227,-0.4857319297389494,0.21988549159117332
-0.14381377845590204,-0.20731824980337574,0.0635044713474737
-0.9253180388808817,-0.7340895448232662,0.19122849405761555
-0.7382844250997606,-0.6421035822081322,0.09618084289162832
-0.9614631390162529,-0.7627812910834307,0.19868184793282218
0.9249424128208421,0.7021928415248873,0.22274957129595485
0.28782033588841804,0.3025834056909293,0.014763069802511242
0.3639675298948019,0.20320481470871254,0.16076271518608937
0.8706347558229276,0.6414373987009414,0.2291973571219862
0.4110250336549245,0.23628836972853137,0.17473666392639312
0.6211613153651102,0.5398540854409138,0.08130722992419637
-0.12006623911570755,-0.18111439430796508,0.061048155192257536
0.29664272949301645,0.3135323990552794,0.016889669562262954
0.6084678428902927,0.4034436495072472,0.20502419338304545
0.45370341007505544,0.42442764763914487,0.02927576243591057
-0.12019465844198177,-0.4369113119991927,0.3167166535572109
-0.9485761996031208,-0.7321233924530233,0.21645280715009751
-0.8244153187005886,-0.6774722542294112,0.14694306447117744
0.7475564076593479,0.6368408349060114,0.11071557275333654
-0.6973474997132668,-0.4636604863444037,0.2336870133688631
0.6642221455542877,0.4626516728673801,0.2015704726869076
-0.9369815404705555,-0.704507789118751,0.23247375135180448
0.7713780405754731,0.6310335330184521,0.140344507557021
0.2816894817835481,0.07030195038769017,0.21138753139585792
0.45227151742491123,0.4343320494361754,0.017939467988735802
0.3111787966820613,0.3203977796790824,0.009218982997021119
0.8321620683825011,0.6006346997666474,0.23152736861585366
0.6969175660762356,0.48443379343458454,0.21248377264165103
0.3095785699205174,0.32229565911091956,0.012717089190402153
0.6546572894193063,0.5782132574527351,0.07644403196657124
0.825258033412172,0.6848329258180564,0.14042510759411553
-0.8094668271175662,-0.6613708981225443,0.14809592899502189
-0.8861382431214846,-0.6671775906154565,0.21896065250602814
-0.873605226276331,-0.6416191928548445,0.2319860334214865
0.8813638157641527,0.6649072096724215,0.21645660609173123
0.08712332665623149,-0.12403974649899087,0.21116307315522237
0.5786144740101309,0.2826600726770583,0.2959544013330726
-0.5556717686120562,-0.3669566537341622,0.18871511487789405
0.7687706952757111,0.7100236701455256,0.05874702513018548
-0.9493315053709137,-0.7065072134965114,0.24282429187440235
0.9380620724514517,0.7560778372115552,0.18198423523989649
0.5688676405575479,0.3594660676794995,0.2094015728780484
-0.7978123307585854,-0.5786580874779402,0.21915424328064514
-0.8654751451790824,-0.6417687627838203,0.22370638239526208
-0.025302223425913387,-0.10839584759449497,0.08309362416858158
0.8786248705100178,0.670373227374654,0.20825164313536382
0.8435990917347581,0.69432324382201,0.14927584791274806
0.9203426076453989,0.7166014554715233,0.20374115217387556
-0.924484942919495,-0.7032224990253378,0.22126244389415717
-0.627115515439622,-0.4101346072450163,0.21698090819460564
-0.21712497975642261,-0.07765276988369914,0.13947220987272346
0.658054944464697,0.5784677362876879,0.07958720817700915
0.1461718417268668,0.03276966754381447,0.11340217418305235
-0.9443590513255833,-0.7152048842415869,0.22915416708399639
-0.8517057372557465,-0.618537318012053,0.23316841924369347
-0.8293608196468586,-0.586833872460597,0.24252694718626155
-0.5873511556274944,-0.5230541860158887,0.06429696961160569
0.2654718862294893,0.2955619928486866,0.03009010661919731
0.5671650379567147,0.37226356926442833,0.19490146869228636
-0.8198381942131008,-0.5890493618855547,0.2307888323275461
0.32928367289609284,0.0778216286274434,0.25146204426864943
0.6416063250734889,0.5581716997116194,0.08343462536186952
-0.4855645643629546,-0.29669458322033465,0.18886998114261994
0.9554556310658808,0.7269549964878793,0.22850063457800152
-0.6839173537578047,-0.4670624563819,0.2168548973759047
0.6722219196416273,0.5757878332179021,0.0964340864237252
0.8307608200861504,0.5995799676119636,0.23118085247418674
-0.029934186936514083,-0.11538654288464753,0.08545235594813344
-0.9479741011257357,-0.7369001520847372,0.2110739490409984
0.35580255189078436,0.3564022063556566,0.0005996544648722568
0.5562408333266423,0.3678369257461089,0.18840390758053344
-0.6178526798422058,-0.32495368576265926,0.29289899407954656
0.7885633246686038,0.5757225017278116,0.2128408229407922
0.8055681449897284,0.5778459966120787,0.2277221483776497
0.108957008119211,-0.01350760404274439,0.1224646121619554
-0.14083907575310334,-0.003641910364070566,0.13719716538903276
0.9291959565321509,0.7307593186193728,0.1984366379127781
-0.8257321850589372,-0.675360588682917,0.15037159637602016
-0.20223691791091028,-0.0648693783713138,0.13736753953959646
-0.92608798894398,-0.6944084565523028,0.23167953239167727
-0.319536923065003,-0.33129247361358255,0.011755550548579574
-0.8414255532470855,-0.6127978722724196,0.2286276809746659
-0.9113917928737816,-0.7204273118974548,0.1909644809763268
0.8791081008657066,0.7166997674929689,0.16240833337273763
0.5537338945087809,0.4946729281704218,0.059060966338359056
0.7298752230387605,0.6923778154207695,0.03749740761799103
0.9486503819451467,0.7327112856844518,0.21593909626069496
0.02096317643107492,0.0904266733921821,0.06946349696110718
0.8973350771196551,0.663124154280033,0.23421092283962208
0.376098289732226,0.37110060283894225,0.004997686893283726
0.9749707781442039,0.8316676305332635,0.14330314761094032
-0.19676519230214876,-0.5049719917679583,0.30820679946580953
-0.874020722435998,-0.7178751927364844,0.15614552969951367
-0.6952080730846831,-0.4902194469507732,0.20498862613390995
-0.07053401681002808,0.04321150608840588,0.11374552289843395
-0.5612246151257385,-0.3623262814873717,0.1988983336383668
0.45154581377540165,0.15139352071338583,0.30015229306201585
-0.0021044625130876926,0.08439315619882472,0.08649761871191242
0.5007471190520686,0.22761538986411703,0.2731317291879516
0.6729374065273449,0.462620102865692,0.2103173036616529
0.42474892022770716,0.2502336008855976,0.17451531934210956
0.8630794696474765,0.6936906958988303,0.16938877374864625
-0.52055754845741,-0.3295491783470437,0.19100837011036625
0.413732031863066,0.4106962364460657,0.003035795417000331
-0.05797879327818453,-0.1355268848049218,0.07754809152673728
0.8969302200908392,0.7121680402067517,0.1847621798840875
0.8496088549310218,0.55215294992986,0.2974559050011618
0.9483479964882331,0.7274252250020987,0.22092277148613437
-0.26462939651324896,0.03383745448296853,0.2984668509962175
0.2061086840661572,0.07752452086918583,0.12858416319697136
0.4672455153069131,0.2892714138016347,0.17797410150527843
-0.4337859629224294,-0.2682044877772759,0.16558147514515348
-0.9587611673993874,-0.7689376604420548,0.18982350695733263
0.5476913380211645,0.3582203413441885,0.18947099667697603
-0.3289689154644547,-0.3361010397674844,0.007132124303029674
-0.9024834477214093,-0.7337753354160896,0.16870811230531968
0.9290528229642182,0.7079329532786138,0.22111986968560438
0.23847696273259433,0.09360102353754626,0.14487593919504807
0.12110132368118334,-0.12206114544167142,0.24316246912285477
0.3708395089759578,0.40785050283839314,0.03701099386243534
-0.7943119941037705,-0.5696628182882164,0.2246491758155541
-0.42683847926862,-0.41314920402242045,0.013689275246199561
0.028413796437339135,-0.058615738613682716,0.08702953505102184
0.21429567806558855,0.09153470492284618,0.12276097314274237
-0.9135957712843444,-0.7329780881104017,0.18061768317394278
-0.974145932369861,-0.7494101772250374,0.22473575514482358
0.9481229749879402,0.7394861839408654,0.20863679104707478
-0.9543976576660906,-0.8014868726148695,0.15291078505122113
0.1626768329429931,0.21448826438062696,0.051811431437633865
0.36485196534025455,0.20893894205018002,0.15591302329007453
-0.16676232709849373,-0.21530515792326008,0.04854283082476635
0.8936919530364795,0.6601565149564564,0.23353543808002308
0.5736434509873871,0.5209936216551938,0.05264982933219331
0.8573760014109757,0.706439839960451,0.1509361614505247
0.32913611812462906,0.025102258354538286,0.3040338597700908
0.8681143155348165,0.7493382782460732,0.11877603728874331
0.7955795216082984,0.570958693957381,0.2246208276509174
-0.8086430520169011,-0.697377003800636,0.11126604821626507
-0.13332726852088236,0.14972751909753382,0.2830547876184162
0.045775578422266164,-0.04060436690796194,0.08637994533022811
-0.9409309459574983,-0.7239378511749879,0.2169930947825104
-0.9036857376459936,-0.8022600553580624,0.10142568228793114
-0.8840748815257824,-0.65980523367236,0.2242696478534224
-0.7932729269152906,-0.6653845395073704,0.1278883874079202
0.8834438166901969,0.7150540433946903,0.16838977329550664
-0.8058011826084158,-0.6527420511263313,0.1530591314820845
-0.4086820565440086,-0.21229507317504118,0.1963869833689674
-0.5651598086465078,-0.3685491963384218,0.19661061230808602
0.43717551077700406,0.26841484524299486,0.1687606655340092
0.21114414555261626,0.08019850264022375,0.13094564291239252
-0.21727735214419147,0.12165861550915728,0.33893596765334877
-0.6925868644104956,-0.7095284541456464,0.016941589735150808
-0.467861488974601,-0.2032117730910185,0.2646497158835825
0.6047070488827687,0.41390621346036977,0.19080083542239895
0.39347193455778945,0.38561585657491243,0.007856077982877019
-0.22773437593192306,-0.25860002742307464,0.030865651491151586
0.667893141089982,0.45313271620880824,0.21476042488117375
0.8660389300206538,0.7053887127216355,0.1606502172990183
0.28625070163249383,0.31548860650592825,0.029237904873434417
0.9563722151513816,0.7621119215950312,0.19426029355635044
0.027606723265565576,0.11852088570945846,0.09091416244389289
0.9386907304512653,0.7178171595217849,0.22087357092948035
0.7120301745149107,0.49385224663362115,0.21817792788128954
0.11060693025634213,-0.003750236617043671,0.1143571668733858
0.17472780399501162,0.015078761200046557,0.15964904279496506
0.7541916344631782,0.5236285268758567,0.23056310758732146
0.945065584101562,0.7406335520298222,0.20443203207173988
0.2846232861145959,0.14043141264570969,0.14419187346888623
-0.9379847092111104,-0.7376616015935273,0.2003231076175831
0.21702787686920255,-0.0027597508895388758,0.21978762775874142
0.21003118650302388,0.2350778136574717,0.02504662715444783
-0.3131647989041776,-0.324644704244665,0.011479905340487429
-0.9041438438627527,-0.6848437957348584,0.21930004812789428
-0.6043573784541831,-0.40762340091697385,0.19673397753720928
-0.8700797156247266,-0.6436785988003549,0.2264011168243717
0.36438410204927246,0.37845846768734753,0.01407436563807507
-0.6286872130806831,-0.3660654748768582,0.2626217382038249
0.45428600547035,0.19703292158979352,0.25725308388055645
-0.9088799022817616,-0.7265845139757316,0.18229538830602998
-0.8941034646391609,-0.7161228493760627,0.17798061526309816
-0.45716891550326416,-0.4302859590139019,0.026882956489362286
0.07923249171062502,-0.020820006485997546,0.10005249819662257
-0.22696475542492464,-0.0170744769481063,0.20989027847681835
0.6415552386288633,0.425106860973213,0.21644837765565034
0.18368869803297375,0.07614804411169576,0.10754065392127798
-0.8684496640360059,-0.7463963154891654,0.12205334854684047
-0.7943980886591605,-0.5798492958251298,0.21454879283403072
0.6449306350320297,0.4474520932448264,0.19747854178720337
0.5035567284032955,0.32169490391842415,0.18186182448487132
-0.8908423369054037,-0.6414252295857845,0.2494171073196192
-0.8938450337965316,-0.7225798033230517,0.17126523047347986
0.9576141392468965,0.773771066927788,0.18384307231910857
0.5503433795432606,0.3511398358185042,0.1992035437247564
-0.6369211497900324,-0.5454105381460859,0.09151061164394658
0.3516441710424304,0.35175951348716034,0.00011534244472993782
0.7234085727147838,0.6127956922248367,0.11061288048994711
-0.1441150043861197,-0.007967520276766827,0.13614748410935287
-0.6064226717652238,-0.5414550123632081,0.06496765940201565
-0.0039903375883302145,0.07498159558669909,0.0789719331750293
0.08330668256129758,-0.11866957666263603,0.2019762592239336
-0.8780227839328071,-0.6637671628608226,0.21425562107198448
-0.17686632687194884,-0.05852171571980461,0.11834461115214423
-0.5751205069840962,-0.3719211031349421,0.20319940384915414
0.8921234815101359,0.7136501383868944,0.17847334312324148
0.6276818036754954,0.5459964195314609,0.08168538414403448
-0.9066826755330663,-0.6934940921618327,0.2131885833712336
0.5900548207445201,0.3959677630359529,0.1940870577085672
0.7458013429730066,0.5340399880257877,0.21176135494721893
0.3144775740804965,0.3190657264325154,0.004588152352018926
0.579184176878384,0.37397917035347505,0.20520500652490892
-0.9457389793443814,-0.7407585110741577,0.20498046827022376
0.7672106659524658,0.6362264242457251,0.13098424170674072
0.7895017722581125,0.6542851146169246,0.13521665764118784
0.01921097055140608,-0.07498075746800759,0.09419172801941367
0.875244048873083,0.7402943029717896,0.1349497459012935
0.9267948142272697,0.7395776209323529,0.18721719329491682
-0.013886753873977545,0.08399297998202716,0.09787973385600471
0.056471767780022476,0.18907009360328694,0.13259832582326447
-0.8880093636744095,-0.7154164148357103,0.17259294883869924
-0.9312477645958935,-0.7599956220196156,0.17125214257627797
0.23697039672613918,0.10008930324257921,0.13688109348355998
0.9359157090690557,0.7215239564710767,0.21439175259797905
-0.05420640355806592,0.041774489955925344,0.09598089351399126
0.25097049205938815,0.27451693394235666,0.023546441882968505
-0.41508086682300993,-0.39402018192348626,0.021060684899523674
0.7808308112648975,0.6509372836065019,0.12989352765839557
0.5801241899659303,0.27980268184653917,0.3003215081193911
-0.9348566026924019,-0.7113429772012413,0.2235136254911606
0.8050204055350465,0.6693637598972784,0.13565664563776814
-0.22681197549466064,-0.09650339835586012,0.1303085771388005
-0.8124010971690455,-0.6600564378903351,0.15234465927871044
0.7530031237695124,0.6931224550490119,0.05988066872050046
0.8356072666636046,0.6052209595063994,0.2303863071572052
-0.8083292316773588,-0.6692392111845483,0.1390900204928105
-0.9425904826172102,-0.7045296188523287,0.23806086376488156
-0.06995961326534071,0.02878891844125599,0.0987485317065967
-0.9029489122337032,-0.6726721928161196,0.23027671941758365
-0.743215214255918,-0.525004276835339,0.21821093742057895
0.4142418967535818,0.5378610174567684,0.12361912070318659
-0.643867334359177,-0.4440955623668672,0.19977177199230978
-0.07692044088121265,-0.15915377206899842,0.08223333118778577
-0.9525330207743103,-0.7909498922860374,0.16158312848827294
-0.17973771366693844,-0.05273556522524717,0.12700214844169128
-0.7244818633914484,-0.506207851602234,0.21827401178921435
0.37694897198770716,0.3689755079625823,0.007973464025124832
-0.393523508496853,-0.3875551004427927,0.005968408054060348
0.9555064241734922,0.74492720713832,0.21057921703517224
-0.8401736877814542,-0.6787892877151388,0.16138440006631538
0.45624321391498524,0.4248280487640827,0.031415165150902535
0.652950959284699,0.5618843940604383,0.09106656522426071
-0.8795330928484006,-0.7117775136931743,0.16775557915522632
-0.6933290604526207,-0.5246230691805033,0.16870599127211738
0.7084676916249193,0.6202585176390745,0.08820917398584482
0.8472951744704624,0.7520998341768571,0.09519534029360532
0.9358625412866094,0.725319917635996,0.21054262365061338
-0.5972980448277047,-0.531139954477592,0.06615809035011266
-0.5202157948159595,-0.26447859433270715,0.2557372004832523
0.012504956772817283,-0.09171603865953458,0.10422099543235186
-0.9186686739500803,-0.6899672557942043,0.22870141815587608
-0.9547433984215855,-0.7836308615369051,0.17111253688468042
0.817071818929104,0.5840619535860044,0.23300986534309953
-0.9484622626133692,-0.746094284880457,0.20236797773291215
-0.785764196258903,-0.6460791471540418,0.13968504910486124
0.9747299463846507,0.794476356760805,0.18025358962384574
-0.5549709707148216,-0.35526646863457273,0.19970450208024887
0.9457105455848145,0.7838890831313354,0.16182146245347906
0.9426728161812792,0.7273729592919908,0.21529985688928843
-0.9201022686297531,-0.6949738262960236,0.22512844233372953
-0.8902977644538024,-0.7211500287344755,0.16914773571932684
-0.43017780886065954,-0.47723651894178054,0.047058710081121
-0.8850021176804767,-0.7507529021427305,0.13424921553774616
0.6005370327497946,0.5436800059640462,0.056857026785748443
-0.5096255274946266,-0.3245289396696776,0.18509658782494903
0.3813940328410834,0.372812399185455,0.008581633655628418
0.9507933763561176,0.7433495227780746,0.20744385357804296
0.652895754926427,0.594342339216506,0.05855341570992101
-0.9266040374032813,-0.7433213923129204,0.18328264509036096
-0.9444859408716512,-0.7208100388490294,0.22367590202262178
-0.758141672638468,-0.5391838861409424,0.21895778649752562
0.4727231593066796,0.2721918717471782,0.2005312875595014
-0.9520211465618822,-0.7479142913965279,0.20410685516535432
-0.7504720369040272,-0.5279112488730441,0.22256078803098311
0.8003081380692988,0.5641202103403706,0.23618792772892816
-0.9004498466863893,-0.7600517581338581,0.14039808855253122
0.7849532152899829,0.566653454751226,0.21829976053875688
-0.9150133406611862,-0.7317926377098661,0.1832207029513201
0.4170178102105645,0.2404044058570104,0.1766134043535541
0.8070485380271288,0.6807129453619238,0.126335592665205
0.9466257621135621,0.727687654086895,0.21893810802666713
-0.736237402920164,-0.6174360852079833,0.11880131771218072
0.19069469387231303,0.0598889986584227,0.13080569521389032
0.8818203689318608,0.6523347487690354,0.22948562016282537
-0.9262289301135861,-0.7184948400428928,0.20773409007069332
0.9009047636889522,0.6798280351804759,0.22107672850847637
-0.5044859500166753,-0.47109722921504826,0.033388720801627025
0.302960833083351,0.47865720977970055,0.17569637669634958
-0.9247976106925093,-0.7123557794146902,0.21244183127781913
0.6085839924048869,0.5277721657012561,0.08081182670363085
-0.20754188988099515,0.04089704116130395,0.24843893104229908
0.01498100740034999,-0.09068510175711259,0.10566610915746258
-0.8194930720358751,-0.5851675065017667,0.23432556553410833
-0.3133973850056152,-0.3216763268578928,0.008278941852277621
-0.5348454221335822,-0.34559472898170013,0.1892506931518821
0.2582050370073717,0.28047517936360006,0.022270142356228373
0.720148405209388,0.41937835576719285,0.3007700494421952
0.6110639907890283,0.401097617865204,0.2099663729238243
-0.9398077358933692,-0.720316404565964,0.21949133132740517
0.0948053755742884,-0.0026690109154541065,0.0974743864897425
-0.8330229352069184,-0.7567600654559008,0.07626286975101759
0.9471523072915615,0.7658926388674347,0.18125966842412677
0.34270684928165657,0.15590857709255576,0.1867982721891008
-0.23964674677521475,-0.4740855881477674,0.23443884137255266
-0.7391799595739591,-0.6273121882436323,0.11186777133032677
0.5926139683445061,0.3912041130289152,0.20140985531559086
0.1811612551121222,0.06195039367787345,0.11921086143424875
0.31021025973213723,0.16174570443718644,0.14846455529495078
-0.9434131832605174,-0.7400704215156346,0.20334276174488275
0.061471696648026486,-0.21762467368929075,0.27909637033731727
-0.8263170975070326,-0.603576221144556,0.22274087636247664
0.7493139393459656,0.38532923598720825,0.3639847033587573
0.660553815974667,0.5763829151590346,0.08417090081563239
-0.8963750997880724,-0.5911755262330217,0.3051995735550507
0.9635466163481777,0.8357844642817673,0.1277621520664104
-0.6868906008938622,-0.6010824483742798,0.0858081525195824
-0.9472359630018894,-0.7404848348823949,0.20675112811949448
-0.5279955441738279,-0.4737425209128768,0.054253023260951105
0.14426815556633651,0.1999407859672561,0.055672630400919576
-0.381984687200214,-0.21488380443012356,0.16710088277009044
0.7126920652134264,0.6054442652306382,0.10724779998278822
0.13102867377925248,-0.1980275089477491,0.32905618272700154
0.5552402158250992,0.35761619025802094,0.19762402556707825
0.6964045988728635,0.4803108290206711,0.21609376985219242
0.6269510299779185,0.5554378187658902,0.07151321121202836
0.6314574613468928,0.5485177355826489,0.08293972576424391
-0.12237360759107707,-0.1685666423719852,0.04619303478090814
-0.2471637429062463,-0.48657927824517744,0.23941553533893115
-0.3279824712600378,-0.17964614218499386,0.14833632907504396
0.8070927386724301,0.6741995885386224,0.13289315013380776
0.18327341525909557,0.05885324280831899,0.12442017245077658
-0.2896489462560701,-0.14125130880575296,0.14839763745031712
-0.7390736045449613,-0.5246528532348763,0.21442075131008498
0.6576227188295843,0.2920341548882559,0.36558856394132844
0.9507227927298941,0.7418418475100487,0.20888094521984546
0.7877407770135475,0.5710674126925588,0.21667336432098872
-0.17248723142068942,-0.2257218312316161,0.05323459981092668
0.7432311992307213,0.6343135769060126,0.1089176223247087
0.7195909604382081,0.5101701075106553,0.20942085292755286
0.7182623546404341,0.6126594755611734,0.10560287907926069
-0.7207307247047384,-0.7398967129780953,0.019165988273356915
0.5640030107354687,0.36612548475095363,0.19787752598451502
0.45520897890748746,0.274550516925083,0.18065846198240448
0.945641068436147,0.7442363697847401,0.20140469865140698
-0.26971704214442555,-0.35863433784518306,0.08891729570075751
0.20979007434587726,0.4747445598356586,0.26495448548978134
-0.4944940621703843,-0.4644114754971333,0.030082586673250977
0.9402478013352058,0.7676202571957742,0.1726275441394316
-0.3934066183605378,-0.39038939034926745,0.0030172280112703564
-0.8467851098218426,-0.7322187459806927,0.11456636384114993
-0.428008929306317,-0.25073073427160764,0.17727819503470937
0.8635162961722881,0.6405125496483516,0.2230037465239365
0.8529663068580994,0.5767615528991961,0.2762047539589033
-0.7881253102961903,-0.561389399662466,0.22673591063372422
0.7901723423249551,0.6896135272972632,0.10055881502769193
-0.4275327125200658,-0.39305920990002813,0.03447350262003768
0.24359639828614404,0.1074474265800977,0.13614897170604634
-0.35071704601677056,-0.18705854964969582,0.16365849636707475
-0.38387699029405503,-0.2284154453497404,0.15546154494431463
-0.04261312402207197,0.046757225547439746,0.08937034956951172
0.9463877631422397,0.7549443784509806,0.1914433846912591
0.2627422024466683,0.2834258716684542,0.020683669221785883
0.9170175337129307,0.729772162590001,0.18724537112292972
0.8979013276804435,0.6640239397648966,0.2338773879155469
-0.4639680447262153,-0.4363130365471883,0.027655008179026996
0.0809201758494788,-0.02125459297665983,0.10217476882613863
0.5567220254409699,0.55723388074204,0.0005118553010701188
-0.5926540254194748,-0.5161888834403006,0.0764651419791742
-0.39361545788965896,-0.22722485562375708,0.16639060226590188
-0.5819726418588871,-0.3392856544173587,0.2426869874415284
0.6511800710434734,0.43834778746265146,0.21283228358082196
-0.6579555345263877,-0.4486585054345232,0.20929702909186448
-0.22961124325088167,-0.2804797910036173,0.05086854775273564
-0.4691128510240846,-0.29016936743960786,0.17894348358447676
0.5759947351368778,0.5123424856025562,0.06365224953432158
-0.7205308604051833,-0.4238653044663537,0.29666555593882965
-0.21628414348842478,-0.08779149521138851,0.12849264827703627
0.9484343970607528,0.7325364693030142,0.21589792775773864
0.6255070455309186,0.5413674624404109,0.08413958309050773
-0.9037198869881734,-0.6821965489461517,0.22152333804202173
0.6536258218988601,0.3487315943839644,0.3048942275148957
-0.16068677104279722,0.11212219050407493,0.2728089615468722
-0.6924934590007766,-0.47079431194987004,0.2216991470509066
0.9332357395525545,0.730279707972056,0.20295603158049846
0.8174285750319176,0.5737344590238972,0.24369411600802038
0.8707947273578995,0.6021936717923224,0.2686010555655771
0.8075291785119809,0.6785533929874413,0.1289757855245396
-0.9429688140735014,-0.7250762016425415,0.21789261243095992
0.3251600544087843,0.15337265992366156,0.17178739448512276
-0.4542071564608522,-0.2762789528246987,0.17792820363615347
0.9375320858717662,0.7165128617467722,0.22101922412499397
-0.9215785588801843,-0.7376941392571132,0.183884419623071
-0.6282020297955487,-0.5587075347450169,0.06949449505053185
0.3329242032855027,0.16833698995110213,0.16458721333440057
0.7854430450068959,0.7186231478039883,0.0668198972029076
0.3324437885621317,0.3472545739447,0.014810785382568303
0.9327198887034712,0.7079088838883381,0.22481100481513316
0.8434727948801489,0.6104946997535572,0.23297809512659173
0.02494436057280121,-0.06626015546468259,0.0912045160374838
-0.8617505400208677,-0.7518595456625772,0.10989099435829053
0.9207137951116833,0.689735266907306,0.23097852820437725
-0.14749556187853066,0.06768988287510905,0.2151854447536397
0.7202700583422845,0.40929297827973016,0.31097708006255437
-0.4772382594366423,-0.299103777764234,0.17813448167240825
-0.8882852183035197,-0.7237444967548078,0.1645407215487119
-0.7041422518863678,-0.6011879959007564,0.10295425598561136
-0.37949013120956493,-0.38081991858218883,0.001329787372623903
-0.5267178110524777,-0.4952999889189163,0.031417822133561424
-0.15712225290563095,-0.036505534700957354,0.1206167182046736
0.545520821591432,0.49354814609443154,0.051972675497000465
0.3086815509300734,0.14739824991409464,0.16128330101597874
-0.8340616139709616,-0.5959634532210191,0.2380981607499425
-0.7634993422636872,-0.6477016602329632,0.11579768203072405
0.946636080996933,0.7333300480259388,0.21330603297099415
-0.12128701448936616,0.034597801709729384,0.15588481619909555
-0.5222363411238051,-0.4791180098471204,0.04311833127668474
-0.6157531569457751,-0.5417962421133475,0.07395691483242761
-0.5988459859305811,-0.5303992323415893,0.06844675358899188
0.9120657242524276,0.683594486735686,0.2284712375167416
-0.3060803208040111,-0.315506606148581,0.009426285344569907
-0.4395483921088059,-0.4079468855006375,0.031601506608168406
-0.9038678121016646,-0.6758645716439091,0.22800324045775544
-0.5277695887693739,-0.49273241943781876,0.035037169331555096
0.25763325314726393,0.09633014478838492,0.161303108358879
0.1869955962539014,0.23011452898938348,0.04311893273548206
0.17885927064729548,0.21329830605848507,0.03443903541118959
0.2309839473093979,0.25782929704151164,0.02684534973211375
-0.9660864551740576,-0.771266528736107,0.19481992643795054
-0.9474526068012921,-0.7408881776613772,0.2065644291399149
-0.8634275810103696,-0.6409308473281294,0.2224967336822402
0.8598012402777637,0.6372097569998705,0.22259148327789324
0.8286616276613729,0.5956183034432349,0.233043324218138
-0.932843437304704,-0.6997445436568678,0.2330988936478362
0.3508121465044801,-0.010011680501655108,0.36082382700613524
-0.5927003153809698,-0.39139938408778285,0.20130093129318694
0.1331302045854432,0.014410117866858547,0.11872008671858465
-0.8387764718852968,-0.7115507927510172,0.12722567913427962
0.898083695430912,0.731512681622996,0.16657101380791606
0.39847958632000374,0.24114800161441746,0.15733158470558628
-0.5392007505882387,-0.4823223730773485,0.0568783775108902
-0.5948043361586339,-0.5660118055895406,0.028792530569093366
-0.5960961323506501,-0.6084455100256072,0.01234937767495714
-0.004721162578975906,-0.09395794950763317,0.08923678692865726
-0.17843419284645784,-0.22487940718772917,0.04644521434127133
0.6098849226843697,0.38874978402039895,0.22113513866397072
-0.9372781421698563,-0.7439654579482128,0.1933126842216435
0.17245590774985547,0.22053770022690813,0.04808179247705266
0.9059015328323317,0.7211358333967121,0.1847656994356196
-0.8713616652705359,-0.5788225665759709,0.29253909869456507
0.8705639707371315,0.7887290188211467,0.08183495191598489
0.23957548934119222,0.26011685262280176,0.020541363281609548
-0.6950971370152552,-0.6068030831134149,0.08829405390184031
-0.8164952946063591,-0.5832438154907396,0.2332514791156195
-0.7461584150200233,-0.6297674466679204,0.11639096835210294
-0.47477059818385364,-0.3024674251037138,0.17230317308013982
-0.6217862887910183,-0.5487488365915518,0.07303745219946645
-0.3935641982133489,-0.23464544104466914,0.1589187571686798
-0.09732294045789183,-0.16927030219640563,0.0719473617385138
0.7951002501626823,0.673597536305449,0.12150271385723321
0.7540911357219536,0.5336108545192424,0.22048028120271124
0.5676258797559625,0.5101659349462622,0.05745994480970029
-0.27246667248370093,-0.021882610905736944,0.250584061577964
-0.6333003852391519,-0.553002019065201,0.08029836617395092
-0.035205683895688816,0.0444742803030294,0.07967996419871821
0.910512016800109,0.6827893613699392,0.22772265543016978
0.4086375068703972,0.40369571671317933,0.004941790157217851
0.8639801339560432,0.6301815375219447,0.2337985964340985
-0.09247427834739672,-0.16422342465160808,0.07174914630421136
-0.6608128489396722,-0.4470684800366061,0.21374436890306608
0.7493350553551582,0.5017256209790292,0.24760943437612903
-0.9027472267457453,-0.6661569028513659,0.2365903238943794
0.038455677322058734,0.3482703912551851,0.3098147139331264
0.8715381836790334,0.6461611933783482,0.22537699030068514
-0.17248962226954034,0.0013454276508398002,0.17383504992038015
-0.1857089969405559,-0.2200634974086334,0.0343545004680775
-0.8216788730170139,-0.5937708085120346,0.22790806450497936
-0.6388839372072015,-0.42352410324863404,0.21535983395856745
0.18215564161536346,0.05939482655676205,0.12276081505860141
0.8737639223749982,0.6049243225886742,0.268839599786324
-0.8860657604732176,-0.7565527671281586,0.12951299334505906
0.9455208217233699,0.7251928855684966,0.22032793615487334
0.12528389094710296,0.17893267841324811,0.053648787466145154
-0.009353948474261938,0.07675209357769545,0.08610604205195739
-0.854795121853018,-0.69968433020821,0.155110791644808
-0.9396694634782956,-0.7863980582926828,0.15327140518561277
0.9235552376656482,0.7015098586318919,0.22204537903375632
0.9169576290568128,0.7265844684463781,0.19037316061043463
-0.5403977733453013,-0.35201197818124763,0.18838579516405363
-0.8931142089397499,-0.6637248282036488,0.22938938073610116
-0.5386508134586718,-0.3545279618104971,0.1841228516481747
-0.4808702658794795,-0.3042007895479315,0.176669476331548
-0.8892645902223888,-0.7152009892302861,0.17406360099210272
0.8690601349522814,0.6910047318824118,0.17805540306986956
0.6650877537901884,0.4512943651871632,0.21379338860302516
-0.5949955306402772,-0.39717735148807143,0.1978181791522058
0.4874702973900029,0.3005914351775007,0.18687886221250222
0.704694583372435,0.594623980871333,0.11007060250110201
0.7957325920109989,0.5037203401915391,0.2920122518194598
-0.8338419027371059,-0.5759581654727205,0.2578837372643854
-0.8685209625609083,-0.6403813443762896,0.2281396181846187
-0.9231983059879318,-0.6998202849834679,0.2233780210044639
-0.8713479587762737,-0.604720807745732,0.2666271510305417
0.8726448201209905,0.6987863261885922,0.17385849393239838
0.8599998284737286,0.6223517896785938,0.23764803879513474
0.012387824582371077,0.09492207333933508,0.08253424875696401
0.47588790182918,0.4343631327009572,0.04152476912822278
0.9215484899141759,0.7458448692995137,0.17570362061466227
0.6652856010131112,0.44578072484014036,0.21950487617297082
-0.4438343054698388,-0.4629095315201252,0.019075226050286387
0.9352932099725808,0.7305621460559488,0.20473106391663198
0.7879324467002329,0.6559192108355664,0.1320132358646665
0.5710368804743722,0.38345061487667026,0.18758626559770192
-0.9356282794759384,-0.7055186879084121,0.2301095915675263
-0.28750094416180366,-0.29187005028563345,0.004369106123829791
0.29557897321862453,0.09450168957949441,0.20107728363913013
0.10542316514950435,0.0042261961026046615,0.10119696904689969
0.9106927046835411,0.6879489768708703,0.22274372781267082
0.6761625745992633,0.6490760713549127,0.02708650324435058
-0.3153644125905129,-0.3330824020133748,0.0177179894228619
-0.9515482898008107,-0.8323498431776712,0.1191984466231395
0.8508422114541389,0.6081268654067038,0.24271534604743505
0.6961075496750038,0.47602158575604875,0.22008596391895502
-0.8283623895273159,-0.686638452916684,0.14172393661063187
-0.9064893099170198,-0.7794849899848378,0.12700431993218197
-0.7051376301434227,-0.48475111504546076,0.22038651509796192
-0.042254052811684255,0.046302903162780136,0.08855695597446439
-0.856013636957693,-0.7425672532909325,0.11344638366676041
-0.29118467190676617,-0.3074991181172339,0.016314446210467737
0.4107933789795234,0.24395462133809243,0.16683875764143097
0.787185510944439,0.6620824261752302,0.12510308476920884
0.5743561322211941,0.3770529921890356,0.19730314003215849
-0.7415129874739006,-0.5159812664492512,0.22553172102464936
0.1855366968219183,0.06528436975707198,0.12025232706484633
0.7480320796783635,0.6924537722716185,0.055578307406744965
-0.4532744239090463,-0.4393920152506458,0.013882408658400514
0.9377843008366268,0.7216401741750031,0.21614412666162364
0.005917689900334975,0.24945971768421707,0.2435420277838821
-0.7635701437175123,-0.5374967665613061,0.22607337715620623
-0.057319965888327114,0.04627071900699935,0.10359068489532647
0.4336833502722515,0.16732246045025626,0.26636088982199524
-0.7458763573843097,-0.5279087602691128,0.21796759711519686
0.44902971535806935,0.23029098004426068,0.21873873531380866
-0.8918307137695719,-0.6690295214198453,0.22280119234972662
-0.3728334338952709,-0.18588126184194886,0.18695217205332204
-0.6369135170586298,-0.4242617479780983,0.21265176908053146
-0.4180465119876035,-0.40798697951090024,0.01005953247670327
0.3233842266058086,0.32937077725208086,0.005986550646272237
0.913996603776617,0.6909796604413171,0.22301694333529987
-0.6955026449659643,-0.5967044311008709,0.09879821386509335
-0.6248001981729479,-0.4176286525660813,0.20717154560686657
-0.9476542932389057,-0.725177612391691,0.22247668084721473
-0.4193376853000401,-0.617433435901923,0.1980957506018829
-0.5613558797033658,-0.32096394413271667,0.24039193557064908
0.7332590487197412,0.5076603227328458,0.22559872598689545
-0.671391173074108,-0.46029918486921406,0.21109198820489394
0.031003637030807496,0.10621004178612542,0.07520640475531792
0.3266056979443322,0.41994616080675806,0.09334046286242587
-0.2924953484556189,-0.13227372434235674,0.16022162411326218
-0.8496700005429841,-0.6227434967417393,0.2269265038012448
-0.7784771010555188,-0.5518632022143402,0.22661389884117866
0.6679165235803242,0.565574075101065,0.10234244847925911
-0.780501401666275,-0.7004520423493241,0.0800493593169509
0.8376186405481224,0.6936517608836011,0.14396687966452126
-0.26968710629918724,-0.08932477579626995,0.18036233050291728
-0.6341165650592915,-0.4415483147487171,0.1925682503105744
-0.9143812662756737,-0.6705222832668201,0.24385898300885367
-0.8377707682460798,-0.5742243581172444,0.2635464101288354
0.2643160205676592,0.011410118163378408,0.2529059024042808
0.9675818452301073,0.7988163289048547,0.1687655163252526
-0.40864933243099283,-0.24089036846379633,0.1677589639671965
-0.6677094255742322,-0.45437679432873773,0.21333263124549445
-0.9551598178737408,-0.7730618886007262,0.1820979292730146
-0.5048795979933948,-0.3289763938772675,0.17590320411612725
-0.9241893306294928,-0.6858341077069069,0.23835522292258593
0.8850256309347292,0.652294803107733,0.23273082782699617
-0.962738799056117,-0.8254009478024901,0.13733785125362696
-0.9526671295457133,-0.7585652811581456,0.19410184838756772
-0.9153052627981504,-0.6953333235146107,0.21997193928353964
0.9778583819404043,0.8347815690173843,0.14307681292302
0.05848373633982818,-0.04338370904697423,0.10186744538680241
-0.6834365154209014,-0.5808716262285015,0.10256488919239992
0.48608503395085617,0.3016602356050342,0.18442479834582198
0.08829459218430732,0.15098722323920988,0.06269263105490255
0.9468036512144088,0.7237501597741225,0.2230534914402863
0.6140271002886454,0.4150988576852105,0.1989282426034349
0.5740962901366239,0.38154660510414473,0.19254968503247916
-0.3352671131533955,-0.3524838566137242,0.0172167434603287
-0.36252912709766916,-0.37206587772794936,0.0095367506302802
0.05856309184105196,-0.060904651112015255,0.11946774295306722
0.7766768815891424,0.5529246139889257,0.22375226760021671
0.7974783225820509,0.653020163911482,0.14445815867056888
-0.5603760168957069,-0.6506108269481646,0.0902348100524577
-0.6147987144630891,-0.543896814309712,0.07090190015337705
0.541893448670489,0.24440420489562367,0.2974892437748654
0.9360084255502062,0.7870109272065755,0.14899749834363074
0.2693963222823253,0.2903055113295603,0.02090918904723499
-0.30026899621277664,-0.15461396245656228,0.14565503375621436
-0.6002337085051667,-0.39387142104190737,0.2063622874632593
-0.893732507008294,-0.7169223916204225,0.1768101153878715
-0.9475341469587018,-0.7393753247712372,0.2081588221874645
-0.6520183764783875,-0.6026074288375483,0.0494109476408392
0.883162822347883,0.7112518412381273,0.17191098110975567
0.24454651717119083,0.26520969073824496,0.020663173567054133
-0.9236942231373837,-0.68242745193328,0.24126677120410367
0.8026664335594966,0.5782827720040847,0.2243836615554119
-0.62058094445192,-0.5202814317824044,0.10029951266951564
0.38122113037260696,0.3798255248086883,0.001395605563918656
0.8372534536236809,0.6834779734448543,0.15377548017882658
0.8893907870771761,0.7166588936144486,0.17273189346272755
0.5966694747485733,0.3977375981954464,0.19893187655312694
-0.03709441139875079,0.059630757507967466,0.09672516890671826
0.25627559280020246,0.10766288680964074,0.1486127059905617
-0.8138067563878115,-0.545812203067783,0.26799455332002853
-0.04507031518036596,-0.11450246019868815,0.06943214501832219
0.6375825746202934,0.5563198085922856,0.08126276602800786
-0.36385083042846916,-0.21134454094797175,0.1525062894804974
0.9003191529316076,0.6014551916096553,0.29886396132195225
-0.5768316138231292,-0.5244112530300523,0.05242036079307688
0.6877769275664153,0.46334111912269876,0.22443580844371652
0.677520605743835,0.594184810345052,0.083335795398783
0.8200593248055014,0.6808714545344488,0.13918787027105262
-0.04637150454207934,0.05341860606311977,0.0997901106051991
0.27199169045784993,0.28245673501287066,0.01046504455502073
0.8662265694331486,0.6972542300024224,0.1689723394307262
-0.21860441483697876,-0.24975392264341306,0.0311495078064343
0.725739404132207,0.6171107231765205,0.10862868095568656
0.3254117045413982,0.05528333306291851,0.2701283714784797
0.45981090994145185,0.6586092942767451,0.19879838433529323
0.6809008315670213,0.47467503828121155,0.20622579328580976
0.4045265584251338,0.2251423865120474,0.1793841719130864
0.49045884908362286,0.4525796223262994,0.03787922675732347
-0.957246828723385,-0.7683954828666733,0.1888513458567117
-0.8516065024131241,-0.6233663771843774,0.2282401252287467
-0.1503679878262543,0.08361160040392933,0.2339795882301836
-0.7247185180870647,-0.6154023594433603,0.10931615864370436
0.7161395303404993,0.6589058900868381,0.05723364025366118
0.961165629410285,0.806872950324992,0.1542926790852931
-0.6507831282030628,-0.6378043967743559,0.01297873142870698
0.8689083022402472,0.6397202245841433,0.22918807765610383
-0.1526407773832217,-0.03710506870455663,0.11553570867866508
-0.928217521291323,-0.7362058154984332,0.19201170579288973
-0.08898671299885674,0.02223761966951497,0.11122433266837171
-0.5989656761004971,-0.5248950572422006,0.07407061885829647
0.917096043794267,0.7055853979329438,0.21151064586132318
-0.0669028560261498,0.04038781496246941,0.10729067098861922
0.42530472734671365,0.4661019209774777,0.04079719363076406
-0.6531459445065644,-0.37090695172894184,0.28223899277762254
0.4654862747545581,0.2834723116590494,0.1820139630955087
0.8970762589623742,0.7225118351147755,0.17456442384759874
0.4281419542030463,0.40132961218674046,0.026812342016305835
0.8716408972975405,0.6478066986097979,0.22383419868774257
-0.5179753025731043,-0.29236149503410724,0.22561380753899707
0.7866138488225077,0.6589574482802832,0.1276564005422245
-0.7253746903401288,-0.5076352870538076,0.21773940328632124
-0.16354292911397894,-0.2227979222790909,0.05925499316511196
0.8993396414799151,0.6734118884302195,0.2259277530496956
0.4363122295225986,0.25972784319122605,0.17658438633137258
0.055076450163566826,-0.12561935583133765,0.18069580599490448
0.8274415130238748,0.6091434690087753,0.21829804401509956
-0.8603819563769374,-0.7026953718128532,0.15768658456408413
0.5775559528246578,0.6586891985353354,0.08113324571067759
0.9390423891837039,0.736002868656741,0.20303952052696284
0.6371922501185789,0.5748834555558842,0.06230879456269478
-0.189517230155488,-0.05720730859906708,0.1323099215564209
-0.7120336126775525,-0.4937615467772256,0.21827206590032688
-0.07878799835419374,0.08251004148379971,0.16129803983799346
0.8108490796437932,0.7113987558948782,0.09945032374891494
-0.7753040095238746,-0.6542533637247092,0.12105064579916536
0.2839707863133002,0.14341750761191172,0.14055327870138848
0.9461449791509018,0.7250679319575801,0.22107704719332166
0.9253793915428785,0.7498939679745044,0.17548542356837415
-0.8353206070286588,-0.7403375882504395,0.09498301877821935
0.9089452965191726,0.6869622142515287,0.22198308226764385
-0.4624046211147264,-0.27890162471995567,0.18350299639477075
0.0501926356941661,0.11501430584722078,0.06482167015305468
-0.6887277581085068,-0.5953385309736884,0.09338922713481845
-0.937053940439335,-0.7411943427802179,0.1958595976591171
-0.10040361172186288,0.0013876098177894414,0.10179122153965232
-0.9108241972291338,-0.676062938076929,0.2347612591522048
-0.8985683110018015,-0.7611835621811304,0.1373847488206711
0.28191369574832015,0.3021100381604786,0.020196342412158452
-0.36421027581641363,-0.48310574971564607,0.11889547389923244
0.8105743805541842,0.5810079566895244,0.22956642386465975
0.05989958548536584,-0.039473642472366566,0.0993732279577324
-0.8027885159671171,-0.7255612081722096,0.0772273077949075
0.7448721706357021,0.5252596378741331,0.219612532761569
-0.004807914629707831,0.07555044871075875,0.08035836334046659
-0.24749595190546164,-0.2751971141565508,0.02770116225108915
-0.7260399072454272,-0.6233279816166988,0.10271192562872844
0.6359602666440888,0.6939049577023791,0.057944691058290365
-0.695131318660069,-0.653727074068437,0.041404244591632056
0.9473557486198816,0.7197027847207518,0.2276529638991298
-0.9564210559609153,-0.8303020946216846,0.12611896133923073
-0.9000240473164981,-0.6766171120882952,0.22340693522820287
0.5897284220663955,0.5317466387931974,0.05798178327319814
-0.7838730649153632,-0.5561068553344317,0.22776620958093152
-0.5312924533688992,-0.48419181379769277,0.047100639571206415
0.46269782469777465,0.2899568233489389,0.17274100134883574
0.7458015446098903,0.6335849694081013,0.11221657520178907
0.8919184740649833,0.7177341438276078,0.17418433023737545
0.06749195621426568,-0.14431749395725005,0.21180945017151573
0.12042881983972792,0.17288263349653255,0.052453813656804626
-0.7804563034214137,-0.6546529683122806,0.1258033351091331
-0.8859929768140296,-0.6598047181733268,0.2261882586407028
0.49081707992575974,0.45323965173549746,0.037577428190262274
0.6139696379595061,0.408607881452551,0.2053617565069551
-0.051469650232025835,0.03773211295597451,0.08920176318800035
-0.7982795792633567,-0.6609134991381794,0.13736608012517726
-0.4469490573620352,-0.26935862259144455,0.17759043477059067
-0.5830657869823984,-0.40447596394679475,0.17858982303560367
0.9031849010304238,0.718209778732314,0.18497512229810986
0.5763163468442356,0.35959677846673854,0.21671956837749706
0.8471508629313457,0.5880869552138251,0.2590639077175205
-0.8905887092151142,-0.7292355373011172,0.161353171913997
-0.8906676471992315,-0.7040885087107014,0.18657913848853014
-0.030417753814058795,0.11507349596564816,0.14549124977970695
-0.7351116378973473,-0.5218875422926649,0.21322409560468247
-0.937913909709039,-0.7514276527489995,0.1864862569600395
-0.94709795617716,-0.7203753638095214,0.2267225923676386
-0.7480107883456241,-0.47999454474241776,0.2680162436032063
0.327046602765919,0.17932481468083553,0.1477217880850835
0.4466337871925304,0.24122242686389195,0.20541136032863844
-0.8114894954272209,-0.6793052653810074,0.1321842300462135
-0.652825030291271,-0.5760639689253445,0.07676106136592653
-0.8934873765785621,-0.7203888401725007,0.17309853640606143
-0.8859307209978182,-0.7183409175647775,0.16758980343304075
-0.6317870679101695,-0.41626752658304594,0.21551954132712353
-0.8083584494439516,-0.6747330274043556,0.13362542203959604
-0.8391026479500807,-0.727834842589785,0.11126780536029568
0.8982462000747622,0.6675725754493571,0.23067362462540508
0.4546689287470349,0.28636286666310673,0.16830606208392818
0.5955142877332175,0.5248725445699952,0.07064174316322225
0.9331536600809709,0.7091712812855778,0.22398237879539307
-0.31232225351595966,-0.3291019231530257,0.016779669637066064
-0.8477663929995543,-0.6268887815469002,0.22087761145265405
-0.3612761654971507,-0.4335694546737578,0.0722932891766071
-0.5593103817327393,-0.4939870687570188,0.06532331297572047
-0.8988983510342186,-0.7155972304163517,0.18330112061786685
-0.9369976895932007,-0.7409254751953677,0.19607221439783307
-0.678953472557254,-0.5710911061872878,0.10786236636996627
-0.8182298920472889,-0.7455398833954864,0.07269000865180253
-0.11020325007735729,-0.15957653385095763,0.04937328377360034
-0.859911632088923,-0.6991729129725746,0.1607387191163484
0.920898028980849,0.6841775695686563,0.23672045941219277
-0.4258164334358991,-0.12586472917668184,0.29995170425921724
0.3171445876484318,0.349461604141838,0.032317016493406236
0.091265495335466,-0.1963225897501021,0.2875880850855681
0.7542850138970623,0.5311604379916598,0.22312457590540247
0.22791434819904552,-0.05276274102595525,0.2806770892250008
0.4523222444252496,0.4269216693343306,0.025400575090918975
-0.8591432222880592,-0.6992034533015027,0.15993976898655649
-0.3579529592379861,-0.07476255377882862,0.28319040545915747
-0.7846840585862085,-0.4407199235018444,0.3439641350843641
-0.9367089530241945,-0.7437014373179718,0.19300751570622277
-0.9403997501705524,-0.7346186809063586,0.20578106926419382
-0.16177418400033797,-0.2202883024403083,0.05851411843997034
-0.5060793671260778,-0.4694811113289957,0.03659825579708209
-0.8879489284321336,-0.7028392255851975,0.18510970284693606
0.7384639946623367,0.5204445665043034,0.21801942815803332
-0.9527843589414962,-0.737671887779537,0.2151124711619592
0.5165747840982168,0.32571704779156413,0.19085773630665265
-0.893677701244082,-0.7243787929385179,0.16929890830556404
0.9136462869361018,0.6729537568663491,0.24069253006975277
-0.9410211439184408,-0.7400224514948939,0.20099869242354695
-0.12946051394143568,-0.18291039322799382,0.053449879286558144
-0.16151138669977352,-0.009104063954165643,0.1524073227456079
0.725021209490219,0.6194229022022192,0.10559830728799979
-0.6973508696997998,-0.49243060088854634,0.20492026881125341
-0.5092814016986936,-0.3209673051643558,0.18831409653433784
-0.5907497244222637,-0.38939920365934805,0.20135052076291565
0.332876379163998,0.12605998509308186,0.20681639407091612
0.5594411612688349,0.4954953370329019,0.06394582423593304
0.809341294899998,0.515291498528789,0.294049796371209
0.9747277892527563,0.8347391743972357,0.1399886148555206
-0.00392035227075584,-0.24595217744071038,0.24203182516995453
-0.5604256559450562,-0.3589651284846019,0.20146052746045434
-0.3364680171995835,-0.3402051605663838,0.003737143366800255
-0.40791051467893585,-0.22949031850694518,0.17842019617199067
0.6851510032688815,0.573916890314066,0.11123411295481545
-0.7520542541143201,-0.6285465462804399,0.12350770783388021
0.3900020067674176,0.3867411338613979,0.003260872906019674
0.6524216114630549,0.4366001725470508,0.21582143891600408
-0.6722189723866451,-0.45994392997820044,0.21227504240844464
-0.4156967611562273,-0.38960576341009334,0.026090997746133937
-0.3625114304226712,-0.21010486772907258,0.15240656269359862
0.9399171126707508,0.7237580464059918,0.216159066264759
0.7638561574752059,0.4646413792275458,0.2992147782476601
0.07949959061595872,0.15004567576490627,0.07054608514894754
0.44543636203383064,0.27512558434123574,0.1703107776925949
0.4342320664431758,0.2518827383393144,0.1823493281038614
0.8954477282085359,0.6615832320176215,0.23386449619091443
-0.7779973248211361,-0.5600991983717458,0.21789812644939033
-0.5353587403762484,-0.33846128444157214,0.19689745593467628
-0.7773125076611056,-0.6515467328028933,0.12576577485821228
0.9293545810373626,0.7516221949277349,0.17773238610962772
-0.819233680168721,-0.5697108866224985,0.24952279354622253
-0.9264264553983164,-0.7397188296058789,0.1867076257924375
0.8745505499825833,0.6208334174329492,0.25371713254963413
0.8914993779446414,0.7182635190604458,0.17323585888419557
0.07688435708170652,-0.018745988659870396,0.09563034574157692
-0.9088223244844158,-0.6801798226402255,0.22864250184419033
-0.6602786071855054,-0.5774060339211614,0.08287257326434394
-0.641776517536276,-0.44141440673302873,0.20036211080324723
-0.8811751656795889,-0.6574499793805196,0.22372518629906923
0.35949282302298086,0.3641034696099502,0.004610646586969358
-0.6250332412110794,-0.4249286585381112,0.2001045826729682
-0.3166832067198668,-0.12987778589885285,0.18680542082101398
0.3136599891565111,0.07375846221971866,0.23990152693679245
-0.938742570603543,-0.7104058041611104,0.22833676644243261
-0.5313740034600773,-0.33793982867872635,0.193434174781351
-0.6863418524976866,-0.46536089034382283,0.2209809621538638
-0.6151967988176696,-0.5387460804475241,0.0764507183701455
-0.004856475537804151,0.0731431238970685,0.07799959943487264
0.7858579558784913,0.5640939863583003,0.22176396952019095
-0.9499994397164461,-0.7411370202422741,0.20886241947417195
0.825410753311776,0.6909037419530712,0.1345070113587048
-0.0315082089071875,-0.26867535533500725,0.23716714642781975
0.09895538631758295,0.16621979650877433,0.06726441019119138
-0.6990257385171367,-0.4903928997871817,0.20863283872995497
0.5876482088334303,0.32002454051228335,0.2676236683211469
-0.868272519815039,-0.650285936192659,0.21798658362238
-0.5770112607649879,-0.3825147099083816,0.19449655085660628
0.6537286183832417,0.5598360747572517,0.09389254362598998
-0.8137153813812281,-0.6623369188865736,0.15137846249465448
-0.370049856089342,-0.17146619685413142,0.19858365923521057
0.8203982374592914,0.5963103965277089,0.22408784093158252
0.476574417884602,0.4866144109915591,0.010039993106957135
-0.839883642008319,-0.688805735925132,0.15107790608318705
-0.9087082867586507,-0.6760916747279608,0.23261661203068984
-0.8762392833575146,-0.638557522467043,0.23768176089047155
-0.3325813852026818,-0.17989339390255688,0.15268799130012495
0.6936447929598688,0.4778911468339433,0.2157536461259255
-0.21036037297316512,0.006253845784615618,0.21661421875778075
-0.5506026475363474,-0.49073076353791273,0.05987188399843463
-0.9458466456502536,-0.7412246381147231,0.2046220075355305
-0.7041238568255475,-0.5899627890814183,0.11416106774412915
0.2555650633838383,0.35777654944817067,0.10221148606433239
0.7868356165737626,0.6928499465276416,0.0939856700461209
-0.9439867547559259,-0.7199356781284171,0.22405107662750878
-0.9013227441465838,-0.6687573310860578,0.23256541306052592
0.9630463640481276,0.8155815639671526,0.14746480008097496
0.5922940803849873,0.56831848220365,0.02397559818133732
-0.9004486231525107,-0.6835987574536272,0.21684986569888354
-0.917533682096679,-0.7158470750207836,0.20168660707589536
0.4459943545777704,0.26368044894652987,0.18231390563124056
0.5734519648207975,0.36876394608403007,0.20468801873676745
-0.8262098014037967,-0.7258998003567015,0.1003100010470952
-0.5270242564850126,-0.22771035205247583,0.2993139044325368
-0.004047795846709108,-0.0905995053798808,0.08655170953317169
-0.942165385438207,-0.7240154808653859,0.21814990457282113
-0.6353160395158252,-0.7376381658209256,0.1023221263051004
0.9380414524168836,0.7251333963112937,0.21290805610558994
0.7505180135396983,0.5366756549274457,0.21384235861225254
-0.6170688424170974,-0.7184544430892005,0.10138560067210312
-0.9376104582170692,-0.6601264215569033,0.27748403666016597
-0.7513288759189004,-0.5158652000835227,0.23546367583537775
-0.7259326913506593,-0.5037431045077013,0.22218958684295798
0.25283025522485847,0.11439120471671911,0.13843905050813937
-0.20634972715848782,-0.23391880898284725,0.027569081824359437
0.931030217102255,0.7044524087461845,0.22657780835607044
0.9704468083433421,0.7777941211248408,0.19265268721850126
-0.3791914094556334,-0.21088393821763377,0.16830747123799963
0.6891865972163052,0.5921883810048904,0.0969982162114148
0.45519040568738917,0.276092208345835,0.1790981973415542
-0.7427169251971586,-0.48881259763181856,0.25390432756534004
0.8401283809224596,0.6807934102781558,0.1593349706443038
-0.19379092093652014,0.060635318585160206,0.25442623952168036
-0.8736667277339307,-0.6536240044360807,0.22004272329785002
-0.9039651267661646,-0.6726883282311662,0.23127679853499838
-0.48417264290257955,-0.4574297440969315,0.026742898805648063
-0.8432125890382077,-0.6319067250780118,0.2113058639601959
-0.41757826340434007,-0.09412362222093622,0.32345464118340383
0.6346496560439436,0.5422184273231894,0.09243122872075427
-0.7069691523277871,-0.48412582746738253,0.2228433248604046
0.9401756690206625,0.7486691366969374,0.19150653232372516
0.4360765495204577,0.41499467907954424,0.021081870440913475
-0.6574622628726341,-0.44824280783876375,0.20921945503387035
-0.9548016495138127,-0.7489869155570241,0.20581473395678862
-0.8998460230515241,-0.66933440243735,0.23051162061417407
0.4923488300048173,0.44994317601396006,0.04240565399085722
0.5349335544966194,0.5542377934465874,0.019304238949968022
0.3380155612256482,0.33425500043312967,0.003760560792518519
-0.9333342457644631,-0.7162579570258314,0.21707628873863172
0.6606348413037753,0.5669320350146629,0.09370280628911232
0.5787879117033488,0.5096221013528214,0.06916581035052738
0.49034359199890404,0.4536061337232024,0.03673745827570163
0.28772353471756684,0.034615587480569074,0.25310794723699775
0.45774340896293775,0.4348917422904534,0.02285166667248434
-0.5514027001472859,-0.6423967588890647,0.0909940587417788
-0.5870817866511664,-0.5267111292166442,0.06037065743452219
-0.9434297635417811,-0.7433784498863332,0.20005131365544793
-0.8049146285482036,-0.5521884749772654,0.2527261535709382
0.13382823611405556,0.19508340952771697,0.06125517341366141
0.7777233764527306,0.6566407512098543,0.12108262524287627
0.20714361638050735,0.2733374269263631,0.06619381054585574
0.43616122437181365,0.47781518800050254,0.041653963628688895
0.6854304696629056,0.44139568929311834,0.2440347803697872
-0.434186255610329,-0.4119715708843499,0.022214684725979095
0.42013003237149843,0.26641560762647126,0.15371442474502717
0.2192280511680631,0.07934566187455026,0.13988238929351282
0.9202526068356557,0.7000528980634514,0.2201997087722043
0.7154876377956818,0.6120363210278775,0.10345131676780428
0.877077108611275,0.6421381027166148,0.2349390058946602
0.9337897634830898,0.8048018712500616,0.1289878922330282
-0.03804451985325054,-0.11556336950549419,0.07751884965224365
-0.6949503522166346,-0.5903814007805198,0.10456895143611478
-0.6787490451384879,-0.43670744310848386,0.24204160203000402
0.08469180765397172,0.1430285012774264,0.05833669362345467
-0.13459790162917287,-0.17763179730868478,0.04303389567951191
0.539852276550174,0.34262508950972004,0.19722718704045394
-0.8405145360068327,-0.6211587422206806,0.2193557937861521
0.04064867071454082,-0.048185461878715925,0.08883413259325675
0.6270234431039295,0.3968562770719568,0.23016716603197274
-0.477992789558668,-0.2974368884100904,0.18055590114857756
0.2806033390112864,0.13896278741222615,0.14164055159906028
0.6292178732537304,0.5495025703525591,0.07971530290117124
0.8699876908448801,0.7168130414242795,0.15317464942060066
0.479751642789766,0.4399424512836284,0.0398091915061376
-0.10465098444080718,0.13563921807771187,0.24029020251851907
0.45749362068754246,0.4579138268564444,0.0004202061689019265
-0.7723255502066982,-0.547003852895975,0.22532169731072327
0.161427301322789,0.038647550515646695,0.12277975080714232
-0.5601270448387123,-0.37134939481885165,0.1887776500198607
-0.9079371489472491,-0.7843608651506092,0.12357628379663987
-0.9075762353641429,-0.6681841144693644,0.23939212089477846
0.3194419113729498,0.3280872180475624,0.008645306674612607
-0.896997830199415,-0.7207589099575641,0.17623892024185095
0.7526288035039495,0.6364800153593542,0.11614878814459528
-0.04388029986030886,-0.10905324586772368,0.06517294600741481
0.7697486969731073,0.5485575114469724,0.22119118552613493
0.832723491056002,0.7718028809950737,0.060920610060928304
-0.3319356724099538,-0.033360792924834334,0.29857487948511946
0.7990680656818183,0.5712199152899303,0.227848150391888
0.684761801199661,0.45597674738455507,0.22878505381510594
-0.6144826661641268,-0.531384225356404,0.08309844080772288
-0.9481806437468686,-0.7233288362144599,0.22485180753240874
-0.4289852565398367,-0.2590362093900165,0.16994904714982023
0.0453559465217648,0.1434858901819693,0.0981299436602045
-0.9211388698611038,-0.7150111204510421,0.20612774941006173
0.9099631227263397,0.6755540260047534,0.23440909672158627
0.9600982675107672,0.8167523774970615,0.14334589001370568
0.8977500921497628,0.6668001550502726,0.2309499370994902
0.9205022351717255,0.6765180958818086,0.2439841392899169
0.935908240041494,0.7284349584011666,0.2074732816403274
-0.3412108223201615,-0.42209618223074846,0.08088535991058698
-0.2154937417111544,-0.2403245395256876,0.024830797814533206
0.16323923629277606,0.03134237905183934,0.13189685724093672
0.38478117270417755,0.2197538679312322,0.16502730477294536
0.851890474077494,0.6299653059045026,0.22192516817299135
-0.5909193979058555,-0.3942980434270619,0.1966213544787936
-0.0908870697743544,-0.161569645234556,0.0706825754602016
-0.6576067173498512,-0.3061365220164013,0.3514701953334499
0.8294908404663116,0.5312130549954062,0.29827778547090544
0.9420667119016174,0.7253932022707507,0.21667350963086673
0.7863024579702749,0.6585479855773054,0.12775447239296944
0.7159883681626807,0.6115420312477298,0.10444633691495098
-0.8277970207069509,-0.6888981948565471,0.1388988258504038
0.9421347166598378,0.754820241832191,0.18731447482764685
-0.8079431585038299,-0.542147625973113,0.26579553253071697
-0.9208472923199166,-0.6937689357251754,0.22707835659474118
-0.7393470885043871,-0.7410051007042395,0.001658012199852399
0.7080778341701578,0.48754052741058307,0.22053730675957472
-0.7235958755804449,-0.594598430782583,0.1289974447978619
0.9484472890742347,0.745948749814172,0.20249853926006267
-0.04087987710418352,0.06315766257678926,0.10403753968097278
0.6827598293890841,0.5804096905557867,0.10235013883329735
0.5621537570731131,0.5035479893872182,0.05860576768589487
-0.39868965410302565,-0.3873663561187799,0.01132329798424575
-0.9495988051115154,-0.7406958438845418,0.2089029612269736
-0.8966551454782689,-0.7616517145457609,0.135003430932508
0.5346444221358237,0.4797485378479886,0.05489588428783515
-0.592024178774536,-0.5170414260969285,0.07498275267760746
-0.9353094349153775,-0.7543473613500193,0.1809620735653582
-0.5922979530695343,-0.5192792551139412,0.07301869795559301
-0.7493542242227126,-0.5164392959901551,0.23291492823255744
-0.862790249376109,-0.6929353312579867,0.16985491811812237
-0.8008748953861177,-0.5984553597782577,0.20241953560785997
0.887101412976215,0.6640563585540188,0.22304505442219624
0.723023548664603,0.6161886534579853,0.10683489520661771
0.9597893014028429,0.8047897072906318,0.1549995941122111
0.5927100519236498,0.3588632661579846,0.2338467857656652
0.17980381682661095,0.22640755067842258,0.04660373385181163
0.946838499452419,0.7418219967528884,0.20501650269953064
-0.480657746674906,-0.30736173435897124,0.17329601231593478
0.8477855750006773,0.6538695775835497,0.19391599741712762
0.3602226540954556,0.16639729764304154,0.19382535645241408
-0.27777198331809533,-0.13190124036577267,0.14587074295232266
-0.3037575677942929,-0.03921025569796331,0.2645473120963296
0.9669352261129125,0.7840872547515514,0.1828479713613611
0.3393854422510956,0.3306311466085553,0.008754295642540322
0.41197028762163085,0.6170049622117888,0.20503467459015795
-0.7395364588069678,-0.6380405026332897,0.10149595617367813
0.27439066375292565,0.10133509898571222,0.17305556476721343
-0.22839430460005794,-0.09593997732644224,0.1324543272736157
-0.9482247393832969,-0.7855873013346532,0.16263743804864372
-0.40751816000592145,-0.23574997305427725,0.1717681869516442
-0.5042763395062353,-0.302597683264033,0.20167865624220227
-0.7868130987675113,-0.560290536189027,0.22652256257848424
-0.16141798540820348,-0.045263636451687794,0.11615434895651569
-0.06353260254490177,0.04120018802755262,0.10473279057245438
0.8170931991799584,0.5922463839445236,0.22484681523543482
0.5472703082228936,0.70770804589388,0.16043773767098646
-0.45523983663089257,-0.4363244888272248,0.01891534780366777
-0.8755733329462861,-0.7171571603519552,0.15841617259433094
0.06842783022199563,0.4117439205936366,0.343316090371641
0.6769451436885495,0.5765566848671209,0.10038845882142866
-0.8834872435612063,-0.6512964290375713,0.232190814523635
0.11692877007494837,0.21715804156072058,0.10022927148577221
0.35500499349946285,0.3575244760818234,0.002519482582360566
-0.37753507318735385,-0.3688379578047213,0.00869711538263257
-0.40990953676831904,-0.3965159433833941,0.013393593384924962
0.9105516060997372,0.7661497332022533,0.14440187289748385
-0.45433791466141293,-0.28448094200860935,0.16985697265280358
-0.8288165706441964,-0.6054381379388337,0.22337843270536273
-0.2526975355485542,-0.08402518116525912,0.16867235438329506
-0.9434627107784636,-0.7376201342869839,0.20584257649147963
0.6995355845569164,0.47152334152399616,0.22801224303292028
0.1816779183635748,0.2248251681717068,0.043147249808132004
0.07044406422997873,-0.041584945643610385,0.11202900987358912
0.3628867715722444,0.20870735282919234,0.15417941874305208
0.8814346008930968,0.5972063133517258,0.28422828754137097
-0.9170744990395654,-0.6909662768212255,0.22610822221833993
0.6609397071997528,0.45872077497179753,0.20221893222795528
-0.6560300270545651,-0.5711019408011541,0.08492808625341108
0.8707672185894367,0.7138864863421984,0.1568807322472383
-0.7570522320294332,-0.5335935584298674,0.22345867359956573
0.9647067427950929,0.7798556624554526,0.18485108033964037
-0.2765595711293858,-0.29034827703665095,0.013788705907265164
0.69122882852873,0.481164733525308,0.21006409500342205
-0.10415856451138868,-0.15949357110764675,0.05533500659625808
-0.4522700860033497,-0.2715982768612032,0.18067180914214653
0.13562090387721062,0.18012201127824332,0.04450110740103269
0.052154123225511904,0.16592424381494478,0.11377012058943287
-0.9170960437926936,-0.718418620652049,0.19867742314064463
-0.9226836547933572,-0.7327129837541972,0.18997067103916
-0.8900011391190387,-0.6602634014448362,0.22973773767420247
-0.9388556756159756,-0.8138318087610681,0.12502386685490752
-0.06360312265449247,0.03398888701820781,0.09759200967270029
0.9123088711570858,0.6961444416191852,0.2161644295379006
-0.774919637317617,-0.6405446974015481,0.13437493991606897
0.7628824728474972,0.7011638056922306,0.06171866715526664
0.9441062781254901,0.7549403982584652,0.18916587986702493
-0.6455149262211032,-0.5641590090607143,0.08135591716038892
-0.38547020912150853,-0.3722153522124056,0.013254856909102941
-0.8804518482825967,-0.5748352466822282,0.3056166016003685
0.9131521823838242,0.7249172387048244,0.18823494367899984
-0.143781843891109,0.04236440341012189,0.18614624730123092
-0.9469818467623616,-0.7335969044997154,0.21338494226264626
0.036545149312104445,-0.09907430842071538,0.13561945773281983
-0.8852884571233378,-0.6355353055809161,0.24975315154242173
-0.2282941833917137,-0.28328061886538886,0.054986435473675155
0.7506538480316287,0.5564808691543892,0.1941729788772395
-0.24267259732203875,-0.26764165255718075,0.024969055235142007
0.9010666159419898,0.6878957526995546,0.21317086324243517
-0.2852977213560227,0.025295873899963992,0.31059359525598673
0.9055275842941111,0.7306400800071635,0.17488750428694755
-0.5720504057245802,-0.2705497056110887,0.3015007001134915
0.948760505100944,0.7345953703346775,0.21416513476626653
-0.20182291486785328,-0.23215844764152635,0.03033553277367307
-0.7756668502720936,-0.6386515775165799,0.13701527275551373
0.6702501227000796,0.5862425550568311,0.08400756764324846
-0.8053763913692538,-0.5831340394098827,0.22224235195937103
-0.5463521112778458,-0.4882525044827057,0.05809960679514009
0.21272912774498604,0.3662034520834836,0.15347432433849756
-0.006485314734076145,-0.14735446867500207,0.14086915394092592
-0.8108564344044262,-0.5869871869758749,0.2238692474285513
0.04399031336313462,-0.1353965207794139,0.17938683414254852
-0.7927473459637104,-0.49884797465732544,0.293899371306385
0.8410129310295305,0.6951261494022107,0.14588678162731972
0.9380972056469656,0.7229884234261015,0.21510878222086416
0.946675319041377,0.784319687430812,0.162355631610565
-0.936360322636274,-0.7490137716446781,0.18734655099159592
-0.43373127965302405,-0.2601475714006874,0.17358370825233665
0.4300029101133528,0.24705997719964592,0.18294293291370686
0.20472885406639316,0.23555979962711332,0.030830945560720163
0.9683565049171922,0.8244182796514321,0.14393822526576006
-0.9598209759076285,-0.7651506859284954,0.19467028997913305
-0.7741837251734122,-0.5195749124020855,0.25460881277132663
0.6011467223416325,0.5294223156475625,0.07172440669406999
-0.9453482337816803,-0.7275416237435947,0.21780661003808566
-0.5486549283750243,-0.5025265125795281,0.0461284157954962
-0.10794267321496297,-0.010914474439637377,0.09702819877532559
-0.5989281173865233,-0.3926412353861373,0.20628688200038597
0.09594915342461027,0.1628577335370834,0.06690858011247314
-0.9526243200739669,-0.7571456560045667,0.19547866406940018
-0.4819874844610002,-0.4559310203225835,0.026056464138416724
0.1924607300586865,-0.10722999773583859,0.2996907277945251
-0.41856500900744203,-0.24243251755749545,0.17613249144994658
-0.8681783868348354,-0.7464185788660608,0.12175980796877461
0.46648648613509497,0.28907307690633716,0.1774134092287578
0.43274063354861086,0.41066159495695265,0.022079038591658218
0.4282809073446465,0.257664666854897,0.17061624048974955
-0.9007366172243112,-0.6584546216667627,0.24228199555754848
0.7247653997559804,0.5106893504209945,0.21407604933498592
0.8634182913830426,0.6272749487570689,0.2361433426259737
0.8477503080185939,0.5940662330359125,0.2536840749826813
0.9272352633494195,0.7253195388424312,0.20191572450698836
0.9352204044572188,0.7092500615250805,0.22597034293213825
-0.8449392151844902,-0.7417138738344979,0.10322534134999228
-0.6007319574956925,-0.5332139693254702,0.06751798817022236
0.1554570320294674,0.20887482112041464,0.05341778909094724
0.0031947388381127475,-0.049652890615192694,0.05284762945330544
-0.39380300119261424,-0.16223080297475925,0.231572198217855
-0.8784746366166366,-0.6474720625417927,0.23100257407484392
0.7850022734572366,0.6631255753049348,0.12187669815230184
0.5758315611745483,0.37459608160431923,0.20123547957022903
0.737949982621953,0.4582219858390251,0.27972799678292787
-0.09158430581255059,0.010694454321650951,0.10227876013420154
0.06806179893082982,-0.02721927609812124,0.09528107502895106
0.1491167322829558,0.2370130390301035,0.08789630674714771
-0.5721364128721946,-0.3413461168376458,0.23079029603454881
-0.8808979797208134,-0.7179404938674994,0.16295748585331404
-0.4373982736394673,-0.4608939058181421,0.023495632178674786
-0.9452372206829419,-0.7147922055397091,0.2304450151432328
0.5129343935380091,0.47572865353803,0.03720573999997906
-0.3586870620325102,-0.19581893279639404,0.16286812923611618
-0.776237732480274,-0.5586006965883337,0.21763703589194028
-0.50984526859045,-0.45119643521209774,0.05864883337835225
0.9412279671936189,0.7228189969281459,0.218408970265473
0.10541102229868056,0.15995293937234079,0.054541917073660226
-0.42285782598018834,-0.5473479408535399,0.12449011487335154
0.17205436316466996,-0.062229250818055075,0.23428361398272504
0.8146348536850002,0.6705856910536754,0.14404916263132483
0.9468271415182979,0.6798444722269043,0.2669826692913937
-0.06031553158315414,0.035178623030167444,0.09549415461332159
-0.6495451843943036,-0.4411646413917569,0.20838054300254677
0.6308072119668514,0.5463017362242951,0.08450547574255629
0.8582740278454847,0.704678273181711,0.15359575466377373
-0.9435212732310291,-0.7121896331041405,0.23133164012688856
-0.9144988801672498,-0.7304759157181543,0.1840229644490955
0.0015102768730428158,0.09786177340064814,0.09635149652760533
0.2898296232622735,-0.02146534802434595,0.3112949712866195
-0.3611342674338364,-0.1950455475935977,0.1660887198402387
0.6684466769355631,0.585416378630099,0.08303029830546416
-0.8930089528127008,-0.7231572086421585,0.16985174417054227
-0.6694231826426856,-0.4365184495254071,0.23290473311727855
0.19206433482007343,0.05831095373705815,0.13375338108301527
-0.6266066134855615,-0.42799688282395226,0.1986097306616092
0.8974946197311677,0.7251877641121173,0.17230685561905046
0.8414651388373846,0.7484054712264869,0.09305966761089768
0.869286688880945,0.7407429838659979,0.12854370501494705
-0.9663686326462244,-0.7648825272756743,0.20148610537055012
-0.8104429086795412,-0.6614696953037169,0.14897321337582425
-0.9515915010834116,-0.7521538584440686,0.19943764263934305
0.6156928886256047,0.5533717332198372,0.06232115540576744
-0.07630446499371243,-0.3573390511269061,0.28103458613319365
0.31971304746659596,0.46820482414600667,0.14849177667941071
0.05533568260257333,0.31939446862845633,0.264058786025883
0.26636087331500236,0.28783688190121565,0.02147600858621329
-0.9134871853197174,-0.6862669917948323,0.2272201935248851
0.596792396144748,0.6923794467608549,0.09558705061610695
-0.9141596965476546,-0.6876070652582831,0.22655263128937153
-0.07817261127950748,-0.1444990017959753,0.06632639051646783
-0.9419663315360277,-0.7301680630817501,0.21179826845427763
-0.5639928253311313,-0.3682899432296803,0.19570288210145098
0.6017964755924198,0.40287154461048796,0.1989249309819318
-0.4306746044722047,-0.4148336410720058,0.01584096340019886
-0.7743137988192895,-0.5573024575127495,0.21701134130653998
-0.0624179205117855,-0.12699943256059218,0.06458151204880669
-0.33330484170992525,-0.3353132459700536,0.002008404260128327
-0.4067070898360064,-0.3874448967207866,0.019262193115219817
0.48143606074407524,0.4463522601867263,0.03508380055734894
0.9460214379994005,0.7350984633408884,0.21092297465851217
-0.8011324260414998,-0.4725266577117329,0.3286057683297669
-0.6735032708586562,-0.6431638449589613,0.03033942589969496
0.5175461443560216,0.4699165230280005,0.04762962132802112
0.5610956992934629,0.5102859791942953,0.05080972009916762
0.5023222945001139,0.45762556874379107,0.04469672575632283
-0.19936490390055786,0.12122738457220623,0.3205922884727641
-0.5818390235059288,-0.38689737519137196,0.1949416483145568
-0.7913131224658154,-0.5690110001515688,0.22230212231424662
0.7872150449142354,0.7575222441212731,0.029692800792962326
0.9489177894063222,0.8154997308444588,0.1334180585618634
-0.899207351668002,-0.7426086905439492,0.15659866112405285
-0.36083751901774846,-0.3783580363814324,0.01752051736368393
0.13998130719596152,0.004312488811892469,0.13566881838406905
-0.01439360744123041,-0.21093981698709668,0.19654620954586627
-0.5265166551331384,-0.3343406816122959,0.19217597352084248
-0.1710894454221265,-0.21829763272205657,0.047208187299930066
-0.6871040871274099,-0.5836793113839946,0.10342477574341524
0.41790787383712014,0.06038184759391729,0.35752602624320284
-0.9426854943995275,-0.7574775400037105,0.18520795439581705
-0.8541761412124402,-0.7183625148502637,0.13581362636217653
0.8362013597941156,0.6843577773839885,0.15184358241012708
0.5673819137743336,0.5802323993482428,0.01285048557390922
-0.6864010626527101,-0.46212261648365277,0.2242784461690573
-0.9164031368116783,-0.6751959754550143,0.24120716135666398
-0.049246673684629275,0.04317477775245341,0.09242145143708269
-0.8097494707336541,-0.6750993213289278,0.1346501494047263
0.06372570446787602,-0.03560199233625399,0.09932769680413
-0.4836363790863791,-0.44225551409799596,0.041380864988383115
0.7315988065781329,0.7352349728478205,0.0036361662696875463
-0.9572772462956839,-0.7658117821294665,0.19146546416621735
-0.7496970403295208,-0.5144744158864072,0.2352226244431136
0.37650834747542844,0.15066040989677104,0.2258479375786574
-0.637989761119969,-0.5642331498033735,0.0737566113165955
-0.5056364343070614,-0.47535066936980697,0.030285764937254434
-0.5150045457290106,-0.46514452492419145,0.049860020804819105
0.9283681933015036,0.7033380058293397,0.22503018747216386
0.6917637946440361,0.5757020206573823,0.11606177398665385
0.9477389188063667,0.7343559904984032,0.21338292830796357
-0.11153818370017873,-0.010429498507190087,0.10110868519298864
0.9224293261792555,0.7288097105640923,0.19361961561516328
0.9462362279689205,0.7242745555256878,0.22196167244323273
0.9465009878912187,0.7304221281385519,0.21607885975266683
-0.9037021452156756,-0.7201579303593645,0.18354421485631112
0.7591880269099398,0.6375128961623697,0.12167513074757008
0.5903044171683934,0.5234780052613918,0.06682641190700167
-0.12132110136674941,-0.17158528508470555,0.05026418371795614
-0.6480079525460274,-0.5652176412493227,0.08279031129670467
-0.4482551896209486,-0.27084621676216436,0.17740897285878426
-0.19910414336160384,-0.23104738891282256,0.03194324555121872
-0.9349371412056426,-0.7330492957106525,0.20188784549499017
0.193156764246601,0.23514919583740862,0.04199243159080762
-0.6750486186942409,-0.40297225647027257,0.27207636222396836
0.9230710694113148,0.6927254290245604,0.23034564038675442
-0.18272281539361512,-0.05709926488762551,0.1256235505059896
0.8476194649699385,0.6095893217686552,0.23803014320128324
-0.07151422784715293,0.010324535371501376,0.08183876321865431
0.3964860554566653,0.06961403106161994,0.32687202439504537
-0.416092980340346,-0.23489383222975177,0.1811991481105942
-0.8107207995840037,-0.6626545419001759,0.14806625768382775
-0.35438176409214295,-0.18566657038947726,0.1687151937026657
-0.37990325547625114,-0.22542919136107045,0.1544740641151807
-0.5482612577070141,-0.48464766566228695,0.06361359204472711
-0.6913423520536555,-0.6130204903655633,0.07832186168809219
-0.9482588113163638,-0.7328053208476465,0.2154534904687173
-0.18994941088871828,-0.003981241048462853,0.18596816984025544
0.8670321588224441,0.7027427622210479,0.1642893966013962
0.029866307465957465,0.1123680896888784,0.08250178222292094
-0.7030285102068344,-0.612661870974299,0.0903666392325354
0.13057144195307302,0.1767581464133455,0.04618670446027248
0.27109454415494405,0.13181935820172988,0.13927518595321417
-0.2528302552233202,-0.11267642834212713,0.14015382688119307
-0.9344718406014131,-0.7212410328088833,0.2132308077925298
0.9440559575337956,0.7196722022127279,0.2243837553210677
-0.6358647167064523,-0.42498674585662216,0.21087797084983012
0.6883438991661273,0.473815531399334,0.21452836776679324
0.8442812054235772,0.616382467368634,0.2278987380549432
0.898457449191982,0.7363926165521533,0.16206483263982874
0.38943595010525345,0.37762527781658306,0.011810672288670387
0.2678810664815689,0.11922263467648635,0.14865843180508254
-0.9466964276741088,-0.7232193147353593,0.2234771129387495
-0.32809621409828843,-0.03764661195287908,0.2904496021454094
0.9442727041951696,0.7265122533031366,0.217760450892033
0.8453846532265502,0.6925006990107959,0.1528839542157543
-0.47138830533621195,-0.4476817847469906,0.023706520589221347
-0.8062215613298707,-0.5795174312331736,0.2267041300966971
-0.9480181404103942,-0.7375773641360657,0.21044077627432856
-0.9060925447251846,-0.6728076242493628,0.23328492047582183
-0.5631091201624344,-0.5085757749507895,0.05453334521164488
0.07143483768709803,-0.047774485175513026,0.11920932286261106
-0.40365786344727766,-0.2453704927710553,0.15828737067622237
-0.058121833095362965,-0.13130275947003472,0.07318092637467176
0.3318179717720765,0.18107444853842877,0.15074352323364773
-0.9480562518859106,-0.7436269456518129,0.20442930623409772
-0.941434253557042,-0.7328710776795119,0.20856317587753015
-0.6358471605848363,-0.4839657135680126,0.15188144701682366
0.665814568021018,0.45988654278483854,0.20592802523617948
0.05731052523175999,-0.04442147187370432,0.10173199710546431
-0.699732522737862,-0.44880697298684585,0.25092554975101616
0.8059878614373777,0.5295784844041073,0.2764093770332704
-0.9274509479480301,-0.6912528268262695,0.23619812112176053
-0.8335720669416896,-0.6854455290253468,0.14812653791634278
0.9285531491389907,0.750465132345255,0.17808801679373565
0.9256309657961691,0.7677245877377515,0.15790637805841756
0.3129380486591063,0.1656317124463887,0.1473063362127176
-0.8925958092688848,-0.6662655169983054,0.22633029227057944
0.5224252619820119,0.3352713484019856,0.1871539135800263
0.9589708713746529,0.7559739704213839,0.20299690095326894
0.7911649748181785,0.5660580421997883,0.2251069326183902
-0.1402129789902339,0.18879627312460706,0.329009252114841
-0.3359319482206185,-0.17196795365311718,0.16396399456750133
-0.28545505962500367,-0.3098940547255372,0.024438995100533545
-0.7074569175363925,-0.5987423005301801,0.10871461700621243
0.7409604083118738,0.6170410648370274,0.12391934347484646
0.7390902804948372,0.6347270005162851,0.1043632799785521
-0.20349075047844079,-0.07901227509578346,0.12447847538265733
-0.11376354134435891,-0.1805910236002873,0.0668274822559284
-0.9105901582504392,-0.7308053259346824,0.17978483231575682
-0.07126468032479547,0.04914441128088706,0.12040909160568253
0.9277923724951392,0.700834288663668,0.2269580838314712
-0.42527361201827757,-0.4006559989679113,0.02461761305036625
-0.4692686437099065,-0.4324870325332585,0.03678161117664802
0.16140922744742575,-0.045687500096899855,0.20709672754432562
-0.3379850287246016,-0.09792769267672213,0.2400573360478795
0.8886690149046728,0.7183392794670171,0.17032973543765562
-0.8177976346857407,-0.7567949015215981,0.06100273316414262
0.8584883228239606,0.6197070377249365,0.23878128509902408
-0.0813538087883441,-0.1471396848045109,0.0657858760161668
0.8471866879768407,0.6269934484480816,0.22019323952875913
-0.9733244873752757,-0.8011581424896485,0.1721663448856272
-0.9179202971655184,-0.7289896342815023,0.18893066288401605
0.7186251959432062,0.6120988025191547,0.10652639342405146
-0.4088555940816579,-0.23622550371260675,0.17263009036905114
0.011453359110208523,0.09450679381577948,0.08305343470557096
0.6710261377095479,0.45548361989098035,0.21554251781856754
-0.565112173860284,-0.3501266783751092,0.21498549548517482
0.6120763007203526,0.5329974156598775,0.07907888506047511
0.5720974311900616,0.23596816023755388,0.3361292709525078
-0.9229434136129736,-0.6963618104301941,0.22658160318277953
0.8499322851789587,0.6223267979488686,0.2276054872300901
0.4516120558726082,0.2823553497220472,0.16925670615056104
-0.3227681783131404,-0.32874696844712625,0.005978790133985834
0.17504031502354153,-0.02153090771685678,0.19657122274039832
-0.32749811937495915,-0.34092134358203824,0.013423224207079087
0.09564426169831862,-0.06619290648749304,0.16183716818581168
0.7738696242085404,0.6416300213914592,0.13223960281708125
0.39868980862717196,0.3842283335637802,0.014461475063391738
-0.7868477060679746,-0.5529558983626051,0.23389180770536955
0.8698533154418966,0.7111621954154754,0.15869112002642116
0.7609793304359626,0.5396371116687951,0.22134221876716742
-0.1955149144136099,-0.04147189419782088,0.15404302021578903
-0.4804961867431266,-0.4572228114851892,0.023273375257937434
0.6884673924741286,0.5956728534885807,0.0927945389855479
0.6266077655550545,0.54080191700945,0.08580584854560447
0.5897510010431668,0.3818234693722129,0.2079275316709539
0.9470726754963898,0.7261381092730229,0.22093456622336693
-0.023640776077963065,0.06438483370113486,0.08802560977909793
-0.9488876626502165,-0.7584887574296246,0.19039890522059189
0.8939058574535906,0.6662116564789328,0.22769420097465787
0.5169483925202109,0.4864986429691842,0.03044974955102664
-0.9010200876034288,-0.6724586197748916,0.22856146782853715
-0.4622276152179356,-0.43896731558891267,0.02326029962902293
-0.4762998118844672,-0.13274477842407112,0.34355503346039606
0.9741243220676501,0.7959618084488705,0.17816251361877955
0.7485072263096206,0.5225007899480109,0.22600643636160977
-0.9122601524146111,-0.695241062950139,0.21701908946447213
-0.40991030584293464,-0.5573560837574889,0.14744577791455427
0.8933412068749753,0.7625296679605172,0.13081153891445807
-0.31778201113713883,-0.17743649543360995,0.14034551570352888
0.688285533373292,0.4996826462955983,0.18860288707769374
-0.6582724982658918,-0.42287269164270097,0.23539980662319088
-0.7785735522089116,-0.5519440305478964,0.22662952166101513
0.93502635286321,0.7720443427334694,0.16298201012974056
-0.9151228618174628,-0.6100521972885994,0.30507066452886344
-0.6944129880743354,-0.4824032810642927,0.21200970701004268
0.05437308046166237,0.14015211295951793,0.08577903249785557
-0.10651598380083183,-0.19012688237547928,0.08361089857464746
-0.6925718725614072,-0.5883320528294289,0.10423981973197827
-0.08694398003248763,-0.16765819582209096,0.08071421578960333
-0.9312287843026228,-0.8233515052610539,0.10787727904156885
-0.7189021242836453,-0.6209609896205656,0.09794113466307974
-0.5315703628526859,-0.2825516029749162,0.24901875987776967
-0.5605128907130489,-0.363163956791837,0.1973489339212119
0.7560538814506972,0.638099998770764,0.11795388267993323
-0.37931454275183324,-0.21345603701997376,0.16585850573185948
-0.8589682682585991,-0.7012660629654972,0.15770220529310186
-0.9239623381527332,-0.7037557548887896,0.2202065832639436
0.9433626380106598,0.7630739980262715,0.18028863998438827
0.7901095586491236,0.5659000164807673,0.2242095421683563
-0.6904245597697951,-0.588585447916151,0.10183911185364414
0.4443360517755533,0.2651600011215552,0.1791760506539981
0.9554077049456748,0.7591023060840835,0.19630539886159137
0.025171611343378128,0.10523238547614686,0.08006077413276873
-0.9024354509956497,-0.6500188846333709,0.2524165663622788
-0.060076059531027674,0.03561741156527719,0.09569347109630486
0.9284114437912564,0.796524727527421,0.1318867162638354
-0.9724195817250861,-0.8333224104960194,0.13909717122906673
-0.7712716388547111,-0.6436376955978906,0.12763394325682043
-0.8640914147008599,-0.7032299371740895,0.16086147752677038
-0.8679324553019067,-0.666385074577565,0.20154738072434164
0.030812648084526384,-0.21044254808064047,0.24125519616516686
-0.8555953284397836,-0.709183203510064,0.14641212492971956
0.33590004165860604,0.17772506275083566,0.15817497890777038
0.14122486843881316,0.187850468909187,0.04662560047037384
-0.22371754859372175,-0.24760808123470904,0.023890532640987283
0.9193208416999075,0.6983167595561202,0.2210040821437873
0.47454701069170996,0.3015460706846658,0.17300094000704413
0.8527725245946934,0.6146260519613247,0.23814647263336874
-0.4737893463177949,-0.4365875843278331,0.03720176198996178
-0.1570065639949466,0.04026230027511294,0.19726886427005955
0.01605558427179575,0.09515945457244267,0.07910387030064692
0.37714858796963646,0.21214998233059912,0.16499860563903734
0.9243079592105385,0.6958247028408493,0.22848325636968925
-0.937673008176379,-0.721477078700046,0.21619592947633304
0.7499454338999509,0.5273133667636544,0.22263206713629657
0.13193700472452996,0.19496897978802866,0.0630319750634987
0.9468408334292816,0.7295762445720931,0.21726458885718847
-0.04535917189288278,0.08637009085766965,0.13172926275055244
-0.011700796725907878,-0.10609991910301483,0.09439912237710696
-0.027917754371961805,-0.11939441990243937,0.09147666553047756
0.10481949410169887,-0.007408668378939978,0.11222816248063885
0.5321257592250888,0.4787440646942289,0.053381694530859836
-0.8432159404978613,-0.6902599886664357,0.15295595183142563
-0.683524750540548,-0.5858297948876591,0.09769495565288888
0.19467295972460924,0.24974552137185424,0.055072561647245
0.05653674006440469,-0.03878319986076391,0.0953199399251686
0.4510296689420945,0.41425699434592705,0.036772674596167454
0.8764194179804299,0.6979031198339192,0.1785162981465107
0.44664627761901804,0.4187853312260495,0.027860946392968544
0.047914539404707766,-0.043798136812250046,0.0917126762169578
-0.6898584262980783,-0.5985703376801632,0.09128808861791504
0.9057085212193933,0.6690728780670446,0.23663564315234864
0.23643716688917932,0.08698489574791762,0.1494522711412617
0.5084093420412702,0.30207345658315876,0.20633588545811143
-0.43588744664064055,-0.422568357716438,0.013319088924202527
-0.5025068574206274,-0.2815112839162444,0.22099557350438298
0.934524952922393,0.7080614258277715,0.22646352709462148
0.6274214095401269,0.42648770757533033,0.2009337019647966
-0.8504888431539382,-0.705356347377238,0.1451324957767003
0.8864625127598528,0.6539964066061545,0.23246610615369823
-0.9377413387415856,-0.7125710131582363,0.22517032558334926
-0.717526558941253,-0.6222302958953798,0.09529626304587313
0.24365613506656364,0.27024819051397786,0.02659205544741422
-0.15361326193258082,-0.2098451230557975,0.05623186112321668
0.15929854547839986,0.45738334465113084,0.298084799172731
-0.35828473805388145,-0.4606111957584888,0.10232645770460735
-0.533027287320303,-0.31143618971303616,0.22159109760726686
-0.7603312300621657,-0.6423541209144511,0.11797710914771464
0.4084233719796171,0.39187256770499657,0.016550804274620523
-0.16259241968833238,-0.04967040150060695,0.11292201818772543
-0.32577454750745455,-0.15973801152420508,0.16603653598324947
0.7856590715707182,0.5591581204112934,0.2265009511594248
0.8811368455753672,0.667982491897579,0.21315435367778823
-0.7443690944270258,-0.5233446577087097,0.22102443671831606
0.34465947681285136,0.4366686782562598,0.09200920144340846
-0.7311543852398256,-0.6360553184414982,0.09509906679832736
-0.8073750040411014,-0.48500248933579326,0.32237251470530814
-0.24370055747248284,-0.10002746937580728,0.14367308809667556
-0.7896103495988633,-0.6622589569872868,0.12735139261157657
-0.09266033452647096,-0.14612806767413763,0.053467733147666674
0.7742470931301122,0.5525920017155705,0.22165509141454165
0.13748841270014053,0.4531627414734776,0.3156743287733371
-0.6847686436634537,-0.5926247693296715,0.09214387433378224
-0.41378412726926045,-0.2497603951267594,0.16402373214250104
0.5832589947626217,0.38804373072040693,0.19521526404221473
0.508233852188638,0.3223312733071207,0.18590257888151734
-0.821458778034376,-0.5847688480672096,0.2366899299671663
-0.8795609326416988,-0.7013766715567773,0.17818426108492147
-0.42622907110638586,-0.39295003824967445,0.03327903285671141
-0.7594680194755881,-0.6798389718501333,0.07962904762545475
0.4247376553997873,0.4020751071905693,0.02266254820921798
-0.9164536877037899,-0.8113028870073195,0.10515080069647043
0.3210610809344348,0.1694965567882592,0.1515645241461756
0.2627585196394277,0.2840448404101281,0.021286320770700418
-0.005408672732525994,-0.27611746277395344,0.27070879004142745
0.9658031269165387,0.7542693549920173,0.21153377192452139
0.8431719735327176,0.6888546777014787,0.15431729583123888
-0.7723683887212719,-0.5545715391506848,0.2177968495705871
0.40871158561625653,0.22476720886595858,0.18394437675029796
-0.3299728373551114,-0.17367187279387897,0.15630096456123244
-0.751176529337595,-0.6251591768440674,0.12601735249352763
0.8435525822797075,0.6924122816501116,0.15114030062959594
-0.06929816041982599,0.030078351114133293,0.09937651153395928
-0.5338968540631872,-0.4837266660687073,0.05017018799447992
-0.2563425271226982,-0.28654035095800795,0.030197823835309723
-0.9464080857502621,-0.72484416735721,0.22156391839305212
-0.0029753645165438523,-0.07742350426280221,0.07444813974625836
0.8097266822683854,0.6785453591620734,0.13118132310631203
-0.0855789059962638,0.032008919708971226,0.11758782570523503
0.9000548750549896,0.7240655390913541,0.17598933596363553
0.046708568368157684,0.1234663467254817,0.076757778357324
-0.8834438129485569,-0.7149454128889922,0.16849840005956473
0.3761916094836801,0.223702861395559,0.15248874808812107
0.9406564626277932,0.7415246407311219,0.19913182189667133
-0.7948257129707811,-0.5763145631919883,0.21851114977879282
-0.8662731088644248,-0.7090163222430256,0.1572567866213992
-0.9318779411761013,-0.7036775908188718,0.22820035035722952
0.9314804915719022,0.6592357847168214,0.27224470685508073
-0.9575197413778712,-0.7293261161462734,0.2281936252315978
-0.7080389921614815,-0.4905470136652184,0.21749197849626306
-0.22428350907924235,-0.08661530170578219,0.13766820737346017
-0.6361753610869602,-0.6315686265445636,0.004606734542396573
-0.8380230713240078,-0.7055412357056207,0.1324818356183871
-0.5492603515329759,-0.3507232318911427,0.19853711964183324
0.8121142123797777,0.5843885834354696,0.22772562894430803
-0.9468504143417098,-0.7361340547060835,0.2107163596356263
-0.4036135115852905,-0.39517435493979575,0.008439156645494772
0.06395194987798682,-0.15410017176067956,0.21805212163866639
-0.7041221233529028,-0.48649217951985224,0.21762994383305057
-0.6954209677468591,-0.5948907247969848,0.10053024294987434
0.19988448349503743,0.23700524665667988,0.03712076316164245
0.8430593491546134,0.6190717720105386,0.2239875771440748
-0.910729235138569,-0.7297680700367495,0.18096116510181948
-0.3210452195760244,-0.3128078769937759,0.008237342582248508
-0.941589473826905,-0.7182319302382679,0.22335754358863713
-0.9435016721753975,-0.7455633567239072,0.19793831545149032
-0.5372228513233944,-0.3485557629469826,0.18866708837641183
-0.8426368520711941,-0.6705588772208252,0.1720779748503689
0.5369470070064796,0.48367037637605786,0.053276630630421706
-0.9038551734950444,-0.7526738456592178,0.1511813278358266
-0.8998616380119906,-0.7309692610807628,0.16889237693122783
0.32324529375838873,0.26570306891443624,0.057542224843952494
-0.2766629622663375,-0.30066385706567367,0.024000894799336148
-0.12805369107749576,0.13732720223944447,0.26538089331694026
-0.2617405238546233,-0.11994852419350309,0.14179199966112022
0.1228866743342995,0.2010232195666863,0.0781365452323868
0.9486783347971632,0.7475177687197903,0.20116056607737298
-0.027196728532157897,-0.10955740053215841,0.08236067200000052
0.4189509239386316,0.394406729764873,0.024544194173758582
-0.866790287005264,-0.6347572040215579,0.23203308298370606
0.8611831411829812,0.6298715841651265,0.23131155701785477
-0.17310090492065328,-0.21833103384921926,0.04523012892856598
-0.8952690876283765,-0.726476168761309,0.1687929188670675
-0.15317274663397454,-0.040857353414639294,0.11231539321933524
0.8220855892852929,0.5950259686730119,0.2270596206122809
0.721335879533447,0.5039419622202267,0.21739391731322033
-0.7134873161780599,-0.6032183473108069,0.11026896886725301
0.37924428086649375,0.37550902862119284,0.003735252245300913
-0.37927510156977173,-0.221657306369526,0.15761779520024574
0.4105310404276341,0.3917710432667137,0.018759997160920416
-0.34472252269090237,-0.4359924191113833,0.09126989642048094
0.2187334615917955,0.24274883935412442,0.024015377762328927
-0.06160125314474854,-0.1287452337359323,0.06714398059118376
0.9098933370080312,0.5984497227938004,0.31144361421423084
-0.718114625455348,-0.49305644695624884,0.22505817849909915
-0.9133615472648603,-0.7364744674537284,0.17688707981113194
-0.8317274371327421,-0.5497558961902337,0.2819715409425084
0.8683012831893495,0.6346820068859012,0.23361927630344836
0.24715303785779774,0.26818993290435245,0.021036895046554704
0.6812560447508612,0.47043781260201584,0.21081823214884537
-0.23463667438133548,-0.1017402133256366,0.13289646105569888
0.24674994650579754,0.2617254644718389,0.01497551796604138
-0.6793838760599394,-0.46163630674726924,0.2177475693126702
-0.8564658605476543,-0.5378867673859065,0.3185790931617478
-0.9352915819916028,-0.7371929768657475,0.1980986051258553
-0.2986215166948762,-0.14316758264227705,0.15545393405259914
0.4399970631536571,0.26373060206601084,0.17626646108764626
-0.4658580339197793,-0.2913367539365206,0.17452127998325873
0.927097583864011,0.739804738500443,0.18729284536356794
-0.7980919450097793,-0.6560280923216781,0.14206385268810118
0.7768600683910374,0.6563775045672894,0.120482563823748
0.9170426104960402,0.6874400426457418,0.22960256785029842
0.8011169634700982,0.7225120045167522,0.07860495895334596
0.9319347868989164,0.7320014670139698,0.19993331988494656
0.5394265818315475,0.4846785999054741,0.054747981926073386
-0.39540951292523735,-0.3915552918705194,0.0038542210547179434
-0.104269273999883,-0.16148016906379659,0.05721089506391358
-0.7609807638092398,-0.7525602595667449,0.008420504242494964
-0.9460060598182581,-0.7349709178836932,0.21103514193456496
0.4922558408076583,0.447895518789112,0.04436032201854628
0.21139634909848165,0.25566289335753717,0.04426654425905552
0.6192364784321986,0.4148980293437503,0.20433844908844834
-0.4859764911138984,-0.4445325459581355,0.041443945155762885
-0.5399789758544988,-0.3489378645308089,0.19104111132368995
-0.6129234746742581,-0.5450804416668567,0.06784303300740147
-0.7496140407865862,-0.6288931678688828,0.12072087291770339
0.6998824135163082,0.592366556598441,0.10751585691786725
-0.5769530742657039,-0.5226135750375959,0.05433949922810799
0.8612618962719396,0.6355570379727196,0.22570485829922005
0.8520625388692227,0.6221842048039606,0.22987833406526204
0.6633458174249144,0.5825978059883914,0.08074801143652299
-0.028609778553308974,-0.10364962298559167,0.0750398444322827
0.18918675482388111,0.047133447209010804,0.1420533076148703
-0.3903255460836108,-0.22103077193423998,0.16929477414937083
-0.5677819874369298,-0.5027927684414341,0.0649892189954957
-0.40197174159644145,-0.24033638902369042,0.16163535257275102
0.34937896467049767,0.20289213084327462,0.14648683382722305
0.6509439226445999,0.42708844076546487,0.223855481879135
0.9576044922660916,0.7819904057460412,0.1756140865200504
0.5361031762424905,0.23377458978345916,0.3023285864590313
-0.9348905427848996,-0.7271205056289417,0.20777003715595788
0.6168886952241645,0.5363843976537421,0.08050429757042232
0.9271081706095335,0.7456486867160679,0.18145948389346567
-0.9483154476171826,-0.7402524847807415,0.2080629628364411
0.06449956918907117,0.13680788114523137,0.0723083119561602
-0.8768590477968922,-0.6443899723647551,0.23246907543213702
-0.5794185347263855,-0.5149203831388323,0.06449815158755323
0.6506179014247467,0.5597934599977576,0.09082444142698909
-0.9219297213593616,-0.629574637837771,0.29235508352159056
-0.3441070054601507,-0.3434124451164102,0.0006945603437404912
0.7836149412924456,0.6761543310161666,0.10746061027627896
0.13786121743745788,0.028464578893192524,0.10939663854426536
0.816669178112034,0.6439385736803203,0.17273060443171373
0.6025442006115289,0.5358332149463606,0.06671098566516831
0.7559657992719688,0.532662347423728,0.22330345184824085
-0.5791650454877709,-0.5502187647030042,0.028946280784766687
-4.433405602979584e-05,-0.08505034701900434,0.08500601296297454
-0.9541347919491641,-0.8317043193612598,0.1224304725879043
-0.9305752105474097,-0.7890842302458686,0.14149098030154106
-0.6491218415200927,-0.4415085595955214,0.2076132819245713
-0.8790174274167594,-0.6488719505226304,0.230145476894129
-0.5044747218214878,-0.19823718317246578,0.30623753864902203
0.5312130988503017,0.48921122215553803,0.04200187669476363
-0.4997659948440687,-0.4571799915206518,0.04258600332341689
0.0196162173589509,-0.2621275883782386,0.2817438057371895
0.9494338208409729,0.7380646156499333,0.21136920519103963
0.21926238171984597,0.46087270595367147,0.2416103242338255
0.4874289422428477,0.25681424840100714,0.23061469384184058
0.8798887425292294,0.5536383770269975,0.32625036550223196
0.20876722344727217,-0.13732074177854978,0.34608796522582197
-0.00031711095535287483,-0.08321062870908616,0.08289351775373328
-0.7615611308984895,-0.5470674496079055,0.214493681290584
0.9301007483263964,0.7054652228756162,0.22463552545078025
-0.9314437268091631,-0.7038551529951936,0.22758857381396946
-0.926627191677174,-0.7136477387240217,0.21297945295315235
-0.6956223783292542,-0.3445778260825195,0.3510445522467347
0.9072397575198788,0.6838890738103067,0.22335068370957212
-0.18975313825026047,-0.3120444316340087,0.12229129338374822
0.13988568564577464,0.27524843421051043,0.1353627485647358
-0.933721852969865,-0.7030009243852051,0.23072092858465987
0.770647213237116,0.4489329265483082,0.32171428668880786
-0.6422570209358808,-0.5697348175178519,0.07252220341802884
0.39969943278188397,0.23578645369177129,0.16391297909011268
0.7086019267980155,0.463440947794656,0.24516097900335948
-0.3313035297975492,-0.33212667559491743,0.0008231457973682521
-0.5624428119663271,-0.7132184121445642,0.1507756001782371
-0.4510052277935543,-0.4348476007708569,0.016157627022697407
-0.501389118238183,-0.30517322190401314,0.19621589633416986
-0.5069813775973746,-0.46650973018077324,0.040471647416601364
-0.01114926455192713,0.09828736211240675,0.10943662666433389
0.03603050311099675,0.19149317672286664,0.15546267361186988
0.28290846798695046,0.13706408113813298,0.14584438684881748
0.8972961817024604,0.7661693883098111,0.13112679339264932
0.5843917716129272,0.5127391615439603,0.07165261006896695
0.4696830927381676,0.4316479365328083,0.0380351562053593
-0.8566301123284968,-0.6278219177511074,0.22880819457738943
0.05901937265730027,0.13148920263471256,0.07246982997741229
-0.7177709284575615,-0.732810453951218,0.015039525493656503
-0.8190544589409197,-0.5773002265613684,0.2417542323795513
0.7568633685897038,0.6320695900309927,0.1247937785587111
-0.33895356194828496,-0.333710197854447,0.0052433640938379655
0.7462593091673704,0.5287451617346217,0.21751414743274866
0.6525990696468438,0.4109080772237693,0.24169099242307446
-0.16128846765961166,-0.043382017162570626,0.11790645049704104
-0.9441274485962106,-0.7266390071102781,0.2174884414859325
0.924839013863477,0.7732344989783889,0.15160451488508808
0.9329970529165017,0.7010669788969504,0.23193007401955135
0.883107008072322,0.6530659780169781,0.23004103005534393
0.7974920696538673,0.5674501899270749,0.23004187972679246
-0.396970252281508,-0.3823551888365688,0.01461506344493918
-0.9435275973889169,-0.7237217871673378,0.21980581022157908
-0.2362666121678411,-0.27363972963232985,0.037373117464488764
-0.9286029827514425,-0.746475666990232,0.18212731576121044
-0.9688980162855214,-0.7812099593940821,0.1876880568914393
0.6560434737082207,0.5692513279800897,0.08679214572813099
0.8612150858767759,0.7689997040592358,0.09221538181754008
0.6337453332682911,0.5531115910555878,0.08063374221270325
-0.8133030575645099,-0.539472190833717,0.27383086673079293
-0.6782822166081807,-0.5876868702415321,0.09059534636664857
-0.3119615340591358,-0.1722611682435402,0.13970036581559558
-0.918623171667712,-0.6794712863343294,0.2391518853333826
-0.0817569222205914,-0.15007065294547828,0.06831373072488688
-0.07672936159884959,-0.1519606479069847,0.07523128630813512
-0.2800045733201312,-0.5162789782602656,0.2362744049401344
0.3029626622283273,0.3031418384124638,0.00017917618413648695
-0.15316244635880558,-0.2122678043223244,0.05910535796351882
0.6494495705930744,0.7351173111350434,0.08566774054196902
0.2048123372880089,0.2368519798940841,0.0320396426060752
-0.01212627400156419,0.11574595641278271,0.1278722304143469
-0.7882128864407789,-0.6459310876685944,0.1422817987721845
0.12857725063825312,-0.0913422554132895,0.21991950605154262
0.6560803018954415,0.5728586770449119,0.08322162485052964
-0.909431604826606,-0.6810673273466337,0.22836427747997234
-0.47976327387105566,-0.4475209716264048,0.032242302244650856
0.056648369300162774,0.12546984285491455,0.06882147355475178
-0.09670573544549171,-0.17762035583024025,0.08091462038474853
0.0337767123344218,0.10845755119740114,0.07468083886297933
-0.11427356427588124,-0.23664521443453965,0.1223716501586584
-0.4573700486568156,-0.50605259001763,0.04868254136081446
-0.8974175953130762,-0.7318661763193444,0.16555141899373182
0.8697165396550558,0.6401994989972661,0.22951704065778966
0.360190147597532,0.3554971938865331,0.004692953710998871
0.9470809193637302,0.735273704288781,0.21180721507494915
0.06320004660225795,0.13534128863093264,0.0721412420286747
-0.0646838500110694,0.039992376916527655,0.10467622692759705
-0.9313512782992467,-0.7336960457954805,0.19765523250376615
-0.044597270936467634,0.12754772969170544,0.17214500062817306
-0.8671241585117586,-0.714912736230107,0.15221142228165163
-0.5912064567581318,-0.3866058317406362,0.2046006250174956
-0.4284669938784868,-0.2454059769807647,0.1830610168977221
-0.12653614839436855,-0.18488950275398144,0.05835335435961289
-0.17419863513936243,-0.2062984495408974,0.032099814401534976
0.9395536293297763,0.7213701498578361,0.21818347947194017
0.45310004776072954,0.42133830928846466,0.03176173847226488
-0.8886383155403006,-0.636068240020999,0.25257007551930155
0.23586963698803132,0.25485926805356485,0.01898963106553353
0.9586508608156541,0.7653113210741352,0.19333953974151885
0.9377886973688915,0.7137228704454788,0.2240658269234127
-0.5321890435283237,-0.472051997481828,0.060137046046495723
-0.7233756524966057,-0.5023551142603191,0.22102053823628665
0.9412258008200417,0.7597930600958316,0.18143274072421012
0.699324424599951,0.48723908909409397,0.21208533550585706
-0.9362365681807846,-0.7477650607770449,0.18847150740373975
0.8544604729091153,0.6201720536437212,0.23428841926539412
0.1679092478563788,0.20706230995448624,0.03915306209810743
0.7688908524922916,0.553643566152274,0.21524728634001766
-0.1201156247518179,-0.2026849371265639,0.082569312374746
-0.7311359829140351,-0.6272390855119035,0.1038968974021316
-0.648201897592231,-0.43534353550555843,0.21285836208667258
0.01032030671089066,-0.07232042174163057,0.08264072845252124
-0.6867760203875416,-0.41089122821976315,0.27588479216777845
-0.6605482483373037,-0.5783394997177661,0.08220874861953764
0.9305015992840889,0.7023289528138229,0.22817264647026603
-0.8552788514543728,-0.6896363291114157,0.16564252234295707
-0.8175571908918247,-0.5897378155643721,0.22781937532745256
-0.8607475502540408,-0.6658237991727451,0.19492375108129567
-0.9164024027668829,-0.7297762675380107,0.18662613522887217
-0.5529440910998306,-0.4950506467832854,0.05789344431654514
-0.13412915227180688,-0.19356548164521128,0.0594363293734044
0.6869487995963193,0.47554958843874073,0.21139921115757854
0.4586837841784431,0.4340869254632928,0.02459685871515027
0.9268787245933326,0.7087335524414442,0.21814517215188844
-0.5594483101980426,-0.3599937553626285,0.19945455483541413
-0.857062484386516,-0.6959919083297359,0.1610705760567801
0.2950662246766652,0.10100045159281863,0.1940657730838466
-0.7748754597030392,-0.5611660084504186,0.21370945125262053
-0.2921142267478368,-0.3127698527487106,0.020655626000873784
0.2586656967261266,0.10659858420527457,0.15206711252085203
0.9452284091260896,0.6964632868172033,0.24876512230888637
0.8221919682378837,0.5938787789745635,0.22831318926332012
-0.42385722048903063,-0.4056604418276269,0.018196778661403734
0.10671075905531338,-0.12567190968660605,0.23238266874191943
0.28953814617338575,0.3075733965424241,0.018035250369038358
0.9399243364436239,0.8051790514655514,0.1347452849780726
-0.7461201655869528,-0.6229411975888078,0.12317896799814498
0.19683387430019472,0.2369330389159055,0.04009916461571078
0.8889959983827395,0.6874204112378635,0.201575587144876
0.12417132392924227,0.1942184141378835,0.07004709020864122
-0.053820493664593905,0.04673270279419537,0.10055319645878927
-0.9550652975400075,-0.7570301657808525,0.198035131759155
0.09770095032756734,-0.029730555862571274,0.12743150619013863
0.8747829040906918,0.6452659845575519,0.2295169195331399
-0.942566171924044,-0.8133160477401785,0.1292501241838655
-0.5463531162808432,-0.48894057063566837,0.057412545645174784
-0.7568243609874161,-0.6433837809726914,0.11344058001472468
0.4580642850935729,0.453964928420478,0.004099356673094912
-0.9449058681096196,-0.7354543301443046,0.20945153796531502
-0.9395326452375676,-0.7445549012491698,0.19497774398839784
0.5491049062018156,0.36301441900139547,0.18609048720042015
-0.3697560866741059,-0.032340867183304485,0.33741521949080144
0.6887301623223651,0.5468057815062615,0.1419243808161036
-0.1536442255314933,-0.033785079796273494,0.1198591457352198
0.9122873391567601,0.6874262344934995,0.2248611046632606
0.8271405692903898,0.6033443294247496,0.22379623986564023
-0.91378575611135,-0.6907063466537702,0.22307940945757987
0.924697029292143,0.6908270306414546,0.23386999865068847
-0.04204629812016557,0.0568185738479534,0.09886487196811897
-0.9323047765276168,-0.7955971822860193,0.1367075942415975
0.2896033752297941,0.10594249533713931,0.1836608798926548
-0.7566968683251765,-0.6471574640539703,0.10953940427120612
-0.7666605539345148,-0.40931026002583526,0.35735029390867956
0.3289065507338614,0.17832766495441238,0.150578885779449
0.9430168436242163,0.7916239980362034,0.15139284558801291
0.48864464012279035,0.3092277617674337,0.17941687835535663
-0.2260884653276919,0.0017723662702589594,0.22786083159795084
0.9113566583807684,0.6809118004968943,0.23044485788387414
-0.1381163598318416,-0.02141792795730894,0.11669843187453265
0.1728874916475934,0.21367154126250024,0.04078404961490684
0.33697279483468673,0.33585976796206746,0.0011130268726192716
0.2834620577622249,0.0497278110691994,0.23373424669302548
-0.9409871401492071,-0.7350473192461523,0.20593982090305485
-0.9207308087002334,-0.6965765195863712,0.22415428911386215
0.33754415367660306,0.04203621410305902,0.29550793957354404
0.393687590285842,0.22642044291724409,0.1672671473685979
-0.5725714284815066,-0.38079694282276866,0.1917744856587379
0.7875939433680467,0.5532960451678923,0.23429789820015434
-0.227509252309426,-0.25119985857737037,0.023690606267944364
-0.5975407656858642,-0.5366851957392179,0.060855569946646315
-0.6508884986286378,-0.6978300201135353,0.0469415214848975
-0.43210868821774523,-0.26661329159418135,0.16549539662356388
0.8974444715123925,0.5958322702269921,0.30161220128540034
0.8971367300774434,0.7693257274201698,0.12781100265727363
0.7893089537177987,0.6548028550834628,0.13450609863433594
-0.03960114866795238,-0.13782152985526752,0.09822038118731514
0.5332478978363029,0.34548804477381573,0.18775985306248716
-0.1357920932792583,-0.4787369412601277,0.34294484798086944
-0.3727341445680573,-0.2135253640363046,0.15920878053175272
-0.9456445820602504,-0.7940825373346981,0.15156204472555224
-0.7760139361699367,-0.5042139357858489,0.2718000003840878
0.8474886263842085,0.6523453162004261,0.1951433101837824
0.11450037999941877,0.176024709736707,0.06152432973728823
-0.13648099444512846,-0.023709207452895384,0.11277178699223307
0.12483441607115493,-0.04449785782508651,0.16933227389624145
-0.03539417018066268,0.3078396097118196,0.34323377989248227
0.9312205745641877,0.6463631461144062,0.28485742844978157
-0.2982847987331682,-0.45358171687200216,0.15529691813883395
0.20453874593700147,0.2583417247133487,0.05380297877634724
-0.048179475149074266,-0.1668780029438565,0.11869852779478222
-0.5245403163607568,-0.17913905191445711,0.3454012644462997
0.38271751327340914,0.36806736403621165,0.014650149237197485
0.5589914539048848,0.7124337260423558,0.15344227213747097
-0.16403312723414212,-0.20578457333131964,0.041751446097177514
0.907692352936312,0.7349254919051226,0.17276686103118943
0.08868480763580043,0.14786324640119436,0.05917843876539393
-0.7673145280939577,-0.5493119395819857,0.21800258851197207
0.6566714191321033,0.4502032770410238,0.20646814209107944
-0.8173388875175368,-0.6687144132456037,0.14862447427193315
0.2906431526172306,0.04574498407278965,0.24489816854444096
-0.890994456676292,-0.6574159436912633,0.23357851298502863
0.15619031390263496,0.03636631616218444,0.11982399774045052
-0.5156719833705886,-0.47627400088857913,0.039397982482009486
-0.9597663600546559,-0.7734646239819032,0.1863017360727527
-0.8796940616853476,-0.6439329266922021,0.23576113499314544
0.23275170116137742,0.09098518624330008,0.14176651491807735
-0.9400820728129321,-0.7314080857437636,0.2086739870691685
0.31687195593301637,0.33078982913564864,0.01391787320263227
0.892768779414208,0.6971580379665824,0.19561074144762558
-0.8744942063687148,-0.6541249739986301,0.22036923237008466
-0.13613326517088167,0.13742801491994344,0.27356128009082514
0.8511441072814541,0.7031975009954269,0.14794660628602718
0.7716468323090683,0.5436223209444155,0.22802451136465274
0.37229948414200853,0.35148418495653544,0.02081529918547309
-0.9680379270514837,-0.7807389617901754,0.1872989652613083
0.013801877103314285,0.0846832348357425,0.07088135773242821
-0.7728453630608747,-0.646940934738737,0.12590442832213766
-0.851568046822315,-0.6883571723413041,0.1632108744810109
-0.49453624417295045,-0.3076858292699899,0.18685041490296056
0.9143434598745978,0.7196307937113287,0.1947126661632691
-0.8694927414037168,-0.6508646549806044,0.21862808642311238
-0.04178043114459391,-0.10786456682328834,0.06608413567869442
0.5177539661319596,0.468344302036691,0.04940966409526859
0.548789318072536,0.3458650893271306,0.20292422874540533
-0.7539450340734407,-0.5229908168998622,0.23095421717357856
0.829446881777869,0.6894271115020805,0.1400197702757885
-0.8632136853340177,-0.6290951558402231,0.23411852949379452
-0.8779007688753607,-0.6442367945032056,0.23366397437215514
0.4507035802937916,0.22068635829164726,0.23001722200214433
0.9300929212753721,0.7039801179917758,0.2261128032835963
-0.08793256957956878,-0.1704950507973154,0.0825624812177466
0.23397552100706023,0.2605788237870729,0.02660330278001269
-0.8287458677646664,-0.5982127332760278,0.23053313448863866
-0.45564872014037244,-0.41992750174832055,0.03572121839205189
0.9437312037733476,0.7318354562081801,0.2118957475651675
0.44099546393577804,0.6280901325642,0.18709466862842195
-0.867742834384039,-0.701067307870644,0.166675526513395
-0.9234471984314583,-0.8072099011542179,0.11623729727724041
-0.5550625831865119,-0.5328902314566889,0.022172351729823014
-0.7366115362183059,-0.6399916297370414,0.0966199064812645
-0.7715727446793911,-0.6520389096890766,0.11953383499031445
-0.948617784453365,-0.7389779471106731,0.20963983734269187
0.6518041163458957,0.6975281832983464,0.04572406695245068
0.6397075594461807,0.5488466533616989,0.09086090608448183
0.19277978455276193,0.2280501144466464,0.03527032989388448
-0.1652455622823397,-0.21932852320578913,0.05408296092344944
0.6852396670996042,0.48391077943446004,0.20132888766514412
-0.941694666837639,-0.7916001050942856,0.15009456174335345
0.15371916199438468,0.029312539053965626,0.12440662294041906
-0.6131477554527218,-0.7400065941586644,0.1268588387059426
0.014857381839974019,-0.06953869793057435,0.08439607977054837
0.8036354947984747,0.5908841601057083,0.21275133469276641
-0.7115647455371363,-0.621892992193164,0.08967175334397237
-0.8979790643643811,-0.7247504164591937,0.17322864790518744
-0.5888203138423875,-0.5297557816919877,0.05906453215039986
-0.9350202921548637,-0.7282232799538081,0.20679701220105562
-0.46345830049843706,-0.29751689083770577,0.1659414096607313
-0.7228554422401758,-0.4321858782528734,0.2906695639873024
-0.8588934971530127,-0.741611819567047,0.11728167758596564
-0.8424193269488433,-0.6010590471682388,0.24136027978060448
0.3416051824206868,0.18683055461902223,0.1547746278016646
0.18642910535366752,0.06005895413509736,0.12637015121857015
0.21250535712533572,0.40411536911227525,0.19161001198693953
0.8688304330056054,0.7017624311105752,0.16706800189503013
0.9062651746756092,0.7499760683912123,0.15628910628439685
0.6602133449131926,0.5680591274641387,0.09215421744905394
0.579105726781121,0.2736493693924781,0.30545635738864296
-0.8866776340289433,-0.7056729082822947,0.1810047257466486
-0.8869289656763695,-0.6546330628059749,0.2322959028703946
-0.7752820120195167,-0.5499815045724511,0.22530050744706565
-0.2374019556275961,-0.09570584546102474,0.14169611016657135
-0.7814540505509303,-0.6572875085038733,0.12416654204705702
-0.5192342708105279,-0.4798290456731872,0.03940522513734068
0.7115647122680686,0.3721731245427916,0.339391587725277
0.3088971241317347,0.12621443143954333,0.18268269269219137
0.9230068177485118,0.7340733703906104,0.1889334473579014
0.0032963878898771247,-0.07589246737430969,0.07918885526418681
-0.23452933584932545,-0.26847791239289753,0.033948576543572084
-0.5844904227543166,-0.39849957192836216,0.18599085082595446
-0.9177319639335451,-0.7284975213929913,0.18923444254055377
0.7154874585269648,0.5008045480951049,0.21468291043185994
0.9102981295758564,0.7776510811120294,0.13264704846382702
0.8533240975356727,0.6176037403743667,0.23572035716130602
-0.6306339422025421,-0.5537946042710574,0.07683933793148467
0.8084315847259048,0.588859884570411,0.21957170015549377
0.8265558367570925,0.6796953877155255,0.14686044904156703
-0.1446115571503818,-0.0010495699682350563,0.14356198718214674
0.5584379837256652,0.36147878135474565,0.19695920237091957
-0.9329515912428114,-0.782642738382527,0.1503088528602844
-0.7902361637710309,-0.5655076402624418,0.22472852350858907
-0.8753245651123664,-0.6863135923566411,0.18901097275572531
0.5588250098699004,0.36998536377394625,0.1888396460959541
-0.7391646031203267,-0.6187091431340884,0.1204554599862383
-0.7837561950082828,-0.4736353304281166,0.31012086458016613
0.5180636079234577,0.47183495027822364,0.046228657645234095
0.07431513558319072,-0.018362419052241993,0.09267755463543272
0.29560325232228524,0.30420737813956417,0.00860412581727893
-0.779304007292751,-0.5607355987588339,0.218568408533917
-0.22534687720260113,-0.08504618326649996,0.14030069393610117
-0.9529870187833869,-0.7387634206396174,0.21422359814376946
-0.23632018968362348,-0.2711390465767455,0.034818856893122
0.56902874040365,0.3705330748286391,0.19849566557501092
-0.7135518154811674,-0.496255905577698,0.21729590990346942
0.8066644659103981,0.674817217289762,0.13184724862063613
-0.16219024543407623,-0.010479101096360707,0.15171114433771551
-0.4203432622640442,-0.24274048558031056,0.17760277668373367
-0.5482895585854811,-0.35627534616405027,0.19201421242143085
-0.9143001266832771,-0.6862690984687437,0.22803102821453336
-0.022381155592431805,-0.11561010207219584,0.09322894647976404
0.22945293850096057,0.10578723623546872,0.12366570226549185
-0.9013318671295091,-0.7304439922776002,0.17088787485190893
-0.7333431082755202,-0.6303709729422028,0.1029721353333174
-0.024145395068291574,-0.10477729445838617,0.0806318993900946
-0.835073108087499,-0.6945157412238878,0.1405573668636112
-0.947700045437277,-0.7319571650153487,0.21574288042192835
0.4684665107636802,0.43262485154329844,0.03584165922038174
-0.791948334522603,-0.6673972674424901,0.12455106708011299
-0.9123140957112216,-0.7378438755937056,0.174470220117516
-0.9265551899952837,-0.7338304225227604,0.19272476747252332
-0.6293546691033746,-0.5456430750892706,0.083711594014104
0.04215316776091356,-0.048081813243565634,0.09023498100447919
0.29022686958758276,0.41388261139080185,0.12365574180321909
-0.6229843266446676,-0.5405736859984945,0.0824106406461731
-0.5192370055374246,-0.48671353841495935,0.03252346712246523
0.7646741682755852,0.6457895505593546,0.1188846177162306
-0.621027268856008,-0.43151104999360823,0.18951621886239978
0.5796796150626856,0.2904311120540237,0.2892485030086619
0.9389169333993428,0.7390172058684699,0.19989972753087293
-0.9358659299636483,-0.7228632051628325,0.21300272480081572
-0.5200172498181775,-0.5036097877068341,0.016407462111343474
0.90998442439879,0.6844128755257854,0.22557154887300457
0.5078395222552595,0.3123564221350476,0.19548310012021192
-0.9211442061488518,-0.685951492507639,0.23519271364121286
-0.2725931487093839,-0.2963235477197761,0.0237303990103922
-0.41931012589429767,-0.4143773409600142,0.004932784934283452
-0.8640788627167938,-0.6322336891850886,0.2318451735317052
0.892750297785021,0.6832770203154315,0.20947327746958955
-0.9494285209809161,-0.7800253135539655,0.16940320742695059
0.7180727011343185,0.5017840230208468,0.21628867811347174
0.8983526509927238,0.7343002590486079,0.16405239194411592
-0.4550846636726472,-0.27976235239419006,0.17532231127845715
-0.39421103895276643,-0.3777990968442677,0.016411942108498723
0.23759561198150747,0.10305976343387209,0.1345358485476354
-0.6719465168596921,-0.4671705919049244,0.2047759249547677
0.9479416639496341,0.7205055661097086,0.22743609783992547
0.9082436988764844,0.7192332271786813,0.18901047169780305
0.08984885269492507,-0.133761843070513,0.22361069576543807
-0.7474650774777423,-0.5175832024837496,0.2298818749939927
0.42118650439379973,0.24726362163746668,0.17392288275633305
0.3917604986118351,0.37892024788293427,0.012840250728900826
0.7544948402106637,0.5255654926486893,0.22892934756197436
-0.8868546144982894,-0.663180062253108,0.2236745522451814
0.9099514299050082,0.6780807142548424,0.23187071565016582
-0.7473996500220746,-0.4882092681082245,0.25919038191385013
0.10218878962418375,0.15569566506972915,0.0535068754455454
0.7214584837552331,0.5090401293165419,0.21241835443869128
-0.9292406573354637,-0.7045933950317731,0.2246472623036906
-0.9714575402091434,-0.766097046151287,0.2053604940578564
-0.9547753032309984,-0.7489067819495209,0.20586852128147748
0.9450254075496817,0.7138946435891905,0.23113076396049115
-0.5170400049928185,-0.32907730298388604,0.1879627020089325
0.847125774012074,0.6949951267077497,0.15213064730432435
0.878974116854407,0.7099788671921364,0.16899524966227053
0.7023111025140597,0.6442955762327842,0.05801552628127549
-0.08240517915298001,0.013463610915817515,0.09586879006879753
-0.7988997435626749,-0.6581269447567861,0.14077279880588878
-0.7332590487169818,-0.5145061156878898,0.21875293302909193
0.8534299310412757,0.7543172986942711,0.09911263234700463
0.8671101861116604,0.6383596449060054,0.22875054120565497
-0.9466105145796053,-0.7257258333709828,0.22088468120862248
-0.34425639115448636,-0.3425043075395449,0.0017520836149414465
-0.013627514188383191,-0.08952620870540676,0.07589869451702357
-0.3200099663374061,-0.32727921083967343,0.007269244502267347
0.3170989354744016,0.1419784236875705,0.1751205117868311
-0.1156464642722685,-0.18332283341563468,0.06767636914336618
-0.097638681728237,-0.16668045284697788,0.06904177111874088
-0.8109679800630579,-0.6752669898874728,0.13570099017558512
0.3314064541139912,0.337472674950269,0.00606622083627778
-0.169032716307573,0.045041524582115355,0.21407424088968835
-0.9698764910427157,-0.7993167407668592,0.17055975027585646
-0.7493762360900358,-0.6285456128972092,0.12083062319282656
0.8242197197628413,0.5952468620625301,0.22897285770031117
0.1238725836961311,0.18043793286953283,0.056565349173401724
0.398764649280164,0.23367909921543187,0.1650855500647321
-0.4370316736681957,-0.13756623619294156,0.2994654374752541
0.9011404348316684,0.6679145013181222,0.23322593351354615
0.46411046017152735,0.446881969678289,0.017228490493238324
0.8889840227703331,0.7555414992761706,0.1334425234941624
-0.6074755569121986,-0.5380908900348979,0.06938466687730072
0.973339785417302,0.8180939217288576,0.1552458636884444
-0.6433504019368939,-0.6180985572090154,0.025251844727878447
-0.8939759524833704,-0.6657579763675175,0.22821797611585282
0.9712429109575869,0.7885175112206555,0.18272539973693136
0.7310061822909821,0.4647390343154901,0.26626714797549206
-0.6101260703385504,-0.3824586376404083,0.22766743269814205
0.9295530482735042,0.6933581808694738,0.2361948674040304
0.6705161712530869,0.4678584438249217,0.20265772742816524
0.7716419158912007,0.7286067629078047,0.043035152983396
0.6334989268195169,0.5559518023348299,0.07754712448468704
-0.8180586562290093,-0.5971738576763951,0.22088479855261423
0.22519965698310848,0.27093622658178407,0.045736569598675586
-0.9447431914776657,-0.7375530976926038,0.20719009378506192
-0.8548514554963871,-0.6904173324164536,0.16443412307993344
-0.6440809368189047,-0.35084889819287746,0.2932320386260272
0.4526556521755135,0.5882450921746221,0.13558943999910855
-0.9270169097182945,-0.7373859869836213,0.1896309227346732
-0.648132733492537,-0.3963627793313096,0.2517699541612274
-0.6572917450290433,-0.6363695065218935,0.020922238507149804
-0.10318860054280005,-0.16009412359449043,0.05690552305169039
0.7724425396989205,0.5499363633141576,0.2225061763847629
-0.8955487091424975,-0.7142664197076021,0.18128228943489544
-0.7172785244442115,-0.48837777438979624,0.22890075005441524
0.0021431663712054463,0.08795911984164559,0.08581595347044015
0.6431250219493966,0.43430743680549233,0.20881758514390425
-0.9512661186972152,-0.6834661073240158,0.2678000113731994
0.9208117575646707,0.6954830555826172,0.22532870198205346
-0.814127417497495,-0.6534007646953137,0.16072665280218124
-0.45958454659688164,-0.4228925647432874,0.036691981853594235
0.23398155311739602,0.2583218816847148,0.024340328567318797
-0.5786139711101012,-0.373117088959711,0.20549688215039014
-0.9384993461284827,-0.715495163129267,0.22300418299921576
-0.34104168998633344,-0.1984654068782913,0.14257628310804213
0.13407783568602036,0.17172720697168095,0.03764937128566059
0.9555533800175602,0.76511135208529,0.19044202793227016
-0.910743732946752,-0.7234887343579621,0.1872549985887899
-0.6667249050321827,-0.5844605128299959,0.08226439220218684
0.919911269979282,0.7326517700198134,0.18725949995946856
-0.9140014948591227,-0.7325720541782147,0.18142944068090805
0.5465465549591053,0.5030174494912307,0.043529105467874585
0.17070769275743675,0.2190840036137061,0.04837631085626937
0.9254687138135366,0.72673494464194,0.19873376917159657
0.44707875175100903,0.2758542988962738,0.17122445285473525
0.8000432643319317,0.6587166210057329,0.14132664332619882
0.7125264303660755,0.4928213373120412,0.21970509305403435
0.14064120799747212,0.3479986278730167,0.2073574198755446
0.9138212428778422,0.6926052771209569,0.2212159657568853
0.773017466238327,0.5420966662778361,0.23092079996049086
0.29688482139432637,0.15449392458749603,0.14239089680683034
-0.4788326755603747,-0.4329777752024873,0.04585490035788736
-0.17479933665909114,-0.01592264931996606,0.15887668733912508
-0.09812697506087983,-0.16250291096868752,0.06437593590780769
-0.8808418587797509,-0.7224993629470923,0.15834249583265858
0.9375143287278342,0.7065536977935211,0.23096063093431318
0.1609624933866862,0.04113992605179018,0.11982256733489602
0.8961942287189166,0.6714316513019446,0.22476257741697203
-0.9327327671890483,-0.6983779188039984,0.23435484838504994
0.5402167494022903,0.5540642654378388,0.013847516035548568
-0.7153377018643267,-0.7365551540119863,0.021217452147659688
-0.16997192649644283,-0.05732881567434517,0.11264311082209766
0.08890508847952842,-0.019159759104243636,0.10806484758377206
0.4311292332556551,0.4130137122204098,0.01811552103524533
-0.43159154942288697,-0.4185575426232386,0.01303400679964839
-0.6972440882599119,-0.5911825268579646,0.10606156140194734
0.9394761060643702,0.7369500021720902,0.20252610389227998
-0.1583555366457291,-0.41128338476433857,0.25292784811860947
0.9032332200391513,0.7221864544232427,0.1810467656159086
0.7696858494343711,0.6661881503577761,0.103497699076595
0.12344195438098947,0.01406249415228449,0.10937946022870498
-0.6483755899346005,-0.3666248167275869,0.28175077320701364
0.9134639770954089,0.6856471880919056,0.22781678900350333
-0.2583684321276189,-0.024570800887521786,0.23379763124009711
-0.9625359897943667,-0.7799591228608163,0.18257686693355046
0.541735583331982,0.4859683255740881,0.05576725775789393
0.9004960107911291,0.7108139365233137,0.18968207426781536
-0.6478154869289116,-0.4454198512874773,0.20239563564143426
-0.6214367834629635,-0.6575441351343149,0.03610735167135137
0.8332995536075424,0.608898926625261,0.22440062698228136
-0.05815482832943843,0.04800317242368395,0.10615800075312237
0.8602212185812156,0.6964189803611245,0.1638022382200911
0.5088451216559287,0.2769618796211835,0.23188324203474514
0.49102698088398655,0.26372150745566353,0.22730547342832302
0.5430510935540224,0.485105549690234,0.05794554386378836
-0.9401285226356442,-0.7365000698393819,0.2036284527962623
0.16383831944114277,-0.0351078535499312,0.19894617299107398
0.9350170359379093,0.7040396977902464,0.23097733814766286
-0.8463955994686579,-0.6178581869070746,0.22853741256158333
0.8884944114405448,0.640827773042524,0.24766663839802072
-0.6262060232331935,-0.549695216618981,0.0765108066142125
-0.6628821517838421,-0.5735470785734207,0.08933507321042145
-0.25730611924551483,-0.2781090285649277,0.020802909319412866
0.8860797969944436,0.6535792107846082,0.23250058620983538
-0.9055779321573292,-0.722999079801983,0.1825788523553462
-0.6943336683836503,-0.5899839975516596,0.10434967083199065
-0.023227318083305398,-0.09753392443966968,0.07430660635636428
0.6006558078901315,0.5303636749600593,0.0702921329300722
-0.22028233057362964,0.0018360537449827082,0.22211838431861236
-0.43528354030750027,-0.4118994984645258,0.02338404184297449
0.40759949419045954,0.24144869791001664,0.1661507962804429
-0.6150219107973729,-0.5341705191465095,0.08085139165086341
-0.9059683120357599,-0.5923219380197625,0.3136463740159974
-0.8349940716167884,-0.606868602730223,0.22812546888656537
0.08590310835148707,0.15574761966706438,0.06984451131557731
0.041158424420970896,-0.05042639943237756,0.09158482385334846
0.9510775449460981,0.742828266508208,0.2082492784378901
-0.538876557087007,-0.48914774588587867,0.04972881120112832
-0.03745904165163732,-0.1199672700406181,0.08250822838898078
0.9285928392722164,0.7345449042997023,0.19404793497251405
-0.9465903589627707,-0.7409700815830438,0.20562027737972688
0.2382424058937505,0.11096204723380879,0.12728035865994172
-0.709180200894683,-0.4893699539343261,0.21981024696035695
0.8373360829387371,0.5824692684007166,0.2548668145380205
0.4780163234913269,0.2957857922542638,0.18223053123706306
-0.41814512670114773,-0.2593535515520221,0.15879157514912562
0.6493914856049181,0.5624605494372901,0.08693093616762804
0.5873400390855806,0.5126807186631096,0.07465932042247103
0.22583133213718193,0.2791614876226759,0.05333015548549397
-0.5592944029460146,-0.3618098962678101,0.1974845066782045
-0.17717059227173224,-0.2168080537534382,0.039637461481705966
0.8209986950877801,0.6738904609737811,0.14710823411399898
-0.762824189739997,-0.5353428656403505,0.2274813240996465
-0.059479799264478876,0.06809114662831295,0.12757094589279183
0.7529046117603633,0.5341324917577913,0.21877212000257196
0.7756290358664844,0.5485060530941636,0.2271229827723208
0.5229896873334267,0.2924143019728342,0.23057538536059247
0.7916106731468894,0.664241948206135,0.12736872494075435
-0.8357304426599603,-0.5938672724549113,0.241863170205049
-0.9407179003862216,-0.7206604585887066,0.22005744179751496
-0.7144092709188175,-0.43180628935899273,0.2826029815598247
-0.30600117618909184,-0.3291828943437134,0.023181718154621556
-0.7465486831973249,-0.6334897561892502,0.11305892700807474
-0.4184080616604165,-0.4079967870364581,0.01041127462395841
-0.6196231054140583,-0.549406415958065,0.07021668945599324
0.26905122318452707,0.10065030780903517,0.1684009153754919
0.6687411519814819,0.32947364536003865,0.3392675066214432
-0.7110710154861526,-0.5292203990037224,0.18185061648243017
0.5734552657729591,0.5202961219164433,0.05315914385651588
-0.6010847037550165,-0.3971635610649308,0.20392114269008577
0.17546748226782857,0.0630427795555443,0.11242470271228427
0.2887928710308484,0.3106385597119042,0.021845688681055797
0.9055881519466344,0.6960265105294006,0.20956164141723388
-0.7408028195319816,-0.6189491763511377,0.1218536431808439
-0.9460954914614913,-0.7847628374136383,0.16133265404785302
-0.7407976199044153,-0.623434414416306,0.1173632054881093
0.7065938198451944,0.43342570032979644,0.273168119515398
-0.04720161635662275,0.03968417751913812,0.08688579387576087
-0.9688202680978178,-0.8477516282232624,0.1210686398745554
0.8640263787782388,0.6485694800039128,0.21545689877432606
0.1190962823895467,0.18734577637982258,0.06824949399027588
0.5598654375236157,0.509272784899567,0.05059265262404877
-0.46512675010598975,-0.43317977585700695,0.031946974248982796
-0.9432325627874704,-0.7443058979400162,0.19892666484745414
-0.5514580961418625,-0.3216356479602207,0.22982244818164177
-0.27926760788090615,-0.10396227852709551,0.17530532935381066
0.8392889005967995,0.6153695288183488,0.22391937177845067
0.01144655616260895,0.1156378741629915,0.10419131800038255
-0.011461695292860272,0.2730080201602263,0.2844697154530866
-0.843602929712349,-0.6868866502738031,0.15671627943854582
-0.7087582356564802,-0.4919402056835427,0.21681802997293753
-0.6211601309426705,-0.5456608114720435,0.07549931947062705
0.11711427918897312,0.16529864431255303,0.04818436512357992
0.016573567745299635,0.12592290112478788,0.10934933337948824
-0.6332353916576675,-0.4263767247698367,0.20685866688783083
0.36861179877003325,0.35661000699467044,0.012001791775362813
0.7797412742078802,0.5556788721080814,0.22406240209979877
-0.9068740387867416,-0.7460757310328783,0.16079830775386328
0.42507815707225777,0.25112715859335666,0.1739509984789011
0.7197227623549552,0.6121290617726542,0.107593700582301
0.9734053709565205,0.7919704018024546,0.18143496915406587
0.7416983852838679,0.5216845208696075,0.2200138644142604
-0.8597173291322031,-0.7840042552400016,0.0757130738922015
0.9057108869606512,0.7301935179470042,0.175517369013647
0.6123576282867125,0.4040479215771374,0.20830970670957505
-0.3232467564334465,-0.4924762316122442,0.16922947517879766
0.10619899991168097,0.17338881068179055,0.06718981077010958
-0.06648277661868196,-0.1439647808751422,0.07748200425646024
-0.6594190477975591,-0.5638007078893862,0.09561833990817292
0.924424623857553,0.7211079373872298,0.2033166864703232
0.7704059987646221,0.7097837417530655,0.06062225701155666
-0.8133932654289959,-0.6491471259719441,0.1642461394570518
-0.6434134362690141,-0.5672759259132022,0.07613751035581195
-0.889824890854185,-0.6621902427590937,0.22763464809509137
0.44733654877756307,0.4317397067211786,0.015596842056384452
0.5853491437292986,0.3930937641970132,0.1922553795322854
-0.36546237214382543,-0.6061688217514402,0.24070644960761473
0.3398057393780893,0.10248871107317352,0.23731702830491574
-0.15863341369991252,-0.03537900875588685,0.12325440494402568
-0.026141032953086243,0.05978783907783796,0.0859288720309242
-0.10239299819108434,-0.17118451199709156,0.06879151380600722
0.9369362414467677,0.7427528571574783,0.19418338428928938
0.44595666980673027,0.26839766120492486,0.1775590086018054
-0.5075848152763278,-0.3249074635913466,0.18267735168498123
-0.3271905549072435,-0.17131277999161584,0.15587777491562768
0.11377264007803824,0.00463161787762412,0.10914102220041412
0.23214931612234144,0.25813038558653106,0.025981069464189627
-0.23312367132948766,-0.09375324011100145,0.13937043121848622
-0.6312110661372679,-0.6173128425869604,0.013898223550307454
0.9274810862013829,0.7431784077007328,0.18430267850065007
-0.7455279594460409,-0.6473324114442286,0.0981955480018123
-0.5138741736467392,-0.3298347330972844,0.18403944054945476
-0.39229327193911795,-0.3348113703501275,0.05748190158899047
-0.13958112179715962,0.02173163569187755,0.16131275748903717
0.48570292431205353,0.3013904269883728,0.1843124973236807
-0.8765360771281117,-0.6546583259195241,0.22187775120858755
0.6315233515190659,0.3093572665578953,0.3221660849611706
0.9110567455692224,0.6507601821968424,0.26029656337238005
0.8175009752149174,0.5937060762711707,0.2237948989437467
0.8064442057718516,0.6514932368837267,0.15495096888812487
-0.5651858771149708,-0.48910075412876564,0.07608512298620518
-0.8175822696341909,-0.6796646085765504,0.13791766105764047
-0.6870874777096448,-0.582823534132936,0.10426394357670887
-0.9605184242416731,-0.7727662866553098,0.18775213758636333
0.25431800106146923,0.023485756122733275,0.23083224493873597
-0.9091856951155111,-0.7188881554347128,0.1902975396807982
0.7814224073128931,0.6414260640476874,0.1399963432652057
-0.9266464071942995,-0.7513770358841197,0.17526937131017972
-0.8651520508694258,-0.696208881133155,0.16894316973627077
0.9176046664009423,0.7536448107406161,0.16395985566032623
-0.5009138417778501,-0.4669412215857687,0.03397262019208147
0.08862415933046756,-0.0130149752340045,0.10163913456447206
0.8980668279076084,0.7115781488014946,0.18648867910611377
0.6714418241513638,0.5872925572179398,0.08414926693342395
-0.9267149689880605,-0.7309638286824358,0.19575114030562468
0.09889483561102135,-0.0062737710120000355,0.10516860662302138
0.15264272925906797,0.19564127287478078,0.042998543615712814
-0.6043266058778596,-0.5509619487427567,0.053364657135102855
-0.9244447900810565,-0.6944364948999945,0.23000829518106203
0.4700627586446762,0.28727803751262354,0.18278472113205269
-0.3476872202300683,-0.08453573863549613,0.2631514815945722
0.7153896252325974,0.6032451530651618,0.11214447216743562
0.3089115127733633,0.02016864171205541,0.2887428710613079
0.8161465425080437,0.679880233889899,0.1362663086181447
-0.7725272712018703,-0.6410748927050307,0.13145237849683955
-0.8464111368448869,-0.549695706633678,0.29671543021120894
0.5584748947207397,0.5201047463502894,0.038370148370450385
-0.8852909300726579,-0.6548716096334362,0.23041932043922175
-0.558935850744798,-0.36665465586407237,0.19228119488072565
0.8283364599519277,0.6054123905590054,0.2229240693929223
-0.11633290980580575,-0.0036066562405435744,0.11272625356526218
0.8360256112244987,0.6770952251302678,0.15893038609423094
-0.9501997659713373,-0.8065513149299618,0.14364845104137547
0.9311155633456969,0.7430792271791132,0.18803633616658366
-0.8600741712160013,-0.625075019721304,0.2349991514946973
-0.35462137115712594,-0.3617949965220891,0.007173625364963132
-0.5763710272019339,-0.3806196586328946,0.1957513685690393
-0.6746375668597301,-0.5837018291249462,0.09093573773478392
0.584541637575972,0.5309848189782208,0.05355681859775119
-0.5430203359723139,-0.21118428115815735,0.33183605481415657
0.5365380317854512,0.4771101122785027,0.059427919506948534
-0.620851659519073,-0.41219878941989235,0.2086528700991806
0.9429295315025366,0.7183159045335922,0.22461362696894438
0.5788749374909183,0.5160558819103522,0.06281905558056611
-0.7653675534538329,-0.6345790197423444,0.13078853371148846
0.9421863245877484,0.7185978389020565,0.2235884856856919
0.3990974503785932,0.23038618308202627,0.1687112672965669
-0.7807557009136473,-0.543173579168348,0.23758212174529936
0.6626038169141721,0.43178372137596355,0.2308200955382086
-0.44487158866701415,-0.2693906824757118,0.17548090619130235
-0.17248384968675423,-0.20842480594192478,0.03594095625517055
0.09053038858309027,0.15605400201525146,0.06552361343216119
0.3200270400605898,0.33010035892353845,0.010073318862948655
0.5572129869186316,0.3550305857405426,0.20218240117808906
0.16740575775560784,0.21638719175843346,0.04898143400282562
-0.019210970549842905,0.06915609143224712,0.08836706198209002
-0.5554917339056293,-0.504909010258624,0.050582723647005334
0.032318590006945765,-0.07427539132221322,0.10659398132915898
0.9299508263952717,0.740312522944831,0.18963830345044075
-0.8510207820305348,-0.6307882124957146,0.22023256953482018
0.9257599907101843,0.6877874230129378,0.2379725676972465
0.7125763127756731,0.5095667503384609,0.20300956243721224
-0.3929116119154828,-0.11679167696727223,0.2761199349482106
-0.4691411624927684,-0.29060364488733526,0.17853751760543313
0.7560464584554556,0.6426411225886504,0.11340533586680523
0.7581459881021688,0.4500178540166449,0.3081281340855239
-0.0964416234958023,-0.15636179261153538,0.05992016911573307
-0.24908349983604813,-0.27038405116780706,0.021300551331758927
-0.9477266822895173,-0.7293243906074379,0.21840229168207936
-0.7647038895225766,-0.6313713599010987,0.1333325296214779
-0.9163689994129908,-0.6762113677018332,0.24015763171115756
-0.7749565203078648,-0.5225513541200414,0.2524051661878234
0.4879232147672013,0.30772596325023716,0.18019725151696414
0.555088457708078,0.4969457159099913,0.058142741798086706
0.324543651666421,0.17183818522610458,0.15270546644031643
-0.13539094226491583,0.0183309449739089,0.15372188723882474
0.9439343093132769,0.7423723462599696,0.2015619630533073
-0.23355425880160924,-0.10440449499517444,0.12914976380643478
-0.9158427664058582,-0.731880043241096,0.18396272316476214
0.21837490073125643,0.08941081909803796,0.12896408163321849
0.005263882362699587,-0.08557405510315541,0.090837937465855
-0.25287519171836215,-0.27700429153552525,0.024129099817163102
0.6721264727571823,0.46074758482305567,0.21137888793412662
0.9326285283831911,0.7248713595948016,0.20775716878838946
-0.8702198430915888,-0.638508391156906,0.2317114519346828
0.668501137847512,0.3902764975320176,0.2782246403154944
-0.12129687374207028,-0.012936123313648656,0.10836075042842162
-0.8966242898202328,-0.7985610497087313,0.09806324011150147
-0.7762153310236855,-0.5431287466533564,0.23308658437032903
0.16446842792449465,-0.06676443416366916,0.2312328620881638
0.15212458214489025,-0.05546502593156388,0.20758960807645413
-0.8927815454104994,-0.6627663389877072,0.23001520642279216
0.37550079110750506,0.22244546409705784,0.15305532701044722
0.13645833767589596,0.20445926816011206,0.0680009304842161
0.8228834270061932,0.5358946099954615,0.28698881701073176
-0.9116791237839882,-0.7146693336656644,0.19700979011832376
0.7006241159005744,0.5933590391790144,0.10726507672155994
-0.06478394925211882,0.19812219962666366,0.2629061488787825
0.9409770542847882,0.7238379513328016,0.21713910295198657
-0.8880695172526936,-0.6395539745695537,0.2485155426831399
0.0838766967633056,-0.025513196755901208,0.1093898935192068
0.41006080149702756,0.14903964890875981,0.26102115258826775
-0.23251967420227518,-0.09999089674185682,0.13252877746041836
0.1644574331142194,-0.07665896015408602,0.24111639326830542
0.896611424148582,0.7136340489155627,0.18297737523301927
-0.9023297399672083,-0.5948498933791849,0.3074798465880234
-0.9166732148808473,-0.6687365071061687,0.24793670777467858
0.8963285245247812,0.6607737460751623,0.23555477844961892
0.8776447010463737,0.7010465680347313,0.1765981330116424
-0.09423773669132297,0.029077283219371367,0.12331501991069434
-0.9141308143783727,-0.6876841420102063,0.2264466723681664
-0.14020761481530516,0.19946505980591003,0.3396726746212152
0.04268123773146504,-0.046923226551311946,0.08960446428277699
-0.575487735875087,-0.38471582361067613,0.19077191226441081
-0.7468338815807709,-0.43125032787662704,0.31558355370414387
0.6759632991532587,0.5821445369254147,0.09381876222784402
0.2628146130689524,0.12313138950527185,0.13968322356368051
0.6981872845521575,0.4776044141067733,0.22058287044538422
0.2575001632679481,0.2991570719401094,0.041656908672161264
-0.2720876132250009,-0.5118439683107859,0.23975635508578502
0.6345699373851688,0.2939581505461235,0.34061178683904525
0.5760931508370046,0.6421378560404191,0.06604470520341443
0.9410694068944168,0.7285583443405155,0.2125110625539013
-0.9481365854311451,-0.7359254205923464,0.21221116483879865
-0.18541640060811126,-0.06460687641034246,0.1208095241977688
0.8916613358305987,0.6392241238534078,0.25243721197719093
0.9287317899079975,0.729839712085967,0.19889207782203056
-0.46349976037301077,-0.19138363672897518,0.2721161236440356
0.7876028646818366,0.5610369252731324,0.22656593940870418
-0.5534869069102468,-0.4826200997066975,0.07086680720354932
-0.8914108114652963,-0.6652812503662447,0.22612956109905158
0.9328039863422588,0.742912659866155,0.18989132647610385
0.33998729569421127,0.3491378108630018,0.009150515168790507
-0.9370249662628833,-0.7124541986490462,0.2245707676138371
0.8848558860235255,0.7543804693791255,0.1304754166444
-0.11945699499894434,-0.017899659277024586,0.10155733572191976
0.5514252077691425,0.27472620314088475,0.27669900462825775
0.8495036969151253,0.6164376087162861,0.23306608819883923
-0.9478486569281699,-0.7383302948700606,0.20951836205810925
0.36864448881679934,0.19730898703587035,0.171335501780929
-0.9425947609307486,-0.731198913861223,0.21139584706952552
-0.5068120109640938,-0.22547099334220289,0.2813410176218909
0.6980108704334188,0.4886720451069518,0.20933882532646703
-0.8896213172653482,-0.712002167144731,0.17761915012061724
-0.4002195698915565,-0.22126172615758824,0.17895784373396825
0.9127960494533393,0.6885774596361306,0.22421858981720866
0.3488542250914747,0.1879272771605662,0.16092694793090848
0.14750757037634257,0.22753042772297222,0.08002285734662964
0.8631113150298918,0.6358449664839759,0.22726634854591587
-0.23971059696419877,-0.30289257590022395,0.06318197893602517
0.25657129671378986,0.10845791218490254,0.14811338452888734
0.5532529775217188,0.35846524609243413,0.19478773142928463
0.08978860307743716,0.1572394970099495,0.06745089393251233
-0.5527673292386358,-0.6973504037975329,0.14458307455889707
-0.8685097625749776,-0.6279441174596745,0.2405656451153031
-0.1734434467835326,-0.05120888751195058,0.12223455927158203
-0.30006836272217785,-0.14139762727033914,0.1586707354518387
0.2777399239688436,0.12767532961395503,0.1500645943548886
0.3296870997427733,0.36656593029887014,0.03687883055609681
-0.9189892875852196,-0.6780511108914993,0.2409381766937203
-0.9465648318026411,-0.7350630479638958,0.2115017838387453
0.5764707803483182,0.3779783658912399,0.19849241445707833
-0.3481691865069948,-0.33662676385834867,0.011542422648646133
0.6263735781608514,0.552834317144745,0.07353926101610642
0.6837220382343973,0.4353958019865818,0.24832623624781547
-0.01601141840321998,-0.10151016153158553,0.08549874312836554
-0.8909277978006175,-0.7148478661505434,0.17607993165007407
0.9192742422893566,0.7071864895116803,0.21208775277767633
0.3247899348071894,0.21393085511910426,0.11085907968808512
-0.4036678437801113,-0.15753768808046978,0.2461301556996415
-0.45057732527048805,-0.2701955548682021,0.18038177040228592
0.08902897026637178,-0.20664282737670311,0.2956717976430749
-0.38170710611191827,-0.2268429858396572,0.15486412027226107
0.7365470022245976,0.6277633937763836,0.108783608448214
-0.6341186906866203,-0.5529606618532336,0.08115802883338674
-0.2755263543585149,-0.13339262078474962,0.1421337335737653
0.6681451640471169,0.4047636339668221,0.2633815300802948
0.3742873613285173,0.5825487965371237,0.20826143520860635
-0.36533051427967445,-0.35030181697628,0.015028697303394456
-0.9564843873596288,-0.7548378297782793,0.20164655758134953
-0.07261397940976767,0.022659764527676197,0.09527374393744387
-0.4105723240913947,-0.3895687860625188,0.02100353802887589
0.03639917692651999,-0.06127677792399004,0.09767595485051003
0.17205523691536362,0.21672923939784416,0.044674002482480546
-0.26871639533946473,-0.12676053430627454,0.1419558610331902
-0.8930938336335879,-0.6555252373801751,0.23756859625341276
-0.8470837525247221,-0.6979783922515833,0.1491053602731388
-0.33409701812684106,-0.33805522622065226,0.0039582080938112
-0.9421224722187475,-0.7351559311635943,0.2069665410551531
0.9503667682032751,0.7392114901625723,0.2111552780407029
-0.3013334055637027,-0.16048659577671454,0.14084680978698816
-0.10554658445649519,-0.1513285545529516,0.04578197009645642
0.09026534227986552,0.15416774082102136,0.06390239854115584
-0.7439518654242283,-0.6246416027659707,0.11931026265825762
0.45896005465895073,0.4508815530994426,0.008078501559508122
-0.1761387300848385,0.05036886115389156,0.22650759123873004
-0.5846071434315344,-0.5160699963985065,0.06853714703302793
-0.9421392163583776,-0.7241534908366383,0.21798572552173934
-0.8989237191251965,-0.7212972652246072,0.1776264539005893
-0.8096122918852465,-0.6745963951703711,0.13501589671487546
-0.94632993254684,-0.7286447268285051,0.21768520571833483
0.6731110097040814,0.5897939736556334,0.08331703604844809
-0.9513238193910074,-0.7407649814593869,0.21055883793162056
0.9395813603012942,0.7430413451203425,0.19654001518095177
-0.27638330660556554,-0.13451112987561056,0.14187217672995497
0.41024518543012883,0.4200094803035147,0.00976429487338587
-0.9091878635866535,-0.7506321521379423,0.15855571144871117
0.942742725272976,0.7284809200948272,0.21426180517814875
0.9218495368197732,0.6883043061746978,0.23354523064507537
0.9257716718645369,0.7368429400463997,0.18892873181813719
0.5747171963302243,0.6290068304058495,0.05428963407562515
0.14400202003106405,0.19471962113139799,0.05071760110033394
-0.303273155067035,-0.15387189605152282,0.14940125901551218
-0.6450388971833431,-0.44118096522418404,0.20385793195915902
0.7566802804810457,0.5376250961364348,0.2190551843446109
0.6882340219609039,0.45836158560390317,0.22987243635700072
-0.7780650144514233,-0.5491677836834091,0.22889723076801416
-0.027616679742943295,-0.34249883463070874,0.31488215488776544
0.5523688434156717,0.35518938053346566,0.19717946288220606
-0.5166011489617721,-0.4870629151992723,0.02953823376249981
0.3936154557476435,0.224215604057569,0.16939985169007452
0.6666132057081454,0.454948668262159,0.2116645374459864
0.9459490152409323,0.7393167668337804,0.2066322484071519
-0.5430868767188051,-0.3390628748736621,0.20402400184514297
-0.7579705767653993,-0.5418457491978921,0.21612482756750717
-0.6241504927213273,-0.4306923517086006,0.19345814101272668
-0.22717231132407803,-0.516536635936801,0.289364324612723
-0.1777298372984632,0.02345582546951138,0.2011856627679746
-0.06864653008969802,-0.20018990314425625,0.1315433730545582
0.7983361468481371,0.5691653560881841,0.22917079075995306
-0.10838448137539293,-0.1694862137500691,0.06110173237467616
-0.9343950241105358,-0.7543236182901817,0.18007140582035408
0.8186422040692406,0.6873934765972992,0.13124872747194138
0.18790360708623385,0.23465591315904505,0.046752306072811195
-0.6268861342987398,-0.4203636319859354,0.20652250231280445
0.8672305387722175,0.7070530739138267,0.1601774648583908
-0.43257126979967425,-0.25344163565241246,0.1791296341472618
0.45140314809669546,0.4232118226065775,0.028191325490117936
0.9473620101625662,0.7317180106038849,0.2156439995586813
-0.38030946241604535,-0.21250002321580522,0.16780943920024013
-0.5049568774976044,-0.4593564670465067,0.04560041045109775
-0.09052493982866285,-0.16032968361185054,0.0698047437831877
-0.7863999165521232,-0.6563330028092511,0.13006691374287205
0.8959087893081578,0.6797478099705208,0.216160979337637
-0.9439694135917216,-0.8134897110741237,0.13047970251759788
-0.7651850740890918,-0.4222029553291576,0.3429821187599342
0.5147979848009537,0.3253570040316414,0.18944098076931232
-0.36096234621702755,-0.10548557240536544,0.2554767738116621
-0.9111607014098443,-0.7194208143062296,0.19173988710361467
-0.5685750818447037,-0.36400305888237683,0.2045720229623269
0.9779722951754279,0.8280773718659066,0.14989492330952137
-0.651234176629356,-0.7371562366001322,0.08592205997077618
0.19333431290276076,-0.03005958085030108,0.22339389375306185
-0.8077383653807688,-0.7215966215234011,0.08614174385736773
-0.3710084740138856,-0.20453986086296153,0.16646861315092407
0.6485476692176994,0.4452830767665939,0.20326459245110545
0.6315281890880005,0.39833693507338686,0.2331912540146136
0.9216174889199262,0.6957529229943578,0.22586456592556847
0.7921979261021556,0.566548406057571,0.2256495200445846
0.17088944867070563,0.21677075478773464,0.04588130611702901
-0.24964516935139078,-0.1161752590758749,0.13346991027551586
0.8937392151292356,0.7150032855852863,0.17873592954394935
-0.5844145676718392,-0.5133085429231371,0.07110602474870209
-0.1988928602302302,-0.24112848573792614,0.04223562550769594
-0.0009920872116045928,-0.0918818500561275,0.09088976284452291
0.5783594019579347,0.6237503123962801,0.04539091043834542
-0.9485183887112975,-0.7397598708712042,0.20875851784009325
0.5442280563609004,0.49221910327452784,0.0520089530863726
0.856136180065344,0.6184786147231692,0.23765756534217475
-0.9059276240959921,-0.6547426651748747,0.2511849589211175
-0.20778747599273925,0.09974883782262159,0.30753631381536084
0.7896247188708253,0.6405678566987485,0.1490568621720768
-0.9298948450692339,-0.7287197251204263,0.20117511994880766
-0.7480894792568671,-0.6301753181862966,0.11791416107057051
-0.8427631899455222,-0.6143034470081318,0.22845974293739046
0.9388526526151836,0.799911602639432,0.13894104997575163
0.7370786668644153,0.43336074596090607,0.3037179209035092
-0.4454801533029219,-0.2670889770582859,0.17839117624463602
0.5042311530262846,0.46650795625281305,0.03772319677347158
-0.8831950877035945,-0.7031117387314829,0.18008334897211153
0.11408547744959266,0.1695439099639848,0.05545843251439214
-0.6286568105426279,-0.43926014108389855,0.18939666945872935
0.1191823716599283,0.21118296620807053,0.09200059454814223
-0.834317476979429,-0.6082787684764199,0.2260387085030091
0.6689917702635253,0.4545154999861793,0.214476270277346
0.5446195882042362,0.3546069384080887,0.19001264979614746
0.38612224222510416,0.3719630162324218,0.014159225992682378
-0.9386608332252141,-0.7322616107943838,0.2063992224308303
-0.6995536912041883,-0.5952405121065496,0.10431317909763871
-0.07068486140768764,0.11275473064046006,0.1834395920481477
0.03053783451988246,-0.05862556283285443,0.08916339735273689
0.6315387145785795,0.568300843132751,0.06323787144582849
0.8996519914726318,0.6742357332327105,0.22541625823992129
0.8807840526339182,0.65156450059828,0.22921955203563826
0.11490488702853824,0.0028987624135700107,0.11200612461496823
-0.6792034491025057,-0.5816857603171126,0.09751768878539313
-0.38557645014978276,-0.2302029264511648,0.15537352369861795
0.600099853464742,0.5256616325172638,0.0744382209474782
-0.668385276501969,-0.34338844280432973,0.32499683369763926
-0.4676175894089761,-0.2769025779657586,0.19071501144321745
0.1786571752500704,0.24920645798164073,0.07054928273157032
0.8561845631222548,0.6976067453983257,0.1585778177239291
-0.7111841825471338,-0.48500901855647943,0.22617516399065435
0.7626894332371228,0.6327096281017746,0.12997980513534824
-0.8766727142164594,-0.665984414303662,0.21068829991279747
-0.9418214735570839,-0.742189584248649,0.1996318893084349
-0.3672908893350102,-0.3561592885908267,0.011131600744183512
0.34539305006337945,0.3385329670690786,0.0068600829943008534
-0.9338371891201799,-0.7578588136454808,0.17597837547469908
-0.9178332307923881,-0.7084864443165302,0.20934678647585792
0.8929628759107915,0.7210126457453129,0.1719502301654786
0.6667604120031257,0.5716295251765815,0.09513088682654425
0.20683140769479022,0.24956522568236353,0.04273381798757331
-0.5513581457551237,-0.4898933947045731,0.06146475105055055
0.07813465544976375,-0.026471617710625766,0.10460627316038952
0.47636933672119314,0.43430473104537803,0.0420646056758151
0.9368499963638784,0.7133294269992878,0.22352056936459064
0.11465407976874532,-0.0034412038442318835,0.1180952836129772
-0.053126275537183514,0.04516000669252253,0.09828628222970603
0.7351181393781034,0.6184175068383235,0.11670063253977991
-0.8228082345101766,-0.5975160007924328,0.22529223371774376
0.8836186310479077,0.71190978020465,0.1717088508432577
-0.7828619347045193,-0.6567633002419465,0.12609863446257275
-0.6434708341673065,-0.43618449663298076,0.2072863375343258
-0.8782405854222444,-0.6388468881510139,0.2393936972712305
-0.4475128953011303,-0.41824916576166443,0.029263729539465877
0.8194740537656605,0.7416615160561171,0.07781253770954344
-0.9108780834636921,-0.6090071921076683,0.30187089135602385
-0.7268891578182376,-0.6223450779216412,0.10454407989659642
0.7532790602569714,0.5304830510093355,0.22279600924763598
0.08424658850924849,-0.015482871804573878,0.09972946031382236
-0.38818700143361357,-0.3836543065336477,0.004532694899965883
-0.26539008744289544,-0.08854680263576997,0.17684328480712547
0.439356462825885,0.12681797449102467,0.3125384883348603
-0.9548735813971219,-0.7207231446411289,0.234150436755993
-0.9748870521370169,-0.7766043514778156,0.19828270065920128
-0.9443046267516723,-0.7200315313309095,0.2242730954207628
-0.03189089460755218,0.04942012864556617,0.08131102325311834
0.3447603288892247,0.3520861858444994,0.007325856955274712
-0.6711473842461181,-0.7368159034642356,0.06566851921811756
-0.24250245203317303,-0.26242900792031515,0.019926555887142122
0.9560875205907128,0.7337789311536229,0.22230858943708987
-0.6743753801435833,-0.4628821930544088,0.21149318708917453
-0.7342316737655202,-0.5623511382560492,0.17188053550947102
0.3261583885212044,0.3502067629841139,0.024048374462909528
0.963977823999572,0.7756139816101556,0.1883638423894164
-0.012367619836588075,0.07506064634244036,0.08742826617902844
-0.9196020168078011,-0.7022005528795683,0.21740146392823279
0.10437716801374464,-0.006255745421584016,0.11063291343532865
0.4883387144116455,0.4572748215736167,0.031063892838028795
0.8230437031695483,0.7496390346257118,0.07340466854383654
0.6609717743423004,0.5716666009658621,0.08930517337643828
-0.7419813944591247,-0.38592327842014956,0.35605811603897514
-0.8668950249701837,-0.6331063874282481,0.23378863754193557
0.10475490206819632,0.16439229748612358,0.05963739541792726
0.8624390609303415,0.6372332224102479,0.22520583852009357
-0.35718342267931025,-0.3492726798575878,0.007910742821722438
0.5745599901739756,0.2636474445738157,0.3109125456001599
0.3815815307117783,0.3730669129472166,0.008514617764561694
-0.5592642223003133,-0.5021745286284123,0.057089693671900976
-0.4594104383805508,-0.42810501209757174,0.031305426282979054
-0.06298511253488306,-0.23868375405276296,0.1756986415178799
-0.801380509525371,-0.5604710183030271,0.24090949122234384
0.9445705433325324,0.7273251983414974,0.21724534499103498
0.3103481112264963,0.1608808584430194,0.14946725278347692
0.8951482357943938,0.6632231009844901,0.23192513480990373
-0.9007531730168893,-0.6626917981998661,0.23806137481702316
-0.4644304084534597,-0.4347430723944266,0.029687336059033065
0.8259752571193026,0.6817925380498164,0.1441827190694862
0.46444826613559576,0.2814462344540754,0.18300203168152035
-0.48170376676843707,-0.29625691830648676,0.1854468484619503
0.06756182513317505,0.14290293381192012,0.07534110867874508
0.9302973863412347,0.6877401531706339,0.24255723317060085
0.9462318278031877,0.7279821226665297,0.21824970513665798
-0.06677354014123428,-0.13750221377065786,0.07072867362942357
-0.05152836226306919,0.047291396632682586,0.09881975889575179
0.04738698289545331,0.11304063106972848,0.06565364817427516
-0.031001252438221674,0.05932939523378088,0.09033064767200255
-0.569500469026302,-0.5009999897183551,0.0685004793079469
0.2935084304808106,0.14723839425199511,0.1462700362288155
0.4496896464671437,0.23791165775041734,0.21177798871672637
0.20690879015596503,0.07577521355814648,0.13113357659781855
-0.9432302476951077,-0.7455622188809115,0.1976680288141962
0.9036710614310136,0.7590688221743526,0.14460223925666105
-0.959221264751921,-0.7942363156041374,0.1649849491477836
-0.14087149326365733,-0.1924810681709954,0.05160957490733806
-0.30525772668416856,-0.3133637850960355,0.008106058411866957
-0.5835995674490271,-0.7002933918520513,0.11669382440302423
0.08486601897905081,-0.1891257293589587,0.2739917483380095
-0.0542546265035198,0.03703519557543228,0.09128982207895209
-0.9138166124201853,-0.708310043784735,0.20550656863545025
0.14063238717143983,0.1965339440179082,0.05590155684646836
0.9043137768624998,0.7190579971677044,0.18525577969479545
0.18454677488543852,0.24525603471282953,0.060709259827391004
-0.894368263142591,-0.6709020591690019,0.22346620397358907
0.17293537060854594,0.21334081228366347,0.04040544167511753
0.9480060071635898,0.7250556763776297,0.22295033078596016
-0.5001801588395407,-0.4514127718914221,0.04876738694811861
0.18239092268892365,0.27577953652650145,0.0933886138375778
-0.9472790477186018,-0.7330906862382541,0.2141883614803477
0.9465659517071551,0.7203236515244772,0.22624230018267788
0.8195353718218864,0.6674492603788735,0.15208611144301287
0.9156455310880386,0.7257949042454817,0.18985062684255694
-0.7608646469027842,-0.6363986774768315,0.12446596942595267
0.38339053694078334,0.21762530457508675,0.1657652323656966
-0.8376268860763078,-0.6976232073547998,0.14000367872150798
-0.4018575219889059,-0.10000766747935214,0.30184985450955376
0.8213064587617884,0.6733988021177304,0.14790765664405803
0.10162039578441957,0.14922020052650722,0.04759980474208765
0.867304511851597,0.644320436842783,0.222984075008814
-0.4139663933319257,-0.24266547413760173,0.17130091919432397
-0.7032554583214411,-0.6632025128848349,0.0400529454366062
0.5359455814998261,0.22556354566827858,0.3103820358315475
-0.9525705722926425,-0.8211967178147822,0.13137385447786032
-0.37739832243396904,-0.37109090143504847,0.006307420998920565
-0.6691538657108949,-0.46043636661626736,0.2087174990946275
0.5578131734493389,0.3506622818326621,0.20715089161667677
0.7193706665189424,0.6082477079082365,0.11112295861070598
0.1993772640572308,0.23081084435295524,0.031433580295724434
0.8071508527166164,0.669802768681727,0.1373480840348894
-0.912785143209649,-0.7646255877151501,0.14815955549449888
-0.9071237708203999,-0.6916971839194245,0.21542658690097538
-0.7812507029693846,-0.5562338345303351,0.22501686843904944
-0.6550922453172563,-0.4473627362622522,0.2077295090550041
0.5457194525439953,0.3567953103803243,0.18892414216367104
0.3694681091494714,0.3674877641473978,0.0019803450020736135
0.342992225204984,0.34051200635370665,0.0024802188512773604
-0.9501313209528172,-0.7316504608891791,0.2184808600636381
-0.06313122857008874,-0.23544027812710117,0.17230904955701243
0.13096156713806822,0.19438600051942242,0.0634244333813542
0.8411979808262224,0.6138790052894988,0.22731897553672364
-0.8873508430589893,-0.7159160324391766,0.1714348106198127
0.5022127798623073,0.47347008523081996,0.02874269463148732
-0.07372285168975451,-0.1564077317806604,0.08268488009090588
-0.9257718289093325,-0.7117786166443918,0.21399321226494072
-0.9282067949975187,-0.6942151942100969,0.23399160078742176
0.8608503453943703,0.7034488169244587,0.15740152846991162
0.829097447249984,0.726223452410651,0.10287399483933302
0.6194741468202529,0.41359381827261277,0.20588032854764016
-0.16051499850505246,-0.03788463574218109,0.12263036276287137
-0.35365644422466685,-0.19243808048001756,0.1612183637446493
-0.0554405602615437,-0.12125013650767377,0.06580957624613007
0.38901098144177937,0.20967449701575888,0.1793364844260205
-0.9003186250305245,-0.6906308055307048,0.20968781949981974
0.8937818069881788,0.7600034952304829,0.13377831175769583
-0.9523727328688072,-0.7552116468887919,0.19716108598001525
0.1616623135042701,0.04531528011824101,0.11634703338602909
-0.8861341846741362,-0.700444452653508,0.18568973202062822
0.7284792154712126,0.5070087165228371,0.22147049894837556
0.9257001842504462,0.7338784330016457,0.19182175124880052
-0.3958017087550693,-0.15115155412536382,0.2446501546297055
0.6354641106785688,0.4219937780592479,0.21347033261932086
0.9302335133498908,0.73626144571253,0.19397206763736075
0.005674904256547492,-0.07691513903863778,0.08259004329518527
-0.9438946007557999,-0.7337756605361118,0.21011894021968813
0.6319784682060908,0.5505620123347056,0.08141645587138524
0.9422762350595569,0.7292302103531871,0.2130460247063698
0.4028080915916285,0.2287829835002075,0.174025108091421
-0.6964006158028186,-0.48627150893071847,0.21012910687210018
0.7412520383105213,0.6962431684870745,0.04500886982344687
-0.33520783958603845,-0.36259019401365333,0.027382354427614886
-0.4739345475142429,-0.30023029946514407,0.17370424804909884
-0.939548335745755,-0.7139048106797096,0.22564352506604546
-0.7823787200197726,-0.43218970357993614,0.35018901643983646
-0.28348606782659364,-0.324509733094601,0.04102366526800738
0.8528663243795382,0.6185501369372918,0.23431618744224647
0.7037087397107774,0.593556572428263,0.11015216728251442
0.7059336228681168,0.6009470004480847,0.1049866224200321
-0.9073639485343766,-0.7235841639628735,0.18377978457150312
0.9419763163355438,0.7295211651448601,0.2124551511906837
0.3491883962860811,0.1879445787574351,0.16124381752864603
0.7409291522624057,0.629074625193893,0.11185452706851273
-0.8627734548100086,-0.6953994695201758,0.16737398528983272
0.49937585259569595,0.3248859114751488,0.17448994112054717
-0.5298877797226063,-0.4821710158814366,0.04771676384116963
-0.557085761272858,-0.501680486217908,0.055405275054950076
0.7948268175311735,0.6644025066024469,0.13042431092872653
-0.9422714923639853,-0.7198169632586464,0.22245452910533892
-0.888716254986939,-0.6498029033982454,0.23891335158869353
-0.20407040456755005,0.08750203577316891,0.29157244034071894
-0.8076290319185907,-0.674560680571721,0.13306835134686967
-0.1974747500732214,-0.23217412151716424,0.034699371443942834
-0.5542669744623755,-0.5126446746823926,0.041622299779982885
-0.9448821564575912,-0.7753106560080713,0.16957150044951996
-0.9578390908924009,-0.7530926399939625,0.20474645089843846
0.38462319958747054,0.37104040152258827,0.013582798064882273
0.8561770050279716,0.7352112990616523,0.12096570596631928
-0.367381836080047,-0.36279911813140425,0.004582717948642734
-0.15778404137616475,-0.03751440952088497,0.12026963185527978
-0.7031083982869393,-0.48645600762690205,0.21665239066003722
0.11880685374559055,0.19812028565767592,0.07931343191208537
-0.9480230327016332,-0.7235710801239382,0.224451952577695
0.49331024568768506,0.5827446505835282,0.08943440489584314
-0.918316506419614,-0.7271234211254998,0.19119308529411427
-0.9139862814768911,-0.6820519968483127,0.23193428462857835
0.683309264178937,0.4575007327389543,0.2258085314399827
0.4654722328305912,0.44172278310076085,0.02374944972983034
-0.9265421910828724,-0.744464598282568,0.18207759280030444
0.95346467152598,0.7198162839416032,0.23364838758437678
-0.6447111305406236,-0.44676088647257056,0.197950244068053
0.3968876443942534,0.380402422827882,0.01648522156637139
-0.5509400977950633,-0.5000002844226059,0.05093981337245734
0.7957961151201304,0.5614064472909738,0.2343896678291566
-0.7528924056873151,-0.5305289819683978,0.22236342371891726
-0.7863010398968929,-0.5601645286174262,0.22613651127946677
-0.787507167515717,-0.5586821544379653,0.22882501307775172
-0.7157971365961039,-0.6167343080996038,0.09906282849650005
0.9190843581048365,0.7745259476958095,0.14455841040902695
0.6077664313736402,0.5418401992364194,0.06592623213722082
0.23781833435238484,0.27075603374925766,0.03293769939687283
-0.4937802057422814,-0.30694494854126164,0.18683525720101973
-0.49238866121485075,-0.30004974403829243,0.19233891717655832
-0.8777370931962974,-0.6536557681264294,0.224081325069868
0.30108178920659673,0.31265993610201515,0.011578146895418417
-0.9526280281736367,-0.7439674728757533,0.2086605552978834
0.49693165634847425,0.45983745304268137,0.03709420330579288
-0.5431717690256562,-0.34598496961949704,0.19718679940615919
0.9142257197882466,0.699015010732714,0.21521070905553263
0.18691692554550696,0.05669906561078713,0.13021785993471982
-0.9457082305720467,-0.7354452900553242,0.21026294051672245
0.40032020365108323,0.23342080801842766,0.16689939563265557
-0.47663418833684557,-0.2926057213236969,0.18402846701314868
0.9144719259698084,0.6825596310830316,0.23191229488677678
0.008822516364492477,-0.24740424193771665,0.25622675830220915
0.7177754917615553,0.6151429796752719,0.10263251208628343
0.6092659945263382,0.40971174039201824,0.19955425413431999
-0.7339052355816512,-0.6177325875922963,0.1161726479893549
-0.8896614334311843,-0.6726091233344179,0.2170523100967664
-0.952131352182248,-0.7593504333626893,0.19278091881955872
0.0653139263380763,0.12976705910252756,0.06445313276445126
-0.5512930809590193,-0.3244303317429231,0.22686274921609623
-0.9467432344880423,-0.7890624777460575,0.15768075674198478
-0.858137640000717,-0.6999116785999191,0.15822596140079792
0.230259377158811,0.0961578315892993,0.1341015455695117
0.5232940133087921,0.4886983492505377,0.03459566405825443
-0.6695695919530895,-0.4595357706225928,0.2100338213304967
0.836454968751193,0.6923274350635681,0.14412753368762488
0.7031487450994107,0.40592095015099305,0.29722779494841767
0.92037183528803,0.7232237508844582,0.1971480844035718
0.49143843344151233,0.4481728456298217,0.04326558781169065
0.7673380388262966,0.41797227385035546,0.34936576497594113
-0.6217617050662027,-0.28823399784662274,0.3335277072195799
0.9191062588534443,0.6129089371510497,0.30619732170239466
0.8996825094175678,0.7299562520210673,0.1697262573965005
0.23049667720341507,0.10261234306486446,0.1278843341385506
-0.8632957810788927,-0.5185193943444166,0.3447763867344761
-0.9358836591120621,-0.7129012316277478,0.2229824274843143
-0.7831738826516453,-0.5629082728110425,0.22026560984060284
-0.0064933241289291295,0.07317469105473463,0.07966801518366376
-0.3333109483051185,-0.16241329739504937,0.17089765091006912
-0.9485425183133821,-0.7423739069852084,0.20616861132817366
0.8333068484267222,0.6036522590792525,0.22965458934746974
-0.19777579170205017,-0.234834330590094,0.037058538888043835
0.9120364894452669,0.6738002475593958,0.23823624188587111
-0.39296931784367634,-0.10712730209788199,0.2858420157457944
0.6461143838767327,0.4373338607207538,0.2087805231559789
0.9481495374328208,0.7264884323085332,0.2216611051242876
-0.7043924351264784,-0.49258956547363664,0.21180286965284179
0.8251768806296496,0.6048633268326162,0.22031355379703332
0.22176580916529154,0.4014376074374576,0.17967179827216606
0.9188543205503381,0.744604615476653,0.1742497050736851
-0.9429712687697505,-0.7383353031215822,0.20463596564816822
0.9274162869959436,0.7351160336062476,0.19230025338969603
-0.9264113656316315,-0.7167551393648448,0.2096562262667867
0.5383312634330695,0.48266486071953013,0.05566640271353934
-0.8974205009758623,-0.7157018558366327,0.18171864513922964
0.10006930342394253,0.17568402534391647,0.07561472191997394
0.19682161445418547,0.07462955777209529,0.12219205668209018
0.9306862802766096,0.732410230675401,0.1982760496012086
-0.8904846384777784,-0.7177889310986292,0.1726957073791492
-0.9463386863739734,-0.7340336624239984,0.21230502394997508
0.5042797711673995,0.31778373331149296,0.18649603785590657
0.03039389201317453,-0.0682113964924437,0.09860528850561823
0.6435075205688424,0.5755852373604322,0.0679222832084102
0.5519604999566595,0.591357740494053,0.03939724053739346
0.4460254335946302,0.26568826663385964,0.18033716696077057
0.9173136275200987,0.7340509640224993,0.18326266349759945
-0.4655402805879264,-0.28564953812540206,0.17989074246252434
0.007218516885335329,0.08750410902845379,0.08028559214311846
0.34542424646623027,0.34671397637637663,0.0012897299101463644
-0.8805372449658817,-0.6462802377466987,0.23425700721918297
-0.9419073427582472,-0.7405505530503399,0.20135678970790727
-0.2043835256170596,-0.2704358365499086,0.066052310932849
0.48647476334115664,0.2626160664465385,0.22385869689461813
0.3037583915331783,0.30726109913395355,0.0035027076007752567
0.3888560106510394,0.2178513938058223,0.17100461684521712
0.5904860125248408,0.5170269242958344,0.07345908822900638
0.6144399458875255,0.6821263256607872,0.06768637977326175
-0.8589260519573562,-0.6139950565124227,0.24493099544493346
-0.9591333334318609,-0.7552025938028845,0.20393073962897645
0.2303599152985218,0.09307915149035105,0.13728076380817072
0.93607867621735,0.7135173249573946,0.22256135125995535
-0.9432500191871632,-0.7395942177182843,0.20365580146887896
0.21705040219883465,0.24809516471792215,0.0310447625190875
-0.5963156859241342,-0.5354818902913453,0.0608337956327889
-0.6003151548462651,-0.5358318726835182,0.0644832821627469
0.9070832426798586,0.6789940307482412,0.22808921193161746
0.7324052691225347,0.6084993707800048,0.12390589834252985
0.7653803453619529,0.5423424759387029,0.22303786942325
0.9422458198638711,0.7103552371115669,0.23189058275230423
0.5778954221884899,0.37398397683679707,0.2039114453516928
0.8031570569262557,0.6636278483438801,0.1395292085823756
0.29094857311165223,0.1477887414740354,0.14315983163761684
-0.7467942292476989,-0.5254268528490008,0.22136737639869808
-0.4236583774777882,-0.4002439089737458,0.023414468504042385
0.4387984397386009,0.26409410968257635,0.17470433005602454
0.3527435011819505,0.34469146585400545,0.008052035327945073
0.9441604898571513,0.7216865176168915,0.22247397224025978
-0.5812655505685458,-0.38052354616180606,0.20074200440673973
-0.9069873524527619,-0.7208387090327948,0.18614864341996706
-0.14485770971767323,-0.20557020607448934,0.06071249635681611
0.8637017607487996,0.6397522848067523,0.22394947594204728
0.9704927317092364,0.8291439210332847,0.14134881067595173
0.748496709888622,0.4970760766790927,0.25142063320952934
0.869044722705791,0.6778178699122821,0.19122685279350893
0.4960762931055737,0.4508078029719358,0.04526849013363793
-0.9400705713626675,-0.742686125030447,0.19738444633222052
0.44689086517010906,0.41617550591676816,0.0307153592533409
-0.125313992020802,-0.18013373714214873,0.054819745121346714
-0.9564980605082899,-0.7179248034781781,0.23857325703011178
0.6033576190872623,0.3999446265801169,0.20341299250714534
0.8943790580468246,0.6659656571982253,0.2284134008485993
0.2680249438996156,0.11378584930927409,0.15423909459034152
-0.5848865598910606,-0.3886364624934218,0.19625009739763882
0.9159515120198494,0.6840424339402829,0.2319090780795665
0.13007515971258587,0.1886485289708006,0.058573369258214714
-0.839505086750539,-0.6179888037210161,0.22151628302952298
-0.8306587980471419,-0.6007298758794656,0.22992892216767635
0.019792095229774417,0.10324601434410254,0.08345391911432812
-0.0663536405393624,-0.13735480362301847,0.07100116308365607
-0.1815631746165088,-0.07014577482160936,0.11141739979489945
0.7915577182621683,0.6698310284796802,0.12172668978248802
-0.1523301445278409,-0.03783634579755131,0.1144937987302896
0.05357387839709882,0.11612407971061507,0.06255020131351625
0.04239385151297332,-0.037626682159986366,0.08002053367295969
0.9373200869570086,0.7202569573518284,0.21706312960518026
0.6764739789416787,0.4483214545649966,0.2281525243766821
0.6786006605756699,0.46097557666391914,0.21762508391175078
0.6464034032153181,0.5677090589754362,0.07869434423988186
-0.710540172983436,-0.49226176395210586,0.2182784090313301
-0.2297065525200359,-0.09171452767406556,0.13799202484597034
-0.8397027305519226,-0.6876286861644936,0.152074044387429
-0.37224789080492904,-0.18401775627595224,0.1882301345289768
-0.19225681569606004,0.06485675227966867,0.2571135679757287
0.5640312722878794,0.516168630307519,0.04786264198036039
-0.6191794057281433,-0.41254930900258974,0.2066300967255536
-0.9236022376338715,-0.7449829039558638,0.17861933367800775
-0.6307217523193108,-0.5480237961191556,0.08269795620015519
-0.06752353042061011,-0.13172193958633846,0.06419840916572835
0.7417522708337351,0.5220849711989912,0.21966729963474385
0.2687163954028265,0.12258277774716902,0.14613361765565747
0.9076195324552682,0.7446002998394241,0.16301923261584406
0.8067974163742173,0.6650598318927624,0.1417375844814549
0.8257017190311676,0.6744504518135936,0.15125126721757398
-0.07244849503997525,-0.150812393161818,0.07836389812184275
0.2869145838606116,0.3000426084965193,0.013128024635907731
-0.8744815392235006,-0.7089229051817842,0.16555863404171633
0.9131368702405469,0.749462425590762,0.16367444464978487
0.09153757219897572,-0.015244309882722292,0.10678188208169802
0.3010731230590657,0.3125716752465497,0.011498552187484024
0.636842330733163,0.6547111018964351,0.017868771163272124
-0.9409547063780819,-0.7415023760690002,0.19945233030908172
0.2349905909920886,0.2635850611741683,0.028594470182079695
-0.8044068806580864,-0.589632459030134,0.21477442162795246
-0.964261199578097,-0.721911307833148,0.24234989174494892
0.16813238626449833,0.22695193763103055,0.05881955136653222
0.3141270374144932,0.5099453042114119,0.19581826679691872
0.6728470197665654,0.34863467984761215,0.3242123399189532
-0.8163265861072482,-0.5813791456471938,0.23494744046005434
-0.7294918741410702,-0.6360947181757806,0.09339715596528964
-0.3670825273909743,-0.362747182489833,0.0043353449011412915
0.8515346133964469,0.6205574372163248,0.23097717618012203
-0.5495690726022107,-0.48834286685478273,0.06122620574742793
-0.2723303072661243,-0.12858629104260097,0.1437440162235233
-0.9523132919936419,-0.6853552710228967,0.26695802097074517
-0.26165599877854545,-0.001272113380647841,0.2603838853978976
-0.7113031411137438,-0.4866598420476495,0.22464329906609432
0.9468967170742405,0.7285196572418071,0.21837705983243338
0.5425294524394089,0.49973128568188524,0.042798166757523626
0.6594266275277474,0.45090662779464946,0.20851999973309793
-0.45329677235815835,-0.44789017146759874,0.00540660089055961
0.928119497749603,0.7419641639600464,0.18615533378955662
0.49607048317124275,0.30706539913782616,0.1890050840334166
-0.3523816999523531,-0.34866710943018425,0.003714590522168826
0.6426006215863664,0.5749308702151074,0.06766975137125908
0.541898072325615,0.4958437880752561,0.04605428425035896
-0.9314744788558312,-0.7770614022284151,0.1544130766274161
0.90710717460053,0.6716745269058321,0.23543264769469796
0.925473637461561,0.6408943496542581,0.2845792878073029
-0.024798288741369846,-0.10211816372944664,0.0773198749880768
-0.3837260323871301,-0.3703025846062807,0.013423447780849418
-0.02140219124924775,0.06896510734926545,0.0903672985985132
0.13739321554577288,0.027176289179805524,0.11021692636596736
0.45282144895694476,0.4398083846615846,0.013013064295360144
-0.9258576917879011,-0.6986463843346724,0.2272113074532287
0.9378855283465806,0.72724373315389,0.21064179519269055
0.8720454576110603,0.7090303235973819,0.1630151340136784
0.9721398235998758,0.8276680658198508,0.14447175778002508
-0.8914439289960526,-0.6508527992151308,0.2405911297809218
-0.46115426632053336,-0.27952973025599964,0.18162453606453371
-0.8893068870789336,-0.7106550977591366,0.17865178931979697
0.5109477304507855,0.3037390427755015,0.20720868767528394
-0.9183431146063604,-0.69439051413296,0.22395260047340038
-0.26987312612927566,-0.1312835261230829,0.13858960000619278
-0.7319446315441991,-0.6174948904689804,0.11444974107521866
0.7224060470776523,0.6153613336167761,0.10704471346087618
0.40822435839268056,0.24307878533462868,0.1651455730580519
0.5134319583878963,0.6525997251572845,0.13916776676938813
0.9358751077645686,0.7053908669703935,0.23048424079417507
-0.07869295199529451,-0.160946412251845,0.08225346025655049
-0.9573746721499905,-0.7653467017466037,0.19202797040338682
0.3165055212071274,0.3823887567164879,0.06588323550936054
0.11158094598763978,0.002987467490958599,0.10859347849668118
-0.573975394528386,-0.6470430581011783,0.07306766357279237
-0.9159485546549807,-0.7075912937145535,0.20835726094042717
-0.8209321493207611,-0.5941577060169436,0.22677444330381746
0.8612118821590996,0.6380840948352405,0.22312778732385907
0.04329483322552665,0.11797547163864762,0.07468063841312098
-0.8051368615513373,-0.7398195689631959,0.06531729258814145
0.8236766407856643,0.6854058248851899,0.1382708159004744
-0.9353028835361096,-0.6745609579686277,0.2607419255674819
0.9147451084407968,0.6980123143888559,0.2167327940519409
-0.5051102445009563,-0.45825959402388433,0.04685065047707199
-0.754574015107614,-0.5122634571139871,0.24231055799362688
-0.71158782561862,-0.49811202022746653,0.21347580539115346
0.8325496414439485,0.7014879286255304,0.13106171281841805
0.39224302370782926,0.21852150327915534,0.17372152042867392
-0.1259554698166106,-0.01452674110095503,0.11142872871565557
-0.299625698352268,-0.13952120654198394,0.16010449181028405
-0.8630760492157328,-0.7049144656954904,0.15816158352024234
-0.6213558012769633,-0.5653524553832892,0.05600334589367417
0.24187783753862604,0.07664595653992709,0.16523188099869895
-0.8710565954267558,-0.6409900490859544,0.23006654634080148
-0.9412809834811955,-0.7723196625962019,0.1689613208849936
-0.5100352204070094,-0.3203521084235714,0.189683111983438
0.9176910098770277,0.6793730280356945,0.23831798184133313
-0.7480873205661779,-0.6329892538390908,0.11509806672708711
-0.9653205691911605,-0.7799625959622095,0.18535797322895098
0.19879690876020328,-0.04738990907909641,0.2461868178392997
-0.8629158697444611,-0.6297848692340118,0.23313100051044933
-0.088569437812474,0.11884900856540913,0.20741844637788315
-0.8951816613356356,-0.6235935211815514,0.27158814015408417
0.946463055818897,0.7279007927871896,0.21856226303170745
-0.7775641852625584,-0.741463404855797,0.03610078040676146
0.14929064643997772,0.2434895621599756,0.09419891571999789
-0.428893226042583,-0.40845633859848557,0.02043688744409744
0.46349287567323777,0.49209982590945084,0.02860695023621307
0.4453605173982759,0.2641359938376823,0.1812245235605936
-0.9639844684984524,-0.8303198992357067,0.13366456926274572
0.38808353900252907,0.2149817507995506,0.17310178820297847
-0.918448850644348,-0.7284026592080779,0.1900461914362701
-0.9699812460482324,-0.8134824214327769,0.1564988246154555
0.3081667266801103,0.5919297070014238,0.2837629803213135
0.9577066863079488,0.7858044540785363,0.17190223222941248
0.8776008971287288,0.6440538526064361,0.2335470445222927
0.5231593782892111,0.4747553020946585,0.048404076194552614
0.568285550648863,0.5577648691253151,0.010520681523547903
-0.6695786462309006,-0.4533703555697268,0.21620829066117375
-0.048474671633010086,0.039818719316172854,0.08829339094918294
-0.4982850100798989,-0.45822596137116917,0.04005904870872973
-0.407591462437415,-0.19697549268284548,0.21061596975456953
-0.6224067266358166,-0.4206541904255861,0.20175253621023054
-0.928763930178753,-0.7255006458651866,0.20326328431356644
-0.9436638653283419,-0.7274906324634671,0.21617323286487478
-0.30664850976911673,-0.13990909883473884,0.16673941093437789
0.31977946708499877,0.11114660317519189,0.2086328639098069
0.7197582693714638,0.6111955586471957,0.10856271072426815
-0.9082123235983927,-0.726427028924452,0.18178529467394067
-0.8703146689494751,-0.7025141018998448,0.1678005670496303
0.2164498373478522,0.07473872124976667,0.1417111160980855
0.4468955323085432,0.4189910345784409,0.027904497730102285
0.6716410431391482,0.6769284773439436,0.005287434204795383
0.7714944210647391,0.562294739687189,0.20919968137755007
0.8520004691765648,0.6984863676917864,0.1535141014847784
0.7333606854832482,0.6315681872571587,0.10179249822608949
0.5337643679064549,0.30395452158019953,0.22980984632625534
-0.6342885350804439,-0.4194753710568854,0.2148131640235585
0.8261115250311787,0.7190126390791692,0.10709888595200945
-0.6898999147061371,-0.5851549722807999,0.10474494242533716
-0.8423391889262017,-0.680093535217001,0.16224565370920074
0.8137594337654883,0.7083390647467418,0.10542036901874652
0.00807086881355393,-0.10373462908474544,0.11180549789829937
-0.5447863639530445,-0.34858395808922715,0.19620240586381732
0.9386437782146082,0.7364304883226387,0.20221328989196952
0.8368396474500084,0.7412928480518921,0.09554679939811628
0.00090094676417821,0.09002406622848967,0.08912311946431146
0.5594578544332237,0.4994143590428533,0.060043495390370405
-0.45633129315862336,-0.2820373491037193,0.17429394405490406
-0.9224923381310637,-0.6979809985261548,0.22451133960490888
0.9090994040198797,0.7224033933257896,0.18669601069409003
0.2371903667621834,0.26868281606693173,0.031492449304748316
-0.9466542318696742,-0.738621301067618,0.2080329308020562
0.038742887606945525,0.1089252377934786,0.07018235018653307
0.6873491555261106,0.47257603545856336,0.21477312006754729
-0.6868615860628172,-0.57528746571514,0.11157412034767722
0.6012644859188055,0.5341718190857031,0.06709266683310244
0.9534529132754456,0.6989734175390612,0.2544794957363844
0.48846058886496857,0.4651554052807966,0.023305183584171996
0.9238539040346118,0.7385509612685264,0.1853029427660854
0.9166241426369264,0.6900228988846783,0.2266012437522481
-0.8610892050256242,-0.6276698633330283,0.23341934169259593
0.8664992497986006,0.629389344932696,0.23710990486590455
0.6531926884953619,0.5576614378022905,0.09553125069307145
0.39911710944618006,0.23738699566092447,0.1617301137852556
-0.925373041228449,-0.7412255502216194,0.1841474910068296
-0.8673185280371972,-0.6023526371369153,0.2649658909002819
-0.9385617125109618,-0.7524225147670095,0.18613919774395227
-0.8245766461373645,-0.7383189704101951,0.08625767572716936
-0.8375909767787163,-0.6201055174863557,0.21748545929236063
-0.21489432196241237,-0.2408466772778585,0.025952355315446124
-0.9370814691359288,-0.7138664076870022,0.22321506144892667
-0.3780694382191022,-0.4893533366702073,0.11128389845110509
0.9519151977767126,0.7893681102054126,0.1625470875713
-0.7855936523311974,-0.555529953736455,0.2300636985947424
-0.9250762974706432,-0.7243501836892005,0.20072611378144278
0.37377484552385415,0.36684767285263464,0.006927172671219506
0.7840221168383057,0.6517990099513514,0.13222310688695427
0.9479638899619611,0.7392790349772267,0.20868485498473444
0.37713216407869493,0.371303816447055,0.0058283476316399185
-0.019441417197674133,-0.11017501603098613,0.090733598833312
-0.3430160271178766,-0.18689908501248148,0.15611694210539512
-0.17565481204502084,-0.02577675652030951,0.14987805552471134
-0.4961040162414858,-0.452530060290194,0.04357395595129182
-0.9239146580901524,-0.7137737499994528,0.21014090809069963
-0.7086799499134296,-0.49984194931064496,0.20883800060278468
-0.7895607380576415,-0.553700706038626,0.2358600320190155
-0.572409583619242,-0.5207891093750866,0.05162047424415539
0.6679156201860741,0.45954328838338737,0.20837233180268672
0.917960807985432,0.7439046572789446,0.1740561507064874
-0.5277483685713715,-0.3425508223461744,0.18519754622519713
0.2783498725889875,0.29093981310963585,0.012589940520648324
0.7438126651175415,0.6218538300462119,0.12195883507132965
0.7626998913966037,0.6370791419923443,0.12562074940425938
0.49379969083856695,0.44847622510799035,0.045323465730576606
0.14310212677299447,0.4062651842105435,0.263163057437549
-0.5218205695036477,-0.46925007226147436,0.052570497242173386
0.6437475318236147,0.4453623560284897,0.19838517579512494
0.7650572208371358,0.5445745626793486,0.22048265815778723
-0.6912951271469018,-0.48161885787873326,0.2096762692681685
0.6879284818578025,0.47742635500616537,0.21050212685163716
-0.620306756756578,-0.705724997505787,0.085418240749209
0.8839262282055771,0.7080386954135885,0.17588753279198854
-0.27478704551642985,-0.13524822242957685,0.139538823086853
0.9344027027002544,0.7453962816277555,0.18900642107249888
0.4898485913705221,0.6633697253867143,0.17352113401619224
-0.35165179051276124,-0.5106070739892642,0.15895528347650295
-1.2070973766331e-05,-0.07834572327208665,0.07833365229832032
-0.8004790022195865,-0.6606063511223783,0.13987265109720814
0.3123447364267802,0.31684349390896865,0.004498757482188476
0.24126273037957502,0.26220319218413574,0.020940461804560717
0.048202623554078144,0.16076156377272693,0.11255894021864879
0.22870499729067045,0.08492374554171303,0.14378125174895742
-0.07428273862305733,0.03521352686737374,0.10949626549043107
-0.19804657709898987,-0.0692924947407055,0.1287540823582844
0.3816751964816704,0.3671182680424445,0.014556928439225902
0.48201706307791276,0.4382034896170433,0.04381357346086945
0.8734402891436568,0.5799576199124492,0.2934826692312076
-0.3900450660807543,-0.17944654143395136,0.21059852464680293
0.5043286324195657,0.4798289010743571,0.02449973134520861
-0.736552464688021,-0.5112910388648544,0.22526142582316666
0.8611017734105577,0.6983299158963984,0.16277185751415935
0.11043796056313408,-0.008651815578410974,0.11908977614154506
-0.7781962741037403,-0.6545202765007961,0.12367599760294412
0.9568093752545513,0.8205506259367346,0.13625874931781679
-0.41285454932846644,-0.3981317687391727,0.014722780589293716
0.06497861015551455,-0.027499190746135604,0.09247780090165016
0.9222697204324832,0.7301591475852335,0.19211057284724975
0.8633356249835638,0.6981695130730958,0.16516611191046793
0.9361547054483071,0.7579307082931831,0.17822399715512405
-0.14111467714833084,-0.38601018836306,0.24489551121472916
0.771535572871808,0.5469479709267746,0.22458760194503335
-0.04853235541783664,0.04471912378014627,0.0932514791979829
-0.32797923066211365,-0.3449129984650361,0.01693376780292244
0.47599859919974524,0.29292018905585854,0.1830784101438867
-0.8447211963014802,-0.6213938265108506,0.22332736979062962
-0.4593980116530346,-0.43420688870194046,0.025191122951094158
0.2768549495183148,0.39092099063058294,0.11406604111226815
0.8313598963064007,0.6024001655842874,0.22895973072211329
-0.7679246046222753,-0.5486600970830666,0.21926450753920868
-0.3224125075510765,-0.16780795729372308,0.1546045502573534
0.3634865516283957,0.1315261513231036,0.2319604003052921
0.8094964929150489,0.6621320183897021,0.14736447452534673
-0.9478761712671334,-0.7349183335894348,0.2129578376776986
-0.7132641855111537,-0.5999612040336908,0.11330298147746287
0.510822321734622,0.5387011925255036,0.027878870790881582
-0.2433066720399596,0.07540754947278294,0.31871422151274253
0.9227677407700176,0.6949699422050747,0.22779779856494287
-0.4163773715453481,-0.41976827853741,0.003390906992061904
-0.02246565869258459,-0.10461252985182164,0.08214687115923705
0.38778171783126864,0.37086555307354163,0.016916164757727004
-0.04786709811814542,0.04641121127498586,0.09427830939313128
-0.5548496201398675,-0.36206240412167684,0.19278721601819065
0.038472217878829845,-0.11645874481986004,0.1549309626986899
0.47689256384332657,0.4323282662406931,0.044564297602633474
0.24413227789008474,0.26122460249102497,0.017092324600940234
0.31754243854268466,0.33974294754364914,0.022200509000964486
-0.3431341874919065,-0.3446634741285506,0.0015292866366440894
0.9201436960236826,0.6951003576384616,0.22504333838522106
-0.27862483078663447,0.03102452968904089,0.3096493604756754
0.6875100040435617,0.6130446259840171,0.07446537805954456
0.6920600972930779,0.3423233931492467,0.34973670414383123
-0.9159489204582081,-0.6858175967485677,0.2301313237096404
-0.5008816512028254,-0.44703233540344284,0.05384931579938251
-0.27974427495778525,-0.13603662144255166,0.1437076535152336
-0.21940390157555223,-0.25485430459201824,0.035450403016466014
0.5164574051717181,0.172828539458757,0.34362886571296114
0.4573082972052912,0.4316646538482829,0.025643643357008306
-0.2367819336496247,-0.2519674566757527,0.015185523026128023
-0.8818266412450346,-0.6528578582627843,0.22896878298225032
-0.6407498718419705,-0.6739708261593684,0.03322095431739791
-0.47432649924243864,-0.5420907872207831,0.06776428797834444
0.7749793269108864,0.6306620603127954,0.14431726659809108
-0.9071376624354416,-0.7648387357463554,0.14229892668908617
0.29519631200967367,0.15238000699895296,0.1428163050107207
0.05770018758618455,-0.1547657351004779,0.21246592268666245
0.898545618032099,0.7251292430432755,0.17341637498882345
0.9562765918664078,0.697349093776371,0.2589274980900368
-0.10730038030536942,0.007865462276054985,0.11516584258142441
0.8667947823925798,0.7090891159973444,0.15770566639523542
-0.9220221417324483,-0.729491664858565,0.19253047687388336
-0.08960998299379082,-0.17250799809777503,0.08289801510398422
0.6245877083436806,0.42168083895410186,0.20290686938957875
-0.8290909883400687,-0.700058652971837,0.12903233536823167
0.26682715036028093,0.2981339781639016,0.03130682780362065
0.4703929432179464,0.2848304134905006,0.1855625297274458
0.29806844816822375,0.14704820796862217,0.15102024019960159
0.627617434100469,0.5557820431528095,0.07183539094765945
-0.9390953082813429,-0.7354993257536097,0.20359598252773325
0.6679535165813394,0.4551764195485024,0.21277709703283698
-0.6994336720666933,-0.4872106069651018,0.21222306510159145
0.7671187836193227,0.732168001100568,0.03495078251875472
0.6445659029116426,0.5847327251019285,0.05983317780971409
0.2007927312124674,0.258096059409139,0.05730332819667158
-0.43592666249283946,-0.2633907729904105,0.17253588950242893
-0.13237047498076343,0.20180484047150987,0.3341753154522733
-0.922960721390883,-0.6988493451432058,0.22411137624767719
0.3373658574579126,0.18297369648276415,0.15439216097514843
-0.49110410865784415,-0.45145046807525013,0.03965364058259402
-0.7417414465183269,-0.5213706898664205,0.2203707566519063
0.40643120011649325,0.3895604436457434,0.01687075647074987
-0.7583109989544361,-0.5297208424724503,0.22859015648198577
0.835468057194272,0.7307335690257363,0.1047344881685357
-0.8721168837848235,-0.7646831476553734,0.10743373612945017
-0.8653486447022765,-0.6490352646714571,0.21631338003081935
0.8438334373359688,0.6922931031981334,0.1515403341378354
0.7667569856078053,0.4881911521291035,0.27856583347870173
-0.7071024767552564,-0.4862543502257151,0.22084812652954128
-0.058121677690519694,-0.3591048566940232,0.3009831790035035
0.2887002387847297,0.32530909903280125,0.03660886024807153
0.22310617573842145,0.27393166598077895,0.050825490242357496
-0.3053373866166425,-0.321522941431374,0.016185554814731495
0.9478500966004781,0.78952807461336,0.1583220219871181
0.7247756048963365,0.610165596778189,0.11461000811814748
0.25579506957974496,0.11736706461300694,0.13842800496673802
0.8833244154897607,0.6527335445751966,0.2305908709145641
-0.24671770835447399,-0.11301101566120113,0.13370669269327284
-0.6710077849836148,-0.45364018674425166,0.21736759823936314
-0.3817453407267406,-0.1456479464777637,0.2360973942489769
-0.1554482120171094,-0.03581025550585976,0.11963795651124964
0.02152799645728062,-0.06659866814561158,0.0881266646028922
-0.5882582049121112,-0.5294381136852374,0.058820091226873816
-0.9088785653210127,-0.7566374675933203,0.15224109772769245
-0.45252122311327203,-0.5719982289040102,0.11947700579073817
0.9211761401890975,0.6854849904119074,0.2356911497771902
-0.5505956276724586,-0.48641206937143977,0.06418355830101885
0.7816810048619967,0.5612204129671055,0.2204605918948912
-0.8962439325213531,-0.7094573858581039,0.18678654666324923
-0.16451141016834858,-0.020256376812933626,0.14425503335541495
0.007748096454670261,-0.08465389817445487,0.09240199462912513
0.18604508946364748,0.03486542192188086,0.15117966754176662
0.518131325089115,0.46748513671117875,0.05064618837793622
0.500723158496563,0.3024873335758037,0.1982358249207593
-0.38934354813519684,-0.2280449144228399,0.16129863371235695
-0.9171828327282043,-0.7289124858069875,0.1882703469212168
0.9480889576578541,0.7375773218047731,0.21051163585308097
0.2705480178754442,0.3192778982728272,0.04872988039738302
0.6065508949814433,0.585300909958078,0.02124998502336528
-0.484204643442631,-0.3015850035916642,0.1826196398509668
-0.9363057283923772,-0.7291254145302197,0.20718031386215752
0.10394198042254597,0.1610158377147374,0.05707385729219143
0.8415123436596771,0.6870692957415129,0.1544430479181642
0.9389116442752318,0.7415439093502231,0.1973677349250087
0.7591040284096879,0.4154617671139834,0.3436422612957045
0.14078267872910566,0.02555698760834849,0.11522569112075717
-0.9337923509356316,-0.6970174737215097,0.23677487721412194
-0.911964081788383,-0.7013269543015475,0.2106371274868355
0.9166810200558765,0.8017079081967039,0.11497311185917258
0.2291566896334099,0.2539923208669559,0.024835631233545985
-0.7735443860491108,-0.7317916384695564,0.04175274757955438
0.0017351006756687892,0.14804917857888392,0.14631407790321513
-0.8507857377445132,-0.7648818148390663,0.0859039229054469
0.1598269854637355,0.21053518743895927,0.05070820197522377
-0.9105269415232511,-0.7172181358308751,0.19330880569237596
0.10499503956865579,-0.007391407100310679,0.11238644666896647
-0.6390308935725859,-0.5636191255736214,0.07541176799896454
-0.7364828130376917,-0.5240367324037543,0.21244608063393744
0.8807317472686806,0.7053918253393,0.17533992192938064
0.6224801053101124,0.6115463147294437,0.01093379058066879
-0.9482053125812625,-0.7308579920702286,0.2173473205110339
0.9605347257071779,0.7646123766936119,0.19592234901356598
-0.3566113821806865,-0.41012446733374874,0.053513085153062245
0.27822304554564536,0.2805130265786611,0.0022899810330157533
0.6060215859265209,0.3098698996991103,0.2961516862274106
-0.2057856233356011,-0.07703806075253017,0.12874756258307093
-0.4547283139344136,-0.22978139886236412,0.22494691507204947
-0.3160878955444584,-0.16612201978209729,0.1499658757623611
-0.7713680965469255,-0.6562525053651508,0.11511559118177472
0.7975348586722288,0.584605029076202,0.2129298295960268
0.8455265893155216,0.7057966261311434,0.13972996318437825
-0.7988249647778197,-0.5731498460158508,0.22567511876196888
-0.916744175200141,-0.7249860377195017,0.1917581374806393
-0.7047399758595622,-0.6070932639943933,0.09764671186516882
0.2860667406851307,0.1447323734566412,0.14133436722848952
-0.6946730475674336,-0.5991126396251716,0.09556040794226206
0.8743815554821358,0.6460837355347334,0.2282978199474024
-0.7337778740795857,-0.5185790514727023,0.2151988226068834
0.6029892632956891,0.4025020370333576,0.20048722626233156
-0.052739189752803645,0.044551435697784934,0.09729062545058859
-0.9162280754791761,-0.7234117102452671,0.192816365233909
0.8750046867750562,0.6963850762428357,0.17861961053222042
0.8302758211624037,0.6820139698790666,0.14826185128333713
-0.8985213895889683,-0.6738397320094464,0.22468165757952197
-0.9100837499670014,-0.7226052128440187,0.18747853712298268
0.5871031737862904,0.6233443488797804,0.03624117509349001
-0.883430339213956,-0.6654174837344978,0.21801285547945815
0.879192348946778,0.6393490223116963,0.23984332663508168
0.7456279237283924,0.41227735465133014,0.33335056907706223
0.8352453615219784,0.596102696408046,0.23914266511393234
0.655386213126942,0.5628047152652043,0.09258149786173775
0.7823522998091822,0.5666546841340191,0.2156976156751631
-0.8656517849564406,-0.6325484860672065,0.2331032988892341
0.49991560676773666,0.45812771811634206,0.0417878886513946
0.8678393969829967,0.7016436352699673,0.1661957617130294
-0.8398025362484103,-0.6141634805702663,0.22563905567814402
0.2918880555953303,0.3014850940640761,0.009597038468745767
0.17155704223138982,0.22400441728554585,0.05244737505415603
-0.8770782880345548,-0.7116000500132131,0.16547823802134165
-0.7981886998627289,-0.675150983859117,0.12303771600361191
-0.16763930167825214,-0.05303295885533917,0.11460634282291296
-0.40438284774952565,-0.3912208997492547,0.013161948000270929
-0.9159939889400707,-0.7265503025382606,0.18944368640181009
0.8603594504973027,0.6322182978156019,0.22814115268170077
0.9330077042778124,0.716109401245062,0.21689830303275048
0.9416297536678636,0.7230562166004293,0.21857353706743432
-0.9468360778987092,-0.7465549593773051,0.20028111852140407
0.548443075707169,0.6655674695949396,0.11712439388777063
-0.6688276990428437,-0.46284414950052516,0.2059835495423185
-0.04051273216528631,-0.13522623345240856,0.09471350128712225
0.4661851001749194,0.1783233309632706,0.28786176921164874
0.3078326787552182,0.31505131048567403,0.007218631730455838
-0.9555158296461869,-0.7324697918639083,0.2230460377822786
0.9468699703202081,0.7280570548534272,0.21881291546678094
0.8161163286445532,0.7558152395782562,0.06030108906629694
-0.7022498439229434,-0.48702126237307497,0.21522858154986846
0.3337604753133575,0.16361204689240066,0.17014842842095684
-0.8903019231773474,-0.7746065755327298,0.11569534764461753
-0.8420842660167335,-0.6935407172347272,0.14854354878200626
-0.73360229027424,-0.6252799876140217,0.10832230266021825
0.08633925088685168,-0.03752504066879233,0.12386429155564402
-0.7041164185417935,-0.457381686174986,0.24673473236680754
0.4005827299621535,0.3902689407490839,0.01031378921306958
-0.0003449505613527082,-0.08974074764871932,0.08939579708736661
0.28920186937192915,0.3097130961457366,0.020511226773807456
-0.9013530339305745,-0.7247608664478782,0.17659216748269635
0.9765404684570235,0.8346780984603069,0.14186236999671653
-0.8546269878731318,-0.7496519085785482,0.1049750792945836
-0.35218403647422564,-0.25832445603130455,0.09385958044292109
0.4671732444640366,0.29580748121951506,0.17136576324452152
-0.051029164984912743,0.04133985990472623,0.09236902488963897
-0.7896989872096698,-0.5671608514617731,0.22253813574789671
-0.5864492335953849,-0.6962986300547228,0.10984939645933789
0.49659975711241755,0.6110505992456956,0.11445084213327805
0.026771199932203473,-0.057698831696170544,0.08447003162837402
-0.2629105689141552,-0.28281217657591007,0.01990160766175486
-0.032318590005403984,0.06354155024224657,0.09586014024765055
-0.10636594173010894,-0.21875994066638763,0.11239399893627869
0.5417141013549035,0.48380264874010986,0.057911452614793635
-0.9071689403873872,-0.6772621355201216,0.22990680486726556
0.2359724095098192,0.09880460975783377,0.13716779975198545
0.9329342180915501,0.7235830294803137,0.20935118861123636
-0.7062353385282458,-0.7559650678496306,0.04972972932138475
-0.5418351830777506,-0.6316233241156015,0.08978814103785093
0.07687086968293456,-0.01692446436976323,0.0937953340526978
0.6529959824576285,0.5502449455410015,0.10275103691662701
-0.34759910432636665,-0.1919248550396771,0.15567424928668955
0.9581965574495125,0.7431592511909898,0.2150373062585227
0.036345935359463497,0.15927647629146927,0.12293054093200577
0.1625665825642056,0.05044155762303413,0.11212502494117146
-0.4669721782556832,-0.43521351862732627,0.031758659628356944
-0.8049895140146192,-0.676519760704445,0.12846975331017418
0.7541680364939954,0.7244144280414524,0.029753608452543046
-0.9403411145147083,-0.7169257367822478,0.22341537773246045
0.827947486522373,0.6025964391120585,0.22535104741031453
0.9453455840259932,0.7309469159011254,0.21439866812486785
-0.9366341396690283,-0.7091721184540462,0.22746202121498216
0.04944792180825048,0.11573374089431752,0.06628581908606704
0.21342483957343128,0.24907629149937982,0.03565145192594854
-0.9352732764129791,-0.7338142120997224,0.20145906431325666
-0.6896593818068711,-0.48463123600596963,0.2050281458009015
0.00642861729620409,0.09317063585554146,0.08674201855933737
-0.9589351091938466,-0.7480577813132641,0.21087732788058255
0.9479498532690486,0.738377160545978,0.20957269272307055
-0.3111124869434215,-0.03887422096334757,0.2722382659800739
-0.6508084688322529,-0.5657067098978575,0.08510175893439531
-0.699158662182998,-0.6143347817285625,0.08482388045443556
0.3311125828515675,0.18066321359170212,0.1504493692598654
0.933715124208084,0.704737086601918,0.22897803760616597
-0.9388881960498356,-0.7414468516086201,0.19744134444121553
-0.9362820446560913,-0.7950810426460554,0.14120100201003594
0.9463677298929101,0.7254584148973456,0.22090931499556443
0.9723979656982944,0.761352751209083,0.21104521448921143
-0.21429514562557098,-0.08101372247226758,0.13328142315330338
0.21977148937700489,0.34765467097077196,0.12788318159376708
0.9333294395625489,0.7223907834564092,0.2109386561061397
-0.8934820816118034,-0.7173018621911004,0.17618021942070305
0.600168083571736,0.5299440433780728,0.07022404019366324
-0.8630567653897888,-0.6408113691837132,0.22224539620607564
0.5865178485791468,0.6940650246914308,0.10754717611228404
-0.944954337991337,-0.7916520173845591,0.15330232060677784
0.8907823096055331,0.6896353177375846,0.2011469918679485
0.7393042036511015,0.5246774784447589,0.21462672520634263
-0.8024803089924548,-0.6621687161534245,0.14031159283903027
0.35142189411128705,0.346776607120532,0.00464528699075506
-0.6600457367681907,-0.5625867370477332,0.09745899972045746
0.823082505995269,0.597013161573176,0.22606934442209303
-0.9347772835498234,-0.701592420887956,0.23318486266186733
0.10924387404721611,0.1840337733714048,0.0747898993241887
0.740033006389474,0.504139709936731,0.23589329645274304
-0.26156587737105014,-0.29011504292583307,0.02854916555478293
0.9353467739248127,0.7415787990553744,0.1937679748694383
0.617967577214781,0.5303471236763954,0.08762045353838566
-0.6588700023208025,-0.45178791938646623,0.20708208293433628
0.8582725671891458,0.6208467415386663,0.23742582565047954
-0.7341232380338628,-0.509169908288604,0.22495332974525883
-0.1144694949644099,-0.00777726180083782,0.10669223316357208
0.9210042036050965,0.6854288992792568,0.23557530432583973
-0.7990335284323082,-0.5630770848217745,0.2359564436105337
0.7685119236149552,0.6710807495692909,0.09743117404566437
0.164495088463751,0.22092377323202883,0.05642868476827784
-0.10392071330547176,0.010324080754102793,0.11424479405957455
0.5790266808284623,0.38102713526932486,0.19799954555913746
0.6989702386115247,0.6187954793297209,0.08017475928180384
0.1410122785159422,0.005815210737076935,0.13519706777886525
0.7698695832051335,0.6509665523534521,0.11890303085168141
-0.9388553339565113,-0.7154049788717627,0.22345035508474864
0.4286149965148499,0.25309049707499004,0.17552449943985987
-0.6264919061869604,-0.5543470760708209,0.07214483011613948
-0.8935521162709671,-0.6703098578856362,0.22324225838533085
-0.9110093517112473,-0.7181193201192425,0.1928900315920048
-0.9097633444335923,-0.6899661371953042,0.2197972072382881
0.6753532071921352,0.46696709126890645,0.20838611592322875
0.9618059175178085,0.8014404086676504,0.1603655088501581
0.8659586858447934,0.7156110551277154,0.15034763071707802
0.5072103543265551,0.528953706803096,0.0217433524765408
0.7716192136662768,0.644224136000508,0.12739507766576885
0.9352908931589642,0.7363464496387714,0.1989444435201928
-0.8480443759098666,-0.6902046620737435,0.15783971383612305
0.9320382001575753,0.7042456781684712,0.22779252198910416
-0.9181449747131335,-0.7347104162657482,0.18343455844738532
-0.13721941586953323,-0.019018958454642743,0.11820045741489049
0.7683437841281024,0.6349817850251851,0.13336199910291735
0.6974203271222004,0.57004926227669,0.12737106484551042
0.6828189721254415,0.5836079215370474,0.09921105058839408
0.39337984455389857,0.3720723371556284,0.021307507398270198
0.8638344627815996,0.736125778787741,0.1277086839938586
0.8309831026315662,0.6877048733917964,0.14327822923976974
0.932322023900492,0.7137895363793728,0.2185324875211192
-0.2701936025167501,-0.2875122348515362,0.017318632334786088
0.032806082760165896,-0.05757977674569182,0.09038585950585772
-0.6435135249115767,-0.7158894119695869,0.07237588705801024
0.5610543090201454,0.20796062109004365,0.35309368793010176
0.8038548513684879,0.5737112155666002,0.23014363580188768
0.3573988688815708,0.19200598436235736,0.16539288451921344
0.8445302492256125,0.7009047099073935,0.14362553931821898
0.07848331828438246,0.14289101132629367,0.06440769304191121
-0.8873715668402311,-0.652332113449191,0.23503945339104015
-0.9212312011004603,-0.7058938539251113,0.21533734717534903
0.3042441011754482,0.030456470106936664,0.27378763106851156
-0.8160389582171109,-0.5554450138593915,0.26059394435771943
-0.26513896592757985,-0.28282156927049795,0.017682603342918102
-0.3610500075811994,-0.19982535263401568,0.1612246549471837
0.29803621528514834,0.31799792009676325,0.01996170481161491
0.7183395024457153,0.7240102577047304,0.005670755259015059
-0.12835735755295657,-0.18768192815777063,0.05932457060481405
-0.3383005760060023,-0.17906523136823363,0.15923534463776864
0.6940171824291266,0.3375025597457807,0.3565146226833459
0.5211559688198987,0.173851558746178,0.3473044100737207
0.3253349386267996,0.34519439637209476,0.019859457745295184
0.9218000431851532,0.7376373324652978,0.18416271071985535
-0.4187719415971071,-0.30681081208676636,0.11196112951034076
-0.06531338660340201,-0.13478282575428702,0.069469439150885
0.643753160460338,0.6338109774113867,0.009942183048951336
0.9149637671660855,0.6801332004611119,0.2348305667049736
0.8677853989607852,0.6449232833933729,0.2228621155674123
-0.8924559626123467,-0.6563100365553783,0.23614592605696838
-0.6817377822645816,-0.4620805815439759,0.21965720072060568
0.9484956681967196,0.7474410196456196,0.2010546485511
-0.9412017967949422,-0.711307908813118,0.2298938879818242
0.3253934422328679,0.3289792911495703,0.0035858489167023833
-0.5610523843633496,-0.3162877738155621,0.24476461054778748
0.829020151349976,0.6038081461242214,0.22521200522575457
0.48069428402814884,0.3069064964634059,0.17378778756474295
-0.07268560497120581,0.04716983955628524,0.11985544452749106
-0.7792940407511095,-0.6545806016809784,0.1247134390701311
0.10332817106793013,8.078131374225596e-05,0.10324738975418787
0.21308691299371546,0.25067966460221897,0.037592751608503505
0.5018292258557338,0.4496355539625647,0.052193671893169036
0.9449611477403248,0.727367074432409,0.2175940733079158
-0.9399893926670388,-0.7213910726478937,0.21859832001914514
0.4951734474032766,0.2977612474005669,0.1974122000027097
0.9315380048292367,0.7073165910687241,0.22422141376051252
0.07151322275625469,0.34290476067863607,0.27139153792238135
-0.1479939557943659,-0.0264412258213657,0.12155272997300019
0.8477384236394517,0.7611296617929131,0.08660876184653865
0.9318042468774113,0.7340288293365894,0.19777541754082184
0.633344931630218,0.42811483232952807,0.20523009930068992
-0.052181992159963164,-0.1270956506819385,0.07491365852197535
-0.08184835088717754,0.015138266289447727,0.09698661717662527
0.2932810482964339,0.3061238878361263,0.012842839539692397
-0.6400208766660765,-0.3809802817314437,0.25904059493463283
0.6008101625575002,0.5244354745718686,0.07637468798563163
0.32065219699061864,0.1531565622220072,0.16749563476861146
-0.854507085597424,-0.6990334589464228,0.15547362665100128
-0.9149267412167272,-0.69138290765275,0.22354383356397722
-0.869739961655202,-0.6378342331088513,0.2319057285463506
-0.9479807199378516,-0.7415747197008628,0.20640600023698885
0.8740636378987889,0.6359088479046843,0.23815478999410467
-0.32705825686571754,-0.17408783872799155,0.152970418137726
-0.029548094217768228,-0.23386981685700584,0.20432172263923762
0.8846710087259538,0.6542560117641164,0.23041499696183743
0.9474494948879217,0.7318317332681457,0.21561776161977608
-0.3197717423825195,-0.32780726352409645,0.008035521141576962
-0.34642248846485374,-0.345950079603596,0.00047240886125776704
-0.42814888495856523,-0.4040028388394597,0.024146046119105535
0.28958527012783614,0.1342754587909376,0.15530981133689853
0.8425031923001994,0.7231900465695643,0.11931314573063512
-0.024856394744313563,0.07655005263126498,0.10140644737557854
-0.9508104755266339,-0.7228187720213849,0.227991703505249
-0.2039759359487514,-0.07238977534163685,0.13158616060711456
-0.0399136609397026,-0.12948197613542636,0.08956831519572377
-0.9483008442140773,-0.7401393557290195,0.2081614884850579
0.8705843129210975,0.7163430384655114,0.1542412744555861
0.9442634170684371,0.7170855318029202,0.22717788526551685
0.9475653298290073,0.7299110939992833,0.21765423582972399
-0.9327936693576407,-0.713189876735664,0.2196037926219767
0.21814173320558702,0.06477850835826081,0.15336322484732623
0.8848666226180011,0.6673454320269003,0.21752119059110075
-0.2882511546018999,-0.1527224373395823,0.13552871726231758
0.9349432158803119,0.7778534167581884,0.1570897991221235
-0.6925948215598774,-0.5987971133458756,0.0937977082140018
0.6720475132759731,0.5906207945337049,0.08142671874226826
0.6603227645979598,0.5742873096191677,0.08603545497879206
-0.06349802233581464,0.03359109306697052,0.09708911540278517
0.3016367896873499,0.31157829294707023,0.009941503259720319
-0.5666290980605545,-0.2624601276197681,0.3041689704407864
-0.8195555821113572,-0.6878685270454973,0.13168705506585987
0.07736260241123288,-0.022083776006055718,0.0994463784172886
-0.8932157829601117,-0.7247012515404113,0.1685145314197004
0.12653537377516946,0.007383446349669412,0.11915192742550006
-0.3823736839427002,-0.36888436174303585,0.013489322199664366
-0.800647699580758,-0.515550991026424,0.285096708554334
0.5142362681090618,0.4762579378681656,0.03797833024089614
0.3572417528201621,0.34672191226839716,0.010519840551764914
-0.6493662268746995,-0.5709392575007682,0.07842696937393123
-0.1276623131639329,-0.18762957337572395,0.05996726021179105
-0.6632079220717805,-0.4599782274445907,0.20322969462718976
0.2101193067380984,0.0008252998562932274,0.20929400688180516
-0.827924682202696,-0.7498916951042521,0.07803298709844386
0.8102331993207263,0.6578249691165078,0.15240823020421856
0.8731872882491389,0.7127552973130298,0.16043199093610916
-0.8611804301667376,-0.6360086764860886,0.225171753680649
0.9443324332760356,0.7167013456248784,0.22763108765115714
0.49921345818037877,0.23541306298988635,0.2638003951904924
0.9635567240244766,0.8143790686037556,0.14917765542072092
0.17003522182207867,0.23528934241862096,0.06525412059654229
-0.8067910210346612,-0.5879341710820113,0.21885684995264987
-0.8914993779427104,-0.711598115148195,0.17990126279451535
0.456318852290846,0.27934041474950566,0.17697843754134035
0.792481931980069,0.6044712118026027,0.18801072017746634
-0.8398454602372746,-0.6422876825429056,0.197557777694369
0.857012132815491,0.6931485862354749,0.16386354658001612
-0.8459681441510871,-0.6132425058108674,0.23272563834021975
0.06123456951685179,0.13250700642323857,0.07127243690638677
-0.6635124776453546,-0.45537912895393123,0.20813334869142336
0.8415726005043197,0.6730234884982764,0.16854911200604328
-0.16214309132759094,-0.045817166813568996,0.11632592451402195
-0.8303923162279755,-0.5777080959958321,0.25268422023214343
0.9068267403169616,0.6575831247898923,0.2492436155270693
0.5432712305888993,0.4978717578238174,0.04539947276508188
-0.9474009072134678,-0.733624314072307,0.21377659314116082
-0.8131185145123633,-0.6762500598443263,0.136868454668037
-0.6513960611564427,-0.5610036893684242,0.09039237178801851
-0.13310637670666767,-0.020244040314970894,0.11286233639169677
0.4776490650050957,0.435002233990224,0.04264683101487171
-0.1611356448720878,-0.2136150956034049,0.05247945073131707
-0.1900517037250368,-0.06232035778563966,0.12773134593939714
0.5839954885207799,0.5266091982266441,0.05738629029413578
0.31861925961393284,0.1721659142068463,0.14645334540708654
0.33019527574223934,0.3306765640901397,0.0004812883479003438
-0.12123140399363569,-0.16488809245386574,0.04365668846023005
0.8609370127769301,0.6373095200301166,0.22362749274681348
0.9471905393160776,0.7347070091502793,0.21248353016579824
-0.7266675788056113,-0.6177777327537394,0.10888984605187191
0.6136270537667622,0.532713569347957,0.08091348441880519
0.21911483853637898,0.2593360156297986,0.0402211770934196
0.7771788879580368,0.65119450296171,0.1259843849963268
-0.6171436537770012,-0.589844400819582,0.027299252957419196
0.4357946062566573,0.4152053076173325,0.020589298639324793
0.9181231772185504,0.7198831612176989,0.1982400160008515
-0.9099006924896247,-0.7269146943091358,0.18298599818048888
-0.9211838452744044,-0.7750015697688849,0.14618227550551954
0.4760205615296307,0.43409939665791736,0.04192116487171332
0.4812438081202762,0.44915517953427625,0.03208862858599992
0.6936962173360778,0.4763369296327102,0.2173592877033676
-0.6064440718387272,-0.3355490927201361,0.27089497911859106
0.1838466254717476,0.2310527135256146,0.047206088053867
0.7486519010095557,0.5283580155679596,0.22029388544159612
-0.3468279454972945,-0.18670941586125728,0.16011852963603723
-0.8864802196951161,-0.5842175791195748,0.3022626405755413
0.8078634410052515,0.5769796162714346,0.23088382473381697
-0.127661744206525,-0.011519912338990525,0.11614183186753449
0.8223034175849118,0.5953467099892938,0.22695670759561792
0.7593281014401089,0.5232494991314335,0.2360786023086754
0.16821374859839328,-0.07310013620692737,0.24131388480532065
0.7293983744854122,0.5111604377401939,0.2182379367452183
-0.9306431583710911,-0.7097081927468117,0.2209349656242794
-0.2302613345972586,-0.24278950888015846,0.012528174282899873
0.9243929202131588,0.6911247100547888,0.23326821015836996
0.5380791284705346,0.39045587835066964,0.147623250119865
0.33646477374027217,0.34104518759042257,0.0045804138501504
0.9395277475641691,0.7403194643355204,0.1992082832286487
-0.8105957470654103,-0.5723634126089825,0.23823233445642777
0.92192633977861,0.7372129140344212,0.1847134257441888
0.11343424793984848,0.17457087599157564,0.06113662805172716
0.7692444091365547,0.6445372920682794,0.12470711706827531
-0.9045790825078333,-0.7454531189579371,0.15912596354989617
-0.15239593413474178,-0.3499084418573298,0.197512507722588
-0.9149506713100801,-0.7338302852989312,0.18112038601114888
-0.43695739404012873,-0.6831926449480822,0.24623525090795345
0.16807422871499966,0.04288422833089687,0.1251900003841028
0.4763610651354459,0.30366775022148745,0.17269331491395845
-0.09674474200295262,-0.15819975247417822,0.061455010471225605
0.6946727862138922,0.5914230817210031,0.10324970449288906
0.726378440498295,0.6354973153939777,0.09088112510431734
0.32672312093530903,0.33505400336241975,0.00833088242711072
-0.8768106012874451,-0.6448097010828636,0.23200090020458153
-0.7413447480492549,-0.6213017787947679,0.12004296925448699
0.9155809914255233,0.73995431301594,0.17562667840958335
0.8931094117163392,0.7187296362818273,0.17437977543451189
-0.43111580815725337,-0.4097095650092612,0.021406243147992166
-0.06802587161699712,-0.13376755907915291,0.06574168746215579
-0.5432167411981599,-0.35312111418518394,0.19009562701297594
-0.9268904877938012,-0.7037519880624452,0.22313849973135602
-0.46366266182128435,-0.5078302233269586,0.04416756150567425
0.6167486320006484,0.41021583957099345,0.206532792429655
0.6890378414497121,0.5927703555541957,0.09626748589551648
0.6531627048610013,0.4445180156856209,0.20864468917538037
-0.7832984269196979,-0.5600515697130158,0.22324685720668203
0.5583568955059065,0.36474664034617715,0.19361025515972935
-0.6693202198113389,-0.5803458879708534,0.08897433184048553
-0.48026738245848927,-0.4435579232860551,0.03670945917243418
-0.8885833774940455,-0.6562942365071491,0.23228914098689635
-0.8902940531458969,-0.6498563989276651,0.24043765421823182
-0.5711920329255795,-0.3581895213227392,0.21300251160284034
-0.8251622463812569,-0.6802071556949189,0.14495509068633805
-0.776699408815602,-0.5618435477931989,0.21485586102240306
-0.7195108268034303,-0.41804871262166643,0.30146211418176383
0.9742884321088772,0.7829474420902541,0.19134099001862304
0.8157615527875695,0.5952022506493,0.22055930213826946
-0.9364068806441738,-0.7319837882245065,0.20442309241966727
0.1613211908624676,0.22036464386799887,0.059043453005531266
0.10519964674241264,0.16784093731216704,0.0626412905697544
-0.2188497624674336,-0.08012986651608198,0.13871989595135162
-0.1043918034472221,-0.16941235012310332,0.06502054667588122
0.4827589595071913,0.29337487085361696,0.1893840886535743
-0.6551823940841675,-0.433049017398445,0.22213337668572247
0.5501757204855879,0.3594518197968548,0.19072390068873313
0.06711415394622794,-0.02191603911109653,0.08903019305732447
-0.7997968976268209,-0.5736518928217385,0.22614500480508248
-0.6692217797369145,-0.4531669496310206,0.21605483010589394
0.9271624222053256,0.7058862067789078,0.22127621542641784
0.23647729367692125,0.10466390730048752,0.13181338637643372
-0.006032463124019406,-0.08945039575423977,0.08341793263022036
-0.07660659549719634,-0.14117725601763026,0.06457066052043392
0.9088993482794891,0.675306022562161,0.23359332571732816
0.2735857169593002,0.1286278665948268,0.14495785036447337
0.3378457061651374,0.35292766530780983,0.015081959142672408
0.5000723577767477,0.5151208990385364,0.015048541261788673
-0.9058686126483886,-0.7081305084613592,0.19773810418702942
0.7680429180297874,0.54583993616344,0.22220298186634746
-0.5607451095650048,-0.3607437664545378,0.20000134311046697
-0.9196696583397783,-0.8101038615058522,0.10956579683392609
0.8882219921900439,0.6635001702199372,0.2247218219701067
0.8857194134638384,0.7631504382737103,0.1225689751901281
0.7674231168874907,0.6942504409170625,0.0731726759704282
0.27596447740889024,0.28988429061923127,0.013919813210341025
-0.36435561369775127,-0.2056024991400996,0.15875311455765168
-0.4375478675270123,-0.25435843187053003,0.18318943565648227
0.7687134559452475,0.6406234248397743,0.12809003110547323
-0.7335228157413083,-0.6919175259035498,0.04160528983775846
0.7282459172800921,0.6516445097705128,0.07660140750957933
0.292913097642083,0.33231836621998645,0.03940526857790344
-0.8760563334111675,-0.6353790614366885,0.24067727197447897
0.7591482949635104,0.5372656801666378,0.22188261479687266
-0.5601628485357352,-0.5283477668783814,0.031815081657353805
-0.326107624396814,-0.17393562308182473,0.15217200131498929
-0.6847966325219429,-0.4560920694484381,0.22870456307350479
0.8341812259377364,0.6903150524040312,0.14386617353370512
0.475633388304508,0.25381078010533764,0.22182260819917038
0.9478089664097386,0.7300326619877472,0.21777630442199136
-0.8325422177473043,-0.5965631021059211,0.23597911564138319
-0.22369800919613284,-0.09086354909841757,0.13283446009771527
0.36467993312472324,0.20513826438845864,0.1595416687362646
-0.5692487875348698,-0.34538162412994344,0.2238671634049264
0.466871139858081,0.4218043423082643,0.045066797549816684
0.3243907534204693,0.1715945219454716,0.1527962314749977
0.7679714186150155,0.6506481725136957,0.11732324610131983
-0.552864864674774,-0.4936009239896418,0.059263940685132244
0.9356793293258611,0.7015167025079091,0.23416262681795197
0.49864701982506426,0.3198502675073367,0.17879675231772757
-0.4746553415747061,-0.2986377917468605,0.17601754982784562
-0.102215002574018,0.017006111811438757,0.11922111438545675
0.6539512647786916,0.44214700143900515,0.21180426333968644
-0.6457448543029084,-0.5633958516523511,0.08234900265055733
0.7457069791137503,0.5221235671718263,0.223583411941924
-0.26151446483916646,-0.33183723521936376,0.0703227703801973
-0.8718028865564339,-0.5610839072258363,0.31071897933059756
0.06685409158319758,-0.2166119495861058,0.2834660411693034
-0.9229870257957487,-0.6983020010470037,0.22468502474874497
0.8139966177685374,0.5913884852744774,0.22260813249405997
0.7469934684219776,0.5277542395585241,0.21923922886345348
0.6781874007145082,0.46005127032236326,0.21813613039214497
-0.43730944992342446,-0.26281674791031356,0.1744927020131109
-0.6682480907302976,-0.5831385770363566,0.08510951369394093
0.4266165354883743,0.22451995865227056,0.20209657683610374
0.5790879636617021,0.32129986873838284,0.2577880949233193
0.8204572037310309,0.6002843226839368,0.2201728810470941
0.09216231212945264,0.4185297085109237,0.32636739638147105
0.5267131454015163,0.4693081818309187,0.057404963570597545
-0.13101477537711884,-0.1885806655999321,0.057565890222813276
0.7066209466614984,0.6248715344329979,0.08174941222850052
0.9207439738312951,0.6959187107225906,0.22482526310870454
-0.25649444340815086,-0.2784964332153626,0.02200198980721174
0.5349645739233185,0.47956258478651653,0.055401989136802
0.5711045853143756,0.5056545296245767,0.06545005568979889
-0.9142150892576966,-0.7005217095203645,0.21369337973733205
-0.7089081290571606,-0.4855034010930407,0.22340472796411992
-0.744866508003239,-0.5311157041345952,0.21375080386864376
-0.7237789394163908,-0.6845902291856745,0.03918871023071635
0.9114545003234575,0.6785434440386087,0.23291105628484887
-0.8391728114735717,-0.6908137321682518,0.14835907930531989
0.9395353822812731,0.7248194006580746,0.2147159816231985
0.8272316745824254,0.6867070823685846,0.14052459221384084
-0.947875591336991,-0.7270118333675903,0.2208637579694006
-0.9445543840644328,-0.7220246103815673,0.22252977368286553
-0.5936135680912016,-0.5228088041882174,0.07080476390298418
0.5114655218065883,0.46568143993465466,0.04578408187193367
0.42999859858291917,0.2378599391699157,0.19213865941300345
-0.5166144573316989,-0.46315897484723795,0.053455482484460914
-0.7256905253261912,-0.6126042738313294,0.11308625149486173
-0.4811637758625076,-0.2923130164018559,0.18885075946065166
-0.5666987048112644,-0.3692812334130567,0.1974174713982077
0.8176657133561082,0.5830238139955075,0.23464189936060065
0.4405635089311416,0.27207098489624465,0.16849252403489695
0.25077800730849836,0.2872277740763781,0.036449766767879754
0.37865567544727097,0.36836630627798894,0.010289369169282025
0.040466731011711436,0.11449427057605303,0.0740275395643416
-0.8167633010759843,-0.7705863865476313,0.04617691452835293
0.6468336482001655,0.35283370973855516,0.2939999384616104
0.26163367948530625,0.0607297396131764,0.20090393987212984
0.36283766263966016,0.35427320820934316,0.008564454430317003
-0.4120845817202875,-0.22712744805756868,0.18495713366271882
0.8401395071712682,0.6071123317254054,0.23302717544586282
-0.42222211569787144,-0.06970090546296213,0.3525212102349093
-0.4886896673220712,-0.4581142616734873,0.03057540564858391
-0.9290015743781851,-0.713503871875072,0.21549770250311306
0.8150473350292574,0.5738933568893679,0.24115397813988948
0.7112757466075116,0.5982505821528321,0.11302516445467947
0.9240928228452637,0.6958166356080806,0.22827618723718313
-0.5231593779955688,-0.47149710353831265,0.05166227445725613
-0.8700429743641592,-0.6461413078035354,0.22390166656062382
-0.15753654029288694,-0.2070717058341482,0.04953516554126125
-0.4655777342329379,-0.2795392200296321,0.1860385142033058
0.07730728677387623,-0.018250891382596106,0.09555817815647233
0.38657971512849326,0.2165720652429255,0.17000764988556777
-0.0703279154365817,-0.1554863249309903,0.08515840949440859
-0.4800080228547813,-0.2971773476940667,0.1828306751607146
-0.93263987089688,-0.740549459458799,0.19209041143808103
0.8744844730446913,0.7090115199854324,0.1654729530592589
0.24805856417801064,0.10884597526545418,0.13921258891255645
-0.5634186653007301,-0.36827131975738764,0.1951473455433425
0.7424493863752819,0.6318663454862073,0.11058304088907456
-0.1255116814502602,-0.019096337363658168,0.10641534408660204
0.716013848919176,0.41513544797329044,0.3008784009458855
-0.7085897434966385,-0.49245478385630803,0.21613495964033047
-0.8814981344695182,-0.7062480197615583,0.17525011470795993
0.1108186850826336,0.17136966328010894,0.06055097819747535
-0.15622792686351197,-0.036541656993741504,0.11968626986977046
0.8416003990470193,0.6817287381321167,0.15987166091490268
0.4964343672490164,0.25489277998845594,0.24154158726056046
-0.522099342600815,-0.33721856362898484,0.1848807789718302
-0.14595958916542703,-0.20041532123102254,0.05445573206559551
0.603786289774039,0.40526839214332944,0.1985178976307096
-0.774846960627411,-0.7190893768699447,0.05575758375746631
-0.9032288899387654,-0.7298844855465306,0.17334440439223475
-0.013186173836063117,-0.10427620288538884,0.09109002904932573
-0.41868050653163086,-0.40970476239266906,0.008975744138961794
0.25273280636591267,0.3060644926342594,0.05333168626834672
-0.24396885888914477,-0.2942833556699048,0.050314496780760054
-0.9737793633457157,-0.7706546486657786,0.2031247146799371
-0.46545909409391567,-0.29758703964279415,0.16787205445112152
0.16697894501671848,0.044424599671825465,0.12255434534489301
0.13919696663736003,0.1962770552514102,0.05708008861405017
-0.2202532742935345,-0.08322807317669045,0.13702520111684405
0.9555015682570028,0.7664447293020844,0.18905683895491843
0.4375114658660721,0.40571280921234165,0.03179865665373044
-0.674112283287988,-0.727009152702338,0.05289686941435001
-0.877979314937334,-0.7082768577406764,0.16970245719665766
-0.410586840123971,-0.465686722409641,0.05509988228566998
-0.9488015410554274,-0.7388456106708484,0.20995593038457894
0.33029050524969256,0.1800957076081319,0.15019479764156066
-0.9029249431806852,-0.7102917926003246,0.19263315058036057
-0.7369316865697995,-0.49810873166351144,0.23882295490628802
-0.9245598658145469,-0.7127466832960884,0.2118131825184585
-0.5512929416941428,-0.36013100537697096,0.19116193631717182
-0.8086449805708936,-0.6649179119902864,0.14372706858060724
-0.2718271993183679,-0.0650138627201162,0.2068133365982517
-0.6511360843625255,-0.44070547364268725,0.2104306107198382
0.8107590954127046,0.5724659467409259,0.23829314867177875
0.4742487911199134,0.439794483758141,0.03445430736177241
0.8861150356346092,0.6987646848670251,0.1873503507675841
-0.33730290049105366,-0.10904676018796303,0.22825614030309063
-0.6040836938424868,-0.40270492148265424,0.2013787723598326
0.3459183779228012,0.34888806870360023,0.002969690780799006
-0.9133943189437882,-0.6793494464585131,0.23404487248527506
-0.7945182918368381,-0.6544179761309129,0.14010031570592518
-0.8899229878199469,-0.7242850456539986,0.1656379421659483
-0.20783876268034607,-0.2950420752816855,0.08720331260133946
-0.19607476552560454,-0.06713314928608534,0.12894161623951922
0.49630732183374887,0.4704349416349642,0.025872380198784684
-0.6028933079985523,-0.7187502819579862,0.11585697395943384
-0.4817771657982049,-0.45387122699922045,0.027905938798984453
-0.8701777789826214,-0.7001579278943773,0.17001985108824413
0.36672342255821083,0.36747126250450846,0.0007478399462976237
-0.7204906094967228,-0.6213869338488808,0.09910367564784206
0.8320392839936069,0.6074618200139177,0.22457746397968925
-0.18075150091370293,-0.22362762584856138,0.042876124934858456
0.9277682838684536,0.7193169521457208,0.20845133172273278
0.8245647133895752,0.5928677259855131,0.23169698740406208
0.12271029965956895,0.19623760855820185,0.0735273088986329
0.8846296614378095,0.6439670013211827,0.24066266011662685
-0.5709182428663778,-0.2306204740845648,0.34029776878181306
0.9638078078358127,0.777709611277298,0.18609819655851467
-0.2498969682249686,-0.11296652384758629,0.1369304443773823
-0.7661585634167608,-0.6346703258927733,0.13148823752398753
0.31590868797465316,0.3498163847749965,0.033907696800343334
0.07091475115552694,-0.028781640407891246,0.09969639156341818
-0.28249576728109566,-0.14108752503769603,0.14140824224339962
0.30422030989808546,0.15441711406409284,0.14980319583399263
-0.13950447089747017,-0.19456625018625254,0.055061779288782364
-0.1984921663262884,-0.07066150092344639,0.12783066540284202
0.6583423107123999,0.5919528200725291,0.06638949063987076
0.29794911073735786,0.3205332226845374,0.02258411194717952
0.23161234209106363,0.26033016294313766,0.028717820852074027
0.9289305673489048,0.7525269194550336,0.1764036478938712
0.7679951436046749,0.5535771518246315,0.2144179917800434
0.8753699170442322,0.6439511475255304,0.23141876951870177
-0.8960044116409273,-0.677574762302924,0.21842964933800324
-0.29853691841879115,-0.15523147204947377,0.14330544636931739
-0.4093899108136095,-0.24051287215493086,0.16887703865867862
0.8727502193329244,0.7014196178213881,0.17133060151153634
0.9416409416363916,0.7376942675883409,0.20394667404805067
-0.3215504219829084,-0.17860775194031225,0.14294267004259614
-0.9477907857933162,-0.7210373528267365,0.22675343296657968
-0.10959644789258166,-0.17301604422523087,0.06341959633264921
-0.9333282872364291,-0.7086018804451558,0.22472640679127331
-0.9221317975975346,-0.7343942729970048,0.18773752460052984
0.7630033844919616,0.5408805206650611,0.2221228638269005
-0.0207320114343884,0.060485687254313296,0.0812176986887017
0.9101104949276769,0.7247456166712362,0.18536487825644077
0.11485166001602293,0.00810730910949,0.10674435090653292
-0.9423810893020235,-0.7223553627286805,0.22002572657334296
-0.40503062744505164,-0.237158421462937,0.16787220598211464
0.9472846082045033,0.7263398474889188,0.22094476071558455
-0.4109775790201742,-0.22639988229037653,0.18457769672979765
-0.7477235097203812,-0.523169080156079,0.22455442956430216
0.9158955906769622,0.7346926796652583,0.18120291101170394
0.588837644675113,0.3882777462063537,0.20055989846875932
-0.7936160054370334,-0.5018938881988261,0.2917221172382073
-0.09986689493156875,-0.15696539997707196,0.057098505045503206
-0.9300726895496225,-0.7319340189769705,0.198138670572652
-0.9436951916409885,-0.7207001689570022,0.2229950226839863
-0.9458308343237853,-0.735692345725327,0.2101384885984583
-0.7648804524557918,-0.5450260404732545,0.2198544119825373
-0.671166857409168,-0.5868407777114811,0.0843260796976869
-0.8719632913299944,-0.7099564716258135,0.16200681970418085
-0.05337472804464899,0.15588621929215052,0.2092609473367995
-0.32834149005358865,-0.1815858983081907,0.14675559174539796
-0.9735516083669888,-0.8156698697522493,0.15788173861473953
0.2792741947652314,0.1067642049136471,0.1725099898515843
0.9461292980865889,0.7402028727475015,0.20592642533908734
-0.06597165255080176,-0.1444032653898022,0.07843161283900044
-0.7870491135478157,-0.5521637056375979,0.23488540791021784
-0.6762224996351363,-0.5718262920894768,0.10439620754565948
0.7774508195539577,0.6362197139784014,0.1412311055755563
-0.863573141587714,-0.6952663989935096,0.16830674259420442
-0.359508625723837,-0.3511983615896843,0.0083102641341527
0.30184512738833097,0.3158471507439036,0.014002023355572657
0.18253070952561354,-0.14103028578833143,0.323560995313945
0.8718873426545203,0.644800392672132,0.22708694998238832
-0.9410875917151925,-0.7197268606609535,0.22136073105423903
-0.8579622317300943,-0.69975766401716,0.15820456771293434
0.9466475032458537,0.7244070101286666,0.22224049311718708
-0.4964843182743159,-0.31561024559068457,0.18087407268363132
-0.2922170679823344,-0.3051083736486149,0.012891305666280495
-0.4064309004883181,-0.39122720074864414,0.015203699739673948
0.8355090533810255,0.6076050739599043,0.22790397942112128
0.6810113698406788,0.4710887410263593,0.2099226288143195
0.7516343164476793,0.636563453685147,0.11507086276253231
-0.6764254686655842,-0.5713459972836414,0.10507947138194274
-0.9220291689211463,-0.7009351676831261,0.22109400123802014
0.6244612619949284,0.5487104052257756,0.07575085676915272
-0.27275831652300614,-0.13751854265579502,0.13523977386721112
-0.7059681219919177,-0.5918379761517952,0.11413014584012249
-0.34004361018247736,-0.3409563818683296,0.0009127716858522428
0.8067316776790944,0.6779171436023759,0.1288145340767185
-0.6574104029823614,-0.569513949070441,0.08789645391192047
-0.4498818076234877,-0.2685620108018767,0.18131979682161098
0.6449726591662959,0.41968212851182,0.22529053065447585
-0.9244491416617768,-0.7091195895603559,0.2153295521014209
0.9009704964682766,0.6805489720859049,0.22042152438237173
-0.9449162248958404,-0.7285725884526212,0.2163436364432192
-0.6391433967115737,-0.6374660938641482,0.0016773028474255103
0.575705030265899,0.3773668157203175,0.19833821454558154
0.2756882391850243,0.1334992982818142,0.14218894090321008
-0.2964998050937798,-0.1455510737241551,0.15094873136962472
0.6972707414988432,0.5907987136200094,0.10647202787883381
-0.17748339142375014,0.01910541851589684,0.19658880993964697
-0.17694207012199106,-0.02520232960980671,0.15173974051218436
0.8917578911831645,0.7208407568874602,0.17091713429570432
-0.5346609711678468,-0.4841257479524401,0.05053522321540671
0.7367257824249278,0.6187086218093256,0.11801716061560219
-0.8978315934815753,-0.6599843244171917,0.23784726906438358
-0.26568474952219134,-0.12849932127780297,0.13718542824438837
-0.5896844452444903,-0.522891458264433,0.06679298698005731
0.7032736523052148,0.6033414475933584,0.09993220471185638
0.5813451847051307,0.3811721734937167,0.20017301121141406
0.07531499590347612,-0.02239807890951761,0.09771307481299374
-0.8890654013645608,-0.7138960115872747,0.17516938977728613
-0.3405540798088162,-0.18275975198368394,0.15779432782513225
-0.9170974215287806,-0.7264486841693106,0.19064873735946997
-0.7283113997039896,-0.5103438072135288,0.21796759249046083
-0.6504579679941355,-0.43971696798235893,0.21074100001177654
-0.8721013574696981,-0.698538730613278,0.1735626268564201
0.21672156575635526,0.08634767854465289,0.13037388721170237
0.6698894874447737,0.5728384744105361,0.09705101303423758
0.47315781973733906,0.28771906351290155,0.1854387562244375
-0.8523898956904029,-0.6216476243230491,0.2307422713673538
0.2506364350786417,0.2774334661386193,0.026797031059977605
0.665265239535166,0.5724530504991798,0.0928121890359862
0.8174746516648863,0.5937759628497371,0.2236986888151492
-0.9483461291030123,-0.7295507893425425,0.21879533976046983
0.8805117657492547,0.6501507543321846,0.2303610114170701
0.6603140032514426,0.5674850455565685,0.09282895769487409
0.36432352017267633,0.37026259552537877,0.005939075352702439
-0.684725136236682,-0.5828208675526794,0.1019042686840026
0.20510118602068664,0.07340835324308595,0.1316928327776007
-0.5280568981407328,-0.4822704410487234,0.04578645709200935
0.8984512811400787,0.6762838861542518,0.22216739498582683
0.9050551147516971,0.7464111737225292,0.1586439410291679
0.875502623692492,0.7157848221014128,0.15971780159107918
-0.7732657639008245,-0.6471548606577572,0.12611090324306728
0.8759676648780316,0.6461390142209189,0.22982865065711267
-0.6851664208840003,-0.5917180754040146,0.0934483454799857
-0.9419065028859382,-0.7446649413610911,0.19724156152484718
-0.8657764553824495,-0.7030652193833062,0.16271123599914328
-0.9296621194270387,-0.6497879925107162,0.2798741269163225
-0.2408638471585082,-0.2550928944447638,0.014229047286255597
-0.029662394298355797,0.2364912349031115,0.2661536292014673
-0.9209484101110498,-0.7515764517353282,0.1693719583757216
-0.9258213251851347,-0.7014929705659196,0.22432835461921508
0.8647397845681069,0.7112362545950079,0.1535035299730989
0.05588621683880135,0.13777333791345378,0.08188712107465243
0.9043272993951604,0.6694935378969956,0.23483376149816482
0.9428386822105437,0.7276744294150591,0.21516425279548457
0.9162308416068984,0.695868799012069,0.2203620425948294
-0.9000719016333886,-0.7731483410309324,0.12692356060245613
-0.3462683470291651,-0.33523835561343046,0.01102999141573463
-0.9342859985054475,-0.7101536220550161,0.22413237645043138
0.5401148801213262,0.4813018997222595,0.05881298039906674
0.9602053690954179,0.7589019794812281,0.2013033896141898
0.38828109287604196,0.22825697943432474,0.16002411344171721
-0.32661171091789526,-0.170952769939282,0.15565894097861327
-0.8963697904757695,-0.7256767039772826,0.1706930864984869
-0.807086058759703,-0.5813217504667973,0.2257643082929056
-0.8805687529359852,-0.645663182025696,0.2349055709102893
-0.9355357108455242,-0.70775346162196,0.22778224922356427
0.28107548782201863,0.32054584597911207,0.03947035815709343
0.7372587299401664,0.4707309534076086,0.26652777653255777
0.9673120876230427,0.7757434866834354,0.19156860093960726
0.8477952941094151,0.750127842461099,0.09766745164831614
-0.9465837486378392,-0.7360290833302009,0.21055466530763833
-0.3835060713334267,-0.2217508767201826,0.16175519461324409
-0.24422324531609774,-0.2736984505319357,0.029475205215837963
0.2529619067076749,0.10375547263038558,0.14920643407728928
-0.8878652482756579,-0.5890857125928141,0.2987795356828439
0.9688862710551632,0.7741036202487966,0.1947826508063666
0.3683654320243434,0.21105811500438373,0.15730731701995967
0.9481038312605556,0.7372765748189866,0.21082725644156908
-0.0034041014985946383,0.1518631416056957,0.15526724310429033
-0.8223915950096186,-0.5942054241145096,0.22818617089510895
0.9486910551432353,0.7281723866936703,0.22051866844956491
0.6118271920964058,0.5543517513492726,0.05747544074713318
-0.07071043656560914,-0.14555557685722206,0.07484514029161292
0.5982973229467528,0.4046376510003746,0.19365967194637818
0.3067755336583719,0.24302882536516057,0.06374670829321133
0.2857927429393628,0.0035455822279386088,0.2822471607114242
-0.005360571531403674,0.07341712421586079,0.07877769574726447
0.865383159826089,0.6070826978968319,0.25830046192925715
-0.6216518463434971,-0.7063942785555035,0.08474243221200639
0.5881843661656886,0.39404255279715483,0.19414181336853376
-0.31381583213242764,-0.33067751716146576,0.01686168502903812
-0.7019500420217017,-0.35017079151899577,0.351779250502706
0.7004339072844388,0.6051204672094698,0.095313440074969
0.6983420087031194,0.4879615785115409,0.21038043019157843
-0.8039942675892296,-0.5688417637140472,0.2351525038751825
0.26789659987550213,0.309209741435701,0.041313141560198885
-0.4507133681766591,-0.10815727509630879,0.3425560930803503
-0.9356798896080093,-0.7119861568236983,0.22369373278431104
0.21490530503447985,0.08246478566073111,0.13244051937374873
0.7478602917528436,0.5298579200750883,0.21800237167775538
0.6157608944497239,0.5369327918200711,0.07882810262965279
-0.15711842945163346,-0.04201888481389173,0.11509954463774172
0.055351593653717855,-0.028196220443185496,0.08354781409690334
0.7727987763031435,0.5445067683020308,0.2282920080011127
-0.8835242606136235,-0.7803727317977317,0.10315152881589185
0.3981045901396094,0.3886136310799405,0.009490959059668902
-0.15252554396050194,-0.20300647210151418,0.05048092814101224
-0.830243380631823,-0.7361904369730946,0.0940529436587284
-0.7422805277419404,-0.523002708814365,0.21927781892757547
0.3131752933607739,0.1281503787990288,0.18502491456174508
0.24010196718003624,0.27305005528784115,0.03294808810780492
0.6802220495634934,0.6335288419549192,0.046693207608574205
0.3268786160930022,0.32106302795681446,0.00581558813618771
0.4952828069392791,0.31013712869473015,0.18514567824454897
0.13184796737206095,0.007031523253752503,0.12481644411830844
-0.17267931786293547,-0.06393735946986641,0.10874195839306906
-0.967445046520122,-0.7794690950574641,0.1879759514626579
0.9068401265894297,0.6747535173454292,0.23208660924400049
-0.5943507612616675,-0.42911895506901376,0.16523180619265376
-0.882677751880471,-0.763338561059526,0.11933919082094502
0.403480500654257,0.2361646098794376,0.1673158907748194
-0.19303198400712301,-0.2326847191834709,0.039652735176347875
-0.6451528344873849,-0.4457006093526051,0.19945222513477984
-0.948553946142148,-0.6804776650616016,0.2680762810805465
-0.4249262019515617,-0.2598336709338739,0.16509253101768784
-0.977823562059508,-0.7686331791329377,0.20919038292657033
-0.8559379721013652,-0.6357338291737828,0.2202041429275824
0.8567520245355558,0.6927077226005245,0.16404430193503128
0.025131056657974733,-0.0644326757862223,0.08956373244419703
-0.9455657119255872,-0.7304970621277854,0.21506864979780183
0.5903284334551808,0.38855189543577806,0.20177653801940276
0.41532569986789103,0.2494284893556567,0.16589721051223433
0.6365329243702652,0.5581021911009149,0.07843073326935035
-0.9343868386426033,-0.7078899056178234,0.2264969330247799
-0.6841321167804694,-0.4713345346466297,0.21279758213383965
-0.1183397108496296,0.01284203112555873,0.13118174197518834
-0.3907102283350829,-0.21879311909578833,0.17191710923929457
0.5235533270519002,0.48391799375118527,0.03963533330071489
0.6071252685617246,0.5361770994684903,0.0709481690932342
-0.5676585618402131,-0.5769467488319431,0.009288186991729952
-0.23949035812565372,-0.17717183444260734,0.062318523683046384
0.458223310927354,0.28106835150273496,0.17715495942461906
-0.27154053508204634,-0.13477739081853118,0.13676314426351516
0.36925760456781365,0.21895461801373864,0.150302986554075
-0.5585025475556927,-0.36718353248525853,0.1913190150704342
-0.876894368972959,-0.6453972183591524,0.2314971506138066
-0.6902947372007151,-0.4727407466003401,0.217553990600375
-0.08315674146126123,0.0439990244807091,0.12715576594197034
-0.3436104572177546,-0.38695779817901843,0.04334734096126386
-0.16548039415587742,-0.3831450806255441,0.21766468646966666
-0.47167925536973543,-0.45232802156886454,0.019351233800870893
-0.9254810534918432,-0.8137588910469181,0.11172216244492505
-0.262270779342084,-0.10762445986957901,0.15464631947250496
0.4741003499833637,0.29987490449510823,0.17422544548825547
0.46665650054551616,0.29358905057868717,0.173067449966829
0.7758054215704184,0.6502625195188576,0.12554290205156082
-0.538921582626056,-0.3246461494855567,0.21427543314049935
-0.6967949018006475,-0.6170801979895125,0.07971470381113499
0.4046683272534095,0.23607180978634015,0.16859651746706936
-0.5915863243892071,-0.28010064560189457,0.31148567878731254
-0.8859812920119651,-0.6756023433931977,0.21037894861876738
0.5518597195221777,0.5087962888110252,0.043063430711152484
-0.8455147085918732,-0.6871523408331963,0.15836236775867685
0.4718880704179612,0.4220387588434808,0.049849311574480415
0.8724494672710817,0.557937462652685,0.3145120046183968
0.8589527112711332,0.7347605088598874,0.12419220241124573
-0.7826689181293891,-0.5591080711872587,0.2235608469421304
-0.9470532871667237,-0.7399945178124707,0.20705876935425294
0.5814917178018464,0.5191679520540762,0.06232376574777021
0.8505309929942954,0.6250493505484795,0.2254816424458158
-0.38730679784197675,-0.39550909273223667,0.00820229489025992
0.7891740226851737,0.5725598922533773,0.21661413043179634
0.8303629946768647,0.5986483656592323,0.2317146290176324
0.746559847616536,0.6524908628985187,0.09406898471801739
0.4077387144855758,0.06725542045873437,0.3404832940268414
-0.572283162231876,-0.3841645171577945,0.18811864507408155
0.6618221384643403,0.5674244406713709,0.09439769779296947
-0.38460589391588923,-0.37673534992771607,0.007870543988173162
0.08262127923563901,-0.21446088221263662,0.29708216144827565
0.3355356643281118,0.34898542997609466,0.013449765647982836
-0.1572429953857802,0.14027196686501947,0.29751496225079965
-0.742375528192445,-0.6261255441410147,0.11624998405143028
-0.8545299749428559,-0.6898072001528379,0.16472277479001796
0.6627977945609829,0.4454852532602198,0.21731254130076305
0.3556059132715103,0.18717674841703744,0.16842916485447287
-0.8723765578040771,-0.7021667838021936,0.17020977400188353
0.38682387731377466,0.2244355659350852,0.16238831137868945
-0.6651236438697004,-0.33641516086501627,0.3287084830046841
0.07993423159225227,-0.02184135683167237,0.10177558842392465
-0.9126101697726051,-0.6945452197184152,0.2180649500541899
-0.9360589022303198,-0.71076902940299,0.22528987282732982
0.8340211970171428,0.6068362747075186,0.22718492230962428
-0.5035012940571699,-0.553633873386632,0.050132579329462024
0.9691374352889499,0.7693922875559688,0.19974514773298113
0.04139875137831843,0.13385986847149628,0.09246111709317785
0.9477905400803331,0.7887886778000978,0.15900186228023538
0.23404167493935993,0.05706007194448453,0.1769816029948754
0.1577564664265639,0.03288646968394723,0.12486999674261667
-0.8719302103466575,-0.7162020373948498,0.15572817295180774
0.3069578967213744,0.14578128457485542,0.161176612146519
-0.28423799711636355,-0.29691366039251993,0.01267566327615638
0.705719205569126,0.3449405522792416,0.36077865328988445
-0.8032840220762012,-0.5734169686960167,0.22986705338018454
-0.8504760780696557,-0.6152659116449171,0.2352101664247387
-0.7586752218622776,-0.6865615999607851,0.07211362190149251
0.9290204290289161,0.730696747427309,0.19832368160160718
0.8961834792863531,0.6355227181330617,0.2606607611532914
-0.9445389257665099,-0.7271008948155855,0.2174380309509244
-0.011400736063781428,0.2640182682937282,0.27541900435750966
-0.7240302307506798,-0.6256787638766694,0.09835146687401042
-0.8686059322250517,-0.708850065553523,0.15975586667152863
-0.4918465894029938,-0.4528602842322453,0.038986305170748525
0.8233998181281477,0.598036714471775,0.2253631036563727
0.9697451480034135,0.8159835392909993,0.15376160871241418
0.9008593932276151,0.7118865030368183,0.18897289019079677
0.9208698184198193,0.6948669896949423,0.22600282872487698
-0.36890589247359246,-0.37234109842326163,0.0034352059496691734
0.8434415010939675,0.6161643859828684,0.22727711511109916
-0.7739321505782941,-0.6841677075945575,0.08976444298373665
0.6337693400910406,0.5542609036160678,0.07950843647497274
0.9414445409677626,0.7354313362680951,0.20601320469966755
0.5920781763752263,0.39485550648645173,0.19722266988877457
-0.8980981686266339,-0.7417078369936321,0.15639033163300187
0.8678822162381141,0.7279400423856339,0.1399421738524802
-0.8467353881105825,-0.7015335257303723,0.14520186238021016
-0.11448597571178998,-0.012343940364264474,0.1021420353475255
0.10087742341028946,-0.014765236173959076,0.11564265958424853
-0.8722955564258364,-0.7127313040188495,0.1595642524069869
-0.8133512553800116,-0.6646773182437838,0.14867393713622779
-0.05158303381206964,-0.12674765834872453,0.0751646245366549
0.681285697049332,0.7170513238104601,0.035765626761128155
-0.10647361913647639,0.08134605204900805,0.18781967118548443
-0.3933700249261975,-0.2350341733804704,0.1583358515457271
0.6011017454468763,0.39843916787219963,0.2026625775746767
0.8740331847700143,0.6120354567266757,0.26199772804333865
-0.11880127064822707,-0.0027378767427187096,0.11606339390550836
-0.3439318567560448,-0.1902944117278633,0.15363744502818152
0.19060908580628008,0.2304494680095794,0.03984038220329933
-0.7186427488834704,-0.48999995914579497,0.22864278973767538
-0.9302668137329703,-0.7060651199176682,0.22420169381530208
-0.6182595466658316,-0.5429001237218831,0.07535942294394848
0.945605745787214,0.7531516379479408,0.1924541078392732
-0.9479067853725957,-0.7245601194933634,0.22334666587923224
-0.6795439082642243,-0.5780888742709744,0.10145503399324984
0.018260070527269155,-0.12910858843564166,0.14736865896291082
0.3881965161807932,0.39669067266759006,0.008494156486796856
-0.7558713114148746,-0.5273709134566417,0.22850039795823296
0.29491867504002045,0.3021574223685899,0.007238747328569439
0.9189707850100448,0.7377844014848323,0.18118638352521255
0.9412749959705765,0.7166614214398972,0.22461357453067932
-0.6826505665652236,-0.5920060077520609,0.09064455881316269
-0.0529545348255572,-0.11529907595068085,0.06234454112512366
-0.33332016907253953,-0.17974223822979918,0.15357793084274035
-0.7970282744172695,-0.5233040269999671,0.2737242474173024
-0.12096933950214073,0.06043158450997846,0.18140092401211919
-0.7695331680582289,-0.5440937958007895,0.22543937225743937
-0.8962124297055261,-0.6787223408197014,0.21749008888582466
0.5236875705685844,0.4753951522542261,0.048292418314358265
-0.9465377973277338,-0.7392489461406442,0.20728885118708962
0.9512382879095523,0.7460021342447061,0.20523615366484627
0.05764664996082667,0.12574763404266073,0.06810098408183407
-0.8874053087127963,-0.6419544000692098,0.24545090864358654
-0.4856338772946009,-0.44472822767141384,0.040905649623187046
-0.9286367015562945,-0.6899182794653594,0.23871842209093508
0.9305881608240449,0.7355442370584001,0.19504392376564483
-0.9131124858997136,-0.7544306630675376,0.15868182283217602
-0.3711688085296863,-0.2052810348214788,0.1658877737082075
0.7915417408076486,0.6657658028958117,0.12577593791183694
0.7042168750703781,0.6788983630441185,0.025318512026259565
0.8912320262593469,0.7190649708313298,0.17216705542801714
0.6363125976785833,0.5556152221650964,0.08069737551348688
-0.8576780212310126,-0.588881233969343,0.26879678726166956
-0.09876559832774269,-0.1594927033958508,0.06072710506810812
-0.14806010409796047,0.11155904048984,0.25961914458780044
-0.9564249897442753,-0.765882387214359,0.19054260252991628
0.8735601454954235,0.6465339521574985,0.22702619333792495
0.24155744524587658,0.08079734932029321,0.16076009592558338
-0.40681276786852616,-0.23803232948711325,0.1687804383814129
-0.9373259656486159,-0.740715597755647,0.19661036789296893
0.0029223638177106547,0.07255660669478987,0.06963424287707921
0.06554466055249057,-0.08267803434542878,0.14822269489791934
-0.9322915433790676,-0.7351713529644104,0.19712019041465723
-0.9153265775680933,-0.7055888480537678,0.20973772951432557
0.6503608091643688,0.44509186445472576,0.20526894470964302
-0.1557616680127172,0.09009321287846253,0.24585488089117974
0.014621074541644285,0.12331000538570037,0.10868893084405609
-0.36175423155263653,-0.36371680092039305,0.001962569367756517
0.5895647456634444,0.520116750885175,0.06944799477826946
-0.031851509433713156,-0.12401933740263038,0.09216782796891723
-0.2055479777417735,-0.07452298401435145,0.13102499372742205
0.6026008991536357,0.40296524126154476,0.19963565789209092
-0.9506459950685379,-0.7462559704999335,0.20439002456860433
-0.27824849023962706,-0.32675894399673017,0.04851045375710311
0.7282154555185699,0.5151493885308823,0.2130660669876876
-0.07627095650075737,0.04192454031064464,0.11819549681140201
-0.864562923798978,-0.6302584452193756,0.23430447857960246
0.4523897181568159,0.19949865695836688,0.252891061198449
0.8489912270703734,0.7564351967482269,0.09255603032214654
-0.720262835438964,-0.6125256672739526,0.10773716816501133
0.5037035220796431,0.31362942733025956,0.19007409474938353
-0.7307817233724675,-0.6136228830623304,0.11715884031013712
0.08730002069173975,-0.032110469900207744,0.1194104905919475
-0.20676911851022786,-0.23346102641373578,0.026691907903507922
0.9424791046541868,0.7420498724106183,0.20042923224356857
0.936543000698625,0.7304001006617544,0.20614290003687052
0.6679798056352646,0.4515562489183109,0.21642355671695368
-0.14337963343111704,-0.19680021241507684,0.0534205789839598
0.7239683228558369,0.5058623628956019,0.21810595996023496
-0.9329090951261959,-0.7257315693695934,0.20717752575660253
0.46951078517941564,0.450061100911869,0.01944968426754662
0.9480794706560761,0.7408614021266989,0.2072180685293772
-0.5451056470181899,-0.3576243786903319,0.18748126832785794
0.19258740750842102,0.24952316177766976,0.05693575426924874
-0.9695420145293978,-0.7992811580864985,0.17026085644289934
-0.7236061612291672,-0.613390686598744,0.11021547463042325
-0.4119539262633213,-0.4035479924092828,0.008405933854038483
-0.24326758615663605,0.006335406517757717,0.24960299267439376
-0.9223382262792665,-0.7013525684741176,0.2209856578051489
0.03879024715044084,-0.22101447903435634,0.25980472618479716
-0.5249943520710169,-0.6752073604694009,0.15021300839838403
-0.4562191793637885,-0.27431002038551633,0.18190915897827215
0.8265358852489845,0.5764104404896773,0.2501254447593072
0.7334032024676523,0.7400651467771984,0.006661944309546031
0.49394371650481816,0.44825950964866657,0.0456842068561516
0.874007205799593,0.7081764602234724,0.16583074557612065
0.8601543564967862,0.7045547589054714,0.1555995975913148
0.5773462362152261,0.4974533015443112,0.07989293467091485
0.702545251020879,0.5953806198534437,0.10716463116743524
0.09744271422249454,0.1533208614131539,0.055878147190659366
0.9270119942480615,0.7377990754474316,0.18921291880062985
-0.3470612871451432,-0.3393422555555576,0.007719031589585645
0.8078699403435857,0.5583472913076193,0.24952264903596644
-0.6073988191187701,-0.40569919060236415,0.201699628516406
-0.8981206836199255,-0.6642004001251925,0.23392028349473293
-0.8892349669238151,-0.6599847401829886,0.2292502267408265
-0.9299815077141012,-0.7373229308327917,0.1926585768813095
0.9374039263409379,0.7009638929605508,0.2364400333803871
0.3324188810894789,0.1790830384628426,0.15333584262663633
-0.9484992330535966,-0.7360437825466563,0.21245545050694037
0.5213569835806608,0.46130260196061695,0.060054381620043895
0.3387288297996347,0.182425393517888,0.1563034362817467
0.9480260532834254,0.7361944472667328,0.2118316060166926
0.3151375366967266,0.17239270613178007,0.14274483056494655
-0.34546661001404816,-0.18838915301081915,0.157077457003229
-0.944871987553472,-0.7297662628628557,0.21510572469061628
-0.3245492147361626,-0.3361484492140158,0.011599234477853215
-0.9384641482874317,-0.7317273156289404,0.2067368326584913
-0.8767512158989251,-0.7169532687145668,0.15979794718435836
0.6337933833911645,0.4355198299501066,0.19827355344105796
0.9024884007955759,0.6669860211549219,0.235502379640654
-0.9273185207426863,-0.6930995668745145,0.23421895386817182
0.7857684493262523,0.554402558944855,0.23136589038139732
-0.5453508335808872,-0.30711930328935383,0.23823153029153338
0.1318336071185235,-0.02637619297675669,0.15820980009528018
-0.19133263862973543,-0.03282136803553963,0.15851127059419579
-0.7777916782698324,-0.551904012255467,0.22588766601436538
-0.7645744378006699,-0.5320344316304563,0.23254000617021364
0.785106931910919,0.678258809643319,0.10684812226759999
-0.7641801627628406,-0.5380974256600901,0.2260827371027505
0.588599844351385,0.3889287977749178,0.19967104657646723
0.9263361052973744,0.7446002045237938,0.1817359007735806
-0.8608078122399907,-0.6975220837309717,0.163285728509019
0.5872049907474145,0.36205379130374565,0.22515119944366885
-0.48664262317849943,-0.12284340529809878,0.36379921788040065
-0.5745975281015466,-0.504541150160956,0.07005637794059061
-0.7816142797817198,-0.6437901214832079,0.1378241582985119
0.04309788962865466,0.15582915857178115,0.11273126894312649
0.16956695081778353,0.21666817605006755,0.04710122523228402
0.9653159679746324,0.7602476421009026,0.2050683258737298
-0.04854234017904923,-0.12330077915562458,0.07475843897657536
0.2188968160577902,0.09015645012364355,0.12874036593414667
0.15955959436976935,0.22658487856358514,0.06702528419381579
-0.9059217149542893,-0.7346917158642011,0.17122999909008818
0.669587054958592,0.45554529382057196,0.2140417611380201
0.34818669423850035,0.3826381049386308,0.03445141070013047
-0.8552253255304838,-0.6303539577210319,0.22487136780945194
0.9392246795398281,0.7120830250218101,0.22714165451801804
0.6392053752949689,0.4327483149221557,0.2064570603728132
0.6014976986559535,0.5463569989672998,0.05514069968865365
0.8405649841865381,0.6763354432690387,0.16422954091749942
0.7483220523116049,0.43349908253485986,0.314822969776745
-0.3483073125997216,-0.17907587964497035,0.16923143295475124
-0.05657543330719507,-0.13515082253776461,0.07857538923056955
0.14116331023813775,0.19594113225791562,0.05477782201977788
0.7257931846295345,0.44959238601882373,0.27620079861071073
-0.5019681382605038,-0.4649306373937385,0.03703750086676527
-0.13223777246228346,-0.18364099435909212,0.051403221896808654
-0.9095852731391739,-0.7195031784319547,0.19008209470721926
0.5105112673627591,0.29772137009503263,0.21278989726772646
0.32483232610137974,0.32657413860220885,0.0017418125008291097
0.34046811825900347,0.553269491305826,0.21280137304682256
-0.5214553431753947,-0.48415000609459596,0.037305337080798695
-0.05534424983876058,0.039270381425803594,0.09461463126456418
-0.8649765298898142,-0.7820614901010966,0.08291503978871761
-0.8531732922312911,-0.6331931165219087,0.21998017570938244
0.925217457390003,0.7294830594280324,0.19573439796197067
0.575466793584962,0.5067587893942963,0.0687080041906657
-0.6076994746666198,-0.4108865673807831,0.19681290728583667
0.3793317879301785,0.21671221616985664,0.16261957176032188
0.904367525102278,0.6605101018623364,0.24385742323994164
0.011046432428282169,-0.18086612569692403,0.1919125581252062
-0.29596881629235966,-0.1487489126298691,0.14721990366249055
-0.11509864728933396,-0.17412021870375222,0.05902157141441826
0.03322861496786519,0.10852881357393103,0.07530019860606585
-0.7318353795645612,-0.6286918340283586,0.10314354553620264
-0.9465843705908683,-0.7255631786821887,0.22102119190867964
0.9074794189185617,0.7255107686456608,0.18196865027290088
-0.007004259562386947,0.06515204143653981,0.07215630099892675
-0.8992432676742699,-0.723758130534332,0.17548513713993785
0.7186026778594624,0.4935961599359034,0.22500651792355902
0.11240202775846557,-0.07588977346498411,0.18829180122344968
-0.9504607616853895,-0.7634325182651447,0.18702824342024482
-0.9692366975690009,-0.8106696406299398,0.15856705693906104
-0.7390298900223724,-0.5161722145656332,0.22285767545673918
-0.8505861553578846,-0.6211671250913336,0.22941903026655097
-0.39534964293817904,-0.3913954815124604,0.003954161425718639
-0.7485221367498278,-0.5287659432308409,0.2197561935189869
-0.39271459088891053,-0.3899517149104897,0.0027628759784208423
0.2580195233504207,0.28271004707330327,0.02469052372288255
0.7413456888761029,0.5227237213061252,0.21862196756997765
0.3011970548868525,0.3342854038022292,0.03308834891537671
0.6981635583550647,0.4865315899528016,0.21163196840226312
-0.5269028340828262,-0.48247315158110465,0.04442968250172158
-0.1623676294629636,-0.007984003938859249,0.15438362552410434
0.7335737201124147,0.6053007059847366,0.1282730141276781
0.040359082625271415,-0.16118791790923895,0.20154700053451036
0.8613444382785935,0.6416967480835141,0.21964769019507946
0.03520701708843649,0.26136778850539144,0.22616077141695495
-0.6519484783452689,-0.4348383784458652,0.21711009989940372
-0.9496483317349237,-0.7280402560258972,0.22160807570902652
0.3303820382140204,0.32534756683095956,0.005034471383060846
0.8180729440568291,0.6783174719039797,0.13975547215284934
0.9070523065905762,0.7154562678580055,0.1915960387325707
-0.9451451670718917,-0.7284500100028726,0.2166951570690191
-0.9101116149834158,-0.7308126515063836,0.17929896347703211
0.4105657787487988,0.38679519529239503,0.02377058345640376
0.4591377544945358,0.28556484889853917,0.17357290559599664
0.9378174820132938,0.6991010980457462,0.23871638396754769
-0.08098784787999314,-0.21119844277635993,0.1302105948963668
0.12735799127475259,0.2399374334950238,0.11257944222027122
-0.1333073640000868,-0.014557449261469808,0.118749914738617
0.2189424284072689,0.08451261748578365,0.13442981092148526
0.452033422801367,0.5069587444443939,0.054925321643026936
-0.8955021746863784,-0.6737663280984363,0.2217358465879421
0.301743870801573,0.3019034993465193,0.00015962854494627754
-0.25729584648509607,-0.12076346761645429,0.13653237886864178
-0.48659818033377633,-0.4648239302995444,0.021774250034231946
-0.8936565568266711,-0.6729328896237353,0.2207236672029358
0.30960579701375446,0.1629139366378819,0.14669186037587256
-0.25770927935307614,0.014890158226557579,0.27259943757963373
0.7701909254450772,0.5482624958886845,0.2219284295563927
0.8095030836513342,0.5864010295562102,0.22310205409512396
-0.2627034640081634,-0.49227603712522067,0.22957257311705725
0.5864322465369395,0.3878096352999983,0.1986226112369412
-0.9724259341123382,-0.7722254044182668,0.20020052969407143
0.8439043057214566,0.6146729318526667,0.2292313738687899
-0.6340308226817387,-0.43355630581011134,0.20047451687162737
-0.9622858996315038,-0.7872071684653569,0.17507873116614692
0.9312059307654696,0.740650452375744,0.19055547838972564
0.8364969401108219,0.5998585344122993,0.23663840569852257
-0.5649146674324387,-0.5104722441730128,0.05444242325942583
0.8837848371023324,0.6579749409479592,0.2258098961543732
-0.5638437609225925,-0.35283767267646593,0.21100608824612654
0.6989220680681255,0.4557766840264971,0.2431453840416284
0.5794256590428037,0.5223890759692859,0.05703658307351789
0.316638533647774,0.16839531851765996,0.14824321513011404
-0.7294841731579103,-0.4288465320482391,0.30063764110967117
-0.9473001741313198,-0.7262501303868958,0.22105004374442405
0.7159639109642255,0.49790021190385475,0.21806369906037076
0.10429969851759929,0.2373401897501226,0.13304049123252332
-0.37208446377304966,-0.2165745264245067,0.15550993734854296
0.9450176182701735,0.7211702376598668,0.22384738061030673
0.9179724406267109,0.6842635226908842,0.2337089179358267
-0.8572962993796633,-0.6873854968879215,0.16991080249174184
0.666300077371595,0.5754571699577177,0.09084290741387735
0.7372946032339582,0.6212281879573962,0.11606641527656203
-0.21704044168126493,-0.06778927633940038,0.14925116534186456
0.9224288822235172,0.7327988058680732,0.18963007635544393
0.3828145914008336,0.22785407367127292,0.1549605177295607
0.16110922555656376,0.032731329883944865,0.1283778956726189
-0.3952332388244939,-0.22282546655430813,0.17240777227018578
-0.40906284714740787,-0.38974994293854587,0.019312904208862003
-0.4904767336985566,-0.2667781000658465,0.2236986336327101
-0.7288564043196817,-0.6164615942605078,0.11239481005917384
-0.903576399695203,-0.7484846903996133,0.15509170929558969
0.9279459901790232,0.7227716578265468,0.2051743323524764
0.7701826627366434,0.6466776175794132,0.12350504515723015
0.9343493830104437,0.7155408633839683,0.2188085196264754
-0.6411333698928247,-0.552766157682032,0.08836721221079269
0.49467867925188563,0.4701270343432647,0.02455164490862094
-0.0397482439954763,-0.12393811571266375,0.08418987171718745
0.34609588514242173,0.18548301054114225,0.1606128746012795
0.09284415769664048,0.17015634475198138,0.0773121870553409
0.49506239986680267,0.2821478887943401,0.21291451107246256
0.8296214005043254,0.5648983945321254,0.2647230059722
0.786894031457962,0.6545321545234335,0.1323618769345285
-0.5849340711484512,-0.3756245604080101,0.20930951074044107
-0.8205589163369678,-0.5912970019654792,0.22926191437148857
-0.7282861809404961,-0.5031993794681444,0.22508680147235172
0.9598246417833088,0.7723573660252496,0.18746727575805922
0.7792464231699106,0.7159784691129633,0.0632679540569473
-0.5458178512093477,-0.49163240392681296,0.054185447282534716
0.936491482343648,0.7325372458843473,0.20395423645930066
-0.6965329062572231,-0.6252046486615158,0.07132825759570727
0.3934447892876321,0.225593552863279,0.1678512364243531
0.7821323122783749,0.5572289540725774,0.22490335820579743
-0.9477471864738668,-0.7437078558393305,0.20403933063453628
0.764826537079157,0.6354624041065778,0.1293641329725792
0.8182625573342978,0.6524033097045654,0.16585924762973236
0.31682654297259377,0.3286348234807803,0.011808280508186553
0.5221985767652279,0.7030147645758972,0.18081618781066933
0.571166496646487,0.5121623967907244,0.059004099855762604
0.4199431188792928,0.4015377170274653,0.018405401851827485
0.3261342354297707,0.3240440741123564,0.0020901613174142963
-0.3392910868858835,-0.1805078848518888,0.1587832020339947
0.9322425887297433,0.662892931254115,0.26934965747562833
-0.7389776595593168,-0.4869494630736142,0.2520281964857026
0.5235229611328271,0.4705923817008907,0.052930579431936464
0.33642655722542136,0.1773978147573793,0.15902874246804205
0.6891581012484809,0.6097799745392238,0.07937812670925704
0.8137977387073234,0.5850522732950147,0.22874546541230867
0.7313193727447131,0.5092184939415024,0.22210087880321072
0.49954113505239367,0.524197015387096,0.024655880334702285
-0.5705516634302374,-0.36792265549928393,0.2026290079309535
0.40266972015097974,0.38462041180383044,0.018049308347149295
-0.8176062000021088,-0.6908478955631016,0.12675830443900726
0.6760718197736889,0.5682623592758111,0.10780946049787776
-0.14881930193178294,-0.03232014800395402,0.11649915392782892
-0.8662604045803448,-0.7205259910236784,0.1457344135566664
-0.16269684755101693,-0.21027132449343233,0.0475744769424154
-0.4920074834444172,-0.4507374650911462,0.04127001835327099
-0.020253680842923207,-0.10792114860877412,0.08766746776585091
0.4995882999963831,0.3091240604446864,0.19046423955169672
-0.9536366601538832,-0.750697444112244,0.20293921604163911
0.8074014403465766,0.6752267881451599,0.13217465220141666
-0.3759856016424731,-0.3833818697028922,0.007396268060419098
0.8179754531966713,0.6719108729956174,0.14606458020105395
-0.5648411201214755,-0.2395239254985894,0.3253171946228861
-0.4693910386311164,-0.29029625349037735,0.17909478514073907
-0.7032914994501185,-0.6044066003633058,0.09888489908681264
0.6225196353232719,0.542984855633673,0.07953477968959888
0.8981305071738137,0.7168125357717923,0.18131797140202144
-0.84860887706343,-0.6204235183201807,0.2281853587432493
-0.47193631772524525,-0.14400999126787062,0.32792632645737463
0.01952529364371736,-0.06478109027390651,0.08430638391762386
0.5648335050411368,0.3563681061833923,0.2084653988577445
-0.12332501041842685,0.0019991453473046862,0.12532415576573153
-0.02905649302623673,-0.10915465422478447,0.08009816119854773
0.9441014752621428,0.7209833683574727,0.22311810690467015
0.6192269770709661,0.414725278458031,0.2045016986129351
-0.9522668444485853,-0.7023148255112451,0.2499520189373402
0.6690857624583728,0.6541198676386427,0.014965894819730097
0.30534879362030676,0.14970649248640286,0.1556423011339039
0.8181483855891998,0.6830661209318777,0.1350822646573221
-0.2974720039460447,-0.13639930003491393,0.1610727039111308
0.24118018743711833,0.02306142251343991,0.21811876492367843
-0.6536813359962625,-0.39294588025493976,0.2607354557413228
-0.33603715101230563,-0.17228208938915504,0.1637550616231506
0.44285231646512896,0.25609169401404,0.18676062245108893
0.3549528432611675,0.3467006111073707,0.008252232153796779
-0.7794608052063353,-0.6562415872550749,0.12321921795126045
-0.8452523282779946,-0.6984331696649844,0.1468191586130102
-0.861159726566687,-0.7225417363921892,0.13861799017449783
0.8418237895688176,0.6893470180397284,0.15247677152908923
0.9157655762692537,0.6176516515916555,0.29811392467759823
0.7800231342631896,0.5115380257024464,0.26848510856074315
-0.9690806063629965,-0.8498744218174885,0.11920618454550802
0.8683112223041854,0.6380320092648656,0.23027921303931986
0.9482393667741643,0.7354032428639423,0.212836123910222
-0.9147079352071075,-0.7158353140187858,0.19887262118832172
0.6283031441697203,0.6341808278424762,0.0058776836727558734
0.7990783974192879,0.5736318242078928,0.22544657321139505
0.9008425468821497,0.6723064731261059,0.2285360737560438
0.9177153707279716,0.7121198685530137,0.20559550217495792
0.9549594739437535,0.8189984848944343,0.1359609890493192
-0.8529005757750108,-0.6213427621037466,0.23155781367126416
-0.18696593969420686,-0.4425052419536435,0.25553930225943666
-0.5849676164229822,-0.5187272838282176,0.06624033259476458
-0.9446713428896242,-0.7485429134431972,0.19612842944642694
-0.8793385398476987,-0.6452686767878907,0.23406986305980804
-0.38856577633707845,-0.19960328396733445,0.188962492369744
0.30697594854355265,0.3383481905293268,0.03137224198577415
-0.5179107847422716,-0.4671923116182206,0.05071847312405098
0.8607138598554276,0.6344047922335165,0.22630906762191105
0.0706498683982563,-0.18189525745003876,0.252545125848295
-0.9757291167127891,-0.7654722453065422,0.21025687140624683
0.5495585198847212,0.6911170095044606,0.1415584896197395
-0.2629614487829434,-0.08672298877227776,0.17623846001066568
0.8744451407422391,0.639880333179099,0.23456480756314013
-0.6846029589587449,-0.6541165478384644,0.0304864111202805
-0.5824536473404843,-0.3799744929698119,0.20247915437067243
-0.49413233252644173,-0.45645985591201754,0.03767247661442419
-0.9271705547560932,-0.7358465839855564,0.19132397077053687
0.20519984599273902,0.24325048652841116,0.03805064053567214
0.17336377386611965,0.04724373350435411,0.12612004036176555
0.5658392520477337,0.3806093498347134,0.18522990221302027
-0.5704898934905597,-0.516187563831501,0.05430232965905868
0.9063020295747135,0.7215613546038341,0.18474067497087943
0.08403034456583021,0.14363364432603498,0.05960329976020477
-0.24526761553972143,-0.2760593442696113,0.03079172872988989
0.8976650580401356,0.7758630335543817,0.12180202448575395
0.9178376650414366,0.6917315846275657,0.22610608041387092
0.05358227355293002,-0.1498243198773032,0.20340659343023323
-0.9213330969059356,-0.7120685794029558,0.2092645175029798
0.8454234172215714,0.6154259592748977,0.2299974579466737
-0.043205224262477415,0.2067172636753009,0.24992248793777833
-0.01807440118567989,0.1815812658252666,0.19965566701094647
0.7990441406499139,0.6665889258885341,0.13245521476137978
0.6678164661685939,0.5735302255999917,0.09428624056860224
-0.12803236482526378,-0.17136127238511778,0.043328907559853996
0.18218890648310032,0.0018509234800178995,0.18033798300308243
-0.7427439738569939,-0.5156784834387418,0.22706549041825208
0.9458735364697373,0.7392791395341795,0.2065943969355578
0.6044547829970378,0.5235206558645444,0.08093412713249337
-0.2314474062752533,-0.2577764912703366,0.026329084995083296
0.8950416090492554,0.6573881432953682,0.23765346575388724
-0.9206126167999629,-0.6944581102279376,0.2261545065720253
0.5191557496582238,0.32257553751645424,0.19658021214176952
-0.9529371270337541,-0.8040126900864856,0.14892443694726853
-0.9094062783675503,-0.7242289767608608,0.18517730160668944
0.19816938318141886,0.23782994088300352,0.039660557701584664
0.9171660631201205,0.6967716738209951,0.22039438929912536
0.7432988658213724,0.6250865441539322,0.11821232166744022
0.7691299008022002,0.6497838703203153,0.11934603048188497
-0.3355473231279269,-0.3528157228916145,0.017268399763687603
0.3988475876351961,0.12158561710003722,0.2772619705351589
0.045459249109676615,-0.07108729168319425,0.11654654079287086
-0.3117889961435911,-0.3534210782289462,0.04163208208535507
-0.9141163205557591,-0.7365521322590702,0.17756418829668885
0.35740116163621555,0.3578879011465673,0.00048673951035177465
0.9058085007134967,0.7125209685889747,0.193287532124522
0.5796062061111743,0.5186761391071188,0.060930067004055455
-0.11715242916303074,-0.01863310592879035,0.0985193232342404
0.15265520704436403,0.2053450165603285,0.05268980951596447
-0.3772296708064638,-0.3929668930287263,0.01573722222226248
0.685343547608326,0.6048145983028911,0.08052894930543497
-0.34169505675973044,-0.18248448503699763,0.1592105717227328
0.9282649213054557,0.7442580208710665,0.18400690043438916
-0.9282400614675402,-0.7928663891463552,0.13537367232118502
-0.6767439886565766,-0.5809622425580012,0.09578174609857537
-0.7692089341537102,-0.654430875191668,0.11477805896204218
-0.7347986869769687,-0.4575421514103292,0.2772565355666395
0.9470241777265708,0.7520974105627647,0.19492676716380608
0.9157966041927301,0.7588830046814901,0.15691359951124006
-0.6470463635478948,-0.4387152495723546,0.20833111397554022
0.7975662381893894,0.5702357124560483,0.22733052573334112
-0.531612154526688,-0.3439280911823894,0.1876840633442986
-0.7265729343746555,-0.5059688041741145,0.22060413020054104
-0.012589342085028776,0.06709928861218548,0.07968863069721425
-0.2944762812207215,-0.46921697059151485,0.17474068937079335
-0.7520072936890716,-0.7070667324329667,0.044940561256104905
-0.4216707771208404,-0.25041704745193316,0.17125372966890723
-0.07469600547807113,-0.3432286670612759,0.26853266158320477
0.5830621227873278,0.5237472972035023,0.0593148255838255
-0.05137736228396621,-0.17629618403389796,0.12491882174993175
0.8586627661991797,0.63930103186643,0.21936173433274975
-0.565868582814264,-0.3446746968335135,0.22119388598075052
-0.7888352094865034,-0.5649362566878644,0.22389895279863903
0.9434992348419698,0.7368571866901895,0.20664204815178033
-0.9106464644934166,-0.6771721035889157,0.2334743609045009
0.0403205643291173,-0.14788620810799508,0.18820677243711237
-0.7453793029221759,-0.5293990762869654,0.21598022663521055
0.1160084931467968,0.22676467093284092,0.11075617778604412
-0.8800142153737132,-0.7750097141235484,0.1050045012501648
-0.7436420412424333,-0.5178022349901844,0.22583980625224886
-0.050282936793992136,-0.18235846219749396,0.13207552540350181
-0.9226265468592303,-0.718511057769918,0.20411548908931232
-0.14937799618821898,-0.23945007804017693,0.09007208185195795
0.06771112451445571,-0.03523673456450144,0.10294785907895715
-0.47876548266014674,-0.4370825256679709,0.041682956992175835
0.37476744458597877,0.21167275022491758,0.1630946943610612
-0.8218260863469015,-0.7376145969442088,0.08421148940269263
-0.7479652008392761,-0.5293741031605438,0.2185910976787323
0.0965700230012799,0.3546178257745171,0.25804780277323724
0.3316707210868672,0.1730842322401029,0.1585864888467643
0.5524465014216683,0.3135818322708071,0.2388646691508612
-0.8423038427465026,-0.696903732019275,0.14540011072722758
-0.6428918115769621,-0.5681169453625832,0.0747748662143789
0.9346474921544848,0.7292147575294502,0.20543273462503464
-0.924660789831031,-0.7691029761308691,0.15555781370016186
0.5994110261256363,0.521060848184285,0.07835017794135135
-0.05809581341414667,0.03814274750867913,0.0962385609228258
-0.8672731730206876,-0.7091971229575277,0.15807605006315995
-0.9422547072167832,-0.7158307574952021,0.22642394972158109
-0.8673587788879286,-0.7510584670702345,0.11630031181769407
0.08835340267404718,-0.029016048761728905,0.11736945143577608
0.83560141362654,0.7427265441614538,0.09287486946508616
0.47888483405330845,0.2895096953085075,0.18937513874480094
-0.4493032637097158,-0.4187603345385661,0.030542929171149702
0.18336212992251608,0.21251816008913643,0.029156030166620356
0.4444139349599425,0.4659660756878849,0.02155214072794237
0.8385966170220631,0.7589398589947394,0.07965675802732375
-0.6892940458756173,-0.47807409636206166,0.2112199495135556
-0.882734923910643,-0.6279304063118283,0.25480451759881473
-0.9053009475386012,-0.7131252810270077,0.19217566651159357
0.08133959942579569,-0.05987730517194568,0.14121690459774136
0.9062645269225571,0.6057872312263693,0.30047729569618775
0.3805473501443792,0.20751788423336895,0.17302946591101023
-0.6164038429276285,-0.42051927901029235,0.19588456391733616
0.468268559275058,0.43498604793253903,0.03328251134251897
-0.8923543827384485,-0.6656033764357808,0.22675100630266765
-0.4547188006545458,-0.2832765279745833,0.17144227267996248
0.9302449057269626,0.7171534234385458,0.2130914822884168
-0.6122975412439047,-0.3386798054956732,0.27361773574823145
-0.25573263519955736,-0.27606642769752887,0.020333792497971515
0.22633011079608628,0.09143437389575108,0.13489573690033518
0.6313631115682901,0.2669355155170587,0.3644275960512314
0.2248364346323246,0.0793998260739407,0.14543660855838392
0.8165447699479622,0.5861299159769829,0.23041485397097927
-0.4400826158322477,-0.446282577217024,0.006199961384776298
0.7617255505751714,0.5347632940686177,0.22696225650655377
-0.14975692968840085,-0.030638263593078446,0.1191186660953224
-0.9266340424365099,-0.7208603194596285,0.20577372297688146
0.49529746325228485,0.67445541235716,0.17915794910487515
-0.8380239701747595,-0.6054277663792736,0.23259620379548585
0.7991390861732803,0.671157729728599,0.12798135644468134
0.9483051957327955,0.7319187293289136,0.21638646640388193
0.6121779191424421,0.4123558884639455,0.19982203067849663
0.8518598315398853,0.659677698387896,0.1921821331519893
-0.06147659238348943,-0.13153428629533448,0.07005769391184505
-0.5368710947560387,-0.32816102180123385,0.20871007295480482
0.13086575144414037,0.012987270028160225,0.11787848141598015
-0.03014817047659511,-0.12961060048233103,0.09946243000573592
0.7239312465191305,0.5090989177650174,0.21483232875411318
0.0016950162415277342,0.08072731890620176,0.07903230266467402
0.786052731936312,0.5589925625235581,0.22706016941275387
0.6081566544808048,0.5342910164215661,0.07386563805923874
0.391155350833253,0.3807157671861674,0.010439583647085582
0.7655197695907198,0.634847829380638,0.13067194021008177
-0.05882893907929043,0.04958564550424036,0.10841458458353079
0.9397658182168301,0.8178682411373952,0.12189757707943494
0.7301435742127079,0.5146599565046971,0.21548361770801083
-0.38908181857476914,-0.2044882294309689,0.18459358914380025
-0.9528784039943935,-0.7517115737080151,0.20116683028637838
0.9361665642287618,0.7322158221496726,0.20395074207908914
-0.316527313266939,-0.15111910404922183,0.16540820921771718
-0.9000322961375824,-0.6711663422339719,0.22886595390361053
-0.8924522451134269,-0.6347605782594178,0.2576916668540091
-0.004859289127396889,-0.08828103514832208,0.0834217460209252
0.9208840470233144,0.7328104980984892,0.1880735489248252
0.06341866922329407,-0.03835665980953401,0.10177532903282809
-0.6595987792463371,-0.5735716225895341,0.08602715665680305
-0.3846071938561837,-0.09425011813762284,0.29035707571856084
0.895651789208245,0.5840882162422213,0.31156357296602366
-0.6778769098042935,-0.5825867695051867,0.09529014029910676
-0.7613009306695723,-0.5370558097652076,0.22424512090436466
-0.6276812543133822,-0.539464848462016,0.08821640585136614
-0.6292401198558403,-0.5523930137222006,0.07684710613363965
0.6788836559762421,0.47177357141051385,0.20711008456572827
-0.47895415574677624,-0.24474845587195487,0.23420569987482137
-0.9042393104703046,-0.7203820140128336,0.18385729645747095
-0.5240484736704873,-0.32438101937778774,0.1996674542926996
-0.6956883867862593,-0.5994575140955557,0.09623087269070363
-0.6035456783767916,-0.36109742541693846,0.24244825295985317
-0.9039745360433942,-0.6736056891027298,0.2303688469406644
0.1353929736251867,0.026498564833900205,0.1088944087912865
0.5351755874376123,0.34870585710317925,0.18646973033443304
-0.0015978293401332146,0.08009255734467655,0.08169038668480975
-0.9227396522898743,-0.6679599350910445,0.25477971719882986
0.5257416146072786,0.4793276478796007,0.04641396672767795
0.6478792849701497,0.5533876450842169,0.09449163988593279
0.8757615674539754,0.7097244166795691,0.16603715077440628
-0.39017606669548366,-0.35652506284198515,0.03365100385349851
0.9303604680228422,0.699547545296017,0.2308129227268252
-0.711691365540041,-0.4968674875156225,0.2148238780244185
0.3710521946922467,0.17941335993235855,0.19163883475988816
0.40139687789690126,0.3970321264514362,0.004364751445465054
0.9115804559514951,0.7186360303925754,0.19294442555891966
-0.25663892660709575,-0.11216136334599562,0.14447756326110012
0.35800706015890044,0.1979499791340216,0.16005708102487884
-0.3984273076386241,-0.23732542311262605,0.16110188452599805
-0.336366349462368,-0.1839218202517254,0.15244452921064258
0.9180457163453518,0.6938508420012234,0.22419487434412844
0.743343926196121,0.6346296190296492,0.10871430716647179
0.7690954308239961,0.6468848814167798,0.12221054940721632
0.7916149844723188,0.6930753986782506,0.09853958579406819
0.029046499417743975,-0.06778961353034015,0.09683611294808411
-0.8829904857426594,-0.6594934281140926,0.22349705762856675
-0.5881602518797633,-0.5201745359013463,0.06798571597841696
-0.20063608813984452,-0.4094918440112052,0.20885575587136068
0.1164193664894529,0.18912078457679654,0.07270141808734364
0.8915323404655721,0.6653287340048979,0.22620360646067417
-0.660659201215342,-0.4541211966859435,0.20653800452939858
0.8635086995308661,0.76801053301795,0.0954981665129161
-0.35482214515269095,-0.20492338562962945,0.1498987595230615
0.021778719297522384,0.10336394323529789,0.08158522393777551
-0.738001355789992,-0.5107300364245362,0.22727131936545586
0.876436046466694,0.7070498649645366,0.16938618150215745
0.3053139920790372,0.1499869335912742,0.155327058487763
0.609930242492403,0.41051092710559617,0.19941931538680685
0.36641591057182216,0.00746506807289968,0.35895084249892245
-0.3655019716738092,-0.35704212487683495,0.008459846796974257
0.16662267875948927,0.0397324786080892,0.12689020015140007
-0.23797464691462406,-0.10728417861109663,0.13069046830352743
-0.014373134557726847,-0.09356148811545223,0.07918835355772538
-0.8954683020073663,-0.7018129623711356,0.19365533963623072
-0.28734369760394,-0.29946951663171206,0.012125819027772045
0.8440278339100895,0.6924007774450907,0.15162705646499886
-0.35581950998033607,-0.34672879441895577,0.009090715561380303
0.4097664136431734,0.39224386394177396,0.017522549701399437
-0.4062083628365967,-0.3263661184483085,0.07984224438828824
0.7707635244499165,0.5531146718015546,0.21764885264836187
0.8487758345556359,0.7501148662044124,0.09866096835122351
0.8252216915602312,0.5958987835970668,0.22932290796316435
0.6778444916344533,0.37698500468074486,0.3008594869537084
-0.4285899032697808,-0.4163190391702672,0.012270864099513612
-0.7378430326142964,-0.5314541257847438,0.20638890682955258
0.5573199599719887,0.2879104689681243,0.2694094910038644
0.3146518911455027,0.3727684853936893,0.058116594248186604
-0.23040795930223948,-0.03559507211035808,0.1948128871918814
-0.7811638841445576,-0.6563621295242514,0.12480175462030618
-0.3657350410832777,-0.40452259014727215,0.03878754906399445
0.4321843071010359,0.41900149734310344,0.013182809757932457
0.878690226498779,0.7128628930805889,0.16582733341819011
0.1852194036536468,0.32695725158961336,0.14173784793596655
-0.5476928264953004,-0.4990129962861585,0.048679830209141906
-0.4484918871390841,-0.25053583774655064,0.19795604939253347
-0.7867582173957463,-0.5613615482498393,0.22539666914590695
-0.8392429118069565,-0.7097361251670877,0.1295067866398688
-0.8100062877785226,-0.5764867313636642,0.23351955641485833
-0.9399507212689372,-0.7237080144980114,0.21624270677092583
0.6146989966885237,0.7336839761237514,0.11898497943522768
0.8639261120615893,0.7060377552399152,0.15788835682167413
-0.6898471757118688,-0.712042024717515,0.022194849005646167
-0.8153577970036879,-0.5839898033974447,0.23136799360624327
0.2847717188617758,0.31130406074984207,0.026532341888066246
-0.9494542027073625,-0.7335107695136273,0.2159434331937352
0.4389627179496893,0.27019045306266876,0.16877226488702052
0.4569615810394343,0.6156117370853056,0.1586501560458713
-0.3429010810181073,-0.07418836653212486,0.26871271448598244
0.4286441925394298,0.6075544690303885,0.17891027649095864
0.8308553080099048,0.6797355916705864,0.15111971633931842
0.9539714011701435,0.744525934302511,0.20944546686763243
0.7925397019323132,0.5717671445964354,0.22077255733587775
-0.14971059487897562,-0.23081345477208062,0.081102859893105
-0.36466634464586173,-0.3552168494425193,0.009449495203342428
0.929509267395151,0.729181224815495,0.20032804257965608
-0.1806042884049914,-0.2160181397231503,0.035413851318158884
-0.14689273842401473,-0.19146564496791238,0.044572906543897645
0.8394447066423438,0.6081120933429237,0.23133261329942012
-0.8767290233264463,-0.6354263985422245,0.24130262478422182
0.7238940607364065,0.5042277551521768,0.21966630558422973
0.274484305191956,0.2987760992176841,0.02429179402572812
-0.9196732598693593,-0.7358262500708833,0.183847009798476
0.33178871307853863,0.1679260773717857,0.16386263570675294
-0.932476992651519,-0.8194498784298323,0.11302711422168665
-0.3020580838550979,-0.3077190911803969,0.005661007325299006
-0.7738754378236937,-0.6474797472944639,0.12639569052922983
0.8922211395235163,0.7631635532183875,0.12905758630512887
-0.4571259574332586,-0.2708421910359731,0.1862837663972855
-0.25601466280416596,-0.2864740329680915,0.030459370163925525
-0.6780435551640982,-0.46467004433384457,0.21337351083025363
-0.9165520720008172,-0.6921839513979804,0.22436812060283684
0.5346587643531817,0.49725499913968035,0.03740376521350136
-0.6425729928628441,-0.4323350327320749,0.21023796013076917
0.09154485427959967,-0.12757258637080127,0.21911744065040095
0.9351690597256362,0.7385090957544318,0.19665996397120444
-0.9723776544841247,-0.8237285650023839,0.14864908948174083
-0.7421402522265061,-0.6293137386664804,0.11282651356002571
-0.7697470948428681,-0.7424279662994466,0.027319128543421445
-0.814808788518388,-0.5588931511766315,0.2559156373417565
-0.44267783233043884,-0.43625773768658554,0.006420094643853291
-0.21775460646973457,-0.24414672229661186,0.026392115826877283
-0.5343705087742989,-0.48902578105680305,0.04534472771749587
-0.012092229388152655,-0.10302452680066561,0.09093229741251295
0.8431166686840034,0.6254606838360603,0.21765598484794302
-0.7578774669790831,-0.5396971976212308,0.21818026935785229
-0.22277375851505005,-0.09245660598748358,0.13031715252756648
0.8389712637356602,0.6049260690422656,0.23404519469339458
0.6869055351596933,0.6001441770402182,0.08676135811947516
-0.9051103096335589,-0.7253842949312134,0.1797260147023455
-0.8713278280583947,-0.6863686804753361,0.18495914758305865
0.6187494714451726,0.41038860390225895,0.2083608675429136
-0.804927727807968,-0.5095057339723618,0.2954219938356062
0.798234044260236,0.5722362828114553,0.2259977614487807
0.4451137090664158,0.21336302889435213,0.23175068017206366
-0.607473832474279,-0.5411436040651251,0.06633022840915392
0.5976723441765719,0.5386382352914328,0.05903410888513905
-0.943989256166394,-0.7376055777593962,0.20638367840699778
0.9404144020046536,0.738533648194422,0.20188075381023163
-0.8185664636849512,-0.48936480477823235,0.3292016589067189
0.6124691735705334,0.5354545996196873,0.0770145739508461
0.6772814193088798,0.5877897847549799,0.08949163455389986
-0.6267592944891521,-0.5425666885234651,0.084192605965687
-0.9239960986205616,-0.6951048169776965,0.2288912816428651
-0.9156697736553289,-0.6793815118269996,0.2362882618283293
-0.8137353589940808,-0.5943621894793499,0.21937316951473085
-0.4707538983365875,-0.43658370953472897,0.034170188801858514
-0.5835698411629154,-0.5251628293523125,0.05840701181060293
0.4065041435388249,0.0977111363633039,0.308793007175521
0.4623785602308382,0.4165902568982544,0.04578830333258377
0.8908379055619814,0.6637430567900577,0.22709484877192365
0.4018645821232403,0.3857025889306848,0.016161993192555457
0.7598276372334601,0.6749438628927382,0.08488377434072192
0.8697636620654324,0.7059252589767263,0.16383840308870612
0.6370067607450084,0.5486289689976033,0.08837779174740512
0.7561194425406466,0.6766720857747831,0.07944735676586345
-0.8486555888305592,-0.6263861916503582,0.222269397180201
-0.1537520432748937,-0.034204205651845336,0.11954783762304835
0.4344431888371242,0.3184505553749925,0.11599263346213168
0.3259647282094524,0.15126195373565043,0.17470277447380195
0.9492740808148965,0.7443943516736314,0.20487972914126507
-0.8865753669648208,-0.7054446508267345,0.1811307161380863
-0.46596720566097843,-0.42712544886662623,0.0388417567943522
0.9176928133619091,0.7203391620001895,0.19735365136171956
0.872916042698773,0.7146218197425881,0.1582942229561849
0.4408927579038665,0.26507109465892387,0.17582166324494264
0.591493749165184,0.5313389698665035,0.060154779298680516
-0.8797974807617224,-0.7708180617462529,0.10897941901546948
-0.7680924104570004,-0.5506264825133408,0.2174659279436596
0.9312481978303281,0.7302995106190381,0.20094868721129
0.6887489249178547,0.4597785752720122,0.22897034964584245
-0.843411209082302,-0.6980169571481973,0.1453942519341047
-0.8624292164914538,-0.6987537057118242,0.1636755107796296
0.5271719388967894,0.46208640687675584,0.06508553202003353
-0.9286109179057551,-0.7358131581549802,0.19279775975077496
-0.5837567445719387,-0.38356591337945106,0.20019083119248765
0.5118304761343219,0.46201218559562846,0.04981829053869341
0.1517687658724048,0.26074878126731665,0.10898001539491187
0.7056174213286169,0.4825235242506539,0.223093897077963
0.9470627210696673,0.7358422796052236,0.21122044146444363
0.9036544450912879,0.67455984445933,0.22909460063195786
0.6299123669757394,0.5523195880066231,0.07759277896911632
0.04882555847346333,0.12773184752252278,0.07890628904905946
0.9312292592334657,0.7405157282497655,0.19071353098370014
0.8825134162393181,0.71625978136904,0.1662536348702781
-0.4883780608909515,-0.5335079670320472,0.04512990614109569
-0.37144862984039384,-0.20706177950460433,0.1643868503357895
0.9237936900828208,0.6909845779078437,0.23280911217497702
0.8104150072455355,0.6606031223537567,0.14981188489177877
-0.798991229809191,-0.6688247403029474,0.13016648950624365
-0.5925265568722228,-0.5325632217345748,0.059963335137647955
-0.6221607594034015,-0.4045274104838289,0.21763334891957264
-0.7130618233695519,-0.4629186291959727,0.2501431941735792
0.07982543267633033,-0.020420661878588174,0.10024609455491851
0.6649669407244654,0.5748989867515762,0.09006795397288914
0.625188464742235,0.5469367930581219,0.07825167168411307
0.4320541518918046,0.259420357227317,0.17263379466448764
-0.2161196101335646,-0.40426802485167945,0.18814841471811486
0.721759135565068,0.5028978041996162,0.21886133136545183
0.9297298860329666,0.69877010118738,0.23095978484558655
0.43033398166354575,0.2407641711541592,0.18956981050938654
-0.9702147075472071,-0.804214298744313,0.16600040880289402
0.1461961248144848,0.03342276646719715,0.11277335834728765
0.5087986159978666,0.46587315014204045,0.04292546585582613
0.5835729804114339,0.3644421637959742,0.2191308166154597
0.7693907239603649,0.5277062019869146,0.24168452197345025
0.950857298534009,0.7562255402962003,0.19463175823780876
0.15694605165505857,0.21618830753553825,0.05924225588047968
-0.427421442545042,-0.494505696373896,0.06708425382885402
0.49132124643113306,0.4466702482590861,0.044650998172046985
-0.21911675905143393,-0.09616602910373222,0.12295072994770172
-0.9191894057556478,-0.7286218575346073,0.1905675482210405
0.7125243658415349,0.49795777526074897,0.21456659058078592
0.9477186587323835,0.7355811795436024,0.21213747918878112
0.9209189993255599,0.7321324987565904,0.1887865005689695
-0.9236268338677882,-0.661098406773743,0.2625284270940452
-0.3608150985292104,-0.3638399388246662,0.0030248402954557996
0.9036208285531251,0.673612845688668,0.23000798286445712
-0.5088540821492268,-0.46696614070468123,0.04188794144454555
0.7883896354337359,0.6552179559707403,0.13317167946299557
-0.9225535724447025,-0.7471443014109832,0.17540927103371928
-0.6838506592241482,-0.4707600752443038,0.21309058397984443
-0.9620303149921553,-0.7788264200600409,0.18320389493211442
0.9260898270215887,0.6892228046670692,0.2368670223545195
0.854889492797326,0.7056601002912555,0.14922939250607048
-0.9474821903443718,-0.7252812689469942,0.22220092139737757
0.9073944269303251,0.6810807398039848,0.22631368712634037
-0.9181170158353678,-0.6901183859105507,0.227998629924817
-0.8121672868173959,-0.6663450026824917,0.14582228413490417
0.9063848330437,0.7197728207289372,0.18661201231476277
0.8633310748500124,0.625275834012054,0.23805524083795837
-0.9215939895632016,-0.7330835585682735,0.18851043099492815
0.9033377906393012,0.6658493692081336,0.23748842143116755
0.9477664788013392,0.7294943508285748,0.2182721279727644
0.10119818653548858,-0.13055610647108631,0.2317542930065749
0.957930894985218,0.8355321013914486,0.12239879359376937
-0.19030057201661035,-0.05654462277549625,0.1337559492411141
-0.777107757991268,-0.5593499279672891,0.21775783002397886
0.20631379625598215,0.477654009013938,0.27134021275795583
-0.9334550025322319,-0.7191434865969984,0.21431151593523345
-0.5487354659666291,-0.34306702544843365,0.2056684405181955
-0.20285157511069832,-0.08305167512366506,0.11979989998703326
-0.958401368722352,-0.8200475219959368,0.13835384672641526
0.14852426154301754,0.009460238870449295,0.13906402267256823
0.27720549130959626,0.29377312136901174,0.016567630059415472
-0.03346468215693076,-0.3746011941539122,0.3411365119969814
0.8134954845632725,0.5817061995331926,0.2317892850300799
0.2716184680053496,0.2974406837749654,0.025822215769615797
-0.8108385389330911,-0.4601104168505707,0.3507281220825204
-0.3624397714338833,-0.3773084070752492,0.014868635641365924
-0.5376518670031741,-0.4892947332619067,0.04835713374126743
0.09825977937036547,0.15372453341657516,0.055464754046209694
0.7112849702655518,0.4898928333460581,0.22139213691949372
0.4662074863947982,0.28326685942826774,0.18294062696653046
-0.16622098827772105,-0.21357732054156825,0.047356332263847195
0.390021831099241,0.2281456805824713,0.16187615051676968
-0.10750385937793801,0.0011498736346453775,0.10865373301258338
-0.38082703179234817,-0.43136987008592986,0.05054283829358169
-0.9309038985713554,-0.7001158690971597,0.23078802947419563
-0.43894337294447056,-0.25731919622068566,0.1816241767237849
0.5179381428596884,0.33209712021011456,0.18584102264957386
-0.3860985575548868,-0.3612240138341206,0.024874543720766196
-0.5727792549646146,-0.3696756766819106,0.20310357828270398
-0.8952886055318345,-0.770774593947185,0.12451401158464959
-0.9313717346699202,-0.7022503413254808,0.22912139334443937
-0.7413878676282561,-0.5281911010225114,0.21319676660574471
-0.2718738513816348,-0.2897735441106151,0.017899692728980343
-0.3997141869083624,-0.3927873514241297,0.0069268354842327295
0.6129397939770946,0.540744843696617,0.07219495028047762
-0.4563943299532353,-0.18925468856907426,0.267139641384161
-0.8580731401502303,-0.5870217146581309,0.2710514254920994
-0.8939943461797543,-0.6672779988594221,0.2267163473203322
0.2345581832615168,0.10098511394887663,0.13357306931264018
0.5616463632184152,0.37583608690685144,0.18581027631156377
0.891359633594385,0.7030041634044558,0.18835547018992915
-0.5072065373900227,-0.31705409810755375,0.190152439282469
0.6893609994005936,0.48557771272262407,0.20378328667796952
-0.5808028906269632,-0.5244008379537917,0.056402052673171554
-0.24149344495614558,0.00945705381241428,0.25095049876855985
