True_v,Predicted_v,Absolute_Error_v
0.9478472173279544,0.7232056983178132,0.22464151901014118
-0.24756225189201314,-0.29263285004299644,0.0450705981509833
0.7684597651724051,0.6877903946670363,0.08066937050536882
0.7719666675628586,0.5544729432903288,0.21749372427252978
0.9189762665804104,0.6827397356427161,0.23623653093769437
0.826607309273076,0.5923273710994369,0.23427993817363912
0.9119085823967886,0.6754165637313183,0.23649201866547032
-0.43576206399292133,-0.22344959012486773,0.2123124738680536
-0.1701959558430331,-0.04101389999303759,0.1291820558499955
-0.36618244756697027,-0.20217497061241804,0.16400747695455223
-0.25945599202749847,-0.126890076839694,0.13256591518780447
-0.5088123956600562,-0.3247529931658943,0.18405940249416192
-0.6074662036785929,-0.5323136890180657,0.07515251466052719
-0.2690953041777969,-0.30035051305707294,0.03125520887927602
0.8865640893280605,0.6578843251945782,0.22867976413348234
0.9039250152625007,0.6393827828273766,0.2645422324351241
-0.9581364309805365,-0.8335855465434955,0.12455088443704099
-0.21927577219301428,-0.008038143057895913,0.21123762913511837
0.12371132435058158,0.1771526557253641,0.05344133137478252
0.13795261640356027,0.19796183621418903,0.06000921981062876
-0.9720953055913766,-0.7687066434347812,0.20338866215659535
0.9425657645054414,0.7203062167329257,0.22225954777251566
0.059216139882033635,0.11848203898734158,0.05926589910530795
-0.8051287375867816,-0.6587708630164841,0.14635787457029747
0.5817285234097455,0.36725707757802845,0.214471445831717
-0.638777336811344,-0.5495851111268032,0.08919222568454077
-0.936565178930973,-0.7349899139354961,0.20157526499547695
0.4542091711926269,0.26086749774799267,0.1933416734446342
0.946993024827664,0.7146608996298719,0.23233212519779212
0.47312311410046815,0.27969137514883347,0.19343173895163468
0.8623360008788507,0.5266056700055973,0.3357303308732533
-0.0907369725225872,0.018747724216616298,0.1094846967392035
-0.8945037379965615,-0.7208201102271312,0.17368362776943025
-0.9470273291143961,-0.7277594729661664,0.21926785614822975
-0.5603449099529144,-0.508931030207678,0.05141387974523637
0.6654923718263617,0.5806593006072093,0.0848330712191524
0.9507933711108941,0.7482632549930194,0.20253011611787475
0.4495884163371494,0.27213893368404707,0.17744948265310234
-0.2471166980562664,-0.2829514985625731,0.03583480050630672
0.17018474962143082,0.042529162765705945,0.12765558685572487
-0.32581410668091565,-0.3370801060033136,0.011265999322397968
-0.558172739938168,-0.35654965914196013,0.20162308079620783
-0.25035326105567535,-0.10757616540184026,0.1427770956538351
0.9215660487401655,0.7818079092533949,0.13975813948677052
0.5013966526033211,0.3187381577581397,0.18265849484518143
0.1638911645809274,-0.07037034974021016,0.23426151432113757
0.2359528845291319,0.047066200308420944,0.18888668422071098
-0.9559843544668655,-0.7595974135715234,0.19638694089534203
0.9352523281707533,0.7233540418548172,0.2118982863159361
0.10746008645754662,-0.0031435403007308285,0.11060362675827745
-0.9247128436952174,-0.6917117395322839,0.23300110416293351
0.8918353066996245,0.7609495846348351,0.13088572206478943
-0.8621063003107933,-0.6312648291272912,0.23084147118350207
0.22648359320498587,-0.07295703215535446,0.29944062536034033
-0.5397437088376519,-0.48529789194063444,0.05444581689701744
-0.7671735017893921,-0.6411658825091298,0.12600761928026238
0.9438666907714871,0.7163776303627538,0.2274890604087333
0.260400298769969,0.08956756056902504,0.17083273820094397
0.7721571325475312,0.5527297980255732,0.21942733452195795
-0.15441723183307346,-0.19672496857072252,0.042307736737649065
-0.6436358612414965,-0.43503777013886225,0.20859809110263428
0.38217098014404627,0.36570288670305534,0.016468093440990927
0.9304080794242843,0.7017676783533501,0.2286404010709342
-0.9078448338924306,-0.7246164614321593,0.18322837246027135
0.5737521472779737,0.3687925712184448,0.20495957605952897
0.4013705396932093,0.38851224725333594,0.012858292439873353
0.42568128650119264,0.39593253428218494,0.02974875221900769
-0.39986450838829524,-0.23206622599663798,0.16779828239165726
-0.8915216271286144,-0.7198033318838076,0.17171829524480675
-0.7683282027697591,-0.6279223469462404,0.14040585582351872
-0.9347565420425912,-0.7136918982212657,0.2210646438213255
0.2437005686197889,0.09861912713045282,0.14508144148933608
0.7175228165420744,0.4173874478099023,0.3001353687321721
0.3186044668817367,0.16978864672385408,0.14881582015788264
-0.9206664463653815,-0.7141406561010405,0.20652579026434104
-0.8842716069113385,-0.6512152375876668,0.2330563693236718
-0.03834185256312658,-0.2894461796922577,0.2511043271291311
-0.9525516026577526,-0.7122085240530117,0.2403430786047409
0.29616594760916637,0.13001288025720084,0.16615306735196553
-0.858785010065985,-0.6924677733363707,0.1663172367296143
-0.5417653468641209,-0.4820819586155654,0.05968338824855551
-0.15655509424409753,-0.03683500597601843,0.11972008826807909
0.6995932860468694,0.7184807968181154,0.018887510771245952
-0.16458086165360183,-0.20348647241053758,0.03890561075693574
-0.7563031323968558,-0.6414962664195106,0.11480686597734513
-0.3261981976705457,-0.17606912974766067,0.15012906792288502
0.8462469223657272,0.5783095637285401,0.26793735863718704
0.3154742406918662,0.15848707909721896,0.15698716159464723
0.7120992677343375,0.49100900967866296,0.22109025805567456
-0.8658309242192062,-0.7036407294332162,0.16219019478598995
-0.871470841367382,-0.5550164445428168,0.3164543968245651
0.8125044070435968,0.6701007338134816,0.14240367323011527
-0.5145218546025634,-0.4629463390012515,0.051575515601311905
-0.6447149913187984,-0.4394009236113807,0.20531406770741767
-0.5740908577157979,-0.36947785682980855,0.20461300088598938
0.2922053014464978,0.14133517500707815,0.15087012643941966
0.7814944386697761,0.42903719492686904,0.35245724374290704
0.8444715933611016,0.6149728466131121,0.22949874674798942
0.8565282144488037,0.6964989354754683,0.1600292789733354
0.8047213490165572,0.5392935147347897,0.2654278342817675
0.9512583624951431,0.7388044175288727,0.21245394496627035
-0.6467134897948156,-0.43253447611951606,0.2141790136752995
-0.14879922183941224,0.0639202747333234,0.21271949657273564
0.6752933052396092,0.45697506566394647,0.2183182395756627
0.9356764775150088,0.7321271514276354,0.20354932608737342
-0.8566488483328852,-0.6029619956605832,0.25368685267230207
0.9480586255526705,0.8193684490194026,0.12869017653326786
0.044175224157446104,0.13090827743121886,0.08673305327377276
0.8635245956621672,0.628132353698378,0.23539224196378916
0.9044726080873431,0.6456578318714572,0.2588147762158859
-0.040910512830241046,-0.1153723376493994,0.07446182481915836
0.1257003212397512,0.17989523521211048,0.05419491397235929
-0.3444575555506223,-0.18951991373423316,0.15493764181638914
-0.460762999352963,-0.43164257140421886,0.029120427948744143
0.9260000122294281,0.7274886192981048,0.19851139293132325
-0.7916106617867176,-0.6561049352087978,0.13550572657791982
-0.4105563872787473,-0.19226426052773188,0.21829212675101545
-0.05788353397406112,-0.1372096581432269,0.07932612416916576
-0.9075461598228812,-0.7239242121071211,0.18362194771576013
0.57801278029301,0.37875968142216726,0.1992530988708427
0.6859704309142117,0.7049668274083669,0.018996396494155188
0.8818002648472248,0.7431539451959818,0.13864631965124308
0.6182141949402273,0.4091204380663229,0.2090937568739044
-0.08405955840373902,0.05315195476405463,0.13721151316779365
-0.8304176900465338,-0.6074906578667049,0.2229270321798289
0.9479893015413848,0.7449267592614084,0.20306254227997644
0.9314437247336865,0.70051861254592,0.23092511218776657
0.10148233262440282,-0.01602401479706662,0.11750634742146944
-0.05668565852556485,0.03627779731961211,0.09296345584517696
-0.3690419921751142,-0.3609266692022918,0.008115322972822359
-0.8521201671114869,-0.7585244298098843,0.09359573730160253
-0.9720368296742001,-0.7690988769782323,0.20293795269596782
-0.9685577974924316,-0.7435879011615112,0.22496989633092046
0.4443459055375777,0.4086906188890538,0.03565528664852391
-0.42759353961715924,-0.4031184975060433,0.024475042111115952
-0.580309114923284,-0.49092399972387685,0.08938511519940712
-0.8972064481834606,-0.7068453893689312,0.19036105881452947
-0.6223999402370005,-0.41744242283736366,0.20495751739963686
0.9509081318156946,0.744751133397208,0.20615699841848656
0.7117145637165206,0.49040492583747425,0.2213096378790464
-0.7725812052210216,-0.7591096488629647,0.013471556358056858
-0.17524120600037527,-0.21889589540108012,0.043654689400704855
-0.48624155927808993,-0.29033816453544165,0.19590339474264828
-0.920933656491396,-0.7260988006709767,0.19483485582041937
0.08111646285199381,0.15149434305262788,0.07037788020063407
-0.7490010704438934,-0.6388618960068463,0.11013917443704713
-0.48096275284787804,-0.1167638760063669,0.36419887684151114
0.6231356779183329,0.40982623080284136,0.21330944711549155
-0.2975682335156945,-0.5134172750618861,0.21584904154619156
0.4651309403173455,0.4274861976688982,0.03764474264844725
0.24487436572171517,0.2849571740370292,0.04008280831531402
0.906028705929041,0.714158328377971,0.19187037755106995
-0.8105518134257412,-0.5913951906338539,0.2191566227918873
-0.9278760355405081,-0.7282417366221513,0.19963429891835682
0.7330565038582039,0.6150711884715045,0.11798531538669932
0.6454652426464327,0.5369810196984323,0.10848422294800042
-0.6211414515063265,-0.42176868376518906,0.19937276774113744
0.9711123486236721,0.7876273276387658,0.18348502098490638
0.36887025698246706,0.19769944773224363,0.17117080925022343
-0.8399115365984924,-0.6984836646762774,0.14142787192221495
0.9459007494214284,0.7278534030473431,0.2180473463740853
-0.3020493253576427,-0.4808132443458954,0.17876391898825272
0.47541827562110256,0.4780305864347002,0.0026123108135976403
0.8708246034462924,0.7675667964860081,0.1032578069602843
0.9470119767503814,0.7311059581152989,0.21590601863508252
-0.7024917042261531,-0.4889200546057091,0.21357164962044406
0.6392423425145256,0.41940057371636263,0.21984176879816297
0.0014459688892393084,0.12440636931719026,0.12296040042795095
0.9011942633356167,0.6648219402140184,0.23637232312159828
0.6758709296316397,0.5883356586271026,0.08753527100453717
-0.0679974695998669,0.09903437592880679,0.16703184552867367
0.7337141182011402,0.5131192157584067,0.2205949024427335
-0.5093456416479294,-0.3218498037412851,0.1874958379066443
0.930613146886384,0.7035617682424843,0.22705137864389968
0.012044406617995163,-0.07086484753621097,0.08290925415420614
-0.9149331618767413,-0.6865414005468936,0.22839176132984773
-0.9481266903292047,-0.7357856567281772,0.21234103360102752
0.6496177953762887,0.3565954572070479,0.29302233816924084
-0.9469978837214927,-0.7275811575143928,0.21941672620709995
-0.9333753748306135,-0.6706966426675417,0.2626787321630718
0.7901680802780217,0.6062372615222813,0.18393081875574036
-0.7007011295360038,-0.47713137066366135,0.22356975887234248
0.9481959877971509,0.7305872084291235,0.21760877936802736
-0.9035151143471335,-0.6563233919890277,0.24719172235810583
0.4844318729120085,0.4644211609339849,0.02001071197802362
0.4108130589391457,0.16491741677331337,0.24589564216583235
-0.9538891798327118,-0.770030820839552,0.18385835899315983
-0.030762464215702733,-0.11664097902351116,0.08587851480780842
0.7684388284352865,0.548021639711807,0.2204171887234796
0.5178859493091647,0.3265564425192055,0.19132950678995914
-0.21568610164719723,-0.0963288951710074,0.11935720647618983
0.963977821051143,0.7724529998163581,0.19152482123478498
0.3078441087305903,0.16308967126895554,0.14475443746163477
-0.8992285235255153,-0.6739156216909907,0.22531290183452457
0.9311957637137889,0.6923811036883791,0.23881466002540974
-0.7670759129810589,-0.6428510433398451,0.12422486964121382
-0.9422675125002634,-0.7265848195061171,0.21568269299414633
0.27903925094393894,0.2956213060389443,0.016582055095005377
0.9103112767637498,0.6843180208363183,0.22599325592743147
0.15004656175346698,-0.013038768228411957,0.16308532998187894
0.7273411944176076,0.5087897810756669,0.21855141334194073
0.881498125113742,0.7071734101530882,0.17432471496065383
0.28385780220150125,0.3187382363612784,0.03488043415977715
0.255432070946055,0.11110316175735552,0.1443289091886995
-0.9360403059812166,-0.7117096114405207,0.22433069454069587
0.9216699205910324,0.6987057079833695,0.22296421260766286
-0.3123755312544438,-0.16277329720322714,0.14960223405121664
-0.9389264375084873,-0.78550957621429,0.1534168612941973
0.7443438581949355,0.6139814078713437,0.13036245032359184
-0.4620307910669405,-0.26573247668098365,0.19629831438595685
0.06751692839626688,-0.025665275422628864,0.09318220381889575
0.28378568696653667,0.04965082887624737,0.2341348580902893
0.732012875889372,0.6144173898562301,0.11759548603314196
0.5496213603125154,0.3641904678816447,0.1854308924308707
-0.8334074790470466,-0.6858772031138761,0.14753027593317047
0.4333209103662526,0.2472232729658324,0.18609763740042018
-0.3371297904941403,-0.18086596382385997,0.15626382667028035
0.8989716353899364,0.7521389691621301,0.14683266622780633
-0.45840521039520243,-0.4314955433422758,0.026909667052926634
0.9742076495242551,0.8219385207531268,0.1522691287711283
-0.8401291846157638,-0.5062011072667068,0.33392807734905705
-0.7207873238385536,-0.6162044301799006,0.10458289365865303
0.941641261837095,0.7122725939597135,0.22936866787738142
-0.0990899824581939,0.07126389234978514,0.17035387480797903
-0.634079586247865,-0.5845894957306864,0.049490090517178564
0.12320703951144552,0.1834590819546855,0.06025204244323998
0.905310466654954,0.67503970681999,0.23027075983496392
0.8205154401239513,0.6802148861575474,0.14030055396640384
-0.862165424465647,-0.6227348949062681,0.23943052955937894
0.864293199126053,0.6985450123023236,0.16574818682372938
0.7127661817377908,0.49068939511962745,0.22207678661816338
0.4119560299627882,0.23879055135887203,0.17316547860391615
-0.9470302091828597,-0.740604852077524,0.20642535710533572
0.5478658134801704,0.705480795479786,0.15761498199961566
0.7365613487003703,0.6268148236968432,0.1097465250035271
-0.1453249500568218,-0.02845360383555932,0.11687134622126248
-0.9440330688586965,-0.7404482055049005,0.203584863353796
-0.8342383404060768,-0.6917161935101112,0.14252214689596565
0.47226977555553623,0.43271825055434093,0.0395515250011953
-0.9397861608712211,-0.7336748343507378,0.20611132652048336
-0.17823369255170235,-0.4249678175506226,0.24673412499892022
0.9587374649324943,0.7024873561853536,0.2562501087471407
0.431237119885183,0.13682070086269937,0.2944164190224836
-0.148372483132136,-0.021191626523516673,0.12718085660861933
-0.9044797668819557,-0.7363183478142898,0.1681614190676659
-0.6891360308306157,-0.5919534598435974,0.09718257098701832
-0.3043703231941601,-0.3247186997302509,0.02034837653609084
0.01755944548778653,0.09347593712063311,0.07591649163284658
-0.8300965117662416,-0.7640754116424097,0.06602110012383189
0.3266419413633404,0.0720583809658529,0.25458356039748753
-0.1395503254924905,-0.026230041432053413,0.11332028406043708
0.7549368377122674,0.6419333053419647,0.1130035323703027
-0.34026302674844416,-0.3428776743953792,0.002614647646935031
-0.23142206456730247,-0.2646733397003013,0.03325127513299886
-0.7780238188051256,-0.651510369307551,0.1265134494975746
0.633398509853191,0.4311701982844398,0.2022283115687512
0.10626434026340241,0.16951129867401749,0.06324695841061508
-0.836723382957329,-0.5969004296920123,0.23982295326531666
-0.6908181936321222,-0.5968866552525077,0.09393153837961443
-0.24210009386663017,0.025492960688336775,0.26759305455496696
0.3167793888357568,0.3282315858725778,0.011452197036820988
-0.34150959943285086,-0.37235048148128713,0.03084088204843627
-0.860770389787869,-0.6815234181165302,0.17924697167133885
-0.6765812785135292,-0.5993222580723205,0.07725902044120869
0.94059688590514,0.802679741315316,0.13791714458982396
-0.8528203443713512,-0.6280486026495575,0.2247717417217937
-0.07511943456123779,0.23502868452700282,0.3101481190882406
0.03575525505272285,0.11508605106131792,0.07933079600859508
0.8403420542083722,0.6094813745658472,0.230860679642525
-0.973536246478849,-0.8344489031753032,0.13908734330354577
-0.9269768674097354,-0.7007532717967735,0.2262235956129619
-0.9350140351961369,-0.7296219607310497,0.20539207446508723
0.6511493451393976,0.4363760254561789,0.21477331968321872
-0.05356633190041419,0.05557858481830456,0.10914491671871876
-0.8099560594611308,-0.7414578608801411,0.06849819858098971
0.944943255254718,0.72771794455419,0.21722531070052797
0.5584770548403658,0.21988499203843787,0.33859206280192794
0.07618583348864716,-0.1702304510976947,0.24641628458634185
0.69209322096557,0.4818633362667113,0.21022988469885873
0.9352177897489026,0.7272005449223562,0.20801724482654638
-0.26592131094807725,-0.13002138366066246,0.1358999272874148
-0.8251378185789848,-0.7414747623394446,0.08366305623954018
0.8794913786099765,0.7215578148460452,0.1579335637639313
0.5663839266014633,0.3645662887630333,0.20181763783843
0.7231071040676,0.47517887578058376,0.24792822828701627
-0.8149111448514363,-0.5887352940773033,0.22617585077413305
-0.1634970424369377,-0.050139105239206345,0.11335793719773135
0.8966139582236239,0.6589622241352093,0.23765173408841456
-0.5572596790986574,-0.34245633220815336,0.214803346890504
-0.9429730062314916,-0.7229858981827247,0.21998710804876687
0.9159650670105766,0.6930277263740646,0.22293734063651194
0.86722372792921,0.6947565412962547,0.17246718663295524
0.46965786242157287,0.45330547003738114,0.016352392384191727
-0.49100074000123894,-0.30758342189057675,0.1834173181106622
-0.755759702021874,-0.48822179088918705,0.267537911132687
0.9431068163990559,0.7448099944712369,0.19829682192781906
-0.3595297121596209,-0.0284287032475547,0.3311010089120662
0.8736610555751243,0.708097282876245,0.16556377269887934
0.7579316488182326,0.5309325039995177,0.22699914481871486
-0.8587790407109187,-0.633490533150959,0.22528850755995966
-0.6461262093197264,-0.4514539096241782,0.19467229969554822
0.9319754981136575,0.7320506914918719,0.1999248066217857
-0.09632044883075626,-0.24806432316709043,0.15174387433633418
0.9247534056030647,0.6952626729912151,0.2294907326118496
-0.43084645153895557,-0.43338287483361526,0.0025364232946596954
-0.06298627782268171,0.04408396083287477,0.10707023865555648
0.8129509908296507,0.5827535863636804,0.23019740446597037
0.3901826607914215,0.6296514800030839,0.2394688192116624
-0.24224870767197185,-0.07696088939693617,0.1652878182750357
-0.6783161909588771,-0.46650336916579854,0.21181282179307853
-0.6414879485723439,-0.5613293730175968,0.08015857555474715
-0.3768959684121783,-0.21856228253435434,0.15833368587782398
0.5208687120996112,0.33226911822115557,0.1885995938784556
-0.29922119508387723,-0.14048486444038105,0.15873633064349618
0.5179952593671294,0.3334821592575616,0.18451310010956784
-0.9034179129207843,-0.708534976929408,0.1948829359913763
-0.17201820082262514,-0.209707319156374,0.037689118333748856
0.06735698294183452,-0.02356612947482894,0.09092311241666347
0.47409402199012657,0.4483446498045905,0.02574937218553608
-0.518775261314001,-0.47584224640025413,0.04293301491374685
0.7702564817715799,0.6496848793321066,0.12057160243947329
-0.890841210457336,-0.7206619594295833,0.17017925102775266
0.11242131652703401,0.0015165484026383078,0.1109047681243957
0.9089272595725183,0.731864180251744,0.17706307932077425
0.09648128816814486,0.1495566698465235,0.053075381678378636
0.6349671885227929,0.3906636969917396,0.2443034915310533
-0.29036315034853816,-0.33842984828979084,0.04806669794125268
0.7333189895261003,0.3867622900815331,0.3465566994445672
-0.9403881879955557,-0.6641312378020834,0.2762569501934723
0.9087568421803819,0.749963919776075,0.15879292240430687
-0.0884484261019324,0.018923063519491978,0.10737148962142438
-0.6480710924068773,-0.5791345179182745,0.0689365744886028
-0.29036270947656023,-0.06586082370305765,0.22450188577350258
-0.21308690217903292,-0.257998267369506,0.04491136519047306
0.7128636719054567,0.5998582052554992,0.11300546664995759
0.5340933430815822,0.4842315938187726,0.04986174926280956
-0.8297663540203172,-0.5946071086930643,0.23515924532725285
0.6964645116247403,0.4591078157446774,0.23735669588006292
-0.12450014716586191,-0.00424256997712592,0.12025757718873599
0.8645023019125174,0.7119368371721271,0.15256546474039034
-0.8554749599809928,-0.6389237914351301,0.21655116854586265
-0.8683970186396871,-0.5826445590493878,0.28575245959029927
0.36766993861244296,0.37324498928307964,0.005575050670636683
0.2260808362335955,0.2634524202227282,0.03737158398913268
0.7150968671804432,0.6090284848296024,0.10606838235084082
0.9304306152855549,0.7085012568347709,0.221929358450784
-0.8123018682337212,-0.6646141954867026,0.14768767274701855
-0.9476146907464176,-0.7359140017968245,0.21170068894959304
0.9118697382907813,0.6921193805624902,0.2197503577282911
0.7891197614529113,0.5183707328243538,0.27074902862855754
-0.9475127840880462,-0.734963066989722,0.21254971709832415
-0.9639241791745446,-0.7509212576076495,0.21300292156689515
0.3888996147627613,0.38128947378053496,0.007610140982226343
-0.3824810674001981,-0.20436921589252424,0.17811185150767386
0.71357955494273,0.4965356882098372,0.21704386673289278
0.10355087764220078,0.16232745844673713,0.05877658080453635
-0.7419694067233701,-0.6313397263684755,0.11062968035489462
-0.8931007281238411,-0.6469452653419783,0.24615546278186284
0.9342608368759756,0.7292978321690162,0.20496300470695938
-0.7337143522876226,-0.6332053740140252,0.1005089782735974
-0.10224370518304735,-0.15302086521289837,0.050777160029851026
-0.9414138939763316,-0.7125518556407491,0.2288620383355825
-0.6332546830226466,-0.5511211247389066,0.08213355828374003
-0.9421173553936758,-0.738670398539193,0.20344695685448277
0.8231561206623501,0.5395277109077558,0.28362840975459436
-0.8126864073204386,-0.6653635101652055,0.14732289715523317
-0.6384800050749958,-0.43600126647029447,0.20247873860470134
-0.4492724177084064,-0.4217687034647466,0.027503714243659827
-0.7500040641988219,-0.4404340644151546,0.30956999978366734
-0.24917876156917512,-0.2942745205298263,0.045095758960651156
-0.3121096304219563,-0.15969921306040818,0.1524104173615481
-0.5808254893974304,-0.6068544347830727,0.026028945385642266
-0.14804297507986042,-0.027649667579616368,0.12039330750024405
-0.4456380636041598,-0.2604895138125184,0.18514854979164141
0.8581510470225644,0.6436580913157406,0.2144929557068238
0.6347310617362626,0.5708589173951134,0.06387214434114918
-0.2727583281898334,-0.13686679516098468,0.13589153302884874
0.310369261381792,0.16403825260401977,0.14633100877777222
0.4967739228599769,0.31934337101116933,0.17743055184880757
0.6948261424585235,0.7070478310037906,0.012221688545267173
-0.92040316734768,-0.704781849785694,0.215621317561986
0.2998629899167941,0.14995697946746653,0.14990601044932758
-0.8812355218934055,-0.7642822513536934,0.11695327053971205
-0.918205759572626,-0.677308518570612,0.24089724100201393
0.34028788699368684,0.1902373131055337,0.15005057388815313
-0.6521723711571389,-0.44087563619658954,0.21129673496054935
-0.21270115513150709,-0.23919463779527372,0.026493482663766638
-0.7500117487193487,-0.5265118705054056,0.22349987821394313
0.22223960860522185,0.2497187643087146,0.02747915570349274
0.25835576822851386,0.11447065486372937,0.1438851133647845
-0.34103838839652045,-0.3809265037263247,0.03988811532980424
-0.15545176862129062,-0.03674227444078278,0.11870949418050784
-0.22815438061561066,-0.057071414985095686,0.17108296563051498
-0.5156474444641217,-0.4755897626189032,0.04005768184521852
0.08951658026705779,0.17500989620863175,0.08549331594157396
0.024635126433957325,-0.075843276371149,0.10047840280510632
0.4257016149912942,0.4082224925170138,0.017479122474280406
0.8233061021844577,0.5966652833750652,0.22664081880939246
0.9086851459530796,0.6882061369272016,0.22047900902587803
-0.8974423224995143,-0.7200687976942007,0.17737352480531354
0.46683966244617636,0.44064170825861776,0.026197954187558603
-0.9570851306717911,-0.7013820726013014,0.25570305807048976
-0.36316037020437925,-0.20623703903124008,0.15692333117313917
0.8996839251498971,0.7076408553408623,0.19204306980903485
0.9482545200451087,0.7281301561379641,0.22012436390714463
0.947786341633125,0.7242062521203408,0.22358008951278419
-0.5294994071578709,-0.4784575545281634,0.05104185262970751
-0.6119959815493826,-0.5359673216603601,0.07602865988902252
0.4700696223222214,0.4378459614952888,0.032223660826932565
0.3605541573998756,0.3463591151703817,0.014195042229493915
-0.5570499689760008,-0.5003181811800219,0.05673178779597887
0.7504200808344699,0.5066718028795771,0.24374827795489273
-0.6446082899639686,-0.5648297834325995,0.07977850653136909
-0.03531265142966466,0.2057661106778905,0.24107876210755516
-0.45181286364117557,-0.4191581805753253,0.03265468306585029
-0.758476266826557,-0.6433077717137383,0.11516849511281868
0.7792374881443691,0.4879502478606281,0.29128724028374103
-0.8243087545598874,-0.5879011116877279,0.23640764287215954
0.7205522075469577,0.6122084403822992,0.10834376716465854
0.8471434613503755,0.6905365669584903,0.15660689439188524
0.5554363549070049,0.5037689206853668,0.05166743422163811
-0.3026211821521746,-0.1573908453622899,0.1452303367898847
0.08251781276789584,0.15797133951218242,0.07545352674428658
-0.7696160645170428,-0.4953498072447009,0.2742662572723419
-0.33366558610911434,-0.05515311693582627,0.2785124691732881
-0.14645462415029117,-0.4342552308285728,0.28780060667828167
0.12864767940967173,0.18414751944569072,0.05549984003601899
-0.9215961838253706,-0.7325758199256387,0.18902036389973187
0.39824937083981904,0.2378638935309006,0.16038547730891844
0.4159971071131386,0.38976507282321793,0.026232034289920658
0.5688689246059558,0.3702404269662677,0.19862849763968815
0.05448503504562018,-0.04221312955972527,0.09669816460534544
-0.19373658649018272,-0.23109655179450383,0.03735996530432112
0.15725998668008512,0.20405888346590967,0.04679889678582455
-0.5305422638120568,-0.4816163473072826,0.048925916504774236
0.853486153542164,0.6003774330434188,0.2531087204987451
-0.6398973743779941,-0.5617064650592577,0.0781909093187364
0.24561437888035123,0.11438252872195277,0.13123185015839844
-0.6842383792014807,-0.4570938475748351,0.22714453162664555
0.00821002847952645,0.11009970106272102,0.10188967258319456
0.35825845268140993,0.20645957924595132,0.15179887343545861
-0.5700098828033737,-0.3682117460488399,0.20179813675453384
-0.9365594811788495,-0.7270315638874022,0.20952791729144726
0.9470906864389217,0.6825317075586215,0.2645589788803002
0.7660583592204429,0.6398446637670547,0.12621369545338812
0.9481833453697827,0.7261342543369543,0.22204909103282833
0.947606597247145,0.7291556692662788,0.21845092798086618
0.48507299822726097,0.5997127777562952,0.1146397795290342
0.782960993638373,0.6621145497751757,0.12084644386319732
-0.9615868172205126,-0.8356887321367105,0.12589808508380218
0.6308871489329985,0.5571989464540323,0.07368820247896612
0.48852818188123803,0.3016880682326521,0.18684011364858594
0.7291314729563483,0.4171598122500448,0.3119716607063035
0.10753731013815214,-0.007605051891271979,0.11514236202942411
0.9031606812351686,0.766180565298074,0.13698011593709458
0.36430052575106914,0.08439219528795343,0.2799083304631157
-0.4875996216228659,-0.2593347259441989,0.22826489567866703
-0.4633810216672262,-0.2815509591368835,0.18183006253034273
-0.5746706802497964,-0.36929806168588786,0.20537261856390854
-0.38595109739931643,-0.3774810810386822,0.008470016360634214
0.3739766576617467,0.04546578237075169,0.328510875290995
-0.717036495700633,-0.5036797773414662,0.2133567183591668
-0.7087369011557768,-0.5958212304502586,0.11291567070551822
0.14652751462428512,-0.03946547316090915,0.18599298778519427
-0.29541047366913864,-0.3178706995278024,0.02246022585866375
-0.7012046068192307,-0.6044968476410167,0.09670775917821395
0.8072924587202391,0.6225314904640862,0.18476096825615296
-0.9506661339596949,-0.7101525337059179,0.240513600253777
-0.6966290526751637,-0.5959647031955263,0.10066434947963743
-0.24522583569355622,-0.09151481793671656,0.15371101775683965
-0.9011966334139344,-0.741024127444591,0.1601725059693434
0.6184468608265932,0.3997808983903049,0.21866596243628827
0.8316451759927539,0.7183954130308574,0.11324976296189648
-0.7949913940262613,-0.6580581728002408,0.13693322122602047
0.6514282964443511,0.736259678191581,0.08483138174722993
0.04462718685079796,0.11643861397947392,0.07181142712867596
0.9492742924841638,0.7391975315911707,0.2100767608929931
-0.9271792773467438,-0.7259051990615543,0.2012740782851895
0.8893335656179366,0.6705961570222034,0.2187374085957332
0.8940537858734094,0.6767028675932263,0.21735091828018316
0.49541168091267146,0.4491991900774436,0.04621249083522788
0.14968340961867047,0.03701655096720331,0.11266685865146715
-0.20968191158003113,-0.07098626213661545,0.13869564944341567
-0.6656956618070244,-0.5871763514925442,0.07851931031448023
0.2807740807577499,0.12843857640368858,0.15233550435406132
0.8591432137124916,0.703561024927418,0.15558218878507357
0.810691488891833,0.6713347709941977,0.13935671789763526
0.36157168248242466,0.1940707693697551,0.16750091311266957
-0.704308575745713,-0.6001305439242555,0.10417803182145757
0.06643240721108774,-0.037496448177572694,0.10392885538866044
0.5139050970807878,0.31877587287664383,0.19512922420414397
-0.17496219650288777,-0.21276075121675447,0.0377985547138667
0.5555792061981929,0.36644465375481944,0.18913455244337346
0.44234169628903086,0.4146175397303374,0.02772415655869348
-0.09686361196660896,0.010508708433692105,0.10737232040030106
0.5302935088208768,0.4809677852203787,0.049325723600498084
-0.33546511623319747,-0.4394401155516502,0.10397499931845272
0.9169854617284386,0.7270357211028734,0.18994974062556524
0.561209239860991,0.5077292362647856,0.05348000359620542
0.7749719993388008,0.547867934058172,0.22710406528062876
-0.9070060146699455,-0.676531359029842,0.2304746556401035
0.4720958088741992,0.2770418645392716,0.19505394433492762
0.2099614246111384,0.32072074897046904,0.11075932435933064
0.40239596143402,0.4013273463265628,0.0010686151074572048
0.4517673195201318,0.42499877501242284,0.02676854450770899
-0.4852206259396992,-0.30603249790439585,0.17918812803530337
-0.9722468121613602,-0.8324809020945466,0.1397659100668136
-0.025554118530516028,-0.09966506305489063,0.07411094452437461
0.07702808352144594,0.1502481685241988,0.07322008500275287
0.045769330685488295,0.12513092965779823,0.07936159897230993
-0.8707007146043408,-0.6967144453470547,0.1739862692572861
-0.3925064692780954,-0.3892814319954653,0.0032250372826301277
-0.39450854176916267,-0.40697767038969707,0.012469128620534398
-0.26339827612714267,0.07145288453128006,0.33485116065842274
-0.49298307048462997,-0.312884280022396,0.18009879046223398
0.9451295549949144,0.7356714643380609,0.2094580906568535
-0.40115417331054976,-0.23260867543763508,0.16854549787291467
-0.347710835283387,-0.610114980643508,0.262404145360121
-0.946247111335879,-0.7483492564360902,0.19789785489978884
0.5329296196485889,0.32949022942197703,0.20343939022661184
-0.7753010404395686,-0.553032293214898,0.2222687472246706
-0.575427778655788,-0.49874262017995097,0.07668515847583701
-0.9372218873094316,-0.7218481331719099,0.2153737541375217
0.8727502096111124,0.7020577070364006,0.1706925025747118
-0.260596931155083,-0.27721472950601517,0.01661779835093219
-0.08054369469910841,-0.14270607034024793,0.06216237564113952
-0.45065682097085924,-0.28145039883639833,0.1692064221344609
0.9153465485584794,0.6833187337328791,0.2320278148256003
0.18160813094243403,0.2677973734822944,0.08618924253986035
-0.7441411836425648,-0.6282986886394721,0.11584249500309263
0.6630088346696168,0.458650067053563,0.20435876761605382
-0.9623686812110936,-0.7667279211057534,0.19564076010534026
0.9435763021022544,0.7201729973758793,0.22340330472637515
-0.9341691287163206,-0.7279667922337804,0.20620233648254027
0.9091204340243952,0.6784189670181363,0.23070146700625893
0.8964924922331899,0.6593738105230827,0.2371186817101072
0.8016883891533672,0.5141516568547766,0.28753673229859056
0.11671772316602519,0.008606851409700843,0.10811087175632435
0.9336724469839117,0.733142224741527,0.2005302222423847
0.780830799614435,0.6529520712686526,0.1278787283457824
0.6274608460187969,0.5406400585759239,0.08682078744287303
0.441733334216963,0.4132618647928642,0.028471469424098783
0.9197979242098434,0.6931544463749992,0.22664347783484418
0.2697598074651205,0.2876719813630569,0.017912173897936368
-0.19445081509939413,-0.06376238673582894,0.1306884283635652
0.5393497985573524,0.4839331249416157,0.05541667361573671
-0.6964838119634204,-0.4329178642566884,0.263565947706732
0.35310465377746,0.19471809007745047,0.1583865637000095
0.07088100417617879,0.14181898371639945,0.07093797954022066
-0.8060599061597475,-0.6641148621767721,0.14194504398297547
-0.4778476077764266,-0.6077677925313985,0.12992018475497186
0.6631456965947408,0.5700928553446065,0.09305284125013424
-0.6471939782901786,-0.3795580286922954,0.26763594959788317
-0.20146940230794894,-0.24246087298371038,0.04099147067576145
-0.6829431460258008,-0.4604752701715532,0.22246787585424754
-0.7333347392446768,-0.5087388992992465,0.2245958399454303
0.6362811241181079,0.5567127085652893,0.07956841555281857
0.10841242119563385,0.005082707863056716,0.10332971333257714
0.30442910479660495,0.14973118047807174,0.15469792431853321
0.20404093212978736,0.24568402331105904,0.041643091181271685
0.34196858449061435,0.08855295317625277,0.25341563131436157
0.8107762913791752,0.5869931955106136,0.2237830958685616
0.9400671495696635,0.7387406757160003,0.2013264738536632
0.9263309321546638,0.6984937301683845,0.22783720198627933
-0.8999731595012256,-0.6716996644096753,0.22827349509155026
-0.9466703087416344,-0.7898548204583711,0.1568154882832633
-0.9221787181727742,-0.7098405212296999,0.21233819694307432
0.4180401181592642,0.2349108672307955,0.18312925092846868
0.8371896593277565,0.6828047956067393,0.15438486372101712
0.026263737163075566,0.10141321109945774,0.07514947393638217
0.9196655612556449,0.7346459116691465,0.1850196495864984
-0.24979731654199974,-0.2663088812017252,0.016511564659725447
-0.00667076113109971,-0.15900614587299403,0.15233538474189431
0.6265453573309349,0.5561522984573681,0.07039305887356673
-0.7417717940123242,-0.627228352287482,0.11454344172484221
-0.3066438140275717,-0.34339031868646924,0.03674650465889756
-0.39387143948370135,-0.22247898369521382,0.17139245578848752
0.2933419951035056,0.3112414794477327,0.017899484344227112
0.9451289917499177,0.7409608771758708,0.20416811457404693
-0.3811484579620083,-0.36751739133563416,0.013631066626374144
-0.14381552628831462,-0.22882603203221819,0.08501050574390356
0.9378083092713767,0.7079522026382558,0.22985610663312095
0.5377484446265115,0.48571170358113264,0.052036741045378865
0.3472117098684437,0.3497059148704767,0.002494205002033012
-0.03954404297593588,-0.12231355557345959,0.08276951259752371
-0.07886707240048783,0.016357791273651633,0.09522486367413946
-0.30419371592722594,-0.17589759925077522,0.12829611667645072
-0.8957018975261442,-0.7323610309259498,0.1633408666001943
-0.6497555597242581,-0.4462095121228152,0.20354604760144296
0.6982157928416443,0.5913299871293831,0.10688580571226114
0.8368352918052494,0.6077199632978547,0.2291153285073947
0.652189302204227,0.44645648030361035,0.20573282190061665
-0.857313966117769,-0.7008245821301615,0.15648938398760748
-0.2324340966843676,0.06376547506668774,0.2961995717510553
-0.6485614597488994,-0.5647565353493541,0.08380492439954534
-0.906862919050449,-0.6771704033339843,0.22969251571646476
-0.4989242707206644,-0.44664022924341706,0.052284041477247356
-0.09610643486975878,0.015284389858265269,0.11139082472802406
0.9358234971238424,0.7369314616230745,0.19889203550076784
0.42915635966875293,0.4089742305594505,0.02018212910930245
0.9184067966077735,0.7393554934217899,0.1790513031859836
-0.7094627778775275,-0.7387768721735841,0.02931409429605658
-0.183268104568693,-0.05268469307247621,0.13058341149621677
-0.8237169576393273,-0.6525918355579842,0.17112512208134312
-0.8474252532652807,-0.6968810586108448,0.15054419465443591
-0.7930163915718899,-0.5670295179526805,0.22598687361920933
0.03849385336268449,-0.2542905982961108,0.2927844516587953
-0.927836963151273,-0.7016072866323565,0.22622967651891646
-0.8335224062538279,-0.607681828036389,0.22584057821743886
-0.6447853210010325,-0.631875094614563,0.012910226386469437
0.8055322682815202,0.5783522837563763,0.22717998452514399
0.8191771550953851,0.6659584753995991,0.15321867969578606
0.15998209100415695,0.20150516264525875,0.041523071641101805
-0.6584439906059968,-0.44866456799092747,0.20977942261506932
-0.9223746646343801,-0.7030689037186991,0.219305760915681
-0.866843144845328,-0.594437688884781,0.272405455960547
-0.6913033122156029,-0.5872807982421705,0.10402251397343243
0.23094617567587716,0.2722105945944751,0.041264418918597945
-0.4045163172826033,-0.20182289252415947,0.20269342475844382
-0.27821537228190246,-0.1295130450011844,0.14870232728071806
-0.7747524138590847,-0.6343801179638769,0.14037229589520772
-0.6764139084402757,-0.578913407753234,0.09750050068704175
-0.9578116561518641,-0.7310847055387965,0.2267269506130677
-0.6543043097916106,-0.6311472229131279,0.023157086878482724
-0.9408863488343091,-0.7214249576699627,0.21946139116434638
-0.20612683369113088,-0.07545615807329341,0.13067067561783746
0.24685820189553792,0.2742755985422356,0.027417396646697678
0.9281360065234102,0.7111890710313199,0.21694693549209032
0.8331202815513375,0.5031646682170146,0.329955613334323
-0.7463506052562272,-0.629567039385707,0.11678356587052019
0.9432520143924122,0.6750751519206619,0.2681768624717503
0.7502053569181268,0.6403050038672243,0.10990035305090251
0.49024799018787174,0.4569072610437426,0.033340729144129166
-0.6769164642346611,-0.4648398599055708,0.2120766043290903
-0.4622436419907817,-0.43217968210144725,0.03006395988933447
-0.4495278814012109,-0.41915755927603243,0.030370322125178484
-0.0896302305643451,-0.15497741102302962,0.06534718045868451
0.42809586040809067,0.42082693287666645,0.0072689275314242185
-0.406415174195999,-0.39199731662997844,0.014417857566020542
0.4017219177633984,0.23400499773284406,0.16771692003055433
0.7100147336355229,0.6718842693253706,0.03813046431015232
0.34751909911737644,0.1959116596745869,0.15160743944278954
-0.7161621657879897,-0.6090607026363847,0.10710146315160507
-0.7256905136082885,-0.6145830060312559,0.11110750757703258
-0.3118808692587572,-0.31202105807126185,0.0001401888125046602
0.9142561592778962,0.7001006001211106,0.21415555915678552
-0.07851814734369837,0.028263883236083684,0.10678203057978206
-0.20187944361472904,-0.06434261894880722,0.13753682466592182
-0.9332851098824467,-0.7028940373285788,0.23039107255386793
0.8436415503640009,0.6215132832589,0.22212826710510092
0.29898621678390475,0.30298643107285367,0.004000214288948922
-0.5204797324761193,-0.34147310802578557,0.17900662445033377
-0.7671909802938218,-0.65198713470013,0.11520384559369179
0.33330540374273165,0.340487778757765,0.0071823750150333265
-0.8159052855587519,-0.6702604581871168,0.1456448273716351
0.7056742575040192,0.667585179727695,0.0380890777763242
0.6822390697102745,0.5950386728385467,0.08720039687172776
0.41637665989974465,0.24583675016779166,0.170539909731953
0.7335890884501726,0.6268948808718147,0.1066942075783579
-0.7794971166689209,-0.553653529455797,0.2258435872131238
0.9440170514108639,0.7435732352766636,0.20044381613420026
0.18960297748742774,0.22446146886707283,0.034858491379645085
-0.040561940876664614,-0.30156267669387116,0.26100073581720656
0.83159838653713,0.6803126077498277,0.15128577878730232
0.27831531948466165,0.28462189647396935,0.0063065769893076995
0.9103982714584766,0.7139223925209474,0.19647587893752927
0.40347510121368435,0.2024542002814625,0.20102090093222186
0.4713535312565,0.2880582745994209,0.18329525665707908
0.26649220417541225,0.13724456378731711,0.12924764038809514
0.4573082834132899,0.4370646015611816,0.020243681852108286
-0.7215655353417324,-0.6149181984864078,0.10664733685532457
0.8138338243098601,0.5914137462871957,0.2224200780226644
0.9445048763868756,0.7458427410096465,0.1986621353772291
-0.5704303953086617,-0.5016790701230727,0.06875132518558902
-0.32901741827069875,-0.17819913735377044,0.1508182809169283
-0.17764873352792954,-0.22109899843131442,0.04345026490338488
0.5596448651993262,0.4963472594380524,0.0632976057612738
-0.8345358817762663,-0.529695764634699,0.3048401171415672
0.9082557061954085,0.7206572841483566,0.1875984220470519
0.4915713791376829,0.28108298520044017,0.21048839393724272
-0.3832743558697389,-0.3772889067929949,0.005985449076743976
-0.9153472400062211,-0.7268298751170088,0.18851736488921234
-0.027576978697366427,0.1646866299650892,0.19226360866245562
0.30599607082221014,0.32137453386544895,0.01537846304323881
-0.9443241748627507,-0.7165107414776792,0.22781343338507143
-0.9211421895050933,-0.7233330553168031,0.19780913418829016
-0.8556838404940084,-0.619279359218775,0.2364044812752334
-0.2464196548598002,-0.28352239062444795,0.03710273576464776
0.9318820276582321,0.737558156487392,0.19432387117084016
0.7347615197940948,0.6229459766510673,0.11181554314302744
0.4413904673615431,0.2618701876734645,0.1795202796880786
-0.4545151577762176,-0.2709294028558587,0.1835857549203589
-0.6718515528672148,-0.5795917567745432,0.09225979609267154
0.8996013493116657,0.6739467082732175,0.22565464103844823
0.8832794454227515,0.661550707629019,0.22172873779373248
0.9721696721675398,0.7545961313519984,0.21757354081554137
-0.1022001352037874,0.020768281833027688,0.12296841703681509
0.2611272081378565,0.41217298187501505,0.15104577373715855
0.8372499057201156,0.6086285472776289,0.22862135844248666
-0.12506966369292333,-0.013946723873624535,0.1111229398192988
0.9410667832942068,0.7189510688911689,0.2221157144030379
-0.07202795203414582,0.024627651344637146,0.09665560337878296
0.8606276092169577,0.6329436647894814,0.2276839444274763
0.8954477216397568,0.6669236402165613,0.22852408142319558
0.1474189411029846,0.2017269089226108,0.05430796781962621
0.9390430788466656,0.7345280043888394,0.20451507445782624
0.9260920224969398,0.7027276222958497,0.22336440020109005
-0.8473116299579376,-0.760611666222139,0.08669996373579858
-0.8048235345500216,-0.7067630832694871,0.09806045128053453
0.890643861434744,0.7109940737896356,0.17964978764510842
-0.07908936406043308,-0.3453856586323941,0.266296294571961
-0.8517253805981546,-0.6948685120676743,0.1568568685304803
0.21440302775471734,-0.08688120280877004,0.3012842305634874
-0.5070403554580051,-0.2901147367723128,0.21692561868569227
-0.17955706782480582,-0.2111373072421513,0.031580239417345474
0.9058127690364447,0.7174274714523672,0.18838529758407752
0.44653018197039357,0.2598019091456165,0.18672827282477705
-0.07304180048470353,-0.1384219697489145,0.06538016926421096
0.5901867731701845,0.6237831404966108,0.033596367326426235
-0.44783178139502655,-0.40097528679103633,0.04685649460399022
0.42190816842168744,0.2537406137680296,0.16816755465365785
0.18075406328436275,0.22405313030450227,0.043299067020139526
-0.9100837370183231,-0.7228986323842934,0.1871851046340297
0.6588862825379783,0.4418079562318454,0.21707832630613294
-0.7763713903621465,-0.6490321488160994,0.12733924154604714
-0.06643836072079955,-0.16331519019669524,0.0968768294758957
0.8697652784913689,0.6987936217904069,0.17097165670096193
-0.9346870982134017,-0.6952580378074665,0.23942906040593515
0.4442627053419612,0.42439779495697977,0.01986491038498145
0.9398533133854244,0.734346160848773,0.20550715253665142
-0.10028621619372413,0.12238096151675847,0.2226671777104826
0.9061859279083484,0.7337436476530502,0.17244228025529817
-0.8565796532583291,-0.6932528741841987,0.1633267790741304
0.9470499001091632,0.7207728146247657,0.2262770854843975
-0.838918634936808,-0.6798577374603616,0.15906089747644636
0.9070361483831446,0.7275310078368536,0.17950514054629096
0.8949107765947921,0.634691174861354,0.26021960173343817
0.9378618198366028,0.7596230943093927,0.1782387255272101
0.32084025240897585,0.31890438319393805,0.0019358692150377999
-0.9115121952232227,-0.726437635069225,0.1850745601539977
0.27495161983815297,0.12982029687911045,0.14513132295904252
-0.7967143681037963,-0.5720881858838777,0.2246261822199186
-0.7861816966674614,-0.5683940404574542,0.21778765621000717
-0.22040200291689607,-0.09804693045351213,0.12235507246338394
-0.8523881271582056,-0.6985159581384726,0.153872169019733
-0.8642376315671052,-0.6988384950095841,0.16539913655752114
0.10587729461643793,-0.037449198445970666,0.14332649306240858
-0.9059768558185549,-0.7238010064019742,0.18217584941658072
-0.41605700784358296,-0.2428397072036039,0.17321730063997906
-0.3479784705764451,-0.5463403039842454,0.19836183340780028
0.10180898273357017,-0.0009785690595688398,0.102787551793139
0.9311938968118196,0.7204508584920742,0.2107430383197454
-0.2489470223841567,-0.26587064499440993,0.016923622610253236
0.2562580738440686,0.28072603665658225,0.02446796281251362
-0.9067329326651732,-0.7604789117164181,0.14625402094875506
0.9458107303446415,0.7195366877498087,0.22627404259483275
0.5261516649930008,0.22785407340423863,0.2982975915887622
0.9125087414100358,0.7169402753650154,0.19556846604502043
0.882486478979419,0.7502871262982096,0.13219935268120941
-0.34798174621710265,-0.34711960624904004,0.0008621399680626141
-0.3434289369785766,-0.3455360512944757,0.00210711431589905
0.2149801018567696,0.08207887018687136,0.13290123166989826
-0.5441997430877105,-0.35402713327056384,0.19017260981714662
0.20368487461447454,-0.018152761895450113,0.22183763650992466
0.07686579585404578,0.14224873274133407,0.06538293688728829
0.720975046364532,0.6146963954161432,0.10627865094838884
0.27708650434041093,0.3074497714838624,0.030363267143451445
-0.9350510218006096,-0.7422754098079092,0.19277561199270044
0.9476025964279252,0.7311045326014933,0.21649806382643189
0.16470775785950637,0.24406512488907411,0.07935736702956775
0.9441150793252451,0.7242984985578729,0.2198165807673722
0.582567386879824,0.5202720840172578,0.06229530286256624
-0.5338479944894283,-0.4850836168575862,0.048764377631842104
0.5781517260830764,0.5103366769462465,0.0678150491368299
0.16296814859557684,0.025962322694844976,0.13700582590073188
-0.8412380530681914,-0.6183212990976991,0.22291675397049238
0.6148802466249745,0.6216846317223467,0.006804385097372134
0.6407132246113848,0.5688004516689554,0.07191277294242937
0.8796186904735053,0.6584747976353617,0.22114389283814362
-0.8416651415339332,-0.6049500944988294,0.23671504703510382
0.26514173521666556,-0.07144886538200747,0.336590600598673
0.7398223026189408,0.6184085056397323,0.12141379697920851
-0.8332187615722934,-0.6781517256084918,0.15506703596380156
-0.9264584587404282,-0.735348621778798,0.1911098369616302
-0.5374612821474343,-0.3315209679467375,0.20594031420069675
0.5543396509482457,0.4956722926864556,0.05866735826179009
-0.6678069490520242,-0.5717060801399045,0.09610086891211966
0.9099307650601481,0.6769129393314384,0.23301782572870977
0.6411333566321955,0.5548580139697926,0.08627534266240289
-0.6872365664778448,-0.46327347357133314,0.22396309290651167
-0.2676089640407316,-0.12722497738099725,0.14038398665973434
-0.9601461639927668,-0.7218540483503421,0.2382921156424247
0.46081775979675776,0.25134617826491057,0.2094715815318472
0.25927185924901597,0.1035785112361919,0.15569334801282408
0.907610957409209,0.7032164573182719,0.20439450009093718
-0.09658897744280355,0.05879141801822238,0.15538039546102594
-0.9158600580636654,-0.6282839975451386,0.2875760605185268
0.8879711456953059,0.7220705214706603,0.16590062422464558
0.8778332932047621,0.6535408500219072,0.2242924431828549
-0.9440467414981868,-0.7362404298420429,0.20780631165614394
-0.7503081140779558,-0.5297429773602241,0.2205651367177317
-0.5018122312241592,-0.49707039439944495,0.004741836824714241
0.6465335889316197,0.5585759923995407,0.08795759653207902
-0.30390795084549577,-0.13261361553909745,0.17129433530639832
0.7574445335283589,0.6490864080335588,0.10835812549480017
0.5265557789682045,0.3210479731165755,0.20550780585162898
-0.9278577764560957,-0.6766703068150323,0.2511874696410634
0.9386210128283752,0.7300657168198169,0.20855529600855827
0.8306454101930448,0.6806392458569024,0.15000616433614244
-0.5991993821419571,-0.5327232087911282,0.0664761733508289
0.9518370125082479,0.7700121623659469,0.181824850142301
-0.0993963662239761,0.040007063201368334,0.13940342942534445
0.06029863468464185,0.18413775504459964,0.1238391203599578
0.8821008935923759,0.7145589218084529,0.16754197178392294
0.2595535831047762,0.11037186891621653,0.1491817141885597
0.8996129768924491,0.6686518389732206,0.23096113791922857
0.4540142960329996,0.4254389447495463,0.028575351283453287
-0.9245215604698914,-0.7369442288715085,0.18757733159838297
-0.12462918758614419,-0.1869766752266566,0.0623474876405124
0.36830986731617815,0.17086796045575386,0.1974419068604243
-0.11581741507304533,0.012981478735160958,0.12879889380820628
0.9198778068859322,0.7343418416168518,0.18553596526908045
-0.2574788266053219,-0.11538075020330554,0.14209807640201635
-0.7918617779479521,-0.6612361041907172,0.13062567375723488
0.6992497848008418,0.5987924742848346,0.10045731051600715
-0.5350366058453344,-0.2782350713417359,0.2568015345035985
0.5766701391913137,0.5192103633650053,0.05745977582630846
0.17814369429006519,0.2193874569505096,0.04124376266044441
0.09439336805412489,0.14741205423821652,0.053018686184091626
-0.36541998983134966,-0.20826386265032534,0.1571561271810243
-0.5177675711359195,-0.457046619731051,0.06072095140486855
-0.5506149139608191,-0.4945026552566343,0.05611225870418479
-0.9596076527181842,-0.7083012436276923,0.25130640909049184
0.45042201663990056,0.2582126477119248,0.19220936892797574
-0.5677321353689274,-0.5099476914494595,0.05778444391946791
0.9386124801611693,0.7316137967429275,0.2069986834182418
0.6037766247091385,0.390145544232697,0.21363108047644153
-0.5782610505312359,-0.3806293888319439,0.19763166169929197
-0.8438797737245947,-0.5482561094733341,0.2956236642512605
-0.7730723147973237,-0.6483110348931911,0.12476127990413266
0.4678659543192617,0.29054802294853543,0.17731793137072627
0.030418321512567927,-0.05850744484824529,0.08892576636081322
0.5174224250838305,0.3368390194796205,0.18058340560421
0.9308745637108136,0.694592963249992,0.23628160046082158
-0.7933077877017233,-0.5657459108422088,0.22756187685951446
-0.20318477614467745,0.1224069365015846,0.3255917126462621
-0.0643997610219486,0.03351667392668467,0.09791643494863327
-0.9214279314181041,-0.6922261094627052,0.22920182195539884
0.6982553903319505,0.5967615202818695,0.10149387005008104
0.2675390435862879,0.3174387609013281,0.049899717315040226
-0.935107959630924,-0.7039843425471152,0.2311236170838088
-0.1797801930578759,0.01220524811539133,0.19198544117326724
-0.9206402588032462,-0.7350521203512254,0.18558813845202082
-0.25686159463751274,-0.2889959943178991,0.03213439968038634
0.8881341161610734,0.7312439751540389,0.15689014100703447
-0.42211696158137535,-0.40420026136666576,0.01791670021470959
-0.9399101151619331,-0.7075210265800861,0.23238908858184704
0.5716833338297762,0.5068872383894352,0.06479609544034104
-0.4394100695593052,-0.24291325584204776,0.19649681371725747
-0.9499719450403462,-0.7370874502610235,0.2128844947793227
-0.44171951322588293,-0.42667586649491696,0.015043646730965976
-0.9538987929339856,-0.7614098414074842,0.19248895152650136
0.3478358324849814,0.18010348392045522,0.16773234856452618
0.6890273492077439,0.5932948414981639,0.09573250770957997
-0.9156475589325682,-0.6702596114126163,0.24538794751995197
-0.1221909532350433,-0.18188026697184712,0.05968931373680382
0.4687860351455378,0.4403738457700342,0.028412189375503605
0.9631811539551999,0.7841034301445603,0.17907772381063958
0.22847513447419684,0.26066071935890317,0.032185584884706325
-0.3542305901336364,-0.3722175455678967,0.01798695543426032
-0.731843718142304,-0.6181460870293783,0.11369763111292563
-0.35478685325286347,-0.0876204805690451,0.2671663726838184
0.9764867468726435,0.8096887060691265,0.166798040803517
0.3546240312184787,0.6179755055064067,0.263351474287928
-0.9174799877349511,-0.7290516345682715,0.1884283531666796
0.14846333684038543,0.19004906127638552,0.04158572443600009
0.8312081123076992,0.603707885051997,0.22750022725570218
0.9477905350263118,0.796248505975785,0.15154202905052683
-0.926194930202738,-0.7188496959470991,0.2073452342556389
-0.7084375633833787,-0.4962008600982128,0.21223670328516592
-0.5872378158705801,-0.5266787666108943,0.060559049259685804
-0.36390767466295754,-0.20378623593857415,0.1601214387243834
0.9342119907098972,0.7362938403012587,0.19791815040863858
0.8598120123112121,0.7231127519449543,0.1366992603662578
-0.10793489605957053,-0.2328209375625092,0.12488604150293868
0.14906187733649073,0.03707183360602151,0.11199004373046922
0.7513558947089263,0.5299966975720243,0.221359197136902
0.8874453288731734,0.7143639877101263,0.17308134116304708
0.1720611862031819,0.26529215204588774,0.09323096584270585
-0.055309698886793025,0.04292214493976411,0.09823184382655714
0.7270733322379843,0.6186711179771884,0.10840221426079588
0.4932355679803039,0.2930669543702165,0.20016861361008736
-0.6693450899358903,-0.6602784305723108,0.009066659363579421
0.8485496489141932,0.7290821456484109,0.11946750326578226
0.873751061809649,0.7541025923500037,0.11964846945964536
0.4120111325332437,0.2417826801133416,0.17022845241990206
0.34466610201604403,0.08927335151736046,0.2553927504986836
-0.9163469055947865,-0.7257566121940173,0.19059029340076916
-0.8020102158731668,-0.7121241802227797,0.08988603565038711
-0.8937599574973941,-0.6556214203562171,0.23813853714117705
-0.9234018097461053,-0.6944812514134601,0.22892055833264524
-0.8575741060867255,-0.7049683288399231,0.15260577724680235
-0.3392078830024452,-0.12119428632518973,0.21801359667725545
0.8759708657190608,0.7642940190038731,0.11167684671518774
0.9208154100921445,0.7496658374914449,0.17114957260069963
-0.8042757774860865,-0.6625470121670254,0.1417287653190611
-0.8622149507917922,-0.6267225796575837,0.2354923711342085
-0.5602193946404,-0.504409172628136,0.055810222012264044
0.028739401090108252,0.11702483430004591,0.08828543320993766
0.2102388952541824,0.08101655419391927,0.12922234106026315
-0.209275279631912,-0.06821014868237625,0.14106513094953577
-0.92971790895069,-0.7303642212424557,0.19935368770823425
-0.9468880480408736,-0.728236809893428,0.21865123814744558
-0.025096947700136398,0.07316394022779071,0.09826088792792712
-0.9372576065322747,-0.7073004849224703,0.22995712160980442
-0.4241737876664374,-0.25280451469636,0.17136927297007737
-0.8261400436015701,-0.5899492811725712,0.23619076242899895
0.8488689821514218,0.6226545432414233,0.22621443890999848
-0.24090620415464292,-0.2677704334093562,0.026864229254713268
0.8433296993626462,0.6036607480060417,0.2396689513566045
0.7222740833201577,0.6181863473770621,0.10408773594309562
0.007012257086476238,-0.23653138529249615,0.24354364237897239
-0.9511429129719576,-0.7481753501554312,0.2029675628165264
0.701871122567939,0.6066506578938795,0.09522046467405954
-0.48671826234972393,-0.4341234834309548,0.052594778918769125
-0.37906921130733856,-0.3688414439155256,0.01022776739181297
0.9480069278955429,0.7305406723243997,0.21746625557114319
0.8946132069210743,0.7209007350779023,0.17371247184317196
-0.440576961899404,-0.26539328534921863,0.17518367655018535
0.5443605999475326,0.4953231582796237,0.04903744166790891
0.24617785869362804,0.10295251517597168,0.14322534351765637
0.3048971459925008,0.31958764891155766,0.01469050291905688
-0.6220150007709802,-0.5438284180713959,0.07818658269958423
-0.7688422297321988,-0.7336518220592448,0.035190407672954005
0.86807779437418,0.7128603617548889,0.1552174326192911
-0.0017464555732633299,-0.18610147436295205,0.1843550187896887
0.9191549203280509,0.5976345070708441,0.3215204132572068
-0.40519719632126605,-0.2313312484278901,0.17386594789337595
-0.632616602076067,-0.42033246023247234,0.21228414184359462
0.829756221960401,0.5999920259512175,0.22976419600918352
-0.26802504302026864,-0.09999644640231337,0.16802859661795527
-0.9127807031322186,-0.6821222955967639,0.23065840753545475
-0.345609846806664,-0.5054606478083061,0.15985080100164212
-0.8759976392668334,-0.7043374925588481,0.17166014670798524
0.7092412439961017,0.6574732060901118,0.05176803790598983
0.715258899473614,0.6027833773372782,0.11247552213633583
0.8923558826833263,0.6969625055835758,0.19539337709975058
-0.014549772027352689,0.08094172616642914,0.09549149819378183
0.051580683705183226,0.12773097618545062,0.07615029248026739
-0.6882740625341788,-0.4741805684733172,0.2140934940608616
0.9055414317227155,0.7253731072312348,0.18016832449148068
-0.056739367310225684,-0.3402493274851197,0.28350996017489405
-0.8090963687985655,-0.5843222919839348,0.22477407681463069
-0.8844942663161883,-0.6052732019668805,0.2792210643493078
-0.06183196306573031,-0.15158774405212067,0.08975578098639037
-0.8831984353141714,-0.7127244806349557,0.17047395467921567
-0.8852589453995393,-0.6503188578594574,0.2349400875400819
0.2015419481087038,0.0906434251458677,0.11089852296283609
0.6499586450853143,0.5644701745526889,0.08548847053262543
0.9476959625049681,0.7304894572386809,0.21720650526628726
-0.7555379994705925,-0.6299108060165101,0.12562719345408246
-0.3241883126795188,-0.15239129423995995,0.17179701843955886
0.6699633128196237,0.6948852316849445,0.024921918865320802
-0.7570476608766198,-0.6419872547973704,0.11506040607924939
0.0872182227120427,0.21374047950725425,0.12652225679521156
0.8325015043061834,0.7598608834867482,0.07264062081943523
-0.8280002634183958,-0.7407636620561462,0.08723660136224964
-0.7771541479395314,-0.42512393195732906,0.35203021598220235
-0.1383323328031503,-0.018056482874288717,0.12027584992886159
-0.8875296674263266,-0.6563043314751931,0.23122533595113348
-0.7415129922968435,-0.5115428252730252,0.22997016702381834
0.46349284008236075,0.28171390185578526,0.18177893822657548
0.8791969681211967,0.7474319067864325,0.1317650613347643
0.8643912130733037,0.6409657571203747,0.22342545595292895
0.8676040065917473,0.7559275130505756,0.1116764935411717
-0.6887301595040352,-0.5488452976752456,0.13988486182878956
-0.27962054374245116,-0.13260019538980072,0.14702034835265043
0.19701270759767395,0.07421633726553682,0.12279637033213713
0.4408165418919098,0.24632696897695125,0.19448957291495853
-0.6358646268353751,-0.42942894903128803,0.20643567780408711
0.3791922627710663,0.21718270075398624,0.16200956201708008
-0.8817536089761296,-0.6485431299088255,0.2332104790673042
-0.6688963584304749,-0.45532720856430364,0.21356914986617126
0.0808128451361019,0.32874836646159095,0.24793552132548904
-0.32330294549916583,-0.407348365313002,0.08404541981383618
-0.7006377911720415,-0.6108266650509272,0.0898111261211143
0.8417826103347216,0.6946781362595891,0.1471044740751325
0.2450005368155884,0.2662281642756149,0.021227627460026516
-0.6057664986011707,-0.5821817659981748,0.023584732602995873
0.6096603653235626,0.3979921945504389,0.21166817077312372
-0.6664123426939512,-0.44736831827026136,0.21904402442368986
-0.25343509184019003,-0.1118151839384167,0.1416199079017733
-0.9384429553503396,-0.7378861188949006,0.20055683645543898
-0.7915563669392103,-0.5560219012919997,0.2355344656472106
-0.8376119870614582,-0.6061419546425848,0.23147003241887343
0.3291213884626877,0.17627608514675822,0.15284530331592946
-0.34174046508493316,-0.3461229974168763,0.004382532331943134
-0.3911577628405005,-0.38272239918546364,0.008435363655036887
-0.7815422980144257,-0.5565068240793852,0.22503547393504042
0.9486378515493874,0.7357955033636324,0.21284234818575498
-0.737302488902482,-0.5196838135076319,0.21761867539485003
-0.9639276119014621,-0.8332892001602892,0.13063841174117297
-0.7889538477329036,-0.5133185413287676,0.2756353064041359
0.8056930769543772,0.5676531681049752,0.23803990884940196
-0.044242712639395276,0.04622584236031993,0.0904685549997152
-0.8759481179424597,-0.7078720691738656,0.16807604876859417
0.9276930820139555,0.7327601291999725,0.19493295281398304
-0.8932911566062778,-0.7095018863297016,0.1837892702765762
0.5679552547442244,0.5096729907066583,0.05828226403756609
0.3166406843714589,0.15011557069006579,0.16652511368139314
0.9495879479365671,0.7455874459097939,0.20400050202677322
0.9774280441660921,0.8084184410797107,0.16900960308638135
0.9091016661665036,0.6864584968018655,0.22264316936463802
0.9752201107119817,0.8080396009782295,0.1671805097337522
-0.7564998836980521,-0.6749516908570774,0.0815481928409747
0.8424545842055237,0.5979431301902445,0.24451145401527918
0.9459827098690677,0.7284374504981169,0.21754525937095082
0.8490100389510203,0.7077451872339733,0.14126485171704706
-0.17090335262644668,-0.21809209253260842,0.047188739906161736
-0.37578081216151776,-0.3781461730457674,0.0023653608842496565
-0.3713723089136685,-0.21002583083185017,0.16134647808181835
-0.4121425902163678,-0.30685539494453473,0.10528719527183306
-0.8757086810781434,-0.7235892380738782,0.15211944300426516
-0.6992710660221332,-0.5858636263958283,0.11340743962630484
-0.9172596129226362,-0.7258957972801454,0.19136381564249083
0.8120242329711014,0.5161173557803738,0.2959068771907276
-0.8989192435797928,-0.7147446090039112,0.18417463457588157
0.844975454194909,0.6255969454514064,0.21937850874350262
0.8974805850106669,0.7272740447049194,0.17020654030574744
-0.5644653347051638,-0.49946948314052947,0.06499585156463433
0.7612595574090193,0.5386390226104606,0.2226205347985587
0.004077381603269128,-0.0684801665046679,0.07255754810793703
0.4491105666294811,0.4025534160652815,0.04655715056419962
-0.112016500619712,-0.0019654813496200432,0.11005101927009195
0.8435438757482528,0.613704832426526,0.2298390433217269
-0.9204294650276902,-0.6901209369319427,0.23030852809574753
-0.9241400792748236,-0.7317742472991888,0.19236583197563473
0.49850890333532544,0.320297224321959,0.17821167901336643
0.8775069051829136,0.6312449251694572,0.24626198001345645
0.7846868597988347,0.7543327203465885,0.030354139452246187
0.5825015598764473,0.5061041685417356,0.07639739133471168
0.01640698591800807,-0.14492620406285925,0.16133318998086732
-0.07966988225844977,-0.13330758955200092,0.05363770729355115
0.9222832674426658,0.7608795114078295,0.16140375603483625
0.06398377607618595,-0.04519100777863268,0.10917478385481863
0.6387967132851646,0.5587414092277757,0.08005530405738892
-0.2750225799115932,-0.3353910127927325,0.0603684328811393
0.6849692274217073,0.580228674117035,0.10474055330467225
-0.4355551854451229,-0.5798600002350344,0.14430481478991147
0.235320756961979,0.07373684442695717,0.1615839125350218
-0.6945424365582584,-0.3599943061398271,0.33454813041843134
0.33751073285864147,0.1814536076394293,0.15605712521921217
0.0627279589811392,-0.028591757390644068,0.09131971637178327
0.7450729975059314,0.5262789158447395,0.21879408166119185
-0.6810910112559341,-0.6781255959736112,0.0029654152823228586
-0.3711299413623327,-0.18787126709570406,0.18325867426662862
-0.12288354734365478,-0.005313885096979958,0.11756966224667482
0.7205834159354171,0.4985491858376538,0.2220342300977633
0.5188602627881692,0.33653589409212814,0.18232436869604107
0.47685161890031774,0.29845675088019313,0.1783948680201246
0.5090022320476688,0.4730472272189318,0.035955004828737036
-0.7928972787878446,-0.6564131975313717,0.13648408125647282
0.7670933379102022,0.6356554002737707,0.13143793763643152
0.4005919757996135,0.38948148710307445,0.011110488696539023
-0.8111287017447545,-0.5922671141391029,0.21886158760565155
0.43477668516692064,0.40627282238108625,0.02850386278583439
0.2916865727665608,0.3117515838142001,0.020065011047639303
0.5622950748910387,0.3538135861381314,0.20848148875290728
0.8078285519152456,0.6644855111653426,0.143343040749903
0.7753810060752505,0.6800222460298929,0.0953587600453576
0.9415132469407049,0.75566812218991,0.18584512475079495
0.9224388754191724,0.6926374660790344,0.22980140934013793
-0.5331569432440371,-0.6965667485397055,0.1634098052956684
-0.7679078635341122,-0.5428391511752999,0.22506871235881232
-0.7926506978627718,-0.6524379992076539,0.14021269865511787
0.7463793926800294,0.6791401562931043,0.06723923638692508
0.5264110485930477,0.46334565416263646,0.0630653944304112
-0.9145655967714519,-0.7690808006437877,0.14548479612766418
0.8409641522214534,0.6135879897528592,0.22737616246859416
0.31259766335093214,0.16166245200947807,0.15093521134145407
-0.9282194116213467,-0.6948125731428592,0.23340683847848753
0.09621410412502715,0.000969871621659433,0.09524423250336772
-0.7246462495928857,-0.6091904592259101,0.11545579036697562
0.38403924966970343,0.1724374362797495,0.21160181338995393
-0.834947239203794,-0.7559215551799587,0.07902568402383525
-0.9452424646998531,-0.7478557150708646,0.1973867496289885
0.780576327874659,0.5556550092488717,0.22492131862578735
0.9459889474269003,0.7307590540192154,0.21522989340768495
-0.9099934375246073,-0.6544704596292642,0.25552297789534306
-0.37188139580577556,-0.0790886728966662,0.29279272290910935
0.44906126529625345,0.24624160384027877,0.2028196614559747
0.9321160044731712,0.7384373884039104,0.19367861606926084
-0.46263007972023606,-0.2922137885711329,0.17041629114910317
-0.5983065363545655,-0.35772426245672134,0.2405822738978442
-0.5874972105962459,-0.38274659023364715,0.20475062036259878
-0.25647822689932925,-0.10809218366977644,0.14838604322955282
-0.3373656275232374,-0.1752172250181946,0.1621484025050428
0.6378337621923119,0.5391373336894588,0.0986964285028531
-0.09967849898204616,0.148051535279608,0.24773003426165413
0.36275491654807634,0.35670355391705777,0.006051362631018575
-0.21695141366946835,-0.09070784865050674,0.1262435650189616
-0.44126247027555465,-0.41534514613946427,0.02591732413609038
-0.7686141055535932,-0.5418237466001468,0.22679035895344646
0.9189189864310626,0.7265143800536561,0.19240460637740653
-0.24028835002304005,-0.26585900580902017,0.025570655785980112
-0.6257686075070202,-0.3990712298070845,0.22669737769993575
-0.5162530724534812,-0.4632649531091463,0.052988119344334894
0.6165858293584604,0.5338806398321309,0.08270518952632955
0.9381699407521065,0.733650715775833,0.2045192249762735
0.6252084272561806,0.5971111494735039,0.02809727778267679
0.3280436305501186,0.09606263478065759,0.23198099576946102
0.8974913898698418,0.7141646075760605,0.1833267822937813
0.3244981764517965,0.17575799257422936,0.14874018387756716
0.5744321603053417,0.385527111406571,0.18890504889877074
-0.8804427188382516,-0.7061755529414714,0.17426716589678026
-0.7904025891188878,-0.5547486890942054,0.23565390002468245
-0.30025114397347014,-0.1486210070289631,0.15163013694450703
0.9429162189328207,0.7395660516560922,0.2033501672767285
0.7737085099839074,0.6454209737750993,0.12828753620880806
-0.25614667671384733,-0.4827543170061694,0.22660764029232205
0.33189459564771095,0.345378573604724,0.01348397795701306
-0.11325347845899347,-0.17706614454372763,0.06381266608473415
-0.8432932133089526,-0.6639941030868555,0.1792991102220971
0.5576243118519308,0.37007182368944985,0.187552488162481
0.2871306297423373,0.2933305797088834,0.006199949966546103
0.89406864848658,0.6645601780200303,0.22950847046654965
-0.8831348859652453,-0.7106144291276628,0.17252045683758244
0.7620762040834882,0.632909801981155,0.1291664021023332
-0.9455913202209448,-0.7318277547039955,0.2137635655169493
-0.2888295304029371,-0.43939256429560786,0.15056303389267078
-0.5905000602444351,-0.39320976045836836,0.19729029978606677
-0.5771761106163366,-0.3843711356085786,0.19280497500775795
0.8778913349856479,0.6516355269494701,0.22625580803617773
0.13049067300975517,0.19065544290589345,0.06016476989613828
0.30844285333586435,0.1492133347061631,0.15922951862970125
-0.93470173673922,-0.7105078927335142,0.22419384400570574
0.45227774578130775,0.4189479111050094,0.03332983467629835
0.22362429180545412,0.2539553489637805,0.030331057158326402
0.15270679691505323,0.2023370842245904,0.04963028730953717
-0.7792232861517561,-0.7114019151609481,0.06782137099080798
0.9267043826874737,0.7153741289280844,0.2113302537593893
0.5379236819077878,0.33504370566274083,0.202879976245047
0.9106672668317459,0.731422071551309,0.17924519528043692
-0.143704493523397,-0.19600051457668874,0.05229602105329173
-0.6330052173078855,-0.43376672743266426,0.19923848987522125
-0.8890415804993443,-0.6532721455115381,0.23576943498780623
-0.026603088225637884,-0.10317109404597195,0.07656800582033407
-0.9171304461098645,-0.7322420708664311,0.18488837524343338
0.8732854338550733,0.745226703850304,0.1280587300047693
-0.44903667234138633,-0.2702730785514502,0.17876359378993611
0.9453284675836537,0.7346086819936032,0.21071978559005056
0.11378417565163565,0.17493414040191188,0.06114996475027623
0.9348374551775728,0.7238995405618873,0.21093791461568545
-0.7243573515234557,-0.5070904808575015,0.21726687066595418
-0.6287184756346669,-0.5621962754395684,0.06652220019509847
-0.6003410723449893,-0.3298240130696895,0.27051705927529984
0.5811544488078542,0.5114126482604985,0.06974180054735568
-0.9477530845619063,-0.7306912896590714,0.21706179490283495
0.004163420265235619,-0.0884688788357373,0.09263229910097293
0.9340047755197118,0.702914815838424,0.23108995968128787
0.05812181991390994,0.14035140165839294,0.082229581744483
-0.7334516352418485,-0.701614890142156,0.03183674509969259
-0.06824789548864169,-0.12144469671051883,0.053196801221877144
0.8762182946580109,0.7061049318559683,0.1701133628020426
-0.3934453474670709,-0.3828643609304085,0.010580986536662396
-0.8993047338712151,-0.7181302984740594,0.18117443539715572
-0.8925762133698643,-0.7467417331018817,0.1458344802679825
-0.9059252634264935,-0.6919151825312672,0.21401008089522633
0.5010033520370095,0.46029628362361635,0.040707068413393166
-0.9049948686166556,-0.7218626324433337,0.18313223617332186
-0.9042771667935039,-0.6781495640053313,0.22612760278817257
-0.9348566004461856,-0.7017560517814173,0.23310054866476826
-0.4918167846573398,-0.4361095407129784,0.055707243944361384
-0.6763310696231383,-0.628050220407083,0.048280849216055244
0.8246162900215471,0.6031907097441985,0.2214255802773486
-0.7610599275778797,-0.6370766603293954,0.1239832672484843
0.323626830840959,0.3350665137396623,0.011439682898703285
0.7210010252621636,0.46718496807015863,0.25381605719200495
0.7798657354914171,0.6578095045460297,0.12205623094538742
-0.904348713611752,-0.6617967530965398,0.2425519605152121
-0.0473148461910716,-0.11692888113562835,0.06961403494455676
0.20822335804892853,-0.03253010528485322,0.24075346333378175
0.5121354218063219,0.331228286047868,0.18090713575845385
0.4190214148286713,0.2399236075624718,0.17909780726619948
0.3227254934758759,0.34841872286766296,0.02569322939178703
0.9519133780441613,0.7975218055235206,0.15439157252064073
-0.7537653852773892,-0.6382880832997868,0.11547730197760242
0.6368399984410142,0.5505725157040504,0.08626748273696383
0.45201466114992744,0.27740280456629945,0.174611856583628
-0.5969173752077856,-0.5289882181530288,0.06792915705475688
0.41416318802365515,0.39996730760850757,0.014195880415147577
-0.6824578409266818,-0.5756447445669155,0.10681309635976632
-0.2868695653054957,-0.28599925014328437,0.0008703151622113103
-0.9471101075475666,-0.7432750239756749,0.20383508357189173
0.08584454240609898,0.13978252888224937,0.05393798647615039
-0.9464390417550334,-0.7350863595344131,0.2113526822206202
-0.8969259210995353,-0.6549827655531707,0.24194315554636459
0.5297174301601459,0.6863164869161118,0.15659905675596586
0.844292408141057,0.6838498957745694,0.16044251236648754
0.7208165991012194,0.49752765105333746,0.22328894804788196
0.9369925322005312,0.6718231947239826,0.2651693374765487
0.9325146975454515,0.693464769169212,0.2390499283762395
-0.9169075632273309,-0.6887676226277757,0.22813994059955522
-0.7842555456036562,-0.6532261606457895,0.13102938495786665
0.5425294389526845,0.5007020331145372,0.04182740583814726
0.2890036114188264,0.3075479695072684,0.018544358088442014
0.6447257462773502,0.6375165295565568,0.007209216720793443
-0.7349295552506017,-0.5068993120009891,0.22803024324961252
-0.7032660847468484,-0.35210745365620255,0.3511586310906458
-0.18525899580207666,-0.22708588452866404,0.04182688872658738
0.6369967756313958,0.5552651934786974,0.08173158215269838
-0.8537661116186753,-0.748775454916091,0.10499065670258434
-0.029359862420023135,0.07114623397342996,0.10050609639345309
-0.766467168154356,-0.5423021392472211,0.22416502890713486
0.35421044139739066,0.34670369730319206,0.007506744094198603
0.2873787734688085,0.32411854611978597,0.03673977265097744
0.6559763674772047,0.6959138735414728,0.03993750606426816
-0.6003187411081841,-0.5314984686312776,0.06882027247690647
0.8079654217443706,0.6825676309870823,0.1253977907572883
-0.8775125049812594,-0.6405090392301521,0.2370034657511073
-0.500439370897647,-0.4723774154120817,0.028061955485565282
0.6139696452442525,0.3993812971553138,0.21458834808893867
-0.9305926377253849,-0.707509931036933,0.22308270668845187
0.41413961284237133,0.24350078556171778,0.17063882728065355
0.35872098314975487,0.052507207059552134,0.3062137760902027
-0.8599885927311939,-0.7515443922571883,0.1084442004740056
-0.286654098098725,-0.3179944539109005,0.03134035581217548
0.8978041376870661,0.7152621400406788,0.18254199764638734
0.0271335242680324,0.10939198705685564,0.08225846278882323
-0.7454394983261573,-0.5318268505788596,0.2136126477472977
-0.7743891153586014,-0.5570442539840875,0.21734486137451392
-0.005298719453505808,0.08781743063495596,0.09311615008846177
0.7303074224523844,0.5051316806312369,0.22517574182114752
-0.9314646357781603,-0.7594708315396181,0.17199380423854216
0.028947712912872965,-0.05952543725357251,0.08847315016644547
-0.927911529546611,-0.7012226615642276,0.2266888679823834
0.47228697314505025,0.6201523286389136,0.14786535549386332
0.9760490418897224,0.7963066176473088,0.1797424242424136
0.8338561322157357,0.6797730030696645,0.15408312914607125
-0.4080239200791264,-0.2280598140158116,0.1799641060633148
-0.801245672922307,-0.6649025316447106,0.1363431412775964
0.6794931569045406,0.5785114602154365,0.10098169668910406
-0.6455149129683839,-0.5591717196108383,0.08634319335754559
-0.928689961790101,-0.6982281722519722,0.2304617895381288
0.5625330680447516,0.314691163374373,0.2478419046703786
0.31473948659681605,0.3921815024392188,0.07744201584240273
0.8544025090214289,0.69093377543941,0.16346873358201885
-0.5972772486877288,-0.3550748364026435,0.24220241228508532
-0.6031349804706206,-0.39743464270547385,0.2057003377651468
0.4605138049493113,0.4379689909023091,0.022544814047002204
0.027010195898902436,0.12555374121246468,0.09854354531356224
0.9029532380609935,0.6736039985235566,0.2293492395374369
0.07684562618746571,-0.018929405238330622,0.09577503142579633
0.6650943982499932,0.6562835319219926,0.008810866328000544
0.7290995969527122,0.6213995919091775,0.10770000504353472
-0.7302703861304873,-0.618839354738676,0.11143103139181132
0.862730423695505,0.6248477862097839,0.23788263748572114
0.7888064113573076,0.46439605141304346,0.3244103599442641
0.9290692432604766,0.7458867966066869,0.1831824466537897
-0.005762487433565307,0.0869746978831892,0.09273718531675451
0.107972962613114,0.41890893457012796,0.31093597195701395
0.8418477935786778,0.6978867681365046,0.14396102544217315
-0.2169236811269737,-0.2458912279053088,0.0289675467783351
0.7679224791109843,0.5433082070631221,0.22461427204786222
-0.8246234417314205,-0.6831325027496638,0.1414909389817568
0.90185200260022,0.7252878939606691,0.17656410863955097
-0.4286969884807382,-0.41383426702132114,0.014862721459417028
0.96368676582676,0.8109943742723807,0.1526923915543793
-0.7420201654544227,-0.3793785643903414,0.36264160106408133
-0.8533608678651273,-0.6868756024363698,0.16648526542875752
0.32647008248910253,0.3186571526478826,0.007812929841219951
0.5980334733583954,0.3921830575893879,0.20585041576900753
-0.2705795498602194,-0.2966820672740354,0.026102517413815973
-0.8897537867717615,-0.6557145063628691,0.23403928040889244
0.8020794960822345,0.5695884739762401,0.23249102210599437
-0.03275140448503394,0.07203536085568708,0.10478676534072102
-0.9716698628284951,-0.8321411657345283,0.13952869709396676
-0.040464732785485305,-0.10893022330399187,0.06846549051850656
-0.17109435704984716,-0.2248836246786358,0.053789267628788634
0.300565056873853,0.3124837184154724,0.011918661541619413
0.822175242240455,0.5684812753926944,0.2536939668477606
-0.8751213326363856,-0.6510770345608289,0.2240442980755567
0.6635664202921612,0.4151321894003262,0.24843423089183497
0.8975828832014457,0.6747825377612441,0.22280034544020166
0.8312372536445096,0.6920344254135534,0.1392028282309562
-0.16255911466422643,-0.03984324874998192,0.1227158659142445
0.9451578968378919,0.7271715054973442,0.21798639134054765
-0.9441395510671466,-0.7475386311587308,0.19660091990841588
0.8629618665866446,0.7354980525559378,0.12746381403070683
-0.8954074695876363,-0.656998082865266,0.23840938672237033
-0.7371972057922328,-0.505895005504892,0.23130220028734083
0.9036466577475237,0.6840970232971384,0.21954963445038533
-0.7643279096139308,-0.537781917520768,0.22654599209316284
-0.9145512704642655,-0.7259336636402681,0.18861760682399742
-0.8897827842139455,-0.6520531275887643,0.2377296566251812
-0.3598001144876584,-0.35887646739395423,0.000923647093704183
-0.8487585697184734,-0.6903460779808338,0.1584124917376396
-0.9481229700176064,-0.7347910072444819,0.2133319627731245
-0.8050778925518679,-0.5721374504900928,0.2329404420617751
0.447569808841444,0.4066313905681893,0.04093841827325467
-0.5849321227290134,-0.5322065666812953,0.052725556047718114
0.37606343658027136,0.21780912357587634,0.15825431300439502
0.8239661282191445,0.6931481561748135,0.130817972044331
-0.8464940924173538,-0.6862537823266573,0.1602403100906965
-0.25576264461370735,-0.14561894014176288,0.11014370447194446
-0.9447329570897318,-0.6792618825500464,0.26547107453968544
0.88243827326229,0.6570368580034076,0.22540141525888235
-0.8976922713383421,-0.6714618033010646,0.22623046803727742
0.3230318488180669,0.13522750054801366,0.18780434827005324
-0.29249715674832794,-0.3094815829880302,0.016984426239702255
-0.8959586940031046,-0.7143062874561634,0.18165240654694115
-0.7562716132971038,-0.6390600962291089,0.11721151706799493
-0.9396891641228465,-0.7104783381721864,0.2292108259506601
-0.07813754216576113,0.02411563843274817,0.1022531805985093
0.17405466469371703,-0.0776412308678445,0.2516958955615615
0.7403718441955673,0.6234185430806901,0.11695330111487723
-0.9494010301645252,-0.7361586704641795,0.21324235970034566
-0.9290703609135024,-0.73443599470095,0.19463436621255237
-0.9481831566877721,-0.7350135022838515,0.21316965440392055
0.9287984564693905,0.714365834404415,0.2144326220649755
-0.3562430156135132,-0.1884006011783824,0.1678424144351308
-0.35973469510580514,-0.18367160634460153,0.1760630887612036
-0.35823308621603994,-0.17635192048209888,0.18188116573394106
-0.947026397727335,-0.8065382186126334,0.14048817911470157
-0.9510422144587183,-0.7362979267986357,0.21474428766008258
0.40501999573575326,0.23117183375098505,0.1738481619847682
-0.5669411655734936,-0.3204501838516782,0.24649098172181538
-0.6102760025219749,-0.5236977936476134,0.08657820887436152
-0.5029624294262524,-0.31909822178397435,0.183864207642278
-0.047075117916439056,0.04821796491391393,0.09529308283035298
0.3189467727477551,0.12240668045518423,0.1965400922925709
0.6070907637179221,0.40300929135450053,0.2040814723634216
-0.8297956830079487,-0.6126562043144985,0.21713947869345018
0.5323839167038018,0.33778222018129245,0.19460169652250936
-0.13683124694431123,-0.202633055289384,0.06580180834507277
0.13669451479066172,0.20069068679536514,0.06399617200470342
-0.9415679138031912,-0.6985346039605798,0.2430333098426114
0.2842059079937998,0.1409923542982385,0.1432135536955613
-0.9058920757691661,-0.7273033937895623,0.17858868197960376
0.9304162826035264,0.7693860364859603,0.1610302461175661
0.8933474770162012,0.7195953231288991,0.17375215388730214
-0.38007081532026504,-0.3765383485205189,0.00353246679974617
-0.9423059610800945,-0.8018188667221621,0.14048709435793238
0.5227302388538472,0.4843005603965227,0.03842967845732448
-0.9340605943878469,-0.7899752578412822,0.14408533654656475
0.37312358627291037,0.366146794413205,0.006976791859705345
-0.46194169697072646,-0.431350048931526,0.030591648039200448
0.0039222802463326715,-0.08755140457244713,0.09147368481877981
0.8458644185792383,0.6195430605608113,0.226321358018427
-0.12485483174032393,0.034682589953923815,0.15953742169424773
-0.9347046213347405,-0.7206981004992282,0.2140065208355123
0.4154406234379335,0.10272100527455896,0.3127196181633745
-0.34974166230993203,-0.35372248975742926,0.003980827447497226
0.007025474692624953,-0.07986494785340353,0.08689042254602848
0.488386609900805,0.45001872045108715,0.03836788944971786
0.01376062025207442,0.10269413648713234,0.08893351623505792
0.40293591323653216,0.3908979089774043,0.012038004259127877
0.3853263942099331,0.21227773205518066,0.17304866215475243
0.29803413953932656,0.5146724249276872,0.2166382853883606
0.37814676811661274,0.36581118930046913,0.01233557881614361
-0.8948066000111964,-0.774269902452366,0.12053669755883034
0.16750868433197327,0.043713977216754386,0.1237947071152189
-0.5249928020790412,-0.47973967485343677,0.04525312722560443
-0.02543510188007687,0.0731479276202508,0.09858302950032767
0.08976712098339458,0.1551109640871643,0.06534384310376971
-0.019542326094158333,0.24187667077651578,0.2614189968706741
-0.2378431211549878,-0.3688306206138511,0.1309874994588633
0.9433416975169744,0.7245003035869605,0.2188413939300139
-0.9450812352877822,-0.7236789342954287,0.22140230099235347
-0.9503976326506242,-0.758296760593608,0.1921008720570162
-0.1926853483828652,-0.28602597962577897,0.09334063124291378
-0.8027823541193254,-0.6646702065486699,0.13811214757065549
-0.12447330516553325,-0.18547006116506545,0.06099675599953221
-0.6506300887428492,-0.5595892438956094,0.09104084484723984
0.594251410010353,0.5317091529015017,0.0625422571088513
-0.0006052724271347942,0.09402313771942776,0.09462841014656255
-0.3508686078140627,-0.19251040942242154,0.15835819839164117
0.8939857482159365,0.7171657199565393,0.17682002825939713
0.7912901608063272,0.5616511867083157,0.22963897409801148
-0.3938121935009434,-0.5987709532935711,0.20495875979262773
0.8606845075481938,0.6056240215597058,0.25506048598848796
-0.9466472928841306,-0.7321189700437697,0.21452832284036094
0.2890528071911193,0.13698026409411185,0.15207254309700746
-0.9157025884404411,-0.6815863871669241,0.23411620127351696
-0.8889884837345012,-0.6396658755364889,0.24932260819801233
0.247374343390594,0.11862274549175265,0.12875159789884133
-0.9279694809815479,-0.7319108447421818,0.19605863623936604
0.9158237848548964,0.6945751367467532,0.22124864810814315
-0.8302046599566244,-0.5997956767573114,0.23040898319931302
0.014635361617882894,0.10298584050778742,0.08835047888990452
0.8937367047289613,0.711095176902952,0.1826415278260093
-0.5769904084807485,-0.37927185562842614,0.19771855285232232
0.8608202198575361,0.6285695239138563,0.23225069594367975
0.6010957505108212,0.28653649292149097,0.31455925758933023
-0.6300279271299405,-0.42587869917502397,0.20414922795491652
-0.6863849511983026,-0.59652152463541,0.08986342656289259
0.20713175530627817,-0.05144987921999193,0.2585816345262701
0.8440782030513186,0.6165748569138709,0.22750334613744772
-0.7133507416562583,-0.6121974687911548,0.10115327286510356
0.9197085295064652,0.6850622277490233,0.23464630175744194
0.5762698110797104,0.3742417020188337,0.2020281090608767
0.3333254186918143,0.12361892605119311,0.2097064926406212
-0.052443492221866256,-0.12128634228092249,0.06884285005905623
-0.9377805285819093,-0.7232334109031349,0.21454711767877443
-0.09808263032338246,0.09282105472843145,0.19090368505181393
-0.9333624663320932,-0.6892695555896238,0.24409291074246942
0.7054157085926148,0.6057055370298287,0.09971017156278617
-0.23275374802465026,-0.09384900518367266,0.1389047428409776
0.1150069461662733,-0.01954221861563322,0.1345491647819065
0.6905470074071663,0.5996810080976702,0.09086599930949613
0.48681800740434733,0.43731413610280423,0.0495038713015431
0.9443771883941028,0.7168928801226657,0.22748430827143706
0.1703502616349989,0.42178735404198825,0.25143709240698936
-0.5619834607110781,-0.507585169364236,0.05439829134684204
-0.6854473310203799,-0.5928684810322558,0.09257884998812416
0.8299797279558396,0.6690963358330525,0.16088339212278713
-0.879711684512506,-0.7632910665301216,0.11642061798238446
0.9451623427437377,0.7069510871156439,0.23821125562809375
0.8561199898746401,0.6275777510743418,0.22854223880029834
-0.907411454419567,-0.6837546031002784,0.2236568513192887
-0.7530973843068567,-0.6766754873902346,0.07642189691662205
-0.3671416771077495,-0.37077504823194907,0.0036333711241995914
0.9004540150145129,0.676203650784791,0.2242503642297219
-0.830774415512299,-0.5990861039198468,0.23168831159245218
-0.91823681820808,-0.6871741314042765,0.23106268680380349
-0.9280430203883391,-0.8219777234596886,0.10606529692865052
0.2655792709165476,0.28429267490653415,0.018713403989986555
0.3563206392485493,0.1901657568254422,0.16615488242310708
-0.6371840093517055,-0.5546343578311717,0.08254965152053384
0.8279489236598101,0.5382482298702816,0.28970069378952845
0.9770120204237038,0.8147384487744906,0.1622735716492132
0.23327325503793547,0.09690941276696424,0.13636384227097123
0.0937196270022772,0.1969057770408777,0.10318615003860049
-0.8062419318671344,-0.5795812355457117,0.22666069632142272
-0.3019346783710518,-0.3187052216980607,0.01677054332700889
-0.32818068155009705,-0.1580424008071922,0.17013828074290485
-0.25174381870587886,-0.09923412205869094,0.15250969664718794
0.6336684399833138,0.5699347369828256,0.0637337030004882
-0.6915038455167788,-0.4696962725278829,0.22180757298889592
-0.9479747067265195,-0.7408622150770677,0.20711249164945178
0.9480595511568851,0.7349357687486803,0.21312378240820484
0.938089907605842,0.7156143636230787,0.22247554398276326
-0.19752158626132357,-0.0750638941218926,0.12245769213943097
0.9255787163932448,0.7023219566521567,0.22325675974108816
-0.49523897144509144,-0.44971249533187213,0.045526476113219305
0.662253559999727,0.45176123406857066,0.21049232593115635
0.8775332590176136,0.6439129607506034,0.23362029826701014
-0.8875648214273762,-0.7049983130742621,0.18256650835311417
0.35473325871069644,0.13381024417106707,0.22092301453962937
0.1299201440512139,0.1897294581774812,0.05980931412626728
0.8970349741552506,0.6670334375859504,0.23000153656930022
-0.6506047009925795,-0.44682568580441023,0.20377901518816927
0.9552318442747704,0.7962641660676908,0.15896767820707958
0.08647880326518174,-0.018524111306840337,0.10500291457202209
0.9052008747300345,0.7197622090901612,0.18543866563987332
-0.4185647192322407,-0.41447873871177465,0.004085980520466048
-0.4986437437375504,-0.4663056837393876,0.032338059998162805
0.7476950487788557,0.6310492069326541,0.11664584184620164
-0.9292406554835175,-0.697893074416822,0.2313475810666955
0.45424831471859956,0.2649078634034355,0.18934045131516408
0.8198569831363962,0.5358247177826555,0.2840322653537407
-0.9184292021030906,-0.7219971525513387,0.19643204955175197
0.9128055571561903,0.6951364996198416,0.2176690575363487
-0.7811642040339096,-0.5599315907470039,0.2212326132869057
-0.128325399411397,-0.02605575586905023,0.10226964354234677
-0.3922457243299275,-0.3748920458954233,0.017353678434504194
-0.9392343479969609,-0.7366393296606574,0.20259501833630356
0.675867410632074,0.4638305676712213,0.21203684296085268
-0.9291790469499273,-0.703173186277994,0.2260058606719333
-0.7117705954393343,-0.7344886633815777,0.022718067942243403
-0.5748674548281998,-0.36720542841808523,0.20766202641011455
-0.6359315552374526,-0.39729204532772405,0.23863950990972854
0.9480271649108604,0.7367773621393366,0.21124980277152372
-0.7489563156443078,-0.7250131909878285,0.023943124656479298
0.9424954754029379,0.7308466217136542,0.21164885368928366
-0.6345030622108562,-0.5611328724683209,0.07337018974253529
0.7502693469931395,0.5299167805031562,0.22035256648998336
0.9481255495186607,0.7340250266887659,0.21410052282989478
0.8323075315405452,0.676053070469459,0.1562544610710862
0.6800231308922442,0.5622773162270601,0.11774581466518408
-0.9746485814692969,-0.8206679669669297,0.15398061450236722
0.3219279288551509,0.32992688069788534,0.007998951842734414
-0.18274204841597905,-0.056428991886786246,0.1263130565291928
0.8710687242358558,0.6519024883433292,0.2191662358925266
-0.8405173785844741,-0.685874610225159,0.154642768359315
0.3786895107933281,0.5759864051523584,0.19729689435903036
-0.42339951126453035,-0.485538742008725,0.06213923074419464
0.3839601678992912,0.3720844532391861,0.011875714660105119
0.9390601036104963,0.7163008889364286,0.22275921467406767
0.8821940992532955,0.7171672125838652,0.16502688666943033
-0.12761085081684895,-0.1890326744174194,0.06142182360057044
-0.2519266705241888,-0.07494924437666702,0.17697742614752182
0.9253435549692162,0.7424096795590558,0.18293387541016037
0.8773521809546854,0.6385383178326169,0.23881386312206843
0.06560261932166644,-0.09030784275767761,0.15591046207934406
0.8716437947973301,0.7109783448122339,0.16066544998509624
0.9276262345290686,0.7346349870889434,0.1929912474401252
0.8161322715123812,0.5924435225804419,0.22368874893193935
-0.6112407703720495,-0.40807472295042724,0.20316604742162225
-0.9462762470774091,-0.7240412676059004,0.22223497947150872
-0.956115917914666,-0.7819804187034134,0.1741354992112526
0.43852051948773607,0.42232359818674,0.016196921300996092
-0.7353782433367775,-0.5065745145751959,0.22880372876158162
-0.9201471646067896,-0.6907069591306088,0.22944020547618083
-0.6604515892216647,-0.4436374526528426,0.2168141365688221
-0.8640500028286014,-0.6299183325128981,0.23413167031570337
0.7868580288304825,0.554581032362029,0.23227699646845346
-0.9344525372860603,-0.7082851850867037,0.22616735219935657
-0.9039039701279066,-0.7005656272887385,0.20333834283916807
-0.9427029984319427,-0.716910126097078,0.22579287233486467
-0.7858714356867833,-0.6506795596814815,0.1351918760053018
0.7908045620359221,0.721402808242161,0.06940175379376112
0.763120156698485,0.5333423635275983,0.22977779317088665
0.679461479802313,0.4680589959672569,0.21140248383505605
0.6901771414231263,0.47121095742705355,0.2189661839960727
0.9276785227459803,0.6917024904315417,0.23597603231443853
-0.33311250454817404,-0.3416820184925777,0.00856951394440364
0.6902378737294507,0.5840115530222535,0.10622632070719717
0.5357037477861016,0.6807953728024552,0.14509162501635353
-0.9241922950763513,-0.7057933702013266,0.21839892487502466
-0.26331387556507657,-0.12091296650608292,0.14240090905899366
0.9322909597012282,0.7613824776582936,0.17090848204293463
-0.9419176186115487,-0.7140638098069322,0.22785380880461648
0.47350420041670105,0.4676291969352801,0.005875003481420948
0.4344619477050576,0.4281091571806094,0.006352790524448204
0.8844816455243749,0.7079031275450175,0.17657851797935742
-0.5405405901508833,-0.4918991403961707,0.048641449754712573
0.038454850124435926,0.10018686704529672,0.0617320169208608
0.9438590517972739,0.7353557281775605,0.20850332361971347
0.9713044287691482,0.7864024871929652,0.184901941576183
0.5171320824966905,0.3212535057744535,0.19587857672223702
0.7779921623440237,0.6509891849141212,0.12700297742990252
-0.3802561617911972,-0.5388075709749097,0.15855140918371252
-0.7698528094736452,-0.5488112847596557,0.22104152471398952
-0.9429407578783029,-0.7209376578329267,0.22200310004537616
0.9463490535377741,0.7479477901652863,0.19840126337248776
-0.8178407873275801,-0.5992387488614415,0.21860203846613868
-0.530008918234333,-0.3387674392997787,0.19124147893455434
0.2743527694239178,-0.07848957260123315,0.35284234202515097
-0.49750071038261384,-0.2980985245581094,0.19940218582450442
-0.9201940008549312,-0.733968346879384,0.18622565397554725
-0.272509425326149,-0.1198100891280064,0.15269933619814263
0.8923457377467615,0.7154370677566746,0.17690866999008692
-0.6452495201592838,-0.44242972358841,0.20281979657087384
-0.8269316469388668,-0.542769140105395,0.2841625068334718
-0.36991132107838137,-0.3775506130841725,0.0076392920057911096
0.05690603364981046,0.12507043735306422,0.06816440370325377
0.890334702655647,0.5602664532300917,0.33006824942555524
-0.11596040451498145,-0.16174161877572446,0.04578121426074301
0.6337453196188335,0.5596272345706834,0.0741180850481501
0.35333629140048145,0.07746338242530346,0.275872908975178
0.5629287550122878,0.5071610830460733,0.05576767196621446
-0.5182876120412672,-0.2643098528674892,0.25397775917377796
-0.3609516831047595,-0.16910498798842116,0.19184669511633834
0.8860825911938423,0.7131081873391973,0.1729744038546449
-0.7628730761965588,-0.5357227953896907,0.22715028080686805
0.19787405184478404,0.24217438261662505,0.04430033077184101
0.3927034368504318,0.38958024802573155,0.0031231888247002515
-0.19361786619559987,0.09606196169353931,0.28967982788913915
0.4001150442164364,0.10574959474152491,0.2943654494749115
-0.0490133846470204,-0.12092947653620033,0.07191609188917993
-0.3734440913445219,-0.3622250241164475,0.011219067228074364
0.029787763896980703,0.17246303181815895,0.14267526792117824
0.8875033544696554,0.6504642603982006,0.23703909407145485
-0.6996042935385159,-0.4780607555226633,0.22154353801585264
-0.9458162405162311,-0.7834106517818282,0.16240558873440292
-0.7023703733708756,-0.6059691728424138,0.0964012005284618
0.8953154603238236,0.716990798440536,0.17832466188328755
-0.9184440287516382,-0.6966623593719075,0.22178166937973076
-0.17161715503692868,-0.2180478380758179,0.046430683038889226
0.707865435993511,0.7282343911901773,0.02036895519666626
-0.48587054368897836,-0.3116813355444469,0.17418920814453148
0.8191126424388723,0.6727202631516723,0.14639237928719995
0.7027085798621732,0.39697027767809884,0.30573830218407433
0.12207097035429891,0.18331591693857863,0.061244946584279716
0.5021964977532328,0.3186556758818903,0.18354082187134252
-0.09365571052940534,-0.1511341628214177,0.05747845229201236
0.13039420311479463,0.24407235591637533,0.1136781528015807
-0.9446456321097425,-0.7240198092162539,0.22062582289348864
-0.7071299799010409,-0.5942524833349803,0.11287749656606061
-0.6638078351050637,-0.45086492988823207,0.21294290521683162
-0.948313986547603,-0.7268048342780052,0.22150915226959778
0.4484526209787421,0.4214870845938939,0.02696553638484822
-0.9106620168983328,-0.6927542933838029,0.21790772351452992
-0.8244240338229819,-0.6683536181664075,0.15607041565657442
0.315256109651059,0.03432209953408644,0.28093401011697255
-0.8641311169732183,-0.6334229158123785,0.2307082011608398
-0.29558753535496574,-0.01775763006935808,0.27782990528560764
0.3800449583603465,0.21600420347072166,0.16404075488962486
-0.05290538466110923,-0.12913814772560755,0.07623276306449833
-0.010200704374943931,-0.1359932005099286,0.12579249613498467
-0.3344294117371856,-0.3373564363232021,0.0029270245860165134
-0.8226619275820449,-0.7435455787075862,0.07911634887445873
0.7365133164089546,0.5213147717754026,0.21519854463355192
0.7811540989515932,0.6530957475187731,0.12805835143282007
-0.3081969978520121,-0.15564834230807245,0.15254865554393965
-0.4399095208446916,-0.2221037497324446,0.217805771112247
0.9210787944494485,0.6596578245416622,0.2614209699077863
-0.7743057985001571,-0.5466301821917433,0.22767561630841382
-0.7788221244158203,-0.5585050146471698,0.2203171097686505
-0.037990681014407314,0.13815847479631593,0.17614915581072324
-0.8877742364243866,-0.6634935338901434,0.22428070253424315
-0.9426753755485408,-0.7209341760652531,0.22174119948328763
0.4854307201000678,0.3019047502382454,0.1835259698618224
-0.26585931066243085,-0.28683199460316366,0.020972683940732817
-0.7003707701550358,-0.6058987802657874,0.09447198988924843
0.946360421279987,0.7237758237617339,0.2225845975182531
-0.9447764145970001,-0.7312092405758863,0.2135671740211138
0.6493018236176225,0.4424475018512259,0.20685432176639656
0.7836892229164764,0.64967020375224,0.1340190191642363
-0.9542809370192425,-0.7271800264820057,0.2271009105372368
-0.07040457877000302,0.15675081621819104,0.22715539498819404
0.2850378764393485,0.3105271363927966,0.025489259953448085
0.7500482982843638,0.5236920631898573,0.22635623509450653
0.9439831690148901,0.7844430539279451,0.159540115086945
0.864077323269199,0.6249407402566666,0.23913658301253238
-0.7460303733520656,-0.6262881467974014,0.11974222655466416
0.3767421095291106,0.37113764684826467,0.005604462680845912
-0.7818170596494863,-0.5556317295451363,0.22618533010435005
-0.8226239096661657,-0.6446505217022144,0.17797338796395135
0.8898493950894405,0.7522070781161241,0.13764231697331641
-0.9422976852809977,-0.7146757033186883,0.22762198196230932
0.834332948903917,0.6786442712224519,0.1556886776814651
0.947358676253777,0.7832141525442441,0.16414452370953292
0.9219914006669923,0.7325422312736173,0.18944916939337497
-0.08375366893082802,0.01543034186728875,0.09918401079811677
0.6049465814943821,0.5270755276171235,0.07787105387725857
-0.7761105664142911,-0.649498660884524,0.1266119055297671
0.41495193623444687,0.24752110671587546,0.1674308295185714
0.21715504297430857,0.08627604934324207,0.1308789936310665
0.9140469682871187,0.6876859689264062,0.22636099936071252
0.7895272303675748,0.5609079026671264,0.22861932770044835
0.3153639506112726,-0.00010164317006092498,0.31546559378133354
-0.3609377759041014,-0.17979700572610594,0.18114077017799549
-0.8673185233094901,-0.6061648723001059,0.26115365100938426
-0.7973449333383609,-0.6694278458198045,0.12791708751855635
-0.31150629577123956,-0.12159231944643763,0.18991397632480195
-0.5622248178333679,-0.5044849998911989,0.05773981794216898
0.8285529356351796,0.6746735606938838,0.15387937494129578
-0.6014024994437608,-0.4111377853528098,0.19026471409095097
-0.5780211741511035,-0.3746211463490754,0.20340002780202815
-0.029839839008409502,-0.16468475660051782,0.13484491759210832
-0.4954633819407737,-0.30823483810615426,0.18722854383461945
0.18330336467232283,0.06507545323373484,0.11822791143858799
0.9187580624096905,0.7015607830097855,0.21719727939990496
-0.9433660607429469,-0.7214780306712564,0.22188803007169056
0.8975908871694275,0.6495487941054193,0.24804209306400815
-0.3973168956355766,-0.3830240895622177,0.014292806073358921
0.7800115601758968,0.5639512438349522,0.21606031634094458
0.941695034775704,0.7109505222284696,0.2307445125472345
0.3210419705213166,0.32761930415837076,0.00657733363705415
0.9310845315314241,0.7396732724092699,0.19141125912215418
-0.90821231523391,-0.7248342773637062,0.1833780378702038
-0.4266283431156187,-0.4122964773333918,0.014331865782226894
0.7604668554313946,0.5439982261356342,0.21646862929576038
-0.5260489763708247,-0.48496773260435877,0.041081243766465936
-0.9457839012540812,-0.7436518778439916,0.20213202341008962
-0.04570841238897214,-0.12056261767475215,0.07485420528578002
0.4713589353315614,0.4536285880475366,0.01773034728402484
0.5149856267455645,0.4668301990679862,0.0481554276775783
0.8456730280429672,0.6865113822325036,0.15916164581046355
-0.02670411619506486,0.10710777570165099,0.13381189189671586
-0.622308113148561,-0.2447078029729373,0.3776003101756238
0.5888171979001998,0.3803144014866726,0.2085027964135272
-0.39668842976608787,-0.4619548613748663,0.06526643160877843
0.5818128174475243,0.37325967314659436,0.20855314430092997
0.7984398451469814,0.6666347352712231,0.13180510987575833
0.0017258497600187244,-0.08503432252610935,0.08676017228612808
-0.8288997516686762,-0.5965289799933309,0.23237077167534537
-0.4352753672192251,-0.2640751276154741,0.17120023960375103
-0.8517534951040163,-0.6204022534178303,0.23135124168618604
-0.6017436685482522,-0.3977034051115614,0.20404026343669085
-0.5341439530028943,-0.4688146211215846,0.06532933188130968
-0.8699914673547582,-0.6195047574273849,0.2504867099273733
0.8664743391474534,0.6990836283662387,0.1673907107812147
-0.23173868177135556,-0.2508808929601015,0.019142211188745956
0.8334614227369359,0.6900214746114147,0.1434399481255212
-0.9036607199691195,-0.7149192897267513,0.1887414302423681
0.5712840661127934,0.5141752020024496,0.05710886411034377
-0.39099722363142136,-0.6242768100293289,0.23327958639790752
-0.1897101022703275,-0.003656728208658539,0.18605337406166897
-0.9559373905815778,-0.7325158049150575,0.22342158566652026
-0.40183869325253635,-0.39801036187036204,0.0038283313821743103
-0.7680218977205558,-0.5478674283299865,0.22015446939056937
0.8545781579946456,0.6180864538333106,0.23649170416133503
-0.8432679630184373,-0.6790568925317549,0.16421107048668238
-0.33321441191922485,-0.16920440266046338,0.16401000925876147
-0.3038360220942103,-0.3299718281367619,0.026135806042551613
0.9491143521080762,0.8045787522326671,0.1445355998754091
-0.1794413003538162,-0.0631477760885047,0.11629352426531149
0.5886188043425263,0.37397237669619493,0.2146464276463314
-0.41225887353086466,-0.38537632556937046,0.026882547961494196
0.49512555157660465,0.30140309983866415,0.1937224517379405
0.18303866988008952,-0.037946705994304684,0.2209853758743942
-0.6129570398200181,-0.5273712625617373,0.08558577725828087
0.44959356038781595,0.27467244179362904,0.1749211185941869
-0.5587234667945452,-0.27539084138484704,0.28333262540969817
0.026849821380377767,0.12975303731506566,0.10290321593468789
0.14588953249769934,0.1975405642239025,0.05165103172620317
-0.6981886993979061,-0.4607379945648285,0.23745070483307756
0.7219519952396855,0.6161236904938191,0.10582830474586635
-0.9329208490867688,-0.7367920679493014,0.19612878113746735
0.8440248623972509,0.5567250137832483,0.2872998486140026
0.9204076560055606,0.6948971075648669,0.22551054844069374
-0.8985238471707607,-0.6680041663296844,0.23051968084107632
-0.5855120203618799,-0.5250803976682954,0.060431622693584486
-0.8056272055616267,-0.5859245200869354,0.2197026854746913
0.04397152751674507,0.31499898025661843,0.2710274527398734
-0.6590610431259413,-0.5740578137729859,0.08500322935295535
0.684223491930448,0.4735022780769823,0.21072121385346565
0.3375459792042027,0.34422039838471197,0.006674419180509261
0.0775804072598936,-0.1700046345080032,0.2475850417678968
-0.7786505100381825,-0.5522246228482918,0.22642588718989076
-0.0641415235228711,-0.13790086920321457,0.07375934568034347
0.7169337235476303,0.615158054432309,0.10177566911532132
0.5009063409697454,0.45123523250161457,0.04967110846813083
0.9462790200652896,0.7486649759369272,0.19761404412836248
0.7278702929966906,0.5144805379801235,0.2133897550165671
-0.9292911685941033,-0.7093462264755456,0.21994494211855775
0.661604265725507,0.5736314321376041,0.08797283358790287
0.6512979471379267,0.35403723236946366,0.297260714768463
0.2841488402637514,0.07392384157683735,0.21022499868691408
-0.9698381510177511,-0.7817577375955438,0.18808041342220727
-0.24795448656798355,-0.28083698516001765,0.0328824985920341
0.9025768611308274,0.7837162415385419,0.11886061959228544
0.4855645454247327,0.4473493279367019,0.038215217488030806
0.7548308445502548,0.5333776174706818,0.22145322707957305
-0.6190728949481709,-0.5395637893457316,0.07950910560243929
0.22139136139018212,0.38264449519195565,0.16125313380177353
0.37603489177733435,0.3768124505536618,0.0007775587763274583
-0.12577742241639553,-0.021864455171089456,0.10391296724530608
-0.5639088347547417,-0.6854526686911059,0.12154383393636414
0.7914960358511813,0.6619559242878864,0.12954011156329492
-0.8943942466934981,-0.6580788584924149,0.23631538820108322
-0.45623007979831354,-0.27184140577464005,0.18438867402367348
-0.3103052226989614,-0.3364033271789445,0.02609810447998312
0.31107813240921217,0.08725891689862618,0.22381921551058598
0.8083371617914148,0.6725093668526181,0.1358277949387967
0.21128525409992976,0.08098778231468716,0.1302974717852426
0.4397955421800606,0.4262942240103768,0.013501318169683807
0.0066710383912159206,0.08147900460075795,0.07480796620954203
0.5608720057530295,0.3097785984980651,0.25109340725496443
0.9053129632831737,0.6899515275020519,0.21536143578112177
0.3050355258415418,0.154674341699414,0.15036118414212782
0.9212718259584436,0.7282100881049228,0.19306173785352077
-0.7942528010031759,-0.46788269294587376,0.3263701080573021
0.3843968545544136,0.2228384359589369,0.16155841859547668
0.13683079412530724,0.2957022862518794,0.15887149212657214
0.9673120858882027,0.7760113294671884,0.1913007564210143
0.9645021979228205,0.7849550688699044,0.17954712905291614
0.17026788591468822,0.048098499250958854,0.12216938666372937
0.28887776428104395,0.11637868688791154,0.17249907739313242
-0.9357180602801891,-0.7187417546345259,0.21697630564566317
-0.8223826847002506,-0.5966198098163942,0.22576287488385638
-0.804642240646099,-0.6600778057680489,0.14456443487805015
0.9407004677666179,0.7311753601028658,0.2095251076637521
0.686361933531174,0.4672445845947825,0.2191173489363915
0.9484595024725663,0.7391666563846833,0.209292846087883
0.2689615071803612,0.2901460626147995,0.021184555434438312
0.7827479717841277,0.4625880779345466,0.3201598938495811
0.3907794810511906,0.37054441513080105,0.02023506592038954
0.6573108028417886,0.4486089824226957,0.20870182041909285
-0.8702493639449639,-0.6989091733184885,0.17134019062647543
0.24569749674051772,-0.07545690524331408,0.3211544019838318
-0.0027736923024409455,0.16667615402714628,0.16944984632958723
-0.17549170615099186,-0.2189982463958897,0.043506540244897834
0.9193771991410427,0.6839653417474474,0.23541185739359527
0.24152885747013866,0.5038975500011091,0.2623686925309705
0.6824685682937366,0.5798662092764281,0.10260235901730852
-0.45426889960452344,-0.4251335129539458,0.029135386650577633
-0.5851023483483995,-0.3828382573430122,0.20226409100538728
0.8078402715538266,0.5852683338174445,0.22257193773638217
-0.3332684427839923,-0.1728078121087572,0.1604606306752351
-0.9391036960653596,-0.8066019557385464,0.13250174032681317
0.4525830487318559,0.26665175499555543,0.18593129373630046
0.7439525434578518,0.5210999820295981,0.22285256142825371
-0.5134657662974874,-0.33038366927366464,0.18308209702382278
0.9779336026204295,0.8201964004549636,0.15773720216546594
0.12168486844657697,0.007951017324378631,0.11373385112219835
0.5275227263114006,0.3303415438978945,0.19718118241350613
0.9171443553437963,0.7372685932530191,0.17987576209077727
-0.7828224938195825,-0.5495962082891339,0.23322628553044855
0.26128698512981946,0.28815881787229153,0.026871832742472068
-0.27402102535223666,-0.05705559245219328,0.2169654329000434
-0.7545806661680312,-0.5332351946813465,0.2213454714866847
0.20991817776219845,0.28567776855126253,0.07575959078906408
0.47599860847863273,0.2857388218269126,0.1902597866517201
0.553948837284015,0.3575147862182722,0.1964340510657428
-0.9474877585738508,-0.7245381434979045,0.22294961507594635
0.7301230617500916,0.4814464638601077,0.24867659788998386
0.9358659783687516,0.7309163405925386,0.204949637776213
0.5356893273339328,0.3410754820751579,0.1946138452587749
0.8327215550314965,0.6018445349192049,0.2308770201122916
-0.9291473298462549,-0.7358326571590846,0.19331467268717029
-0.2047963125750148,-0.461532829016814,0.2567365164417992
-0.6804674059520079,-0.4704068295038691,0.21006057644813886
-0.5434026827814595,-0.34787744098978346,0.19552524179167607
0.12876857298823782,0.20097360332787045,0.07220503033963263
-0.7334918683056351,-0.6219669006615832,0.11152496764405184
-0.8876981804463755,-0.6556981401181905,0.232000040328185
-0.8181420763506134,-0.5854460099628986,0.23269606638771478
-0.5265695082873943,-0.33914791626747465,0.1874215920199197
0.1446228483712868,-0.10031572790112477,0.24493857627241156
0.5499893741257758,0.49859350847363143,0.051395865652144324
-0.7389668471348658,-0.5194340929538616,0.21953275418100426
0.8098826627878464,0.5873340272363917,0.22254863555145465
0.9106240201208905,0.6730072626530259,0.2376167574678646
-0.6014210612443233,-0.3935543755128421,0.20786668573148115
0.9249267216031118,0.7387368587591502,0.18618986284396166
0.9348093405302021,0.7368109853191205,0.19799835521108167
0.07918211732410828,0.21093042262081804,0.13174830529670978
0.8256470321270895,0.5940053045260306,0.23164172760105883
0.9459529516267681,0.7383149720363011,0.20763797959046693
-0.7085784285862696,-0.48743426740888984,0.22114416117737978
0.9516315339845643,0.6852174709889064,0.26641406299565795
-0.8840247993671749,-0.7091628707090648,0.17486192865811012
-0.19393977538460855,-0.045593633120338956,0.1483461422642696
-0.8410320530122042,-0.690490693384758,0.1505413596274462
0.8622709028934117,0.5482870080285804,0.31398389486483125
0.849197136981063,0.6882740551876141,0.16092308179344894
0.5199500720188731,0.5015391763616162,0.018410895657256954
0.115555784115124,0.0038974885041791973,0.1116582956109448
0.7701993872442982,0.648766950474662,0.12143243676963611
0.5305569818456579,0.7095221402528368,0.17896515840717886
-0.8967750282691789,-0.6347533949504354,0.2620216333187435
0.9066831057810155,0.6703235320356594,0.2363595737453561
0.850959010993327,0.6840902262426913,0.1668687847506357
-0.926690334404249,-0.7380747728461572,0.18861556155809178
-0.8683070900625646,-0.6343194840076546,0.23398760605490998
0.48235938312307475,0.2909052977998738,0.19145408532320096
-0.7863238923980742,-0.5617909189456096,0.2245329734524646
-0.12169401124787275,0.20691479098481771,0.32860880223269046
0.1887879233005599,0.04714270438315518,0.14164521891740472
0.6447665482455063,0.5656235408289366,0.07914300741656966
-0.5366059074204008,-0.4708539877460883,0.06575191967431254
-0.6853558392611495,-0.5919543966858979,0.09340144257525163
-0.38034939920611827,-0.4125358423910389,0.03218644318492064
0.9438944052613498,0.7197163223530403,0.22417808290830954
0.0010273821879923583,-0.08240991057864554,0.0834372927666379
-0.5546631151516956,-0.4958898292428125,0.058773285908883144
-0.8355206388060548,-0.6038705186960309,0.23165012011002384
0.4537297998369567,0.27651864149733274,0.17721115833962398
-0.7321888068073579,-0.6315951950590264,0.10059361174833148
-0.401487511725673,-0.23126842006146128,0.1702190916642117
-0.781709392357616,-0.6477081418880923,0.13400125046952371
-0.8744942078503983,-0.649595306127533,0.2248989017228653
0.35735654691344004,0.1903360049842358,0.16702054192920424
-0.898132672695682,-0.6783712813011606,0.21976139139452133
-0.7931062671155703,-0.5707388485132834,0.22236741860228693
-0.7632599963724817,-0.5454753448613674,0.21778465151111426
-0.8328005163860295,-0.7433932687275546,0.08940724765847485
0.5331219954328843,0.6348908525790904,0.1017688571462061
0.7958492831278285,0.6468642476755642,0.14898503545226438
-0.38826340061388426,-0.3768107062910713,0.011452694322812984
0.8596981432633242,0.7024030177568338,0.15729512550649039
0.5264609564691987,0.47406548751113925,0.05239546895805941
-0.900294174879201,-0.723718608713401,0.17657556616580006
0.9320632823734752,0.7069217346730455,0.2251415477004297
-0.8362193775084285,-0.6097515233214966,0.22646785418693183
-0.7235075125177322,-0.6141458799642106,0.1093616325535216
0.49394370211022876,0.45355122572764117,0.04039247638258758
0.9415252164349533,0.7374832343561449,0.20404198207880841
0.770641510454583,0.5427405637890971,0.22790094666548588
0.09383958954037616,0.15809598644461315,0.06425639690423698
-0.951369820374091,-0.7210376767042964,0.2303321436697946
-0.3144905045218502,-0.3203807050660391,0.005890200544188928
0.9101204716245184,0.7248044224228557,0.18531604920166267
0.4210087894747694,0.3941423462948052,0.026866443179964172
-0.3414266651154518,-0.18906502430946062,0.15236164080599116
-0.26625850446445887,-0.2950975256827055,0.028839021218246608
0.7094166120418698,0.5939427961580979,0.11547381588377192
0.13428984617014103,0.19036165133205543,0.0560718051619144
-0.3787206138887581,-0.5605338001125413,0.18181318622378317
-0.31203061615876193,-0.3260084323295874,0.013977816170825497
-0.1327755992072715,-0.008251009683138017,0.12452458952413348
-0.7812981733681295,-0.5626434327692171,0.21865474059891232
0.06936699491394752,-0.022720208355046526,0.09208720326899404
-0.8912651749131486,-0.7665071690061394,0.12475800590700925
0.6607115774722057,0.33426502974080774,0.3264465477313979
0.7130742502626227,0.49643414970837274,0.21664010055424998
-0.508731623039658,-0.31083333415739717,0.19789828888226085
0.7649416391567941,0.6387697690047044,0.12617187015208975
-0.4594320803739272,-0.4504616360397811,0.008970444334146066
0.9546997228090282,0.758509710290046,0.19619001251898216
0.8035024504155046,0.5674781978564528,0.2360242525590518
0.5066462455313441,0.47496530995717723,0.031680935574166846
0.9174195161442608,0.783443371252182,0.13397614489207876
0.4869207720888134,0.3034168822564802,0.18350388983233318
0.9541190598347973,0.8099931806895793,0.14412587914521802
0.4665215757937665,0.275964390066534,0.19055718572723251
0.5251745201068021,0.32937855563563134,0.19579596447117076
-0.45491370164228745,-0.5121778073994114,0.057264105757123984
0.9313376115630599,0.7346329592408829,0.19670465232217704
0.4056674591612092,0.2387509812336497,0.1669164779275595
0.09882182836313003,-0.04513705807277738,0.1439588864359074
0.6939371551025765,0.4744858844876831,0.2194512706148934
-0.9281015389229073,-0.637450882026328,0.2906506568965792
-0.5839300963182033,-0.5177669656490429,0.06616313066916035
-0.8767908301791284,-0.6491926053742818,0.2275982248048466
0.618485308943374,0.2975898602368417,0.32089544870653225
0.5521424733565201,0.36293339142249353,0.18920908193402658
-0.9042403420552251,-0.73219602584435,0.17204431621087513
0.3776003506355376,0.21758272846657953,0.16001762216895807
0.5354237229201133,0.49070562230676196,0.04471810061335135
0.7809213050957057,0.6357346336043409,0.14518667149136477
-0.46822141374783616,-0.17399500757226818,0.29422640617556794
0.0662460684809039,0.1302426830049601,0.06399661452405621
-0.08298739940374437,0.021154277572252297,0.10414167697599667
0.8519024848843098,0.7440024387140421,0.1079000461702676
-0.9252174576413171,-0.6457457652712082,0.27947169237010894
0.4460254433810588,0.2779195497233549,0.1681058936577039
0.6423162963228929,0.4359943817391429,0.20632191458375
0.4844400267643243,0.43588573396684877,0.04855429279747553
0.42737250243317004,0.41685684510105775,0.010515657332112294
-0.9382354188614227,-0.718890216532988,0.21934520232843469
0.7314305417997885,0.5138456765155468,0.2175848652842417
0.7667422210642186,0.5410357469884499,0.22570647407576871
-0.7010053193808777,-0.6071637252395026,0.09384159414137516
-0.9387084342935098,-0.7385447288851681,0.20016370540834172
0.7011198846151855,0.6051019497181404,0.09601793489704513
-0.441608380017304,-0.4144964978378999,0.027111882179404134
0.6290233758643422,0.41355841597881854,0.21546495988552367
0.21994135112107732,0.2459158232771295,0.02597447215605217
-0.8417901835622905,-0.6881189466578654,0.15367123690442508
-0.41046331013279364,-0.23852093251085815,0.17194237762193548
-0.019070648622349404,0.20637140181863517,0.2254420504409846
-0.7254148723379205,-0.3641208298829703,0.36129404245495017
0.5375549711273988,0.4901374313019758,0.047417539825423016
0.9371426327621781,0.7337813530014513,0.20336127976072682
-0.2377871462695266,-0.27756994993950546,0.039782803669978856
0.12360204670422373,0.0141158592069665,0.10948618749725723
0.8224033888270442,0.5884388806578363,0.23396450816920789
0.6888854137849212,0.37398925432253305,0.31489615946238814
0.6650876914998579,0.4619482165449585,0.20313947495489942
0.613845200907386,0.406506792164303,0.207338408743083
0.5149347058872327,0.47138726013263077,0.0435474457546019
-0.7540876467540376,-0.6348267964445058,0.11926085030953182
0.9471705024567629,0.7356260535559885,0.2115444489007744
0.9695709254019083,0.8158657540368965,0.15370517136501172
0.9478300570305856,0.7499996109283855,0.19783044610220013
0.84319382409466,0.5016862768366621,0.3415075472579979
0.0872993532770614,-0.01832297694046255,0.10562233021752394
0.14201000788172205,0.021406249657175722,0.12060375822454633
-0.09276499929539749,0.14140030037534798,0.23416529967074545
-0.39248254818784556,-0.3861542781183273,0.006328270069518249
0.8839940248625935,0.6530296771648584,0.2309643476977351
0.5289093779140527,0.34879048840357135,0.18011888951048133
-0.7307916226250679,-0.6190273744153831,0.11176424820968478
0.09419557679750845,-0.07451230406172125,0.16870788085922972
0.2918431732525469,0.14350755255655331,0.14833562069599357
-0.3094546935652154,-0.3184197398418094,0.008965046276594002
-0.8706807320134259,-0.7025726338481784,0.16810809816524752
-0.3013186762341365,0.021817013512660816,0.3231356897467973
0.7467014104375926,0.6280332796533891,0.11866813078420357
0.642069557126795,0.563618854852227,0.07845070227456807
-0.829996827168989,-0.5971962023055565,0.23280062486343256
0.6910013266847009,0.4625461058756129,0.22845522080908803
0.01333641098376731,0.16337513805172924,0.15003872706796192
-0.9292532234326037,-0.7596172481993068,0.169635975233297
-0.5693634810721749,-0.36827495844947095,0.201088522622704
-0.8202517809765573,-0.6007772289329131,0.2194745520436442
0.9193871243823205,0.7389640562578152,0.18042306812450526
-0.9313211007114721,-0.7410478477738968,0.19027325293757535
0.40620723711338313,0.39158267336440744,0.014624563748975694
-0.9457339459535397,-0.7316811010487315,0.21405284490480814
-0.9478204566650197,-0.833355901624401,0.1144645550406187
-0.8742119771091222,-0.7594386957102502,0.114773281398872
-0.8332139770932911,-0.6033503346019233,0.22986364249136781
0.12906250028423225,0.011332158218625911,0.11773034206560634
0.5167002912192701,0.2102726543753812,0.30642763684388885
-0.8751326309254989,-0.6390768998213002,0.23605573110419864
0.3010811133191536,0.1516607557429081,0.1494203575762455
0.9462803405888994,0.7323643392320441,0.2139160013568553
0.9114870890609706,0.7227344517078689,0.18875263735310177
-0.7922030475909986,-0.557092071162301,0.2351109764286976
-0.7250484856754038,-0.6132895866718938,0.11175889900350999
-0.677051566998464,-0.5774786179855057,0.09957294901295832
-0.7415631956248528,-0.6365079205470424,0.10505527507781043
-0.7161430630722493,-0.48508820950605885,0.23105485356619043
0.646662953676264,0.44634926851486306,0.20031368516140097
-0.6262136448145552,-0.5509874316440403,0.07522621317051492
-0.9248476437503682,-0.7000678003388285,0.22477984341153967
-0.947164870878096,-0.7298416249583083,0.2173232459197877
0.2093455981495532,1.6633322093234735e-05,0.20932896482745997
-0.894601549062654,-0.66606218080242,0.22853936826023402
0.44490328048718286,0.4106397416369773,0.034263538850205555
-0.8698892254648395,-0.7058308045396271,0.1640584209252124
0.8586543800304425,0.6260007604934545,0.23265361953698793
0.40064654543395967,0.224901681761353,0.17574486367260667
0.5140902358790522,0.4683274703620555,0.045762765516996706
0.8188939705748463,0.6738967101588,0.14499726041604621
-0.0049374522288909446,-0.10105448357181424,0.09611703134292329
0.6951223805553362,0.7119066651139045,0.016784284558568396
0.07912012309725147,-0.10249230028013627,0.18161242337738775
-0.9491024122073214,-0.7358898624606326,0.2132125497466888
0.614841503618949,0.39619507242685653,0.21864643119209243
-0.8660569833490851,-0.6895668363252739,0.17649014702381116
-0.6525853579726512,-0.42857170009549267,0.2240136578771585
-0.17533939340169702,-0.2541154814404428,0.0787760880387458
0.7603771471317753,0.6478285986380405,0.11254854849373475
0.9122483419361137,0.6855018258645923,0.2267465160715214
-0.6312585385271613,-0.40161963723612437,0.22963890129103692
0.4751547806378668,0.29010374928122135,0.18505103135664547
0.7114071981603106,0.49770299620125236,0.21370420195905826
-0.17336377380690918,-0.043702700353751144,0.12966107345315803
0.38849555065803965,0.22459788192472638,0.16389766873331327
0.24135193228267535,0.10160427063920273,0.13974766164347263
-0.5147214892129017,-0.6601800244404108,0.14545853522750907
0.7870274919903173,0.6542295818830094,0.1327979101073079
0.14501514344681077,0.19768852024857597,0.052673376801765204
-0.8891184332219072,-0.5702251798510282,0.31889325337087904
-0.8112156665072723,-0.7018216691018722,0.10939399740540012
0.9370507177479235,0.7145280081257271,0.22252270962219634
0.948066919229111,0.7322650885167213,0.21580183071238968
-0.8751376334241875,-0.6399359151902303,0.2352017182339572
-0.9406012226679852,-0.7397231647977838,0.2008780578702014
-0.7706498361233206,-0.5376447890201271,0.23300504710319347
-0.3942578394907925,-0.38626840474116,0.00798943474963254
0.8486706282792593,0.6112226346183679,0.23744799366089142
0.8286616301014359,0.6032591309154381,0.22540249918599775
0.9430013785687548,0.7228085281001618,0.22019285046859294
0.8159441519012015,0.5903977693907547,0.22554638251044679
0.8589568662746371,0.7021270619334643,0.15682980434117277
0.46213156128670346,0.4300918238651403,0.032039737421563186
-0.8023818008244977,-0.5786841882747836,0.2236976125497141
-0.6191869983397581,-0.415642197161435,0.20354480117832308
0.41751606273398295,0.11596824378656263,0.30154781894742033
0.3067057134784085,0.47414890122957387,0.16744318775116535
0.9385395206429096,0.7235460256704027,0.21499349497250686
0.47876546864612896,0.43820886058656194,0.04055660805956701
-0.3356005970459191,-0.3370928401926123,0.0014922431466932173
0.9296742059570455,0.7078074771698831,0.2218667287871624
-0.8434521781837291,-0.7519338217871587,0.09151835639657036
-0.08280862774346709,-0.33572521812994094,0.25291659038647385
-0.38994850652353824,-0.37880965002692873,0.011138856496609506
0.922131727498493,0.6156919923879437,0.30643973511054934
-0.39192132682179887,-0.397205967932712,0.005284641110913146
0.21764435853845945,0.07753404764054087,0.1401103108979186
-0.9440171615119148,-0.7182430609629817,0.2257741005489331
0.15445093215833616,0.031246654250806357,0.1232042779075298
0.9431283671055275,0.7103399723255345,0.23278839477999302
0.5849636099215954,0.33874154230378,0.24622206761781534
0.6838129158178636,0.4396799605347024,0.24413295528316126
0.05966693415802462,0.13131468090152898,0.07164774674350435
-0.11937029419793399,-0.17755538863043996,0.05818509443250597
0.26238938809790624,0.12207807917280433,0.1403113089251019
0.02671406880263089,-0.062122274060132765,0.08883634286276365
0.559592422005016,0.33806853158414035,0.22152389042087567
-0.5618270611010764,-0.5008586744707071,0.0609683866303693
-0.7697951132850767,-0.5473273685058112,0.22246774477926545
-0.3151256372345751,-0.1590604510510513,0.1560651861835238
0.4633966477156505,0.2854269646405288,0.17796968307512168
0.7146049160704463,0.5035284435923901,0.21107647247805617
-0.9293992337445593,-0.7334860222651619,0.19591321147939744
0.901850749096194,0.732280696335662,0.16957005276053205
-0.39308386492578556,-0.38158118114611067,0.011502683779674894
-0.9640505611953903,-0.7835426329127255,0.18050792828266482
-0.7416962060070844,-0.5250721082455314,0.216624097761553
-0.28477170471293967,-0.29664241297449767,0.011870708261558005
0.6480623497463134,0.571156322712146,0.07690602703416738
0.5360218748991228,0.2799950395298671,0.2560268353692557
0.13194507329260105,0.17915196377124623,0.04720689047864518
0.31704487259688297,0.3400835207458341,0.023038648148951124
-0.7265592805163603,-0.6199585015159487,0.10660077900041165
0.625069658677636,0.5416811144511514,0.08338854422648456
-0.9538652219782122,-0.7402041266541293,0.21366109532408295
0.5039664797995556,0.23079886376731187,0.2731676160322437
-0.34424988852468213,-0.3443682528245996,0.00011836429991746167
0.44112554147762684,0.42299333248684384,0.018132208990782994
-0.853804573743809,-0.6946984591283027,0.15910611461550628
-0.4111797695446093,-0.24836367626711234,0.16281609327749694
-0.1830112437802692,-0.04394609615551778,0.13906514762475142
0.22068181743997264,0.07514017697889477,0.14554164046107787
-0.8243250447731936,-0.6023479696338562,0.2219770751393374
0.9479381246684685,0.7410952375632416,0.2068428871052269
0.00444259419153447,0.09428923306401905,0.08984663887248459
0.9385786095282082,0.7087340995831475,0.22984450994506067
0.7583091327826406,0.6361515234977836,0.12215760928485697
-0.8606471782462352,-0.6325276694707175,0.22811950877551768
0.632529018191488,0.5388902971951424,0.09363872099634563
-0.8999501120190501,-0.6729100306624142,0.2270400813566359
0.9463927395795035,0.7252707551921079,0.2211219843873956
-0.8943589767659568,-0.7179168508363436,0.17644212592961317
-0.8350139724038231,-0.6916958700472376,0.1433181023565855
0.6400027789375897,0.5551034571410287,0.08489932179656101
-0.7800413335727885,-0.4585385068905969,0.3215028266821916
-0.8778525688138427,-0.7240603016459423,0.1537922671679004
-0.42121574927658595,-0.418642992247446,0.0025727570291399493
-0.2931554079434958,-0.3095644251871512,0.0164090172436554
0.387531204611594,0.0800898944722783,0.30744131013931575
-0.7443515501444617,-0.6172841275936255,0.12706742255083625
-0.920885090386373,-0.6912918957525997,0.22959319463377326
0.7882749731168256,0.6618292631146888,0.12644571000213678
-0.5234157278749098,-0.4782109193070711,0.04520480856783865
-0.23050592566754896,-0.25836745509274617,0.027861529425197207
-0.7592195199004383,-0.477374592078924,0.2818449278215143
0.25265806945693164,0.281142676842018,0.028484607385086347
0.5632778484661446,0.5100336708800255,0.0532441775861191
-0.8910811269879931,-0.6551795743861437,0.23590155260184942
0.876607584919168,0.6950705328066311,0.1815370521125369
-0.2706295369188511,-0.10311295291879055,0.16751658400006056
0.9213314241003195,0.6914751089052117,0.22985631519510785
0.9460022060877646,0.7264613560302438,0.2195408500575209
-0.4163065885661004,-0.10925163541246119,0.30705495315363923
0.016559448038100964,-0.06898796615784208,0.08554741419594306
0.936361182274433,0.7370959184832768,0.19926526379115617
-0.6461682706307416,-0.5504869387181707,0.09568133191257089
0.07291884978090764,0.1424331153743144,0.06951426559340677
-0.199133519191192,-0.2732560703257857,0.0741225511345937
0.4226336501150265,0.4738961288069614,0.0512624786919349
-0.1587569273821119,-0.20619433050924715,0.047437403127135264
-0.6535590646855028,-0.5668239690895079,0.0867350955959949
-0.9312474505955962,-0.7823425321650793,0.1489049184305169
0.2447478782584956,0.08584032379489531,0.15890755446360028
0.7950254369972091,0.6507840772036965,0.1442413597935126
0.6850277831591589,0.5728595947998295,0.1121681883593294
0.3289810684030086,0.17346764482234764,0.15551342358066098
-0.5895261487840973,-0.5719037817286147,0.01762236705548259
-0.42045002973766815,-0.24345320974864743,0.17699681998902073
0.5840278121563843,0.3536695661742408,0.23035824598214355
0.6440476451837868,0.4053444333157506,0.23870321186803617
-0.7680130305230981,-0.6854603822994935,0.08255264822360464
-0.44797230256069576,-0.27700902787928633,0.17096327468140943
-0.8078360888607453,-0.6842049200392817,0.12363116882146363
-0.9370258088318112,-0.7084007229338914,0.22862508589791974
-0.9639544362963398,-0.7212192805202938,0.24273515577604599
0.7085151847251223,0.4868822007459147,0.2216329839792076
-0.8661443533303774,-0.6087740781019615,0.25737027522841593
-0.3037311274617955,-0.3144558601654646,0.010724732703669138
0.923516763948516,0.6988403375796204,0.22467642636889562
-0.8950495796740033,-0.673960618855929,0.2210889608180744
0.5183249862765368,0.464951360852324,0.053373625424212756
-0.6176379425208559,-0.42257133329617586,0.19506660922468005
0.24779158144058414,0.11003369714679449,0.13775788429378966
0.9302179130830778,0.7404010226568299,0.18981689042624783
0.11557002114681438,0.17749571470610526,0.06192569355929088
-0.6614315651174605,-0.7374397350473477,0.07600816992988724
-0.07434856543947291,0.044929732457033765,0.11927829789650668
-0.7339601463972306,-0.5101266945276117,0.2238334518696189
0.2611940431020975,0.28743097678706714,0.026236933684969654
-0.5389371247661164,-0.3496664114310825,0.18927071333503392
0.807090049103615,0.6636486604531934,0.14344138865042166
0.27032697486301155,0.2906487381638584,0.02032176330084684
-0.7200292541242947,-0.7289337842472718,0.008904530122977095
0.10009435990599325,-3.6147499314362255e-05,0.10013050740530761
0.9289615828348268,0.729717844000141,0.19924373883468582
0.4716132938515753,0.14396358371323711,0.3276497101383382
-0.7390875371761472,-0.5170749343491166,0.22201260282703061
0.8984833264057861,0.7786138042176721,0.11986952218811397
-0.23246376991384327,-0.0935920088144595,0.13887176109938376
0.582473542167249,0.3787751721126392,0.20369837005460978
0.26535852861236736,0.11771669054681964,0.1476418380655477
-0.43839344959618487,-0.419423277779689,0.01897017181649585
-0.8652579309632961,-0.6289642999977584,0.23629363096553768
-0.7642078003704159,-0.5391222773091434,0.2250855230612725
-0.04678388077433485,-0.34365804345540396,0.2968741626810691
-0.9103327942980226,-0.692649276812905,0.2176835174851176
0.9435853474297248,0.7161219315735458,0.22746341585617902
0.8314291543697658,0.687291511484535,0.1441376428852308
-0.8391916417241357,-0.7569415113108054,0.08225013041333029
0.4603357360816954,0.2829601391852028,0.17737559689649263
-0.8689672874973458,-0.707423751859727,0.1615435356376188
0.9404771464726661,0.7346514414867266,0.20582570498593955
-0.628561445941783,-0.5504235625037979,0.07813788343798511
0.5726452344489036,0.5542572701861452,0.01838796426275835
-0.922705589965352,-0.6985663702245598,0.2241392197407922
-0.05344692150372995,-0.13426404172031645,0.08081712021658649
0.5954623927113848,0.38273943250091363,0.21272296021047116
0.9242731971549842,0.7257926795867522,0.19848051756823204
-0.48656728031303104,-0.30480351058138355,0.18176376973164748
0.5733012365861452,0.36683519509282775,0.20646604149331743
0.9464479798261248,0.7325341741739599,0.2139138056521649
-0.07631620411303666,-0.14946206007678262,0.07314585596374595
-0.9256565085595452,-0.6875957204251445,0.23806078813440068
0.5768710302223604,0.2495319389823193,0.3273390912400411
-0.8397816023011224,-0.5660602293793286,0.27372137292179377
-0.010856488092626088,0.10519925082295153,0.11605573891557762
0.4932559873308908,0.30998427029771053,0.1832717170331803
-0.9092371794059686,-0.679722243825945,0.22951493558002356
0.6452552827875149,0.5746000889038942,0.07065519388362063
-0.030160090757258482,-0.11047914226693649,0.08031905150967801
-0.308228013037006,-0.1553289577145429,0.1528990553224631
-0.4295071933062127,-0.4788592975894512,0.04935210428323855
0.7617335089400319,0.6306383123793775,0.13109519656065438
-0.41814513006184706,-0.2590391339094836,0.15910599615236348
0.8757615578540722,0.707325591194957,0.1684359666591152
-0.9659453285371953,-0.7463144469086243,0.21963088162857103
-0.9749713880669415,-0.7680605831645925,0.20691080490234903
-0.774153648422332,-0.5537323833767772,0.22042126504555482
0.8835457878994224,0.6323921579185529,0.25115362998086954
-0.962616363564589,-0.8185889933990604,0.14402737016552858
-0.3145861954632631,-0.33341781822650923,0.018831622763246125
0.9044475021359298,0.6675090751586896,0.2369384269772402
-0.8985225716161346,-0.6574398533073247,0.2410827183088099
0.07910272980943173,0.1561429718135066,0.07704024200407486
0.8828119185458024,0.7394336967820728,0.1433782217637296
-0.8716853148397706,-0.6499035690040332,0.2217817458357374
0.8976524435947355,0.7241414836820688,0.17351095991266674
0.9775225034492445,0.8082295849985591,0.1692929184506854
0.5883566629734202,0.5153986005023465,0.07295806247107361
0.9427389641029786,0.7301351461858098,0.21260381791716887
-0.42130999703241734,-0.24403187412149607,0.17727812291092127
-0.7062031325986801,-0.43940382952371027,0.2667993030749698
0.9217948666460005,0.6963226724358063,0.22547219421019427
-0.6353068744078479,-0.3050049583101994,0.33030191609764853
0.7102868122220337,0.4927297038170121,0.21755710840502163
0.8095577416364838,0.7469306173296547,0.06262712430682904
0.7847314387276692,0.6507132561001424,0.13401818262752674
0.6095288536403211,0.40093166197813984,0.20859719166218121
-0.8888586216993518,-0.7153022003831064,0.17355642131624538
0.7499975797887097,0.5292583236544403,0.22073925613426948
-0.7045983240316634,-0.6013829776871042,0.1032153463445592
-0.9286626561315477,-0.7068049642775387,0.22185769185400905
0.7912607066805929,0.568279473419802,0.2229812332607909
0.9279798949188923,0.7402005177155133,0.187779377203379
-0.10756234310239746,-0.18679019659859633,0.07922785349619887
0.6645983915632052,0.5838924440340382,0.08070594752916704
0.284386751267054,0.13581325392313473,0.14857349734391925
-0.925481047368005,-0.7976850192750292,0.12779602809297574
-0.7939477401482631,-0.6516220962580046,0.14232564389025848
0.936991180625928,0.7706874074119673,0.16630377321396073
0.9483080948783694,0.7308594102052397,0.21744868467312972
-0.9134210792066663,-0.7233848569913341,0.19003622221533212
-0.9442726982598755,-0.7392478185575363,0.20502487970233918
0.5114632716012164,0.47055397597871784,0.040909295622498565
-0.902333197637763,-0.7213382016570927,0.18099499598067026
0.8505416419977561,0.6109493041665711,0.23959233783118494
0.31089531527469244,-0.029374165931870127,0.3402694812065626
0.11088297918185984,-0.0016701119797451187,0.11255309116160496
0.30077665024141903,0.15791890128709382,0.1428577489543252
-0.8883341409632185,-0.6147994844028767,0.2735346565603418
-0.6821756421892082,-0.37041272535495584,0.3117629168342524
-0.42957489732942433,-0.2563737238663776,0.17320117346304675
0.480891501513769,0.2726708877578427,0.20822061375592632
0.9128739975603756,0.7856881953098639,0.12718580225051168
0.1380653792756524,0.39315348069962675,0.2550881014239743
-0.20695477519580505,-0.05790109261992582,0.14905368257587923
-0.9162200340281476,-0.7163392896861547,0.19988074434199288
0.9689085300241456,0.7841325887611098,0.18477594126303576
0.29333498527940677,0.3319157245787909,0.03858073929938416
0.851402433058476,0.694860351192624,0.15654208186585195
0.5445254551193482,0.5144350032197618,0.03009045189958648
-0.8199966920918764,-0.5940910256650546,0.22590566642682186
0.7746711507693249,0.6557573446968126,0.11891380607251234
0.5476572832599615,0.48633629606244533,0.06132098719751622
0.8175556045155503,0.6614722872098278,0.15608331730572256
-0.4154355479693449,-0.4871498081820292,0.07171426021268429
-0.38369038064620786,-0.3915068018403,0.007816421194092149
-0.11941760394054526,-0.0013033960828047408,0.11811420785774052
-0.7467015753941032,-0.527976478047775,0.21872509734632817
0.2530079714926384,0.27977499232466374,0.026767020832025368
-0.8378364322243371,-0.607376642431529,0.23045978979280812
-0.8827266661913636,-0.6407164757363238,0.2420101904550398
0.9127450732112381,0.7248828652781771,0.18786220793306097
-0.7271429276172467,-0.5072503887315515,0.21989253888569527
0.8939477865265633,0.6741713005495281,0.21977648597703514
0.9306009918663253,0.7034133435466519,0.22718764831967342
0.24582833742975677,0.10607845865984789,0.13974987876990888
0.7917563181568671,0.5618078145357359,0.22994850362113117
-0.7405489841334139,-0.5130087003085722,0.2275402838248417
0.8396221834258628,0.6855362141582377,0.15408596926762508
-0.9295224591452871,-0.7305715301642185,0.1989509289810686
-0.5234216007382871,-0.4956490709515286,0.027772529786758537
0.9107493562974027,0.7340967990656921,0.17665255723171058
-0.5451035390841644,-0.6923984008641212,0.14729486177995676
0.6793622568345198,0.47165301384126834,0.20770924299325144
0.6435075069270106,0.5735858839794991,0.06992162294751159
-0.41233182189592343,-0.39041698205103154,0.021914839844891898
0.9257203832570948,0.7342370504269028,0.19148333283019203
0.10518695325803647,0.17258460750262283,0.06739765424458637
-0.5924767091232422,-0.3823630706373262,0.21011363848591602
-0.9643674413944163,-0.7534699995695634,0.21089744182485293
-0.878148969461139,-0.7050878378178193,0.1730611316433197
0.4155502801764241,0.5667726367822467,0.15122235660582256
0.19935911232752682,0.25456630888557935,0.055207196558052535
0.02169939497638252,-0.07108451393582477,0.09278390891220728
-0.4612606020390997,-0.4237376075053302,0.037522994533769505
0.35721687098161287,0.34939768478873273,0.007819186192880134
0.929358164859677,0.7327748188197383,0.19658334603993877
-0.7507461418137402,-0.525996939711637,0.22474920210210325
0.16258526141325064,0.011466153292580659,0.15111910812066998
0.9361145549544436,0.7116111976101098,0.2245033573443338
0.9477659585347199,0.7254334281922068,0.2223325303425131
0.9179573487905073,0.7219178924927294,0.19603945629777786
-0.9687867888697869,-0.8149918670534754,0.1537949218163115
0.8725671535731014,0.6500108839062532,0.22255626966684827
0.9382353331575983,0.7370209510503873,0.201214382107211
-0.4041542142850254,-0.38465863677301043,0.019495577512014972
-0.8050413984963379,-0.5747312940329181,0.23031010446341982
-0.523820529556958,-0.33311336380499335,0.19070716575196467
0.8654001416362316,0.6985186228879288,0.16688151874830282
0.9350596211979383,0.6971321052127192,0.2379275159852191
-0.07993558950546141,-0.14471272965061577,0.06477714014515436
0.07672880688822016,0.24837742257788442,0.17164861568966427
0.9235788301270453,0.6951261105598704,0.22845271956717494
-0.34999098162088027,-0.3539038678958383,0.003912886274958005
-0.8167032525170297,-0.5950414535419463,0.22166179897508342
0.7633449197512122,0.534132121504888,0.22921279824632423
-0.2847553162174828,-0.5438674291706898,0.25911211295320696
-0.6402101746244732,-0.5663402364121748,0.07386993821229837
-0.7266052522385148,-0.601949108366097,0.12465614387241775
-0.5872895391287795,-0.6678710199568889,0.08058148082810945
-0.18685268582862394,-0.22367381122067836,0.03682112539205443
0.04168771949724537,-0.12894160430472396,0.17062932380196932
-0.3037813454140926,-0.3780785288878542,0.07429718347376163
0.9455645651885426,0.7248985039424873,0.22066606124605526
0.23586962321216134,0.27463421918013514,0.0387645959679738
-0.7503272745410906,-0.501165483157394,0.24916179138369665
0.8918062138176913,0.6763796368058734,0.2154265770118179
-0.782178840486202,-0.5627489139405395,0.2194299265456625
-0.49355963298952216,-0.4412660000566872,0.052293632932834955
-0.13031326251636685,-0.021549854339396247,0.10876340817697061
0.45717292916492097,0.4197503544096607,0.037422574755260285
0.6763247247501091,0.4250228514134807,0.2513018733366284
0.5228287453575631,0.3063211875603695,0.21650755779719355
0.7283114046472822,0.5054902086850421,0.22282119596224004
0.49560332630490744,0.47241540630635454,0.02318791999855291
-0.3977512718876401,-0.39170833826375234,0.006042933623887747
0.41368755866258533,0.4704248223904869,0.056737263727901555
0.5780419893997972,0.5141779927720014,0.06386399662779585
-0.13192914823579477,-0.39686724629284786,0.2649380980570531
0.6609861783449618,0.5773249486057888,0.083661229739173
0.9383261654833389,0.720902115647099,0.21742404983623986
-0.8476199433680472,-0.6119103632415068,0.23570958012654042
-0.5892947035365436,-0.37475357323621705,0.2145411303003265
-0.9425662021352973,-0.7853063965031715,0.15725980563212583
-0.9427056348457776,-0.7245258079993808,0.2181798268463968
-0.12090453502223385,-0.1697626553911906,0.048858120368956745
0.6965411869578344,0.4809904707852664,0.215550716172568
0.014793089271926034,-0.0857491211475183,0.10054221041944433
0.9450612809946531,0.726360332161764,0.21870094883288915
0.8965990367371058,0.6734926345092006,0.22310640222790523
0.9446172592807253,0.7364186367415464,0.20819862253917887
0.8906578135582177,0.6579698622146025,0.2326879513436152
0.440563518115087,0.27123137416680637,0.1693321439482806
-0.6320607458422781,-0.557739602293472,0.07432114354880615
0.7996250957604673,0.5748269172841736,0.2247981784762937
-0.29217862047506027,-0.14785402243778364,0.14432459803727662
0.8793014830404887,0.6551301134536629,0.22417136958682582
-0.3801297103513081,-0.3880889787120389,0.007959268360730798
0.26356634061877243,0.12489111165978029,0.13867522895899215
0.3415211895858061,0.14055365144045356,0.2009675381453525
0.8704048997952443,0.622170610469615,0.2482342893256293
0.515033900788997,0.32770276208636917,0.18733113870262785
-0.8967496349737915,-0.6653379329577206,0.23141170201607086
0.2612965281538764,0.11794270361056869,0.1433538245433077
-0.26041464179643636,-0.11972034420228207,0.1406942975941543
0.9172708938675793,0.7479653116088011,0.16930558225877823
0.6877489972132292,0.3309139600522602,0.35683503716096904
-0.5221015630508306,-0.47808457326729825,0.0440169897835323
0.9382551551856049,0.7422260272950991,0.19602912789050575
0.8568942034410924,0.7224100494527189,0.13448415398837343
0.9186257268809541,0.6934359614318224,0.22518976544913172
0.2523988653132432,0.10936073470714734,0.14303813060609583
-0.6606871554288986,-0.6099126452041497,0.05077451022474888
-0.7200209516316358,-0.34535246733722935,0.37466848429440647
0.41144148988044843,0.24069779298914865,0.17074369689129978
0.137569435759488,0.18765599993800033,0.050086564178512344
-0.7041479406783091,-0.6378219437970514,0.06632599688125773
0.6669838886164436,0.45412603643144783,0.2128578521849958
-0.4657322063014567,-0.43750239886573666,0.02822980743572001
0.2820699640936518,0.3496164345664434,0.06754647047279161
0.6336015480771201,0.5552095548099327,0.07839199326718738
-0.03965667759853864,-0.11681791194933008,0.07716123435079145
-0.2963269537594592,-0.5245857258358168,0.22825877207635753
-0.15812439125657926,-0.21991418633384147,0.061789795077262205
0.19201217096503756,0.23727305332881868,0.04526088236378112
0.20997837787617774,0.27472145022315025,0.06474307234697252
0.4668118462750392,0.4305002834994843,0.03631156277555486
-0.6387543300786213,-0.5597891192962173,0.07896521078240393
-0.3599898261800331,-0.5321475904457659,0.17215776426573276
-0.8587926687456877,-0.686962391074621,0.17183027767106673
0.462695774402418,0.2800576362980434,0.18263813810437457
-0.7054144296410058,-0.6565008994073304,0.048913530233675395
-0.5181538349702874,-0.47938643515556656,0.03876739981472088
0.406081398736743,0.2316193092695919,0.17446208946715108
-0.704260209368173,-0.48364946182784746,0.22061074754032556
-0.9417970026410253,-0.7187430125359104,0.22305399010511484
-0.45850686643701033,-0.4269975326015129,0.03150933383549742
0.05306006853714171,0.13015812107575078,0.07709805253860907
0.43234777626367754,0.4054598169762243,0.026887959287453245
0.9158813235005442,0.6916935140003249,0.22418780950021933
-0.25296191710767923,-0.09132930217216724,0.161632614935512
0.37947216550738005,0.21441666021299025,0.1650555052943898
-0.006653505976653839,-0.0822473390246924,0.07559383304803856
0.9272606882173875,0.7326263845704313,0.19463430364695622
-0.37061187515917887,-0.36195588787127175,0.008655987287907119
-0.4397946353924324,-0.40981515519463624,0.02997948019779617
-0.36542727224261357,-0.3796217665242175,0.014194494281603909
0.7017965621626284,0.5935736032437343,0.10822295891889411
-0.8413155779803742,-0.6147975094401998,0.2265180685401743
0.5613558809404106,0.3385231876823802,0.22283269325803035
0.884923401303866,0.7180424249568967,0.1668809763469693
0.3781487896624295,0.21102420315091425,0.16712458651151524
0.1445995002347491,0.19717915397278957,0.052579653738040466
-0.8594469236929994,-0.6342945910871017,0.22515233260589762
-0.9249130173349559,-0.7316974597532943,0.19321555758166165
0.7486970816951419,0.5273807561342972,0.22131632556084468
-0.45890106853834184,-0.19747831641207844,0.2614227521262634
0.838211902716707,0.6225329062755288,0.21567899644117816
-0.34583506038949274,-0.19468114355283128,0.15115391683666146
-0.9100565648640501,-0.6343685341388293,0.27568803072522075
0.9563462138573869,0.7171889925501999,0.23915722130718708
-0.6914211003415245,-0.4269405626546262,0.2644805376868983
0.0521197020213574,0.17502694103032387,0.12290723900896647
0.8250267850837735,0.7105750100354047,0.11445177504836879
0.7020384686929767,0.4781116456158291,0.22392682307714762
-0.9330546810464349,-0.7194612900545355,0.21359339099189933
0.8580358208807555,0.6861699484010803,0.17186587247967522
0.12123396729166838,0.35351319229124967,0.23227922499958129
0.3324188965454803,0.17017467502482686,0.16224422152065343
0.38007141505563874,0.6224203530848108,0.24234893802917207
-0.6894778699109199,-0.630094784313042,0.05938308559787786
0.8932508538254331,0.7658605371969635,0.12739031662846967
-0.18787087284810458,-0.03275616234082329,0.1551147105072813
-0.5594828077016981,-0.5127831663750734,0.04669964132662474
0.7445092920854841,0.6258711258663419,0.11863816621914225
0.6098455074641541,0.5270053677098627,0.08284013975429139
0.8440329056703318,0.687660621786779,0.15637228388355284
-0.911884516889582,-0.722545171761294,0.1893393451282881
0.9703269320988814,0.8137896837449999,0.1565372483538815
-0.5869620125126588,-0.5293078879555925,0.05765412455706631
-0.4438963830955433,-0.4197713919782086,0.024124991117334682
0.8455562641296382,0.6230579353765451,0.22249832875309317
-0.8150473381166274,-0.5695908352365855,0.24545650288004195
-0.6751746692560334,-0.5792396236752594,0.09593504558077404
0.11080065997816947,-0.2288189397450785,0.33961959972324796
0.34819615658903624,0.19473150114500568,0.15346465544403057
-0.6521012014467673,-0.36203284609818515,0.29006835534858216
0.4037322210044738,0.23898370423207696,0.16474851677239685
-0.7398290360147968,-0.5156643086613322,0.2241647273534646
-0.23571331158571107,-0.2616592737257099,0.025945962139998835
-0.9470345710606924,-0.7209961343580084,0.2260384367026841
-0.12715011814159924,-0.009203372589481973,0.11794674555211726
0.7213031360256984,0.619403265960346,0.1018998700653524
0.785047208139529,0.6564556255598196,0.12859158257970937
0.772718771073496,0.5429868967230413,0.2297318743504546
-0.9149355997597194,-0.7153917703356885,0.19954382942403093
-0.7308691000987602,-0.5135205606177959,0.21734853948096422
0.5856866657954835,0.6774918175003655,0.09180515170488202
0.6934416081426441,0.5859105524892584,0.10753105565338572
0.5858604722301712,0.2172501464264997,0.36861032580367153
0.9286945077287103,0.6975775025098776,0.23111700521883272
-0.38167684273521013,-0.3691662622337125,0.012510580501497615
0.6550716926872195,0.5746426219103556,0.0804290707768639
-0.6990109316074957,-0.49318239282984394,0.20582853877765178
-0.9165917647869473,-0.6907549446420377,0.22583682014490958
0.8135952243649469,0.6754118121922483,0.13818341217269858
0.7939600851499016,0.5652280298602624,0.22873205528963914
0.7563426566840888,0.5337623886405927,0.22258026804349618
0.8461126610841029,0.6904246850735904,0.15568797601051243
-0.13698431108919412,-0.013836503185124988,0.12314780790406914
0.16859959601618812,0.21022146955002555,0.04162187353383742
0.33122749379705735,0.17871457794756487,0.15251291584949248
0.9115149061881728,0.6865154428263157,0.22499946336185705
-0.06096268873716211,0.18666713012504688,0.24762981886220897
-0.9196581255562674,-0.7423363142407027,0.17732181131556468
0.24477006834862722,0.12111189898435201,0.1236581693642752
-0.9441434270175735,-0.7347767361903276,0.2093666908272459
0.014225160696176527,0.30912179118213,0.2948966304859535
-0.9481586856785579,-0.7237158303010027,0.22444285537755515
0.743103108054245,0.4398997081306489,0.3032033999235961
-0.42511593935446573,-0.25667547200628577,0.16844046734817997
-0.3733408512767247,-0.20539056783107562,0.16795028344564905
0.5041068179619541,0.2850481733309524,0.21905864463100172
0.9410078522986303,0.7128741486741011,0.22813370362452912
0.9236292542648783,0.7335230733728164,0.19010618089206188
0.9368048269137131,0.7105585700783754,0.22624625683533772
0.6282772631285233,0.5434811252435898,0.08479613788493345
-0.755882281972135,-0.5388282015613753,0.2170540804107597
-0.9312321249198221,-0.709468758675814,0.22176336624400805
0.003248534874008405,0.1592025634403996,0.15595402856639118
-0.37263597720323316,-0.35924536032716514,0.013390616876068018
-0.006206669488598588,-0.09240773732976616,0.08620106784116757
0.7044218229774972,0.4788492875503848,0.22557253542711242
0.15012868936555082,0.21161760857381962,0.061488919208268794
0.5868699526719081,0.5171833329064245,0.06968661976548363
-0.5774033070932111,-0.3799966900566632,0.19740661703654788
0.7525280805347374,0.5343147562708798,0.21821332426385764
-0.4343726717823399,-0.42301321375748263,0.011359458024857272
0.1224021082887183,0.001891697376640909,0.12051041091207738
-0.8368577498951669,-0.6047730580038347,0.23208469189133218
0.8778215072386647,0.6464056440373093,0.23141586320135543
-0.7056543217807828,-0.4892485749274915,0.21640574685329128
-0.19392692540909867,-0.4569904042941935,0.26306347888509485
-0.6297101933621548,-0.41300521167298593,0.2167049816891689
-0.41022111250414384,-0.6111107441441868,0.20088963164004292
-0.03246437925710756,-0.11436472411329482,0.08190034485618726
0.8223801892684646,0.5614473869307941,0.26093280233767047
0.7569071390677772,0.7543842956234142,0.002522843444362932
0.3321969832519231,0.34185225698603766,0.009655273734114567
-0.039389962704460546,-0.13248493921123275,0.0930949765067722
-0.3967936868923253,-0.391127228543389,0.00566645834893631
-0.886151805691676,-0.5704076920581471,0.31574411363352883
-0.6974791649417995,-0.48956920118363584,0.20790996375816367
0.365677050810516,0.362835217791269,0.0028418330192470087
0.936047871595729,0.7497623679189607,0.18628550367676833
0.7571084312070077,0.654128733029217,0.10297969817779062
-0.28734454901703843,-0.14303979538507572,0.1443047536319627
0.16242531847118188,0.047392568142010885,0.115032750329171
-0.540732820998699,-0.3511473602828678,0.1895854607158312
0.92597932399137,0.69809197093106,0.22788735306030994
-0.6025398307660763,-0.5672062518165455,0.03533357894953082
0.6754056754612212,0.4725946494168336,0.2028110260443876
0.9585152117410206,0.7712673496243829,0.1872478621166377
0.8101935494245837,0.5896379046512875,0.22055564477329614
-0.30182617857097516,0.0042428346443745745,0.30606901321534974
0.9271697715135286,0.7452007274823634,0.1819690440311652
0.9565328327692388,0.7657892922495445,0.19074354051969433
0.9482198316700485,0.7289273093933448,0.2192925222767037
0.38037842509273523,0.3832390292620949,0.0028606041693596818
0.7524581857101102,0.5277925955993115,0.22466559011079879
0.918552560172308,0.8074522654570029,0.11110029471530514
0.9443972427641208,0.7058250322782448,0.23857221048587607
-0.24989627687768184,-0.11765347845994269,0.13224279841773917
0.20016523418736318,0.07737959830039488,0.1227856358869683
0.5604659633717872,0.4979222060880781,0.06254375728370914
0.7266866513777673,0.6531208957958767,0.0735657555818906
-0.8411846370132143,-0.6788198217396346,0.1623648152735797
-0.5912455641719333,-0.3941418267812276,0.1971037373907057
0.7628824616692182,0.7041362045757512,0.058746257093467036
0.6714787889331979,0.5708579114004012,0.1006208775327967
-0.6821792211178769,-0.3718722450547235,0.3103069760631534
0.4621719872643488,0.2737038285742644,0.18846815869008443
0.8524526136253886,0.624242784703058,0.22820982892233055
-0.9348381796107249,-0.7246054726620306,0.21023270694869434
-0.4622472849793718,-0.17308786462656764,0.2891594203528042
0.3727933854341065,0.20099609957931203,0.17179728585479448
0.7242483947225893,0.514180923304582,0.2100674714180073
-0.31257736336085706,0.043812547431669846,0.3563899107925269
0.8533642989221544,0.6966027450146105,0.15676155390754387
-0.8814270340170439,-0.6864721601135464,0.19495487390349753
-0.5378074754210985,-0.4894546269141894,0.04835284850690913
0.603134980471479,0.39647914745386525,0.2066558330176137
-0.26196146243821106,-0.2779753697304715,0.016013907292260432
0.6951329904914008,0.5957238230859523,0.09940916740544847
0.7926287079750366,0.5695260554453344,0.22310265252970218
0.17758810606596842,-0.061858547188667845,0.23944665325463627
0.7723775906234729,0.5607679173003586,0.2116096733231143
-0.884303557887015,-0.5905065261763033,0.2937970317107117
-0.8597627064705342,-0.7104937114758362,0.14926899499469803
-0.767746066536584,-0.6366322060886807,0.1311138604479033
0.7774598493290338,0.6521556681922422,0.12530418113679154
-0.9396010598357653,-0.7158526795981657,0.22374838023759958
-0.45244139899743835,-0.2759216585597701,0.17651974043766827
-0.09898792710688821,0.007025414274101505,0.10601334138098971
-0.6680237963159532,-0.5739567080275362,0.09406708828841703
0.6856414242941192,0.5873389782605534,0.09830244603356586
0.1004706615679174,0.19068176999029227,0.09021110842237487
-0.9735614374949471,-0.7600245487361743,0.21353688875877275
-0.8996389595747633,-0.6741753346464524,0.22546362492831085
-0.46436168914709436,-0.5054216739563573,0.04105998480926293
-0.5286005389191143,-0.29295552919056156,0.23564500972855273
0.9523284560418894,0.803759561445093,0.14856889459679645
0.7532413899107112,0.6310815610926035,0.12215982881810772
-0.7202057335907591,-0.6815685145269595,0.03863721906379958
0.6371442036076629,0.42883669969679006,0.20830750391087283
-0.23112231007763437,-0.002111017240786318,0.22901129283684804
-0.20233317388380495,-0.07459293462357847,0.12774023926022648
0.8993297094918644,0.6526951579260148,0.24663455156584957
0.9294066524186246,0.706648976373626,0.22275767604499863
0.03318223005681465,-0.047767690838273646,0.08094992089508829
0.7238362563812255,0.6838718942623501,0.03996436211887544
0.7409587346083165,0.6246161592570433,0.11634257535127324
-0.12147617148157697,-0.008993875445750452,0.11248229603582652
-0.33219791586088365,-0.1830167907369898,0.14918112512389387
0.6015427033799264,0.40575444336814215,0.1957882600117843
-0.9064423466347722,-0.7654329073299264,0.14100943930484577
-0.5951029339602718,-0.5237118485714355,0.07139108538883632
-0.9355390064487964,-0.7044425560743828,0.23109645037441362
0.9222230112666191,0.7461018243268582,0.17612118693976087
0.9186076177081949,0.6867470012879678,0.23186061642022704
-0.46777530028832853,-0.2907225763015099,0.17705272398681865
0.24615752486812112,-0.04764705410072189,0.293804578968843
0.6414902590343459,0.5616632801303644,0.0798269789039815
0.21456692026421098,-0.011207783645508012,0.225774703909719
0.9381353243611124,0.7100175598923927,0.22811776446871967
-0.747669315589197,-0.5200147849890978,0.22765453060009921
-0.8627734448067175,-0.6953761300703365,0.16739731473638098
-0.0016592126000650215,-0.09104814402663282,0.0893889314265678
0.8438672619014097,0.6938238260797912,0.1500434358216185
-0.5142857999234609,-0.311268138293037,0.2030176616304239
0.8138514607400891,0.5062038520162361,0.307647608723853
0.8164751580517142,0.5875304933917602,0.228944664659954
-0.898506698173494,-0.6771837236812254,0.22132297449226868
-0.7334999021146679,-0.5116926248364535,0.22180727727821437
0.7870786228025389,0.6602879510021542,0.12679067180038472
0.7048943433996426,0.48944801277003264,0.21544633062961
0.705900585937396,0.49072471354858116,0.21517587238881486
0.8143263346101943,0.7314180337477911,0.0829083008624032
0.8969978358935723,0.7197775989535896,0.17722023693998268
-0.47847378449397726,-0.5026450639388541,0.024171279444876848
0.05104471161624914,0.12574384358138008,0.07469913196513094
-0.23135412160115343,-0.022268289112575675,0.20908583248857776
-0.768093653795507,-0.5443624680068291,0.2237311857886779
-0.3693267445692374,-0.3542201814845118,0.015106563084725633
0.8940516364553549,0.7124599572443912,0.18159167921096375
0.8962569570535452,0.6691567479908582,0.22710020906268702
-0.46690801299853485,-0.43441797267887633,0.03249004031965852
0.0305378479343855,-0.06414754731156602,0.09468539524595151
0.9487610333633001,0.7388479855748866,0.20991304778841346
0.7364876028894491,0.6211594104010381,0.11532819248841109
-0.1443598621712459,0.16485407041111036,0.3092139325823563
0.5087227549071992,0.32412748923531215,0.18459526567188705
0.2701628848141996,0.2836381636733125,0.013475278859112927
-0.3908809457664847,-0.22548967586425694,0.16539126990222774
-0.7598276219828038,-0.6850522903641321,0.07477533161867178
0.553738991470766,0.3615273780082958,0.19221161346247018
-0.7961114011576197,-0.681450401035014,0.11466100012260572
0.007352899908289063,0.21383451318051178,0.20648161327222272
0.9436149082064784,0.7296278197745923,0.21398708843188607
-0.4484683692887222,-0.25484667552843504,0.19362169376028715
0.9734053691938556,0.8008760829603713,0.1725292862334843
0.7335734208599897,0.38968438934319166,0.343889031516798
0.6973882325176937,0.4770919970297907,0.22029623548790295
-0.9379848261238997,-0.7313376522407298,0.2066471738831699
-0.7765045264662013,-0.5505231359781948,0.22598139048800647
-0.7766768854872166,-0.5539850851252586,0.22269180036195801
0.11090273168171878,0.009720088936391638,0.10118264274532715
0.15014619010041863,0.19806773626248958,0.04792154616207095
0.7750971435109348,0.555845476838406,0.21925166667252882
0.13049178854506818,0.030513928193769593,0.09997786035129859
-0.6248002052825075,-0.420689447054853,0.20411075822765445
0.48263249439818706,0.4495379615531388,0.03309453284504826
-0.8506400136955943,-0.6213837888606047,0.22925622483498953
-0.36096742435135426,-0.200905912063173,0.16006151228818127
-0.09765044994414822,0.014963910798343185,0.1126143607424914
0.5491510897737858,0.35641984679981303,0.19273124297397276
0.6952579312630368,0.6384143478202238,0.05684358344281304
-0.25643485008025996,-0.2926346138195774,0.036199763739317437
0.4952002535976182,0.292659630601477,0.20254062299614123
-0.6836900616026781,-0.5733301757402529,0.11035988586242518
0.45080982197051744,0.43023831366681886,0.020571508303698582
-0.6398907269218872,-0.43508046283939483,0.20481026408249237
0.2786590866065525,0.3042313641230948,0.02557227751654234
0.47430984813651383,0.28873328222090006,0.18557656591561378
0.17633422375525956,0.009207965458977445,0.1671262582962821
-0.5591472199363673,-0.5255910456475116,0.03355617428885571
-0.9065410526683179,-0.696799742361318,0.20974131030699983
-0.5676458171690664,-0.5088135877315086,0.058832229437557726
0.6464215286682351,0.5496552742889651,0.09676625437927
-0.8999411815668111,-0.7229691713448657,0.17697201022194542
0.5541645387275274,0.4951997238866614,0.058964814840865964
0.8744906779755431,0.7617805949301831,0.11271008304536001
-0.772793389436529,-0.636473236091573,0.13632015334495595
0.661039096185174,0.41218706678651673,0.24885202939865725
-0.6585505640503564,-0.4442633268593629,0.21428723719099352
-0.9173638683398871,-0.6833197428880134,0.2340441254518737
-0.9090186678267422,-0.731537222269235,0.17748144555750722
-0.13562257228538077,-0.019226885159822796,0.11639568712555798
-0.6514444056183689,-0.4433185595287774,0.2081258460895915
0.7111689734043292,0.720637016082171,0.009468042677841848
-0.668598889259551,-0.4632148852113288,0.2053840040482222
0.5480174671094202,0.49069067952103673,0.0573267875883835
-0.6454129925414633,-0.5599108722768809,0.08550212026458248
0.8320392863497751,0.6021193176945364,0.22991996865523867
-0.33291570064692977,-0.3331882393146333,0.00027253866770354795
0.5877187149657489,0.38939745690959104,0.19832125805615786
0.3203479153922374,0.3234615147717933,0.003113599379555909
0.7817969993902226,0.7153745184741842,0.06642248091603842
0.9133691429196222,0.6742571728556774,0.2391119700639448
0.9496961436361241,0.6879955782617979,0.2617005653743262
-0.0057257982060519574,-0.09481055193181377,0.08908475372576181
-0.6110631385933458,-0.24881595210172786,0.36224718649161797
-0.6634065285954277,-0.456346837694187,0.2070596909012407
-0.9589751779707576,-0.7636648794161514,0.19531029855460624
-0.9391444748654957,-0.7160731160987249,0.22307135876677076
0.9023284628455882,0.7235015767433849,0.17882688610220332
-0.3711025627184278,-0.3674216321885561,0.0036809305298716732
-0.9337741264928492,-0.6957275905438943,0.23804653594895486
-0.9479882147868448,-0.7402120731311478,0.20777614165569702
0.947531999454875,0.7177854930871106,0.2297465063677644
0.30995670568148964,0.1490642341605624,0.16089247152092725
-0.6920240834818173,-0.45572470335914844,0.23629938012266888
-0.8587477671683286,-0.6864117988415469,0.17233596832678166
-0.3311448683036181,-0.3411676149680804,0.01002274666446229
0.8381954021401404,0.6053927779108633,0.2328026242292771
0.9300736887119033,0.7241709652692855,0.20590272344261784
0.6210799278775002,0.5370608892326902,0.08401903864480997
0.8049295830532692,0.5754361527541029,0.22949343029916636
0.5442202887460523,0.3510238535564052,0.19319643518964713
-0.14352921144068673,0.021034922421966366,0.1645641338626531
0.2414582716083541,0.03266677519458134,0.20879149641377276
-0.7418583534024787,-0.5234532835157238,0.2184050698867549
-0.5234517843260672,-0.3406263978388213,0.1828253864872459
0.601744006199315,0.3736400024234145,0.2281040037759005
0.7012049215785746,0.5984747091895097,0.10273021238906488
0.7704821554739358,0.6461033920833592,0.12437876339057663
-0.6089846503330474,-0.5319620113653888,0.0770226389676586
0.3552542750150417,0.19320181745543596,0.16205245755960573
0.9028444058332462,0.7860434043735947,0.11680100145965155
-0.5056951759035879,-0.3268967395983411,0.17879843630524683
-0.8855319975007709,-0.7732297437076755,0.11230225379309544
-0.3681403033398832,-0.36485494751534236,0.0032853558245408143
0.0008551414995459583,0.08563017079668318,0.08477502929713722
0.5994110125912687,0.5267396373352359,0.07267137525603284
0.6603435772401339,0.56512807029003,0.09521550695010395
0.23993008516970524,0.25726581805930826,0.017335732889603023
-0.4777854186589151,-0.45539188759276944,0.022393531066145667
-0.8955257986513446,-0.6568017402314767,0.23872405841986788
0.501298378288839,0.66903697325386,0.16773859496502097
-0.1773777716220171,-0.055595484945351804,0.1217822866766653
-0.8547834789714387,-0.6948635242033683,0.15991995476807042
-0.042272146792705204,-0.11346825633913141,0.0711961095464262
-0.7894413671231942,-0.564998628650548,0.22444273847264629
-0.9009358927326426,-0.785466598118914,0.11546929461372868
-0.018646491069892118,-0.10249515671483073,0.0838486656449386
0.8975651209025658,0.7139505467599782,0.18361457414258764
-0.9158262952915652,-0.7765100971326181,0.13931619815894714
-0.882191752309873,-0.7043570064951141,0.1778347458147589
-0.35467396581105726,-0.20466597226788416,0.1500079935431731
0.5087671047539895,0.471185741288248,0.03758136346574148
0.7935664208554262,0.6584077749545736,0.13515864590085258
0.8445505995957938,0.6658015035462347,0.17874909604955913
0.8809109337512924,0.6443923933432204,0.23651854040807196
-0.6739113263382323,-0.5563283354507312,0.11758299088750102
-0.22958029070534355,-0.10235628309041132,0.12722400761493224
0.44397265799933494,0.411222649396798,0.03275000860253696
-0.705703661032279,-0.6055934473274477,0.10011021370483131
0.5134051217748798,0.4724404430635243,0.04096467871135556
0.9482635747389839,0.735109254153835,0.21315432058514894
0.25233748298554154,0.05022917635053131,0.20210830663501023
-0.5524133459607231,-0.3601240816956217,0.1922892642651014
0.6491218481454226,0.4339954781080094,0.2151263700374132
0.7914008277285253,0.7271645007114421,0.06423632701708315
0.5580959611090194,0.4909154693774635,0.06718049173155588
0.627391409230188,0.5376282822272561,0.08976312700293188
-0.21024743526541959,-0.04462291922675592,0.16562451603866368
-0.19815960918373865,-0.07220071366529883,0.1259588955184398
-0.9416725421220934,-0.7363914096635937,0.20528113245849966
-0.7293699188359803,-0.5087273279144872,0.2206425909214932
0.670846287580016,0.5991646110978194,0.07168167648219659
0.5810039746485617,0.5136340346241606,0.06736994002440111
-0.6040998150495607,-0.5340182086908236,0.07008160635873706
0.8410562154654779,0.6128458126942632,0.22821040277121474
0.9711959954833966,0.8210474411067741,0.15014855437662256
0.8285079059112395,0.6034177011913303,0.22509020471990915
-0.10220024802772584,0.10019562388762163,0.20239587191534747
-0.332671367226596,-0.17229404929176612,0.1603773179348299
-0.4670452369721276,-0.4463958068050273,0.020649430167100302
-0.24629176269732597,-0.33041576645622633,0.08412400375890036
-0.2045489536436157,-0.013920247469831733,0.19062870617378397
0.06615313723427385,0.12771810236182937,0.06156496512755552
0.39122545619159205,0.21373815374690264,0.1774873024446894
-0.4923488158614264,-0.45930566485540164,0.033043151006024785
0.9394923796916155,0.7137986034128797,0.22569377627873577
0.7885454697715762,0.6588501494153028,0.1296953203562734
0.9492029449252922,0.7380798396560445,0.2111231052692477
-0.8454850686565957,-0.6206684451143194,0.22481662354227627
0.9133476923393039,0.7935565921012503,0.11979110023805362
-0.4743470194186261,-0.4499928848871701,0.024354134531456018
0.9229754304109805,0.7283118344289278,0.19466359598205274
0.49985676406929763,0.4688022760698941,0.031054487999403524
-0.7611079823051055,-0.5503190356667181,0.21078894663838732
0.8917345541259538,0.6004106040529993,0.29132395007295453
0.9441265407683394,0.7275152650263849,0.2166112757419545
-0.8514084997104263,-0.621101328705113,0.23030717100531328
-0.6477962719925794,-0.4421477366744874,0.20564853531809196
0.01392769429887635,0.09258825090700905,0.0786605566081327
-0.4324481523108282,-0.4149535002320145,0.017494652078813733
-0.04250439581970784,-0.17046040125696724,0.1279560054372594
-0.5312757098243132,-0.3438091877528015,0.18746652207151165
0.26120268245068046,0.30746975715954267,0.04626707470886221
0.8258131087226016,0.6070813517347756,0.218731756987826
0.12981496323473918,0.17901204491300368,0.049197081678264504
-0.06124487181999676,0.12483932762314577,0.18608419944314253
0.8895011869763341,0.649352642403817,0.2401485445725171
0.07419798332014994,-0.025465900942952487,0.09966388426310244
0.808284432025256,0.5849042492580206,0.22338018276723537
0.024839596747489565,-0.1337150036491078,0.15855460039659736
0.7438564165042377,0.6230941197426806,0.12076229676155714
-0.04512965951159753,-0.11985261120626022,0.07472295169466268
0.7141784014412267,0.6052430185901359,0.10893538285109083
0.11765017272056698,0.18775070708065553,0.07010053436008855
-0.8731975325860357,-0.7563768042636372,0.11682072832239854
0.5546669093966974,0.5062325926761727,0.04843431672052467
-0.5395961201893557,-0.49596933911882773,0.04362678107052792
0.6205856767989013,0.535333367846648,0.08525230895225333
0.7846925936388174,0.5508252548959091,0.23386733874290833
0.7942782455097938,0.6658636631161673,0.12841458239362646
-0.8537795624236659,-0.7024266526758519,0.151352909747814
-0.9186953134209578,-0.7030087008929545,0.21568661252800325
-0.3572498546963453,-0.19156575215664973,0.16568410253969557
0.9301945323203274,0.7579855774935097,0.17220895482681775
0.9336031881889243,0.7075226493331205,0.22608053885580381
-0.18676946136099265,-0.06782853427279967,0.11894092708819298
0.9197705845948878,0.7280479560619458,0.19172262853294197
0.6799424597246376,0.5804053408930556,0.099537118831582
0.44854021207635986,0.5446378610462952,0.09609764896993533
0.21860756083097893,0.2462939915153643,0.027686430684385366
0.18186460072276409,0.21955925187242217,0.03769465114965809
-0.4191807528863888,-0.21003147716036813,0.20914927572602066
-0.8138139966866786,-0.5869067817058392,0.22690721498083943
-0.8310772787255922,-0.7001307203279766,0.1309465583976156
-0.5663681315464704,-0.37027280035940474,0.19609533118706562
-0.6438717644537574,-0.4430172204358618,0.2008545440178956
-0.5324320566441462,-0.3406022091158093,0.19182984752833687
-0.12817180059466526,-0.1777734683036516,0.04960166770898633
-0.18518051116901477,-0.024281079590813916,0.16089943157820086
-0.34485128298904405,-0.3446224953720607,0.00022878761698336136
0.7180201738689461,0.6097056964648581,0.10831447740408806
-0.8032740429358098,-0.5807333282337326,0.22254071470207726
-0.12862632431715473,-0.18659545238211184,0.057969128064957104
0.897348988774358,0.6618165184922042,0.23553247028215374
0.2883008692781867,0.12661354868908858,0.16168732058909813
0.9402628628978278,0.7412242799516823,0.19903858294614551
0.24090637282423993,0.27230414054513746,0.03139776772089753
-0.3055845657319034,-0.08075634719730172,0.22482821853460166
-0.34694482111218133,-0.1735724287287331,0.17337239238344823
0.5767953378567817,0.38155526838884374,0.19524006946793798
0.8899115102162678,0.708704622345679,0.1812068878705888
-0.9447432578297777,-0.7360497419293935,0.2086935159003842
-0.6414016564059285,-0.42933700337943426,0.21206465302649424
-0.8058874485468467,-0.5676944965547281,0.23819295199211854
0.9477580587182198,0.7410894628687341,0.20666859584948571
0.8419063546911422,0.6911715551842479,0.15073479950689428
0.035223025498214204,0.10930484780888974,0.07408182231067553
-0.9406060561011304,-0.7157703989880315,0.22483565711309883
-0.00877309036847785,0.0809268354030677,0.08969992577154556
-0.394929263421365,-0.4417793344228339,0.04685007100146893
-0.7491881256506414,-0.6317550489166901,0.11743307673395131
0.831349700994306,0.6079805814767747,0.22336911951753136
-0.004783816529014523,-0.09223366269341778,0.08744984616440325
0.8920872956250963,0.7813535692792433,0.11073372634585299
-0.6827094112328398,-0.4726614465660163,0.21004796466682352
0.9063425065682654,0.7320650219497702,0.17427748461849524
0.5924042186742229,0.393389644867658,0.1990145738065649
-0.1729427736029243,-0.21962559378896207,0.04668282018603778
0.21769732083980475,0.08302959204159266,0.1346677287982121
0.8363456640543506,0.6086523807541848,0.2276932833001658
0.13748420994178953,0.1992544773643626,0.06177026742257308
0.8457170514059512,0.6185170247025398,0.22720002670341144
-0.4706079508051448,-0.25957495022693383,0.21103300057821095
-0.1971932482021034,-0.24436751869996937,0.04717427049786596
0.6033576246140254,0.39994275005676994,0.2034148745572555
-0.9306620954276602,-0.6957387855661847,0.23492330986147547
-0.43120374739056566,-0.3990984792072712,0.032105268183294455
0.8997275097339825,0.6124710864137232,0.28725642332025936
-0.9305906020868827,-0.7044938268818146,0.2260967752050681
-0.5713354618671275,-0.370474369960681,0.20086109190644647
0.6967034063909651,0.4744385585927022,0.2222648477982629
0.05422471304708875,-0.058351704622580144,0.11257641766966889
0.7671734600716004,0.6449707069029128,0.12220275316868756
-0.28233652315839053,-0.3194118586194747,0.03707533546108416
-0.9405058549110549,-0.7166569292046062,0.22384892570644865
0.516953478415651,0.4812918625908181,0.035661615824832904
-0.01708785140864902,-0.14822766243131758,0.13113981102266856
0.14641387821023955,0.18667824368099017,0.04026436547075063
0.41135153178676387,0.3925679667332976,0.01878356505346629
0.9435146597661563,0.7178525267665101,0.22566213299964621
-0.7462225083744071,-0.6331525706089939,0.11306993776541319
0.1332092276746992,0.019608251564832497,0.1136009761098667
0.12203312950377188,0.17766774990332992,0.05563462039955805
-0.9213029821779749,-0.7342868396315069,0.18701614254646803
-0.05862936526850075,-0.13471942032448186,0.07609005505598111
0.05474974078674185,-0.040386258069588524,0.09513599885633037
0.6095352235968855,0.5376993313318333,0.07183589226505216
-0.9047245926187295,-0.6714804499419961,0.23324414267673343
0.5186626927749154,0.4493238968480954,0.06933879592681996
-0.9004562733699093,-0.668443208759187,0.23201306461072235
-0.7682922918860734,-0.5524755498841214,0.215816742001952
-0.8856431807810392,-0.756580784122825,0.12906239665821417
0.44667367727684015,0.4065035885003751,0.04017008877646505
0.9458398449624645,0.8097766628820039,0.13606318208046064
-0.13960804089672818,0.19281057658893824,0.3324186174856664
0.9322154733190492,0.7353329303413663,0.19688254297768293
-0.46541407292840503,-0.2739697265697052,0.19144434635869984
-0.24508609240252874,0.044648555088973356,0.2897346474915021
0.9136039300285387,0.6851734398183993,0.2284304902101394
-0.7782066050617913,-0.5316694786190769,0.24653712644271442
-0.9483558149134388,-0.7339025811152516,0.21445323379818715
-0.790973390125505,-0.6189679577093476,0.1720054324161574
-0.8261235950775114,-0.6797438114982126,0.14637978357929882
0.9058566706999828,0.7178575295335066,0.1879991411664762
0.6116857858503525,0.4001092913258066,0.2115764945245459
-0.7775436475404456,-0.4166749572680768,0.3608686902723688
0.35982809586092573,0.3630105176292275,0.0031824217683017464
-0.9337164401747845,-0.7157381540572966,0.21797828611748793
-0.43177320514155715,-0.10893271802000484,0.32284048712155233
0.057463738732586325,-0.06012867576599018,0.1175924144985765
0.8240346608598547,0.5966787574024018,0.22735590345745282
0.42065048404752536,0.25142568481107025,0.16922479923645511
0.4627937981123729,0.43739839315145856,0.02539540496091436
-0.7328319627517631,-0.626438936319889,0.1063930264318741
0.07981546362934284,0.15923871285069652,0.07942324922135367
0.487775980545473,0.18411133020202008,0.3036646503434529
-0.04959067756809804,0.10385445860359022,0.15344513617168826
-0.8917367195586187,-0.6641776645031627,0.22755905505545593
0.6041515561935911,0.2695162791818567,0.33463527701173434
-0.2940115367609382,-0.3081916973644051,0.014180160603466885
-0.7958335743533725,-0.7064381439757274,0.08939543037764519
-0.9382446579779997,-0.7090564198615366,0.22918823811646316
-0.20511617244110078,-0.2505615943910203,0.045445421949919546
-0.7256459132444553,-0.5545238495476876,0.17112206369676763
-0.31346492509218205,-0.07191896715558727,0.24154595793659478
0.630880931403924,0.5466996504603371,0.0841812809435869
-0.24053046022766042,-0.02270922047290047,0.21782123975475995
-0.7180395208464238,-0.5047493350323117,0.21329018581411208
-0.03117894511105482,0.050879727390281,0.08205867250133582
0.9270217081312244,0.7323894534141036,0.19463225471712087
0.4733476331343319,0.43858116815524895,0.03476646497908298
-0.7562136587423313,-0.6365382001574299,0.11967545858490136
-0.5847371990736778,-0.3703522471073917,0.21438495196628615
-0.864230573938077,-0.7102841618475612,0.15394641209051585
-0.45075217948492474,-0.2740559733386176,0.17669620614630716
0.8374276428601543,0.6915121329974661,0.1459155098626882
-0.877694841394018,-0.6840968296734373,0.19359801172058066
0.25838559362596614,0.3993615391322655,0.14097594550629938
0.9483702884191116,0.7258626496367115,0.2225076387824001
-0.12992014405331428,-0.1814184920324806,0.0514983479791663
-0.6867815016778391,-0.6478282576715926,0.03895324400624656
0.7461918022789386,0.5293065819031967,0.21688522037574187
-0.71612266928906,-0.4937492432829615,0.2223734260060985
0.7861283322709608,0.5638564416606466,0.22227189061031416
0.7036673285216902,0.396067136440629,0.3076001920810612
0.7504411439778782,0.6597412924862956,0.09069985149158255
-0.22217964172690993,-0.08519365287232548,0.13698598885458446
-0.9035401716090191,-0.7169715238533262,0.18656864775569293
0.20701398086083891,0.06673565152767673,0.1402783293331622
0.8748240992904176,0.667974490208003,0.20684960908241457
0.16565114040984513,0.035343088617725026,0.1303080517921201
-0.5575117511405986,-0.6634804994787106,0.10596874833811198
0.33655601214866493,0.3390366087798551,0.0024805966311901573
-0.7847558653879136,-0.5310059473269829,0.2537499180609307
-0.6270102671625132,-0.6199176847972531,0.007092582365260114
0.8528759216939636,0.6314320731881676,0.22144384850579601
0.32930974475338504,0.3364291893885237,0.007119444635138639
-0.9349603062728963,-0.709504438018292,0.22545586825460429
0.7200409544517595,0.6116614412927981,0.10837951315896144
0.5818534516004481,0.525105500316184,0.05674795128426413
0.6080090784502139,0.676608203384942,0.06859912493472808
0.8961049853399151,0.7206412052607764,0.17546378007913876
0.9403804279045512,0.718068146544674,0.22231228135987724
-0.8847830428312914,-0.6632505687141775,0.22153247411711385
0.3379850349302398,0.11011739057290948,0.2278676443573303
0.23128309396838323,0.09561604336068553,0.13566705060769768
0.9463955916611948,0.694449673575481,0.25194591808571376
0.52892272640968,0.31282098224595023,0.21610174416372974
0.901920376798481,0.7154739674504084,0.18644640934807266
-0.2561601237403766,-0.28085161384307517,0.024691490102698554
0.9127455680441591,0.6073849113325531,0.30536065671160595
0.9402853901147831,0.7157565437402991,0.224528846374484
0.8403087603478498,0.6922656670042426,0.1480430933436072
-0.9454998222708246,-0.7294258867593268,0.21607393551149778
0.30489276350641786,0.15056062993855976,0.1543321335678581
0.9393481081724766,0.7291009599104925,0.2102471482619841
-0.6638686684556765,-0.5768337741383425,0.08703489431733402
-0.39379877033458544,-0.38571248622752,0.008086284107065411
-0.5418882427607723,-0.3434365664683879,0.19845167629238442
0.898809898255229,0.6683448495300937,0.2304650487251353
-0.3175615635438758,-0.12687034714511913,0.1906912163987567
0.9471012633509066,0.7386723638243005,0.20842889952660615
0.20506363262928182,0.24949919891790548,0.04443556628862366
-0.23320443994507492,-0.10532710749175826,0.12787733245331667
0.9151962683306257,0.6842613807034099,0.2309348876272158
0.5631804623150988,0.36920439093815244,0.19397607137694634
0.17416797116163243,0.040532537830902264,0.13363543333073016
0.47729403881750454,0.4431969440084792,0.03409709480902534
-0.32499575234720846,-0.33972128196811524,0.014725529620906785
-0.7533850301230458,-0.5326916129481097,0.22069341717493607
-0.05117612387503329,0.20495651234934392,0.2561326362243772
0.8138190370935163,0.6593330195720354,0.15448601752148095
-0.8336047697915299,-0.6914369996280952,0.14216777016343463
0.959433176273451,0.7664750667313108,0.1929581095421402
-0.5261621146438481,-0.47536397059364516,0.05079814405020294
-0.9503364529986542,-0.7435398938977925,0.2067965591008617
0.24364399388157837,0.2654338274359248,0.02178983355434644
0.6857387753963026,0.5972233837600864,0.08851539163621613
0.5746764797065547,0.3505145443957716,0.22416193531078304
0.9458793173725759,0.753059294128148,0.19282002324442793
0.7405391238402412,0.730356323354879,0.010182800485362242
0.15043902181570093,0.03529969112601149,0.11513933068968944
0.3471236047516455,0.1116313591705016,0.2354922455811439
-0.2762082471611011,-0.2872548382942976,0.011046591133196504
-0.9461263767945903,-0.7545853609974145,0.19154101579717586
0.7567250385018092,0.5382200067004307,0.21850503180137848
-0.8838035441482106,-0.7516133261039479,0.13219021804426268
-0.8204823670087282,-0.5832476350920426,0.23723473191668565
0.9332018986152293,0.7080751573393484,0.22512674127588084
-0.8641870322330281,-0.6020581919552195,0.2621288402778086
-0.8885832426266996,-0.710614811640385,0.17796843098631465
0.9190105699038938,0.7257157359938192,0.19329483391007463
0.890260228355643,0.6611832965456765,0.22907693180996647
0.9063111257543831,0.7176623436511544,0.18864878210322866
-0.7632092308291986,-0.533047501267208,0.23016172956199055
-0.8708939938171412,-0.7098325688326971,0.1610614249844441
0.0940749177530971,-0.01307840879071765,0.10715332654381476
-0.2099314090588669,-0.26172451906539285,0.05179311000652595
-0.943590436376325,-0.721035549047568,0.22255488732875706
-0.25568380774652955,-0.11750638116021352,0.13817742658631604
-0.21710685831421409,0.03047546618528178,0.24758232449949585
0.6029380406289112,0.4000667260151861,0.2028713146137251
0.4954775739306807,0.3072550841001207,0.18822248983056
0.6961089402921378,0.48309691626563583,0.21301202402650193
0.23715970827144126,0.2644321489260903,0.02727244065464904
0.8302847241588917,0.5994013097348635,0.23088341442402815
-0.16741805949872804,-0.1603384988239311,0.007079560674796925
0.032254074759968526,0.10343269309184974,0.07117861833188122
0.20166316026301928,0.07545130108613184,0.12621185917688743
-0.6360943656551957,-0.5547379720120568,0.08135639364313896
-0.11754646945025146,-0.18022882193762096,0.0626823524873695
-0.9102334402163401,-0.7242109457458966,0.1860224944704435
0.7963734189495265,0.5749674100596037,0.2214060088899228
0.8251070800291778,0.7371518627988963,0.08795521723028144
-0.6068170233177035,-0.5520610790788756,0.0547559442388279
0.5063555567793373,0.45585932440696186,0.05049623237237544
-0.29056159395327535,-0.14545813865866203,0.14510345529461333
-0.9126364230661212,-0.7267782912522311,0.1858581318138901
-0.8595925325722502,-0.6238796422261665,0.23571289034608367
-0.6985594211024944,-0.48148340941039036,0.217076011692104
-0.4543419566747738,-0.4247999157014037,0.0295420409733701
-0.9421189281423676,-0.7203061452395878,0.22181278290277984
-0.40186456820839445,-0.3942699395133668,0.007594628695027639
-0.6920236017736655,-0.6094152826313833,0.08260831914228217
0.8590672093460835,0.628217553160367,0.2308496561857165
-0.8121058100700003,-0.5877269484506789,0.2243788616193214
0.2400566388608341,0.046948284363598235,0.19310835449723585
0.3509575456034912,0.368585981175834,0.017628435572342838
0.6426881476609597,0.43258026181193276,0.21010788584902695
-0.9543140400646448,-0.7398999456930213,0.2144140943716235
0.5939968005812118,0.3832803095873715,0.21071649099384032
0.4348847714356656,0.2540755366190689,0.18080923481659672
0.859589175568769,0.7069105445023142,0.15267863106645485
0.9439238042548521,0.7205941599475857,0.22332964430726643
0.7987774806557042,0.6596930604059205,0.13908442024978374
-0.9244270172683451,-0.7284976908943206,0.1959293263740245
0.8246055949516334,0.6717496140175451,0.15285598093408836
-0.2764404995918736,-0.3030332079922967,0.026592708400423104
0.1555631133397104,0.04516571134862051,0.11039740199108988
-0.2621915063325839,-0.1149311331015196,0.14726037323106433
0.036206181652583234,0.13961677709643172,0.10341059544384848
0.9205292522129948,0.737899944340321,0.18262930787267373
-0.9740722534026749,-0.783362134694129,0.19071011870854593
0.8925822684976049,0.679680713284648,0.21290155521295695
-0.49444235061503744,-0.30730250560838684,0.1871398450066506
0.17325017760399483,0.047396355015336726,0.1258538225886581
-0.8451411429602468,-0.6172811600593933,0.22785998290085352
0.9350170334396081,0.7001502870879889,0.2348667463516192
0.26694755309692775,0.286170031039179,0.019222477942251237
0.8623071843444047,0.6351177530607558,0.22718943128364888
0.874386205542053,0.654784259287433,0.21960194625462004
0.9212243714166339,0.732836530362931,0.188387841053703
0.8016034650310593,0.666578459037595,0.13502500599346423
-0.8556821547670094,-0.6977516259106148,0.15793052885639458
0.7966306434883119,0.6662626477604934,0.13036799572781854
-0.7530374883001459,-0.5320120421958989,0.22102544610424701
-0.3549545987294269,-0.19640917739066166,0.15854542133876526
-0.4804067962561113,-0.2984075025948084,0.1819992936613029
-0.7354447101462463,-0.5240859519096485,0.2113587582365979
0.960647155009758,0.7801504816809238,0.18049667332883412
-0.7262638893347231,-0.503290535190579,0.2229733541441441
0.5370971351379681,0.4918404916725776,0.04525664346539049
-0.5533211809996352,-0.4875549661058,0.06576621489383522
0.5721556123413754,0.28649911383593796,0.2856564985054374
-0.09546682874926436,-0.22786071623794882,0.13239388748868447
0.737534481408514,0.5224627349814737,0.2150717464270403
0.4844325301689486,0.3074744054859912,0.1769581246829574
-0.8530862588866953,-0.7104393445299213,0.142646914356774
0.9409542803877643,0.724019940172247,0.21693434021551727
0.12263629682053365,0.17821871564444677,0.05558241882391313
-0.034072750542693535,0.0798482162370348,0.11392096677972832
-0.7225957234009522,-0.502331470019916,0.22026425338103628
0.3536668532704905,0.3575861188077825,0.003919265537291994
0.9356562667373093,0.6822708800000964,0.2533853867372129
0.570692097357431,0.5124751047558491,0.05821699260158186
-0.5776486586458953,-0.37133665701657637,0.20631200162931895
0.29321300294407837,0.14748409468542856,0.14572890825864981
-0.6429272243452337,-0.4409851571339953,0.20194206721123847
0.9681561996882526,0.7820981303390165,0.18605806934923608
-0.8908344883223341,-0.6760780306685112,0.2147564576538229
0.464509750484288,0.4541846378091706,0.010325112675117376
0.4024992677556655,0.22586135155286835,0.17663791620279717
-0.09940958326276562,0.02735217066723167,0.1267617539299973
0.9027642901923815,0.6821940606427846,0.22057022954959682
0.546054759774024,0.35459451779188755,0.1914602419821364
0.02269886065044239,0.09710705079758528,0.0744081901471429
0.005574363481029569,0.08261843762981659,0.07704407414878703
-0.6104088684248813,-0.5433479756393674,0.06706089278551386
0.12034400674692014,-0.1349858726436638,0.25532987939058394
0.48612715897110176,0.299470045693275,0.18665711327782675
0.5102746638077145,0.322305537554582,0.18796912625313245
-0.2592390593823739,-0.12088271469931211,0.1383563446830618
0.7720457568634626,0.5469576225907297,0.2250881342727329
-0.7007077218791398,-0.4756824786525258,0.225025243226614
-0.6609033566241147,-0.44733825792714876,0.21356509869696594
-0.10741433242741416,0.004753204894564263,0.11216753732197843
0.9320192319843538,0.73862835952272,0.19339087246163378
-0.8849676566884027,-0.6330536523327022,0.25191400435570055
0.4449957109225003,0.2623414922585462,0.1826542186639541
0.10020494050774605,-0.005665112901363458,0.1058700534091095
0.9444769449297021,0.7341972005883254,0.21027974434137675
-0.12380017649505717,-0.01503331199895875,0.10876686449609843
0.67077402848091,0.4382487053208929,0.23252532316001706
-0.5977083972124,-0.39732863810997726,0.20037975910242273
-0.12990921750861129,-0.1845437396130936,0.0546345221044823
0.31884298637458336,0.1681551090505932,0.15068787732399017
0.7018674072906266,0.6940830288222702,0.007784378468356334
-0.8495792775643228,-0.6893916780328327,0.1601875995314901
0.4877897018246026,0.2698129870339462,0.2179767147906564
-0.05870674678184896,-0.18360673069605152,0.12489998391420257
-0.34245942351370445,-0.1930433127535695,0.14941611076013495
0.5545692195166402,0.486492823033988,0.06807639648265218
-0.9375253243730802,-0.7762566066410922,0.16126871773198803
0.7666580073929707,0.6394374875979763,0.1272205197949945
0.8994986201545178,0.7320201139758611,0.16747850617865667
-0.9302890416212215,-0.752991978506335,0.17729706311488647
0.050876443564279915,0.12373774071713986,0.07286129715285994
0.6232804278075781,0.4147766439149907,0.2085037838925874
0.6549407885964091,0.3451213012567391,0.30981948733967
0.9467777249792488,0.7390406681030912,0.20773705687615762
0.4183291594968534,0.40698205780932617,0.011347101687527228
0.5972241222568714,0.39560914747927733,0.20161497477759405
-0.6073431182203681,-0.4063211379279491,0.20102198029241902
-0.7393588004987559,-0.5139672865705069,0.22539151392824897
0.39554209699738646,0.3824674576604186,0.013074639336967842
0.11753129248993884,0.21115907472694218,0.09362778223700334
-0.7375080849798574,-0.6360558005283868,0.10145228445147059
0.5139436385079811,0.47729381460018044,0.03664982390780064
-0.5351484650004487,-0.48431079035080465,0.050837674649644005
-0.47086904921378725,-0.2876380828633912,0.18323096635039604
-0.5914221839933288,-0.5212169764609814,0.07020520753234738
0.5143767652646725,0.4641594529966494,0.05021731226802306
-0.4168655745084541,-0.39534416213555107,0.021521412372903004
-0.9465013176700163,-0.7306111644661053,0.21589015320391103
0.9397899737119133,0.7311497385528013,0.208640235159112
-0.14018333016201245,-0.185607393427224,0.045424063265211534
0.1859993832226016,0.05810753474667109,0.1278918484759305
0.8450661593912686,0.6158167117129407,0.2292494476783279
-0.5923509493398972,-0.3902606275870935,0.20209032175280367
-0.8663110870615518,-0.6364360543626963,0.22987503269885545
0.08092819949732132,0.16887347172234204,0.08794527222502073
0.90518585272776,0.6760702537332861,0.22911559899447387
0.8806469648335734,0.6518167930901831,0.22883017174339026
-0.1803759229947862,-0.23579443083073956,0.05541850783595337
-0.9683506093769428,-0.7765857892649928,0.19176482011195006
-0.5391259466859435,-0.484238434145264,0.05488751254067947
0.7309446409648539,0.6334053897568809,0.09753925120797302
-0.5218396578780005,-0.3434105864165155,0.17842907146148496
-0.12337322395499176,-0.18801537706453247,0.06464215310954072
-0.7331732928075542,-0.38504511315401796,0.3481281796535362
0.7039126495364729,0.4755219055929115,0.2283907439435614
0.13555947049187153,-0.03729822382097772,0.17285769431284925
0.9276013331615552,0.6466033937031627,0.2809979394583926
0.9229230249565763,0.7052517798493306,0.21767124510724567
0.24837508938977002,0.09117981446480372,0.1571952749249663
-0.9335786934844832,-0.7346647927655428,0.19891390071894044
0.9497656471140508,0.7277764939208715,0.22198915319317924
-0.9217431796567228,-0.7205800348188016,0.2011631448379212
0.8813396268144615,0.6474703434239109,0.2338692833905507
-0.8988128457109897,-0.7718571079988616,0.1269557377121281
-0.9681817784094815,-0.7640605870034151,0.20412119140606644
-0.8064726179741379,-0.5781830720727374,0.2282895459014005
-0.9476910326269556,-0.7313014834079876,0.21638954921896802
-0.9105249162538727,-0.6813221345576999,0.2292027816961728
-0.12081783600789074,-0.20878545749611843,0.08796762148822769
-0.28985003213753513,-0.36255744159725345,0.07270740945971832
-0.3511886101498954,-0.19064855396541996,0.16054005618447542
0.6574890449128268,0.4453203803260155,0.21216866458681127
-0.8373930301092936,-0.6939546299074139,0.1434384002018797
-0.7650435425590129,-0.6411709910583788,0.12387255150063403
-0.2674893895145365,-0.35217087805060016,0.08468148853606366
0.7499499016491045,0.49601467797892973,0.25393522367017474
0.9359491478005246,0.6682029625139992,0.2677461852865254
0.06991980265193097,0.12903865481562063,0.05911885216368966
0.9193890988400456,0.7298953813882016,0.18949371745184396
-0.9517864611302527,-0.6975644497971053,0.25422201133314737
0.7902007757685656,0.7222683264622809,0.06793244930628473
-0.15738557993103197,-0.2104847548486299,0.05309917491759794
0.15430223229596024,0.013695476124687418,0.14060675617127283
0.9466856518191131,0.7286428809870399,0.21804277083207324
0.949371541544835,0.7315528921336033,0.21781864941123175
0.9293483032901751,0.7179989411651504,0.21134936212502475
-0.6795504495877666,-0.3111340667824978,0.3684163828052688
0.938597953257415,0.7312974163909562,0.20730053686645877
-0.9471705024495869,-0.733853359797897,0.21331714265168988
0.9442722331539911,0.7573650636278465,0.1869071695261446
0.9579308913469959,0.8232325790174924,0.13469831232950358
-0.6782926563425424,-0.5729906527672974,0.105302003575245
-0.9468566373837871,-0.6790027320813445,0.2678539053024426
-0.8121654539660248,-0.46835458911328764,0.34381086485273715
0.41249918023573773,0.4111803537385647,0.0013188264971730201
0.8232440257649776,0.760808804933527,0.06243522083145059
-0.17325244390971303,-0.051289769042688546,0.12196267486702449
-0.48253296890298214,-0.30499167837361063,0.1775412905293715
-0.5093149052735343,-0.4773446717458197,0.03197023352771461
-0.1277304340211459,0.010051182947822626,0.1377816169689685
0.029271793588412517,-0.05571256205027171,0.08498435563868423
0.053519044721323024,-0.05007733828022373,0.10359638300154675
0.08315675218168117,-0.046025864417609405,0.1291826165992906
-0.7329309626616346,-0.5087992343277444,0.22413172833389017
0.7300108340970185,0.6337632357953652,0.0962475983016533
0.7740735472244779,0.5385982781072083,0.23547526911726957
-0.8197419754688687,-0.5926728795496391,0.22706909591922964
-0.308453858513743,-0.3247471743898796,0.016293315876136583
0.7799942159575498,0.6236628940594973,0.15633132189805254
0.27645238431228214,0.1308885884953272,0.14556379581695494
-0.029447979588199995,-0.11239627566613132,0.08294829607793133
-0.890221042795272,-0.7740641285314194,0.11615691426385266
0.3476942386810653,0.34580024253277664,0.001893996148288668
-0.031296008093535915,-0.13701323286342262,0.10571722476988671
-0.4902670215312711,-0.2698384170063694,0.2204286045249017
-0.3395626927144914,-0.1821109993639079,0.1574516933505835
0.3955642928480645,0.38417649298814766,0.011387799859916836
-0.5893264450673867,-0.4398630626245927,0.14946338244279406
-0.3594770565679701,-0.3603693213085949,0.0008922647406248152
-0.6479353932815864,-0.5717063382644415,0.07622905501714494
-0.27160200762903164,-0.12424496135980644,0.1473570462692252
-0.7415141092120779,-0.6177781741094237,0.12373593510265424
0.12269560404387608,0.009451574787261684,0.11324402925661439
-0.17212171478795957,-0.043399435887774535,0.12872227890018503
-0.9686065687406304,-0.7369967052092969,0.2316098635313335
0.14890943871711412,0.19907844894703658,0.050169010229922456
-0.922734811517259,-0.739579277731131,0.18315553378612803
-0.9077470459460738,-0.6424748542837122,0.2652721916623616
-0.5536170329022881,-0.3580923575965086,0.19552467530577955
-0.7334334431737705,-0.6177316528280099,0.11570179034576056
0.7095759921977645,0.4929749906205146,0.21660100157724987
0.026745381825906116,-0.22719703149028656,0.25394241331619266
-0.5764146553733105,-0.3784434077222495,0.197971247651061
-0.6707697701280797,-0.5773649635812191,0.09340480654686056
-0.803613044621252,-0.6792210778828964,0.12439196673835562
-0.3704518657840301,-0.3640403318997067,0.006411533884323417
-0.2586982486385373,-0.12565339878094084,0.13304484985759646
0.5751213178247243,0.5196741136187711,0.05544720420595317
0.1396612601024666,0.012080300196753487,0.1275809599057131
-0.45976949916428905,-0.4578431625717029,0.0019263365925861753
-0.9295064625736913,-0.7107034815004458,0.21880298107324547
-0.5171003594776096,-0.319331677853143,0.1977686816244666
0.10603725758248414,0.41218646952819654,0.30614921194571243
0.9207986440604299,0.7257932538586701,0.19500539020175978
-0.8175927999571675,-0.6820167524598187,0.13557604749734875
-0.829705245877386,-0.5990046216148407,0.23070062426254534
0.8853570955721921,0.7176386452693475,0.1677184503028446
-0.6437137303251672,-0.5549991709538058,0.08871455937136141
-0.3591954050964557,-0.3537833166716354,0.005412088424820327
0.6026657545806934,0.39487586124285645,0.20778989333783693
0.4431333675991407,0.11634703094987944,0.32678633664926127
-0.9467441590987267,-0.7406197130506065,0.2061244460481202
-0.12967549733619346,-0.18777534438425822,0.05809984704806476
-0.04454151535489175,0.04440326269785742,0.08894477805274917
0.7178981688847083,0.6223666752982645,0.09553149358644375
0.9044738571037777,0.661058398147783,0.2434154589559947
0.517606679999327,0.4618676794477483,0.055739000551578655
-0.5146180422159112,-0.47386102676930136,0.04075701544660987
-0.1893712162874185,-0.06379408914339046,0.12557712714402802
0.8059691010605801,0.5748143410876303,0.23115475997294976
0.7055699108898099,0.6050202550424415,0.10054965584736841
-0.9486195732826627,-0.7311639452105991,0.21745562807206353
0.43673509152720363,0.2723448243385908,0.16439026718861283
0.9273185873472127,0.7306207763025709,0.1966978110446418
-0.5049363048311103,-0.48020245397266104,0.024733850858449258
0.4672074447527418,0.4384797120968709,0.028727732655870863
-0.7537414617526574,-0.6333853173743678,0.12035614437828968
0.2547713326492028,0.08780814565208976,0.16696318699711304
-0.4375938372952445,-0.14240942161329637,0.2951844156819481
-0.8459778272172771,-0.6909342887106115,0.15504353850666563
-0.9534315720735019,-0.7626092746549697,0.19082229741853218
-0.736968340841946,-0.6833710625514806,0.053597278290465344
-0.11087528899385583,0.1347692884115662,0.24564457740542206
-0.9329428365850984,-0.778916209197482,0.1540266273876164
0.7398845536479194,0.6232077147726898,0.11667683887522962
-0.8692431528705928,-0.756506552089211,0.11273660078138181
0.7577525858844246,0.5359539971562256,0.22179858872819902
-0.7835987214579668,-0.5723620431484969,0.2112366783094699
-0.6411432396947436,-0.43730229955344296,0.20384094014130066
-0.37509535064609134,-0.375072268135827,2.3082510264338385e-05
-0.632192873249573,-0.4218415575060187,0.21035131574355426
0.8014502130811754,0.6726963348397795,0.12875387824139584
-0.4367670725627656,-0.26299780493818903,0.17376926762457656
-0.39369175172453025,-0.22284374209263128,0.17084800963189897
0.03137921460647674,-0.07041167781175003,0.10179089241822678
0.7434911509133932,0.6254715966706113,0.11801955424278199
-0.21028207156169906,-0.246445648171666,0.03616357660996694
0.890564214336751,0.657332130304946,0.23323208403180506
0.08021842596351417,-0.01795634611017647,0.09817477207369063
0.721106871557974,0.4931829037160562,0.22792396784191782
-0.11229606348207946,-0.17404007601410315,0.06174401253202369
-0.02404253032443326,-0.10004165000967134,0.07599911968523808
0.9480130924780634,0.7292202224440695,0.21879287003399395
-0.5485375558385225,-0.5001721467713959,0.04836540906712661
-0.949235184866197,-0.7378906070854332,0.21134457778076376
-0.7960097332170343,-0.7295832890192234,0.06642644419781085
-0.7401680034152248,-0.5179399992602554,0.22222800415496946
-0.15372571856892045,-0.0328618134813631,0.12086390508755734
0.2981289479276097,0.16041114700820142,0.13771780091940827
-0.6676340380231814,-0.5910703405682552,0.0765636974549262
-0.09967907658563167,0.03297924036046557,0.13265831694609725
0.9635213281747941,0.8348221526861378,0.12869917548865628
-0.06493289474860911,0.037149226888590466,0.10208212163719957
-0.9625457648922953,-0.7839947886680286,0.17855097622426663
-0.9372082103980194,-0.7392109440027431,0.19799726639527626
0.9089999848529642,0.7543070413259821,0.15469294352698204
-0.09151576693133916,-0.1764044312022697,0.08488866427093054
-0.81938186565438,-0.5453441243286734,0.2740377413257066
0.8902578548778424,0.7162007258558772,0.17405712902196513
0.9390306709092296,0.7075812879014064,0.23144938300782325
-0.9502142447338193,-0.7890171305467528,0.1611971141870665
-0.8916925309887054,-0.6561160104573707,0.2355765205313347
-0.8289065179973267,-0.5802550572586413,0.24865146073868538
0.3496834930199313,0.3478803278393504,0.001803165180580879
-0.9136039300295049,-0.68919733099538,0.22440659903412485
0.8190977599108181,0.5930555714782996,0.22604218843251855
-0.9196210334495459,-0.7292641871925317,0.1903568462570142
0.9460686977639009,0.7272926109072454,0.2187760868566555
0.34597950582112824,0.17902606466314225,0.166953441157986
-0.5107072033631117,-0.3354552463711868,0.17525195699192492
-0.1689692944028847,-0.20768416086757163,0.03871486646468694
0.18568132352732097,-0.0560355906933157,0.24171691422063668
-0.22345847292918822,0.09081514711989563,0.3142736200490839
0.45888206345741994,0.27526488379094904,0.1836171796664709
-0.2524739707014981,-0.2628887104987747,0.01041473979727664
0.5258370908421783,0.34623681197198747,0.17960027887019087
-0.8118266512790187,-0.6746057847320964,0.13722086654692223
0.30115948018333666,0.150705936688938,0.15045354349439866
-0.9407745638706568,-0.7232849859013465,0.21748957796931034
0.888648536277022,0.7617742869043643,0.12687424937265768
0.9275786376261185,0.7379986231960082,0.1895800144301103
-0.8835405152533308,-0.6515775159074624,0.2319629993458684
-0.5058804921250851,-0.46416590104953426,0.041714591075550866
-0.8805402739610048,-0.6475965503426904,0.2329437236183144
-0.7207353319293467,-0.5068558346991014,0.21387949723024524
0.6924934633659512,0.46711678297512643,0.22537668039082476
0.5022279710943875,0.45325835061617437,0.04896962047821318
-0.946401442666195,-0.7268155400330352,0.2195859026331598
-0.29676741899838316,-0.1514629502854989,0.14530446871288427
-0.7099601274056051,-0.49205394887706483,0.21790617852854027
-0.16779764938479852,-0.044363262858469685,0.12343438652632883
-0.7367791598789921,-0.5184765080907769,0.21830265178821517
-0.8441408926679872,-0.6304226632725134,0.2137182293954738
-0.9600038281840072,-0.7626189559846527,0.19738487219935452
0.9214283557622964,0.702074401580357,0.21935395418193937
-0.8351363921246666,-0.6808338381732278,0.15430255395143877
-0.9556771675888458,-0.7613267944743031,0.19435037311454273
0.6849862464104196,0.5969337680495287,0.08805247836089092
-0.599438459568283,-0.38707770245558415,0.21236075711269886
0.47613558406780393,0.1683729066591938,0.30776267740861013
-0.5103784935542108,-0.3345501939259324,0.17582829962827845
0.07481385652590325,-0.1926454617517124,0.26745931827761565
0.07629573257021499,0.14503047482557915,0.06873474225536416
-0.1001402017675323,0.004481256650611837,0.10462145841814413
0.962828951943634,0.7400367983632974,0.22279215358033666
-0.9482159921144144,-0.7352019424286922,0.21301404968572224
0.9417654706072619,0.737687033624047,0.20407843698321493
0.8495004267343221,0.5716716047718944,0.27782882196242775
-0.9411694768793719,-0.737607968983297,0.20356150789607497
0.005339974041390634,-0.08220005824455749,0.08754003228594813
-0.7663345539612381,-0.6387179295322685,0.1276166244289696
-0.11935503280592089,-0.22746619340168925,0.10811116059576836
-0.17089977752200344,-0.045585134116001756,0.12531464340600168
0.4221535454497536,0.23622693373730563,0.18592661171244795
-0.17020510858080698,-0.04942693832318225,0.12077817025762473
0.6108286925363537,0.39721569534557033,0.21361299719078342
-0.2174352703882382,-0.24024611592002496,0.02281084553178675
-0.5086317941283498,-0.5664212598630255,0.057789465734675693
-0.9204148153596364,-0.7493260555378424,0.17108875982179406
0.8887643456006249,0.7134442429276338,0.17532010267299114
0.477996884046051,0.2910692863190758,0.1869275977269752
-0.8886985668520211,-0.7139426224188705,0.17475594443315057
0.7000221602108309,0.4313502670549908,0.26867189315584006
-0.9465907738418389,-0.7272457649330811,0.21934500890875774
0.1403361273692525,-0.000798049559255931,0.14113417692850844
-0.7801612881354074,-0.6444606674453847,0.13570062069002276
-0.6580310364201455,-0.48141472592248313,0.17661631049766235
0.7581521291500759,0.5637999071764084,0.19435222197366753
-0.8833899760517104,-0.6918599093145238,0.19153006673718664
-0.4545067941533491,-0.4205986920047747,0.033908102148574426
-0.8084124409693677,-0.740152879117162,0.06825956185220572
-0.7701844411707313,-0.5524014888210426,0.2177829523496887
0.9202634144876143,0.6948406568589519,0.22542275762866237
0.06542794792410139,-0.2096259390293577,0.2750538869534591
0.4215287118892213,0.3778987899098802,0.043629921979341124
-0.9421507123014773,-0.7368468481237938,0.20530386417768354
-0.1239739276226608,-0.17105405391251452,0.047080126289853724
0.6214864517990293,0.5409304874310916,0.08055596436793766
0.44262956072060516,0.41144667061038276,0.031182890110222405
-0.7430655197602122,-0.5141928896403767,0.2288726301198355
-0.6923485096002471,-0.5848923968170976,0.10745611278314948
-0.30586830582524815,-0.3197414495019968,0.013873143676748634
-0.8979630378778578,-0.6610294632436756,0.2369335746341822
0.9484580862637254,0.7426552380488893,0.20580284821483608
0.6838828936960427,0.5867028865412143,0.09718000715482844
0.09397999179339296,-0.005915481703203489,0.09989547349659644
-0.6892719570336344,-0.4785402842948175,0.21073167273881693
-0.7329659687443157,-0.6162183663560716,0.11674760238824411
-0.5094906891599973,-0.615795855611062,0.10630516645106469
-0.7055680362788734,-0.5996321121838266,0.10593592409504682
0.4470298364292765,0.2749023541554273,0.17212748227384922
0.534027077701043,0.3280359588207529,0.20599111888029004
0.8754465981504591,0.6503674993855474,0.22507909876491172
-0.7692782672056194,-0.651478121779909,0.11780014542571038
0.8275937047621348,0.7629466035372827,0.06464710122485207
0.12342856037922319,-0.009851557190544579,0.13328011756976776
0.759736091442664,0.6442471327038928,0.11548895873877119
-0.11528122344549993,-0.35540895806617673,0.2401277346206768
-0.8568458988762697,-0.6161268147328909,0.24071908414337884
-0.9246653831514255,-0.7786369353851333,0.1460284477662922
0.7003670170605052,0.5983874400437327,0.10197957701677252
-0.9060438850903922,-0.7277681385017983,0.1782757465885939
-0.9508859296644754,-0.7352144865504369,0.21567144311403852
-0.9488121698354072,-0.7344621877904062,0.214349982045001
0.3683733792475236,0.3897510276686088,0.021377648421085194
-0.23310729854307388,-0.08957929289578816,0.14352800564728574
0.05413341251385447,-0.052011683723588296,0.10614509623744277
0.46682918744752894,0.2862318428447306,0.18059734460279836
0.14767767521364616,0.1927489979777441,0.04507132276409795
0.683373475084208,0.6166454096008886,0.06672806548331933
0.050331289778384795,0.1409170010391046,0.09058571126071979
-0.7250928162072948,-0.5036310362254491,0.22146177998184569
0.9214722163625432,0.7229138304181155,0.19855838594442765
-0.4933496828597531,-0.45194965088434963,0.041400031975403484
-0.041850143877923976,0.05818265904778982,0.10003280292571379
-0.4600478597747796,-0.451705900030723,0.008341959744056604
-0.9030531831937375,-0.6226908007111324,0.28036238248260514
-0.5813456628053117,-0.3800938292258905,0.20125183357942122
-0.8054403603826736,-0.6636917776796396,0.14174858270303403
-0.6935761761578662,-0.4759272676734434,0.21764890848442275
-0.7802169903653046,-0.5180926119866391,0.2621243783786654
-0.5492282142667321,-0.35366888711895506,0.19555932714777702
-0.7581640108178801,-0.6462810363301185,0.11188297448776163
-0.7673003675274287,-0.6452742784335683,0.12202608909386037
-0.9410959363648175,-0.7386082127705493,0.20248772359426814
-0.3664991534354414,-0.36251575958922844,0.00398339384621299
-0.11224707894071533,-0.23457121697857855,0.12232413803786323
0.5375353139152744,0.5524607283033443,0.014925414388069824
0.2678569385605896,0.28524322994336393,0.01738629138277431
0.6177764214796131,0.537529517926302,0.0802469035533111
0.948587268746397,0.7332322120972701,0.2153550566491269
-0.32853430724673044,-0.16884130213734336,0.15969300510938708
-0.9127911635248372,-0.6860698772024989,0.22672128632233834
-0.3775456083064273,-0.21483847601497388,0.16270713229145342
0.39780966994792266,0.16679297329212164,0.23101669665580102
-0.831515837360916,-0.5933177208228316,0.23819811653808443
-0.8106072464407443,-0.5863572022255045,0.22425004421523986
-0.913408612456518,-0.7347046256753973,0.17870398678112076
-0.9019710167300987,-0.6786366394494483,0.22333437728065042
0.5464379371347893,0.6986462538758608,0.1522083167410715
-0.8265305902059442,-0.6042434936886352,0.22228709651730905
-0.9558076169380837,-0.737562067315644,0.2182455496224397
0.42347283655994705,0.40042767374733756,0.023045162812609488
-0.7290006598250311,-0.5070670448268727,0.22193361499815845
0.8016560959762602,0.5738026892126175,0.22785340676364274
0.33393229421869963,0.18197351593258318,0.15195877828611645
0.9483497633564528,0.7294618855430974,0.2188878778133554
0.7924561976197367,0.657544071055974,0.13491212656376272
-0.8066012564082898,-0.6630342026848136,0.14356705372347622
0.43603248222095303,0.4059545666468151,0.030077915574137915
0.5067031809050813,0.46675460280402936,0.0399485781010519
0.9289950514439252,0.7285952247424683,0.20039982670145695
-0.5477318946887222,-0.35234130901251964,0.19539058567620254
0.7089056625225588,0.6758850103118188,0.03302065221074002
0.42396872519132445,0.2596464640970427,0.16432226109428177
-0.9314532560545811,-0.7793322721167846,0.1521209839377965
0.9609369351774326,0.7724789052064859,0.18845802997094674
-0.20454705995212175,-0.23352516510611934,0.028978105153997596
0.9303635128522987,0.7014814621416622,0.2288820507106365
-0.662015333058435,-0.5659026163703035,0.09611271668813148
0.451774418982879,0.4184409742828566,0.03333344470002242
-0.10065453023424058,0.1182276618258455,0.21888219206008608
0.7913324065543743,0.6523675430401559,0.13896486351421844
0.654586132983053,0.5607148309059189,0.09387130207713412
-0.8406639641611229,-0.6848183298738199,0.15584563428730303
0.6027717675135967,0.3998663679200455,0.20290539959355125
0.43476198821402356,0.23389827987923642,0.20086370833478714
0.7022087382870581,0.4316193837725088,0.2705893545145493
-0.7266691510157937,-0.608823061416628,0.11784608959916565
-0.8110956975682614,-0.6407228553679833,0.17037284220027804
-0.7432145817955329,-0.7303521408668964,0.012862440928636532
-0.8855727956870266,-0.6442451504930354,0.2413276451939912
-0.9339307371877698,-0.7040146000227054,0.22991613716506432
0.8865223170675453,0.6637154078828975,0.22280690918464774
-0.5401147681825943,-0.48509102087908246,0.05502374730351184
0.8555240141428464,0.6349063115429042,0.22061770259994218
-0.7938861050346441,-0.6440666309989433,0.14981947403570073
0.533409555660359,0.5301859536989676,0.0032236019613913758
-0.053113931109447496,-0.12588090600731672,0.07276697489786922
-0.9037414957819623,-0.6742886201738155,0.22945287560814676
0.3944286088273673,0.22127956825914943,0.17314904056821787
0.48189341493764953,0.6542356916526584,0.17234227671500885
0.9226032955940037,0.7261959067870924,0.19640738880691122
0.8467576712001083,0.6187634188373932,0.2279942523627151
0.662784407485022,0.6010578547704639,0.06172655271455807
0.6346128466227293,0.5519216672549188,0.08269117936781056
-0.5479477892854286,-0.3542679615295811,0.19367982775584752
0.958029667568553,0.7942388921857132,0.16379077538283981
0.7354263102279708,0.4340071109019892,0.3014191993259816
0.9377465034025538,0.7304033481063729,0.20734315529618097
-0.6997363915618992,-0.5916502469815783,0.10808614458032084
-0.6284099383378565,-0.5810000466572544,0.04740989168060217
0.7157682792843985,0.599878402367898,0.11588987691650043
0.8655844630417969,0.6459145206462549,0.21966994239554205
0.569390023792971,0.38386865732348935,0.18552136646948164
-0.699823762941648,-0.5971776250097968,0.10264613793185129
0.9678895170887188,0.819548258843996,0.14834125824472288
-0.9018856161208305,-0.6714043847857265,0.230481231335104
0.23374578884171285,0.10681044667758445,0.12693534216412838
-0.6735789365178476,-0.4640257106749251,0.20955322584292252
-0.8778970682258747,-0.7670813250705326,0.11081574315534204
-0.2045948039367244,-0.004910513869114809,0.1996842900676096
0.5004365490316782,0.6596385060239057,0.1592019569922275
-0.9091773019287501,-0.718891360779678,0.19028594114907216
-0.1506620522284094,-0.006802085198887944,0.14385996702952145
0.9309791662915167,0.6932107282889933,0.23776843800252334
-0.8990455574618317,-0.7874990935172408,0.11154646394459089
0.9100201289356552,0.7247857874373745,0.18523434149828066
-0.5655996183741642,-0.4975393865834066,0.0680602317907576
0.6735864122805987,0.4619887333821856,0.21159767889841308
-0.166815095193611,-0.37774821427428296,0.21093311908067194
0.9292344056164275,0.7156735641120571,0.21356084150437038
-0.858551621875596,-0.6228338628226573,0.23571775905293868
-0.6315734187471488,-0.42712334925264356,0.20445006949450523
-0.23679275443850417,-0.25826960638225027,0.0214768519437461
-0.758310901787616,-0.5366493213175857,0.22166158047003026
-0.9067240663977694,-0.6796503168667951,0.22707374953097426
-0.7836602130154869,-0.669908323053202,0.11375188996228491
-0.29157386585357775,-0.1443902603825787,0.14718360547099904
-0.6696532700040807,-0.5850590193310207,0.08459425067306003
0.3308870760282988,0.33614864743392736,0.005261571405628551
0.36896386588827934,0.37201550882349155,0.0030516429352122065
0.8042438630523014,0.6608075617314525,0.14343630132084895
0.7035496782312035,0.7195444641740973,0.01599478594289383
-0.9128959527449896,-0.6621778472289288,0.2507181055160608
0.20744001959254446,0.25287340724514085,0.045433387652596385
0.9249392461712094,0.6655208417892745,0.25941840438193486
0.24270607278135348,0.27484764329638944,0.032141570515035967
-0.923615850063575,-0.6981024068101079,0.22551344325346712
-0.4252438416315447,-0.24608569329683827,0.17915814833470645
-0.572002519861583,-0.5797867850188425,0.007784265157259496
-0.043409177239392006,-0.10528476968064446,0.06187559244125245
-0.8980269748454662,-0.7205543012014415,0.17747267364402475
0.8682521508338505,0.5905975648774061,0.27765458595644443
0.5303604463211448,0.19090002352366772,0.339460422797477
-0.6993348766683501,-0.4836959951477798,0.21563888152057037
-0.9241227211008609,-0.7324679074177726,0.19165481368308834
-0.8966691002479238,-0.6648354310508096,0.23183366919711423
0.026423940343938093,0.1340902298834763,0.1076662895395382
-0.5086726911871796,-0.46476194927803727,0.04391074190914235
0.9119075266731946,0.7514357211986191,0.1604718054745755
0.6917006108420322,0.6040381393518022,0.08766247149022999
-0.3467207369774519,-0.18438486987455324,0.16233586710289868
0.1220086070478633,0.16675920896601587,0.04475060191815257
-0.9138598902829874,-0.6787572550546288,0.23510263522835861
-0.12000615961076093,-0.004295348179806103,0.11571081143095482
-0.052062379929509524,-0.3322618481212378,0.2801994681917283
-0.5177481170901069,-0.3164826039693247,0.20126551312078222
0.8223183260602774,0.6741813271741856,0.1481369988860919
-0.2947796708663253,-0.14240353181217022,0.15237613905415506
-0.2261931637580956,-0.15400504724017683,0.07218811651791876
0.6261408053176243,0.4259490943720685,0.20019171094555577
0.828147118815977,0.6806001456301101,0.14754697318586696
-0.7953566747012335,-0.47919585198760384,0.31616082271362966
-0.8515612982110505,-0.6162237195685983,0.2353375786424522
-0.8227289845902902,-0.5892024686767555,0.23352651591353468
-0.7000712164343872,-0.5925254698031148,0.10754574663127237
-0.11299058963792825,0.1348405347221615,0.24783112436008975
0.9132450037052986,0.6796539960085928,0.23359100769670582
0.06174554355801665,0.12648267368388616,0.06473713012586951
-0.36350267888756327,-0.3625078139033246,0.0009948649842386748
-0.5587055627880713,-0.500858106064827,0.05784745672324432
-0.27670189820070845,-0.13400104477270303,0.14270085342800543
-0.4224534785244054,-0.41526733672833066,0.007186141796074741
0.5190203896662328,0.5045836041394863,0.014436785526746432
0.6927013327938263,0.6035705317001595,0.08913080109366678
0.8743097229734447,0.7134503231147828,0.16085939985866182
0.6333721564152481,0.42605197254091487,0.20732018387433326
0.6806799867749498,0.4753107952529389,0.20536919152201089
0.8048981080471784,0.5783800257610946,0.22651808228608383
0.6409646494943049,0.44261204189095177,0.1983526076033531
-0.7567725343411138,-0.6393064461243496,0.11746608821676419
-0.66023298698847,-0.568537001708825,0.09169598527964495
-0.7779468255164429,-0.6410443958714158,0.13690242964502708
0.3533250780777421,0.34350830716220254,0.009816770915539563
0.1371640790759622,0.19816729249934226,0.061003213423380054
0.8106801418989151,0.6682579965490638,0.14242214534985131
-0.9404854632770269,-0.7420129779626535,0.19847248531437334
0.8366875557401835,0.5968858690253955,0.23980168671478796
0.47529467934210806,0.2474959248873528,0.22779875445475525
0.2599392786200322,0.032127382623905076,0.2278118959961271
-0.9637753595435545,-0.7141022697407571,0.24967308980279745
0.8119820166827207,0.759525316987601,0.05245669969511979
-0.7325655772077021,-0.5178461401467809,0.21471943706092123
0.46724552157873256,0.2862171341306937,0.18102838744803884
-0.03760015998972362,-0.10417964018844855,0.06657948019872494
0.08420917377621058,-0.019705262501247784,0.10391443627745836
-0.6180582117282831,-0.3294969046023767,0.28856130712590644
-0.9490683422739846,-0.8189364428430197,0.13013189943096493
0.9263286530058099,0.738460074637162,0.1878685783686479
-0.1666152771146592,-0.04651363659243144,0.12010164052222777
-0.8204998265733574,-0.6725877520891171,0.14791207448424026
0.5769480087390925,0.5179217056366547,0.05902630310243773
0.6147418227747538,0.5461042865566831,0.06863753621807067
0.9461272414430655,0.7345566951584755,0.21157054628458993
-0.7523771248372987,-0.7337958763193251,0.018581248517973603
-0.8998320012130355,-0.6706934746279016,0.2291385265851339
0.6971840312440716,0.44350747560976395,0.25367655563430763
-0.46775223588497167,-0.2844467669519629,0.18330546893300875
0.7071396997383178,0.36029777771885896,0.34684192201945885
0.7409848317186915,0.6312252877464543,0.1097595439722372
0.8082643306210783,0.5838874489861408,0.22437688163493752
0.8104233303795693,0.6882671585310155,0.12215617184855376
-0.8941288905977417,-0.7245648077164621,0.16956408288127955
-0.24233713751379465,-0.2689001135017781,0.02656297598798346
-0.26646218038378044,-0.283315495440851,0.01685331505707055
-0.9549537591418713,-0.7565755203446124,0.1983782387972589
0.005194497047455096,-0.10068803724669513,0.10588253429415023
-0.6965371323293132,-0.6238118665758132,0.07272526575350002
-0.9517352149408788,-0.7342183301461942,0.21751688479468456
0.6870583205070384,0.5925706283778415,0.09448769212919694
-0.01889440264761757,-0.11452757965389912,0.09563317700628154
-0.9184893586884684,-0.6903456990281428,0.22814365966032557
0.10183477240111684,-0.1887171862571074,0.29055195865822425
-0.3332971699626574,-0.40084395595919714,0.06754678599653974
0.6500415562445244,0.559553641446275,0.09048791479824947
-0.7648265256071582,-0.6405256002791192,0.12430092532803905
-0.2187822574052328,-0.08455073427184402,0.13423152313338876
-0.9514907104008632,-0.7838303971830415,0.1676603132178217
0.5639855626650074,0.24646012884813537,0.31752543381687204
0.9270744840757181,0.7344319151418838,0.19264256893383436
-0.2403302087798266,-0.2709675670187065,0.03063735823887989
-0.09804252915380773,0.0053555250142824475,0.10339805416809018
-0.1950468990562709,-0.05851885146078826,0.13652804759548265
-0.03430707623775674,0.2954303399002805,0.32973741613803725
-0.5648957373856961,-0.3767104508451298,0.18818528654056632
-0.15083432968618762,-0.034405355759167255,0.11642897392702037
-0.2693365651812058,-0.29563003366507024,0.026293468483864435
-0.9328919769547133,-0.6954096379346714,0.2374823390200419
0.14402028098566433,0.029310204893274534,0.1147100760923898
0.17773009981321466,-0.07047364565979201,0.24820374547300667
0.5025530941741678,0.45565666942325955,0.04689642475090827
0.5587618553570587,0.2912147177231391,0.2675471376339196
-0.921131089914386,-0.7435470602403225,0.1775840296740635
0.8616720660335543,0.7434919260960531,0.1181801399375012
0.11138289131855764,5.8912896534862565e-05,0.11132397842202277
-0.12136850665271393,-0.18166061081597587,0.060292104163261945
0.568970880257215,0.3714911683265385,0.19747971193067648
0.4504736450764738,0.4180315465093046,0.03244209856716923
0.8783415895737758,0.7488375619426753,0.12950402763110058
-0.681876319511522,-0.6557763361660998,0.026099983345422295
-0.22105643383413012,-0.2633681463537943,0.042311712519664174
0.881774445362016,0.7123040576702706,0.16947038769174538
-0.16107148557980228,0.03829051306049821,0.1993619986403005
-0.88980817327461,-0.663132191111954,0.22667598216265605
-0.6113200363400111,-0.40506677278772096,0.20625326355229012
-0.261984730998406,0.05020746696133375,0.3121921979597398
0.9226009862226144,0.7035119053538939,0.2190890808687206
-0.9398044284107347,-0.726427786092781,0.21337664231795372
0.2646862723130943,0.29451187480575364,0.029825602492659364
0.9325284103236842,0.7284269917524367,0.20410141857124742
-0.9484339900224317,-0.7266358276401654,0.22179816238226624
-0.6709664584295971,-0.46107524304938013,0.209891215380217
0.6759741482832357,0.6366798025614953,0.0392943457217404
0.3681671372783399,0.20049092157574455,0.16767621570259533
0.8705271852461685,0.6340252552461336,0.23650193000003483
0.3887938892412346,0.19237486282484323,0.19641902641639136
0.10249496118284362,0.34580267599560216,0.24330771481275854
0.9339172141301842,0.7048940885451324,0.2290231255850519
0.876691157319104,0.7256583041293696,0.15103285318973436
-0.4124658033724327,-0.2390379896773028,0.1734278136951299
-0.9451278075887616,-0.7346155574334821,0.21051225015527952
-0.39648393793024683,-0.04702017528779823,0.3494637626424486
-0.6941460327159873,-0.5924637631565555,0.10168226955943183
0.01790487977468057,0.09682730685212029,0.07892242707743972
0.1050971897028686,0.16568798079015112,0.06059079108728252
-0.6054352223434323,-0.5445423982548792,0.06089282408855312
-0.06912804488705969,-0.1670828574892136,0.0979548126021539
0.31337638206973323,0.32303750862166025,0.009661126551927024
-0.07481723888076224,0.20319560398988162,0.2780128428706439
-0.3012945623138538,-0.11411954538302822,0.1871750169308256
0.8153693234968269,0.6667306870336358,0.1486386364631911
-0.8170193860159823,-0.7285126251581014,0.0885067608578809
0.7052308313179613,0.4841111955644439,0.2211196357535174
0.015791201755182213,-0.24276847352708847,0.2585596752822707
-0.9064254627586394,-0.670997071213032,0.23542839154560746
0.41943858963717895,0.1195557424257562,0.2998828472114228
0.7400084198101239,0.4397329017601283,0.3002755180499956
-0.13004098811682716,-0.01739430039317736,0.1126466877236498
-0.4188829354984828,-0.47292854007200413,0.05404560457352131
0.1952944555087022,0.22713690288180313,0.031842447373100935
0.3366439564188532,0.3361898443426426,0.0004541120762105999
0.34728057753961067,0.34546539341724825,0.0018151841223624232
0.8972725416118241,0.6743637967979432,0.2229087448138809
0.8492539753040349,0.6882165309388001,0.16103744436523482
0.9293161910524119,0.7020570034689557,0.2272591875834562
-0.942183672685866,-0.7412411081086017,0.20094256457726434
-0.914757236624442,-0.7055057958949809,0.2092514407294611
-0.13307818021263368,-0.1776846216417251,0.044606441429091426
-0.5871123376612648,-0.39012210844067025,0.19699022922059456
0.8670293980405316,0.719300550693782,0.14772884734674963
0.09381966891716326,0.1515356435008023,0.05771597458363903
0.31754515985967074,0.3214298735308859,0.0038847136712151786
0.8114982355707269,0.6742675105166952,0.13723072505403167
0.9733217841260969,0.8244348101330028,0.14888697399309414
0.8497491145776248,0.6269220065406903,0.2228271080369345
-0.11886757351768942,0.083563560690527,0.20243113420821643
0.9416457115706474,0.7176068844760412,0.2240388270946062
-0.5224688908097512,-0.30744645875931303,0.2150224320504382
-0.5690920560240518,-0.6968863271845942,0.12779427116054243
-0.5796792680212928,-0.2771483021484708,0.30253096587282197
-0.9147706933886575,-0.7295815393496833,0.18518915403897418
0.9422974346991477,0.7321203356259246,0.21017709907322313
-0.8257017082636201,-0.6787061373029663,0.14699557096065385
0.6546988270986945,0.43588637727776114,0.2188124498209334
-0.1916790909815713,-0.22701177198345743,0.035332681001886135
0.799603891907278,0.556807947237468,0.24279594466981003
0.8856568002303241,0.6148617274260186,0.2707950728043055
-0.6882643970205916,-0.5902410690697224,0.09802332795086921
-0.19573868526665744,-0.38975255052182967,0.19401386525517222
-0.6033576265542685,-0.39700995005633916,0.20634767649792934
-0.4826828525888115,-0.44748299724495433,0.03519985534385717
0.23321283236369414,0.26391585611316165,0.030703023749467512
-0.9360911563382859,-0.7376011151207953,0.1984900412174906
-0.09963580617597312,-0.31219179985302586,0.21255599367705275
0.8217825662100124,0.5960773270215767,0.22570523918843577
0.941815201146725,0.728404102435475,0.21341109871124997
-0.6418049524403485,-0.5836796348726623,0.05812531756768624
-0.4444959889781182,-0.2684440850620349,0.17605190391608333
-0.8244128531862802,-0.5683940960607471,0.2560187571255331
-0.7588109260611653,-0.5395278594494073,0.219283066611758
0.5491101593529276,0.48944604239317535,0.05966411695975227
0.7580094732994244,0.5488642173479611,0.20914525595146327
0.9508404490433927,0.6761583394057091,0.2746821096376836
-0.8429721336176276,-0.6959818626613836,0.14699027095624395
0.9474303664519762,0.73854935945001,0.2088810070019662
-0.8691523903383909,-0.633836339783141,0.23531605055524984
-0.4986385855116226,-0.3158466248187561,0.18279196069286652
-0.35923546417130814,-0.36076977892972373,0.0015343147584155892
0.5525569776214977,0.6876171758819324,0.1350601982604347
0.27097423464781,0.28512798968298786,0.01415375503517785
-0.38842525132474465,-0.21937414242285816,0.1690511089018865
0.9495329565157241,0.739155100511635,0.2103778560040891
0.6994889895794157,0.4852348947192155,0.21425409486020025
0.11354832721814762,0.19938408508324504,0.08583575786509742
0.7783709433662406,0.5511482867379247,0.22722265662831587
-0.7962285433985119,-0.5597385863116437,0.23648995708686815
0.9449233752814233,0.7419808629001392,0.20294251238128413
-0.846057507600124,-0.7406473712365217,0.1054101363636023
-0.9149480471560368,-0.7302008850187465,0.18474716213729037
0.5488060887228193,0.5464060631631463,0.0024000255596730025
0.16255848274670576,0.03307315563791281,0.12948532710879296
0.18357061799431137,0.2274918831420818,0.04392126514777042
-0.6601435398298229,-0.5692960964094391,0.09084744342038376
-0.08459524071232243,0.015215873121145956,0.09981111383346838
0.8714089469145094,0.5550075190794745,0.3164014278350349
-0.3010664611509435,-0.1463787486341818,0.1546877125167617
0.14115688247080038,0.18673860034434545,0.04558171787354506
0.06715955451861244,0.142521909497046,0.07536235497843355
0.9225295221994523,0.785175503176965,0.13735401902248723
0.06060353035142774,0.13194644575505926,0.07134291540363152
-0.6392122073096226,-0.43310256049420554,0.20610964681541705
-0.10644156169656135,-0.17070428244344232,0.06426272074688097
0.033780706679225475,-0.07854767039834791,0.11232837707757339
-0.36500976776707017,-0.19875996964247947,0.1662497981245907
0.9088752916502233,0.7289329924516421,0.17994229919858118
-0.6130459937744694,-0.5525793129541205,0.060466680820348895
0.7850477401963062,0.7719316002957032,0.013116139900603008
0.8281923000750114,0.7083663864866625,0.11982591358834893
-0.02584844224478228,-0.2831877442060706,0.25733930196128835
-0.9633710438013805,-0.7702157845195479,0.19315525928183264
0.08043107453757022,0.13786686210458968,0.05743578756701946
0.2899885770835325,0.3276839017006183,0.0376953246170858
-0.828026696819689,-0.715734182204043,0.11229251461564604
0.02736706294254008,-0.06571163110677271,0.0930786940493128
-0.889922978905589,-0.7144098497928205,0.1755131291127685
0.9544119232046914,0.6978396211687156,0.2565723020359758
-0.16985519276223626,-0.015896352106167716,0.15395884065606855
0.42210169753346816,0.4078774634461994,0.01422423408726875
0.7054212771098761,0.49240897363459774,0.2130123034752784
-0.39993194967840967,-0.2075608299371959,0.19237111974121376
0.11561066132776089,-0.08217089199219116,0.19778155331995206
-0.9298840528884609,-0.7650704499053651,0.16481360298309577
-0.9369713247499245,-0.7255301606213014,0.21144116412862313
-0.2481341123892161,-0.2959046443329119,0.04777053194369582
0.8922856159125303,0.668381485131348,0.22390413078118232
0.9769694885054213,0.7603781590780715,0.21659132942734982
0.9249028412843405,0.7309240179789896,0.19397882330535088
0.3879279564001693,0.38851119371533044,0.0005832373151611336
0.28984700640241273,0.14854495125370776,0.14130205514870497
-0.687177191086082,-0.47570598165976347,0.21147120942631853
0.2525337858741107,0.296209691829421,0.04367590595531029
0.5696157408292433,0.3695012176356348,0.20011452319360845
-0.701967711697428,-0.5936781862537513,0.10828952544367665
0.15577302745578664,0.03844834352305246,0.11732468393273418
0.9184487772264956,0.7384170658535335,0.18003171137296214
0.6360160682603105,0.546693893724402,0.08932217453590852
-0.24863291655624728,-0.2693077309538537,0.020674814397606406
-0.5384772518172285,-0.4915742522348134,0.04690299958241512
-0.6777844350532949,-0.4671815325860039,0.21060290246729096
-0.701403691711121,-0.48496376674582675,0.2164399249652943
0.6754629612351704,0.4596169009843226,0.21584606025084774
0.4795219021418076,0.4586121591984784,0.0209097429433292
-0.8608157875141798,-0.7082700999881699,0.15254568752600983
0.5761522780866862,0.5170239135723083,0.059128364514377973
0.6988177814257606,0.5978063893296964,0.10101139209606413
0.167626975936991,0.04302367499345699,0.124603300943534
0.009243596043921476,0.11939744391857304,0.11015384787465157
-0.8280073478760445,-0.7475304982425839,0.08047684963346058
0.7854911894857334,0.5549781986634509,0.2305129908222825
0.39616030281168646,0.39915734956326027,0.0029970467515738064
0.6308995993168883,0.4220623111103231,0.20883728820656522
0.9532735269854405,0.792802137577378,0.1604713894080625
-0.6322488645741028,-0.5505766017203837,0.08167226285371909
-0.8857457513785694,-0.6632750370735195,0.22247071430504983
0.008476834459183211,0.2547744900096703,0.24629765555048708
-0.12395496462860468,0.11004580060632803,0.2340007652349327
0.8701243398750126,0.7285019221640066,0.14162241771100603
-0.6086547280126626,-0.41252420331470274,0.19613052469795988
0.0015650175373560498,-0.1579754720067115,0.15954048954406755
-0.018572097904330977,-0.10166307274118057,0.08309097483684959
0.9193509354200586,0.7452078919361408,0.17414304348391785
0.48092419643492546,0.3060683596195172,0.17485583681540823
0.011584283210322208,0.09843022268633846,0.08684593947601625
0.6456331530527247,0.56676073271551,0.07887242033721475
0.344266151077096,0.3434594017953755,0.0008067492817205313
-0.896872985228275,-0.723253501464913,0.173619483763362
0.40333924018957046,0.38806827179018427,0.015270968399386187
0.920342604347675,0.7047691097719806,0.2155734945756944
0.9449823344386287,0.7230958819734733,0.22188645246515537
-0.9451783491297878,-0.7439886420207958,0.20118970710899198
0.4736421936863292,0.29394105665897335,0.17970113702735585
-0.7651529356503745,-0.5381278424623829,0.22702509318799158
0.9192738263570678,0.6920807700227192,0.2271930563343486
-0.7400626175332459,-0.5253958575988217,0.2146667599344242
-0.7798601758640464,-0.6529246444939046,0.1269355313701418
0.8117444265579268,0.6631911975106557,0.14855322904727108
-0.8972530551052094,-0.723687121505651,0.1735659335995584
0.5069469301468037,0.3269904135029424,0.1799565166438613
-0.5904276738482476,-0.512769861927578,0.07765781192066956
-0.0300969621425641,-0.11378182416644839,0.08368486202388428
-0.9367396620478592,-0.7446423256768758,0.19209733637098336
0.5052308650690589,0.3141263663910091,0.1911044986780498
0.9450879802162414,0.7301036292756456,0.21498435094059576
0.7723886018558878,0.5488067072818026,0.22358189457408517
-0.9629621068604428,-0.8258896765234793,0.13707243033696348
-0.22119913425113313,-0.08874190332080398,0.13245723093032916
0.3951973925053759,0.15425690330400657,0.24094048920136932
-0.6848870708267234,-0.5932010135889444,0.091686057237779
-0.7199175955054189,-0.6099592970504871,0.10995829845493177
-0.5973602846621838,-0.3145343786213005,0.2828259060408833
0.6909849383195206,0.5909487257299966,0.100036212589524
0.5406545352781373,0.49081706305477896,0.04983747222335838
0.4517496092919511,0.4378112308700897,0.013938378421861408
0.5400169939121808,0.4912620065651218,0.04875498734705902
-0.743639294837486,-0.6311417631346633,0.11249753170282273
0.6238601897316064,0.5350186179504671,0.08884157178113927
0.004630701979755031,-0.08442062083752082,0.08905132281727585
-0.7398845536770815,-0.6195873959189641,0.12029715775811745
0.1318237965678223,0.019498440145030202,0.11232535642279211
0.4667303714036981,0.4296068190322429,0.037123552371455204
0.23570786807708557,0.1018389847367323,0.1338688833403533
0.3990061195068202,0.3928755225091118,0.006130596997708404
-0.2283229927474351,-0.10083754992028915,0.12748544282714594
-0.041126470596760084,-0.2883242066922364,0.24719773609547632
-0.2352487884953784,-0.26306458118358833,0.02781579268820994
-0.8288865261207659,-0.477371000381007,0.35151552573975886
-0.5128536791666672,-0.4737911019662093,0.039062577200457915
-0.6846846930572823,-0.6841031074784155,0.0005815855788667834
0.08890509830529987,-0.00783063887909858,0.09673573718439846
-0.03234532731542944,0.1360159074208115,0.16836123473624093
-0.9345617260355105,-0.7443010580874623,0.1902606679480482
-0.00862895743978055,-0.07822334480333318,0.06959438736355263
-0.06719899442060873,-0.13364963598302124,0.06645064156241251
0.5616463707585727,0.3611029064331724,0.20054346432540032
0.7842969729395475,0.6586879564595093,0.1256090164800382
0.6881488375352598,0.6094451905481049,0.07870364698715493
0.45305582215214274,0.41892230221064714,0.034133519941495605
-0.9331617597694278,-0.6977250730260343,0.23543668674339358
0.9379303952910465,0.7103457144040761,0.22758468088697037
0.9266616167183486,0.7399746158961079,0.18668700082224066
-0.8840218633009644,-0.755311914725543,0.1287099485754214
0.6842054050278428,0.4728723444283499,0.21133306059949286
-0.7020753504751942,-0.4812638244135941,0.2208115260616001
-0.447282556840956,-0.266706813884369,0.18057574295658702
-0.9157351106067215,-0.7347673085321533,0.1809678020745682
-0.8749686433498176,-0.649818578156327,0.22515006519349057
0.7469420864428634,0.6244030058523719,0.12253908059049157
0.09177560672410319,0.14672148749333688,0.05494588076923369
0.824824554606726,0.6820419214047181,0.1427826332020079
-0.791223252817421,-0.5695456403367953,0.22167761248062567
0.7378364545469275,0.6182820170493987,0.11955443749752881
0.272595042455396,0.28939827002590884,0.016803227570512835
0.015001314625849981,0.09586836521755016,0.08086705059170017
0.15491391705530927,-0.07617791865214953,0.23109183570745878
0.6580024747162537,0.5681577411113327,0.08984473360492107
0.94612043056835,0.7159206299512336,0.23019980061711642
-0.8037541861559364,-0.5792807895699913,0.22447339658594512
-0.6044911911272052,-0.5296418033079,0.07484938781930517
-0.05631533247262302,-0.3463181606887449,0.2900028282161219
-0.4777248019675726,-0.4411756558370016,0.03654914613057103
-0.8780087732807489,-0.6440301257985652,0.23397864748218367
0.8730299595827719,0.74142802129873,0.13160193828404187
0.7240359401630686,0.4984497907101406,0.225586149452928
0.43094267323460356,0.5719680221273054,0.1410253488927018
0.8343211593706786,0.7091041650786495,0.12521699429202915
-0.8951158506693481,-0.66397107782602,0.23114477284332802
-0.8459052448151257,-0.6241307571761062,0.22177448763901952
-0.26196958146534094,-0.11714632788768861,0.14482325357765233
-0.6333895614217995,-0.6503342458106153,0.0169446843888158
-0.9308447104758422,-0.6982978833757192,0.23254682710012298
-0.005822482580759922,-0.1456629358755806,0.13984045329482067
-0.9472774019051604,-0.736964194313749,0.21031320759141137
-0.8577372140462847,-0.5692018594423321,0.2885353546039525
0.4978469661583798,0.4638108147056085,0.034036151452771335
-0.8230736630472498,-0.589656990083363,0.2334166729638868
-0.13235687391729078,-0.012763665644828209,0.11959320827246257
-0.37806743829656747,-0.35757603939223137,0.0204913989043361
-0.9454940097160195,-0.725019572104816,0.22047443761120344
-0.3827174991280223,-0.3662708861888999,0.016446612939122363
-0.9424750922142336,-0.6591835351270555,0.2832915570871781
0.9305442760512349,0.7015751114621636,0.22896916458907135
-0.8414994997023061,-0.6792297157008962,0.1622697840014099
-0.9368170843307805,-0.7389407903531786,0.19787629397760187
-0.8791496448059275,-0.6489754393577708,0.2301742054481567
-0.7204858998031665,-0.500543303671041,0.2199425961321254
-0.22764739629818903,-0.0942511525404312,0.13339624375775783
0.7604067538689118,0.5432318426338499,0.21717491123506183
0.05432155978634943,0.2463318561066276,0.1920102963202782
-0.1809919804223955,-0.26698839611980096,0.08599641569740546
-0.35669268807015053,-0.3524438330101494,0.004248855060001111
-0.8135945105997046,-0.6785365204958633,0.13505799010384123
0.3484974212039072,0.19030526487972652,0.15819215632418068
-0.2591839044714176,-0.07736294396330737,0.18182096050811022
0.5248358832296992,0.3397737360548712,0.185062147174828
-0.29091138094057006,-0.08895593790654543,0.20195544303402463
-0.908786512712043,-0.7248651567822576,0.18392135592978542
0.7994328895248936,0.6599068503559701,0.13952603916892348
-0.7635149564157062,-0.6356114155074024,0.1279035409083038
0.9433991175727702,0.8076191901481811,0.1357799274245891
-0.49157600185700123,-0.4547791584771555,0.036796843379845734
0.09542721722214706,0.39879562427509585,0.30336840705294876
-0.9293088540090666,-0.7214921104898693,0.20781674351919732
0.8751636100449658,0.6952437219031848,0.17991988814178095
-0.9171463540103567,-0.6811463635340577,0.23599999047629905
0.08896595870414509,-0.016283531479899447,0.10524949018404453
0.2526406746497799,0.107474435618484,0.1451662390312959
0.0651244229052876,-0.026159613880655224,0.09128403678594282
0.24530896871588803,0.10334069971663494,0.14196826899925308
0.8534479683235945,0.6585923369544303,0.19485563136916417
0.062235153824182037,-0.05347789473897848,0.11571304856316052
0.8467611525725495,0.6800421929954032,0.16671895957714622
-0.472493404371175,-0.28636247156203665,0.18613093280913834
0.7094371718604152,0.6016246526856519,0.10781251917476331
-0.06724378136606048,-0.2890647899307096,0.22182100856464915
0.49261309701717815,0.30683680244399003,0.18577629457318812
0.8180208343640734,0.5943593387261551,0.22366149563791826
-0.9446068796641945,-0.7247317453431247,0.21987513432106986
-0.21524377645632237,-0.08064142383215794,0.13460235262416442
-0.36144620052154236,-0.07444431055090457,0.2870018899706378
0.9482990349774263,0.7639431911285096,0.18435584384891668
0.21063554881664961,0.24488828416903569,0.03425273535238607
-0.8438213705058555,-0.68641615774059,0.15740521276526553
-0.4301281950250283,-0.2589639596533077,0.1711642353717206
-0.0231198956302505,-0.10406073306977613,0.08094083743952563
0.579020674645599,0.5164915343399746,0.0625291403056244
0.9374446973138845,0.7124815791549894,0.22496311815889503
0.4977166245382898,0.4611481982307958,0.03656842630749402
-0.8270778803564581,-0.7462840096264858,0.08079387072997235
-0.39724293481241957,-0.3757485626805833,0.021494372131836248
0.8788983621350054,0.5756240251017087,0.30327433703329665
0.00818303946208676,0.08419660946137325,0.07601356999928649
-0.4953716918281165,-0.4937517966713602,0.0016198951567563125
0.7777916821418452,0.5584769556911588,0.2193147264506864
0.6042671269727535,0.5312451814237755,0.073021945548978
0.7798406482516216,0.6480168640652966,0.131823784186325
-0.4393859455236646,-0.4198466947962201,0.0195392507274445
0.4269370766443648,0.23830965836921336,0.18862741827515145
-0.11932063720221751,-0.18847487224221604,0.06915423503999853
-0.6189362371789279,-0.5450223701791986,0.07391386699972924
-0.9468830465035348,-0.7364964316424872,0.2103866148610476
-0.9235214696388789,-0.7327413352791765,0.19078013435970242
0.047619547944482095,-0.04668757007549009,0.09430711801997219
-0.08315675218251763,0.045049003437957924,0.12820575562047554
0.9438534133912813,0.7277740016184255,0.21607941177285572
-0.9082585531215804,-0.685841424643313,0.22241712847826745
-0.9573746709673527,-0.7482634212509671,0.20911124971638562
-0.07183620538204372,-0.17087510386338406,0.09903889848134034
-0.15815368460432375,-0.31426887841955836,0.15611519381523462
-0.9476523435852813,-0.7362269445865225,0.21142539899875878
-0.5682828407425555,-0.6897492085785247,0.1214663678359692
-0.5353604676985059,-0.34340226209056574,0.19195820560794014
-0.9365831389625436,-0.7330303910458971,0.20355274791664657
0.2798661145076646,-0.04208814827105236,0.3219542627787169
-0.2924772830115653,-0.07054842700384786,0.22192885600771742
-0.7651092694075528,-0.5510301161786506,0.21407915322890214
-0.24376922547126237,-0.3026793480891278,0.05891012261786541
-0.730584683480843,-0.7296338175908162,0.0009508658900267974
-0.6925076880966168,-0.5854585535560176,0.10704913454059917
0.7281668476790731,0.5066276697370303,0.2215391779420428
0.17505816047419426,-0.14943084643558938,0.32448900690978366
-0.827897208708916,-0.7513702279704475,0.07652698073846853
0.6942632577443475,0.5756140902770179,0.11864916746732956
-0.9241833413869137,-0.6739902156648289,0.25019312572208485
-0.7193856370555725,-0.6104347570773319,0.1089508799782406
0.6229269262810401,0.5502552130632701,0.07267171321777
-0.8622845009473705,-0.6156778316318045,0.24660666931556607
0.2554468511441235,0.2638913837313136,0.008444532587190079
-0.10578352101974281,0.17682116219604938,0.2826046832157922
-0.17051847346792592,-0.21351157886740066,0.042993105399474735
0.831303830131788,0.6028851297862517,0.22841870034553624
-0.948177224187445,-0.7298561300493931,0.2183210941380519
-0.41669686782336224,-0.25031350723823625,0.16638336058512598
0.8825031410227261,0.7557756474321425,0.12672749359058355
-0.07194647603300915,0.05297067912508888,0.12491715515809804
-0.9118301414742519,-0.6730086322441352,0.2388215092301167
-0.42136931181174714,-0.404499011110076,0.016870300701671115
0.7923896392656182,0.5618770335259445,0.2305126057396737
0.08948296699695553,-0.02379786163597381,0.11328082863292933
0.2902874242320887,0.30572661866359585,0.015439194431507153
0.9469583767335262,0.7703088114590433,0.17664956527448294
0.6174634639531981,0.29672484726291903,0.32073861669027903
0.9398139948030234,0.70819997612204,0.2316140186809834
0.8922531692910903,0.7176692463987797,0.17458392289231062
-0.9555367658574075,-0.8258616387659665,0.12967512709144102
-0.9580780822201491,-0.7602820307528749,0.1977960514672742
0.7683305705603647,0.6370699331679781,0.13126063739238658
0.7483292603433951,0.7005715814893168,0.047757678854078334
0.877594757486222,0.6380723305113706,0.23952242697485138
0.19888529072560449,0.05193684317857173,0.14694844754703276
-0.9227868064203903,-0.6932268911497611,0.22955991527062924
-0.9255894418731493,-0.7340199231167273,0.19156951875642203
0.5790185425659906,0.38775141554270565,0.19126712702328497
-0.7907219483931853,-0.6580257964802892,0.13269615191289608
0.8891416595043683,0.596690040580693,0.2924516189236753
0.2831561890402244,0.30119670734937654,0.018040518309152154
-0.0715221065606631,-0.3335414791854828,0.2620193726248197
-0.17217156983959217,0.13552726267075574,0.3076988325103479
-0.7103136150251479,-0.48748509816921853,0.22282851685592936
0.9325914659323303,0.736663298785157,0.19592816714717332
0.7112295623410675,0.466791949115679,0.24443761322538848
-0.3896390799405421,-0.38714155050098387,0.0024975294395582215
0.26966111280683286,0.30090143796508045,0.031240325158247595
0.019439450554344734,0.10451734961888676,0.08507789906454202
0.8950287665720192,0.6182719729272707,0.2767567936447486
0.9475336849632202,0.7292215512032463,0.21831213375997394
-0.4315421255104572,-0.42214400666410107,0.009398118846356107
0.26298713014099506,-0.08462056070132183,0.3476076908423169
-0.9305239646844636,-0.7031452810674758,0.22737868361698788
-0.8300342767919586,-0.5992448176750749,0.23078945911688376
-0.9256208887662997,-0.7016586215515767,0.223962267214723
-0.12368814675533081,0.08044412266335407,0.2041322694186849
0.7271402349240655,0.6271023561041638,0.10003787881990178
0.9418329015684752,0.7282242421064744,0.2136086594620008
0.7583512585380986,0.5338150310005223,0.2245362275375763
-0.6581890199748421,-0.570193693044766,0.08799532693007617
-0.7234085999091893,-0.616742514407026,0.10666608550216328
-0.7987911203517125,-0.6676315118134261,0.13115960853828645
0.9001526519297443,0.6637073276333251,0.23644532429641918
-0.43038637123127316,-0.40895583378715383,0.021430537444119324
0.3033239292967283,0.5333302927523587,0.23000636345563036
0.3957040456273205,0.3887461696658687,0.006957875961451754
0.7112757276253906,0.609685201747688,0.10159052587770256
0.8435973512437244,0.5553568390739007,0.2882405121698237
0.8917311422103426,0.7180112971773235,0.17371984503301907
-0.6940864794027414,-0.5995975031822519,0.09448897622048946
0.7805277615956405,0.6464931769533302,0.13403458464231033
0.40871070321737724,0.24278736561017958,0.16592333760719766
0.9285703392352784,0.7446091145333306,0.18396122470194787
-0.24286880165513097,-0.056922409444921024,0.18594639221020995
0.25253501150221697,0.11631443890189785,0.1362205726003191
-0.9114788274048299,-0.6957561227360274,0.2157227046688025
0.2605359135832872,0.47939417947290897,0.21885826588962176
-0.4574718337022879,-0.2815115959913965,0.17596023771089137
-0.9202929085400918,-0.7381619947625139,0.18213091377757795
0.042021790342945675,-0.13693736725127373,0.1789591575942194
-0.7610149739251154,-0.695748394632424,0.06526657929269142
-0.08194840960460008,0.1418463444159565,0.2237947540205566
0.9312270764685489,0.6818074520290489,0.24941962443949994
0.950876746510401,0.7449169278005325,0.20595981870986846
0.3784124677213731,0.48787989832642503,0.10946743060505193
0.7018481965572355,0.48923594542493587,0.21261225113229965
-0.9148353287936778,-0.6793110097960986,0.2355243189975792
-0.7471389762097387,-0.7243616368866646,0.02277733932307413
-0.873426500300659,-0.7065162544451795,0.16691024585547953
-0.8382619207100117,-0.721295477041772,0.11696644366823972
0.8146025595003186,0.5853044027083865,0.2292981567919321
-0.057764776254665,-0.12842921178093772,0.07066443552627272
0.9174708224131499,0.6501644409330629,0.267306381480087
-0.3125768547714814,-0.15594962855869152,0.15662722621278988
-0.15226715106525915,0.11809395300065728,0.2703611040659164
0.7741837272501249,0.5054206566367142,0.26876307061341065
-0.8329115094898418,-0.7463774986726299,0.0865340108172119
0.9514759532027512,0.7353381370785035,0.21613781612424776
-0.6462627342050982,-0.44075516888204863,0.20550756532304953
-0.024760192266609804,-0.11828221711023554,0.09352202484362573
0.9248974883168756,0.6998276254349464,0.2250698628819292
-0.8793906771060683,-0.6956625832433287,0.18372809386273958
-0.86800485792722,-0.7028511465881806,0.16515371133903944
0.26252882543567296,0.47772425038154304,0.21519542494587007
-0.09472800277174691,0.13468909585282368,0.2294170986245706
0.028900265986392067,0.11058628864435575,0.08168602265796368
-0.8739289630388297,-0.6455192652486291,0.2284096977902006
0.910738049397302,0.6787966159974823,0.23194143339981965
0.04223755410139393,0.17942009559620856,0.13718254149481462
-0.40060665032888965,-0.06077396469762245,0.3398326856312672
-0.9428541997738579,-0.7248558938402822,0.21799830593357572
-0.32752721979943716,-0.17252550926093316,0.155001710538504
0.2853258823239775,0.44319457195972256,0.15786868963574507
0.3156415611601144,0.32984012295092535,0.01419856179081097
0.7731482415858755,0.6488331803672942,0.12431506121858127
-0.8966839147683865,-0.6554435512010157,0.24124036356737077
0.23824241746603214,0.10191453486483325,0.13632788260119888
0.27464542123789826,0.1288670818785579,0.14577833935934037
-0.9095038879271397,-0.7251168945933447,0.18438699333379494
-0.3591973410378259,-0.3657977355577245,0.006600394519898578
0.7569435058199906,0.6276254245073666,0.129318081312624
0.9449330854440057,0.7201210062240927,0.22481207921991297
-0.3546831256938939,-0.15532609362275782,0.19935703207113606
0.13360897936686317,-0.005780825968565061,0.13938980533542822
-0.7874582064755866,-0.6507397032934322,0.1367185031821544
0.1222496313023498,0.1760752550287758,0.053825623726426006
0.3432998840959848,0.18082561602962843,0.16247426806635634
-0.47178960945121406,-0.4364654044372977,0.035324205013916365
0.9259403508590527,0.7779191852946628,0.14802116556438993
-0.16272243879270806,-0.2260140429731564,0.06329160418044832
-0.5529739982720503,-0.588232419745406,0.03525842147335567
0.060033414527976656,-0.053651804521821,0.11368521904979766
-0.8599788038298285,-0.6966220947157549,0.16335670911407363
0.7333888154870134,0.6246707944561367,0.10871802103087669
-0.07810896724455875,0.02035958560247569,0.09846855284703444
-0.7395364475912798,-0.6285812749013938,0.11095517268988597
-0.9404126854994239,-0.72257039099756,0.21784229450186388
-0.8059492495778312,-0.6675069508345938,0.13844229874323744
-0.7776217835355355,-0.6597869175687497,0.11783486596678572
0.41543321701561076,0.4026566410333505,0.01277657598226023
0.8520629857304042,0.6892289192404973,0.16283406648990684
0.9504259586241536,0.7370396568674312,0.21338630175672235
0.9196471999263387,0.6827612086942251,0.23688599123211362
0.8338114318859574,0.5933538860991672,0.24045754578679024
0.7706051998790747,0.7481478489866363,0.022457350892438388
0.2680230005342504,0.09014086411742864,0.17788213641682174
-0.7925701541777432,-0.5724888837854709,0.22008127039227232
-0.14195416527992902,-0.01475942006360534,0.12719474521632368
0.622776868422448,0.38881533308357163,0.23396153533887631
-0.8425815985180588,-0.6854705942179216,0.15711100430013725
0.20510594923188072,0.45725238026586806,0.2521464310339874
0.9026415050542995,0.7147787773769917,0.18786272767730783
-0.4790799605314004,-0.5251850297846069,0.04610506925320651
-0.8824889202781437,-0.6553090658061088,0.22717985447203493
0.8303385247499334,0.6001526412536797,0.23018588349625368
-0.8007870636505752,-0.674354684298053,0.12643237935252216
0.6449337125068622,0.5583564734828833,0.08657723902397885
-0.8182858088832733,-0.6671576069350984,0.1511282019481749
0.23317214431549688,0.07646798663892115,0.15670415767657572
-0.32016178822470065,-0.3336761316865017,0.013514343461801026
0.6347518706983423,0.5555075495807964,0.07924432111754587
-0.5144596694062772,-0.4834969721305913,0.030962697275685902
0.12465279335137595,0.17703731278056917,0.05238451942919321
0.09740670006261855,0.16209767630896935,0.0646909762463508
-0.5309490318679525,-0.34250952106783317,0.18843951080011934
0.4230518492298446,0.07957748926988481,0.3434743599599598
0.05482128084930948,0.18602069745128944,0.13119941660197995
-0.5437473890209173,-0.3561703975924348,0.18757699142848255
0.9535544874311109,0.6946930695586158,0.25886141787249517
0.01151081317968883,0.08936112390590793,0.0778503107262191
-0.9009883264515797,-0.7216938866438735,0.1792944398077062
-0.7307390103879806,-0.526134332893472,0.2046046774945086
-0.9468698887962997,-0.7455054658633582,0.20136442293294154
-0.2563586534582529,-0.28698628434909523,0.030627630890842306
-0.7200827313408805,-0.5005736006506681,0.21950913069021238
-0.2948590664706481,-0.1494495958754573,0.14540947059519077
-0.9421105690872367,-0.7149104700300509,0.22720009905718574
0.6448322767595369,0.5586566093526119,0.08617566740692506
0.8454405585953575,0.7509127765685543,0.09452778202680323
0.13101695431378588,0.17799243464435455,0.04697548033056867
-0.8662769175014596,-0.7094580193232896,0.15681889817817007
0.9444487701167624,0.7271435434423981,0.21730522667436436
-0.7228434099118862,-0.5120791810850506,0.21076422882683565
-0.6141283407854576,-0.3756773153547637,0.23845102543069396
0.3197130627229852,0.4805022499511807,0.16078918722819546
0.714795046218113,0.6041631967898163,0.11063184942829662
-0.3075648413261137,-0.1615372379604794,0.14602760336563433
-0.004477884263722228,-0.09449901766181741,0.09002113339809518
-0.9317495226035873,-0.7452363484057212,0.18651317419786617
0.4957817524541955,0.6714639241879881,0.17568217173379258
-0.4512205985852552,-0.2711755066367061,0.18004509194854912
-0.9463270637773055,-0.7123804579206459,0.2339466058566596
0.02989124837667601,0.10297813896673025,0.07308689059005424
-0.39245642898115,-0.21246972537128223,0.1799867036098678
0.4645685848151927,0.2698162769375681,0.1947523078776246
-0.18797704913715677,0.02770174761094609,0.21567879674810286
0.7186863853558313,0.6131580997738918,0.1055282855819395
0.04067210061068383,-0.10588489905453764,0.14655699966522148
-0.47799759305865236,-0.2776751039198013,0.20032248913885103
0.9426188180296896,0.7129435943351174,0.22967522369457216
-0.9480740509934432,-0.7295786728700296,0.21849537812341358
0.9351035300432523,0.7222737757266425,0.21282975431660978
0.7243327327381794,0.4979009743784196,0.22643175835975982
-0.49846429076719984,-0.3170808558954005,0.1813834348717993
0.8800727428598805,0.7161866258285593,0.16388611703132117
0.20786339462766393,0.07539269504051797,0.13247069958714597
-0.1510647438069149,-0.2320419058529189,0.080977162046004
0.2675514678110344,0.30008817374967406,0.032536705938639665
0.3028642580237139,0.14779337934323813,0.15507087868047578
0.9250278238460911,0.7203222371865415,0.20470558665954952
0.4480634284774295,0.41473655292643613,0.033326875550993396
-0.9298251379512773,-0.7076897529153613,0.222135385035916
-0.8450485675267762,-0.6897626588801912,0.15528590864658498
0.4298287136401616,0.46421026305916135,0.034381549418999735
-0.5785787265220455,-0.3868549053357921,0.19172382118625336
0.9499041953353483,0.7331666892821113,0.21673750605323705
0.7309518957062969,0.5069802983652436,0.22397159734105332
-0.1099475534442363,0.01127270358347126,0.12122025702770756
-0.918092475185571,-0.6782064834703171,0.23988599171525393
0.3626303869668716,0.24425328029927879,0.11837710666759282
0.9376730048417405,0.7322664004598723,0.2054066043818682
0.8943363151693807,0.6020675385491803,0.29226877662020045
0.8838552325301209,0.7180187104998057,0.16583652203031518
-0.8860959701655167,-0.6742224208021398,0.21187354936337688
0.296015426523488,0.314409314265965,0.018393887742477022
0.11930598143921138,0.19067371938697378,0.0713677379477624
0.9555649993405422,0.752207012911574,0.20335798642896818
-0.5935571280217552,-0.3856884540961185,0.20786867392563668
0.9644148294422884,0.8059972071310684,0.15841762231122003
0.9389670716230881,0.7300494740364466,0.20891759758664152
0.7976938494423782,0.5738291602656145,0.22386468917676372
0.615740750634521,0.557044292659506,0.058696457975015104
-0.9581679437714365,-0.7758710143806897,0.18229692939074682
0.5029222431579748,0.32275194728932777,0.18017029586864708
-0.8528580539585967,-0.7604781444447273,0.09237990951386943
0.9416348063871179,0.7438819410674635,0.19775286531965441
-0.46034328135866615,-0.4349603065476045,0.025382974811061665
0.5846603580494845,0.5177127191793931,0.06694763887009136
-0.6116581123506516,-0.408509882224635,0.20314823012601657
0.7929811976829971,0.575775672651275,0.21720552503172208
-0.8474979043901083,-0.6525194528059874,0.19497845158412086
-0.8914008526111,-0.6658983403378838,0.22550251227321627
-0.9080861801419494,-0.7183227332124988,0.18976344692945057
-0.9420138286436449,-0.7221097702612391,0.2199040583824058
-0.6445606801199601,-0.42570973230268244,0.2188509478172777
-0.35559284741770514,-0.18999038859450826,0.16560245882319688
-0.8890194022409881,-0.654850464586426,0.23416893765456204
-0.5581163262362785,-0.4822248562030346,0.07589147003324387
-0.9218810075377943,-0.688980464097399,0.23290054344039535
0.5687317536525817,0.36395477353323524,0.20477698011934642
0.658658758786027,0.45615860751919685,0.20250015126683013
0.19867584287818993,0.07547969171566365,0.12319615116252627
0.45307899958767944,0.42458057705726,0.028498422530419454
-0.6512231251098501,-0.5527145430267315,0.09850858208311863
-0.44241630506665136,-0.450451484402326,0.008035179335674658
0.8953650139253038,0.6580288267354949,0.23733618718980887
0.07444171835303863,0.32408167171881813,0.2496399533657795
-0.7645498041559423,-0.6780513204362956,0.08649848371964675
0.21288043425634431,0.08067695575296861,0.13220347850337572
-0.2603770174540229,-0.284711664704479,0.024334647250456087
-0.42464595545117395,-0.24235030326242651,0.18229565218874744
-0.15062345034407215,-0.029216543178844777,0.12140690716522737
0.21853749294342917,-0.003678478384794706,0.22221597132822388
-0.9168200884759622,-0.6801856657837341,0.23663442269222812
-0.8228195284774759,-0.5928328719213535,0.22998665655612238
0.850306195561878,0.6810015057292383,0.1693046898326397
-0.8881302216424959,-0.7440084704021139,0.14412175124038196
0.2841758241565215,0.10805256371583227,0.1761232604406892
0.5244010052283398,0.3328942448531871,0.19150676037515268
-0.0869919326702281,0.08169708720015946,0.16868901987038756
0.21621612871670373,0.08535816992436432,0.1308579587923394
0.5776973574420455,0.5138487651100789,0.0638485923319666
-0.8090677207236524,-0.6623039521333935,0.14676376859025886
0.814088432536805,0.715783706455236,0.09830472608156893
-0.4492449433508151,-0.42449609383462006,0.02474884951619505
0.40380004387206436,0.23530483451074619,0.16849520936131818
0.789610339000795,0.6649691185935764,0.12464122040721859
0.9430869670224166,0.737902541059999,0.2051844259624176
-0.7715147017558174,-0.5514338245475616,0.22008087720825575
-0.5792992042602269,-0.5131601864450954,0.06613901781513143
-0.38361398271043484,-0.38097289585828525,0.002641086852149588
0.9192873667373134,0.6942840897412637,0.22500327699604972
0.37815738654945336,0.3797019143754445,0.0015445278259911266
-0.3152384915384833,-0.13164904891027224,0.18358944262821109
-0.41581592718360394,-0.40130815811153636,0.014507769072067578
0.2698983965281742,-0.03462777123859041,0.3045261677667646
-0.3799138748110674,-0.3911375907497404,0.011223715938672996
-0.5050445908367253,-0.3225840980020305,0.1824604928346948
0.3949675037872162,0.1834226486498594,0.21154485513735677
0.909774236705739,0.6790760660892345,0.23069817061650444
0.8665456280172175,0.640737602733896,0.22580802528332145
-0.14852462001848332,-0.03029706102992633,0.118227558988557
0.2766526309454915,0.13461463345427196,0.1420379974912195
-0.516242313937171,-0.2664255664443029,0.24981674749286814
0.7823008056036406,0.5590947222236924,0.22320608337994818
-0.9266430434183439,-0.7009092454480967,0.22573379797024717
0.5597385901569715,0.5501300457133507,0.009608544443620803
-0.8772915602886656,-0.64145170046467,0.23583985982399558
0.11110844405316112,0.0020631662680285594,0.10904527778513255
-0.6250231408009601,-0.5578625827141538,0.06716055808680632
-0.35308581754156526,-0.08514633933435346,0.2679394782072118
0.5021717635575871,0.4647571559685749,0.03741460758901216
0.1922770531863133,0.05739564304589272,0.13488141014042057
-0.09733235151908445,0.00762695401761277,0.10495930553669722
0.6859768693277344,0.6095584803369621,0.07641838899077225
0.9208653090864293,0.7295351166787171,0.1913301924077122
0.917067629217873,0.6847402215560451,0.2323274076618279
-0.7252482699868341,-0.476428979444874,0.24881929054196011
0.9185653358342535,0.7658546729585713,0.15271066287568213
-0.5845810054776707,-0.3875583109559499,0.19702269452172078
-0.434400701481327,-0.4063352920722106,0.028065409409116393
-0.4914872544838601,-0.45707788457703447,0.03440936990682564
0.9430632086064927,0.7442480823297447,0.19881512627674802
-0.592680484163764,-0.5153188854134595,0.07736159875030446
-0.6509429927952903,-0.439912720604511,0.21103027219077936
-0.5327140594530758,-0.17959151172978943,0.3531225477232864
0.14285631458273074,-0.11690197807242071,0.25975829265515143
0.2935875660153093,0.30915005348847685,0.015562487473167574
0.4007623787379514,0.2269743091634524,0.173788069574499
-0.04356120017153061,-0.12376733791539714,0.08020613774386653
-0.9075393123164333,-0.7312810232133704,0.17625828910306285
-0.2825871144516424,-0.13532476169651556,0.14726235275512686
0.821679607889439,0.571354963054391,0.2503246448350479
-0.8072190392575489,-0.6995891583583669,0.10762988089918202
-0.7180569756655283,-0.6110754929862559,0.10698148267927243
-0.16365888074279647,0.13058451642100735,0.2942433971638038
0.19788175068716457,0.24742800253883324,0.049546251851668666
-0.3105331036210647,0.0053439069082260185,0.3158770105292907
0.5327621163552689,0.34832830443240387,0.18443381192286507
0.9673724729494886,0.7746140871837232,0.19275838576576543
0.3052670897151788,0.17576884230428166,0.12949824741089713
0.834405146430467,0.6871729607567894,0.14723218567367768
-0.017811893502322262,-0.10936416823724997,0.0915522747349277
-0.05126292929542641,-0.13153402176985104,0.08027109247442463
-0.09572379801308267,-0.16392142216026084,0.06819762414717817
0.8783251912103923,0.6862021979583797,0.19212299325201265
-0.8488310732309855,-0.6144477669621932,0.23438330626879234
-0.42128524536135886,-0.41077101759556073,0.010514227765798134
-0.9032255450824825,-0.6731890158396536,0.2300365292428289
-0.9605292833639602,-0.7630881512127212,0.19744113215123893
0.3276241276253159,0.1717125357389967,0.1559115918863192
-0.1974747358136978,-0.23056468785637235,0.033089952042674564
0.9427835379433315,0.7413863929821628,0.20139714496116867
0.6613742244987972,0.5747367344109346,0.08663749008786259
0.9049706844023137,0.7204671162724741,0.1845035681298396
0.9234983429328223,0.7089607700386865,0.21453757289413578
-0.9020765402248974,-0.7245839142982112,0.17749262592668613
0.944363383656596,0.7312467631446866,0.21311662051190938
0.41637523997488396,0.06662234223675283,0.3497528977381311
0.11051854195411095,-0.2185178456612159,0.32903638761532683
0.9660950941686869,0.8145572924151566,0.15153780175353027
0.8378036241527516,0.6968383361663153,0.14096528798643626
-0.7749501728136974,-0.5541780897387548,0.22077208307494256
0.9048313993323784,0.7143878821065553,0.1904435172258231
0.08768784693790983,0.15265946319253434,0.06497161625462451
-0.7107166916447083,-0.4960761290419501,0.2146405626027582
-0.14741255497389003,-0.20501622178918252,0.0576036668152925
0.24939975419772448,0.10694686142728843,0.14245289277043605
-0.6440703163241718,-0.4346823669533235,0.20938794937084826
-0.4409026658078285,-0.2663384556963941,0.17456421011143441
0.8779377497058362,0.6543208492893715,0.22361690041646465
0.5255382604341474,0.7057922753534611,0.1802540149193137
0.6991105388420759,0.7202374699875356,0.021126931145459715
0.8745901262333213,0.716159322788481,0.15843080344484028
0.40297612733538235,0.03723271310742537,0.365743414227957
0.2940013524853846,0.0837275293057989,0.2102738231795857
-0.08592818823341536,0.0341177064198187,0.12004589465323406
-0.9077883838385227,-0.6868471119897398,0.22094127184878287
0.9374042234486523,0.7363465644514146,0.2010576589972377
0.4361327140582809,0.21215879983675218,0.22397391422152874
0.028223626456355243,0.10203635080075352,0.07381272434439827
-0.7611702650461531,-0.6540518290602739,0.10711843598587922
-0.5985550873035227,-0.3918963495419581,0.20665873776156457
0.404110262563277,0.3896018463067921,0.014508416256484857
-0.7307996490044198,-0.6196160832321457,0.11118356577227417
-0.9434803828941275,-0.7271379843587332,0.21634239853539428
-0.8734515016694041,-0.6414632462796189,0.23198825538978518
-0.12806777134205422,-0.008885420076869462,0.11918235126518475
0.9005190048517041,0.7157826342656218,0.18473637058608228
-0.16274151225115577,-0.0418127490673682,0.12092876318378756
0.9480757371415626,0.7302455695414072,0.2178301676001554
-0.15615189068469598,-0.037649914374879676,0.1185019763098163
0.4049536294740499,0.22647822829000086,0.17847540118404903
-0.005768491284948375,-0.33584298597186435,0.33007449468691596
0.9089791465210959,0.6814993104342171,0.22747983608687883
0.3929551605042431,0.37216753230302196,0.020787628201221153
0.789308039268321,0.6541677442325529,0.1351402950357682
0.8740532991610467,0.7342822265886723,0.13977107257237442
-0.7564906101715151,-0.5136315009054615,0.24285910926605359
-0.9460618737883829,-0.7227807397069261,0.22328113408145678
-0.07456592907430254,0.19941337621262584,0.2739793052869284
0.8808071662434965,0.6557138986176745,0.22509326762582205
-0.21369378604337558,-0.44292451386075965,0.22923072781738407
0.4179854135678627,0.25228466498219193,0.16570074858567074
0.7585157865047472,0.7453495023043412,0.013166284200405998
-0.9115550944867414,-0.6829272665464413,0.22862782794030012
-0.9473261018855189,-0.7372046855192999,0.21012141636621906
0.5255105290332783,0.33825445440566787,0.18725607462761046
-0.9629071040594525,-0.7816927316088179,0.18121437245063454
-0.9484921008667678,-0.7470350503998794,0.20145705046688844
0.9483819117169304,0.7350571325004582,0.2133247792164722
0.05060059277133779,-0.04075423442168004,0.09135482719301782
-0.25783208392480245,-0.036751104777840514,0.22108097914696193
-0.8997647192532288,-0.6800623005941596,0.21970241865906914
0.7964318781462446,0.5775170786840863,0.2189147994621583
-0.8041241611239283,-0.6700214748624914,0.13410268626143684
-0.27594365661456455,-0.12571320128463695,0.1502304553299276
-0.8378321160780631,-0.613170391633445,0.22466172444461807
0.8952765245919801,0.7659968547263812,0.1292796698655989
-0.7918801983103141,-0.5669355228511255,0.22494467545918861
0.7750456334390169,0.5552934713777905,0.21975216206122639
-0.9304699489755553,-0.7297994885722984,0.20067046040325698
0.9479330498035051,0.7283773027221253,0.21955574708137982
0.8474613293980439,0.5356116686600552,0.3118496607379887
-0.8934470570165818,-0.655903179475383,0.23754387754119877
0.8458037247610438,0.6102522158009173,0.23555150896012655
0.8883145432143927,0.7205228823688684,0.16779166084552433
0.8222584611241442,0.6396040782445921,0.18265438287955216
0.09244474091256392,-0.01992535847982803,0.11237009939239195
-0.8617413854451347,-0.7656657952395424,0.09607559020559231
0.965972401746569,0.742518360294046,0.2234540414525229
0.6356858057134163,0.4209779714206829,0.21470783429273338
0.020013890458396407,-0.09180697471470528,0.11182086517310169
0.44219234616365954,0.40759912144544796,0.03459322471821158
-0.534472699081965,-0.48710801034298346,0.047364688738981586
-0.9275619088925898,-0.763125600686401,0.16443630820618882
-0.41808531516547515,-0.19446349449211042,0.22362182067336472
-0.09100698310208721,-0.15487623448284168,0.06386925138075447
-0.23935440413373613,-0.10516567533489926,0.13418872879883686
0.7279889645447306,0.506473897629418,0.22151506691531264
0.7794908623855749,0.5579758170253017,0.2215150453602731
-0.43835778812982484,-0.4421817463938688,0.0038239582640439695
-0.9336021991782756,-0.7091506023629287,0.22445159681534688
0.9348251722775113,0.7053699002838025,0.22945527199370874
-0.8344983636777302,-0.6781208890333391,0.1563774746443911
0.027705850417257098,-0.061102942511117926,0.08880879292837503
-0.753054257717097,-0.5295754088808785,0.2234788488362185
-0.765985245445698,-0.6511017281220889,0.11488351732360913
-0.09333279353982356,0.07256395915797269,0.16589675269779625
-0.3498600480489365,-0.3712201683900042,0.021360120341067712
0.1276869730887095,0.18608117705650817,0.05839420396779868
-0.9314075427988243,-0.7378763651736049,0.19353117762521943
0.57728719078434,0.3854301878268139,0.1918570029575261
0.8939056654905974,0.6566121769014963,0.23729348858910104
-0.7149310322880853,-0.5894204750047963,0.12551055728328897
-0.475269265715502,-0.5943871753064103,0.11911790959090829
0.7936188752172953,0.682008089515353,0.11161078570194238
0.3478547159514589,0.35005441287537054,0.0021996969239116426
-0.8105745663146225,-0.5810634288115404,0.22951113750308216
0.29759831584363367,0.1527218430577398,0.14487647278589386
0.7097932575014451,0.4585442591873836,0.25124899831406144
-0.9399972963227531,-0.6599989873219013,0.27999830900085176
0.7572994019516615,0.5345465627544459,0.22275283919721556
0.7762716756287208,0.7055126091592047,0.07075906646951613
-0.7656894783638266,-0.5464160511149667,0.2192734272488599
0.8868289807803701,0.7674557994508018,0.11937318132956831
-0.6000417941595986,-0.6976406390888292,0.09759884492923065
-0.9470647367090428,-0.7312566418821179,0.21580809482692487
-0.9278039248070261,-0.6919384598711921,0.23586546493583405
-0.2134840094891833,-0.005338824831216982,0.20814518465796633
0.46439583182783406,0.4286939801997583,0.035701851628075765
-0.8640264302100584,-0.6403924205632278,0.22363400964683067
0.703785787902563,0.5967026266557804,0.10708316124678252
0.8298413216701364,0.6849400654847725,0.14490125618536387
0.7746641567025049,0.551234846803196,0.22342930989930887
-0.8962816881873431,-0.6702723453216384,0.22600934286570473
-0.2892906582034666,-0.14558887959362837,0.14370177860983824
-0.8496958710871401,-0.693780527822264,0.1559153432648761
-0.9081251804130063,-0.6818772751291058,0.22624790528390049
0.781959956144655,0.5575152718461448,0.22444468429851017
-0.21101316868335734,-0.07136805754231049,0.13964511114104686
0.9339041219898012,0.7025795303338784,0.23132459165592278
-0.9219618705581403,-0.6916694567050771,0.2302924138530632
-0.10983867265886281,0.2179366463082526,0.3277753189671154
0.6348752054919473,0.4204414496519036,0.2144337558400437
0.11293773259922446,0.010983936068298578,0.10195379653092589
0.32686635667594116,0.32836646127224334,0.0015001045963021764
0.023873883072512286,0.09849105375958157,0.07461717068706929
-0.9417307377144776,-0.6618700900975475,0.2798606476169301
0.8032191232345215,0.5758314379898682,0.22738768524465325
0.36513304190754736,0.19545935129531808,0.16967369061222928
0.35408285673147594,0.3529417014327997,0.0011411552986762552
0.3380783366128799,0.17666907118806735,0.16140926542481254
0.052458614214923385,0.1252003095472429,0.07274169533231951
-0.24287606864756345,-0.10364713199352235,0.1392289366540411
-0.4775117674718242,-0.44233131071904885,0.03518045675277537
-0.40869614145273164,-0.242029538968055,0.16666660248467663
0.9480440029448849,0.7284458345872552,0.21959816835762969
0.8500513068397211,0.6987893032854711,0.15126200355425
-0.03187343744000701,-0.16508255013838397,0.13320911269837696
0.9314668529492223,0.7149388773730264,0.21652797557619585
-0.7351589028132999,-0.5123646726875556,0.22279423012574429
0.5805830778930702,0.38842915257645605,0.19215392531661413
-0.7848161943923337,-0.5624853187700365,0.22233087562229725
0.6551920796360773,0.6539776597061185,0.0012144199299587433
0.34224719055302455,0.17918164216048574,0.1630655483925388
0.9435842085742159,0.7253750590494463,0.21820914952476955
-0.8955731759957888,-0.6636115996324499,0.23196157636333892
0.8908243208243591,0.6416646655211723,0.24915965530318684
0.5794685472015261,0.3083705416178384,0.2710980055836877
-0.8872849020113097,-0.6644523779085783,0.22283252410273147
-0.1393144266409868,0.19037028209975473,0.3296847087407415
0.8594469236921067,0.6363008725952938,0.22314605109681296
-0.25322172753761424,-0.2646359703060651,0.011414242768450877
-0.5290550649386506,-0.49267848312053597,0.03637658181811465
0.8666070532591219,0.6305493333984526,0.23605771986066926
0.1609843064145399,0.049097314831711765,0.11188699158282814
0.7637715816776394,0.5394568964139953,0.22431468526364406
-0.9391514736193832,-0.6906875040428427,0.2484639695765405
0.9484095363122199,0.7365268042766719,0.21188273203554797
0.9106912983865453,0.673957419449797,0.23673387893674824
-0.887493984707467,-0.6520509557092221,0.23544302899824487
-0.8620374629984487,-0.6361049489412515,0.22593251405719728
-0.3325804965184326,-0.33248242034270636,9.807617572621385e-05
-0.8852587438220216,-0.7025118837080507,0.1827468601139709
-0.9423610943424438,-0.7161699674201069,0.2261911269223369
0.26743965514400025,0.28282528183889055,0.015385626694890298
-0.7826440043037304,-0.6561273255687498,0.12651667873498063
0.3390210963046007,0.3408780777679686,0.0018569814633678794
-0.7261644725687055,-0.5103975652644509,0.21576690730425463
-0.8699329973724463,-0.7116224639662555,0.15831053340619083
0.5615316519432457,0.3620001676332134,0.19953148431003231
0.04747948551530993,0.18662453252154848,0.13914504700623856
0.8638011543682251,0.7040765734426704,0.15972458092555475
0.8071776827692281,0.5756993874821461,0.23147829528708197
-0.14677067947019765,-0.20542500800006336,0.05865432852986571
-0.9105696921015586,-0.7012441891391453,0.20932550296241326
0.3019527565980639,0.14980937132909725,0.15214338526896667
-0.8493788720020401,-0.6974417937856482,0.1519370782163919
-0.6928650803478027,-0.5965209244866636,0.09634415586113909
0.03959417359366336,0.24810779273945607,0.20851361914579272
0.38114997918805027,0.37294199211589335,0.00820798707215692
0.8755848797688215,0.6381729618314501,0.23741191793737138
-0.7587521307522589,-0.5101599285038755,0.2485922022483834
-0.38675167900240287,-0.044976763434728124,0.34177491556767475
-0.8679649689397414,-0.6478775547823825,0.22008741415735888
-0.42487211600183616,-0.415675858291051,0.009196257710785138
0.9435444077614229,0.7203338189292023,0.22321058883222056
0.9165390277343473,0.6947773304029465,0.22176169733140072
0.7434340553468931,0.6320543318364399,0.11137972351045322
0.607089893877124,0.5325109351884656,0.07457895868865838
0.3113079630773158,0.14331563111635154,0.16799233196096425
-0.9549391800889796,-0.8078622163382374,0.1470769637507422
-0.8433175897054622,-0.6038087495489266,0.23950884015653562
-0.8026114446497181,-0.5779289411274979,0.2246825035222202
-0.29876796972716585,-0.15312819060612298,0.14563977912104287
-0.7748061894769466,-0.5040478544794864,0.27075833499746016
0.521876579684907,0.49954258474369934,0.022333994941207636
0.05365853150616278,0.12464857598592131,0.07099004447975854
0.821041902485463,0.5855544309531474,0.23548747153231564
0.7222821527508697,0.35903972809397816,0.36324242465689155
0.09185227618300776,0.15881594711555472,0.06696367093254696
-0.6475607907396342,-0.5803421265356536,0.0672186642039806
-0.5846969565111937,-0.36741828494375767,0.21727867156743602
0.46698923401480735,0.6721790987296609,0.2051898647148535
0.1136130595996837,0.40698712161431316,0.29337406201462946
-0.32185649694300866,-0.16297294394919826,0.1588835529938104
-0.880417948861841,-0.6419939735244282,0.23842397533741277
-0.9296497879484648,-0.633054501638059,0.29659528631040577
-0.9671613712494934,-0.784939533797211,0.18222183745228238
0.5931875027285257,0.3762423652810162,0.21694513744750954
-0.9324390136401581,-0.7465592152606911,0.185879798379467
-0.7334143463815999,-0.5209483238866032,0.2124660224949967
-0.7697945563553822,-0.6377484805436685,0.13204607581171368
-0.4485062542279612,-0.41614328962772607,0.03236296460023513
0.6449976643576181,0.561926552850974,0.08307111150664404
0.22970913669394605,0.26038596818573967,0.03067683149179362
-0.5478233630329558,-0.5022032050387416,0.04562015799421415
0.608526728365767,0.2757636480315312,0.33276308033423585
0.9410403801738318,0.722229071455924,0.21881130871790788
-0.9482674529402739,-0.7279550078208488,0.22031244511942516
0.9440839214624406,0.7554463160789062,0.18863760538353436
0.8025728699113425,0.6081398821625792,0.19443298774876328
-0.5790084988034767,-0.5121264265711365,0.06688207223234022
0.11004922200347958,0.16330789819557492,0.053258676192095344
-0.9485083299031225,-0.7229043643380835,0.22560396556503903
0.9473853904160751,0.7345476244646847,0.21283776595139037
-0.6242361478824098,-0.5512181790882494,0.07301796879416034
0.5737674510701377,0.5072912370098227,0.06647621406031501
0.026944934282073518,-0.06730774242813695,0.09425267671021047
-0.9507635064536224,-0.6791411246928379,0.27162238176078446
-0.8442620916189189,-0.615421146031751,0.22884094558716783
-0.9658237464604232,-0.7722186404304413,0.19360510602998193
0.8996926614784443,0.6671400060100386,0.23255265546840564
0.5998293566992456,0.4632304354072068,0.13659892129203882
-0.7595132191027649,-0.4579872936457311,0.3015259254570338
-0.9099020301024167,-0.7184362063195768,0.19146582378283983
0.38275564317932337,0.36705080757979136,0.015704835599532008
-0.9314243918796477,-0.7877228134295204,0.1437015784501272
0.6224919624547324,0.41756609466062544,0.20492586779410693
0.9336046952792912,0.7719456310291511,0.1616590642501401
-0.10016332245068377,0.005393076102225037,0.1055563985529088
-0.5498921860590652,-0.34555004642387116,0.20434213963519404
0.7353381252502224,0.6134113587883403,0.12192676646188205
0.8861345515721331,0.6422548701662175,0.24387968140591554
0.25587372977704936,0.2873378319095563,0.031464102132506944
-0.8654047186555722,-0.7742361068456586,0.09116861180991365
-0.8672233651281527,-0.7043657400588048,0.16285762506934787
-0.9381067744110823,-0.6534794929077031,0.2846272815033791
-0.8803137691863434,-0.5725283010654416,0.3077854681209018
-0.11862569790827512,-0.0045599976854239456,0.11406570022285117
0.7141637641208887,0.5028558579046841,0.21130790621620454
-0.3264817345693573,-0.16502268827957692,0.1614590462897804
0.9046017898796201,0.6799781974743542,0.22462359240526597
-0.3214790535313153,-0.35548647741199624,0.034007423880680954
-0.4268587304098667,-0.4069047523662257,0.01995397804364102
0.6793760585085341,0.4538709826342908,0.2255050758742433
0.9523477918265167,0.7438914736749211,0.2084563181515956
0.8181049505538894,0.5872050788952388,0.23089987165865067
0.7898631830777506,0.5692279942269928,0.22063518885075784
-0.4911414235489559,-0.45188343213623194,0.03925799141272396
0.22660564879600245,0.09241899327427996,0.1341866555217225
0.7024119773297066,0.49249793402087066,0.20991404330883595
0.3659511425557823,0.20776235070121263,0.1581887918545697
0.4914472736879565,0.5300943032900411,0.03864702960208466
-0.7766779158753991,-0.5143197793588822,0.26235813651651696
0.8271286817486517,0.7274061644901787,0.09972251725847303
-0.3433117225645944,-0.010328929936820939,0.33298279262777347
0.7247940592631205,0.6122206333071875,0.112573425955933
-0.1295059000339336,-0.024687606587793526,0.10481829344614009
0.23511618310991975,0.10032271105340904,0.1347934720565107
-0.43633217952366754,-0.40944377200510407,0.026888407518563473
-0.1854899331865627,-0.051792807646279464,0.13369712554028323
-0.805390566468078,-0.4798966607989406,0.32549390566913744
-0.9166742399933178,-0.7324247582901221,0.18424948170319566
-0.5094812597287226,-0.3228664996566845,0.1866147600720381
0.7967425493927202,0.5668901363861641,0.229852413006556
-0.7500867718361858,-0.6352485327604219,0.11483823907576385
-0.9357510315732351,-0.706780932470678,0.22897009910255717
-0.015855906186657852,-0.11219113550231517,0.09633522931565733
-0.24388579821076273,-0.27497371957637023,0.031087921365607507
0.8116128467554292,0.5837026102570195,0.2279102364984097
-0.3271857148144758,-0.33229135146468514,0.005105636650209355
-0.06889635881843678,0.05032311018672748,0.11921946900516425
-0.936292856564978,-0.7100624653681411,0.22623039119683686
0.906339932765183,0.7289504452855834,0.1773894874795996
-0.9705854274355168,-0.7910920332302408,0.179493394205276
-0.5808104675177173,-0.5192213893043588,0.06158907821335846
0.4918590787340416,0.45204631483126406,0.03981276390277755
-0.37300940810900046,-0.2061961174885596,0.16681329062044087
0.6661214905798112,0.3649503799508628,0.30117111062894836
-0.9218480149162356,-0.7335549989122895,0.1882930160039461
0.9106850051113533,0.6752177326516462,0.2354672724597071
-0.374373525850041,-0.3624556037515917,0.01191792209844933
0.6985751548222621,0.6015044459079948,0.09707070891426728
-0.9323154112036425,-0.7401894313533659,0.19212597985027657
-0.6976243191715223,-0.4823019469930554,0.21532237217846695
-0.4264398253726052,-0.6473744239171497,0.2209345985445445
-0.09319028594285628,0.016566071434014788,0.10975635737687106
-0.8570000293761308,-0.6313008840355626,0.22569914534056823
0.9298028166900022,0.7675499233703886,0.16225289331961357
0.9504017793670337,0.7359776710500678,0.2144241083169659
0.6033125069435841,0.562545089673526,0.04076741727005806
0.9387870352545985,0.7359782892153941,0.2028087460392044
0.2156339502172774,0.24511749704462218,0.029483546827344775
0.18245151152296646,0.2295861933989615,0.04713468187599504
0.7085897489332811,0.4828554673694204,0.22573428156386066
0.7311153962515254,0.48341005040206,0.24770534584946546
-0.8971581157454592,-0.6597755095164646,0.23738260622899465
-0.07071009416419399,-0.1856596888688934,0.1149495947046994
0.9449664802218882,0.7334927368993098,0.2114737433225784
-0.4505664015273765,-0.41929677341374366,0.03126962811363282
0.938349835202211,0.7089038607217378,0.2294459744804732
-0.8378672710716272,-0.6920366625829164,0.14583060848871077
-0.43785643385358036,-0.4321134988566202,0.005742934996960158
-0.21976508611964626,-0.281704427800883,0.06193934168123674
-0.40396342703208715,-0.2369024977896592,0.16706092924242796
-0.9485046928751474,-0.732219389581892,0.21628530329325535
-0.6987098285201235,-0.4749121144032942,0.2237977141168293
-0.3588784346990822,-0.3547679322549953,0.004110502444086894
-0.1673666625189969,-0.05371848928277366,0.11364817323622324
0.5993968978830613,0.35773196123010376,0.24166493665295752
-0.11295814890819725,0.18334758708717014,0.29630573599536736
-0.9379078706494208,-0.7359445463745744,0.20196332427484642
-0.9389644956331263,-0.7334230360981245,0.2055414595350018
-0.07058976224730784,-0.1401345252964473,0.06954476304913945
-0.21040238275988857,-0.07775580381366147,0.1326465789462271
-0.7301278672086295,-0.47106058256975525,0.2590672846388743
-0.007102828580468245,0.07674452955942276,0.08384735813989101
0.6466053437551984,0.4392453088974422,0.20736003485775623
0.870344672706557,0.6866980545439034,0.1836466181626536
0.4417203977533992,0.26986470654331607,0.17185569121008315
0.15496971996091566,0.21164773435414783,0.05667801439323217
0.7467679275604904,0.6258154345091261,0.12095249305136424
-0.6167881845191808,-0.41795277564240013,0.1988354088767807
0.5801958091792901,0.3551390271009112,0.22505678207837893
-0.0879412696888645,0.008871779624704045,0.09681304931356854
0.8191107750978177,0.591497925239601,0.22761284985821673
0.9328466988141394,0.7282574954743909,0.2045892033397485
0.8226994643733442,0.5946523874495028,0.2280470769238414
-0.8874157850718755,-0.663000841727367,0.2244149433445085
0.9021597625632531,0.6893900269296547,0.21276973563359847
-0.6504548624727021,-0.4348818319060714,0.21557303056663074
0.5894212144682892,0.5277044464726741,0.061716767995615096
0.45410454061115574,0.1625877889570134,0.29151675165414237
-0.18064004489827717,-0.2255608987647132,0.04492085386643602
-0.902623061136209,-0.6582355550330911,0.244387506103118
0.8426591967198799,0.7429502805707258,0.09970891614915411
-0.8050420751013363,-0.5745966582422488,0.23044541685908748
-0.7573229723338557,-0.6369442293756384,0.12037874295821727
-0.4587820927530077,-0.43040736282308145,0.028374729929926235
-0.8765797515799497,-0.6364962597893556,0.24008349179059407
0.4859764770523511,0.4484385729997223,0.0375379040526288
0.10067091941854209,0.19798627552720455,0.09731535610866246
0.04011646405335133,-0.060574681566017315,0.10069114561936865
-0.8053718174790678,-0.6675129285666903,0.13785888891237752
-0.9423557877065424,-0.7191009726641115,0.22325481504243083
0.6627008483719143,0.4497922354821274,0.21290861288978696
-0.640944376758478,-0.5630751039906079,0.07786927276787015
0.6647376506266562,0.44943388959508274,0.2153037610315735
-0.2646716243791975,-0.12594199717222793,0.13872962720696957
-0.4714447313278423,-0.28834334736573336,0.18310138396210895
-0.695005746370741,-0.5998828726295627,0.09512287374117823
-0.1255941110922257,-0.01405522453229031,0.1115388865599354
0.797337534763592,0.6610572441939708,0.1362802905696212
0.8453048898548869,0.5660983125546172,0.27920657730026976
-0.06145249285212825,0.038305734517986925,0.09975822737011517
-0.877380860050146,-0.6463005970064288,0.2310802630437172
-0.14536946800009828,-0.19921944198601432,0.05384997398591604
-0.5147127393099842,-0.4674380152993332,0.04727472401065097
0.945733945952645,0.7371307185967587,0.20860322735588632
-0.7385234274096855,-0.6269241908414951,0.11159923656819037
-0.7942046515144945,-0.5697181133628579,0.22448653815163655
0.7491618856052891,0.5396849257330332,0.2094769598722559
0.9525917643738475,0.7331830204371783,0.2194087439366692
-0.5369246559605616,-0.3260008731242595,0.2109237828363021
0.945539912059738,0.7308029922911833,0.2147369197685547
-0.09401237371963281,-0.15979227664892978,0.06577990292929697
0.4194655397511792,0.4010615432368065,0.01840399651437269
0.9287909969553545,0.7298971713839493,0.19889382557140523
0.6603637548132165,0.44307800444737366,0.21728575036584286
-0.8054897157342302,-0.5938921485154424,0.21159756721878786
-0.9159810601048631,-0.7008666047407677,0.21511445536409546
0.9099397831264362,0.6810328727190035,0.22890691040743272
0.6576631100345631,0.5736194527403329,0.08404365729423025
-0.9126977869184888,-0.6872262733022746,0.2254715136162142
0.22917328311333007,0.26253842491331597,0.0333651417999859
-0.03964238810991989,0.05099115059102799,0.09063353870094788
-0.42521995182155586,-0.19899729571230246,0.2262226561092534
-0.5244745424711073,-0.335373929918212,0.18910061255289523
0.9090134498539935,0.6694287434353378,0.2395847064186557
-0.39594732478834554,-0.23035327112252404,0.1655940536658215
-0.6316717318813448,-0.5529033058494908,0.07876842603185408
0.8677393376717959,0.6510463469374049,0.21669299073439097
-0.341144100357648,-0.5842710446437748,0.2431269442861268
0.33962577212986134,0.343902387619131,0.004276615489269664
-0.31375564870079753,-0.15594101676484226,0.15781463193595527
0.5215231321755264,0.2977039768450344,0.22381915533049196
-0.2218477294408928,-0.25388123837698595,0.032033508936093164
-0.4995725540473764,-0.3072543237275786,0.19231823031979778
-0.6456676503336309,-0.4393889466938033,0.20627870363982764
0.10751827544911838,0.1747754068473533,0.06725713139823492
-0.6990022688366724,-0.48288422443970974,0.21611804439696264
-0.7135995693322501,-0.5983465696269322,0.11525299970531788
0.5648925857890782,0.5024414974127214,0.06245108837635682
0.9242375094374293,0.7326711968221369,0.19156631261529244
-0.04030650557841807,-0.10244104842010586,0.06213454284168779
-0.4127786433018409,-0.2218615091921692,0.19091713410967168
0.9520477372233868,0.8067276383807512,0.14532009884263553
0.9300543155565697,0.7057826761676667,0.22427163938890304
0.1591257522821248,0.20220828474538013,0.04308253246325533
0.8494777851367786,0.7464326687954967,0.10304511634128188
-0.9469106028416442,-0.7224933663694465,0.2244172364721977
-0.9460449760508879,-0.7321668534651607,0.21387812258572714
0.39318847267238644,0.22980637166037174,0.1633821010120147
-0.9479929949626958,-0.7359805990791131,0.21201239588358278
-0.5808725595979615,-0.3478438387854273,0.23302872081253417
0.5062183207854287,0.318089109195226,0.18812921159020274
-0.7920225482146385,-0.5621359579778117,0.22988659023682678
0.7896894965620688,0.554246140067838,0.23544335649423076
0.9227919299827239,0.6817541640190251,0.24103776596369875
-0.8886045482051624,-0.6552004758755037,0.23340407232965876
0.36437980673369996,0.3542569496056469,0.010122857128053053
0.09078488073487481,-0.018116629989820655,0.10890151072469546
0.6198231864291837,0.4089979673888657,0.21082521904031798
0.3680635838115794,0.3606069529561579,0.0074566308554214755
-0.8170837512195688,-0.556083921440992,0.26099982977857683
-0.14961003125925504,-0.18861088203328247,0.03900085077402743
0.792706176376339,0.66075285334291,0.131953323033429
0.4574912203783026,0.2621416451954505,0.19534957518285206
0.17418663473764756,-0.053297195663762634,0.22748383040141018
-0.8778645302670283,-0.6464992008702508,0.23136532939677745
-0.019866757984605493,-0.11193199635258055,0.09206523836797506
0.971582716208351,0.8139225920626485,0.15766012414570252
0.9496564689983522,0.7790278498777881,0.17062861912056415
-0.12403866043918807,0.1561171575006543,0.28015581793984234
0.10925362058236732,-0.001391248577187344,0.11064486915955465
0.23547348184730307,0.08841440859733815,0.14705907324996492
-0.853580073742189,-0.6223968971705204,0.23118317657166865
-0.3019555247019107,-0.14698766129068366,0.15496786341122706
0.11095976511984,-0.005114559802777985,0.11607432492261799
0.8920234621980142,0.6649842350282534,0.22703922716976077
0.23340476469841018,0.08567121899072304,0.14773354570768715
0.19706492679213658,0.26125077979766353,0.06418585300552695
0.9253169570542377,0.7320775839530138,0.19323937310122385
-0.8889135170314942,-0.6553766445974883,0.2335368724340059
-0.94424437753002,-0.7393012326951685,0.20494314483485154
0.36324537186749895,0.35471557230335454,0.008529799564144402
-0.42870080226523305,-0.20188343628611233,0.22681736597912072
-0.6299480943312449,-0.6704713517690252,0.04052325743778029
-0.9400231498379982,-0.7418214681222577,0.19820168171574049
0.8564365378126185,0.7235803178026996,0.13285622000991892
0.6695991331688916,0.4563069965065361,0.21329213666235552
-0.8484503722985587,-0.6885505385504814,0.15989983374807726
0.3076187597376144,0.32232802235729857,0.014709262619684194
-0.28266370989953715,-0.3143212285746756,0.03165751867513844
-0.5215523297642827,-0.33682720255147064,0.18472512721281203
0.7645397319989506,0.48783291514127664,0.276706816857674
-0.10651832215958226,0.1096545305059308,0.21617285266551306
-0.48525491327811476,-0.2951533156663952,0.19010159761171957
0.806393748460606,0.5765315611694086,0.22986218729119734
-0.549577940995302,-0.49513718876001506,0.05444075223528694
-0.8074563025225954,-0.7403643076989519,0.06709199482364347
0.7789839962344312,0.7094425243031952,0.06954147193123594
-0.9094932294583327,-0.7295209371561192,0.17997229230221345
-0.3015112086346701,-0.14870078200111853,0.1528104266335516
-0.8105194978381594,-0.5780638707461577,0.23245562709200163
0.7215656431335737,0.40471870931831716,0.3168469338152566
0.8167254504297335,0.6919632071238462,0.12476224330588737
-0.14967859242259268,-0.20484089288937893,0.055162300466786246
-0.32699668116833336,-0.34995302604221373,0.022956344873880374
0.3503605990763358,0.13735145547115818,0.21300914360517764
-0.936657857017234,-0.6783534966247474,0.2583043603924866
-0.9496644469610814,-0.7302833823333255,0.21938106462775597
-0.9343394872507423,-0.7058962678203644,0.22844321943037793
0.9083968899714505,0.6135033293309646,0.2948935606404859
0.9468898129757323,0.7304900697566336,0.21639974321909872
-0.8788501499874471,-0.7021971334241672,0.17665301656327992
-0.8174689899265791,-0.5769833381899341,0.24048565173664505
-0.9379279677287178,-0.6817365370445467,0.25619143068417105
0.4988222783374639,0.19311807251093624,0.3057042058265277
0.6534429680339365,0.3238708139852137,0.3295721540487228
0.9131737907558032,0.6998800813991698,0.2132937093566334
-0.19063601537697245,-0.06301874167785533,0.12761727369911713
-0.6778919338689378,-0.3657603170052184,0.3121316168637194
-0.7685204356132803,-0.6332466762496309,0.13527375936364938
0.6217885871228245,0.4100665532331295,0.21172203388969496
0.5229939844841315,0.32880627276691043,0.19418771171722105
0.8886564978324482,0.65655976533939,0.23209673249305818
0.3249120105515954,0.01671507176483274,0.3081969387867627
-0.1776887875231677,-0.26690346510516044,0.08921467758199275
0.8105183380605894,0.6840436504672724,0.12647468759331693
-0.9165694017031968,-0.7004378220785519,0.2161315796246449
-0.9285391158117718,-0.6993247156394633,0.22921440017230854
0.9069873757740217,0.7304996930560512,0.17648768271797044
0.9141509846808069,0.7278570369832443,0.18629394769756258
0.01785162904818115,-0.07969726637488865,0.0975488954230698
0.8478243862777062,0.5420168645069459,0.3058075217707603
-0.8581314779058447,-0.6288576984195448,0.2292737794862999
-0.6792304472640953,-0.30586070412074856,0.37336974314334676
0.476917182348887,0.31419038797197646,0.16272679437691057
0.874168315108177,0.6376784827852569,0.2364898323229202
0.3755091807872194,0.3637758857504492,0.011733295036770175
0.5810101565034423,0.525600706089347,0.055409450414095396
-0.7144753137289818,-0.6029431805204339,0.11153213320854782
-0.13834733602159213,-0.1850377412422791,0.04669040522068696
0.13145700250235492,0.018013838217510025,0.1134431642848449
0.8204050263380825,0.5853306995795048,0.23507432675857776
0.9386249581040786,0.730445948471878,0.2081790096322006
0.13821156568936546,0.2133850879800307,0.07517352229066523
0.8321667716298846,0.600846532694995,0.23132023893488962
0.6611499083059954,0.45782931466810484,0.20332059363789057
0.9057794318366905,0.6717121534520805,0.23406727838461006
-0.5829166272026141,-0.38293822475635836,0.1999784024462557
0.1799186403755653,0.04566754393314448,0.1342510964424208
-0.6828533810045092,-0.5737729999382642,0.10908038106624496
-0.17945469631080627,-0.2632237559217774,0.08376905961097111
-0.01576954946047754,0.14832496529160089,0.16409451475207842
-0.9325095195505029,-0.6973349887767061,0.2351745307737968
-0.11942711364419395,-0.002304859629617327,0.11712225401457663
0.5695984203693367,0.508733996675698,0.06086442369363876
-0.04944029814879146,-0.2978104423433694,0.24837014419457792
0.9075018667849885,0.6731944812864914,0.23430738549849706
0.7359400610761577,0.5187517838857789,0.2171882771903788
0.9231784066899222,0.6935687718229276,0.2296096348669946
-0.010244819215165669,-0.12830623562054158,0.11806141640537592
0.018716281394313368,0.09569749532097348,0.0769812139266601
-0.5326791459985457,-0.34408101369888194,0.18859813229966377
-0.9403251151114281,-0.7382678698445223,0.20205724526690583
-0.46381869313812196,-0.4427787385828769,0.021039954555245044
0.9392726287691672,0.721467815441857,0.21780481332731016
0.39881078196957265,0.22461129339036606,0.17419948857920659
-0.9368975751263087,-0.7113011209635841,0.22559645416272456
-0.8559605870605743,-0.7453707953351371,0.11058979172543726
-0.5814292529481433,-0.5140258574008941,0.06740339554724917
0.1443112124248115,0.19162030773998814,0.04730909531517663
-0.7261824714965999,-0.47642941497659536,0.2497530565200045
0.9399824191173496,0.7490430873531171,0.1909393317642325
0.8580403982667695,0.6966699501546727,0.16137044811209678
0.887093420855486,0.6607622154741725,0.22633120538131357
0.8338536617891791,0.6032269391906258,0.23062672259855332
0.9451562208722891,0.7350467849640421,0.21010943590824704
-0.08625256853638301,0.01945593334474033,0.10570850188112334
0.7240530421139928,0.5017128140147681,0.2223402280992247
-0.5614695379832817,-0.49948119694156234,0.06198834104171935
0.9413947146578746,0.712496721178517,0.22889799347935758
0.1642218821867574,0.048917714885312415,0.11530416730144499
0.6054334439103801,0.39612085662115765,0.20931258728922247
-0.7531101735181279,-0.6317739786437118,0.12133619487441616
0.9237062126224465,0.7068412721450532,0.21686494047739324
-0.5746845708436302,-0.30865440183572035,0.2660301690079099
-0.9056478481252694,-0.6830863504942126,0.22256149763105681
-0.2524589572291237,-0.2764552941048456,0.02399633687572189
-0.906844522008818,-0.6793202320324419,0.2275242899763762
0.6159367695334294,0.32149361198933646,0.2944431575440929
0.763075172984962,0.6438363743773435,0.11923879860761843
0.4090436638046589,0.13192775972198945,0.27711590408266945
-0.804622735927634,-0.6644581280215329,0.14016460790610108
-0.6275485995912952,-0.41069498733344323,0.21685361225785194
-0.29015458030272817,-0.3021177217152696,0.011963141412541456
0.9615955979426144,0.7119769249982739,0.24961867294434048
-0.4827124459924076,-0.28907871905855864,0.19363372693384895
-0.9172859250328864,-0.7280253030166378,0.1892606220162486
-0.9468519492225964,-0.7617445593742299,0.1851073898483665
0.9354562232884166,0.634642228385356,0.3008139949030606
0.5407761954304107,0.5382642956274977,0.002511899802912998
0.8093316809190231,0.6696411827099548,0.13969049820906831
0.16924781627421945,0.21434357048281147,0.04509575420859202
-0.9083166547937875,-0.6786985885495876,0.2296180662441999
0.14752955559303504,0.19981227189482179,0.05228271630178674
0.9066582042580594,0.7384551060857516,0.16820309817230783
0.807643440426675,0.5727449928033498,0.23489844762332523
-0.6995354906352916,-0.47644410204209864,0.223091388593193
-0.6485503422084663,-0.39166685337799156,0.25688348883047474
-0.6559706252588955,-0.40846114319670535,0.24750948206219014
-0.370577862859138,-0.5385932266596662,0.16801536380052823
0.15091621865730068,0.21552256902353215,0.06460635036623147
0.6972236643820598,0.6046176482558812,0.09260601612617869
0.8179754425059318,0.6841947231672159,0.13378071933871594
-0.8122502377903937,-0.6458285701693229,0.1664216676210708
-0.864052352977912,-0.7166632295206836,0.14738912345722843
-0.6633025960443384,-0.5867686284790993,0.07653396756523911
0.24436587565883505,0.32906086123455197,0.08469498557571692
0.3486904633938444,0.002249514821439571,0.3464409485724048
0.9058936120914721,0.6976636210418923,0.20822999104957984
-0.25166166336284485,-0.10250056167985977,0.14916110168298508
-0.359596854120046,-0.35238431881019056,0.007212535309855439
-0.5132002823990317,-0.4653329382651982,0.04786734413383348
-0.4179145404553822,-0.2415304431496864,0.17638409730569576
-0.8200563259406711,-0.5655743285046914,0.25448199743597977
-0.1376055460183251,-0.18379677038146347,0.04619122436313838
-0.8653016013793747,-0.6433674854327437,0.22193411594663104
0.40071654461703793,0.24071063223833242,0.1600059123787055
0.8362250953767543,0.6730255078676954,0.16319958750905883
0.23285654901145797,0.3178236666760532,0.08496711766459525
-0.7349388695537509,-0.46956921136677404,0.26536965818697683
0.8490161324743283,0.688622886997795,0.16039324547653333
-0.8756430813910993,-0.7060654170326541,0.16957766435844512
-0.9545535840130543,-0.7402407929431505,0.21431279106990386
0.8327825905101274,0.685943727766166,0.1468388627439614
-0.9158861171705894,-0.6880124133195192,0.2278737038510702
-0.862930220880857,-0.6154266012195313,0.24750361966132572
-0.9643557133658615,-0.7684036342518717,0.1959520791139897
0.3624214218235044,0.19494382507998945,0.16747759674351495
0.6740965288852188,0.4657356113664722,0.20836091751874658
0.7828040954186447,0.5322957237144191,0.2505083717042256
0.9426544456551497,0.7059703996787118,0.23668404597643788
0.031556995897368705,-0.058765131130363996,0.09032212702773271
0.564669820761949,0.3568166297533961,0.20785319100855293
-0.8766131159692334,-0.6399406277213566,0.2366724882478768
-0.6176583048133767,-0.5365289669092465,0.08112933790413024
-0.8126295375997643,-0.6615497080594067,0.1510798295403576
-0.9174587944139514,-0.7394111658442555,0.17804762856969591
-0.942989522439014,-0.7382159681597407,0.20477355427927335
-0.0788418316804942,0.14969324136206416,0.22853507304255838
0.7464438571760643,0.6286683964054619,0.11777546077060241
0.8842381005640454,0.7168854119699326,0.1673526885941128
-0.7025844687068713,-0.4750921710467328,0.2274922976601385
0.9381607760830525,0.739030774734705,0.19913000134834746
-0.8783078702929932,-0.6462189462723191,0.23208892402067405
0.9543149541701053,0.7581221464007833,0.1961928077693219
0.9427072504125574,0.7307401343067557,0.21196711610580177
-0.1279451053352654,0.13952265322882967,0.2674677585640951
-0.7845039089150803,-0.6552448533919261,0.1292590555231542
-0.5399501348405392,-0.34234835410875214,0.19760178073178708
0.4109439115914072,0.40940122084155195,0.0015426907498552467
-0.6044894700134996,-0.4021961059413309,0.20229336407216875
-0.5753144986534142,-0.3886259991971383,0.1866884994562759
-0.7811085164277486,-0.5491567729424555,0.23195174348529313
-0.24745878325184711,-0.10770223703084315,0.13975654622100397
-0.2399070945668519,0.06858575838721953,0.3084928529540714
0.9406856595267347,0.7479352690784042,0.19275039044833042
-0.18298135304237415,-0.059404816994936244,0.1235765360474379
-0.7799236569843263,-0.5750187324203552,0.20490492456397114
-0.21264541340137824,-0.2521317008751991,0.03948628747382085
0.723531436565508,0.470803154129087,0.252728282436421
0.946844139443898,0.7250943592648832,0.2217497801790148
0.4335658913546716,0.4171120794229395,0.01645381193173212
0.7082715537242945,0.6040898929943348,0.10418166072995971
0.5180103512471365,0.32464923200230966,0.1933611192448268
0.2002382738421164,0.4155120314750998,0.2152737576329834
0.35839301639883764,0.20000476908110268,0.15838824731773496
0.91852769207573,0.7941323530173009,0.12439533905842914
0.8069589050873962,0.6702021915649927,0.13675671352240348
-0.7566949891734908,-0.43900329479245165,0.3176916943810391
-0.563834397384315,-0.5093769425630247,0.054457454821290274
-0.9476604837465561,-0.7229136038351108,0.22474687991144526
0.826897934974137,0.5987632319279232,0.22813470304621375
0.8099390396379773,0.6700719754879938,0.1398670641499835
0.5300465850252252,0.4781538988361946,0.05189268618903059
-0.7675804390099679,-0.6422791907988773,0.12530124821109057
-0.3840036444446735,-0.375837260603627,0.00816638384104651
-0.8327126954127416,-0.6880526785211075,0.1446600168916341
-0.7412410286241224,-0.5203400521062999,0.2209009765178226
0.6272580533518641,0.7307438879649081,0.10348583461304395
0.1852936931741341,0.21866025176068182,0.03336655858654772
0.9115713726933073,0.7240326131823683,0.187538759510939
-0.8397291461184585,-0.614538927384894,0.22519021873356448
-0.6798544938041478,-0.4132326166308239,0.26662187717332386
-0.08574478362608702,-0.14778311727578572,0.0620383336496987
-0.7339370824772656,-0.5166418937701913,0.21729518870707432
0.25104367561846996,0.03637083703123696,0.21467283858723302
-0.09185143325269521,0.13975116262870443,0.23160259588139964
-0.6365318752308773,-0.5511112626143142,0.08542061261656309
-0.8528534224366955,-0.6896991119487447,0.16315431048795082
0.9536702079682363,0.802964655082691,0.15070555288554532
-0.6100399998797191,-0.5170535768808601,0.09298642299885906
0.3949280565621147,0.40730852198606154,0.01238046542394683
0.20198353679423425,0.06847975361576411,0.13350378317847014
0.8398391190236805,0.6111370120931845,0.22870210693049597
0.8963153286210586,0.6568960910729874,0.23941923754807115
-0.9519999518317167,-0.752447296744635,0.19955265508708175
-0.011472774319927947,-0.08650976807197434,0.0750369937520464
-0.3830977370712363,-0.22157050475457876,0.16152723231665753
0.7495178892748313,0.5251972177237139,0.22432067155111746
-0.5565564439321901,-0.36301258031668715,0.1935438636155029
-0.16890029017584024,0.08973845369912703,0.25863874387496727
-0.9253555751517675,-0.6931106880527195,0.232244887099048
-0.10525886089258985,0.009291781975542323,0.11455064286813217
0.39111098748327344,0.15585224305489115,0.2352587444283823
0.1385542933867062,0.18802019361481687,0.049465900228110676
-0.917185057682153,-0.6900885003844449,0.22709655729770806
-0.8856168828830902,-0.7093071593199356,0.17630972356315455
-0.8960339177569816,-0.7318663864692754,0.16416753128770623
0.8790583160722447,0.6732164746672782,0.20584184140496653
0.3013129230693759,0.3097654150493903,0.00845249198001441
0.1865398249584364,0.22307057960276272,0.03653075464432631
0.25446402438520205,-0.000736904342560357,0.2552009287277624
0.89023132680509,0.694213694029422,0.19601763277566797
0.20497653001427507,0.2436020686493769,0.03862553863510182
0.8852459412021082,0.7581290710334385,0.12711687016866968
0.9248375808397061,0.6886778115424976,0.2361597692972085
-0.8998865895003844,-0.6588944353538202,0.24099215414656416
0.20344918056371197,0.048591136226736345,0.15485804433697564
0.9176066169131061,0.6923022016630057,0.22530441525010036
-0.6026687652581462,-0.40798169742020624,0.19468706783793993
-0.02545981762969304,0.07006135502204501,0.09552117265173805
-0.0941959986557104,-0.3920629169133799,0.29786691825766953
-0.14345469117884152,0.09687104192916927,0.2403257331080108
0.9267387613018947,0.7434149500740936,0.18332381122780106
0.38233803530789245,0.43379996195906695,0.051461926651174494
-0.9317189738468787,-0.7051817975451417,0.2265371763017371
-0.3636600867917411,-0.13233771371873745,0.23132237307300366
0.5558990664284633,0.2487158383513265,0.3071832280771368
-0.9225410739745697,-0.722480063383864,0.2000610105907058
0.09873059593058812,0.15731394757424877,0.058583351643660644
0.05507814479132994,0.16942686312777056,0.11434871833644061
-0.7380099750809308,-0.6309976253990096,0.10701234968192119
-0.4705408703039673,-0.4398955432298792,0.03064532707408807
-0.5161308380431959,-0.3269263768070172,0.18920446123617873
0.3059126722647812,0.5274422539589566,0.22152958169417541
-0.15417589374222543,-0.19329695692834908,0.039121063186123656
0.4786048001449662,0.38382134732234846,0.09478345282261774
0.9597529353700962,0.7123175427543037,0.2474353926157925
0.8421411626077241,0.6844961887903235,0.1576449738174006
-0.11186400141423766,0.041296854858739816,0.15316085627297749
-0.7893013404454942,-0.5442239954368481,0.24507734500864609
-0.5500990039495993,-0.3613480648415341,0.18875093910806523
0.9361366967862806,0.6965709728662732,0.2395657239200074
-0.8112121123185275,-0.5882778582166546,0.22293425410187295
0.12826361786384566,0.1954435955755799,0.06717997771173423
-0.925177848839781,-0.7428970687357584,0.1822807801040226
-0.9100193283832994,-0.8031026682260161,0.1069166601572833
-0.019602374973740556,0.07107208484346325,0.0906744598172038
0.057900408306050685,-0.04120585616207697,0.09910626446812765
-0.3883337458693266,-0.18549106023512055,0.20284268563420607
-0.9428456444536509,-0.7326860050129093,0.21015963944074167
-0.7566968566664174,-0.6352549541332123,0.12144190253320508
0.3826718824099469,0.472674680285309,0.09000279787536214
-0.9141308133756729,-0.681753220850031,0.23237759252564194
-0.6965931287181901,-0.48386194862661147,0.21273118009157865
0.923673490332708,0.6887591782744731,0.23491431205823488
-0.8047089211845445,-0.7025733447424967,0.10213557644204785
0.8675217063275918,0.7139286244778335,0.1535930818497584
0.50485019821987,0.2738269280220729,0.23102327019779706
0.45802506958700967,0.4557459088632372,0.0022791607237724887
-0.015099601475352073,-0.12365909546012156,0.1085594939847695
-0.2607674145543539,-0.10839136618040611,0.1523760483739478
-0.0791390474773642,-0.16217212511601348,0.08303307763864928
0.5348351097553422,0.48530968596248397,0.049525423792858236
0.403847350891819,0.2371402312937552,0.1667071195980638
-0.9430247701369924,-0.7406138603969783,0.20241090974001408
-0.9386767277238565,-0.7197379948603747,0.21893873286348176
-0.46842450822737225,-0.48436822437425864,0.01594371614688639
0.9216685909816004,0.6615144049330485,0.2601541860485519
0.4588910257964621,0.2913494283866923,0.16754159740976982
-0.25297868893140635,-0.120296370901162,0.13268231803024433
0.06048944979877559,0.1334671762520637,0.07297772645328811
-0.5459832503681582,-0.49496477839060893,0.05101847197754927
-0.809315746454246,-0.6665540277706319,0.1427617186836141
0.7670952556452185,0.4087925139019246,0.3583027417432939
0.7750880879566122,0.6456754292751599,0.12941265868145235
0.8588142024304313,0.661649858213367,0.1971643442170643
0.5731145847122463,0.5672377165357195,0.005876868176526773
-0.9365422316072916,-0.7067173037182799,0.22982492788901165
-0.6571150820765206,-0.573673456048349,0.08344162602817162
0.2717942940264296,0.3759371923877687,0.10414289836133911
0.7681528867118125,0.6741168582438154,0.09403602846799708
0.50253191499773,0.46438139161164177,0.03815052338608821
-0.6160854414786614,-0.73893348883816,0.12284804735949861
0.7388722637764084,0.6205657965444102,0.11830646723199811
-0.3706674202316622,-0.2101431586696975,0.16052426156196473
0.6925948091285482,0.5919119924891776,0.10068281663937062
-0.5186626927757851,-0.4484742987521329,0.07018839402365223
-0.2864262831447119,-0.3015633483825291,0.01513706523781716
0.6090555998700098,0.39852403685567267,0.21053156301433712
-0.8967524839733558,-0.67049519196003,0.22625729201332578
0.299402945440885,0.14307449031291933,0.1563284551279657
-0.5224777639950828,-0.4777363336967623,0.044741430298320506
0.9481244879052714,0.7312197551305766,0.2169047327746948
-0.8183882911725984,-0.5910279339043116,0.22736035726828674
-0.7553772790123986,-0.5295066874382706,0.22587059157412803
0.749760095645547,0.5320665977490721,0.21769349789647496
0.8224744708658055,0.5914799835746934,0.23099448729111205
-0.17559363932353148,-0.047223150783945456,0.12837048853958602
-0.8874307064685002,-0.5719330569564552,0.31549764951204495
-0.7704648398147632,-0.6243265910303064,0.1461382487844568
-0.5576419349445036,-0.49703791323685736,0.06060402170764628
0.20438351389245307,0.2679643621413224,0.06358084824886934
-0.5052214411293947,-0.315516384848522,0.1897050562808727
0.8571953960049798,0.6853564682272467,0.17183892777773313
-0.010057233209142426,0.2677875422153488,0.2778447754244912
0.6999571657892444,0.5925953045999197,0.10736186118932467
0.9210700394406757,0.7059860383475961,0.21508400109307957
-0.1702603204263845,-0.04973077833692879,0.12052954208945571
-0.8423092078166196,-0.6102083559562492,0.23210085186037033
0.8814943336294908,0.71365804977851,0.16783628385098082
0.7408275987032756,0.627076018493854,0.11375158020942167
-0.8923456970018668,-0.7041006685811261,0.18824502842074076
0.5824312090314344,0.5236148917224501,0.05881631730898429
0.7219183573481724,0.6274590141652079,0.09445934318296456
0.7275255417724947,0.5092078230112353,0.21831771876125938
0.5820197266894844,0.516281054902794,0.06573867178669046
-0.24615145790857673,-0.2889063035015531,0.042754845592976376
-0.9019243244978418,-0.718768999209252,0.1831553252885898
0.6022276588550506,0.3872170577060091,0.21501060114904147
0.9125648330147205,0.7332406716166905,0.17932416139802998
-0.8332743191459672,-0.5986633690526144,0.23461095009335275
-0.8210637432196385,-0.5900533642954506,0.23101037892418785
-0.9309723108342436,-0.8003065748444399,0.1306657359898037
0.8996074719597937,0.7354252250370722,0.16418224692272154
0.11691406509506154,0.006072791914018205,0.11084127318104334
-0.7074352225625917,-0.6057018826363787,0.10173333992621303
-0.8816245538948526,-0.5499989359993743,0.3316256178954783
0.9414919851944064,0.7360235315603759,0.20546845363403043
0.9056668993919582,0.6842783721618896,0.22138852723006863
0.9066732479771048,0.7795224119371098,0.127150836039995
-0.9224496449401556,-0.6878887073821014,0.23456093755805418
0.16379597806292098,0.0239697889253803,0.1398261891375407
0.523755582585388,0.48158874625411613,0.042166836331271884
0.9095676941268651,0.622399348192741,0.2871683459341241
-0.6379456076416635,-0.5514961157188217,0.08644949192284179
0.8601802061690602,0.631833968899011,0.2283462372700492
0.020561713133412537,-0.06362506447975289,0.08418677761316543
0.007984461306277547,0.083522040111394,0.07553757880511645
0.6689762322614496,0.5905852798518718,0.07839095240957783
0.8687566873305945,0.7040945837351158,0.16466210359547873
-0.4038222592414713,-0.4500321615678162,0.04620990232634492
-0.9562005383518748,-0.8015744782474405,0.15462606010443425
-0.9265473201294138,-0.63240398175071,0.29414333837870377
0.18455471776279625,-0.04965918716219858,0.23421390492499483
-0.2097848319173274,-0.30337229808116345,0.09358746616383604
0.8781558171517835,0.7095646916976536,0.1685911254541299
-0.9454730012368859,-0.724673774158728,0.2207992270781579
-0.09925129379943826,-0.17302622658836894,0.07377493278893069
-0.9391547661309382,-0.7216958779200083,0.21745888821092985
0.09114479327777035,0.1516635636561143,0.06051877037834395
-0.9457894596377354,-0.7254058258603914,0.22038363377734405
-0.9396857149682437,-0.7114990534881799,0.22818666148006383
0.9073732325621592,0.7112118592656027,0.19616137329655647
0.07202553819346125,0.13805416970620282,0.06602863151274158
-0.5868764962782625,-0.5228873561555484,0.06398914012271417
-0.5099801932476257,-0.47712592779044427,0.0328542654571814
0.029383040192064853,-0.05855040275948606,0.08793344295155091
0.20813145049531884,0.08003463057309147,0.12809681992222738
0.5972139371523496,0.3835912934364719,0.2136226437158777
-0.0779857285849181,-0.18365097541135655,0.10566524682643845
0.19123086419582805,0.23302133366950728,0.04179046947367923
-0.9004875864446543,-0.6715937789019573,0.22889380754269706
0.877229583864855,0.7147110198771788,0.16251856398767617
0.35242622528021983,0.348641915240423,0.0037843100397968454
0.8666966055528337,0.7199667219957967,0.14672988355703698
-0.7162168562041229,-0.49368284229862514,0.22253401390549776
0.9408833633131611,0.7120006490053702,0.22888271430779095
-0.9030093327017981,-0.6666871375043126,0.23632219519748543
0.7273157426811316,0.6114605833019865,0.11585515937914515
-0.8324901066183873,-0.6104814413989068,0.22200866521948048
0.7975541566517602,0.5685983541213323,0.2289558025304279
0.002495273519677195,-0.08460150433468197,0.08709677785435917
0.3824657694319609,0.20089500021479706,0.18157076921716386
-0.5837117648862,-0.3845000067618157,0.1992117581243843
-0.6714351923229606,-0.6194972317295643,0.05193796059339628
0.6771932422675236,0.5855107173149932,0.09168252495253049
-0.1462524301161911,-0.19935410213747726,0.053101672021286156
-0.5224261930296304,-0.2981715224543714,0.22425467057525905
0.9355508434581822,0.7816359828481394,0.15391486061004278
-0.8375909795403961,-0.6216487641287937,0.2159422154116024
-0.8951482349908565,-0.6672956869769537,0.22785254801390276
0.4756561786338199,0.44530314155437273,0.030353037079447198
0.6438212651867747,0.5678339973746345,0.07598726781214027
-0.8913796177096815,-0.6555985983248827,0.2357810193847989
-0.6863003900782477,-0.4626330693624073,0.22366732071584045
-0.33289596019513595,-0.10362459888860381,0.22927136130653214
0.493996657368378,0.3039263548461409,0.1900703025222371
-0.3390431304168433,-0.34203704858085054,0.0029939181640072365
-0.3661969011359938,-0.35459290539248894,0.011603995743504847
0.3234339315357982,0.3435725945883096,0.020138663052511385
0.5433787056678142,0.6289948330835324,0.08561612741571822
0.6161030080647522,0.7354832155736563,0.1193802075089041
-0.7686201709986037,-0.6392235823335618,0.1293965886650419
-0.6084757125921462,-0.381967732275507,0.22650798031663916
-0.24096468086834547,-0.33665776698727584,0.09569308611893038
-0.18132459637363157,-0.040650773025605366,0.1406738233480262
0.7468291360213126,0.6284180187264573,0.11841111729485532
-0.5129343820993669,-0.47170750033104647,0.041226881768320456
-0.38997503182489657,-0.3868616047087205,0.0031134271161760707
0.9470689731698584,0.7243134954704312,0.22275547769942716
0.09991663593466353,0.17697698031020298,0.07706034437553945
-0.34419492625615783,-0.18585184557154047,0.15834308068461736
0.07155699759635387,0.1469137699529802,0.07535677235662633
-0.2195307670816841,-0.2585789618311018,0.0390481947494177
-0.6210961060705494,-0.5508162473508794,0.07027985871967002
-0.9000042553129584,-0.7266182948747405,0.17338596043821786
-0.6810142792499873,-0.4690500537159876,0.21196422553399963
0.9341013311277111,0.7437660581419067,0.19033527298580444
-0.07838368403946537,-0.1324869419389645,0.054103257899499116
-0.42119973446556547,-0.39823840760741896,0.022961326858146502
-0.431951491594708,-0.41194523377280884,0.020006257821899187
0.7446189100560122,0.5277103683565271,0.21690854169948515
-0.9114170195706569,-0.6902608303071852,0.2211561892634717
0.7603979772403274,0.6404601429250156,0.1199378343153118
-0.48224325116493405,-0.4410256781722463,0.041217572992687745
0.8996376011657877,0.7896130330220267,0.11002456814376105
-0.6853769595610673,-0.47411894227246265,0.2112580172886046
-0.8266373153611167,-0.7140884675588189,0.11254884780229779
0.06012460714793828,0.14652672082086235,0.08640211367292407
-0.6568832544330553,-0.5692810005999459,0.08760225383310938
-0.6654701081619302,-0.4524142355975566,0.21305587256437358
0.45522388962762605,0.42250873439436576,0.032715155233260296
0.927049389593366,0.7215086256584885,0.20554076393487752
0.02904107643470311,-0.06815691568646706,0.09719799212117017
-0.8804517969763761,-0.6523493070676113,0.2281024899087648
0.768814896468038,0.6426346816423384,0.12618021482569963
-0.6017705493814325,-0.5296443253867665,0.07212622399466595
0.5309780067214076,0.48574067358671186,0.045237333134695745
0.5069813646316066,0.4797306075377516,0.027250757093854994
0.9521226584125236,0.7668090904349204,0.18531356797760323
-0.9476967061993199,-0.7722325396957073,0.17546416650361263
-0.19005194780831638,-0.0611321687282941,0.12891977908002228
0.4672982038963918,0.28412528809237586,0.18317291580401596
-0.9292945161031033,-0.7435544423100783,0.18574007379302504
-0.20534623342863656,-0.23390126444123735,0.02855503101260079
0.8936074638197509,0.6495450266330134,0.24406243718673748
-0.42016693426530083,-0.40277615769499203,0.017390776570308797
0.09130925180203459,-0.032365627793731595,0.12367487959576617
-0.35599070278874523,-0.19375914589333124,0.162231556895414
-0.7707028610298097,-0.5512611787856685,0.21944168224414118
-0.6256561038418296,-0.2741873127630594,0.35146879107877016
0.023194982658782656,0.10093729594334963,0.07774231328456697
-0.947957294582163,-0.7245227059068282,0.22343458867533483
0.3064767956756513,0.3133277825644686,0.006850986888817301
-0.8624152201712153,-0.6416520667994062,0.22076315337180907
-0.12204088389670074,0.06172167683947301,0.18376256073617375
0.8034228377800889,0.5552912903654709,0.24813154741461807
0.35502993394124366,0.19872084792835096,0.1563090860128927
-0.3627968066122121,-0.38072846302042185,0.017931656408209762
-0.9474373627887274,-0.73312360997781,0.21431375281091736
-0.7482430085641012,-0.6370340450265665,0.11120896353753473
0.8509123609711271,0.7411227982515741,0.10978956271955298
-0.9486059162971096,-0.7380549919719929,0.21055092432511668
0.8071292960388587,0.7018548120036622,0.10527448403519657
0.6537054231211098,0.5762284026772776,0.0774770204438322
0.8481557603519011,0.6979185697712933,0.1502371905806078
-0.40181981943278733,-0.2338460058210267,0.16797381361176064
-0.792582072658141,-0.6577849615750179,0.1347971110831231
-0.8570501007450431,-0.6284889436039622,0.22856115714108083
0.9467414624527494,0.7240974239007562,0.22264403855199322
-0.30840042120575833,-0.15866479822227114,0.1497356229834872
0.3124397945246598,0.5921074549667521,0.2796676604420923
0.012177772310812364,0.09405053501220881,0.08187276270139644
-0.9124690138469833,-0.7952210228750882,0.11724799097189509
0.9164963455413725,0.7307678558361785,0.18572848970519396
0.8250610437343435,0.6759474577635871,0.1491135859707564
-0.8441123075305447,-0.6967284226275873,0.1473838849029574
-0.10570569027088696,-0.20727654008302082,0.10157084981213386
0.773490551184678,0.6479612154588091,0.12552933572586888
0.8895063182176273,0.6583621609828667,0.23114415723476056
0.24316549287131264,0.10488937646107369,0.13827611641023896
0.18680162167126613,0.22137286783295476,0.034571246161688635
0.9220184034641735,0.7403606070721395,0.18165779639203405
0.9712347562557119,0.8310347767708888,0.1401999794848231
-0.8916119921527565,-0.6635778786615111,0.22803411349124547
-0.5181313112859043,-0.4665312732453262,0.05160003804057811
0.8470177245429258,0.615234957907123,0.23178276663580277
0.9479498964397227,0.7281472755173368,0.2198026209223859
0.9242743521342611,0.7315219790926796,0.19275237304158155
0.25324084843275957,0.10973274891327464,0.14350809951948493
-0.04975211581894846,-0.20871618821478713,0.15896407239583868
-0.021976121530165944,0.06420749811772904,0.08618361964789498
0.1957837000015453,0.0208947427478926,0.1748889572536527
-0.9257402783395648,-0.6955772560115933,0.2301630223279716
0.8752483634697013,0.7072022165782541,0.16804614689144715
0.9333851360834089,0.7045930157697157,0.22879212031369323
0.3162983558461473,0.3221387513432133,0.005840395497065998
-0.7557874753493812,-0.5299184424517559,0.22586903289762528
-0.39490572580317296,-0.228615368046464,0.16629035775670895
0.8809380965503604,0.7624304813687098,0.11850761518165054
-0.23940917869482153,0.06574287575016262,0.30515205444498417
0.5125038986588503,0.46499060080318805,0.04751329785566222
0.49278679746255566,0.2071863175644947,0.2856004798980609
-0.9584013643591467,-0.8123132637126501,0.14608810064649658
0.9473660763796421,0.7379709707954556,0.2093951055841865
-0.1003791052263638,-0.15351355553395557,0.05313445030759177
0.38512535348871735,0.1692581805852649,0.21586717290345245
-0.34845709139630937,-0.3618521356762108,0.013395044279901402
0.3849395422459308,0.07482358593554232,0.31011595631038846
-0.34430461016964103,-0.18641153037221223,0.1578930797974288
0.49789653928001004,0.3141010131881054,0.18379552609190464
-0.878679440462117,-0.7508048902276875,0.1278745502344295
-0.7621601778233148,-0.6357679602744472,0.12639221754886765
0.8418218666859206,0.68550997234369,0.15631189434223058
0.9081386288294029,0.7276085867447905,0.18053004208461243
-0.7914457485594508,-0.6856057236979063,0.10584002486154453
0.6519483180120876,0.2796280026993199,0.3723203153127677
-0.8526269436265598,-0.7541413859859696,0.0984855576405902
0.7290784780344411,0.616253673697341,0.11282480433710018
-0.8628706793418547,-0.6344363579081377,0.228434321433717
0.9150097203021753,0.6931247840391208,0.2218849362630545
0.6730527462849538,0.5752095088594604,0.09784323742549339
-0.38672049075124354,-0.21567553632310463,0.1710449544281389
-0.9026605342462009,-0.6761032962315324,0.22655723801466843
0.1381379241114636,0.23337158337545413,0.09523365926399052
-0.9495066931396839,-0.7250168050011493,0.22448988813853465
0.06084252288569351,0.1271095598304881,0.0662670369447946
0.6265992994999696,0.5517619878396378,0.0748373116603318
0.9445393252240379,0.7428618220937195,0.2016775031303184
0.9417377848334825,0.776764441839988,0.16497334299349442
0.5745613764208133,0.502961948736563,0.07159942768425032
0.12250706610618471,0.21123852476727767,0.08873145866109296
0.9047365641297507,0.7216623548612474,0.18307420926850326
0.1402535749822311,0.01840193183229127,0.12185164314993982
0.9592217285663186,0.8122661308972602,0.1469555976690584
-0.9213266387221949,-0.6964591028920457,0.22486753583014918
0.8868983951634027,0.6532791342699441,0.23361926089345864
-0.306126143641752,-0.33309858475592485,0.02697244111417285
-0.7308567357738852,-0.6179214865394825,0.11293524923440268
-0.3443119970807529,-0.3856524380618833,0.04134044098113043
-0.8768504657026388,-0.6575383380881075,0.21931212761453134
-0.4962882064823916,-0.6644553282567013,0.1681671217743097
0.8264909206471844,0.7573914734288628,0.06909944721832162
0.25336886177035645,0.12076670963700906,0.1326021521333474
0.31632969828930857,0.15872820471979213,0.15760149356951644
0.8313112568188435,0.6087644782192889,0.22254677859955463
0.9448411508004247,0.728924302973077,0.21591684782734777
-0.954853558060898,-0.8203444196775967,0.13450913838330125
0.7295051759936805,0.6683049208653007,0.06120025512837979
0.44195157424606746,0.3814187088532786,0.06053286539278885
0.39781412475183975,0.05375151455920172,0.344062610192638
-0.5232972023098624,-0.47967917901368473,0.0436180232961777
0.6943336555847556,0.5927597244106031,0.10157393117415248
0.7915533562265897,0.6635355753579181,0.12801778086867166
-0.3249568784145712,-0.33437287612474975,0.009415997710178536
0.31572114876055385,0.16580306156127386,0.14991808719928
-0.0903851048794224,0.03387178295049701,0.12425688782991942
0.7879090964652407,0.68297460642459,0.1049344900406507
0.7026698640365131,0.4829206876785704,0.21974917635794272
-0.8826084482111051,-0.6539421063544563,0.2286663418566488
-0.6170984152189389,-0.3987098893895962,0.21838852582934276
-0.9463839460580861,-0.768687901314292,0.17769604474379408
0.7291080923549351,0.5153024989599347,0.21380559339500038
-0.9482412811034373,-0.7219591412395185,0.22628213986391876
0.9705293018454201,0.7538452914877763,0.21668401035764373
-0.35743306623850446,-0.34715571923953736,0.010277346998967096
-0.9323138308567094,-0.7436947115735711,0.18861911928313824
-0.761434326448258,-0.6548470755792768,0.10658725086898124
-0.21853677811335367,-0.08180894352289055,0.13672783459046312
-0.7107449394519967,-0.4963582969447602,0.2143866425072365
-0.15823581458848288,-0.315677428367165,0.15744161377868213
0.7418374847037636,0.6202734348659614,0.12156404983780222
0.5903943850927594,0.5368361453135675,0.05355823977919194
-0.894668706824441,-0.6567324320291362,0.23793627479530477
0.7508561503221768,0.6276058337515258,0.123250316570651
0.1005420811608394,-0.010888861976225617,0.11143094313706502
-0.5529625865610338,-0.3604144993418177,0.19254808721921612
-0.52515857921396,-0.332717629525235,0.19244094968872505
0.9377399893034333,0.7345750779875982,0.20316491131583503
-0.43107456974431096,-0.1821145860140243,0.24895998373028666
-0.2005615235275158,-0.0732336229110046,0.1273279006165112
-0.9540966445883814,-0.7478982750868214,0.20619836950156
-0.9673124755025573,-0.7805661232265529,0.18674635227600433
0.3325813976391449,0.176440021661677,0.1561413759774679
0.11265723790173326,-0.05805146741403307,0.17070870531576632
0.9161113492265641,0.7310559419759621,0.185055407250602
0.02757134037140887,0.11265796588278469,0.08508662551137583
-0.9468712848762119,-0.7336292246334103,0.21324206024280157
-0.9104647459356067,-0.6893294404531076,0.22113530548249904
0.8685604480210691,0.6238226146136333,0.24473783340743582
-0.535944179920353,-0.34085191433506884,0.1950922655852842
0.6340022058823765,0.551246156377523,0.0827560495048536
-0.15972973247305775,-0.2096781651419313,0.049948432668873555
-0.5011794391863807,-0.3061018514306005,0.19507758775578027
-0.9207595045792479,-0.7255530561953074,0.19520644838394052
0.4895002697918916,0.30029380335578737,0.18920646643610423
-0.6203101527080412,-0.3567811145980288,0.26352903811001244
0.503314045070846,0.5129013571145408,0.009587312043694785
0.4956741984050671,0.30826751057886703,0.18740668782620007
-0.10492244602908564,-0.1682930484076954,0.06337060237860977
-0.9432961108814764,-0.7202589202612315,0.22303719062024485
-0.2898641252118169,-0.3074442751430436,0.017580149931226696
-0.5892810732180519,-0.5229898416195236,0.06629123159852834
-0.8576355039256819,-0.5122981411202435,0.34533736280543836
-0.7059476471471792,-0.6101143291732473,0.09583331797393191
0.8865604615809458,0.6730845891200897,0.2134758724608561
0.1742300884235583,0.027633471802011988,0.14659661662154633
-0.9072599412645069,-0.7263628121051464,0.18089712915936051
-0.6126148386838072,-0.5454900791712284,0.06712475951257879
-0.8705567083029911,-0.6390896342597322,0.23146707404325895
0.8618127160314286,0.627427136342151,0.23438557968927765
-0.003751804813246154,0.07912034108956884,0.08287214590281498
0.43924861683534216,0.2590415253641834,0.18020709147115876
-0.8005498241310103,-0.5696940380811477,0.23085578604986257
-0.6898072659842033,-0.48452718510890536,0.20528008087529792
0.3521941006323222,0.20787836341860125,0.14431573721372096
-0.14044263185856734,-0.21256540278893926,0.07212277093037192
-0.6352031403837815,-0.4333918733317025,0.20181126705207897
-0.4812448990096975,-0.25154068495026627,0.22970421405943126
-0.15371797820398356,-0.018949788682800513,0.13476818952118305
0.7370195056043397,0.5181141367548913,0.21890536884944845
-0.7968022509147126,-0.7602212248909799,0.0365810260237327
0.9402279843242021,0.6680137285950853,0.2722142557291167
-0.23557832159915573,-0.2637124585180649,0.028134136918909175
0.1285632342797761,0.0024685997536129725,0.12609463452616312
0.48107606502537376,0.4335564085016535,0.047519656523720255
0.030277150358052732,-0.07045374363282472,0.10073089399087745
0.5309160173321488,0.3329683653977495,0.19794765193439928
0.015804787625601276,0.16865699162598094,0.15285220400037966
-0.7690486760758267,-0.6584791108413772,0.1105695652344495
-0.2062274769271923,-0.04465047076603534,0.16157700616115694
-0.08401527389626555,0.010898433957990544,0.0949137078542561
-0.22929800884247498,-0.26164629076719154,0.03234828192471656
0.3267391185591791,0.1715450695940716,0.1551940489651075
0.8710888730849037,0.6394654117160822,0.2316234613688215
0.3439390540826,-0.00140103992940872,0.3453400940120087
-0.6983420135615335,-0.471643206130547,0.22669880743098647
-0.8001919009451893,-0.6684630934168393,0.13172880752835003
-0.8684286506306765,-0.6365894248982592,0.23183922573241733
-0.06901102761358667,0.03616209538790645,0.10517312300149312
-0.6985141953895114,-0.4855459283699037,0.21296826701960775
0.20206557803118227,0.07074368604910154,0.13132189198208072
-0.08403005365129043,-0.14766552649271275,0.06363547284142232
-0.5697832397393802,-0.5065639327505548,0.06321930698882539
0.8052425627661629,0.6988206353786052,0.10642192738755774
0.026619068330547984,-0.0731049603232477,0.09972402865379569
-0.5573875554920024,-0.5000047311908935,0.05738282430110886
0.5256083380147891,0.4831972637449872,0.042411074269801896
0.3509888060061911,0.0709922482022648,0.2799965578039263
0.5344624877762618,0.4866217996215183,0.047840688154743516
0.2498469564162044,0.10948590853761779,0.1403610478785866
0.850991981759127,0.6894184423389582,0.16157353942016883
-0.49891346925779906,-0.31500378064230833,0.18390968861549073
0.07190951284431482,0.1386552207291307,0.06674570788481587
0.5977084191265871,0.3977153404885222,0.19999307863806493
0.929048755706314,0.7230567657434145,0.20599198996289947
0.41228763657669815,0.44374270134941013,0.03145506477271198
0.14075763993592097,0.00857971006820961,0.13217792986771135
0.2443100528489205,0.2786087280648922,0.034298675215971686
0.8040678186366653,0.5849639548988708,0.21910386373779456
-0.890345122723906,-0.581688503403323,0.30865661932058297
-0.2239613323995125,-0.2746937571552088,0.05073242475569628
-0.7267144449550986,-0.5042607111146844,0.22245373384041423
-0.9418388731652879,-0.7830805989910834,0.15875827417420452
0.9554214103773705,0.6988980150012224,0.2565233953761481
-0.47689208451034726,-0.43109856764626975,0.04579351686407751
0.8948640010860368,0.6619403407212716,0.2329236603647652
-0.7674951361708907,-0.6536671100205877,0.11382802615030296
-0.9136359040659706,-0.683311870553322,0.23032403351264863
0.5990256523723952,0.7001072139585658,0.10108156158617054
0.7088066784940881,0.607088330239555,0.10171834825453308
-0.12728532776041845,-0.18240807600933526,0.0551227482489168
0.9428472585175678,0.7300511680020592,0.21279609051550863
0.4556805035350603,0.23751341790638697,0.21816708562867332
-0.1052021605062841,0.027523926537124297,0.1327260870434084
0.868528637391578,0.7184654634057653,0.1500631739858127
0.876567103779679,0.5991919037484918,0.2773752000311871
0.5815990744072946,0.3783647933864116,0.20323428102088303
0.7406508651159903,0.6296203891362442,0.11103047597974613
0.9309313562313347,0.7385617965763668,0.19236955965496794
0.8962898067181654,0.7229069831010194,0.17338282361714596
0.09835243134965307,-0.013030809661380377,0.11138324101103345
0.9343134778145759,0.7287806826606053,0.2055327951539706
-0.47168040065655265,-0.4476928526110996,0.023987548045453055
0.5745184175657521,0.6464203952202602,0.07190197765450812
-0.6804915393832086,-0.4585092553666856,0.22198228401652303
-0.3618987061785782,-0.5128006488133776,0.1509019426347994
-0.17500470224007503,0.05110340910991412,0.22610811134998915
0.6540342349346464,0.4339433387941508,0.2200908961404956
-0.1573261336552651,-0.2392210644008277,0.08189493074556259
0.7907697098152083,0.563644419712008,0.22712529010320037
-0.9372505606699375,-0.7011945936531346,0.23605596701680287
-0.8678696678907912,-0.6992807459950144,0.1685889218957768
-0.6247140322414985,-0.4208524525572451,0.20386157968425334
0.9172445557197527,0.7524378599804121,0.1648066957393406
0.777029202465966,0.66410146917,0.11292773329596595
0.6353688257914386,0.5533348541249635,0.08203397166647508
-0.683045444968197,-0.4757349213224827,0.20731052364571428
-0.7072577009134615,-0.47886920522102416,0.22838849569243735
0.94132407884827,0.7229369202845932,0.21838715856367674
0.878329006842372,0.6113202347637647,0.2670087720786073
-0.8898032068457318,-0.7149681270190901,0.1748350798266417
-0.46502768107314096,-0.2859462176688603,0.17908146340428066
0.9314505959330114,0.7414452628632785,0.19000533306973288
-0.8899454713731556,-0.7301791635442245,0.1597663078289311
-0.5916692081727457,-0.5128740100283768,0.07879519814436886
0.6883686134644672,0.7054595327250778,0.01709091926061057
-0.03955474541570772,0.05565882709317289,0.0952135725088806
0.512505152421877,0.46714038634143673,0.045364766080440266
0.9327672986145229,0.7094071099165717,0.22336018869795116
-0.5057735527773362,-0.3125350333123627,0.19323851946497345
0.6308853719862846,0.5731727124063257,0.05771265957995886
-0.6200258823378173,-0.40795086839337347,0.21207501394444384
0.24293596530123307,-0.012322123947118152,0.25525808924835125
0.7625580455079518,0.6422078607688876,0.12035018473906423
0.8074765660606807,0.667407517383503,0.14006904867717773
-0.07363403232787824,0.030291285119818503,0.10392531744769674
0.9324897880512022,0.7074197318577446,0.22507005619345755
-0.926257370251525,-0.6496646451105088,0.2765927251410162
0.8101809888104999,0.5788698037460326,0.23131118506446735
-0.2055024051407793,-0.05953582810305535,0.14596657703772395
0.8631652944365809,0.6361210979104215,0.22704419652615937
0.48451933804494984,0.2642512982296533,0.22026803981529652
-0.8463924687280532,-0.6953465619374513,0.15104590679060192
0.4051948528412263,0.40830937599066086,0.003114523149434556
0.2615498605255371,0.5479369710531136,0.2863871105275765
-0.34544639295082036,-0.3627379760740015,0.01729158312318113
-0.5396564846994343,-0.3510062029357052,0.18865028176372906
0.7836848486055219,0.46868027172417454,0.31500457688134736
0.9262675050719494,0.7447968664794417,0.18147063859250778
-0.88222634120126,-0.7065045894621423,0.17572175173911764
-0.8653319761933507,-0.6927414345581411,0.1725905416352096
-0.9471551684201402,-0.7327576714852773,0.21439749693486299
-0.1075218427810925,0.017138762227117785,0.12466060500821029
-0.910813425803604,-0.6810185014488872,0.22979492435471682
-0.24185993760480895,-0.10679299636305194,0.135066941241757
0.31105413861044007,0.3280098362710645,0.016955697660624436
0.7304035708999909,0.44054563663004626,0.2898579342699446
0.9445532490708349,0.7318179536229371,0.21273529544789782
-0.7985325756525595,-0.5603198336734403,0.23821274197911924
0.7400626421516597,0.5132182821517868,0.22684435999987296
-0.8625509515211923,-0.6944325082326093,0.16811844328858305
-0.7395677067197785,-0.5976155476512498,0.14195215906852865
0.6890050896564367,0.5863426816824903,0.10266240797394643
-0.7048006646424427,-0.6380344345542468,0.06676623008819593
0.9369487978617218,0.7090467085955077,0.22790208926621414
-0.8223676888553384,-0.6780730055094477,0.14429468334589068
-0.752970452551968,-0.5317701057603335,0.22120034679163458
-0.4869229484843488,-0.6450239587505914,0.15810101026624257
-0.9224423004326946,-0.7279660867116006,0.19447621372109403
-0.013516944939673505,0.07279965288858438,0.08631659782825789
-0.7125264357535966,-0.48656516356324025,0.2259612721903564
-0.30028215104663813,-0.3258544078355535,0.025572256788915337
0.5966010596874319,0.7129079224760029,0.11630686278857094
-0.9549208433133899,-0.8125523160628583,0.14236852725053162
-0.5824312090322608,-0.5287563591006484,0.05367484993161231
0.07740775973123157,0.13414768835751195,0.056739928626280384
0.4807986786409323,0.4351203492711118,0.04567832936982047
0.4458712113961202,0.4980524546631595,0.05218124326703932
-0.4998673370341869,-0.30755492062826856,0.19231241640591834
-0.10306901382228399,-0.16498264006492255,0.06191362624263856
0.8946012891806345,0.6924110461301674,0.20219024305046718
-0.8326723180748324,-0.6881560840100277,0.14451623406480474
-0.008665558932301101,0.09477168011474972,0.10343723904705082
-0.03954440140419208,-0.2257565628908176,0.18621216148662553
0.7087599231974121,0.4927651499432826,0.21599477325412952
0.8902792995031613,0.7238934679208283,0.166385831582333
-0.5871266551826867,-0.3630107736706218,0.2241158815120649
-0.9010699272160377,-0.655050983264646,0.2460189439513918
0.16747878930326243,0.20885403654893173,0.041375247245669294
0.43253148973710537,0.40337474767334186,0.029156742063763508
0.9478393580484306,0.7308803273690897,0.21695903067934086
0.4586340978446228,0.23990930888826933,0.21872478895635344
0.22094765501402774,0.25193234168492123,0.03098468667089349
-0.9596064685663049,-0.7917333397440276,0.16787312882227734
0.6506114387353936,0.6424786013511673,0.008132837384226321
-0.8192767843889845,-0.6655737842333711,0.15370300015561345
0.3315981445990612,0.17911416427010676,0.1524839803289544
0.6345323121610021,0.4273076643982758,0.20722464776272637
0.8735921015797873,0.6509558444200448,0.22263625715974245
0.7934629644158705,0.5694241034848744,0.22403886093099612
-0.9362605490955863,-0.7392111872524044,0.1970493618431819
-0.772368392703953,-0.5524840706053961,0.2198843220985569
0.8977270946833985,0.7232907178636219,0.17443637681977664
-0.41998019994463326,-0.4731608979809619,0.05318069803632863
0.5632092562894884,0.3707632128359392,0.19244604345354915
-0.051132804519529756,0.04573382114929484,0.09686662566882459
-0.9615774932047564,-0.7993749069209949,0.1622025862837615
0.7867159636230364,0.5600388220075834,0.22667714161545305
0.7192894053011941,0.5043991769006205,0.2148902284005736
0.7294841776041853,0.4338978554244934,0.2955863221796919
0.2584817636586365,0.2788243481927813,0.02034258453414478
0.8975715051490704,0.6588201492923066,0.23875135585676377
0.83995403439738,0.6166151103637882,0.2233389240335918
-0.28674838537239666,-0.2979363026773236,0.011187917304926909
0.7494505902484142,0.5339812875376351,0.21546930271077913
0.8988303863500461,0.7204521030896832,0.17837828326036287
-0.9330298118546084,-0.7084601440348193,0.22456966781978915
-0.9312612496995457,-0.6919488083867491,0.2393124413127966
-0.9155583452007962,-0.689277942727307,0.22628040247348913
0.12453004022540498,-0.07809788612117673,0.20262792634658172
0.05177977423195864,-0.043157565876812055,0.0949373401087707
-0.40366068190513066,-0.40845377903736957,0.00479309713223891
0.40369334972200194,0.3950447838486362,0.00864856587336571
0.45866381887018404,0.4317637774199766,0.026900041450207413
-0.17598669964797933,-0.21829247099501753,0.042305771347038196
0.8684017507226043,0.7610439603617736,0.10735779036083071
-0.7402286680085314,-0.6270066787619332,0.11322198924659821
0.9390572898657528,0.7426446285040829,0.1964126613616699
0.44849188491623837,0.2676298728052985,0.18086201211093988
-0.30680559126322815,-0.16290013719562033,0.14390545406760782
0.8605025388380477,0.697416747345968,0.1630857914920797
0.7812218348164911,0.5457591994142516,0.23546263540223955
0.7182174703252848,0.47440243790052655,0.24381503242475827
0.7778286711535025,0.5126879654185837,0.26514070573491877
0.954731796159222,0.7480656463327673,0.2066661498264547
0.9313739608443988,0.6968154373390497,0.23455852350534911
0.38644253787604477,0.3765770099885996,0.009865527887445158
0.1401913676454836,0.022321625974145297,0.11786974167133829
-0.9326943763308849,-0.705962236433538,0.22673213989734697
-0.27996993992545466,-0.124633588084139,0.15533635184131567
-0.27202671955837937,-0.29619982153499036,0.02417310197661099
-0.40576615237818836,-0.18900508421174436,0.216761068166444
-0.9011416076064542,-0.6752222205838474,0.22591938702260683
0.6501826593935338,0.44950036492949236,0.20068229446404146
-0.48264572544218715,-0.4502077050381563,0.03243802040403082
0.5861352930318466,0.3839076988711457,0.20222759416070096
-0.821039305599031,-0.6774744113087644,0.14356489429026664
0.7424103401598012,0.5029623828515277,0.2394479573082735
-0.8627928463287444,-0.6923571814398477,0.17043566488889672
0.947794495996603,0.734609034205883,0.21318546179072007
-0.44514670793889566,-0.13651702770263816,0.3086296802362575
0.5731589287378475,0.5051857679135595,0.06797316082428795
-0.7587473516387648,-0.5401182992618543,0.21862905237691055
-0.9281042076152994,-0.7837562324084654,0.14434797520683407
0.7052814790756291,0.4902831960733506,0.21499828300227852
-0.947681729389073,-0.7384144816813879,0.20926724770768512
0.2648245787013417,0.2898128451768009,0.02498826647545921
-0.8646631409552608,-0.639646851009082,0.22501628994617873
0.39088263312192634,0.3862420956286351,0.004640537493291241
0.9482062185999645,0.7429244517636874,0.20528176683627708
-0.6773026424132518,-0.5883088393472335,0.08899380306601823
0.2963851549216383,0.541495614261328,0.24511045933968967
-0.2926992405049551,-0.3088261133045658,0.01612687279961067
-0.8950152708269367,-0.7213201222873751,0.17369514853956158
0.3814666378837611,0.37206047062431696,0.009406167259444154
-0.9590366716438874,-0.8043208483387841,0.15471582330510325
0.9289440405725456,0.6987538951103738,0.23019014546217187
-0.4581194445649162,-0.42957040885490405,0.02854903571001216
-0.6570725100003717,-0.5670612167979164,0.09001129320245527
0.9305259354792347,0.7296878794191415,0.2008380560600932
0.4304956215820296,0.4921316612249952,0.0616360396429656
0.3273343590073681,0.007533579090378426,0.3198007799169897
0.06879542009679453,0.13518351307368895,0.06638809297689442
-0.9467087204387903,-0.6570602852262624,0.2896484352125279
-0.9370422547084354,-0.7264052432305517,0.21063701147788372
0.32738368582823546,0.1622573758028049,0.16512631002543057
0.26746174878755463,0.05801381959875171,0.20944792918880292
0.18953143207674142,0.22553817163660952,0.036006739559868106
-0.23115217486883077,-0.09276604504009166,0.1383861298287391
-0.7783028372747678,-0.6481245058403083,0.13017833143445945
-0.3191892720899782,-0.3201014622592144,0.00091219016923616
-0.7795675976479636,-0.6444275405982303,0.1351400570497333
-0.8172256227640475,-0.6625135946649761,0.15471202809907147
0.29513200030545655,0.12077075345437752,0.17436124685107904
-0.38988884831444964,-0.20041882532097985,0.1894700229934698
0.6784928319638873,0.5956228362865179,0.08286999567736941
-0.7383400874790663,-0.6125443250428446,0.1257957624362217
0.8131485277596242,0.6598800932467264,0.15326843451289784
-0.6346274293624462,-0.42769111972628426,0.20693630963616194
0.4525212153311064,0.5617359581438587,0.10921474281275229
-0.29665416917980053,-0.5285767144056932,0.23192254522589267
-0.32248571401611137,-0.3393417641370739,0.01685605012096253
-0.21536584861745797,-0.2438934598628654,0.028527611245407425
-0.2228475580249923,-0.4730274103794116,0.2501798523544193
-0.3714957736917746,-0.21720249248778845,0.15429328120398617
0.4000801173306638,0.3792985334344169,0.020781583896246902
-0.9483511217812959,-0.7305091941649199,0.217841927616376
-0.8204635657651553,-0.5925868655437024,0.2278767002214529
-0.10925581203406767,0.10932703762336506,0.21858284965743274
0.675626785333548,0.5842845198204962,0.0913422655130518
0.8609405906817617,0.6334282063144844,0.22751238436727728
-0.1564658290990487,-0.03802333905895376,0.11844249004009492
-0.5213071696477389,-0.33738333957481276,0.18392383007292618
0.7574141109150463,0.632188955504549,0.12522515541049728
-0.15482033313522184,-0.20225472104033654,0.0474343879051147
0.3826302965009957,0.25805154493933885,0.12457875156165688
0.9364472787152436,0.8010636529297803,0.13538362578546326
0.939491637531425,0.7264939396900904,0.2129976978413346
0.24302561113008972,0.274120356906462,0.031094745776372307
-0.7034152935680719,-0.4521577400742076,0.25125755349386425
0.8799168876116603,0.640058645702404,0.2398582419092563
0.24469780959063037,0.015377806540217892,0.22932000305041247
0.4188334154150252,0.3966114554845734,0.02222195993045184
0.6449407331249635,0.5648066478960379,0.08013408522892562
0.46217523995431625,0.2758482421499896,0.18632699780432666
0.2927455148749414,-0.0010232091881263515,0.29376872406306775
-0.6340285332666914,-0.5488797289770452,0.08514880428964622
-0.9474367905791292,-0.7312386234517515,0.21619816712737772
0.46000529084796266,0.2482535647638629,0.21175172608409976
0.9050536117026358,0.6800808945558204,0.22497271714681533
0.8602656473463903,0.6849575598741733,0.17530808747221704
-0.5059841727715083,-0.313437253003448,0.19254691976806032
0.7547802797850305,0.6419564537692107,0.11282382601581975
-0.5919356520250056,-0.5260219753161325,0.06591367670887316
0.9299557022225277,0.7428646163549704,0.1870910858675573
-0.6368150324443785,-0.39934522100267006,0.23746981144170848
0.8384555434309486,0.6155044952866493,0.22295104814429934
0.14062336748327842,0.18751760549396904,0.04689423801069062
-0.9558445521320419,-0.7045505958336845,0.2512939562983574
-0.5624577382542582,-0.49876190713926505,0.0636958311149931
-0.9462066471755223,-0.7314121419717747,0.21479450520374754
0.8369172198567899,0.7580002983448346,0.07891692151195528
-0.5894109002998941,-0.5377078111706841,0.051703089129209956
0.8719523197276363,0.7648714859184007,0.10708083380923561
-0.16386480192553315,-0.21691765965786344,0.05305285773233029
-0.8945719923525244,-0.7480555693326868,0.14651642301983758
-0.703605115962553,-0.6064856989604799,0.09711941700207316
0.8222084742457986,0.588992576258634,0.23321589798716458
-0.8907506014159065,-0.6547991163344873,0.23595148508141917
0.2637264239415916,0.2916011267058109,0.027874702764219272
0.6457486492585044,0.44269899699317306,0.20304965226533134
-0.7121586050458456,-0.6053950295882957,0.10676357545754989
-0.04037550039387724,-0.11490170601533023,0.07452620562145298
0.7535242087187937,0.46786316099992453,0.28566104771886913
-0.46971218943925747,-0.4303836807667138,0.03932850867254367
0.6004116871987106,0.5307502250251737,0.06966146217353697
-0.6700962906963155,-0.5775630433116266,0.09253324738468893
-0.946695214996847,-0.7233716442302139,0.223323570766633
-0.2915671124980351,-0.06341173200941408,0.228155380488621
-0.9038230990085314,-0.7408743216924619,0.1629487773160695
-0.42115973226548414,-0.399806247170322,0.02135348509516216
-0.5414400017473006,-0.4824881435835721,0.05895185816372844
-0.6727316388058117,-0.46612882289460345,0.20660281591120822
0.5762517048228041,0.3556150063528151,0.22063669846998896
-0.4445568032604269,-0.27125121305850836,0.17330559020191855
-0.9091406452707459,-0.6770266700318643,0.23211397523888155
-0.7040848225109841,-0.59422639852553,0.10985842398545409
0.006144235836281424,-0.11940695181555205,0.12555118765183348
-0.49843788018519125,-0.5304005393664714,0.031962659181280106
0.6071661600725973,0.48263245272086575,0.12453370735173153
-0.07800918821830531,0.08807669338468252,0.16608588160298782
-0.856202274978567,-0.7003094578705925,0.15589281710797454
-0.6712413240674,-0.5767528448723437,0.09448847919505632
0.10845902358938997,-0.041954350556882646,0.15041337414627262
-0.8031065957761093,-0.6621291889842327,0.14097740679187665
-0.21332757829949614,-0.25861102361758553,0.045283445318089394
0.3405235423273252,0.33878495686922305,0.0017385854581021265
0.17568874772816037,-0.02290567783706189,0.19859442556522228
0.11090276690275838,-0.005223582475643385,0.11612634937840177
-0.31197491431422003,-0.3650654442266091,0.05309052991238905
-0.07115270031329277,0.12092972407035031,0.1920824243836431
0.9465430697162341,0.737953054723013,0.20859001499322116
0.6580926051110675,0.44300553114024527,0.21508707397082222
0.8138891059206611,0.6632936245359441,0.150595481384717
-0.9432701148146176,-0.7126536218884593,0.23061649292615838
0.07507347550208661,0.14632383102592547,0.07125035552383886
0.7070769967217613,0.6013202261548914,0.10575677056686983
0.7534886141903865,0.6259290040327827,0.12755961015760375
0.8938186200640876,0.6800730461706316,0.21374557389345605
0.8913389969227347,0.6383402890349299,0.25299870788780476
0.8900968107755557,0.6689513262212973,0.22114548455425842
0.5436630136719675,0.4861959361513252,0.05746707752064223
-0.502152501647013,-0.3216226579353012,0.18052984371171177
0.7470509691497664,0.39623759196899594,0.3508133771807705
0.722117925076936,0.4998149359114988,0.22230298916543717
0.8049404272573688,0.734036847753968,0.07090357950340076
-0.21260358153330725,0.044676637897357825,0.2572802194306651
-0.90933733326908,-0.6792851541416767,0.23005217912740328
-0.8974610999676271,-0.7098925004387913,0.18756859952883587
-0.7351181274819385,-0.6255494870714831,0.10956864041045544
0.31698728996848113,0.16186709217170356,0.15512019779677758
0.04271476912878492,-0.05931650083770793,0.10203126996649285
0.7027625503266599,0.48816259077202845,0.21459995955463146
-0.34551687182790264,-0.19040242748743913,0.1551144443404635
-0.9160712190707009,-0.686655374054612,0.22941584501608892
-0.21361181749703448,-0.24822726795750386,0.03461545046046938
0.5046485775639324,0.4575938903370077,0.04705468722692474
0.5299007781524608,0.23921285906825498,0.2906879190842059
-0.8683662375359851,-0.6347960230603714,0.23357021447561366
-0.44477849264866287,-0.2759525738439837,0.16882591880467918
-0.28516471495108436,-0.12955900148842603,0.15560571346265833
0.7081343122134629,0.5978882186002891,0.11024609361317383
-0.9463558536950261,-0.7263503969651571,0.22000545672986893
0.9164127281058274,0.7264261932236893,0.18998653488213813
-0.519196348057545,-0.4740313412914692,0.04516500676607582
0.9473089797035341,0.721526083097287,0.22578289660624706
-0.7021081631186079,-0.49260178332979576,0.20950637978881215
-0.8749569968194894,-0.7084468961171578,0.16651010070233152
0.2694730804185372,0.44462622027830656,0.17515313985976938
0.7537824282871896,0.5214975272770148,0.23228490101017474
0.6720475004590889,0.5797304498110126,0.09231705064807627
-0.6314781219214873,-0.4235060337130561,0.20797208820843122
-0.47661402210783327,-0.29473016442045474,0.18188385768737853
-0.947209511942061,-0.7436705743988604,0.20353893754320063
-0.9081261364354838,-0.6795924637801604,0.22853367265532343
-0.39024729380304507,-0.2164178112814869,0.17382948252155817
0.9228350845082331,0.6810745635026476,0.24176052100558554
-0.6107151247002437,-0.4001181950816067,0.21059692961863702
0.7793500140438481,0.7703571096790865,0.008992904364761523
-0.46487719185469045,-0.22106679794662412,0.24381039390806633
0.6602614371100118,0.5720967820651205,0.08816465504489135
0.863119498398527,0.7240800734734704,0.1390394249250566
-0.7937911490514373,-0.5517535798869003,0.242037569164537
0.008053063185278042,-0.08944001911475748,0.09749308230003552
-0.4204852751232251,-0.4079524124113704,0.012532862711854664
-0.9690216653300266,-0.8386692871779831,0.1303523781520436
0.5372093272094354,0.3409814252522363,0.19622790195719908
-0.6586229217538958,-0.4385991517558525,0.2200237699980433
-0.1537980258258313,0.013533627376078347,0.16733165320190965
0.7152570437450092,0.4092102146887411,0.3060468290562681
0.38085696157446003,0.37460790108723857,0.006249060487221458
-0.936026992490487,-0.7306456242304789,0.2053813682600082
0.19489304634953247,0.06742112985692818,0.1274719164926043
-0.9442510878680719,-0.7453970829990915,0.19885400486898042
0.7344765758747078,0.5193179479800458,0.215158627894662
-0.04225282065243682,0.058737980207448685,0.10099080085988552
-0.9263120159703025,-0.7298952991624733,0.19641671680782924
-0.8836223801394659,-0.6447166354701563,0.23890574466930958
-0.7213668752941353,-0.6761167850490893,0.045250090245046004
0.8281134276640645,0.6811414525521647,0.14697197511189974
-0.30723286953634504,-0.1630445635461384,0.14418830599020666
-0.8396850559658682,-0.5834695736481836,0.25621548231768454
0.3721524378346951,0.35213134030823284,0.02002109752646225
-0.8260060956916335,-0.700145880317852,0.12586021537378156
-0.5093084596125058,-0.3208492984489866,0.18845916116351924
-0.6070244554435162,-0.5352718659424089,0.0717525895011073
0.9478121457113325,0.7268790459613444,0.2209330997499881
0.3033089185201077,0.3235470819699396,0.02023816344983187
0.8421057126196058,0.6936247255049034,0.14848098711470237
0.9734981713775271,0.8145947470377909,0.15890342433973625
0.46980214635485534,0.45256247065515537,0.017239675699699974
0.3991170407712398,0.2250395696497697,0.17407747112147007
-0.7640930710279621,-0.41832031101236605,0.34577276001559604
-0.13316086891244222,-0.018108270640420726,0.1150525982720215
-0.7264667795773613,-0.4842528552294885,0.24221392434787276
-0.929247426454758,-0.7340492466174655,0.19519817983729248
-0.6273813879035769,-0.5542656062366189,0.07311578166695798
-0.971630252293274,-0.806600146689938,0.16503010560333609
-0.5385140693541933,-0.2981719624394135,0.2403421069147798
0.5463176306539602,0.3522452413191168,0.19407238933484344
0.916939789482783,0.7536852944366145,0.1632544950461685
0.05783870304104111,0.11940026233984875,0.06156155929880764
-0.22080010490874555,-0.08135680816035497,0.13944329674839057
0.457308415437523,0.1218428930133862,0.3354655224241368
0.2758383697578107,0.3015491303341045,0.025710760576293845
-0.8369375175234427,-0.7134072892140847,0.123530228309358
-0.9375169822234599,-0.7329525195635264,0.20456446265993355
0.6516891541631104,0.4471623181287416,0.20452683603436878
0.14490161375578017,0.02831566278735729,0.11658595096842289
-0.94515289277388,-0.7555358781349716,0.18961701463890845
-0.2629612536080417,-0.28227918491616,0.01931793130811832
0.3779590464021259,0.13964212851986302,0.2383169178822629
-0.9056941566193492,-0.6734782657130359,0.23221589090631323
0.8914820225758161,0.5870628379988111,0.304419184577005
0.49413231453296186,0.45771736491941367,0.036414949613548186
0.948418026090104,0.7478594908614078,0.20055853522869616
0.5359953510846883,0.2129738892665167,0.3230214618181716
0.5846989748085564,0.5254353197786633,0.05926365502989306
-0.9478507662591062,-0.7183586980224297,0.22949206823667656
0.9156718290442735,0.6842724545319809,0.23139937451229253
0.606287629533393,0.40449312103617285,0.20179450849722014
-0.710618996138278,-0.35208061496994597,0.358538381168332
0.6838684668851289,0.45013791218720167,0.23373055469792725
0.04152993948086407,0.11086004575257313,0.06933010627170906
0.2203497358983778,0.02832234647292383,0.19202738942545397
-0.31712459524871683,-0.3421365245168863,0.025011929268169475
-0.7137025459508705,-0.49355269341997066,0.2201498525308998
-0.5624993879052923,-0.5406921195199088,0.021807268385383494
0.7798483690452783,0.5627720547052462,0.21707631434003216
0.8281618338550117,0.6795034791638599,0.14865835469115185
-0.5729172250820483,-0.3876559476959728,0.18526127738607556
-0.3222866606480685,-0.16431220818652031,0.15797445246154818
0.9785867670767794,0.8252361115079594,0.15335065556882
-0.9405757987355512,-0.7121667529424514,0.22840904579309984
0.5420042133218592,0.3499139138347734,0.19209029948708584
-0.34660131368990865,-0.35393033090542914,0.007329017215520484
-0.8114029049569685,-0.5743942697257853,0.2370086352311832
0.720665215771582,0.6131667239559676,0.10749849181561444
-0.9460249852715105,-0.7269437948615828,0.21908119040992768
0.5199423867588113,0.32093198819143914,0.19901039856737218
-0.8358083465064059,-0.6907992982381564,0.14500904826824945
-0.0451888214018434,-0.30164268998335103,0.25645386858150765
-0.28900198532391963,-0.14433017994127859,0.14467180538264104
0.7804140612858685,0.6996088122830373,0.08080524900283126
0.28486266296033746,0.5028512677819786,0.21798860482164117
0.33239583976348813,0.17302694837041274,0.1593688913930754
0.31961553025951966,0.1604511027100154,0.15916442754950427
-0.9691335717982418,-0.7928853423365654,0.1762482294616764
-0.6018408676315856,-0.5366991050130652,0.06514176261852045
0.14920201490797752,0.034146734204441656,0.11505528070353586
0.02978046038304653,-0.051252545718196756,0.08103300610124328
-0.5307863164703467,-0.5335310862982745,0.0027447698279278177
0.8901533534108725,0.7123955407638631,0.1777578126470094
0.834785063883963,0.649734334007879,0.18505072987608395
0.4918244790564987,0.30480076021884844,0.18702371883765023
0.667469124958519,0.4589116888831923,0.20855743607532667
0.3176620778021318,0.16450458706474883,0.15315749073738297
0.33995237147192175,0.18523392315726617,0.1547184483146556
-0.7103585914993834,-0.6001729648643171,0.11018562663506626
0.4969319142731269,0.3239395327815322,0.17299238149159468
0.4759445094866255,0.27908958144762075,0.19685492803900473
0.30465148852633833,0.3138580086255165,0.009206520099178161
0.8310562341641475,0.676857339388155,0.15419889477599258
-0.7376974477977475,-0.5113947877917036,0.22630266000604393
0.16893567682854205,0.2163460396296797,0.04741036280113764
0.8988061613004186,0.6697542587220432,0.22905190257837538
-0.4251011032381539,-0.4034970764346826,0.021604026803471343
0.9063190611893807,0.6608437729415312,0.24547528824784948
0.764829087227142,0.5438877137059805,0.2209413735211615
0.2604357542286315,0.09532737292531185,0.16510838130331967
0.13563577067403573,0.011808707840346792,0.12382706283368894
0.6621087782437416,0.4399825643852741,0.22212621385846748
0.4384702907262451,0.1448955856165429,0.2935747051097022
0.9417293262726506,0.7139228578626238,0.22780646841002683
0.39520747206497403,0.23751331942231185,0.15769415264266218
0.05504730698058289,0.3349201429384142,0.2798728359578313
-0.866464156486969,-0.7334323417911605,0.1330318146958085
-0.9023426444263024,-0.6944230972196082,0.20791954720669426
0.9575012880971872,0.791727244685849,0.16577404341133817
0.5735698797347181,0.49259368717087326,0.0809761925638448
0.9254235745704283,0.7485100464697632,0.17691352810066518
-0.8350126291893764,-0.6047079050150976,0.23030472417427872
0.34010129602922534,0.17724277017232964,0.1628585258568957
-0.8678947371313405,-0.7626622569014126,0.10523248022992782
-0.5252776219523384,-0.6289785817210302,0.10370095976869176
0.14728166321041317,0.029045482291288834,0.11823618091912433
0.1208566364028304,0.010596833503459168,0.11025980289937123
0.9383191617113926,0.7166137165758991,0.2217054451354935
0.8025708265756488,0.5728962559596265,0.22967457061602237
0.08145227251808443,-0.03192893715399993,0.11338120967208436
0.5594060292015136,0.5120852247965689,0.04732080440494468
0.05021170568834781,-0.05014975601299314,0.10036146170134094
0.7947002795875561,0.6668246825172687,0.1278755970702874
0.3179393148972279,0.16506159528617856,0.15287771961104932
0.25508714901978097,0.28651953276364694,0.03143238374386598
0.10886367335841415,0.000988355654743563,0.10787531770367059
0.9380183899862754,0.7115121311494934,0.226506258836782
-0.9546019057100479,-0.7877114150401775,0.16689049066987038
-0.6079581628599594,-0.40000188440710727,0.20795627845285214
-0.645094650329606,-0.5687158347978719,0.07637881553173409
-0.8034902477300232,-0.6741676135671012,0.129322634162922
-0.7480690622401921,-0.6413362097648038,0.10673285247538833
0.9251759674792178,0.7954397038585438,0.12973626362067403
-0.7661726779394177,-0.5427066419928082,0.22346603594660952
0.3943811423692175,0.6058994530607742,0.2115183106915567
-0.12211646608648948,0.07823643929591136,0.20035290538240083
0.9492273114005877,0.7612535082398024,0.18797380316078527
-0.6816119636999373,-0.5918954741537649,0.0897164895461724
0.8866914403901165,0.6481876247730786,0.23850381561703793
-0.7339671108121729,-0.619607171088224,0.11435993972394887
0.12916610306195833,0.24285490942418092,0.11368880636222259
0.5774571085934285,0.3857130438794568,0.19174406471397165
-0.7243052300563828,-0.4522132589313513,0.27209197112503153
0.700484522383658,0.628023574529473,0.072460947854185
-0.6691058279489207,-0.5774272179844919,0.09167860996442878
0.851831084877975,0.6180926171150775,0.23373846776289753
-0.8620211317872403,-0.702692288910498,0.15932884287674232
0.12809237186149594,0.18890729855274005,0.06081492669124411
0.5968713936702496,0.612859845492705,0.01598845182245545
-0.9434332479503695,-0.7190798282731848,0.2243534196771847
0.8372550801056701,0.6808545910865361,0.15640048901913395
0.8295705040697852,0.6923395377559036,0.13723096631388154
0.31277013648024776,0.3286717451794481,0.01590160869920032
-0.5426883608734432,-0.4903306981316454,0.05235766274179776
-0.7834432179697232,-0.6602945295756943,0.12314868839402882
0.5432539321226801,0.350177747820253,0.19307618430242712
-0.21099037402984105,-0.0661518964607333,0.14483847756910775
-0.26637357992176003,-0.4998026894213112,0.23342910949955115
0.22216931822787156,0.08938603897619614,0.13278327925167543
0.13451081124843742,0.20770888063467335,0.07319806938623594
-0.311710089800302,-0.15780666361152787,0.15390342618877415
0.9449603229242145,0.7217763752606017,0.22318394766361282
-0.2735927342612601,-0.29857312648168044,0.024980392220420367
0.6813027585832444,0.47149484328327584,0.20980791529996856
-0.6907845035882969,-0.5956131729530327,0.09517133063526417
-0.26938486882342005,-0.291434093968078,0.022049225144657958
-0.8565119451596338,-0.6321155453231322,0.22439639983650161
-0.7132786308101393,-0.6096966133284515,0.10358201748168783
-0.897455094257283,-0.6805949384428795,0.21686015581440343
0.9259121439982736,0.786503922252316,0.13940822174595757
-0.13744550389308197,-0.1927403731437657,0.05529486925068372
-0.7891659935798824,-0.6664520573014208,0.12271393627846161
-0.6546544867991116,-0.56715729638392,0.08749719041519166
0.7237546628018431,0.5009246383729463,0.22283002442889677
-0.9478637136971522,-0.7227288822784462,0.22513483141870594
0.537596578220902,0.4976054884179199,0.039991089802982105
-0.044796341802155124,-0.12187031260753926,0.07707397080538414
-0.46713049656330136,-0.282296514537594,0.18483398202570733
0.9372733995523098,0.7094842804748978,0.22778911907741206
-0.9444843632073656,-0.7220086681427936,0.222475695064572
-0.6409228546227839,-0.5650459736154696,0.07587688100731427
0.7251479629198733,0.6911591230131511,0.03398883990672219
-0.3940871445027522,-0.392139698675845,0.001947445826907146
-0.7711925675472527,-0.6852563289257306,0.08593623862152211
-0.686762682201615,-0.46947337380129284,0.21728930840032212
0.4564021216991912,0.2540595378204226,0.20234258387876858
-0.8339756943392577,-0.6761901020922481,0.1577855922470096
0.4757744582576114,0.4364968362871231,0.039277621970488286
-0.8398196707711129,-0.6072078034300811,0.23261186734103179
0.43532958377193964,0.2523833875462941,0.18294619622564556
-0.2712138616076019,-0.28617672345494777,0.014962861847345854
-0.3630926173164273,-0.3546933257678002,0.008399291548627064
-0.8880093562741125,-0.7104635992515,0.17754575702261244
0.6463284682655014,0.5615045440325308,0.08482392423297058
-0.9598548987936675,-0.8198861359922613,0.13996876280140613
0.7723849272453271,0.5414193248542457,0.23096560239108144
0.07482235442528241,-0.026246512155851224,0.10106886658113363
0.6344624942075399,0.4215947393128976,0.21286775489464227
-0.944927883309236,-0.690787046380639,0.254140836928597
-0.5021587559521433,-0.276414977906029,0.22574377804611434
-0.10221029215750593,-0.17167952795976907,0.06946923580226314
-0.2988905387922271,-0.30840123864946134,0.00951069985723424
-0.087402940976857,0.15941306580272357,0.24681600677958057
-0.7685237898071148,-0.5445313170893431,0.22399247271777167
-0.31248719455838436,-0.33002282597954824,0.017535631421163878
0.2311233161285797,0.09917274399909926,0.13195057212948044
0.8368352377867966,0.6890895119499525,0.1477457258368441
0.75529184114931,0.6366006288657557,0.11869121228355428
0.5069489301981858,0.2922234218893176,0.21472550830886816
-0.435489735776887,-0.6041716296149265,0.16868189383803955
0.9551707871724022,0.7306130736851424,0.22455771348725984
-0.1254102479048379,-0.1928429092145929,0.067432661309755
0.4122049656509248,0.14081815926095723,0.2713868063899676
0.038716973039234284,0.26220971356422196,0.2234927405249877
0.5735949108080158,0.5085781698477886,0.06501674096022725
0.7193934569235149,0.41142315091632337,0.3079703060071915
-0.10230156244976849,-0.17575959801577154,0.07345803556600305
-0.6181004619933276,-0.5976358880277537,0.020464573965573885
-0.6122552087592815,-0.5422010105152895,0.07005419824399206
0.903384551948046,0.7273940863981018,0.17599046554994424
0.9254459069372305,0.6934455212529054,0.23200038568432513
0.16488299632577672,0.2096962475616227,0.04481325123584598
-0.02382299822498453,0.19370150145981696,0.21752449968480148
-0.8691910667356157,-0.699936151923131,0.16925491481248478
-0.6514810516550799,-0.4396982867267278,0.21178276492835207
0.831705489915102,0.6805435546930682,0.1511619352220338
-0.6231737601758203,-0.551574095224986,0.07159966495083425
-0.4517689166222469,-0.2628652050889835,0.1889037115332634
-0.9406196075180179,-0.7806429162156752,0.1599766913023427
-0.3845111962607695,-0.3899691551793309,0.005457958918561379
-0.28033504179336866,-0.2895983150470629,0.009263273253694249
0.8181122690124423,0.584431655276048,0.23368061373639426
-0.23791270934660966,-0.2833539345038717,0.04544122515726204
-0.6497245571619574,-0.6652816856474941,0.015557128485536698
-0.7037403755402641,-0.488229895228211,0.21551048031205317
-0.6322862144475719,-0.5527750120445081,0.07951120240306386
-0.06269004645018664,0.03764260516463928,0.10033265161482591
-0.8418776948271881,-0.6138590872138232,0.2280186076133649
-0.6244654174873435,-0.5423643000958842,0.08210111739145931
-0.1517390036069629,-0.2621515701786361,0.1104125665716732
-0.30055812172945423,-0.3070529166937689,0.006494794964314654
-0.8094403225509063,-0.5784862272290932,0.2309540953218131
-0.8155873805414589,-0.5617985705985958,0.253788809942863
-0.8857768351869009,-0.653402768509686,0.23237406667721483
-0.08292737442926426,-0.14205839266575507,0.05913101823649081
-0.6797874020263801,-0.45867441466777903,0.22111298735860108
-0.7499975796426442,-0.5260294971268226,0.22396808251582168
-0.7984865784095374,-0.5773724459126482,0.22111413249688916
0.9327265169556597,0.8106834112602934,0.12204310569536625
-0.7985196401470269,-0.5742735752109487,0.22424606493607824
0.7842258370744455,0.4370862608071774,0.3471395762672681
0.745185021402194,0.5246825488946713,0.22050247250752275
0.09712300651592105,-0.011085023754331236,0.10820803027025229
-0.46374187042098786,-0.4335189228494312,0.030222947571556635
-0.9390197327187421,-0.717860974510592,0.22115875820815
-0.5463766990234102,-0.3532188532901992,0.19315784573321104
-0.9372055662385982,-0.7420145432248537,0.19519102301374447
-0.8683998003740275,-0.6282161660043636,0.24018363436966395
0.6871431191440496,0.595889263736841,0.09125385540720854
0.8441049166336634,0.609551089712699,0.23455382692096438
0.8486493916477158,0.6821803928039425,0.1664689988437733
0.9221818831395094,0.7176458877834003,0.2045359953561091
0.2744702507172049,0.31437427184133376,0.039904021124128886
-0.6148262501066982,-0.4170791990285499,0.19774705107814833
0.3608022039041356,0.3573087320669265,0.0034934718372091056
-0.30641836181332716,-0.09761661719849499,0.20880174461483217
0.947967106128234,0.7268867678088383,0.22108033831939566
0.6379481839686774,0.4328466884099754,0.20510149555870194
-0.694648777949299,-0.6036635318090481,0.09098524614025094
-0.9447409011929923,-0.7261097773149577,0.21863112387803452
0.9386670374657565,0.7038826914238678,0.2347843460418887
0.7795031896947254,0.643602382278827,0.13590080741589838
-0.41794927791389497,-0.40452783738061987,0.013421440533275097
0.9474717137584319,0.7401610131204523,0.20731070063797952
0.7020093818300505,0.5744254476681664,0.12758393416188407
-0.8192067155548819,-0.6735201562237706,0.1456865593311113
0.8985456098923538,0.7179725992191556,0.1805730106731982
-0.7108813902821296,-0.4843474013145306,0.22653398896759902
-0.37769013183209177,-0.21307962030343824,0.16461051152865352
-0.8170917863420426,-0.5878942152727111,0.22919757106933147
-0.9607129840237896,-0.7400782914908615,0.2206346925329281
-0.8376717762385323,-0.6105347620373963,0.22713701420113597
-0.5505537589833291,-0.4840176293726964,0.06653612961063277
0.9343462999318438,0.7379145588493051,0.1964317410825387
-0.7562858111574013,-0.6400388302481628,0.11624698090923857
0.25187776952614327,-0.045833001428210556,0.29771077095435383
0.07585231476476954,-0.08111874397258363,0.15697105873735318
-0.8928623281931548,-0.662774953992936,0.23008737420021885
0.307109256583947,0.15532777390009125,0.15178148268385575
-0.4442804575887357,-0.2505751353425759,0.19370532224615977
0.9472546811252925,0.7283929508242122,0.21886173030108036
0.5560818258077955,0.4936775960338462,0.06240422977394933
-0.47249284849030265,-0.23964362345968984,0.2328492250306128
-0.8669023717108533,-0.7393336517196902,0.12756871999116304
0.4982206281986819,0.47201764541169006,0.026202982786991846
0.6894870579680801,0.6424234390619057,0.04706361890617439
0.7023215491886617,0.49787450342046774,0.204447045768194
-0.02050692648997624,-0.1026349954417597,0.08212806895178347
-0.8553589954088953,-0.7024819847738978,0.15287701063499748
-0.927185404516869,-0.7093747465090708,0.2178106580077982
0.011435054073439237,-0.27574379887741135,0.2871788529508506
0.26666667461386023,0.28729677945776605,0.020630104843905817
-0.16917064023784725,0.010626964198557116,0.17979760443640436
0.3825700707339127,0.4151926375818271,0.032622566847914425
0.321301783273342,0.4144165092149127,0.09311472594157066
-0.15319962238874638,-0.03403742925646312,0.11916219313228325
0.913905269725835,0.6630960879340558,0.25080918179177913
0.9228678387363762,0.6941353915395704,0.22873244719680585
0.9094772681002855,0.7232907868225065,0.18618648127777904
0.8683017272467909,0.7202074601584962,0.14809426708829465
0.43449813711414287,0.43055918122963244,0.003938955884510431
-0.7414844996785113,-0.6147277082150315,0.12675679146347973
0.9444308976140315,0.7200632825841472,0.22436761502988434
-0.6883436209006669,-0.7256046430170893,0.03726102211642235
0.42066460211700457,0.41341510302000656,0.007249499096998013
0.07535967219733804,0.1458367317192206,0.07047705952188256
-0.5150213475763263,-0.33358274886262607,0.18143859871370027
-0.6218660551414218,-0.41486562001740157,0.20700043512402022
0.46756672926215737,0.28321985160230057,0.1843468776598568
-0.1579724778431012,-0.02636977587987977,0.13160270196322144
-0.5556510009714346,-0.564540674621705,0.00888967365027038
-0.2247821955846366,-0.24506897170503958,0.020286776120402972
0.5625286075464465,0.2865974161170564,0.2759311914293901
0.6310469623091803,0.5499872190985585,0.08105974321062182
0.6101793536881471,0.37603568737238063,0.2341436663157665
-0.02229604402891803,0.20654841716743516,0.22884446119635318
-0.9310752092263486,-0.7376093746885978,0.1934658345377508
-0.6523958536921369,-0.45063855142239595,0.20175730226974098
-0.7633159840380033,-0.5301295820501322,0.2331864019878711
0.8602474244568713,0.6188841035796485,0.2413633208772228
0.009379088628051839,-0.07928160685530836,0.0886606954833602
0.30287612305456696,0.005708864950154426,0.2971672581044125
-0.783320374169966,-0.5533393728330449,0.22998100133692112
0.7408777381000042,0.5210148076768992,0.219862930423105
0.011461697505882124,-0.2500034197723331,0.2614651172782152
0.7403667429654804,0.5198132786755267,0.2205534642899537
-0.5865845263536548,-0.5231745436350373,0.06340998271861742
0.3917581010534335,0.22781526480592798,0.16394283624750552
-0.19992249628586517,-0.27919988755483993,0.07927739126897476
0.3395749017346886,0.346106595038916,0.006531693304227426
-0.6134189247573252,-0.40387895912993627,0.2095399656273889
-0.11850877248488637,0.036070824818692636,0.154579597303579
0.7213144605619168,0.5913443638655423,0.1299700966963745
-0.9036043461082897,-0.6798284609657235,0.2237758851425662
0.09963650264124137,0.17441499720120332,0.07477849455996195
-0.8178550396949987,-0.6782922611051598,0.1395627785898389
0.043784950725807126,0.1371080420646273,0.09332309133882016
0.8824830663855439,0.7621935664685909,0.12028949991695292
-0.9080888904859893,-0.7299811755369628,0.17810771494902644
-0.916327466020982,-0.7884703453265859,0.12785712069439614
-0.06296325244571173,0.062132795294330176,0.1250960477400419
-0.8853771297537822,-0.657156748001633,0.2282203817521492
-0.7594362693885492,-0.48693652284419403,0.2724997465443552
0.5715694704404153,0.3765679118314653,0.19500155860894997
0.9295017216709335,0.7751078353869968,0.1543938862839367
-0.9200504135545151,-0.7309239001789952,0.1891265133755199
0.08842081871571092,-0.1554069226565635,0.24382774137227442
-0.8524739225855222,-0.696437566646713,0.15603635593880927
-0.6920317094124557,-0.60265617380224,0.08937553561021572
-0.5294084909239855,-0.4786413942016891,0.050767096722296345
-0.9344699142520024,-0.7331762626637953,0.2012936515882071
-0.9488307489913191,-0.7487052715309537,0.20012547746036546
0.4810888868329926,0.440976937085512,0.04011194974748061
-0.47162887967977607,-0.24988048021553363,0.22174839946424243
0.8354294582040468,0.6203500803680393,0.2150793778360075
0.35026121775749486,0.18924201448407893,0.16101920327341593
-0.7566965194324812,-0.5655132892117376,0.19118323022074357
-0.664190650546322,-0.4495953998097883,0.21459525073653368
-0.34654170611378177,-0.3490348633974943,0.0024931572837125215
-0.9671309881440985,-0.7564193975094453,0.21071159063465317
-0.8793959558826083,-0.6659075570285204,0.21348839885408788
0.8698720136669483,0.6415850784803517,0.2282869351865966
0.8279612591545529,0.6051016170708589,0.22285964208369402
-0.30733331825458365,-0.14951846857981219,0.15781484967477147
-0.8325584007434762,-0.6904983826932439,0.14206001805023227
-0.45603288216398763,-0.429052461616125,0.02698042054786265
-0.9143436312155292,-0.7616798284780166,0.15266380273751257
0.09686351411461891,-0.0011854193656387181,0.09804893348025763
0.6403151873720132,0.5495111254053475,0.09080406196666568
-0.9309477254306953,-0.7101145584988929,0.22083316693180233
0.9539901074136172,0.722705553086656,0.23128455432696127
0.8763226685884654,0.7011543801460535,0.17516828844241195
0.3014733484237744,0.5644773089380826,0.2630039605143082
-0.24217584672136994,-0.26735781016042215,0.025181963439052213
0.6719737878386326,0.573216424198731,0.09875736363990162
0.6849328948191772,0.4675929943202937,0.21733990049888346
-0.3758986017688651,-0.20566667913732703,0.17023192263153805
-0.5020175517329926,-0.4597350350982067,0.04228251663478588
-0.03841487605322842,0.08312249176667567,0.1215373678199041
0.9073837556671255,0.6802425132631573,0.22714124240396816
0.5990836305676818,0.5327748657317963,0.06630876483588544
0.9414863024457383,0.7260270687068484,0.21545923373888987
-0.8334209428803117,-0.6841247732220086,0.14929616965830306
-0.9385270076751321,-0.7119587863019375,0.22656822137319454
-0.9624288285656247,-0.7638763831104216,0.19855244545520312
0.04225282065162885,-0.05490828538270314,0.09716110603433199
0.21945246612030198,0.08086440353786857,0.1385880625824334
-0.32747411570918894,-0.3270938523614939,0.00038026334769503123
0.28848632414844033,0.06072591463025833,0.227760409518182
-0.9454649269734261,-0.7294280415658656,0.2160368854075605
0.2733120564154388,0.2989254112719686,0.02561335485652977
0.5413358601366172,0.33710082988764273,0.20423503024897444
-0.588772372262836,-0.26291791812137655,0.3258544541414594
0.013069114147397233,0.260297350324059,0.24722823617666176
0.6938808240683927,0.485100650655068,0.20878017341332467
0.8662320964267577,0.6350561775605755,0.23117591886618216
-0.31782249629235493,-0.4934046919480667,0.17558219565571176
-0.2562346921048734,-0.10714162437632832,0.14909306772854505
-0.9600221284421947,-0.7943505638056726,0.1656715646365221
0.04296048272468328,-0.0456319312214916,0.08859241394617488
0.9743607906475045,0.7700145214339965,0.20434626921350796
-0.1641672941866718,-0.402045168989041,0.23787787480236922
0.9298989634697866,0.7127146591342766,0.21718430433551006
0.22237975099205623,0.2731661864180446,0.05078643542598835
0.9161480308694461,0.6846726334777765,0.23147539739166956
0.21647645482677802,0.25691826539774143,0.04044181057096341
-0.8548225589192231,-0.7146859758433287,0.14013658307589438
-0.2941754501242674,-0.1446126498651364,0.149562800259131
-0.7821570246881537,-0.7061184835259569,0.07603854116219688
-0.018665372024005852,0.07256086628306806,0.09122623830707391
0.926686953812658,0.6957886817356677,0.23089827207699032
0.5347255719821332,0.32551988224740674,0.20920568973472647
-0.683798018287234,-0.46356431829568134,0.22023369999155262
-0.5072309285065942,-0.47713073348583657,0.03010019502075767
0.7317776684911232,0.5143923256155847,0.21738534287553857
-0.9514707897225242,-0.6983853137402184,0.2530854759823058
0.9698821413057838,0.7930066202253871,0.1768755210803966
-0.49863018263407133,-0.46118263110544144,0.037447551528629885
0.9745803015144091,0.8136988892991713,0.16088141221523777
-0.3868067127982868,-0.5862477949191698,0.19944108212088296
-0.4389717529963177,-0.259010241533994,0.1799615114623237
0.15696790933044744,0.21089701530557017,0.05392910597512274
-0.06083163677312398,0.223507368949467,0.28433900572259097
0.1708669869034023,0.0504397603674521,0.1204272265359502
-0.8426935739640701,-0.6844232514347439,0.15827032252932616
0.8465929793483352,0.6938767798412185,0.15271619950711668
-0.9255325012193704,-0.6962485980154521,0.22928390320391823
-0.12555148768022664,0.07577373259943496,0.2013252202796616
-0.053568972739172854,-0.1441249378634087,0.09055596512423583
-0.5991952539009975,-0.6070998762691545,0.007904622368157033
-0.7346847940458429,-0.518806207204812,0.2158785868410309
-0.07594859097745893,-0.14448426441635442,0.0685356734388955
0.7734833428852296,0.5465920658060651,0.22689127707916446
-0.9421372884027649,-0.7360586481125804,0.20607864029018452
-0.7351675932106225,-0.6220019035588288,0.11316568965179374
-0.9297726702621439,-0.7189012143815944,0.21087145588054956
-0.14686158084430836,-0.2354792251243241,0.08861764428001573
0.8193383144714315,0.5842553501545649,0.2350829643168666
0.9302806629865794,0.7415318425563551,0.18874882043022434
-0.8535519769892912,-0.7153894269049166,0.1381625500843746
0.4190144359035731,0.239785304140562,0.1792291317630111
0.8245397983273406,0.6801021651886202,0.14443763313872038
-0.8582559803411764,-0.6068331193106552,0.25142286103052125
0.8410320530113182,0.6873839270639699,0.15364812594734834
-0.24590781179741436,-0.28587952974452085,0.039971717947106494
0.5938189681836115,0.5277238806492957,0.06609508753431581
0.3935782115377162,0.3883779554007977,0.005200256136918491
0.27498602946699846,0.4979995848298219,0.2230135553628234
-0.13933763864924653,-0.00772777200125827,0.13160986664798827
0.1657175385225731,0.2151439805374029,0.04942644201482982
0.47347762593376436,0.2176824950662905,0.25579513086747385
0.7349347091716433,0.5096647136601045,0.2252699955115388
-0.9311254071026759,-0.6981844530817307,0.23294095402094517
0.3232452920968033,0.2598566594237347,0.0633886326730686
-0.8941241358777311,-0.7827525292461972,0.11137160663153389
-0.3614648996252969,-0.36511588914535886,0.003650989520061987
-0.5062761916005475,-0.31681923679202467,0.18945695480852282
0.7111151778047994,0.6094061762266414,0.10170900157815799
0.4396237059974993,0.4209648675666881,0.018658838430811175
-0.9447338526970217,-0.7338101162994604,0.21092373639756135
0.945826768589559,0.7330671707552071,0.21275959783435194
-0.9501611292345173,-0.7346490831103584,0.21551204612415897
-0.7573447178621059,-0.6166628034460795,0.1406819144160264
0.355553655207944,0.18870489504072113,0.1668487601672229
0.8608682290583586,0.6350383026342147,0.2258299264241439
-0.06991980531859882,-0.13872102905914702,0.0688012237405482
-0.7978123353572185,-0.565932558022479,0.23187977733473952
-0.8778534832515988,-0.7004827510925183,0.1773707321590805
-0.5502105391495371,-0.5021432196475558,0.04806731950198129
0.7996046668921535,0.5669057121939037,0.23269895469824975
0.08745791133974534,0.14286372396079353,0.055405812621048184
-0.9425028678425238,-0.720643301261439,0.22185956658108474
0.866566107652809,0.5352842895046742,0.33128181814813473
0.9558224100684223,0.7837106676879388,0.17211174238048343
-0.44430914431380136,-0.2705919862541269,0.17371715805967447
-0.04147780526964647,0.06453381909926283,0.10601162436890929
-0.9464933235854136,-0.7320570310039696,0.21443629258144403
-0.6744634922356288,-0.5894313569635878,0.08503213527204101
-0.7073760615056098,-0.4932563932720471,0.2141196682335627
-0.4050167643089336,-0.23072565283691604,0.17429111147201753
-0.09411457961494585,-0.15569053227847496,0.06157595266352911
0.25091878232157266,0.11739906965789863,0.13351971266367402
-0.9580225341252541,-0.7616682138602726,0.19635432026498145
0.9093832669016345,0.7440728009548983,0.16531046594673626
-0.8770091741999855,-0.7054129418382259,0.17159623236175958
-0.6709840647934969,-0.45376902456739443,0.2172150402261025
0.31883741801602467,0.1633955524935019,0.15544186552252276
-0.6962518308126305,-0.6392504115352636,0.057001419277366905
0.94521687784264,0.7727920219985063,0.1724248558441337
-0.7131794480929604,-0.6122590756054223,0.10092037248753816
-0.30700286372194974,-0.15608695326996125,0.1509159104519885
-0.48600718934884934,-0.24320818649263695,0.2427990028562124
-0.33350589047462736,-0.10896089972779202,0.22454499074683534
-0.1439225028694203,-0.2558769375849359,0.11195443471551561
0.4919135728016379,0.3141166237178206,0.17779694908381727
0.0466809540018896,-0.05544573706639318,0.10212669106828279
-0.7480727361249037,-0.49005964636064964,0.258013089764254
0.9177706289377022,0.6975894371699126,0.2201811917677896
-0.898238714582952,-0.5748843943555769,0.3233543202273751
-0.9191451068380264,-0.7074527094269275,0.2116923974110989
-0.9062261032759424,-0.6684295267813033,0.23779657649463914
-0.25234032224381575,-0.2768712204207473,0.024530898176931548
-0.7370838622612107,-0.44234606526329945,0.29473779699791125
-0.2512799372053133,-0.2638251545016931,0.012545217296379807
0.9449649173918756,0.7146868061060022,0.2302781112858734
-0.1562186307059792,-0.2321917745498358,0.07597314384385662
-0.7763483248873502,-0.6774967306024283,0.09885159428492185
0.7410147393211555,0.6500371883287828,0.0909775509923727
0.8469323168318986,0.6176113516005605,0.22932096523133816
-0.5380647064142696,-0.48390134949930474,0.05416335691496488
0.9461775449694197,0.7254138317713859,0.2207637131980339
0.8897029685739353,0.6471278375347522,0.24257513103918305
0.8608862398368625,0.6283109528404685,0.23257528699639407
-0.8082463647878373,-0.5826841071658795,0.2255622576219578
-0.06722051048422974,0.02468836555803758,0.09190887604226732
-0.5309585622139231,-0.5947360217725959,0.06377745955867276
0.7004938142463658,0.46393459443543944,0.23655921981092637
-0.7939892850256584,-0.5619266166190497,0.2320626684066086
-0.7647023310764243,-0.5396066017932813,0.22509572928314292
-0.8044345913418264,-0.5746558566400662,0.22977873470176013
-0.863661215315355,-0.717282107779601,0.146379107535754
-0.747497019947507,-0.6260297155698711,0.12146730437763587
-0.5222739145258143,-0.4588717144902763,0.06340220003553798
-0.516291333370503,-0.2508648050833985,0.26542652828710456
-0.25373314178206696,-0.05149269094995757,0.2022404508321094
0.318237924640066,0.1570122105935782,0.1612257140464878
0.8820942627735692,0.6625339944449491,0.21956026832862008
0.8361301907265718,0.6695027980984906,0.16662739262808124
0.972679671098662,0.7690990979307272,0.20358057316793488
-0.7852419678550422,-0.657196143368729,0.1280458244863132
0.9335641216006583,0.7123430912954758,0.22122103030518248
0.6529611056440886,0.44031897739649506,0.21264212824759354
0.8443271476843295,0.7544708015831708,0.08985634610115867
0.1415083971618133,0.01467916043178635,0.12682923673002694
0.45223919865154877,0.26410074462115857,0.1881384540303902
-0.44752039313662323,-0.2711317886487807,0.17638860448784255
-0.8002253061496927,-0.53745873398,0.2627665721696927
-0.5268285040017802,-0.48754853648589386,0.039279967515886305
-0.17143710429834724,-0.22564378125828588,0.05420667695993864
-0.9471450803841618,-0.7373841619207692,0.20976091846339262
0.4920431023432887,0.29274099821270555,0.19930210413058314
0.946404298344249,0.7348124233812864,0.2115918749629626
0.8153598063533938,0.592823021848374,0.2225367845050198
-0.604453427921377,-0.32541830801742166,0.27903511990395535
-0.04362415052782406,-0.1472032928102921,0.10357914228246803
-0.6200448711719735,-0.6041549041831021,0.01588996698887135
0.8833644826881589,0.7803879395833981,0.10297654310476079
0.7045273925775728,0.4877217064018008,0.216805686175772
0.7721521264509613,0.5532555901505892,0.2188965363003721
0.8020117074766054,0.501027639844601,0.30098406763200447
0.2988979858909765,0.36033173838422167,0.061433752493245175
-0.21628545586787648,-0.0705104859110828,0.14577496995679368
-0.03093438463590848,0.06890194446239627,0.09983632909830475
-0.9410398495660076,-0.7337608364014382,0.20727901316456943
-0.21591885917420514,-0.08442198638312524,0.1314968727910799
0.06212432353645101,0.13879330479211321,0.07666898125566221
0.08538671022861215,0.15546573830141733,0.07007902807280518
0.28622328711718104,0.14077787649361248,0.14544541062356856
-0.5682038382963305,-0.3691318099452967,0.19907202835103377
-0.7427059564695921,-0.5189705273952456,0.22373542907434651
0.9407182389867736,0.7196781419956088,0.2210400969911649
0.691220874793088,0.4702429226452888,0.22097795214779925
-0.8347299362925337,-0.6837929047005946,0.15093703159193905
0.927270229593485,0.6987116989459403,0.22855853064754472
0.14159553386188087,0.027215535988737886,0.11437999787314299
-0.9300953853460733,-0.7006650153233716,0.22943037002270172
-0.5170941123138223,-0.6798762639403673,0.16278215162654497
0.21721670499830206,0.24451816538988666,0.027301460391584598
-0.9336435737233476,-0.7346250351602857,0.19901853856306195
0.44681426168647875,0.4274643244617556,0.019349937224723168
-0.9455589063563742,-0.7312729139576074,0.21428599239876678
0.5912843575259539,0.6315642335963596,0.04027987607040573
-0.8406715897529741,-0.6847543563357589,0.1559172334172152
0.5001826571003561,0.29542288021266533,0.20475977688769081
-0.8964621894642133,-0.7423451451693811,0.1541170442948322
-0.8601543471987089,-0.7044480807813753,0.15570626641733354
0.6214114238216778,0.3411669617761226,0.2802444620455552
0.6559335560582641,0.44516708946427697,0.21076646659398712
-0.00039533126087699737,-0.07745073834909512,0.07705540708821812
-0.9507344517635621,-0.7928186551654508,0.15791579659811128
-0.27680812262448745,-0.12277349029233404,0.15403463233215342
-0.9478902998536436,-0.7329966158979937,0.2148936839556499
0.6356163020886192,0.43490800307102095,0.20070829901759824
-0.9394772780307103,-0.7157886650293009,0.2236886130014094
0.9084483053454311,0.7272298278401574,0.18121847750527365
-0.9033845519489243,-0.7267946549950753,0.17658989695384897
-0.02650826890745466,-0.1108065556928968,0.08429828678544213
0.08807401054133984,0.15429074942976498,0.06621673888842514
-0.7033701581234867,-0.600501468705743,0.10286868941774374
0.65288075828946,0.5740137869150498,0.07886697137441023
0.431139334833188,0.40180732207494585,0.029332012758242154
-0.30423495359901587,-0.15486317049550274,0.14937178310351312
-0.8639963904128357,-0.6233548737159597,0.24064151669687606
0.9121059337078306,0.7431653052313703,0.1689406284764603
-0.05357374929542614,-0.12497548101420504,0.0714017317187789
-0.8913602753818447,-0.7834347016727079,0.1079255737091368
-0.08693665520045998,0.011228685117054802,0.09816534031751478
-0.4299721071904252,-0.2561260802508878,0.17384602693953743
0.823747556565613,0.5887143020079966,0.23503325455761648
-0.5048317491544174,-0.4604865080255242,0.04434524112889321
0.024652756706441657,-0.06355796299725607,0.08821071970369772
-0.28010598102146805,-0.29832369003333975,0.018217709011871697
0.7216995272487653,0.5056868746941524,0.21601265255461288
0.9304433329083196,0.6794013303410272,0.25104200256729237
-0.8583598400848689,-0.6950341957040129,0.16332564438085595
0.9497624436771398,0.7385546325827108,0.211207811094429
0.8885157619698382,0.7161328683103777,0.17238289365946047
0.04155161732048921,-0.060138853985731454,0.10169047130622066
-0.05531875205327002,-0.1310138943797564,0.07569514232648639
0.11764581560359301,-0.15250032128316007,0.2701461368867531
0.6754711446170472,0.581191284003514,0.0942798606135331
0.9466420184224758,0.730123111217936,0.2165189072045397
-0.6885542573362642,-0.6620341835670422,0.02652007376922194
0.5300521450655767,0.48519525539925823,0.04485688966631851
-0.19816103992699666,-0.24414100602748473,0.04597996610048807
0.46137465572242614,0.2839892301489417,0.17738542557348447
-0.20675758966522634,-0.0704178142097581,0.13633977545546824
-0.22794136963843153,-0.07611043475596803,0.15183093488246352
0.8952954804907459,0.7169514763809243,0.17834400410982165
-0.1371684152757629,-0.37285826733012895,0.23568985205436604
0.7917496898880855,0.664205953674459,0.12754373621362647
0.03180570680558594,0.12763638403789512,0.09583067723230917
0.5204519205588258,0.47011867187239303,0.0503332486864328
-0.9103167105783677,-0.7477756347615907,0.16254107581677701
-0.8878941367078408,-0.7110505984292043,0.17684353827863653
0.9045908592730267,0.671448541292792,0.23314231798023477
0.6314095847826667,0.41811787010810697,0.21329171467455976
-0.5920180024480594,-0.3987261439498541,0.19329185849820524
-0.5583569029572747,-0.3633813678320373,0.1949755351252374
-0.9263640010300823,-0.7258919494484385,0.20047205158164383
0.9417229485294205,0.7295154806620369,0.21220746786738365
0.20309566361181744,0.08256233974721268,0.12053332386460476
-0.9162772230979752,-0.6528975930979273,0.26337963000004794
0.19640644991304687,0.23854247758818226,0.042136027675135385
0.8475230246765326,0.6227780876841297,0.22474493699240294
0.824507907014189,0.595836810682196,0.228671096331993
0.969704353576635,0.825076511818126,0.14462784175850896
-0.9170437072658897,-0.8057172111922559,0.11132649607363376
-0.3314262956865119,-0.18589243790121507,0.14553385778529682
0.45382563007668414,0.08540904191340709,0.36841658816327705
0.38757958733420467,0.3954854706527629,0.007905883318558238
0.9449148676929789,0.7214970560534409,0.223417811639538
0.43923370776618165,0.43752547353545224,0.0017082342307294107
0.05286051025513002,-0.1070897972372971,0.1599503074924271
0.255532796121588,0.12042561003215793,0.1351071860894301
-0.6175991789332879,-0.4211793804365257,0.19641979849676217
-0.8563478098438729,-0.6968642560245949,0.15948355381927803
-0.9479231543359663,-0.7294804808822217,0.21844267345374457
0.6703908629566199,0.5945338128322325,0.07585705012438737
-0.7921308345921255,-0.708268819035695,0.08386201555643047
-0.7210288975586916,-0.5100248514288668,0.21100404612982482
0.7685379145346153,0.7056047320399035,0.0629331824947118
-0.18944668511892693,-0.2313479353821791,0.04190125026325217
0.421771902303434,0.3994071523737713,0.022364749929662697
0.833504166553329,0.6824181300518589,0.15108603650147012
0.8905481571234065,0.6612981828324351,0.22924997429097138
0.9668847071181138,0.8221906725815088,0.144694034536605
0.8907871957554383,0.6604307928534212,0.2303564029020171
0.9697522959470498,0.8103724168526697,0.15937987909438012
-0.5460294652602757,-0.3458757801946067,0.20015368506566905
-0.8602474442406186,-0.6282255370040423,0.23202190723657634
-0.5293221474475669,-0.4901164091954999,0.03920573825206697
-0.39077074461351513,-0.21897073066949205,0.17180001394402308
0.557309740592929,0.5049853721198658,0.05232436847306321
-0.9468982621362109,-0.7812260747522874,0.16567218738392342
0.820560021824742,0.5952795480437411,0.2252804737810009
-0.6496785578352009,-0.4458048952529261,0.2038736625822748
-0.7096613545809041,-0.4940043004731736,0.21565705410773045
0.7426083104085944,0.6179656240561462,0.12464268635244824
0.03971391885794094,0.11312726252417579,0.07341334366623485
-0.9573423234876622,-0.7364228430143699,0.22091948047329235
0.1362445895847466,0.004267082072371201,0.1319775075123754
0.3171403157457757,0.3330725249741092,0.015932209228333494
-0.7991129589803818,-0.5842936746717714,0.21481928430861041
-0.2954069989978531,-0.2990750175298474,0.003668018531994277
0.8113127021101716,0.5939989172646473,0.21731378484552433
-0.8214035837055721,-0.7533447302871953,0.06805885341837681
0.02564426395708774,0.17376337707801182,0.14811911312092407
0.5820999351076721,0.5133998712422166,0.06870006386545546
-0.2878042560182127,-0.33622863477415194,0.048424378755939246
0.8435848046068397,0.5057114749269818,0.33787332967985795
-0.2754385788336151,0.029209864020581077,0.3046484428541962
-0.8935031754361082,-0.7051181410907988,0.1883850343453094
0.07819278099605755,0.37405094765804836,0.29585816666199083
-0.7146535928247254,-0.6246565866302467,0.0899970061944787
-0.5449318949241213,-0.49567600138756984,0.049255893536551465
-0.21129247369915563,-0.06455077386161191,0.1467416998375437
-0.27884664401943127,-0.4349350296466185,0.15608838562718724
-0.6457448411882722,-0.5479177572833412,0.097827083904931
-0.9020866181432644,-0.6907748151409377,0.21131180300232666
0.722038816387682,0.5541180246954095,0.16792079169227248
0.6475106116945335,0.43970583100988714,0.20780478068464636
0.8832700707191636,0.6302593925441656,0.253010678174998
0.28214667525135834,0.027967884607116095,0.25417879064424226
0.5847629575833142,0.39424454223964195,0.19051841534367225
-0.7237520102737162,-0.6924984290956961,0.03125358117802002
-0.7464960438275778,-0.6310461915362467,0.11544985229133109
-0.5729470385479918,-0.37530532733587624,0.19764171121211555
-0.8515680377541356,-0.6939126364454905,0.15765540130864508
0.4012638630320669,0.2438367226889538,0.15742714034311311
-0.16644904872703473,-0.20719823582706923,0.0407491871000345
-0.10837132858012773,0.0012222973428952881,0.10959362592302302
0.5258524449819717,0.47317185127005407,0.052680593711917634
0.6540571954135773,0.43960509684682547,0.21445209856675185
0.8411600989940532,0.6868945171990745,0.15426558179497873
-0.05078529027563608,0.06412576807478176,0.11491105835041784
-0.9462562243713663,-0.7283859023857597,0.21787032198560652
-0.38235261846487273,-0.44504831657465227,0.06269569810977954
-0.9469062820186874,-0.7366491741982681,0.2102571078204193
-0.3238589079460195,-0.1121707638783771,0.21168814406764241
0.1288525313718126,-0.07636688080558839,0.20521941217740097
0.5516816926755992,0.35873230722358895,0.19294938545201024
0.3942013344812939,0.22948354662337464,0.16471778785791927
-0.02713410508893271,-0.13479062223987573,0.10765651715094302
0.44748947130795147,0.3593058803140861,0.08818359099386536
0.408902653776917,0.2377843456294307,0.17111830814748627
0.8869849226349222,0.7116030376155591,0.17538188501936314
-0.9372745094648293,-0.710026039321312,0.22724847014351723
0.9212609723984337,0.6885661845552509,0.23269478784318287
0.23304380191475263,0.2604333120506349,0.027389510135882283
0.8211611709324425,0.6807578603783785,0.14040331055406396
0.4136821959898003,0.38867637933945426,0.02500581665034607
0.8215876811738497,0.5931644229248405,0.22842325824900922
-0.9630662069346196,-0.8117983290863983,0.15126787784822138
-0.9482302134878169,-0.7241231823606588,0.22410703112715813
0.8698780468571821,0.6925962388341494,0.17728180802303262
0.08197051655124905,0.31462481551882576,0.23265429896757672
-0.07629573257100793,-0.14005827593903644,0.06376254336802852
0.5775823130336407,0.5079359206726146,0.0696463923610261
-0.9325005398198597,-0.7128867520312073,0.21961378778865237
0.05324478846169623,0.12236009663921482,0.0691153081775186
-0.9697236427641368,-0.7748002845909598,0.19492335817317696
0.957198785457823,0.7506709966752134,0.20652778878260958
0.9533648312169138,0.7324876856816468,0.22087714553526705
0.9426329159440336,0.7353021715130883,0.20733074443094535
-0.7855712226676439,-0.547419225570622,0.23815199709702195
0.4306430393383094,0.2606018581879135,0.1700411811503959
0.6501878202483184,0.43473155301870664,0.2154562672296118
-0.9365553145115623,-0.7225577684584714,0.21399754605309085
0.9466576684373093,0.7362413996412033,0.21041626879610598
-0.8341164629015305,-0.603555718064471,0.23056074483705957
-0.36100468663995033,-0.1980056085545929,0.16299907808535744
-0.8395687956187704,-0.6106345302365233,0.22893426538224715
0.9466038454942636,0.7224518382400856,0.22415200725417794
0.6504549958654858,0.4479874726874795,0.20246752317800631
0.2813935421399196,0.2966265122178444,0.015232970077924846
0.9288986857126329,0.7566726942645461,0.1722259914480868
0.4647942408031319,0.42366069011900515,0.041133550684126774
0.8337007860746576,0.6045688829741777,0.22913190310047993
-0.8422244911912073,-0.7499579772392974,0.09226651395190999
0.15346800115883671,0.19738187132798118,0.04391387016914447
0.7118385784537502,0.6138785238887443,0.0979600545650059
0.4488524672041457,0.25572304496671794,0.19312942223742774
0.33055538121780464,0.3311879801736842,0.0006325989558795819
-0.14260308786116713,-0.2055589321234981,0.06295584426233097
0.6213422189730374,0.4091032518784746,0.2122389670945628
-0.9177751272651098,-0.690985781930332,0.2267893453347778
0.921558932053837,0.6967806792512204,0.22477825280261654
-0.8878129457957559,-0.6359557352042469,0.251857210591509
0.8626975865334534,0.6021929734176972,0.26050461311575623
-0.814894531576569,-0.7198598159776736,0.09503471559889543
0.5677933089279543,0.3686012283760477,0.19919208055190663
-0.8559199714611904,-0.6280280209944719,0.2278919504667185
-0.9406811414009245,-0.7460296856434963,0.19465145575742826
-0.89931456642824,-0.74000532300214,0.1593092434261001
0.5309413106963976,0.48164440587208607,0.04929690482431154
0.3705372107293808,0.39297756858601623,0.02244035785663545
-0.5798921613067557,-0.5176317682609393,0.06226039304581643
-0.9074144310127106,-0.6180575554098701,0.2893568756028405
0.6041654338099095,0.3949797787035797,0.2091856551063298
-0.5290806256197261,-0.5922977972391463,0.0632171716194202
-0.9215604715837962,-0.7437671675497313,0.1777933040340649
0.5051634241047406,0.32823656851741323,0.17692685558732735
0.942527231981747,0.7077760760336663,0.23475115594808071
0.5591271890688351,0.5261777639680618,0.032949425100773255
-0.7374366421685763,-0.5315430808974438,0.20589356127113245
0.5419132404373864,0.3317196144181586,0.2101936260192278
-0.8555499582044818,-0.7055391766158613,0.15001078158862047
0.7479231588757965,0.6241803931052846,0.12374276577051191
0.800764057773252,0.6674666257838566,0.13329743198939537
-0.47576173388231446,-0.45144981213598917,0.024311921746325293
0.35424097420612655,0.20498976968517738,0.14925120452094917
0.8466631821914395,0.6197918610249434,0.2268713211664961
0.49657146618523457,0.2641210510418846,0.23245041514334996
-0.8479860225709752,-0.6074975659187363,0.24048845665223895
0.32297173356927683,0.061974307662389344,0.26099742590688746
0.8919402715550729,0.7124008358700428,0.17953943568503017
-0.912841159435612,-0.6751216460350922,0.23771951340051978
0.9536805821867401,0.7283715952193236,0.22530898696741652
0.1296612358607119,0.2601396644530096,0.13047842859229772
-0.45594637153622997,-0.26591753957735265,0.19002883195887732
-0.5455208079004632,-0.48065867615881575,0.06486213174164746
0.8561307157490273,0.6980865937591845,0.15804412198984286
-0.8892166644515177,-0.7153974202902719,0.17381924416124583
0.5831342656019426,0.37651068931045417,0.20662357629148842
-0.4329718385903826,-0.2634014172199195,0.16957042137046308
-0.9460374057812074,-0.7318558909260603,0.21418151485514714
0.7818329623973513,0.558146070820576,0.22368689157677535
0.9142466648290284,0.6798461904984342,0.2344004743305942
-0.06314486192241457,-0.13767593356031,0.07453107163789542
0.9481832564896837,0.7302977538157598,0.21788550267392393
-0.49383048346612873,-0.3023036861065516,0.19152679735957712
-0.9072669436795491,-0.7026207179938807,0.20464622568566837
-0.29940665060001864,-0.1451076160389201,0.15429903456109853
-0.947275429368651,-0.7314753106166727,0.21580011875197824
0.34430460743338454,0.1902824533187678,0.15402215411461673
0.869324896180535,0.6983078413201593,0.17101705486037566
-0.1296910019102954,-0.016112285879590547,0.11357871603070485
-0.5245617603875694,-0.4943911687414125,0.03017059164615693
0.39344047033479984,0.2251657901416863,0.16827468019311353
-0.15943947902059727,-0.2045079857924266,0.04506850677182933
0.154480706921741,0.3911646878735193,0.2366839809517783
-0.023804450303327528,-0.11612617619388178,0.09232172589055426
-0.6306405750174564,-0.5480200806042979,0.08262049441315855
-0.921354011415177,-0.7314990857341936,0.1898549256809834
0.7440234161907421,0.4751954844624496,0.2688279317282925
0.4798276380639048,0.27762902030500053,0.2021986177589043
-0.7746289720686096,-0.6475847485284708,0.12704422354013878
0.4924420953125084,0.4648513576000698,0.027590737712438584
-0.22075591425388363,-0.3146218198555816,0.09386590560169794
0.5219081620994436,0.352243882095816,0.1696642800036276
0.9672450989523416,0.7939765552147247,0.1732685437376169
-0.6650558076085126,-0.6172922606917616,0.047763546916751
0.6780043018957531,0.42304872746700645,0.25495557442874667
-0.9226617096584763,-0.69046977760594,0.2321919320525363
0.4235982000304886,0.4046428920366846,0.018955307993804016
0.2574432266660596,0.11988738315029096,0.13755584351576866
0.891983520774473,0.6562258256023001,0.23575769517217282
-0.09523903288562818,-0.15705768407902015,0.06181865119339197
0.0953222341911023,-0.007236530299953756,0.10255876449105607
-0.7828955586707739,-0.6467841282988837,0.13611143037189022
0.44426092313492266,0.2502487375855603,0.19401218554936234
-0.7816576442108838,-0.5590226493674777,0.2226349948434061
0.3365020285518606,0.17122278114450243,0.1652792474073582
0.33315439514241096,0.16467577010203904,0.16847862504037192
-0.0031947425529732618,0.05013765282526811,0.05333239537824137
0.907863491558317,0.6830843504509425,0.2247791411073745
-0.9603683819292471,-0.8041497318095752,0.15621865011967195
-0.9113429977729017,-0.726349294624857,0.18499370314804475
-0.9465648298177941,-0.7311119916001952,0.21545283821759886
-0.041205990831857005,0.05124248636570412,0.09244847719756112
0.9373200830025401,0.7295604151794817,0.20775966782305844
-0.8428727060676708,-0.5841464748647875,0.2587262312028833
-0.37729634128594075,-0.3675731157716109,0.009723225514329858
0.44041334187297587,0.4709668757186609,0.030553533845685044
0.9333025645079108,0.7099924983186826,0.22331006618922822
0.3167136780729044,0.16800169194857956,0.14871198612432485
-0.9353172103306544,-0.7326582509984386,0.20265895933221578
0.47308722048908797,0.4457103731841718,0.027376847304916185
0.5780634190648664,0.5142232732928467,0.06384014577201969
0.6301914529272679,0.41812574196824476,0.2120657109590231
-0.8692091235385095,-0.6321655758278,0.23704354771070957
-0.8692740047912837,-0.7072895143532748,0.1619844904380089
-0.8550370341268251,-0.6234664394252999,0.2315705947015252
0.9121809769820796,0.6514776293333797,0.26070334764869985
-0.9223697522465841,-0.6850531854659647,0.2373165667806194
0.9403832521621094,0.7281853152717401,0.21219793689036925
0.30659409867531073,0.4487604360049964,0.14216633732968564
-0.5219288007776635,-0.4791328177918776,0.04279598298578585
0.27270829280786923,0.11390390183181766,0.1588043909760516
-0.5085079730568671,-0.5465177033597782,0.038009730302911104
0.38123997213462124,0.37798139593389296,0.0032585762007282804
-0.9142988047291064,-0.6769807352046118,0.23731806952449463
0.681026929387377,0.6127316279483981,0.06829530143897888
-0.9166790252588799,-0.7269853437862216,0.1896936814726583
-0.9153909391840503,-0.690148872193921,0.22524206699012939
-0.662695615308213,-0.5749458679682854,0.08774974733992758
-0.38040379505240607,-0.545998994490128,0.16559519943772194
0.15647149277322622,0.044490572113641935,0.11198092065958429
-0.8941128295181214,-0.7242002910639215,0.16991253845419996
0.8366936985798025,0.6906765651261407,0.14601713345366174
-0.8239284819030437,-0.6752251640896637,0.14870331781337998
-0.16522614490167833,-0.040742622924898164,0.12448352197678017
0.5106188592637535,0.32680555126268573,0.18381330800106777
-0.5492235108851382,-0.35468314390307376,0.19454036698206445
0.32940059516591436,0.4012511167916156,0.07185052162570127
-0.5567458839081323,-0.316838263270344,0.2399076206377883
-0.16975639872591122,-0.05445509826504876,0.11530130046086245
-0.7830062755217345,-0.5590270538596254,0.22397922166210915
0.8437554047564189,0.6144399912107239,0.22931541354569496
0.9425653941140182,0.7089166145530373,0.23364877956098085
0.5623490247957129,0.22847008945417838,0.33387893534153457
0.06260475550215795,-0.03908121207640277,0.10168596757856072
-0.8102827869168497,-0.58198307068636,0.22829971623048972
-0.8922856159116291,-0.6656251069141315,0.22666050899749768
0.7184410580788247,0.6124029754407604,0.10603808263806436
0.8121626824796541,0.5820566634792235,0.2301060190004306
-0.7779286373738378,-0.6334563332559665,0.14447230411787126
0.7233808024434217,0.5169596970564262,0.20642110538699554
0.5872020327628423,0.3870330818586725,0.2001689509041698
-0.6399134798044841,-0.4314974975775097,0.20841598222697438
0.7529709898614022,0.5299361125855899,0.22303487727581228
0.39702505162114227,0.3829005009694485,0.014124550651693768
0.38659739496330875,0.3885452976655089,0.0019479027022001327
-0.6291140478249436,-0.4090812866480526,0.22003276117689102
0.9479706568487216,0.7303171003975041,0.21765355645121753
0.9378843210505523,0.7499455239893378,0.18793879706121452
-0.5959327191346163,-0.52044532798103,0.07548739115358627
0.7594873941717765,0.544198761355512,0.21528863281626442
-0.8590437666326148,-0.7088468532002516,0.1501969134323632
0.8797388036323154,0.7079991882413446,0.17173961539097082
0.7326162620708294,0.6729266862430048,0.05968957582782464
-0.1481217167681775,0.006466145979355217,0.15458786274753272
0.8026633174391679,0.723970223487343,0.07869309395182489
0.12770578780593245,0.012014895161886733,0.11569089264404571
-0.7190915802612206,-0.5069462298151043,0.21214535044611627
-0.20903137745875405,-0.07778951332798834,0.13124186413076572
0.003050269496265881,-0.08214710458791345,0.08519737408417934
-0.9462304429326318,-0.7251386958156605,0.22109174711697133
-0.3634950643564798,-0.3638836532300553,0.00038858887357545724
0.7515016391852165,0.5292706805330635,0.22223095865215303
-0.6887593798273032,-0.47517573403583313,0.21358364579147004
-0.27276779712784616,-0.4262554926123764,0.15348769548453023
0.8838850437401456,0.6505690461669792,0.23331599757316646
-0.5417157999567053,-0.3404771393460799,0.20123866061062534
0.9381873624162326,0.7423905659348807,0.19579679648135184
-0.47870551965260705,-0.26151977630165174,0.2171857433509553
-0.7325288440551848,-0.511997476690499,0.22053136736468582
0.5625067512975841,0.5048209054357569,0.057685845861827234
0.760464779491367,0.5379657820490661,0.22249899744230095
0.952596435329201,0.7361797776728041,0.21641665765639695
0.20469097761296473,-0.047379512943912315,0.252070490556877
0.1895299204945864,-0.08940741692236936,0.27893733741695576
-0.6912782202171363,-0.5867610408541999,0.10451717936293636
-0.3452447866873048,-0.33984901165391995,0.005395775033384842
-0.819719796581748,-0.7316444159124952,0.0880753806692528
-0.6653116040498962,-0.3717682291825986,0.2935433748672976
0.8089079469067177,0.5744988595542463,0.23440908735247146
0.9266994553159096,0.7101808554987962,0.2165185998171134
0.011128824384809301,0.10868118107742318,0.09755235669261388
-0.8711174824764459,-0.6138307463813771,0.2572867360950688
0.8534906146629989,0.7580891447372907,0.0954014699257082
0.3714714086182488,0.5218346833185759,0.15036327470032707
0.9062651646772383,0.7626880768010652,0.14357708787617307
0.9482283058970833,0.7201069034858032,0.2281214024112801
-0.5682425826565887,-0.5168465556048049,0.05139602705178381
0.1869869161010417,0.22864505176706473,0.04165813566602303
-0.17839489921542853,-0.22077779940442174,0.04238290018899321
-0.2029697350879523,-0.24583953239989073,0.042869797311938435
-0.6207538916985312,-0.6772239630286917,0.056470071330160465
0.23493682822329517,0.31987065467477355,0.08493382645147837
0.1680903151073305,0.040234477527887544,0.12785583757944297
-0.9648585972596921,-0.7489839696778606,0.2158746275818315
-0.16579361358746486,-0.20793574502059048,0.04214213143312562
0.5837503819342243,0.6120061072584441,0.028255725324219716
0.47212333810578594,0.2815987710996435,0.19052456700614245
0.8599892178643681,0.6960719467728679,0.16391727109150023
0.6702319357177196,0.6350777911148022,0.035154144602917325
0.8887591781279031,0.6646051088944521,0.22415406923345094
0.5199601488307537,0.26931623547383315,0.25064391335692054
0.8345315395631923,0.5971348395878325,0.23739669997535973
-0.8105527726006877,-0.6540788739306322,0.15647389867005546
0.8055681486471712,0.588217804566227,0.21735034408094422
-0.9614674449814274,-0.769582154677023,0.1918852903044045
-0.9761005990660213,-0.7520401324131002,0.22406046665292112
0.9052746918847341,0.7262812291210095,0.17899346276372463
-0.3556599476042883,-0.18289962741127452,0.1727603201930138
-0.7508815767453542,-0.5147424178162374,0.23613915892911674
-0.8236354861913231,-0.5949821462867702,0.22865333990455294
-0.4064308861847963,-0.3969205539439681,0.009510332240828201
-0.9463797617906847,-0.720749173035846,0.22563058875483877
0.6144528439722714,0.3494952566725548,0.2649575872997166
-0.4773843746867358,-0.4439282280578423,0.03345614662889346
-0.5708825729563302,-0.37052910168627257,0.2003534712700576
0.886962992404417,0.6595421465933966,0.2274208458110204
0.5851770257424956,0.5287414853834729,0.05643554035902276
0.7195125073820865,0.6376806829531394,0.0818318244289471
-0.9376288370545067,-0.7403145156622615,0.19731432139224525
-0.06561992579250024,-0.13389268062627127,0.06827275483377103
-0.2699907501040177,-0.11198171060905208,0.1580090394949656
0.16568818099966393,0.21418662622833215,0.048498445228668224
0.35050486597896174,0.3539321764716815,0.0034273104927197706
0.5132002622288158,0.46182348816528707,0.051376774063528696
0.8612519975789246,0.6291156748743696,0.23213632270455498
0.09331443351337784,-0.01760440174700814,0.11091883526038598
0.9205353115545711,0.6865780944558125,0.2339572170987586
0.16684075563349227,-0.15431371683875053,0.3211544724722428
-0.037738574283112926,-0.17151901710610767,0.13378044282299476
-0.6846072397720555,-0.4637204783620288,0.22088676141002672
-0.3523082629176588,-0.017613340743592987,0.3346949221740658
-0.6748056547292219,-0.35268554546576536,0.3221201092634566
-0.5372208677342087,-0.5634417309350858,0.02622086320087702
0.6630026259281747,0.44354993787113295,0.21945268805704177
-0.8955563247152072,-0.7144262977825471,0.18113002693266012
-0.2355438769421355,-0.27056476121615297,0.03502088427401748
0.9236001748207857,0.70421334017498,0.21938683464580566
0.9495623679999498,0.7336727036557986,0.21588966434415113
0.8606251463183217,0.5941594177294989,0.2664657285888228
-0.8984112381969047,-0.6658104668534639,0.23260077134344082
0.9299550851467351,0.7078077607324801,0.222147324414255
-0.41408489089199807,-0.16384867373966858,0.25023621715232947
-0.9258469340285728,-0.6953138083300046,0.2305331256985682
-0.9665238289557713,-0.790446472267744,0.17607735668802726
0.519700042772395,0.33012392609018626,0.18957611668220875
0.9615184875896035,0.7936263415449665,0.16789214604463698
-0.6894698211456705,-0.47127249945012334,0.21819732169554712
-0.2714423814182749,-0.2905817087513758,0.019139327333100864
0.8177903813702038,0.5865168925662925,0.2312734888039113
-0.9421392126260317,-0.7174434803902794,0.22469573223575234
0.94623887584814,0.7292854246824145,0.2169534511657255
-0.9471252259896171,-0.7186480515917317,0.2284771743978854
0.9615581833722492,0.7542047308690398,0.20735345250320936
0.8591219948068795,0.5587897342434868,0.3003322605633927
0.2816072090111237,0.14696153239726795,0.13464567661385574
0.37868674956835263,0.36909135666646686,0.009595392901885769
-0.8751447211545216,-0.6392385480566045,0.23590617309791706
-0.05470289996825361,0.048841842225545926,0.10354474219379953
-0.9464090825767264,-0.729669709166587,0.21673937341013938
-0.9463180498136163,-0.7247589950487984,0.22155905476481796
0.047784977099427646,-0.0430570709582685,0.09084204805769615
-0.9755902185690076,-0.7584688840658009,0.2171213345032067
0.3835731404007195,0.22974877088039955,0.15382436952031994
-0.7412911629495119,-0.6113911174521041,0.12990004549740786
-0.8434111987990915,-0.6887917155481208,0.15461948325097075
0.94127771491647,0.7134716476446802,0.22780606727178987
0.9321410176053986,0.6983748593306365,0.2337661582747621
0.12126958435349403,0.17243507204715272,0.051165487693658696
-0.8331311841682414,-0.6005169284265884,0.23261425574165295
-0.30107459655154994,-0.30759458887891733,0.006519992327367385
-0.9107186034243155,-0.681577161451908,0.2291414419724075
0.12143120249209409,0.21872695965419525,0.09729575716210116
0.14563840167327965,0.20476260871830862,0.059124207045028965
0.7842858457084859,0.55819447014947,0.22609137555901593
-0.612959633188358,-0.5314260108969767,0.08153362229138128
-0.1378285122012526,-0.016080753197714924,0.12174775900353768
0.6398038234980656,0.5544907610601417,0.08531306243792391
0.16638035887525057,0.047262738314227094,0.11911762056102349
0.41121481418054595,0.39454957299487103,0.016665241185674917
-0.9337630132012127,-0.714359725420583,0.21940328778062967
0.5730370879265239,0.5346179818050655,0.03841910612145838
0.8465255656228371,0.6322896825572012,0.2142358830656359
0.604679101103235,0.40559638964634986,0.1990827114568851
-0.692858556546353,-0.5958471357845171,0.09701142076183589
0.9482564219472688,0.7291826438366465,0.21907377811062223
-0.6927913602009672,-0.6650526213781095,0.02773873882285771
0.680498495142451,0.4567077816288879,0.22379071351356306
0.17987908654917217,0.22009627717711128,0.0402171906279391
0.40964097109018605,0.2428983404655591,0.16674263062462694
-0.47993322177305703,-0.4484368294284524,0.03149639234460461
0.1023767830131304,-0.024719261992897052,0.12709604500602745
0.24435708818322602,0.11962382677895934,0.12473326140426667
0.7706992608740446,0.5380426832764109,0.2326565775976337
0.94154007736394,0.7257725887604084,0.21576748860353157
0.6337490947020052,0.5585980134147716,0.07515108128723369
-0.8299534261788206,-0.5962130522697707,0.2337403739090499
0.1987888658737316,0.23760831415196437,0.03881944827823278
-0.7655554898162211,-0.6379265565869703,0.12762893322925084
0.40584727382485725,0.23883830216539403,0.1670089716594632
0.9324222870031322,0.79433877039164,0.1380835166114922
-0.5332842670754026,-0.48526569535357716,0.04801857172182539
0.8940786685944346,0.6613669690413714,0.23271169955306326
0.904907168613748,0.7089089521859399,0.19599821642780813
0.16420016550201744,0.21891881309699046,0.054718647594973024
0.47214481337604003,0.4382004973292431,0.03394431604679693
0.8485882941958778,0.6225266636975583,0.2260616304983195
0.9645864091577485,0.80668226394854,0.15790414520920848
-0.9057946528064779,-0.6778349317206003,0.2279597210858776
-0.23253781161578183,-0.017729411410522346,0.2148084002052595
0.5858054980765721,0.3922570902132529,0.19354840786331923
-0.9251131954448115,-0.698073482516587,0.22703971292822456
0.09347379076109517,0.37389838331284725,0.28042459255175206
-0.9180158816875306,-0.701470340011417,0.21654554167611362
-0.940608549895079,-0.710987470237646,0.22962107965743306
-0.11169300417020492,-0.19461083347215774,0.08291782930195282
0.9344644423766904,0.7165255990403302,0.21793884333636016
0.36541464993353057,0.35900805834104493,0.006406591592485633
0.2719125609026746,0.04512178401198151,0.2267907768906931
0.7803801214751075,0.548415072351662,0.2319650491234455
0.5651643671088348,0.366981532615988,0.1981828344928468
-0.8400110107031807,-0.6093209356548795,0.2306900750483012
0.08332925180405928,-0.028094905375491613,0.1114241571795509
-0.025700114191665364,-0.12305849363715912,0.09735837944549376
0.7727468011705736,0.6415298362891064,0.13121696488146717
-0.8732422287653456,-0.7473353959676127,0.12590683279773296
0.18710352038675623,0.27761372001703344,0.0905101996302772
-0.9354093384013389,-0.7283311339017391,0.2070782044995998
0.2596575681947648,0.29015037518148096,0.030492806986716137
0.45434150334432305,0.4257119717211047,0.02862953162321835
-0.26719334600442995,-0.2956610461734922,0.02846770016906225
0.21065654687055993,0.2408603323338051,0.030203785463245175
-0.9469523850558127,-0.7274643155463741,0.21948806950943855
0.2973037017114401,0.10348805614528603,0.19381564556615408
0.9012005670923184,0.6794726831889976,0.22172788390332088
0.5740296104552408,0.37435838768827107,0.19967122276696975
-0.5576911193642572,-0.6441812667471865,0.08649014738292926
0.8894335718818852,0.714302747380503,0.17513082450138218
-0.24248150898260276,-0.015906471107701856,0.2265750378749009
0.806941627529472,0.662014716488395,0.1449269110410769
-0.9464137230188587,-0.7652902662280403,0.18112345679081843
0.2683775907253846,0.2952079543995637,0.026830363674179125
-0.9382982246728431,-0.7292995753052661,0.20899864936757695
-0.9324150548488872,-0.6944878339489824,0.2379272208999048
-0.8867953033034078,-0.6524680874250363,0.23432721587837158
0.938728254782871,0.8066609558442736,0.13206729893859748
-0.18201089358094813,-0.2460578349267884,0.06404694134584027
-0.2436224414477787,-0.27660150952158163,0.032979068073802936
0.49543619796911803,0.5494766567865483,0.054040458817430304
0.8628054448981031,0.7013661023459896,0.16143934255211345
-0.7558512506730232,-0.6329074884927998,0.1229437621802234
0.5328936783033947,0.48346538723400595,0.049428291069388786
0.9205290114324262,0.6882586322582067,0.23227037917421944
0.6678917191463168,0.4466716638239961,0.22122005532232075
0.6939084356390669,0.32913006426351393,0.36477837137555297
-0.8486529002759071,-0.6906313825015687,0.15802151777433837
0.2520783898578639,0.28498283790192624,0.03290444804406234
-0.23925690119117551,0.08581019868915456,0.32506709988033006
-0.5344861631837072,-0.33676391881060347,0.19772224437310376
0.9481758035627542,0.737705198428469,0.21047060513428517
0.7846418106015236,0.6535526000523891,0.13108921054913447
0.7860449622720825,0.5817258652911275,0.20431909698095507
-0.8718570699336217,-0.7157769683260723,0.15608010160754937
0.18247194385846274,-0.05962997078562721,0.24210191464408995
-0.5904340411370349,-0.5898842712161845,0.0005497699208504292
0.057866007443624676,0.17609467913960616,0.11822867169598149
-0.9406873651332043,-0.7090360118649542,0.23165135326825004
-0.9371969042825914,-0.7330039741478173,0.20419293013477413
0.9680465564764018,0.8078403011280296,0.16020625534837218
-0.9214063681952269,-0.7588752424676813,0.16253112572754558
0.23754764940127127,0.27534871336804007,0.0378010639667688
0.9087680197026181,0.5948573153836095,0.3139107043190086
-0.931594734210681,-0.7131359473851565,0.21845878682552444
0.9684947194688973,0.7742861013513104,0.19420861811758694
-0.7952755764525076,-0.7395767819664579,0.05569879448604964
-0.8677437448371098,-0.6356378550877886,0.23210588974932123
-0.6376300046098468,-0.3359254012260559,0.30170460338379085
0.9338180120808016,0.6957917516750387,0.2380262604057629
-0.27753453041957427,-0.13333657044615546,0.1441979599734188
-0.9442629585126895,-0.723830352494262,0.2204326060184275
-0.55845744713109,-0.5020630105762521,0.05639443655483789
0.6800267702172672,0.5835488757689447,0.09647789444832255
0.4811488091344614,0.30793932459828316,0.17320948453617824
0.9329732096728621,0.8164038613574417,0.11656934831542043
-0.3245527737029418,-0.3240843357921404,0.000468437910801367
0.9354221025087319,0.7383302694709194,0.19709183303781252
0.7958172299447815,0.5735217330146843,0.2222954969300972
-0.014914074105865278,-0.12537242388960193,0.11045834978373666
-0.35574856993005843,-0.36422307360631745,0.008474503676259015
0.9194420938738295,0.7417889125550091,0.17765318131882035
-0.11053321477221226,-0.19375023127809582,0.08321701650588356
-0.8955034311091532,-0.659947315960015,0.2355561151491382
0.04506796264564427,0.3492640879078044,0.3041961252621601
-0.3766474589026585,-0.3779839132625235,0.0013364543598650136
-0.9580377272685059,-0.8173411823343272,0.1406965449341787
-0.42071423558892757,-0.23950255816169436,0.1812116774272332
0.5775535570211853,0.5084922806499524,0.06906127637123283
-0.8720431990845835,-0.6299612647185066,0.24208193436607695
0.03475412799722873,-0.18656579198854836,0.2213199199857771
-0.948173888368939,-0.7315854104210204,0.21658847794791858
0.5360316185496597,0.34691509498844114,0.1891165235612186
0.37931455262868685,0.20797464580250483,0.17133990682618203
-0.8092928993108834,-0.6761409060719756,0.1331519932389078
-0.25133656521968295,-0.10648391515890071,0.14485265006078224
-0.39310656789834925,-0.3982724809533955,0.005165913055046267
0.9473736035202085,0.7189508233427806,0.2284227801774279
-0.7941999201503231,-0.5639856158987493,0.23021430425157385
0.7945166678963226,0.6991544470376326,0.09536222085868995
-0.5748953987391939,-0.5035056899469403,0.07138970879225359
-0.4602561243137875,-0.27323674057007213,0.18701938374371535
-0.2126849016215787,-0.44309109614125297,0.23040619451967428
-0.3555843204256167,-0.3479559300185769,0.007628390407039831
0.8440210002990598,0.7713478028274556,0.07267319747160417
0.18409518981261724,0.22392520177086225,0.03983001195824501
0.9436839801637222,0.7359904844805036,0.2076934956832186
-0.9184318649470115,-0.6836715371287108,0.2347603278183007
-0.45684069455587306,-0.435383054494137,0.02145764006173606
0.8511155824800316,0.5876386900941968,0.2634768923858348
-0.09270846440993742,0.013448803975429092,0.10615726838536652
-0.7762483494565726,-0.4849198309252818,0.2913285185312908
0.3815852547905936,0.2258661314393086,0.155719123351285
0.3177006158182826,0.08407886712058192,0.23362174869770064
0.7840997778979285,0.5623338772430488,0.22176590065487967
0.6053843975769084,0.3917769355082418,0.21360746206866665
0.5065760861455623,0.31419568524626285,0.19238040089929942
0.00430065550399059,-0.08294044581537525,0.08724110131936584
-0.6956023721289645,-0.3380364320209946,0.3575659401079699
-0.700252022969006,-0.48343712771759856,0.21681489525140746
-0.9286173986470253,-0.7042888088579495,0.22432858978907577
0.9362618709381247,0.7178175039505147,0.21844436698761005
0.6531027059404816,0.5612936764558606,0.091809029484621
0.2413050213551029,0.06205188387241432,0.17925313748268856
0.9358619563274135,0.7348779595449101,0.20098399678250345
0.38635657784205296,0.12224322471688988,0.2641133531251631
0.9477945051186429,0.7237810511837673,0.2240134539348756
0.2699601041938047,0.3140978126597597,0.04413770846595505
0.6321461466769821,0.42264209743377984,0.20950404924320226
0.30511397127263495,0.14945856888217063,0.15565540239046433
0.7116962438336223,0.49060576897560304,0.22109047485801925
0.15867841269813393,0.0425016246964115,0.11617678800172243
-0.8257146555094868,-0.6760794690468739,0.14963518646261287
-0.5396123556870314,-0.6437379603367352,0.10412560464970388
0.35255967781114866,0.11664330880998335,0.2359163690011653
-0.43890666753407054,-0.41677976896255825,0.022126898571512288
0.8845087458172994,0.7210851461601832,0.16342359965711628
0.9288514357026573,0.7281960798076605,0.20065535589499672
-0.9150393847305749,-0.6335489481189689,0.281490436611606
-0.379264736936,-0.2125103665620903,0.1667543703739097
-0.20876722929963498,0.13299875737912978,0.3417659866787648
-0.6813127163086428,-0.4665723287866533,0.21474038752198948
0.6581340263812776,0.7056118761564487,0.04747784977517111
0.3345802789842411,0.1760433641804445,0.15853691480379659
-0.33334236552165,-0.32272664224728337,0.010615723274366606
-0.4912576492463056,-0.4538838055342639,0.03737384371204172
-0.918699402126995,-0.7277998713713847,0.19089953075561028
0.5374837760583437,0.3430119643591688,0.19447181169917493
0.7961764267011102,0.5680421625582518,0.22813426414285842
0.6075138063733247,0.660346940495033,0.0528331341217082
0.9242635072407854,0.7748208002408583,0.14944270699992712
-0.21102972307690573,-0.0838368183988891,0.12719290467801664
0.9465934957857414,0.7319055902247067,0.21468790556103468
0.9190138690338615,0.6891143336243473,0.22989953540951424
-0.746877468677035,-0.6125117138268937,0.13436575485014124
0.23200759140656918,0.11028753870597034,0.12172005270059884
0.633669432687158,0.5865034488592021,0.04716598382795589
-0.3167136157530379,-0.1541052161036145,0.16260839964942342
0.41121766828451173,0.3901575818613466,0.021060086423165147
0.7078302314919895,0.4961815818648419,0.21164864962714763
0.4915760018569792,0.4461032525078928,0.045472749349086405
-0.46348870406750153,-0.2977797568705169,0.16570894719698465
-0.9413121031471832,-0.6936300626192407,0.24768204052794252
0.7626894215617103,0.6453940660688583,0.11729535549285197
0.2528410823076114,0.09858774895525348,0.1542533333523579
-0.5244243269972922,-0.4716760442035859,0.05274828279370636
0.37557197385740276,0.1983135297682057,0.17725844408919705
0.7661373528418888,0.6348511878147134,0.13128616502717538
0.594010248448763,0.38353532876474106,0.210474919684022
-0.571652254015826,-0.5964702318026632,0.024817977786837253
-0.7944920393098707,-0.5697337839463497,0.224758255363521
0.9444248568373318,0.7327842565940231,0.21164060024330866
-0.8394267537420402,-0.5357125657481153,0.3037141879939249
-0.5374897080665907,-0.4819401231170207,0.05554958494956996
-0.9041757343206244,-0.7168848629024343,0.18729087141819012
-0.2020670053290968,-0.2867435843927973,0.08467657906370049
0.9185952247177541,0.6857608760177862,0.23283434869996789
0.7572362411628236,0.6318387712686088,0.12539746989421485
-0.6234750539720516,-0.5399062510270229,0.08356880294502866
-0.4818143195714053,-0.31476090532230844,0.16705341424909687
-0.91794695106881,-0.7214344243021917,0.19651252676661823
-0.8578910622643567,-0.7256528651652597,0.132238197099097
-0.7692380995260372,-0.6384628613167543,0.13077523820928283
-0.2520935394521849,-0.2721498223396856,0.02005628288750072
0.9398315586398152,0.6677234364916553,0.2721081221481598
0.9191133472160571,0.7337749321558014,0.18533841506025572
0.30112293791549377,0.14462045025704423,0.15650248765844954
0.5096031865371698,0.3143156110601168,0.19528757547705305
0.9482816092357937,0.7273731280146418,0.22090848122115192
-0.008936761244388362,-0.1631702240542348,0.15423346280984646
0.0005042678333145583,-0.07689134411962609,0.07739561195294065
-0.8204497725830162,-0.5970831918368918,0.22336658074612437
0.5218888411441525,0.325967198478698,0.19592164266545448
0.26149086072110356,0.11168087716708262,0.14980998355402092
0.2018533201182996,0.07216966296539067,0.12968365715290892
0.7089920799881759,0.4869714812077472,0.22202059878042874
0.9557748466511119,0.7366187029397021,0.2191561437114098
-0.8705723540864199,-0.6319890404374198,0.2385833136490001
0.6936324006621396,0.48648600165992467,0.20714639900221493
0.7978919319579487,0.5706445782501397,0.22724735370780902
-0.5618997874100661,-0.371186272416191,0.19071351499387507
-0.718013784904713,-0.6123563605710718,0.10565742433364123
0.5847140296296572,0.5114723638029411,0.0732416658267161
-0.13475774352477907,-0.020431339090744606,0.11432640443403447
0.15349605268730626,0.03744235981077851,0.11605369287652775
0.8014129489212434,0.5763841527416378,0.22502879617960558
0.26868320694016057,0.2930200954339779,0.02433688849381732
0.8181676660950861,0.69438908957817,0.12377857651691604
-0.2253304166281359,-0.2524677947236222,0.027137378095486275
0.9081899609806813,0.6719079389731033,0.23628202200757797
0.8551617787785198,0.6384368268091892,0.21672495196933061
-0.38897217305096327,-0.3694150434628835,0.019557129588079758
0.34697684788967154,0.3802879649592333,0.033311117069561746
0.14688394031554414,0.00752142355035231,0.13936251676519182
0.6198173060971804,0.5391679571624911,0.08064934893468934
-0.3042203210673878,-0.15531641410169167,0.1489039069656961
-0.8316645962616619,-0.6716945777108306,0.15997001855083126
0.8622960812632811,0.6307091994471454,0.23158688181613563
0.9177044765837122,0.7354255460807428,0.1822789305029694
-0.6711656103584349,-0.5843220934188174,0.08684351693961756
0.0041075606301041135,0.08206582998128802,0.0779582693511839
-0.2726282754974802,-0.12649455789005212,0.14613371760742808
0.9779526977041756,0.8277706597459329,0.1501820379582427
-0.5889990678432231,-0.5240491155621492,0.06494995228107392
0.8497730740186639,0.6786539937943181,0.17111908022434574
-0.8621742329510216,-0.62907315717899,0.23310107577203154
0.5747537226197104,0.5149099752851701,0.05984374733454023
-0.34825198688146086,-0.36131195507219144,0.013059968190730575
0.2676564079794581,0.2917428784536064,0.024086470474148303
-0.3919158020152953,-0.594094431240126,0.20217862922483065
-0.9428722139421385,-0.7160244387166033,0.22684777522553523
0.6154513221598973,0.5382712454580133,0.07718007670188398
-0.18991810220668817,-0.23630028342500572,0.04638218121831755
-0.11899319512590502,-0.2316603273523845,0.11266713222647949
-0.08100339263530817,-0.17105330312243067,0.09004991048712249
0.0784040179585063,0.1473310622150348,0.06892704425652851
-0.7744129190407302,-0.6514201834511466,0.12299273558958357
-0.4266968770661269,-0.2613682320824173,0.16532864498370964
-0.3566444409072289,-0.19763245673327992,0.159011984173949
-0.6510856791108038,-0.4436677807655975,0.20741789834520635
-0.9448149692899458,-0.7316599869663655,0.21315498232358032
0.509312666784455,0.32977338735848627,0.1795392794259687
-0.6004116872069697,-0.5289085982750694,0.07150308893190027
-0.417108504208218,-0.2179775089441585,0.1991309952640595
0.38354326139078837,0.3649455216203726,0.01859773977041579
-0.04473532600985507,-0.11373417474711245,0.06899884873725738
0.8832868552312926,0.6548336328434051,0.22845322238788746
0.9481857032653859,0.7236360817409451,0.2245496215244408
0.9042189846438767,0.6483577735346526,0.2558612111092241
0.9116255866022354,0.7615975293374091,0.15002805726482626
0.9504099799992595,0.7436966060223625,0.20671337397689693
0.9465454239893599,0.7281163674137687,0.2184290565755912
0.49198247061726536,0.31047833860894664,0.18150413200831872
-0.8885135397615355,-0.6545817582170979,0.2339317815444376
-0.5048701239313409,-0.390478900653207,0.11439122327813389
0.07590058305082711,-0.11058327441356017,0.18648385746438728
0.5803709697218262,0.38786785235037635,0.19250311737144987
0.4489959104650717,0.43624076541496687,0.012755145050104832
-0.9362538268658325,-0.7073008583513388,0.22895296851449365
0.8699840739732442,0.7112781313483212,0.158705942624923
-0.8587887045774467,-0.755631372060241,0.10315733251720571
0.2926851503154887,0.3007156338323251,0.008030483516836384
-0.8321785067912361,-0.6087343449426732,0.22344416184856286
-0.3079832443121011,0.048904209644026995,0.3568874539561281
0.7284792205084084,0.5125352670946012,0.21594395341380723
-0.10848318178429955,0.10306418057184114,0.2115473623561407
0.7255082984176631,0.49955278100324596,0.2259555174144171
-0.3241197723576435,-0.34131093287260517,0.017191160514961668
-0.08756170652434986,0.06521836553465325,0.15278007205900312
0.6545143942996411,0.6360001355999869,0.018514258699654174
-0.7570509498682237,-0.6596751823599973,0.09737576750822641
0.1866283015377031,0.2241248501805442,0.037496548642841104
0.660200303247354,0.578222706203328,0.08197759704402596
-0.5239022122872119,-0.19508703289906587,0.32881517938814603
-0.6896001234702523,-0.4776564469256231,0.21194367654462926
-0.2929130856319526,-0.3282057655290714,0.03529267989711876
-0.9221093946778951,-0.6962337772456285,0.22587561743226658
0.08133101608568331,-0.013998379757467167,0.09532939584315048
0.4221162543113316,0.24973446883138453,0.17238178547994706
-0.5788705091698624,-0.7068074515375027,0.1279369423676403
-0.2065512486014405,0.004121629532414446,0.21067287813385494
0.21306397465779692,0.07543284958675024,0.1376311250710467
-0.6690106216797772,-0.6444454736634235,0.024565148016353677
0.7179609943862081,0.46518092656233334,0.25278006782387474
0.9427828200951992,0.7296778480415528,0.21310497205364642
0.5421231873528161,0.48698083908529466,0.0551423482675214
0.3124297366782429,0.15722384791546,0.1552058887627829
-0.6467363476639824,-0.5974176814638337,0.049318666200148686
-0.9443291835213395,-0.7284181677985783,0.21591101572276128
0.6958335321848255,0.5854413399328257,0.11039219225199981
-0.1690587773838555,-0.3851313269970295,0.21607254961317401
0.22700846343963949,0.2604210078135525,0.033412544373913
0.4701233776456214,0.2517595366803368,0.2183638409652846
0.829412623032534,0.6032780740334973,0.22613454899903673
-0.919634924614982,-0.6925358869083564,0.22709903770662554
-0.7515221655407258,-0.6326753728903464,0.11884679265037945
-0.1379486746546513,-0.19096384831044397,0.05301517365579267
-0.8848939497415911,-0.7168303194923608,0.16806363024923032
-0.9387335792703607,-0.7103223390240905,0.22841124024627024
0.14350951026260525,0.2389238796331902,0.09541436937058495
0.26473857355752156,0.13141529589374293,0.13332327766377863
0.6958935261620725,0.461094555341866,0.23479897082020645
-0.23062112634504395,-0.0959310096536182,0.13469011669142575
0.25273232595300965,0.11959119056102949,0.13314113539198016
-0.7419223049593642,-0.5168882251798176,0.2250340797795466
-0.9298042677144966,-0.6859244965419473,0.24387977117254933
-0.20490829101955693,-0.06905524620337886,0.13585304481617808
0.8360256005995345,0.6837999573477586,0.1522256432517759
-0.5084700630792348,-0.31932226967339444,0.18914779340584037
0.6255070321808199,0.5432445157005119,0.08226251648030802
-0.9597525653995181,-0.7058270890804754,0.2539254763190427
0.262509930929981,0.2890317667361275,0.026521835806146532
0.5474878210470695,0.49454635298760224,0.052941468059467256
0.9007971409361674,0.7255987450045919,0.1751983959315755
0.8184319424526159,0.5887864589344638,0.22964548351815206
-0.9578622275763697,-0.78058656535654,0.1772756622198297
0.9433147277441462,0.722797153651796,0.22051757409235018
0.29074848739470033,0.15266266239959256,0.13808582499510777
0.13495578021692414,0.1920336105883823,0.057077830371458166
0.9312272431637164,0.7418255504448813,0.1894016927188351
0.31061406206080544,0.31514683609749883,0.004532774036693388
-0.17565556986855616,-0.2242227443194234,0.04856717445086725
-0.8187021642323314,-0.5577368966254044,0.26096526760692706
0.601591306747503,0.2305831281599116,0.37100817858759144
-0.932926513086671,-0.73250301040446,0.20042350268221099
0.9437049973968475,0.7390280248772434,0.20467697251960415
-0.8490116221060532,-0.618411350989578,0.2306002711164752
0.8449594864716915,0.6162314819371145,0.22872800453457698
0.6417067893612843,0.4336974920297847,0.20800929733149964
-0.13001452162412866,-0.01711763841815517,0.11289688320597349
0.9016207792899045,0.656075917542127,0.24554486174777745
-0.25810096887575124,-0.11748450312485563,0.1406164657508956
-0.529257314408552,-0.30628971340643757,0.22296760100211438
0.9403102843045665,0.738303412126158,0.20200687217840851
-0.5513113033490725,-0.6985387557293853,0.14722745238031276
0.2339924164677314,0.2647416035337156,0.03074918706598423
-0.536579069149915,-0.6751167349947893,0.13853766584487426
0.06183788430736134,-0.059775608803202866,0.12161349311056421
-0.7788663474235233,-0.5516081639945728,0.22725818342895054
-0.2973295282272488,-0.14842602469700333,0.14890350353024545
-0.6936216021836962,-0.5985716298964077,0.09504997228728851
0.7322870222631441,0.3745731678434182,0.3577138544197259
0.4077986800669306,0.3895766008797,0.018222079187230622
-0.9556677919814213,-0.7546308657613809,0.20103692622004032
-0.3983604485412245,-0.2232317928099731,0.1751286557312514
0.7626780992686774,0.6606233825049517,0.10205471676372568
0.8430622255319172,0.7405565051139237,0.10250572041799355
-0.7772697026365645,-0.5419480428441822,0.2353216597923823
0.12380030866265052,0.012390805267024635,0.11140950339562589
0.963006687646619,0.7834532825645582,0.17955340508206086
0.15441723008570654,0.2015231937077602,0.04710596362205366
-0.428062799739073,-0.4093026368590987,0.01876016287997434
0.31654394579331935,0.3209426850849854,0.004398739291666065
0.7092820794919821,0.48318448100863154,0.22609759848335054
0.6783521187714359,0.4697810716725781,0.20857104709885776
0.9110489006016136,0.6739877002333285,0.23706120036828504
0.3242139551860821,0.3332058734940491,0.008991918307967028
0.28070702637796363,0.13931674937206134,0.1413902770059023
0.6449306417810644,0.4468442327134229,0.19808640906764152
0.948870988805376,0.7287821899927557,0.22008879881262033
-0.734037162603229,-0.5131532140674859,0.2208839485357431
-0.9540975822249691,-0.8232534815665575,0.13084410065841157
0.8343080668400593,0.6105827170622756,0.2237253497777837
0.8516832996708273,0.6966131263668336,0.15507017330399375
0.721759158877742,0.49285622410901986,0.22890293476872214
-0.31355716339602036,-0.45674965794591227,0.1431924945498919
-0.4524039507405287,-0.43590553586386255,0.016498414876666145
-0.9453858030844133,-0.7266060332499987,0.2187797698344146
0.9473562408123568,0.7431427757605452,0.2042134650518116
-0.025331625816287485,0.07198250756729477,0.09731413338358225
0.7801686514634472,0.5562382054179865,0.22393044604546064
0.9330546810473299,0.7258645341687507,0.20719014687857917
-0.18757360112601038,-0.06629095419595821,0.12128264693005217
0.07184596239118668,-0.0267969408840802,0.09864290327526688
0.917753752025128,0.7322218494989077,0.18553190252622032
-0.6299035661431259,-0.551535842559772,0.07836772358335398
0.482780308155397,0.4522644649103293,0.03051584324506773
0.8196984670839976,0.6882814168222645,0.13141705026173311
-0.4791873827811798,-0.4403495739569746,0.03883780882420518
-0.690038935433991,-0.4773444852111508,0.21269445022284017
-0.7436420459523805,-0.5195465027188894,0.22409554323349112
-0.8629094241937691,-0.6338681074697381,0.22904131672403105
-0.7639238549380313,-0.6281924943166064,0.13573136062142488
0.9314447050074791,0.6987615165712396,0.23268318843623947
-0.4743655235675558,-0.29148244090333597,0.18288308266421982
-0.5539181844007607,-0.5100723994767697,0.04384578492399094
-0.961062478318133,-0.774071062935229,0.18699141538290398
0.5210109870772582,0.48201567499740366,0.03899531207985457
0.5454203986574497,0.48133069657843097,0.06408970207901876
0.7898821666368955,0.7430455242248394,0.046836642412056095
-0.5185706736316965,-0.32967619468695575,0.18889447894474076
-0.4657003347857458,-0.44150210321983696,0.024198231565908834
-0.12132365914832,-0.19197786910545542,0.07065420995713542
-0.4792725810700681,-0.4409254244901796,0.03834715657988852
0.8988059021985733,0.6622617495728679,0.23654415262570538
0.5874511405258301,0.3780060914321765,0.20944504909365363
0.8534941063318691,0.6220554367314701,0.23143866960039894
0.6930749913964835,0.48069463055042955,0.212380360846054
0.8945984955281867,0.7192065503295466,0.1753919451986401
0.6730702589471336,0.7215239408367112,0.04845368188957766
-0.017478460900905685,-0.32205742797561987,0.3045789670747142
-0.7575364416173634,-0.533007837142787,0.22452860447457645
-0.7219323003588932,-0.6185230947218248,0.10340920563706846
0.9306723199329526,0.7254072299108171,0.20526509002213555
-0.9034125190300863,-0.6622243426614918,0.24118817636859458
0.31375754842348963,0.35306791377396807,0.03931036535047844
0.5907924264254779,0.3870816055144317,0.2037108209110462
0.22600717195818779,0.05547915736853973,0.17052801458964806
0.5899392351024291,0.38478346429267724,0.20515577080975184
0.676151445752475,0.6442713909804535,0.03188005477202149
-0.9471564059181955,-0.727169441707735,0.2199869642104605
0.15273088878337562,-0.06497486196320966,0.21770575074658527
0.40771649132491555,0.41611089213964614,0.008394400814730585
-0.9057406788567732,-0.6799414415454234,0.22579923731134988
-0.7654252194718282,-0.5414701321994083,0.22395508727241986
0.8300411205543695,0.6162926469693749,0.2137484735849946
0.120833914332617,0.004785258556748968,0.11604865577586804
-0.7575257090997868,-0.62161597776392,0.1359097313358668
-0.9077368728402728,-0.6825496064775066,0.2251872663627662
0.44675102147464174,0.41813548189757277,0.02861553957706897
-0.96218601629044,-0.7726225460441095,0.18956347024633047
-0.9353094292197991,-0.7526872615296805,0.18262216769011863
0.43273905263915363,0.2595081838543844,0.17323086878476923
-0.6289500772344702,-0.556284510351146,0.07266556688332415
0.7115667772465694,0.4938091804135838,0.21775759683298557
-0.9407999497464558,-0.7162342807026308,0.2245656690438249
-0.9656063741224827,-0.7584911310420192,0.20711524308046358
-0.6935756321387959,-0.5931287084019421,0.10044692373685382
-0.8736473853221063,-0.6363144262654419,0.2373329590566644
0.5346454611511383,0.4808847056206891,0.053760755530449233
0.18542922997393071,-0.1604119720176161,0.3458412019915468
0.8476448983914598,0.6923271845785824,0.1553177138128774
-0.6175583990345198,-0.4095628641187758,0.20799553491574402
0.020869354768746316,0.17271375646162243,0.1518444016928761
0.5938184952813124,0.527936527186174,0.06588196809513835
0.42006516313199094,0.18009759089059033,0.2399675722414006
-0.2814965997696505,-0.13293830432435708,0.14855829544529345
0.7242897654641459,0.6155022456282778,0.1087875198358681
0.8604996163896586,0.6053450225529634,0.25515459383669514
-0.9418158168665375,-0.7202731432713192,0.2215426735952183
0.9460591283146926,0.7261289702740475,0.21993015804064509
0.6814436817558516,0.46905607383927805,0.21238760791657352
-0.21160682644542125,-0.0788848848535836,0.13272194159183764
-0.5962640864129897,-0.36570333415276673,0.23056075226022293
0.49488272539969574,0.29192222214917607,0.20296050325051967
0.6978068020262388,0.4795515237805207,0.2182552782457181
-0.3296720134719059,-0.33927440821408555,0.009602394742179665
-0.824364797477257,-0.5940789757617745,0.2302858217154825
0.7450190904949473,0.6239156413515248,0.12110344914342253
0.7060485563279539,0.45312255433589993,0.252926001992054
0.9001994240542671,0.7894671318010779,0.11073229225318926
-0.9346930505595182,-0.7275583027605856,0.2071347477989326
-0.9479075836755806,-0.7350265907585034,0.21288099291707718
0.9433286908462182,0.7246611705187679,0.2186675203274503
-0.14559226292982216,-0.02253108617480713,0.12306117675501503
0.8461755006061059,0.7003901328251932,0.14578536778091267
-0.7953983067040846,-0.6607121211122402,0.13468618559184442
-0.8885858734330665,-0.7088563314462808,0.1797295419867857
0.9389087674957779,0.737717688283816,0.2011910792119619
-0.9026251595338728,-0.6849297665497681,0.21769539298410467
-0.9188554023683481,-0.7347438377062522,0.18411156466209588
0.6622369336418299,0.4139145346902588,0.2483223989515711
-0.055340936783678525,0.1102618369045145,0.16560277368819304
0.5610662584407673,0.35138835321264233,0.20967790522812496
-0.7972272426235721,-0.659972034843104,0.13725520778046818
0.12436794059430707,0.03624972288145649,0.08811821771285058
-0.9657728631469761,-0.7833767892212125,0.18239607392576362
0.8143425550042867,0.6742183206417489,0.14012423436253774
-0.37620414528371887,-0.38454591806850247,0.008341772784783597
0.7283610348594696,0.6861612930299869,0.04219974182948272
0.11613391342077177,0.40252763403835656,0.2863937206175848
0.4699457863774966,0.4514744872614267,0.018471299116069928
-0.49574455794216676,-0.30224218877351244,0.19350236916865432
0.7616125583740356,0.5367868764046034,0.2248256819694322
0.4788214865733086,0.29649601833856354,0.18232546823474505
0.6529033826877558,0.45502763523673084,0.19787574745102499
-0.10229567137615882,-0.21673174014775587,0.11443606877159705
0.9480479342485926,0.8128876857369064,0.13516024851168618
-0.035673933757593826,-0.30725601779988565,0.27158208404229184
-0.5364385087381,-0.34909848790300474,0.1873400208350952
0.26118406887115225,0.10298815537505733,0.1581959134960949
0.17373465995018722,0.036629469094947804,0.13710519085523942
-0.26910921640363733,-0.11791885076176356,0.15119036564187377
0.8092845637437861,0.5904286566647008,0.2188559070790853
0.9439734809058654,0.7381797772130202,0.20579370369284522
-0.30436785596579,-0.15167769143457327,0.15269016453121675
-0.6696390873861491,-0.44940486631624105,0.22023422106990803
0.20497485550304398,0.0760230994995023,0.1289517560035417
0.9429436631992116,0.735193491390173,0.20775017180903865
-0.9351258333271821,-0.707189367307488,0.22793646601969408
0.7034138884555379,0.4531437851107332,0.25027010334480465
-0.2110788180345599,-0.24030328660519693,0.029224468570637013
0.8238632265999052,0.684373602315328,0.13948962428457723
-0.9057777379516728,-0.7461138417840365,0.15966389616763632
-0.6220186873607545,-0.41537302114542396,0.20664566621533054
0.8846045663425591,0.7714300756217252,0.11317449072083396
-0.48370587720566205,-0.2979905355190703,0.18571534168659176
0.5495688807735302,0.3567248261472174,0.19284405462631277
-0.44108149544768277,-0.42875728362565246,0.012324211822030307
-0.7794721919242283,-0.5649019647983364,0.2145702271258919
-0.34052338168073504,-0.3431819534668857,0.002658571786150643
-0.7657494337190385,-0.6248476925405736,0.14090174117846488
0.4603675442902424,0.4198762086861023,0.04049133560414009
-0.9404143953970732,-0.7314830700929503,0.20893132530412284
-0.44707876150225107,-0.27350958097318556,0.1735691805290655
0.13824594556038858,-0.10340605323551624,0.24165199879590482
-0.18161335167245365,-0.0500209302232943,0.13159242144915936
-0.3998720901412068,-0.39086246264128655,0.009009627499920236
0.8805091931517633,0.6546073764321102,0.22590181671965315
-0.7519570116289773,-0.630558611592684,0.12139840003629332
0.668663886307841,0.46004579518501226,0.20861809112282875
-0.7487353307220964,-0.5270844165270568,0.22165091419503957
-0.7820796808320235,-0.7144625253931677,0.06761715543885582
-0.7850837497327244,-0.5618419338838475,0.22324181584887692
-0.716628565012165,-0.6070307453093712,0.10959781970279381
0.10366305925877288,0.17622817068948093,0.07256511143070805
-0.742589841494761,-0.5189222721182772,0.2236675693764838
0.5583308445055463,0.3675782734487928,0.19075257105675347
0.1074604868986786,0.1683835195267424,0.06092303262806381
0.8597347916967516,0.7078160693125858,0.15191872238416582
-0.540742399973496,-0.4839671067835194,0.05677529318997665
0.7099085615337055,0.6252139228602858,0.08469463867341975
-0.8377167501175746,-0.688403918687321,0.14931283143025365
0.932273135331216,0.6959344837937117,0.23633865153750433
-0.9442896771983346,-0.7151950099382013,0.22909466726013328
-0.9031926276494101,-0.5960693359330992,0.3071232917163109
0.7824742645180705,0.6647868712793518,0.11768739323871868
-0.9058098616138901,-0.6931833938902344,0.21262646772365568
-0.9377399893043273,-0.7375107657915493,0.20022922351277805
0.7701233442951603,0.5431948963168796,0.2269284479782807
0.927169574722862,0.7193400413860969,0.20782953333676513
-0.18617586108837528,-0.06304782531088399,0.12312803577749129
-0.4172316021172757,-0.39976067529875403,0.017470926818521693
0.2047633340529519,0.22629836104527157,0.021535026992319656
0.6275011636662865,0.5530468969218556,0.0744542667444309
-0.876468099050725,-0.7681437039330538,0.10832439511767122
-0.8136277905919692,-0.6743042578930553,0.13932353269891395
-0.5722937134305968,-0.3694135932321766,0.20288012019842017
0.5486411615537874,0.6292921279190137,0.08065096636522628
0.943599811403556,0.7160216340806461,0.22757817732290986
0.9149331643362653,0.6870044702650725,0.22792869407119276
0.037203018908081094,-0.05642294186738286,0.09362596077546395
0.5582535912582544,0.36886260225641054,0.1893909890018438
-0.2446859111773387,-0.27454827162247947,0.029862360445140762
-0.543148885502717,-0.48147459640972506,0.06167428909299194
0.803805946972671,0.6784707293935235,0.12533521757914756
-0.7684856059991003,-0.5440974323212664,0.22438817367783392
0.8851736288187603,0.7117090017560852,0.17346462706267507
-0.9303130571773807,-0.759889126612428,0.17042393056495264
-0.038679761083533847,0.20848830984151018,0.24716807092504403
-0.9177531448262998,-0.7195214836930088,0.19823166113329094
0.24634685086241534,0.10498608112699319,0.14136076973542216
0.9229001173031619,0.7349335475832633,0.18796656971989856
0.9483861169823142,0.7264408139461783,0.2219453030361359
0.9140644647881669,0.6765505096586032,0.23751395512956375
0.6840339616051863,0.6167468792853198,0.06728708231986646
0.012092216606525125,0.09906181217414416,0.08696959556761903
-0.3770883080058094,-0.36735078181078645,0.009737526195022939
0.6891566823481518,0.6045351980942555,0.08462148425389626
-0.9405708056886555,-0.7314205466203838,0.20915025906827167
0.38473809363247163,0.13036007073930603,0.2543780228931656
-0.5447878653909746,-0.49414557636822243,0.05064228902275214
0.9594915193187944,0.8022431823521128,0.1572483369666816
0.9713983862926848,0.8180831299641865,0.1533152563284983
-0.31938225532728476,-0.3269014356665549,0.007519180339270126
0.8805726710866986,0.7264489396635744,0.1541237314231242
-0.9427572689288305,-0.7239495438587062,0.21880772507012425
0.3656341957383937,0.5799107598183555,0.21427656407996182
0.16047304187141959,0.02865434951259262,0.13181869235882696
0.11820273967199207,0.24674905719734097,0.1285463175253489
-0.9351134648572246,-0.7508437481016799,0.1842697167555447
0.02144476286244228,0.10297819453765818,0.0815334316752159
-0.3281101508416145,-0.3250863375525694,0.0030238132890451075
0.9267315486165744,0.7256187304081243,0.20111281820845006
0.87576949224115,0.7606749377864399,0.11509455445471006
-0.9191928637510817,-0.7317543663511996,0.18743849739988205
0.947943217455811,0.784376533256102,0.163566684199709
-0.30923750947603523,-0.14929437559080655,0.15994313388522868
-0.2960919042620789,-0.47997002677689,0.18387812251481112
-0.34499011186279327,-0.4177698857640514,0.07277977390125812
0.3090540943611829,0.32402546695335366,0.01497137259217074
-0.3584098778384926,-0.19575598690088064,0.16265389093761196
-0.83439676447142,-0.6649522499669115,0.16944451450450848
-0.250810308630049,-0.2672553367858281,0.016445028155779084
-0.8394240728663338,-0.69883492945439,0.14058914341194384
0.9473131426489699,0.7340854844109411,0.2132276582380288
-0.7525287230811731,-0.6265935116113592,0.1259352114698139
-0.5900811029577785,-0.6958066090563565,0.105725506098578
-0.6650783380860001,-0.4432212236517171,0.22185711443428302
0.9107635200045118,0.719647716775281,0.19111580322923072
0.6418545410895142,0.5655509832625296,0.07630355782698461
-0.9023595926448338,-0.667968244687839,0.2343913479569948
0.8288302442607096,0.596750646297788,0.23207959796292166
0.7212229756211408,0.6946633883291687,0.026559587291972053
-0.7683384234273412,-0.41999010860439173,0.3483483148229494
-0.058828952010611266,0.033749050915014345,0.09257800292562561
0.029008969729367073,-0.06759340192860662,0.0966023716579737
-0.9286152613392008,-0.726621691877457,0.20199356946174385
0.3443848844733648,0.3539094838874258,0.00952459941406103
-0.1913636993553017,-0.06641765787409762,0.12494604148120408
-0.8359899833848047,-0.7278304693705303,0.10815951401427437
0.5289685219822919,0.4905271581843547,0.03844136379793722
0.37151738593062433,0.21087196432559865,0.16064542160502568
-0.33952494688745455,-0.3609251079185567,0.02140016103110215
-0.16270170575629883,-0.030362869072591465,0.13233883668370736
-0.7700985687677395,-0.49286408146312133,0.2772344873046182
-0.1560476393113306,-0.21266851104403922,0.05662087173270863
-0.4008537187044515,-0.2008627935852394,0.19999092511921213
-0.9389214292321626,-0.7291510060689553,0.20977042316320726
0.5738724224599496,0.7068455646413032,0.1329731421813536
0.4233990160529817,0.40751862282449636,0.015880393228485334
0.015203088244812911,-0.07184560658089982,0.08704869482571273
0.877215584812155,0.718826753355582,0.158388831456573
-0.07700320577477816,-0.14551223952164416,0.068509033746866
-0.7842275569785229,-0.75506918550925,0.029158371469272915
0.6419562087849424,0.5495343278905747,0.09242188089436776
0.3264022851516387,0.1758561691546273,0.15054611599701143
-0.8610936506029757,-0.7082725771143885,0.1528210734885872
0.23491201975630316,0.25920679968266896,0.024294779926365806
0.8597596360694411,0.7045381172486307,0.15522151882081037
-0.9509660837163316,-0.7484174220377005,0.20254866167863117
0.393373514298445,0.3852390960135501,0.008134418284894918
0.9302598843567456,0.7108286268250407,0.2194312575317049
0.9018552987601018,0.7277234410062025,0.1741318577538994
0.769794578490831,0.6412614406629721,0.1285331378278589
-0.9504220451564486,-0.6742662763470304,0.27615576880941817
0.633577505768731,0.33054627766640465,0.3030312281023263
-0.37822384345622834,-0.3713295342282763,0.0068943092279520335
-0.9334210418828796,-0.7406238122551787,0.19279722962770085
-0.9024801518495743,-0.7339450589328371,0.16853509291673718
0.908489991656684,0.7311701376728128,0.17731985398387118
-0.9021258562601054,-0.6845952808166679,0.21753057544343757
-0.2581626420807612,-0.28928414803412145,0.031121505953360273
-0.12288666144991021,-0.20122981306315801,0.0783431516132478
0.7527899082088916,0.6327515033959797,0.12003840481291184
0.8820393858572295,0.6429757853707809,0.2390636004864486
-0.7119299034299099,-0.49619329694585323,0.21573660648405668
0.7047874175516751,0.6641893880948837,0.04059802945679136
0.9463003329409281,0.7339136364403495,0.21238669650057862
0.32514471072336576,0.16594549370113595,0.1591992170222298
0.19406708466658887,0.2329216297387029,0.03885454507211403
0.2927322695385325,0.2865164347068968,0.00621583483163568
-0.8861180248030156,-0.779220570658873,0.10689745414414265
-0.837989820999582,-0.6803149300087621,0.15767489099081988
0.9373261197749961,0.7258979115781153,0.2114282081968808
-0.8681280412008243,-0.7026550100642316,0.16547303113659273
-0.5980110689010335,-0.39911594642212794,0.19889512247890556
0.7049286519957101,0.4837742648363459,0.2211543871593642
-0.9072878808767997,-0.7218544988244073,0.18543338205239235
0.6977432165867158,0.6214968984985834,0.07624631808813243
-0.7897465305921971,-0.5203722441666013,0.2693742864255958
0.8724841343507151,0.6378940605209479,0.23459007382976726
-0.06498152274716651,-0.16412268904608074,0.09914116629891423
-0.9456123874407125,-0.7322140145983881,0.21339837284232444
0.8544584502122441,0.6272537447668626,0.22720470544538152
0.9536880903576118,0.7534347921123997,0.2002532982452121
-0.9328480026798172,-0.7074276009222973,0.22542040175751987
-0.9086907899076242,-0.7268575862255565,0.18183320368206768
-0.31866151341804166,-0.32371183658938335,0.005050323171341686
0.40697157778191945,0.24032149788162208,0.16665007990029737
0.8874191869115615,0.6556080135213709,0.23181117339019064
-0.04231095001139713,-0.1216095554538162,0.07929860544241907
0.010711550162249717,0.09553029133880317,0.08481874117655346
-0.88906539307833,-0.7240750088331641,0.16499038424516588
0.9424104069853432,0.7219577230322539,0.22045268395308926
-0.9442111579026115,-0.7197242608824959,0.2244868970201156
0.5897486716550264,0.38859919872226034,0.20114947293276608
-0.721885312894731,-0.5014930763787987,0.22039223651593232
-0.964214645581388,-0.836070191324569,0.12814445425681908
0.7499727457450662,0.5263123991722354,0.22366034657283085
-0.05664835573580069,-0.1169690404024418,0.06032068466664111
0.31106229110796735,0.1550104008991477,0.15605189020881965
0.4940655707275912,0.308784154313352,0.18528141641423923
-0.05929955214090142,-0.13264808657822857,0.07334853443732715
-0.6685192242984155,-0.44752247546803325,0.22099674883038223
-0.042031252552942516,-0.13116700129347747,0.08913574874053495
-0.12912314240855807,-0.01292033566413726,0.11620280674442081
-0.9072558069553905,-0.7169401282037493,0.19031567875164124
-0.8701424962139659,-0.6447984106463424,0.22534408556762353
0.16218228591458894,-0.1771348754186916,0.33931716133328055
0.16263660339273842,0.21828817128308745,0.05565156789034903
0.2173513603164695,0.25195909169892744,0.03460773138245793
-0.20440189790936134,-0.07621380778713763,0.1281880901222237
-0.6980926935423105,-0.41852195375050877,0.27957073979180175
-0.9361869056538777,-0.6949008184624347,0.24128608719144307
-0.897799400086863,-0.7167490424483791,0.18105035763848387
-0.6695599157495558,-0.5857908210128786,0.08376909473667715
0.5774963568854387,0.5200180145191813,0.05747834236625737
0.6437550329419695,0.5312161818035694,0.11253885113840001
-0.5441938169345968,-0.495180958588318,0.049012858346278776
0.7324011430150751,0.562630877170891,0.1697702658441841
0.770568840564636,0.6339088364168707,0.13666000414776536
0.7982825664885586,0.5724545493936483,0.2258280170949103
0.8625510035550221,0.6979544353154893,0.16459656823953284
0.6774409822482736,0.5937552327179946,0.08368574953027907
-0.02563697362972719,0.05264877338228842,0.07828574701201561
-0.7770414228679586,-0.6412993499383353,0.13574207292962337
-0.5710246420941092,-0.5125980878431126,0.05842655425099663
-0.6965476495017552,-0.6025859648027342,0.093961684699021
0.6315281804607291,0.41167921679331004,0.21984896366741907
-0.9630156661261744,-0.8263754491608327,0.13664021696534168
0.9676236325796514,0.7947017901944532,0.17292184238519825
0.5114019286071857,0.46353745711699534,0.04786447149019035
0.9464394923418258,0.7286467048015974,0.21779278754022835
0.24566176998920386,-0.025420057843365946,0.2710818278325698
-0.479476857041032,-0.29342675464359624,0.18605010239743575
-0.9389212203041277,-0.7007258516077582,0.23819536869636948
-0.7117498858031533,-0.6057246221994945,0.10602526360365883
-0.3835945239543114,-0.22456235455908657,0.1590321693952248
-0.8312372536436504,-0.6928612170185339,0.13837603662511655
-0.8303385247508156,-0.5969790119838593,0.23335951276695632
0.04421171524989145,0.12441829240816658,0.08020657715827513
-0.868464215486723,-0.7129265528017333,0.1555376626849897
0.8028041106905729,0.5720174795780728,0.23078663111250008
0.944569656941458,0.714727766852365,0.22984189008909295
0.5316270996808716,0.34162474955050964,0.19000235013036199
0.3353539956090945,0.3676410777615459,0.03228708215245141
0.26393168862928107,0.06095580768755247,0.2029758809417286
-0.5786525485555816,-0.6449123269837146,0.06625977842813302
0.796290819010299,0.6696920275457269,0.1265987914645721
-0.9033398533928998,-0.7837932374532226,0.11954661593967719
0.2632220834055073,0.1253161405280225,0.13790594287748478
-0.7641511217684834,-0.6232824389740956,0.1408686827943878
-0.09169319952466357,0.09833793921374785,0.19003113873841143
0.5649702461834881,0.25553722340996404,0.3094330227735241
0.54966390215145,0.4311956499607613,0.11846825219068868
0.5368711019628807,0.3304021195448323,0.2064689824180484
-0.872831361750844,-0.7076379022676977,0.16519345948314623
0.6920864919450215,0.6014419180191912,0.09064457392583025
0.22717231238020943,0.4929015773943497,0.2657292650141403
0.2149841757848137,0.24161324830385808,0.026629072519044367
0.5625149767954863,0.5440632551271568,0.018451721668329535
-0.9348328462002308,-0.7157165002001862,0.2191163460000446
-0.9148811326718052,-0.7298523302802061,0.18502880239159902
-0.3170576785244546,-0.16246639374793584,0.15459128477651876
0.7391392535378373,0.5187631986362443,0.22037605490159295
0.9268904860192791,0.69230400943532,0.23458647658395915
0.9483549124644866,0.7276012744840771,0.22075363798040948
-0.03968520338815581,0.10255797034378603,0.14224317373194184
-0.004272780296809237,-0.0996998206952767,0.09542704039846747
-0.7756255226110503,-0.5410619067029284,0.23456361590812191
0.407929931588149,0.3934374093531361,0.014492522235012906
-0.368184654313878,-0.4392603503481638,0.07107569603428582
-0.9142753653793064,-0.7789389498774523,0.13533641550185416
-0.20791703157352426,0.11613286149250011,0.3240498930660244
0.18585178385143425,0.05623687496151726,0.129614908889917
0.5532187473326912,0.3602363217524753,0.1929824255802159
-0.22196054022269215,-0.46785302724154915,0.245892487018857
-0.22675526011280175,-0.031318572157629204,0.19543668795517255
0.6248104030726416,0.6304999404720927,0.005689537399451106
-0.8382678149152425,-0.6910139255078273,0.14725388940741524
-0.8042557859463659,-0.5666486271878663,0.23760715875849958
0.3433858262402609,0.18479391336143258,0.15859191287882834
-0.9406771068083278,-0.7214093703168604,0.21926773649146747
-0.7104360694791316,-0.5975003719805746,0.11293569749855703
-0.9574376780587017,-0.7419431579668107,0.21549452009189107
-0.4397079088032994,-0.42218447658614466,0.017523432217154744
0.6714766199876488,0.5819536410602285,0.08952297892742034
0.7765877838130216,0.6463866959628852,0.1302010878501364
-0.8660420594912218,-0.6375135413438576,0.2285285181473642
0.1317498316600465,0.017315338798697802,0.1144344928613487
0.6389861380683707,0.43959980575203716,0.19938633231633351
-0.9749407267152366,-0.8220214518153485,0.1529192748998881
0.946914931103898,0.7273081354007631,0.2196067957031349
-0.7080304755873483,-0.49216864964178936,0.21586182594555897
0.30012858650857416,0.30499736769788566,0.0048687811893115
0.35044890978031057,0.35569079109959856,0.005241881319287989
0.9403565520890936,0.7352183354953671,0.20513821659372655
0.2671486276757265,0.11148425750676912,0.1556643701689574
-0.866504174844025,-0.7017117345853321,0.16479244025869288
-0.7346881973958239,-0.5096684636898149,0.22501973370600903
-0.6903042190160396,-0.6711905564967042,0.019113662519335328
-0.8270668145176289,-0.6805430096444056,0.14652380487322325
-0.9375967493777582,-0.7244353050591392,0.21316144431861894
-0.4073473185223853,-0.24060807014670055,0.16673924837568477
-0.6405334904816666,-0.564011251540846,0.07652223894082066
-0.5584379918462942,-0.37156114530458106,0.1868768465417131
-0.24361444535876642,-0.27581752977141405,0.03220308441264763
0.1149478611589132,0.008595156539829422,0.10635270461908378
0.8707159725945207,0.6452705136959082,0.22544545889861256
-0.8827906145997673,-0.655128511867524,0.2276621027322433
0.10964991738365985,-0.019596443430081868,0.12924636081374172
-0.0980125750938453,-0.2435273039427112,0.1455147288488659
-0.31994168866455996,-0.15548518108675521,0.16445650757780475
-0.673309927273119,-0.4645533684780486,0.20875655879507038
-0.9281539792608837,-0.7010496607517603,0.22710431850912338
0.7714663404680081,0.5476035356713429,0.2238628047966652
0.9524525866620586,0.7581382123660356,0.19431437429602294
-0.8198683150193039,-0.5914936147996843,0.2283747002196196
0.12487242462642459,0.18266593156912161,0.057793506942697026
0.94852415360298,0.7146538901247512,0.2338702634782288
-0.9555919044619132,-0.7550619670734116,0.20052993738850167
-0.6002337160681223,-0.3984672309959755,0.20176648507214678
-0.48143190319618334,-0.4581519432516174,0.023279959944565942
-0.34358575910523187,-0.17632454748970175,0.16726121161553012
0.5353529978921445,0.3470874263441072,0.1882655715480373
-0.6951362195520817,-0.6003698536308351,0.09476636592124665
-0.3553054885111081,-0.35222026478638513,0.003085223724722974
0.8361833759039095,0.6037894397512507,0.2323939361526588
-0.48772257012707293,-0.14025472849222773,0.34746784163484523
-0.28611547644157687,-0.3117354468077568,0.02561997036617991
0.5985234337159289,0.3952672180860848,0.20325621562984408
0.5824685393465465,0.5366526376001995,0.045815901746346976
0.9449672830778225,0.7389576223523926,0.20600966072542992
0.8406170106077561,0.6116903252802988,0.2289266853274573
-0.9339587513138928,-0.7783380524086952,0.15562069890519759
0.7607405721788415,0.7240062489745531,0.03673432320428838
0.059517931051111805,-0.04950971483969197,0.10902764589080377
-0.029193333338556574,-0.19470492567111522,0.16551159233255863
-0.09782015381510391,-0.1657795724754237,0.06795941866031978
-0.9481982407872206,-0.734916440260946,0.21328180052627455
-0.8860199170269916,-0.6372223961300705,0.2487975208969211
0.5503647030431145,0.23188988353873752,0.31847481950437695
0.9164952048809006,0.6883090963442277,0.22818610853667298
0.03320898792465823,0.1102396307743134,0.07703064284965516
-0.6665322448609572,-0.5787035608413724,0.08782868401958477
0.0005628107201755707,-0.30103256611856044,0.301595376838736
-0.8235632727722845,-0.5991129320446628,0.2244503407276217
0.007870501197573853,0.11647308613881655,0.1086025849412427
-0.9480363371260943,-0.7283622366811772,0.2196741004449171
-0.1421640405481487,-0.19694946524754278,0.05478542469939407
0.947355570282892,0.7421889627210562,0.2051666075618358
-0.8164845978968663,-0.5899173915115324,0.2265672063853339
-0.4643231787998374,-0.167176170595176,0.29714700820466144
-0.6820889296606699,-0.4738908775686611,0.2081980520920088
-0.576400457930587,-0.6587890167020741,0.0823885587714871
-0.38451393594734407,-0.37232286203092735,0.012191073916416717
-0.9434954959173839,-0.7273488565815993,0.2161466393357846
0.3952384524096881,0.3750555932061091,0.020182859203578984
0.8779879003407591,0.6452741811612114,0.23271371917954775
0.7518490821059132,0.7452799367104179,0.006569145395495246
-0.8703391898205148,-0.6308601379141147,0.23947905190640018
0.7667258523743795,0.5492465291826991,0.2174793231916804
0.8290336183238264,0.5922582575543816,0.23677536076944483
0.9688558264052342,0.7267614258756612,0.24209440052957298
-0.5100980183023158,-0.46715456188246435,0.04294345641985148
-0.09181729282906714,0.01950208189399293,0.11131937472306007
0.8962414795598234,0.7351501149373524,0.16109136462247098
0.31117878124625187,0.31639097818023143,0.005212196933979563
-0.29600063979168356,-0.3116175302290124,0.015616890437328834
0.8268031661655231,0.5954804596844114,0.23132270648111164
-0.465896300569538,-0.28428660011378293,0.18160970045575509
0.8271358198340709,0.6827528541090546,0.1443829657250163
-0.8163443211588918,-0.6703565353806494,0.14598778577824234
-0.9380069287398722,-0.7284028113811853,0.2096041173586869
0.18440995838433358,0.22162329102851025,0.03721333264417667
0.06449591229073437,0.1315256270930976,0.06702971480236322
0.9469634754610942,0.7267098959474684,0.22025357951362579
-0.9484977413954699,-0.7417858830957186,0.20671185829975136
-0.9467910421280281,-0.7301549915901588,0.21663605053786927
-0.941687953429807,-0.7174158903015257,0.2242720631282813
0.7580468999927479,0.5274767502232082,0.2305701497695397
0.9032740130014411,0.721813359154946,0.181460653846495
0.8298326340799135,0.6537595961470252,0.1760730379328883
0.9189973984046711,0.7206163709832804,0.19838102742139074
0.10020035329581344,-0.020358193578840958,0.1205585468746544
-0.3661722594149441,-0.12502485846159936,0.24114740095334472
0.11722746406155227,-0.044272877435411744,0.16150034149696402
0.9377288599051263,0.7108321180954361,0.22689674180969022
0.8979011516458626,0.662830082424962,0.2350710692209006
0.7524390826077374,0.4018436408204056,0.3505954417873318
0.9363005845370896,0.7296412709143582,0.2066593136227315
-0.9467363058871052,-0.7284530131700923,0.21828329271701297
-0.033019755369608744,-0.11934644653155788,0.08632669116194913
-0.9379284774694535,-0.7105970593995878,0.22733141806986568
-0.2857756114856185,-0.1356056305404072,0.15016998094521128
-0.941020366677238,-0.7220851326320957,0.21893523404514226
-0.3087976707759532,-0.30838228497850817,0.0004153857974450448
-0.9327199662561003,-0.7114737788147457,0.2212461874413546
0.012471753342963039,0.09820272815702344,0.0857309748140604
0.8056121860827182,0.5796218053740694,0.22599038070864885
-0.9439938880846733,-0.7494784934368135,0.19451539464785983
-0.05004791204263312,-0.12233725125228867,0.07228933920965555
0.03901215938032745,0.11295209285801856,0.07393993347769112
-0.4876070709354975,-0.3016185426196862,0.1859885283158113
-0.23947234412333526,-0.1063470620285714,0.13312528209476387
0.5664186656474908,0.36402114950986514,0.20239751613762563
0.860203964920397,0.6923838050791828,0.16782015984121412
0.42301428110801786,0.2537816594273091,0.16923262168070874
-0.8679010181879419,-0.7706079548653283,0.09729306332261356
-0.46919074339260686,-0.2988575002921025,0.17033324310050435
-0.9417229579532937,-0.7160220589696149,0.22570089898367884
0.4258384089780353,0.4335898140680021,0.007751405089966801
-0.8525634724543871,-0.6982096381126227,0.15435383434176442
0.67437213850122,0.406446689204969,0.267925449296251
0.7995519463878131,0.7185944813695356,0.0809574650182775
0.22619237379965138,0.012326349966996629,0.21386602383265474
0.8758850088911122,0.6411762327025224,0.23470877618858976
-0.6721861312873677,-0.5786706579146684,0.09351547337269928
0.7671937549510137,0.6455384055707667,0.12165534938024702
-0.618111079052163,-0.40817447838246246,0.20993660066970055
-0.9249354044224223,-0.6807012337552683,0.24423417066715403
-0.4947753826931254,-0.3127354978164696,0.1820398848766558
0.2897851450815868,0.12540129661684282,0.164383848464744
-0.22720352661742763,-0.26082674562762365,0.03362321901019602
-0.5403668511764242,-0.49590695544878155,0.044459895727642695
-0.6859668707169612,-0.5906706255993014,0.09529624511765977
0.7709566732370013,0.6412457823964333,0.12971089084056808
-0.8551538323993984,-0.6003904625999553,0.25476336979944303
-0.8840395967957274,-0.6500507578528594,0.23398883894286804
0.010979131639292875,-0.07073996642244208,0.08171909806173495
0.9730991635179869,0.7542974781988998,0.21880168531908706
-0.9238496053006428,-0.70033229758212,0.22351730771852274
0.437320182938431,0.41555934180911214,0.021760841129318864
0.328961280798251,0.17731810793599562,0.15164317286225537
-0.8069539069438982,-0.575892523073158,0.23106138387074027
0.9515590972531999,0.7213803619183405,0.23017873533485933
-0.21706628655212967,-0.2523384535958722,0.03527216704374253
-0.19517319370243236,-0.23323212251310213,0.03805892881066977
-0.39541456684438486,-0.22472171123298773,0.17069285561139713
-0.49173878752750266,-0.2933734254401388,0.19836536208736388
0.7182125042947137,0.6092872597614487,0.10892524453326502
-0.9342936656769676,-0.734054188429777,0.2002394772471906
-0.8811567425843132,-0.7149918920922649,0.16616485049204832
0.9467917324170384,0.7263165500089106,0.2204751824081278
0.8542768998527062,0.6890779542191405,0.16519894563356563
-0.32270186011384533,-0.3642471764676219,0.04154531635377656
-0.39146524642395525,-0.1537407411707594,0.23772450525319586
0.064538467236355,-0.05103806930051397,0.11557653653686897
0.9347844410298413,0.7467423038994077,0.1880421371304336
0.3209289251274836,0.16600514037634445,0.15492378475113916
0.6074755437227499,0.5383400572231885,0.06913548649956147
-0.20413685504105317,-0.06950097683407729,0.13463587820697587
-0.6208008865732284,-0.5180671403361778,0.10273374623705056
0.7087310475472306,0.6061659785054251,0.10256506904180551
-0.185893114653993,-0.06863443890681346,0.11725867574717953
0.9481260269291635,0.7286836965070782,0.21944233042208527
0.09380355745523153,-0.013125123847654427,0.10692868130288595
-0.6976136558861216,-0.4851840328105334,0.21242962307558816
-0.10631917631385365,0.006317499366009737,0.1126366756798634
0.8579381460235888,0.6871213215826308,0.17081682444095792
-0.6437603116669177,-0.5648528458789679,0.07890746578794983
-0.32223615463060623,0.00619977294894384,0.3284359275795501
0.8943588696822151,0.669517634278318,0.2248412354038971
-0.8286970091062794,-0.6834123574307354,0.14528465167554405
-0.1289851812723725,-0.18623473709398408,0.05724955582161159
-0.5192557231367476,-0.6245069798694565,0.10525125673270885
0.9182055246383359,0.692156256157382,0.22604926848095397
0.4143775729652998,0.38908737336593585,0.02529019959936396
-0.635657698043637,-0.42326859702121233,0.2123891010224247
-0.6317298434282999,-0.4301763502379159,0.20155349319038396
0.29585814701619706,0.1425488710183804,0.15330927599781666
-0.10873340963805579,-0.003332389164261186,0.1054010204737946
0.8809450761999478,0.7137616715606587,0.16718340463928905
-0.5925002377915515,-0.3951750435207999,0.19732519427075157
0.39199430133442487,0.23165484086070084,0.16033946047372402
0.7857967656856149,0.6519369094051587,0.13385985628045616
0.7863010435414483,0.5628735765358042,0.2234274670056441
0.7467418758358656,0.5303790721418863,0.2163628036939793
-0.5134046906043915,-0.32523093330843406,0.18817375729595748
-0.10869125775319773,-0.1744565095385848,0.06576525178538707
-0.2860293857609878,-0.30880140532425787,0.022772019563270074
-0.7206736043299004,-0.5776374962580989,0.14303610807180145
0.490840216896748,0.29899925528480065,0.19184096161194736
0.9263747694605298,0.6970491519949871,0.2293256174655427
0.7725644979392042,0.5455678204217138,0.22699667751749042
0.10038622080585634,-0.14507428026415625,0.2454605010700126
-0.06933280166852561,-0.15960030980865209,0.09026750814012648
-0.8673028589587449,-0.6381282968732794,0.2291745620854655
-0.44621705734843364,-0.1423265620832664,0.3038904952651672
0.8677854108715616,0.6378849731566782,0.22990043771488333
-0.9358268555119575,-0.7414246800777023,0.1944021754342552
-0.6422792750116408,-0.5785095595002194,0.06376971551142141
-0.9515242161748969,-0.7473707660118742,0.20415345016302267
0.016992656405770523,-0.07129037460011706,0.08828303100588758
-0.8313712667962674,-0.520814003872996,0.31055726292327135
0.23522800503610972,0.10354462712609701,0.13168337791001272
-0.2574953812736167,-0.28310468820792534,0.02560930693430863
0.6571998171689548,0.5643771001910821,0.0928227169778727
-0.7743215954363792,-0.5464168258091255,0.2279047696272537
0.20239771185145905,0.0707312594709919,0.13166645238046715
0.08447095139092052,0.341234486528091,0.2567635351371705
-0.6970324596122454,-0.5975417393831493,0.09949072022909611
-0.8606451842848126,-0.6248593014452536,0.23578588283955904
0.7719730598159835,0.5481670713306115,0.22380598848537203
0.5207538097608027,0.4806353298445307,0.04011847991627193
-0.5768829311977443,-0.514969786465047,0.06191314473269727
-0.5298877658214115,-0.47641089509854645,0.053476870722865055
-0.5272534163418071,-0.46978434544004205,0.05746907090176506
0.6244876154218215,0.41366211092852107,0.21082550449330045
-0.32336825728705454,-0.1359333838529426,0.18743487343411194
-0.7279034135847703,-0.504125917316281,0.2237774962684893
-0.9206007702138567,-0.69327746559269,0.22732330462116668
-0.809755738525158,-0.6703737691971517,0.13938196932800628
-0.8180288635445836,-0.685635921372903,0.13239294217168063
-0.3445438218976333,-0.34888461246416275,0.004340790566529473
-0.8992274842976767,-0.6665021746466553,0.23272530965102145
-0.020803248049789533,-0.11258788629911759,0.09178463824932806
-0.8095270071745387,-0.5800931257373005,0.2294338814372382
-0.13871275732600055,-0.3880334156182334,0.24932065829223285
0.1452627251779303,0.2648426979147498,0.1195799727368195
0.9314505205182948,0.7430351020548811,0.1884154184634137
0.005465979949978682,-0.08228529235839474,0.08775127230837343
0.8599158806665017,0.7021718362321763,0.15774404443432544
-0.8199897845811407,-0.6759012590171755,0.14408852556396523
0.2511872899455529,0.27765276220338714,0.026465472257834244
0.9249531794760706,0.7226313402770319,0.20232183919903868
-0.620058536787841,-0.4101372669283155,0.20992126985952547
0.7268950808756838,0.6160895982116116,0.1108054826640722
0.6004705575371229,0.39488675540688783,0.20558380213023503
-0.3303753904467171,-0.34308536147690194,0.012709971030184841
-0.13454736152152078,-0.22011087901975987,0.0855635174982391
-0.9459678526001999,-0.7330814511868377,0.21288640141336224
-0.8032119617816045,-0.6957225816858685,0.10748938009573594
0.2289724516934236,0.047456363909027445,0.18151608778439615
0.40384898342654546,0.2343317449767333,0.16951723844981215
0.9200553123134053,0.731531336164556,0.1885239761488493
-0.7934798862382422,-0.5587582253165707,0.23472166092167146
-0.6846787741973143,-0.6151757971588341,0.06950297703848018
-0.4481157665626232,-0.2573094880595782,0.190806278503045
0.666809809634088,0.6538352847426566,0.01297452489143136
-0.22883734685085597,-0.09283305843917308,0.13600428841168288
-0.8128202004608724,-0.5683979998025066,0.24442220065836584
0.5635525297203945,0.6734576876640067,0.10990515794361222
-0.7275337151522877,-0.7021893773672993,0.025344337784988458
0.27098490195865643,0.4335698124345809,0.1625849104759245
-0.31629910239657544,-0.1549808310049611,0.16131827139161434
0.9199790035114968,0.7394055761303995,0.18057342738109727
-0.3928116270991172,-0.5432983225042944,0.15048669540517723
0.07771160797567384,-0.021456756074351695,0.09916836405002553
-0.5348807835503363,-0.47468609574304815,0.06019468780728815
-0.9425583193668369,-0.733844365483483,0.2087139538833539
-0.8899124001180645,-0.7248827209048174,0.16502967921324707
0.050811563552045746,-0.04363270153051524,0.09444426508256099
0.44971380006144257,0.41572587146735723,0.03398792859408534
0.9214987427262336,0.7017463124701014,0.21975243025613211
0.257913669815114,0.2832273790848434,0.025313709269729423
-0.6838911410282438,-0.7460552811157115,0.062164140087467734
0.6974625007308406,0.6031052018662176,0.09435729886462296
-0.019999824299706242,0.06558249614121373,0.08558232044091997
-0.635316339081085,-0.5541427081665508,0.08117363091453422
0.467581244204474,0.4425105858963578,0.025070658308116223
-0.9120512961746302,-0.6401837172444577,0.27186757893017255
-0.126830176742733,0.12497515673922564,0.25180533348195866
0.10111624678344315,-0.014274805281677235,0.11539105206512039
-0.19717286116420465,-0.06471371983470911,0.13245914132949554
0.17893069254018665,0.0444517078874019,0.13447898465278474
-0.7821178352471191,-0.5647398079883047,0.2173780272588144
0.30614648887997803,0.16672592667707303,0.139420562202905
-0.9547369346814457,-0.7057496909882468,0.2489872436931989
0.9275423120583245,0.7248956759481017,0.20264663611022282
-0.18109834473139513,-0.06123530705700669,0.11986303767438844
0.3257250559070554,0.1734903246887151,0.15223473121834033
0.017957427797486138,-0.0658170062907202,0.08377443408820634
0.8027472411200843,0.6492319676252203,0.15351527349486405
0.9515013163983614,0.7504153192177998,0.20108599718056164
-0.6965788376629143,-0.3998919448054617,0.2966868928574526
-0.7976806232548417,-0.4949121918125281,0.3027684314423136
0.8355510914912986,0.666449069956641,0.1691020215346576
-0.24217513195072338,-0.09432564021041247,0.14784949174031092
-0.8256600180696603,-0.6833906384166353,0.142269379653025
-0.9481371835356512,-0.7325167066774708,0.21562047685818042
-0.8713952969364234,-0.6450025930972887,0.22639270383913468
-0.3547847123266567,-0.35872119929745977,0.003936486970803066
0.09687300696878265,-0.00936527378161638,0.10623828075039903
0.9396443004489688,0.7299519917055712,0.20969230874339762
0.8215115163600679,0.7558061932290618,0.06570532313100608
-0.8985409947120804,-0.6643137277215548,0.23422726699052554
0.834277766128462,0.6855344698564332,0.14874329627202887
-0.7422538093192894,-0.5219067356609447,0.22034707365834472
-0.7138048932423646,-0.3426090967235545,0.37119579651881013
-0.4020625308336583,-0.38472291825229543,0.01733961258136285
-0.07578724269942998,-0.17760271627214216,0.10181547357271219
0.9157060099792095,0.7285661535633301,0.18713985641587938
0.14995557220755232,0.20349575105818193,0.053540178850629616
0.09468693125904944,-0.011212186145906078,0.10589911740495551
-0.9232068721473057,-0.694280069556939,0.22892680259036668
0.7379161088068087,0.5190053458941317,0.21891076291267697
0.7345865117297482,0.5111234350007318,0.22346307672901644
0.2751349990188677,0.28703388662884477,0.011898887609977093
-0.602193862053338,-0.4072634759259536,0.19493038612738445
0.5722536822617665,0.515983512119608,0.056270170142158515
0.10794541588416409,0.16800174953510466,0.06005633365094057
0.7517414439719695,0.6329796947041222,0.11876174926784733
-0.5044780849508432,-0.30877273823363277,0.19570534671721046
0.9023332221804268,0.7153614608307735,0.18697176134965332
-0.5845223870107041,-0.5152579508082102,0.0692644362024939
0.8447373760416618,0.6173544320164954,0.22738294402516634
0.8406984255361541,0.6868478288802351,0.15385059665591905
-0.8759321848529694,-0.6508662862997291,0.22506589855324033
0.10819947575551729,0.17980375726297604,0.07160428150745875
-0.7472004379936581,-0.6278514184309391,0.11934901956271904
0.27596932659536677,0.1274694385573285,0.14849988803803826
0.925817521341528,0.7124071867499601,0.21341033459156789
0.4078309904306636,0.4113867060159123,0.0035557155852486977
-0.1561913697508084,0.043679623365611736,0.19987099311642015
0.3411898112177618,0.5730846619328269,0.2318948507150651
-0.14983268382293238,0.02398003818343532,0.17381272200636771
-0.8195551304873394,-0.5263679766369193,0.29318715385042016
0.12511854670023745,0.02204602859762408,0.10307251810261336
-0.8364416288062142,-0.5949194588138954,0.2415221699923188
0.9415349362467186,0.7227283425844592,0.2188065936622594
-0.20620692181627603,-0.30803861153011197,0.10183168971383594
0.7312172177311413,0.6137331109642965,0.11748410676684484
0.3151758345715615,0.32309398134746303,0.007918146775901524
0.8967536245529355,0.7250013290124627,0.17175229554047278
-0.7466332037515175,-0.6271832094366137,0.11944999431490388
0.24634243690430785,0.2807821935278557,0.03443975662354787
-0.9393691221829332,-0.7219726354109209,0.2173964867720123
-0.3961528641424855,-0.3857762028737088,0.010376661268776732
-0.4575605314250875,-0.43328554416717213,0.02427498725791538
-0.9481641800514758,-0.7221296278467948,0.22603455220468105
0.9290391038715318,0.7148182722669972,0.21422083160453453
-0.930898549738956,-0.7297736948283806,0.2011248549105754
-0.5224648274668195,-0.33268816187457034,0.1897766655922492
-0.92820550761993,-0.7387690813778617,0.18943642624206836
-0.9466964723844399,-0.7319544583294417,0.21474201405499815
0.9451669427405669,0.7294491079418356,0.2157178347987313
0.027196715492304555,0.09883419280130647,0.07163747730900191
0.6519002782252048,0.5514060691052068,0.10049420911999796
0.6670688505295906,0.5808387457861334,0.08623010474345727
-0.6955216357140078,-0.4735950492536018,0.22192658646040603
-0.6274608458668413,-0.5434245904687738,0.08403625539806747
-0.9197208610423905,-0.7296509398883336,0.19006992115405685
0.4391776786582966,0.26449801157588554,0.17467966708241106
-0.8769625945675247,-0.6777704095152182,0.19919218505230651
-0.9407893796561251,-0.7784142984780718,0.16237508117805333
-0.7627247508736176,-0.5438168535135425,0.2189078973600751
-0.7181188508286915,-0.6152621970281134,0.10285665380057818
0.2501590176424973,0.10041810066514413,0.1497409169773532
0.7319988396846727,0.4558592802299288,0.27613955945474394
0.9459134872965718,0.7308919293054579,0.2150215579911139
0.5910937096898256,0.5197005224065723,0.07139318728325328
0.9086907899267497,0.7282465691137975,0.1804442208129522
-0.12794924537433666,0.18796520854330434,0.315914453917641
-0.49867029210832753,-0.3044175871241415,0.194252704984186
-0.46303351268305154,-0.28813754679363834,0.1748959658894132
0.9552256135232977,0.6993882606013023,0.2558373529219954
-0.9024172248205246,-0.6670101272256062,0.2354070975949184
0.365022136771245,0.2102929051673654,0.1547292316038796
-0.3179222596343511,-0.04021204479909919,0.27771021483525193
0.925565730449559,0.7315395542613775,0.19402617618818152
-0.8991573234472697,-0.6638958523021119,0.23526147114515783
-0.713146453693623,-0.3679499213048162,0.34519653238880676
0.07098863463827844,-0.02101708741542626,0.09200572205370469
-0.9189643464313749,-0.681567324035067,0.2373970223963079
-0.523292649997363,-0.49680815530932243,0.026484494688040594
-0.13781977483379107,-0.2738953732477137,0.1360755984139226
-0.9355639759088851,-0.7104393885909354,0.2251245873179497
-0.8540015776780576,-0.5928132092075545,0.2611883684705031
0.48754357885582034,0.6817132289486397,0.1941696500928194
-0.4819417312165674,-0.44196752569044134,0.03997420552612607
0.6326790874765941,0.40639206654330445,0.22628702093328962
0.8756679244334984,0.6513687886744408,0.22429913575905758
0.4177837024003101,0.4051637259753252,0.012619976424984913
0.7730281132320234,0.5496480030278899,0.2233801102041335
-0.908693568416805,-0.7240410928822775,0.18465247553452757
-0.022589184186934078,-0.12002043185197106,0.09743124766503698
-0.9274982111003016,-0.7854889669323394,0.14200924416796223
-0.6271213324068688,-0.5464279568697037,0.08069337553716516
-0.0321786974027639,0.06009031886684709,0.09226901626961098
-0.7815641395254488,-0.5539395686517828,0.22762457087366594
0.6788310814404699,0.5824651715674226,0.09636590987304727
0.8376721272225238,0.6164939932312327,0.22117813399129116
-0.20180948780712984,-0.06572650292649382,0.13608298488063603
0.8083825213611017,0.6652043770278165,0.14317814433328513
0.8803179673581123,0.6444146599256986,0.23590330743241372
-0.6994903250150678,-0.4861259554524715,0.2133643695625963
-0.8015910948129102,-0.5438336878586669,0.2577574069542433
0.22131384504084708,0.05491100975161671,0.1664028352892304
0.27660381769528186,0.28873313640104753,0.012129318705765668
0.2869482071943372,0.4077947274254441,0.12084652023110687
0.9474911684692371,0.7276977375967825,0.21979343087245462
0.8668861324579459,0.6304310777620459,0.2364550546959
-0.9481458822830274,-0.7425313067624911,0.2056145755205363
0.9378855216372961,0.7293549605633143,0.20853056107398182
-0.8333058934310804,-0.6048173891872213,0.22848850424385914
-0.20605272481617873,-0.2409116605880188,0.03485893577184007
-0.13739322834906736,-0.026375296675796404,0.11101793167327095
-0.11348895936825922,0.21055825959791125,0.32404721896617045
-0.10167692239463236,0.12016491603042821,0.22184183842506056
-0.3288715282225225,-0.328405322582812,0.0004662056397105041
-0.8285314278547814,-0.6892392150386355,0.1392922128161459
0.32984880533190036,0.17908902078846362,0.15075978454343675
0.7964167310006809,0.6275325478251692,0.16888418317551168
-0.2374738086722451,-0.2665837686168884,0.02910995994464327
-0.9092820660846407,-0.7340469626591607,0.17523510342548
0.6032196023981483,0.4027911210754163,0.200428481322732
-0.6090492531276044,-0.40956826622962444,0.19948098689797994
0.855624995493701,0.6932469178233813,0.16237807767031964
-0.5172194254514318,-0.19904554889956494,0.3181738765518669
0.15672596057208332,0.2020400324209532,0.045314071848869875
0.9501073953187414,0.7452630593115611,0.20484433600718033
-0.11707050201248727,-0.20762628635364183,0.09055578434115456
-0.9146406900523527,-0.6882582670185996,0.2263824230337531
0.9341691287154297,0.74660116293999,0.18756796577543966
0.7486178108920206,0.3832362857815476,0.365381525110473
0.26375847624019294,0.10581361470396032,0.1579448615362326
-0.470501335148148,-0.43019959387469464,0.04030174127345337
0.39954824466651584,0.39706140348810076,0.002486841178415078
-0.947556627372807,-0.7385093182802747,0.20904730909253233
0.5619803823061509,0.31359615321525314,0.24838422909089775
-0.4708567277911803,-0.2833817490798418,0.1874749787113385
-0.08363209851021229,-0.33787351025111734,0.25424141174090503
0.20474503300889518,0.2913462974785603,0.0866012644696651
0.8033843082512617,0.572347346876617,0.2310369613746447
-0.5742079412574423,-0.49935749894916226,0.07485044230828009
-0.6271340482433249,-0.5481935429970564,0.0789405052462685
-0.4546201054580327,-0.2713159989195328,0.18330410653849993
0.8677409443029476,0.696763620884226,0.17097732341872152
-0.9407232335174763,-0.7384598163922189,0.20226341712525742
-0.9030815123044584,-0.7361977279424282,0.16688378436203022
0.39289581159323433,0.23198340232874717,0.16091240926448716
0.7166194736369027,0.49949966091192033,0.21711981272498238
0.9351486623247801,0.7715886260190936,0.1635600363056865
-0.37479813508611554,-0.36382303066794225,0.010975104418173287
0.21756926369137575,0.06603702232118162,0.1515322413701941
-0.7674802247477792,-0.6407858483006214,0.12669437644715786
0.2322974964298404,0.2575430035098917,0.02524550708005127
0.583756816661432,0.38350519495475566,0.20025162170667632
0.029959900056774125,-0.09551409125910153,0.12547399131587567
0.9472404209861353,0.7505919472375814,0.19664847374855388
-0.3929153553928601,-0.37367023371677505,0.019245121676085053
-0.9675483715757303,-0.754349519223952,0.21319885235177827
-0.3559938444724872,-0.3520225296987469,0.003971314773740298
0.021827431150407688,0.09452920634846333,0.07270177519805565
0.5098444688480744,0.1387216341838533,0.37112283466422114
-0.9256852731080187,-0.7038049833534129,0.22188028975460583
0.8455332263889105,0.6072265444459594,0.23830668194295113
-0.8607652387456629,-0.6173298317002367,0.2434354070454262
0.79160277244556,0.6591106625820463,0.13249210986351367
0.14638809517975088,-0.09676129390014374,0.2431493890798946
0.7928087425115079,0.650388106786624,0.14242063572488395
0.23653423170405563,0.09995711635160166,0.13657711535245398
0.10782304020327965,-0.06159078592834903,0.1694138261316287
-0.6504584092145429,-0.4138876353531837,0.23657077386135922
-0.0384339749268042,0.18927298475524063,0.22770695968204482
0.3591684890476477,0.3464546776724708,0.012713811375176909
-0.78979904600677,-0.5649158996724278,0.22488314633434214
0.10372306768011134,0.22123795132788152,0.11751488364777017
-0.667219244525702,-0.5755100922766703,0.09170915224903176
-0.945082857518593,-0.7347140770973939,0.2103687804211991
0.8064288858588721,0.5772484971915245,0.22918038866734758
-0.8533051846094927,-0.752777383277747,0.10052780133174566
-0.6996647476131057,-0.6049951008701187,0.09466964674298706
0.008232747489734224,-0.24166418908758136,0.2498969365773156
-0.09442442637541633,-0.15753700097238932,0.06311257459697299
-0.9163365113424417,-0.7643000291942463,0.15203648214819532
0.9073315649639453,0.7886618820019572,0.1186696829619881
-0.6176877089020819,-0.4086955891588029,0.20899211974327903
0.2671197518838895,0.12197521004596293,0.14514454183792655
0.3762821310995296,0.2086974853676406,0.16758464573188903
0.893357017803066,0.7142871365905629,0.1790698812125031
-0.8299443983974519,-0.5622124525072182,0.26773194589023375
-0.6830327204145684,-0.33538079532544884,0.3476519250891196
0.5096021635792117,0.46821855156575515,0.04138361201345658
-0.41670906331878155,-0.24809881136915365,0.1686102519496279
-0.590285843505081,-0.3916471095220557,0.19863873398302523
0.8169065838038462,0.7253806864205896,0.09152589738325656
-0.7052980803577867,-0.6075692932569635,0.09772878710082322
-0.5119292780992686,-0.3018162409455414,0.2101130371537272
0.6497555597234888,0.43443275040492646,0.2153228093185623
0.4350995926956086,0.2626984933542191,0.17240109934138953
-0.5240707693083231,-0.2591458790246849,0.2649248902836382
0.9462444712721796,0.6643440993613344,0.28190037191084516
-0.7764173925391253,-0.6433585128877531,0.1330588796513722
-0.12220469941907812,-0.010964607925473642,0.11124009149360448
-0.49891777771156787,-0.21082616501565593,0.28809161269591194
-0.9484447337040711,-0.7405636847455384,0.20788104895853277
-0.7665024774622367,-0.5479999239254647,0.21850255353677195
-0.8312089329946353,-0.6767724542436974,0.1544364787509379
-0.2396446054710098,-0.2774557125270823,0.03781110705607249
-0.2695107463034546,-0.12811924153500992,0.1413915047684447
-0.9197217899334518,-0.6851455515381445,0.23457623839530728
0.11203658337288977,-0.1746248014659268,0.28666138483881654
-0.9437799429418141,-0.7314497329626035,0.2123302099792106
0.6275295288561378,0.556527561788327,0.07100196706781081
0.6536857148338188,0.4372646440467779,0.21642107078704087
-0.7335306950763832,-0.5117029801174504,0.22182771495893283
0.1883406057450578,0.3690167224776423,0.1806761167325845
-0.8174785119477281,-0.5949756563657694,0.2225028555819587
-0.04793081811892718,0.23325187670570866,0.2811826948246358
0.22101669052316836,0.25134856969272396,0.030331879169555598
-0.3968488662418542,-0.3789641114987768,0.017884754743077436
0.3900776927038701,0.37814695076830634,0.01193074193556376
-0.6892940519184981,-0.48025837876966526,0.20903567314883287
0.8603819093181397,0.7001082085911705,0.16027370072696923
0.20791222512463706,0.08052604209803679,0.12738618302660026
-0.2795726833115414,-0.49509252467956905,0.21551984136802765
0.07308319498114925,-0.05328719344096676,0.126370388422116
0.5222840809560934,0.27655483975447775,0.2457292412016156
-0.452271504278975,-0.43862723703951173,0.01364426723946327
0.9232150590070001,0.683447083153666,0.2397679758533341
-0.14458637409468972,-0.18979908279037253,0.04521270869568281
0.8931271622244998,0.584454859877923,0.30867230234657683
-0.17655203782287857,-0.027946955105218635,0.14860508271765993
-0.5654503649687431,-0.5506971680283869,0.014753196940356261
0.20542244456293973,0.07587092960584471,0.12955151495709502
-0.8676901426967715,-0.545091255671516,0.3225988870252555
-0.5330418009606873,-0.3453428491689016,0.1876989517917857
-0.02696088129587793,0.070564221283357,0.09752510257923493
-0.8677027594623665,-0.6428290814274664,0.2248736780349001
0.9495298068949636,0.7333332523161961,0.21619655457876752
-0.8841108424123217,-0.7144694459486006,0.16964139646372112
-0.9274053089297754,-0.7630810776824567,0.16432423124731865
0.8079366848586501,0.5802524283263347,0.2276842565323154
-0.09083818395890081,-0.15766479565762978,0.06682661169872897
-0.6295507345584221,-0.534899949876883,0.09465078468153909
-0.5284228014538467,-0.48363538645549414,0.04478741499835254
0.7589368662740169,0.5304732896417957,0.22846357663222117
0.6643622031055202,0.5722436954913571,0.09211850761416307
-0.25359426300327526,-0.11407314111387518,0.13952112188940008
-0.8026621399103147,-0.6969787905170638,0.10568334939325086
-0.9042433235386255,-0.6710761275900565,0.23316719594856894
-0.5887004536073659,-0.3897942375931033,0.19890621601426262
-0.5638610365001178,-0.3624651118955685,0.20139592460454925
-0.8095516262828998,-0.5812207583505837,0.22833086793231605
-0.6280815851823223,-0.42714068198855504,0.20094090319376723
0.7913284528380801,0.5596700497447976,0.23165840309328245
0.6971114121687847,0.5974314431920775,0.09967996897670717
0.560239995557404,0.4973596839284536,0.06288031162895041
-0.6490440198745472,-0.5658756846991878,0.08316833517535938
0.6528448789357973,0.566201688354073,0.08664319058172432
0.7209800788096781,0.3706419460310972,0.3503381327785809
-0.34796399349188617,-0.18552457329887562,0.16243942019301055
-0.896329760749765,-0.7241108747885328,0.17221888596123225
-0.1444349619518231,-0.037076163217200336,0.10735879873462276
-0.8130638588842729,-0.48805044015823423,0.32501341872603867
0.8770538686315192,0.5461778206845624,0.3308760479469568
0.9480839206994889,0.7294031996979821,0.21868072100150682
0.5082936287535329,0.31750124831898324,0.19079238043454966
-0.8952738789819995,-0.6696001045931833,0.2256737743888162
-0.9171530528254892,-0.6888026773697399,0.22835037545574932
-0.965043326791369,-0.7658453896611612,0.19919793713020773
0.8882005958236291,0.7154547346381911,0.172745861185438
-0.9536218122965663,-0.7533705742083163,0.20025123808824996
-0.9265405300288176,-0.718982347871284,0.20755818215753363
-0.6902484297626096,-0.44164954159553915,0.24859888816707043
-0.8163241512668666,-0.5983173878149227,0.21800676345194392
0.4230005769306026,0.510414041005654,0.0874134640750514
-0.8966620412434434,-0.7772755199023759,0.11938652134106753
-0.7913929006362923,-0.5702756274649781,0.22111727317131424
-0.5974985991813958,-0.5396099067491044,0.057888692432291444
-0.3976318921095266,-0.23196127182231815,0.16567062028720844
0.9420070131032886,0.7428636254762733,0.19914338762701533
0.4008587603549644,0.22624609244374216,0.17461266791122226
-0.22286542717674773,-0.024029686764116376,0.19883574041263136
0.8390696092291763,0.616533246805566,0.2225363624236103
0.9460502899051906,0.7451012039362261,0.20094908596896444
-0.2156962793707508,-0.0851680789965165,0.1305282003742343
-0.3915642681391852,-0.2255485395683738,0.1660157285708114
-0.08029433356478764,0.061266400725144304,0.14156073428993193
0.47597937999624146,0.28226437437254226,0.1937150056236992
0.552215969805126,0.5048442101222649,0.047371759682861114
-0.9468246064324246,-0.731575876560654,0.21524872987177057
0.871256617497183,0.6500835948099221,0.2211730226872609
0.8203575047601688,0.6828674973523051,0.13749000740786366
-0.4358883682746016,-0.4326226467788772,0.003265721495724405
0.8299228187666909,0.6020968651019369,0.227825953664754
-0.932493228179196,-0.6521168682219356,0.2803763599572604
0.4547500969380623,0.4157638001382647,0.03898629679979759
-0.5575369311598594,-0.5062406104533725,0.05129632070648682
-0.8912614687970574,-0.7174344747345267,0.17382699406253066
0.9134764603279506,0.7977593506203489,0.11571710970760174
-0.4926023191158583,-0.30605514508864184,0.18654717402721643
0.033504912215413185,-0.0623770597918034,0.09588197200721658
0.625918185917794,0.4227098414696951,0.20320834444809893
-0.8293848531012212,-0.5824956927303909,0.2468891603708303
-0.9034128270977461,-0.7489619586964467,0.1544508684012994
0.21895610785798605,0.24994380615414885,0.030987698296162797
0.8307511168732782,0.5730242203757487,0.25772689649752945
0.9495257695767405,0.7410288248191255,0.20849694475761504
-0.8659446860393936,-0.6227355037911863,0.2432091822482073
-0.9470133294274407,-0.7457252945270278,0.2012880349004128
-0.7693916569651837,-0.6431923489237127,0.12619930804147106
0.9699314497469063,0.8026846966936146,0.16724675305329162
-0.819493064428879,-0.594209977560714,0.225283086868165
-0.9161276584479328,-0.6842009710314448,0.23192668741648792
-0.8871879847233058,-0.6558946284868343,0.23129335623647151
0.8737738140726639,0.6498746175628061,0.2238991965098578
0.22980391371335912,0.25417533826449357,0.024371424551134446
-0.9096177419714253,-0.7871079270755356,0.12250981489588975
-0.6634502802208426,-0.44443963908060297,0.21901064114023966
0.655589664844656,0.6755195088113516,0.019929843966695615
-0.24634830474308037,-0.27785899788610324,0.03151069314302288
0.8056189709442485,0.5815784935221086,0.22404047742213995
-0.906018705586687,-0.7195574937921949,0.18646121179449204
0.9244065063972181,0.7005118475862189,0.22389465881099924
0.8005707125720055,0.7375109726551781,0.06305973991682745
-0.8250005346204569,-0.6050746880663498,0.21992584655410707
0.9184714773617196,0.6967618784345785,0.22170959892714115
-0.16782390447880985,-0.40544381860730166,0.23761991412849182
0.676049164404573,0.34725178240752547,0.3287973819970475
0.8478221161676028,0.547558646307052,0.30026346986055086
-0.5460443039583636,-0.34720968614376163,0.19883461781460193
0.2489112581155289,0.06086854301479033,0.18804271510073856
0.8930090884501123,0.7190083100276059,0.17400077842250639
0.8039395833149896,0.7278144703838683,0.07612511293112134
-0.2806033502187344,-0.1456802112782603,0.13492313894047409
0.015636784682847772,0.10616333932483095,0.09052655464198317
-0.9421470692140845,-0.7376600653439981,0.20448700387008645
-0.3849706037827576,-0.21594560454224335,0.16902499924051426
0.129027652413901,0.016032587691739545,0.11299506472216145
0.9562095959808421,0.7519240744342891,0.204285521546553
0.7135926360107785,0.6062557077579602,0.10733692825281826
0.5003756101647349,0.29160020058348673,0.20877540958124813
-0.9158375811242071,-0.7036432284322671,0.21219435269193998
0.8265724865828259,0.6927981701661131,0.13377431641671278
0.899937608902474,0.7264132491965857,0.1735243597058883
-0.7260638997610924,-0.5035244818101435,0.2225394179509489
0.13088777825444745,0.016064647446212027,0.11482313080823542
0.6192050393439483,0.5401105463265315,0.07909449301741678
-0.6532122557717595,-0.5902657585204835,0.06294649725127599
-0.565160909417519,-0.21598687162476102,0.3491740377927579
-0.7020025551931458,-0.4761595147272128,0.225843040465933
-0.942669558496659,-0.7242593234367518,0.2184102350599072
-0.8267433172983738,-0.6863042164704777,0.14043910082789612
-0.8329271787938193,-0.6680387561131989,0.16488842268062043
-0.1659794188810379,-0.2196088066284708,0.053629387747432894
0.886403438673685,0.7119127321112118,0.17449070656247323
0.8111370133613169,0.5785601769137866,0.23257683644753036
-0.5935371623227148,-0.5336701536320055,0.05986700869070927
-0.8566301349753077,-0.6228358023367292,0.23379433263857852
-0.5691746750440707,-0.5018127674709182,0.06736190757315252
-0.4882517479967632,-0.28823481723457745,0.20001693076218574
0.31043764696212034,-0.045540142679860354,0.3559777896419807
-0.3953693208377204,-0.3978261364128584,0.002456815575137994
-0.43356150909940355,-0.2593095286278896,0.17425198047151397
0.6010814470771173,0.5978971572700172,0.0031842898071000603
-0.6318703604668268,-0.5463465060667301,0.08552385440009669
0.9056370868801651,0.7075618746035472,0.19807521227661784
-0.9111610495978644,-0.6868636036047057,0.2242974459931587
-0.880861176262987,-0.6637202183224021,0.21714095794058486
0.8989723461736732,0.6726574536431895,0.22631489253048365
-0.03817565622497532,0.2272461702673131,0.2654218264922884
-0.6114025756020275,-0.4118896473964288,0.19951292820559868
0.9141262061311541,0.7421373186197628,0.1719888875113913
0.353051033720617,0.3574108237236088,0.004359790002991748
-0.909530505454139,-0.73478631612372,0.17474418933041902
-0.6764453450454996,-0.5965723934989311,0.07987295154656848
-0.9046731571771974,-0.7985779793312296,0.10609517784596778
-0.935360350304203,-0.7329298872580908,0.20243046304611212
0.9464129783129696,0.7318624563288089,0.2145505219841607
0.7475615903085736,0.5313281348544238,0.21623345545414985
0.29221163135309114,0.13721136995259542,0.15500026140049572
0.7957325895421332,0.5288735309808296,0.26685905856130365
0.22602951403998314,0.25653127566877953,0.030501761628796392
0.7723539320683592,0.5445847288864718,0.22776920318188743
0.5369314582707114,0.48892506819105724,0.04800639007965418
0.31027869581211,0.15602223110011823,0.15425646471199175
-0.9399699986655481,-0.7047046292105602,0.23526536945498788
0.949406021237581,0.7335746526389875,0.21583136859859353
0.9074026036449204,0.682010554903444,0.22539204874147645
-0.7943119975406852,-0.5810349138963148,0.21327708364437037
0.8300393093127973,0.7113380958614623,0.118701213451335
-0.8648470691367584,-0.7028245449050049,0.16202252423175345
0.240542740246078,0.10013858282938375,0.14040415741669426
-0.02189419549568151,0.06838853112527048,0.09028272662095199
-0.9194663616972375,-0.7115943680531216,0.2078719936441159
-0.6897099607824961,-0.441608024055297,0.24810193672719916
-0.8155723621576318,-0.6816143912729774,0.13395797088465444
0.07910019554541536,-0.026614315548636785,0.10571451109405215
-0.9416410502117796,-0.7157803816485024,0.22586066856327713
-0.43673507260861194,-0.2569847938587009,0.17975027874991106
-0.19497765386347632,0.09868036522645794,0.2936580190899343
0.5733369014302604,0.6883082829750906,0.11497138154483022
0.9387233742394508,0.7428702008055222,0.1958531734339286
-0.16169642941910126,-0.19863824140370442,0.03694181198460317
-0.28589107111183576,-0.3235969558925937,0.037705884780757926
-0.3381045948918959,-0.10638484113580562,0.2317197537560903
-0.9221169292490667,-0.6962422739957685,0.2258746552532982
0.5460656546825291,0.19702218320945847,0.34904347147307063
-0.9708698172282115,-0.7984304428568987,0.17243937437131285
0.4091406278086417,0.1858959515016907,0.223244676306951
-0.9348117741229119,-0.6985326998111809,0.236279074311731
0.2572250482306133,0.12205441115417352,0.13517063707643978
0.9425505816423836,0.7417995728429132,0.2007510087994704
0.7027242592446609,0.49154126057255343,0.21118299867210744
-0.5965209174879238,-0.5181088598562091,0.07841205763171466
-0.3515074211810539,-0.1962322648586262,0.1552751563224277
-0.752369943533109,-0.5357456152188693,0.21662432831423972
-0.01253810161375117,-0.09592811495018108,0.08339001333642991
0.11936486628970455,0.22922971994998978,0.10986485366028523
0.9047334050406733,0.6810644455592209,0.2236689594814525
-0.9065491156930989,-0.673280994600414,0.2332681210926849
0.6650569279837387,0.7207235009397281,0.055666572955989424
-0.9257196495847255,-0.7364172454480165,0.18930240413670907
-0.8299786352664384,-0.7459442668560625,0.08403436841037593
-0.8940996543455626,-0.710021838439399,0.18407781590616357
0.5528969920448685,0.35856850513069055,0.19432848691417798
0.5137842469191055,0.4687122382782986,0.045072008640806904
-0.18698346416751987,0.13299786850322978,0.3199813326707497
-0.5111625578291236,-0.46304363108179586,0.048118926747327706
0.19843994228282752,0.05827557775886628,0.14016436452396125
0.6346952128142833,0.42827608822943425,0.20641912458484907
0.9025060351311531,0.7255469037398744,0.17695913139127872
0.6477539478184321,0.44581869404100305,0.20193525377742905
0.3717524368971374,0.3779752526065629,0.006222815709425511
-0.6009695557634858,-0.5304614242145441,0.07050813154894164
0.7320887749788876,0.6187508021521967,0.11333797282669089
-0.9469682475615628,-0.7405556782949352,0.20641256926662765
0.21939763272737764,0.0832418780960124,0.13615575463136526
-0.3463735728380037,-0.17695927265074907,0.16941430018725462
-0.4584460458559698,-0.2878420672106172,0.1706039786453526
-0.3069884133763343,-0.32523918133371676,0.018250767957382452
0.26669926475075484,0.12651134876577283,0.140187915984982
-0.7619470272989479,-0.4247336960143899,0.337213331284558
-0.18918023144230842,-0.23628338478064959,0.04710315333834117
0.3553784513587739,0.3467095840600972,0.008668867298676664
0.6125581800038808,0.6319660160335278,0.019407836029646908
0.4490628397177726,0.42898515980535334,0.020077679912419266
-0.6850796995326609,-0.47020910672087385,0.21487059281178705
0.5358752931238148,0.4815960237838063,0.054279269340008485
-0.3874504934345304,-0.37520857559041676,0.012241917844113659
-0.8057648472055555,-0.5772185981934901,0.22854624901206544
-0.3825447168806665,-0.22209806467461501,0.16044665220605148
-0.44024719879990226,-0.4142284502419822,0.02601874855792008
-0.9021583684665241,-0.6654532394292498,0.23670512903727425
-0.936441968773513,-0.7243849598432179,0.2120570089302951
0.36073207722289846,0.20414963431359748,0.15658244290930098
0.5058185673818463,0.31619394426195024,0.18962462311989603
-0.9331260727662235,-0.7402754478595897,0.19285062490663385
0.8478984684000462,0.6061776802250738,0.24172078817497245
0.17032373976379098,0.04991704509085271,0.12040669467293827
0.3917198726861912,0.3763196550431828,0.015400217643008363
-0.12474918954477153,-0.008047955750082521,0.11670123379468901
0.11620120746223732,0.18122577010638552,0.0650245626441482
-0.05637616290990267,-0.13256283622877363,0.07618667331887097
-0.7813729412998627,-0.44127149981770697,0.3401014414821557
-0.6702800004923358,-0.5784009544054434,0.09187904608689246
0.9412751721622274,0.7412434049362041,0.20003176722602334
0.6950858713357649,0.7766165836924548,0.08153071235668985
-0.8771052537253865,-0.5656172774916519,0.3114879762337346
-0.20045847328692254,-0.3241779440857233,0.12371947079880077
-0.037364431982389035,0.046558350723648015,0.08392278270603705
-0.4543927198348838,-0.09204044926922778,0.362352270565656
-0.6373549133189718,-0.5563660621223668,0.08098885119660493
0.9009245332003739,0.7464945730832426,0.15442996011713128
0.3678491046871057,0.09372994236967022,0.2741191623174355
0.4363535249110971,0.2618713145728136,0.17448221033828348
0.6007500044497804,0.39822858440582276,0.20252142004395768
0.9527560380758597,0.7624849029892766,0.1902711350865831
-0.6150025696128085,-0.5336687523582093,0.0813338172545992
-0.8597442185307449,-0.624213295762229,0.23553092276851595
0.948392924609312,0.7317432898427241,0.21664963476658794
-0.9033436904596778,-0.6709489889514181,0.2323947015082597
0.2949136869004304,0.14074580442497758,0.15416788247545282
-0.08079883588017774,0.10888366022817589,0.18968249610835364
0.3960747762808954,0.05659526610665568,0.3394795101742397
0.10337744130078144,-0.04452965654874157,0.147907097849523
0.8239828568983724,0.6601308823382042,0.1638519745601682
-0.9462756538738425,-0.7297234845768011,0.21655216929704135
-0.5245979928410357,-0.4709832085217959,0.05361478431923977
0.22956219416039236,0.022850645300861526,0.20671154885953083
-0.1938783339784133,0.014611386099920728,0.20848972007833405
0.9475840075579136,0.7344183581503007,0.21316564940761296
0.9103762750141945,0.6728376470053461,0.2375386280088484
-0.9271695747237585,-0.7213554250424692,0.2058141496812893
0.970998375072287,0.7497030302629375,0.22129534480934954
-0.7788929701402172,-0.46508329438963014,0.31380967575058705
-0.13701329328227205,-0.36531143680297584,0.2282981435207038
0.9186232160412533,0.720620154129105,0.19800306191214834
0.2021205403882083,0.2488429727221419,0.04672243233393361
0.334043423484416,0.05722712267856262,0.2768163008058534
0.7729700124446618,0.41058277149674133,0.36238724094792046
0.9452158497498437,0.7182627533173604,0.2269530964324833
-0.6824317021146498,-0.46480559203095967,0.2176261100836901
-0.8824430627606041,-0.7154103161561401,0.167032746604464
-0.12605692219151596,0.12763044396522022,0.25368736615673615
-0.9718100252087517,-0.7611983328007073,0.21061169240804445
0.9333294325193491,0.7338171954757281,0.19951223704362098
0.8253974106370853,0.599733887085547,0.2256635235515383
0.5019489020791068,0.3122848700412536,0.1896640320378532
-0.577861466912282,-0.3319694110000024,0.24589205591227964
-0.1244131408232462,-0.17590289588350919,0.05148975506026299
0.450587491581643,0.4347007219407741,0.015886769640868936
0.06824789284941311,0.13528772691873933,0.06703983406932622
0.18425425556418387,0.0476315492594152,0.13662270630476867
-0.9469776874225333,-0.7270347302536603,0.21994295716887302
-0.9210221943253789,-0.688003604664928,0.23301858966045086
0.15445042061628453,0.03916008937962468,0.11529033123665985
-0.6155666473673743,-0.5470020078429066,0.06856463952446767
-0.9484124921987102,-0.7388772482269381,0.20953524397177203
-0.16556247802492885,-0.278293989445356,0.11273151142042714
0.03322788717193145,0.11361272316360987,0.08038483599167842
-0.8897849078571222,-0.7658290881391039,0.12395581971801828
0.7191171037170518,0.45602773422215775,0.2630893694948941
0.6561153683568972,0.371414808677779,0.2847005596791182
0.8832446991068497,0.7230652040801816,0.16017949502666806
0.18623084346356916,0.23539914111293378,0.04916829764936462
0.12931529570585662,0.004170779733050459,0.12514451597280615
0.23538828337938877,0.04032808499841124,0.19506019838097755
0.05358956034428363,0.13087778949815795,0.07728822915387432
-0.07864141822294145,0.11866807487375348,0.19730949309669493
-0.924238279714101,-0.7434242645204525,0.18081401519364848
-0.9509855631363006,-0.7151108946260266,0.23587466851027394
-0.16256659519042593,-0.044533792399468614,0.11803280279095732
0.20171842027438397,0.06155174963727969,0.14016667063710428
-0.6911244820333536,-0.47202223640041685,0.2191022456329368
-0.41949686404104297,-0.43969493374130364,0.020198069700260668
-0.7478291676409194,-0.44206677808476974,0.3057623895561497
0.15903992787740961,-0.09103452141948407,0.2500744492968937
-0.33447200983451414,-0.16048915157719532,0.17398285825731882
0.6091857127945615,0.5584056612709274,0.05078005152363407
0.5020114387634236,0.31676168157124035,0.18524975719218323
-0.8804314822255837,-0.6523430598645626,0.228088422361021
0.6801497771130129,0.46506812649241774,0.2150816506205952
0.47137441762276755,0.44250207042407436,0.028872347198693193
-0.16033768940936652,-0.21598011657948402,0.0556424271701175
-0.935432992438926,-0.7249244747291078,0.21050851770981815
0.5784118391411477,0.49936625587448574,0.07904558326666195
0.8832324085117392,0.650043261859412,0.23318914665232726
-0.15687774483391076,-0.03369976120849954,0.12317798362541121
-0.715004546944764,-0.490536440468086,0.22446810647667803
-0.4819532250840828,-0.4608932519109759,0.021059973173106872
0.40383964919448684,0.3922939918806167,0.011545657313870139
-0.605839797700846,-0.5363043420142651,0.06953545568658082
-0.9396475182704221,-0.7401388132329288,0.1995087050374933
0.23109382019778774,0.2677206574164501,0.03662683721866239
-0.5115669940300833,-0.45961124634253003,0.05195574768755329
-0.5664846336382848,-0.2810371983406374,0.28544743529764743
-0.9417575452957249,-0.7266926317614489,0.21506491353427593
-0.9282629186158238,-0.7354296694389871,0.19283324917683664
0.7511954796037631,0.6371331841735735,0.11406229543018964
-0.6210609769320911,-0.32680790013238625,0.2942530767997048
0.9455333382450742,0.759198788598345,0.18633454964672924
-0.553618118935841,-0.35863570969444336,0.19498240924139765
-0.13191530336457818,-0.17645598687725464,0.044540683512676454
0.8458733063637653,0.6899956030508496,0.15587770331291573
0.712944069675724,0.5014578047333391,0.21148626494238487
-0.3098150319479142,-0.3139439962225873,0.004128964274673075
0.17429457408730015,0.05485834768102338,0.11943622640627677
-0.23448146122170138,-0.27873528241871565,0.044253821197014265
0.6656695614246275,0.5775841014040355,0.08808546002059203
-0.060268005983104535,0.1731439309937881,0.23341193697689264
-0.349014479170872,-0.18661640941546667,0.16239806975540536
-0.8299100847365012,-0.5854191803536888,0.2444909043828124
-0.5501757288242263,-0.352618072815781,0.19755765600844527
-0.1571797415442635,-0.03912713230781899,0.11805260923644452
0.4230323752935031,0.25528969076977276,0.16774268452373037
0.16915071256130051,0.20667553839730649,0.03752482583600597
0.2375947667118629,0.1030144206896588,0.1345803460222041
-0.9384195496885835,-0.7277542625457881,0.21066528714279542
-0.4776715194469395,-0.2896383834557838,0.18803313599115568
-0.08073554787050854,0.23278421483401168,0.3135197627045202
-0.6578064120067696,-0.44580809657109455,0.21199831543567504
-0.8639353782522864,-0.6146617960016718,0.24927358225061458
-0.40369444988483444,-0.2214071176070035,0.18228733227783095
-0.4567782362462065,-0.2835073205034772,0.1732709157427293
0.17294712003698348,0.21382561327422173,0.040878493237238245
0.8950495796748963,0.6857716880305852,0.2092778916443111
0.9470180048527324,0.7228381930260173,0.2241798118267151
0.6242275408943172,0.3252027964258868,0.2990247444684304
0.7768376748511946,0.722438534272908,0.05439914057828654
0.5360357244417322,0.5255258064806959,0.010509917961036286
0.8784901605755935,0.721981712213299,0.1565084483622945
-0.4254150277270239,-0.25050637829624284,0.17490864943078105
-0.944826364967674,-0.7153842832743751,0.22944208169329894
-0.3347166172859261,-0.33572865824597803,0.0010120409600519187
-0.20263019601033685,-0.24000290627055207,0.037372710260215214
0.9190448032055845,0.7572681960082129,0.16177660719737152
-0.41277693254488784,-0.5024885688586355,0.08971163631374762
0.9104038840168088,0.6776383158536378,0.23276556816317107
-0.8770068196217745,-0.7100138336529149,0.1669929859688596
-0.9024840440038259,-0.6657457374708861,0.2367383065329398
-0.6250149661869895,-0.37176272325364557,0.2532522429333439
0.9395409604461671,0.7168155928992171,0.22272536754694994
-0.8860611267822947,-0.7194743478561396,0.16658677892615503
0.6544579905097805,0.6964586057187888,0.04200061520900833
0.8016283957606946,0.7234542043145499,0.07817419144614468
-0.8749955780394415,-0.6201963463858396,0.25479923165360185
-0.23716649326647293,-0.09866122583767438,0.13850526742879854
0.10022120031945875,-0.08348395234975264,0.1837051526692114
0.9313993380135227,0.7153380627008593,0.2160612753126634
-0.7413652004199676,-0.484654505839665,0.25671069458030255
0.24704234612487652,0.2692893960065398,0.02224704988166326
0.3681358785749521,0.371742297040791,0.0036064184658388676
-0.31846711958034807,-0.3195778117100639,0.0011106921297158179
-0.6595321695728622,-0.5770300030860112,0.08250216648685105
7.721435430552696e-05,0.22933486384998938,0.22925764949568386
-0.108810175888986,-0.17039567311185622,0.06158549722287021
-0.891298129759182,-0.6596114653420755,0.2316866644171065
-0.7103162564112211,-0.6553373172203656,0.0549789391908555
0.45359162912551654,0.42892087236817905,0.024670756757337486
0.8163729073261663,0.6776819301084049,0.13869097721776136
-0.9577463730665384,-0.7627275591745942,0.1950188138919442
0.5402218340396939,0.353964743481993,0.1862570905577009
0.9342812653421056,0.7310664243673647,0.20321484097474096
-0.9243399258030055,-0.6875457467108373,0.23679417909216816
-0.8040226572989896,-0.5822571256026768,0.22176553169631275
0.08808433297205365,0.1512039008902433,0.06311956791818965
-0.1249391174478294,-0.1724854652324661,0.047546347784636706
0.8298593222681344,0.7008643548200884,0.12899496744804606
0.1788161478468119,0.23076074402253954,0.051944596175727636
-0.9115562968036992,-0.6918987793904317,0.21965751741326756
-0.9353402604338195,-0.7325969679914496,0.20274329244236988
-0.4168816849742375,-0.1949813609726522,0.2219003240015853
-0.17651448414351253,-0.05120886616739015,0.12530561797612239
0.6916753803513604,0.5971811232661285,0.09449425708523196
0.9470844938417984,0.7295408436581942,0.21754365018360422
-0.9414894648943907,-0.7338838984785122,0.20760556641587846
-0.9027360442605069,-0.6535485090763362,0.2491875351841707
-0.6979367165032416,-0.727726811308411,0.029790094805169365
-0.7337141188097458,-0.5097787366953161,0.22393538211442965
0.8785325642935703,0.7186290761124059,0.1599034881811644
0.39775335764916353,0.22549665881692083,0.1722566988322427
-0.2606768061133781,-0.2878317251048779,0.0271549189914998
-0.37550918121233806,-0.36662091011436926,0.008888271097968803
-0.032183753527166986,-0.10595279972344429,0.0737690461962773
0.1113217825182289,0.4218912011509887,0.31056941863275983
-0.8902540094764838,-0.7201968191146899,0.1700571903617939
0.9625846065634615,0.7079273103787914,0.25465729618467003
0.3425009513337577,0.33361046899604974,0.00889048233770795
-0.011449157467049186,0.07454185661363423,0.08599101408068341
0.8928180342686903,0.6535055268465001,0.23931250742219023
0.8830752758628092,0.6538190889908684,0.22925618687194083
0.8411036674859295,0.607677398413348,0.23342626907258146
0.8674882430809137,0.7010438595508093,0.16644438353010438
-0.39884994572811855,-0.17841410133273355,0.220435844395385
-0.9473561570440676,-0.7189277388801216,0.228428418163946
-0.05031201238570893,-0.13385152782492607,0.08353951543921714
-0.9273983938128358,-0.7310105874245992,0.1963878063882366
0.9332627776195003,0.7112482339759802,0.22201454364352002
-0.020463441713420127,-0.09677815115399382,0.0763147094405737
-0.3763038234077906,-0.2106491802994234,0.16565464310836722
0.08868289845916491,0.14944615653332935,0.06076325807416444
0.02459601246503794,0.104979686193319,0.08038367372828106
-0.27706074406130654,-0.36504959135899284,0.0879888472976863
0.8960767234176678,0.6833483781191352,0.21272834529853257
0.37709845056327984,0.4118460038429462,0.03474755327966633
-0.9029249344718753,-0.7174629045574535,0.18546202991442173
-0.21734179313473292,-0.06828172921521902,0.1490600639195139
0.6483434119378779,0.44398802527687625,0.20435538666100167
-0.6877769335177127,-0.4699385787394049,0.21783835477830782
-0.6811464845448651,-0.4593806541416732,0.22176583040319198
-0.9515350044246997,-0.7459776672320162,0.20555733719268354
-0.8990688698697585,-0.6699450493044854,0.22912382056527314
-0.7374262449721845,-0.7136116945660688,0.023814550406115687
0.4812742012261855,0.2986748730290646,0.18259932819712094
0.9457652271213871,0.7371714373871345,0.20859378973425258
0.3193510738074199,0.15964264712271617,0.15970842668470372
0.9248531042296714,0.7325110448047876,0.1923420594248838
0.8677523894428082,0.6231927727156036,0.2445596167272046
-0.37459940652712076,-0.5804119122351046,0.20581250570798382
-0.7873424512519864,-0.5688556377595756,0.21848681349241084
-0.8783019544935006,-0.6424642778071793,0.23583767668632127
0.6888835060662064,0.48221405822299734,0.20666944784320906
0.9440995757782551,0.7155459956621012,0.2285535801161539
-0.6603031922838449,-0.572165027064744,0.0881381652191009
0.960726028543162,0.8174433953535166,0.1432826331896454
0.45254595294118183,0.18774503377508975,0.26480091916609205
-0.49185719542879835,-0.30043779436317275,0.1914194010656256
-0.37064023076900615,-0.2070071353902958,0.16363309537871035
-0.39904686047126164,-0.39069783621660503,0.008349024254656612
0.08512674321496987,0.1457393168065728,0.06061257359160292
0.7875252234044592,0.7297574826558354,0.057767740748623786
-0.18113633842452073,-0.004190192368478417,0.1769461460560423
-0.9368292282911457,-0.7086954882506801,0.2281337400404656
-0.5261654695862035,-0.5093851623647948,0.016780307221408663
0.3117100897997576,0.16474954667848457,0.14696054312127305
0.8307459043147118,0.6734545689982449,0.157291335316467
0.08583069429091096,0.17959861689020795,0.09376792259929699
-0.1039188313001647,-0.18653825601454918,0.08261942471438448
-0.40603551727545406,-0.2351474288623212,0.17088808841313285
-0.42848853482269234,-0.41394613863998925,0.014542396182703088
-0.9461719274917499,-0.7241142204345242,0.22205770705722572
-0.6776136145814905,-0.5731912867883479,0.10442232779314264
-0.3778239339341816,-0.18258300377030745,0.19524093016387417
-0.929772256609712,-0.73194234861636,0.19782990799335198
-0.49416293285964025,-0.46039139754792135,0.03377153531171889
-0.217158907500978,-0.0585874227697266,0.15857148473125138
-0.7557798886875176,-0.5393515025518644,0.21642838613565318
0.0005601498212181531,-0.08230198806743794,0.0828621378886561
0.48778018764833386,0.30774046335363486,0.180039724294699
0.6889737597194775,0.48800969482681816,0.20096406489265933
-0.9390032336696246,-0.7306663264133483,0.2083369072562763
-0.818783265312299,-0.5900534701571916,0.22872979515510738
0.930592637724362,0.7063696833878383,0.22422295433652362
-0.9291959954633803,-0.7289305905930266,0.2002654048703537
-0.7499193217389146,-0.5296016709179033,0.2203176508210113
0.903480988332396,0.7322936835857102,0.17118730474668575
-0.8884226678370511,-0.6539089190342887,0.23451374880276243
0.9403819030674064,0.7143790659190079,0.22600283714839853
0.4046752046496113,0.395715303048052,0.008959901601559295
0.05772532673693371,0.12535019874145387,0.06762487200452016
0.610025022164511,0.4048153646866147,0.20520965747789632
-0.7241743744607012,-0.48339625802864805,0.24077811643205316
-0.9230592785159925,-0.7000108639098745,0.2230484146061179
-0.5438704957187621,-0.347560863102091,0.19630963261667111
0.7460106778786265,0.5194457078522232,0.2265649700264033
-0.8540667596108434,-0.6251541036258749,0.22891265598496857
-0.23727963432056176,-0.10534297357213583,0.13193666074842592
0.26422550828804336,0.12458560018295864,0.13963990810508473
0.3255309726505749,0.11228619738679568,0.21324477526377922
-0.8201611857641498,-0.5946337317988772,0.22552745396527252
-0.817083828986226,-0.5845633478589185,0.2325204811273075
0.6466048024391196,0.567181311076346,0.0794234913627736
-0.7655155774475256,-0.7095128518128808,0.05600272563464481
-0.9305336711924369,-0.7103244784143826,0.22020919277805429
0.5298363944657807,0.4800603583404881,0.04977603612529258
-0.884014553520129,-0.7048119057428339,0.1792026477772951
-0.33469040258061145,-0.5663561751661136,0.23166577258550214
0.4963211911776214,0.44144024460282205,0.05488094657479936
-0.9398004492974995,-0.7330631944014983,0.20673725489600125
0.4692409673138407,0.4336812284630309,0.03555973885080976
0.5690568091204771,0.49905296486940237,0.0700038442510747
0.9505292126380533,0.7847395968654298,0.16578961577262352
0.5814389267903352,0.5220091899623863,0.05942973682794883
-0.2938771294838854,-0.3623303138255492,0.06845318434166381
0.9195778195234333,0.6868497231142924,0.23272809640914094
0.055312905124447434,0.3084154565078112,0.2531025513833638
0.24686503210081398,0.2755898876823539,0.028724855581539893
-0.8863910888376336,-0.6560417437100456,0.23034934512758798
0.0489593674165883,0.14344526898160692,0.09448590156501863
-0.4979288809049712,-0.45529522606382505,0.042633654841146174
-0.19204285459295262,-0.06710915805400976,0.12493369653894286
-0.943853307881447,-0.7211942444872848,0.2226590633941622
-0.4996793035599895,-0.30829612836201303,0.19138317519797649
0.24956617391307032,-0.06566760521068546,0.3152337791237558
0.9576381565734571,0.7035891371074682,0.2540490194659889
0.2264252667043663,0.09700862711344338,0.12941663959092292
0.7190907427729305,0.39803546070651996,0.32105528206641054
0.9330818077546834,0.7368988318567323,0.19618297589795108
0.8204904816235048,0.6770823283883896,0.14340815323511524
0.9428081910173614,0.7164915880062154,0.22631660301114598
-0.6451601588395327,-0.434832492867515,0.21032766597201769
-0.6103204264986244,-0.3954854456258386,0.2148349808727858
-0.8910708570822169,-0.656346656174151,0.2347242009080659
-0.38591823525939556,-0.38255974959889244,0.003358485660503119
0.591250638514417,0.3958727825818833,0.19537785593253365
-0.256280680708373,-0.11028121676111134,0.14599946394726165
-0.31914294087000905,-0.15845654872113732,0.16068639214887173
0.8427602968994108,0.607043897483761,0.2357163994156498
0.945164350566654,0.7208367021833004,0.22432764838335362
-0.7774660868580592,-0.6498963886138831,0.12756969824417608
-0.19889284602755164,-0.2266591324131097,0.02776628638555806
0.8564207834120169,0.611564643321,0.24485614009101686
0.7201066836368666,0.5979457197425967,0.12216096389426989
-0.6309757969015074,-0.42714419819211374,0.20383159870939366
0.6872920546301675,0.5832468154877436,0.10404523914242392
-0.516770364784978,-0.4837472279619811,0.033023136822996846
0.7390902695227627,0.6285138730980795,0.1105763964246832
0.669507935101756,0.44847058143899193,0.22103735366276406
0.8180038079861481,0.5884588229989053,0.22954498498724285
-0.3306468834330395,-0.3261332058914659,0.004513677541573613
-0.32613414279703123,-0.3319327280844923,0.005798585287461078
-0.7500559791533123,-0.629353244788516,0.1207027343647964
0.46735859018697956,0.290330298774719,0.17702829141226056
-0.5579070236597475,-0.5247055766403126,0.03320144701943495
-0.6517826940496684,-0.6352070597456002,0.016575634304068165
0.032746122318838604,0.19375591063762276,0.16100978831878415
0.4655966060285024,0.43761260171391103,0.02798400431459136
0.14647308358321368,0.029113870878276254,0.11735921270493742
-0.9383167422119584,-0.7140524020068074,0.22426434020515096
-0.9437484582770341,-0.7170507827821946,0.22669767549483955
-0.9113223717819908,-0.7326057254190349,0.17871664636295592
0.9427491602136714,0.7218886326377217,0.22086052757594965
0.816121461651411,0.6759505264085732,0.14017093524283775
-0.6878247148060376,-0.6004583047605773,0.08736641004546031
0.7716192018415478,0.6352006008331379,0.13641860100840986
0.9459249680570532,0.733155792438553,0.21276917561850017
-0.5092891475486024,-0.46637387969997646,0.04291526784862598
-0.6753102024281715,-0.5839235560896194,0.09138664633855209
0.181215898610544,0.21130631820975068,0.03009041959920669
0.9105682890987753,0.7244631967055767,0.1861050923931986
0.9480314538455341,0.7351006555173494,0.21293079832818473
0.9463263848770361,0.7266035445328661,0.21972284034417
0.2707068952862033,0.2902860515934117,0.019579156307208412
0.9079934634395866,0.7168144255397225,0.19117903789986412
-0.8976593931255269,-0.6523785258929135,0.24528086723261344
-0.8309999747595016,-0.6001141189567393,0.23088585580276233
0.2657891427651517,0.11622830826288362,0.1495608345022681
0.5559751721357281,0.4985468669129936,0.05742830522273451
-0.7669246735107199,-0.6549364661910839,0.11198820731963599
0.32127531589595026,0.06442561257473993,0.2568497033212103
0.2586647561566904,0.28680393416388017,0.02813917800718979
-0.32120637510436095,-0.08767141919293335,0.2335349559114276
-0.6030928825668745,-0.3520079433254736,0.25108493924140096
-0.9056001555582504,-0.6748958000096733,0.23070435554857704
-0.8857318044843725,-0.7256676756618188,0.16006412882255372
-0.8440178095582038,-0.691053130335638,0.15296467922256585
-0.5628683493186727,-0.362372109437038,0.20049623988163467
0.6453206291581882,0.41834833550359585,0.22697229365459237
-0.626759686224561,-0.40675530214147465,0.22000438408308637
-0.8180586557057552,-0.5909582723421944,0.22710038336356075
-0.36353325806622233,-0.34775355381107986,0.015779704255142468
0.5683016986635256,0.5063708754118108,0.06193082325171484
0.7367397388603307,0.4817745696371311,0.2549651692231996
-0.8926967332041605,-0.7269900890088087,0.16570664419535186
-0.6897675495256105,-0.6457373637189266,0.04403018580668383
-0.4512727437363054,-0.27615863880010966,0.17511410493619572
0.8024014498057186,0.7081560865138181,0.09424536329190047
-0.0276189797185747,0.07255007340489623,0.10016905312347094
-0.4641528858660966,-0.4397123221339148,0.024440563732181786
-0.9210207838148874,-0.7352209779966165,0.18579980581827094
0.8754998824327144,0.7010834073097351,0.1744164751229793
-0.7570026396871741,-0.6085304521138595,0.1484721875733146
-0.8252216941104932,-0.5889084954072182,0.23631319870327494
0.8912236637738682,0.7133217852617786,0.1779018785120896
-0.5512446447433785,-0.3544703687662589,0.1967742759771196
0.7704627256070806,0.5446450778524605,0.2258176477546201
0.15033369739153332,0.19724991581239185,0.046916218420858524
0.8065738217914415,0.6612156923414064,0.14535812945003512
-0.8216525718695439,-0.6786714940592308,0.1429810778103131
-0.9442995080078828,-0.7414562903774102,0.20284321763047253
0.7002101122449463,0.6264817742146032,0.07372833803034318
0.6944129938270936,0.4835921466121941,0.21082084721489958
0.5857281613776735,0.5110275851240095,0.074700576253664
0.9303458319333111,0.7198385240945413,0.2105073078387698
-0.4170811601075157,-0.5365787715978785,0.11949761149036275
0.557430202413416,0.46293678756516254,0.09449341484825347
-0.22705604993141168,-0.26394981789822314,0.03689376796681146
0.44372902068539516,0.42522948599623306,0.0184995346891621
0.5436087717551166,0.49620907351715815,0.04739969823795842
0.6626284108513976,0.5652605953429188,0.09736781550847873
-0.8438143864806632,-0.6939708925310503,0.14984349394961294
0.673328565539518,0.4589802310370097,0.21434833450250834
0.8720764543138967,0.7451203240211229,0.12695613029277375
0.7891241014718843,0.7086457980851685,0.0804783033867158
0.47660439753979,0.4511044927352966,0.02549990480449338
-0.7503529307789227,-0.5461437187746829,0.2042092120042398
-0.3657922072812607,-0.2082472678228127,0.15754493945844802
0.9391444854452791,0.7115143584669629,0.2276301269783162
-0.6403828743781577,-0.43400972497578955,0.20637314940236812
0.2482973675063366,0.28944328520654433,0.04114591770020773
0.9053901788399646,0.6536405435682445,0.2517496352717201
-0.7758834986801962,-0.5536275998146998,0.22225589886549646
-0.7572664084827841,-0.5278977547661848,0.2293686537165993
-0.2847825538971878,-0.3326995331787993,0.04791697928161148
-0.6304542395554621,-0.5562595213145359,0.07419471824092616
-0.5869711068523122,-0.5237107084569315,0.06326039839538078
0.6580431530171975,0.4282152234912951,0.22982792952590242
0.26205337151890457,0.2916054529977533,0.029552081478848746
0.4420387177527367,0.2693061693673719,0.17273254838536478
0.05667581282780532,0.12373004964618803,0.06705423681838271
-0.47165840880817866,-0.2894963732954049,0.18216203551277377
-0.02854040506695356,-0.10346526548417828,0.07492486041722472
-0.07993875546128344,-0.15142640115473352,0.07148764569345008
0.7390405352484745,0.5228038181561159,0.2162367170923586
-0.7975773223471894,-0.5659440044790185,0.23163331786817087
0.8693009577399682,0.7400840112958278,0.1292169464441404
0.794044049759489,0.565615155594702,0.22842889416478696
0.5984393415611435,0.3970874698776775,0.20135187168346602
-0.8195229137490183,-0.6823648892322035,0.1371580245168148
-0.737498217130832,-0.6235741732372828,0.11392404389354915
0.4767725826122114,0.44797159860024505,0.028800984011966346
0.8213941814043724,0.6787157021423402,0.14267847926203214
-0.9149114604417026,-0.677227875644849,0.2376835847968536
-0.8696275613496401,-0.6251299764553825,0.24449758489425766
-0.9475058983013445,-0.7309836066547071,0.2165222916466374
0.462806871344245,0.1884706684132689,0.27433620293097605
0.7231171744569888,0.6769013054442163,0.046215869012772415
0.941456488952858,0.7906433890017422,0.1508130999511158
-0.8758222366936611,-0.6450850306330286,0.23073720606063253
-0.7220721206859646,-0.6108847669925774,0.11118735369338717
0.4404539414856693,0.42659987985875675,0.01385406162691255
-0.8355152035716781,-0.754490499239524,0.08102470433215403
0.7956948031527753,0.5767198167252026,0.21897498642757274
-0.1943328707947555,-0.25111975979533824,0.056786889000582735
0.5443268828781124,0.5470500976762555,0.002723214798143081
-0.6271990868717828,-0.42522564915692446,0.20197343771485837
0.21438864898359283,0.2506482791210526,0.03625963013745975
0.789799046234552,0.5595219470338494,0.2302770992007026
-0.37691198520830416,-0.3670725685231134,0.009839416685190783
0.946606102725553,0.685840803329872,0.26076529939568105
-0.8207809836811194,-0.6744481204278697,0.14633286325324968
0.945179523074919,0.7429733427972612,0.2022061802776578
0.8673108557007655,0.7022501618202995,0.16506069388046596
0.9496669484764609,0.7325742194701298,0.21709272900633114
-0.8179959218002149,-0.6739176608470046,0.1440782609532103
0.1730106104631459,0.0516920331249389,0.121318577338207
-0.368104904378074,-0.1975900224037872,0.17051488197428682
0.9184832581634985,0.7236623439225732,0.1948209142409253
-0.763346086047646,-0.6381789701158862,0.12516711593175978
-0.589930067644517,-0.3882459032590765,0.20168416438544057
-0.9411169398172914,-0.7426859878016054,0.19843095201568595
0.532891633773209,0.4960717161000993,0.036819917673109714
-0.6359499917016095,-0.5596509006862626,0.07629909101534693
0.3452263710033529,0.19516937806095605,0.15005699294239686
-0.9328466988150347,-0.7174505499750669,0.21539614883996783
-0.9371690482014466,-0.746053555971821,0.19111549222962565
-0.43662873982737366,-0.2622822701305466,0.17434646969682704
0.8299056639186061,0.7303186458046975,0.09958701811390858
-0.7890130734068449,-0.6514058950294778,0.13760717837736713
0.9350705892181531,0.7092124578787818,0.22585813133937127
0.7128328711735058,0.6035603128031951,0.10927255837031069
0.5130119547648656,0.21381306804636685,0.29919888671849876
0.2891812172750349,0.14073556949056606,0.1484456477844688
0.8840800768289632,0.6588493170410065,0.2252307597879567
0.8513016605220792,0.6093933142570371,0.2419083462650421
-0.9226283728096688,-0.7060434670085817,0.21658490580108714
0.7521167191030064,0.5527676079452096,0.19934911115779674
-0.021434720659059863,-0.20835992756205662,0.18692520690299677
-0.8243881667817505,-0.6744545846217185,0.14993358216003205
0.9317046745859864,0.7314106143373715,0.20029406024861485
-0.9381601264966867,-0.7200413073838978,0.21811881911278885
-0.9221132775825741,-0.7376770125293107,0.18443626505326338
0.027622710000381964,0.13045899920142615,0.10283628920104418
-0.8420313586545836,-0.6039409779820666,0.23809038067251698
0.5856821595432029,0.28791033614108147,0.29777182340212144
0.2771955107313185,0.1281283748172686,0.14906713591404988
0.83863307094353,0.5958090456191648,0.2428240253243652
0.025941291139769965,-0.06798267162491138,0.09392396276468135
0.8890523457242187,0.7137748076264607,0.17527753809775792
0.2882511661480328,0.14368768760171693,0.14456347854631588
-0.5841939078822082,-0.4985600196102427,0.08563388827196544
-0.0520107021100849,-0.1309749249487922,0.0789642228387073
-0.7694743856141849,-0.6404120358770765,0.1290623497371084
0.49510208417945833,0.30030826655016796,0.19479381762929038
-0.9416761640218823,-0.8014236963909886,0.1402524676308936
-0.689397528137738,-0.5889326944545138,0.10046483368322423
0.49174481164690564,0.44560892649875744,0.046135885148148204
-0.821402591989174,-0.6045014407619917,0.21690115122718223
-0.0384202559395512,0.2883297768930192,0.3267500328325704
-0.922730961031618,-0.8032678861570077,0.11946307487461028
-0.7300137300143116,-0.6125540313748407,0.11745969863947092
-0.8818403769150553,-0.6437630012954909,0.23807737561956444
-0.2551068648520012,-0.27311847765373437,0.01801161280173319
0.5154161529314109,0.336974962434295,0.17844119049711588
0.3290022059371597,0.17292481840581547,0.1560773875313442
0.9389916822411717,0.746654322219076,0.19233736002209567
-0.9279394197929568,-0.737310154531895,0.19062926526106183
-0.8126287472274881,-0.5959149678607629,0.2167137793667252
0.6355374519984602,0.32674438526136684,0.3087930667370934
0.820339923024749,0.5959430877129235,0.22439683531182553
0.37468442417418774,0.20837550097496635,0.1663089231992214
-0.8760303346087278,-0.6351347840236024,0.24089555058512546
0.5585025077913598,0.3556881501620818,0.20281435762927802
0.4551152006955705,0.4251162053604588,0.02999899533511169
0.9309548183705921,0.6921980923476645,0.23875672602292763
0.24311449486526693,0.2954519777255756,0.05233748286030865
0.46454038460204233,0.43124286205165,0.03329752255039231
-0.9458039874403232,-0.7370716852176838,0.2087323022226394
0.37366484519167875,0.3715674336594305,0.002097411532248239
-0.7629484347152647,-0.7154743173932523,0.047474117322012455
0.10257898590425729,0.2200546987114407,0.11747571280718341
-0.9142406010100473,-0.7207199432551308,0.19352065775491656
0.5583934858929173,0.362734956045256,0.19565852984766124
-0.9018571454871106,-0.6920886330925402,0.2097685123945704
0.9459707154126318,0.7476950064194245,0.19827570899320723
-0.9036821364457984,-0.7199801622744395,0.18370197417135892
0.8983526423170027,0.7146088302863134,0.18374381203068935
0.9352186012381782,0.7054228478895093,0.22979575334866897
-0.9235432412621492,-0.7306599012979942,0.19288333996415497
-0.6891247983660893,-0.4802960254355529,0.20882877293053642
-0.9003440140765231,-0.6710034954703491,0.229340518606174
-0.9217011880927328,-0.6885067084335273,0.23319447965920548
-0.23887001987873052,0.061547547734024884,0.3004175676127554
0.5594834421339779,0.5081147264667312,0.05136871566724677
0.3649211236794785,0.35608204466692556,0.00883907901255293
-0.30119693514545726,-0.3137993442075283,0.012602409062071052
-0.8988549708730962,-0.7179314815049146,0.1809234893681816
-0.8436703860252979,-0.700095312901246,0.14357507312405182
-0.37002016353741796,-0.21129127913693735,0.1587288844004806
-0.11171816144289924,-0.014639904190470123,0.09707825725242912
-0.8922453355124743,-0.7209365746380394,0.17130876087443492
0.031116184284107548,-0.05384752807824566,0.0849637123623532
0.9437180164167751,0.7178619207707312,0.22585609564604392
-0.16783379991241207,-0.2152802052963103,0.047446405383898244
0.2225199315867214,0.08078858481923067,0.14173134676749072
0.5611924684815239,0.49434816104642954,0.0668443074350944
-0.9517804452800422,-0.7256974287143272,0.22608301656571506
-0.23659184403659345,-0.10119150421950153,0.13540033981709193
0.9413728520991667,0.7340266102785599,0.2073462418206068
-0.10487413854265985,-0.1685238845925663,0.06364974604990643
-0.8523601005678451,-0.704688241760542,0.14767185880730305
0.03269444350320996,0.11517797502769503,0.08248353152448507
-0.8612485721171775,-0.690119165868556,0.1711294062486215
-0.5825417949143217,-0.5155582240936224,0.06698357082069928
-0.2490866104814518,-0.09993713988058782,0.14914947060086398
0.7435349546310341,0.626274303833533,0.11726065079750114
-0.5586816222454636,-0.5893362612629377,0.030654639017474117
0.9387285220240794,0.7173924210583239,0.2213361009657555
0.0033535601397285384,-0.1192561130814108,0.12260967322113935
-0.08916304344430206,-0.15098277316648995,0.06181972972218788
0.06555660384770849,-0.030843426375389584,0.09640003022309808
-0.5540583043684182,-0.4981274797207311,0.05593082464768706
0.671716477997002,0.4517294549132893,0.21998702308371265
0.3752702258362897,0.20909958930936204,0.16617063652692768
-0.9684365888901518,-0.7277186565652598,0.24071793232489203
-0.8878193324026601,-0.7141058294846009,0.1737135029180592
0.06786988876278018,-0.10932808687359198,0.17719797563637216
0.8923336942058024,0.6719134857740839,0.2204202084317185
-0.05717356123095272,0.03739147479656907,0.09456503602752178
0.9383603282233297,0.7032059723975582,0.2351543558257715
-0.5338991822854877,-0.48916240728476684,0.044736775000720874
0.6918520944266017,0.4521288877917676,0.2397232066348341
-0.5421978621277166,-0.3507049730359574,0.1914928890917592
0.4042919786761689,0.22974762574500646,0.17454435293116244
0.8774958872754821,0.6488786749631581,0.22861721231232401
-0.898650868262652,-0.6660564890170493,0.23259437924560267
0.909272487466776,0.7595381040246357,0.1497343834421403
0.3221545031006345,0.3211994650940684,0.0009550380065661002
0.08058206896948304,-0.029548986114938443,0.11013105508442149
0.41044383502442777,0.24591117389934145,0.16453266112508633
0.07026966631523812,0.13681935016036292,0.0665496838451248
-0.8083123683863817,-0.6705634854631627,0.13774888292321896
0.9089511957426053,0.6792391382333867,0.22971205750921864
0.8566301138549746,0.6233796698587768,0.23325044399619776
0.448819129233195,0.4140938770260366,0.034725252207158386
0.6599442374378031,0.5652818477515238,0.09466238968627927
-0.581012818820743,-0.3744878015401514,0.20652501728059158
0.6665191241539411,0.4571552250826701,0.209363899071271
-0.160140343982269,-0.21022753199871586,0.05008718801644685
-0.6972103269171459,-0.483348803484019,0.21386152343312692
-0.9067448122151407,-0.7188504080308538,0.18789440418428693
0.2403377361538862,0.08772021100982644,0.15261752514405977
0.8845730613513708,0.6571730844583832,0.22739997689298763
-0.49966968082799423,-0.3076819109774821,0.19198776985051214
0.67344984222206,0.4628808882439824,0.21056895397807757
-0.8349575427534904,-0.6797779889504393,0.15517955380305115
0.20154216101655414,0.4707674816390211,0.26922532062246696
-0.1792826922764481,-0.22625308860962298,0.046970396333174874
0.26378312942149207,0.3071504383591676,0.04336730893767554
-0.14222252747057754,-0.20472961287767663,0.0625070854070991
0.7224848723985933,0.41174777497532733,0.31073709742326594
0.7581830392081856,0.6322754688621764,0.1259075703460092
0.9072794574128897,0.7173893932683628,0.18989006414452692
-0.8986901264488691,-0.7150885531170597,0.1836015733318095
-0.6418389469342687,-0.43296447391257137,0.20887447302169732
-0.9585420704089559,-0.8144203413935761,0.14412172901537978
-0.9242562364178792,-0.763530138553239,0.1607260978646402
-0.2881095272248804,-0.14731955526685167,0.14078997195802875
0.7831914029751827,0.5504270069878286,0.2327643959873541
-0.5965668575254305,-0.3987597772028095,0.197807080322621
-0.21473366269282576,-0.3046937313129828,0.08996006862015701
-0.9101917349613147,-0.7324983425579434,0.17769339240337123
0.7441806487857048,0.5184275950089403,0.22575305377676447
-0.6360955644718889,-0.4297588668792637,0.20633669759262518
0.7542063318463915,0.6316875953158103,0.12251873653058121
0.9464027747480692,0.7351606255133349,0.21124214923473428
0.3013334164502316,0.15395207399416994,0.14738134245606166
-0.8856286223185899,-0.7217287818472982,0.1638998404712917
0.04594052136079582,-0.26785520612609204,0.3137957274868879
-0.5991222409996746,-0.5247329755428487,0.07438926545682589
-0.6894542501274232,-0.5899222955103529,0.09953195461707032
0.2893296428480168,0.13341671944692476,0.15591292340109206
0.9226399119881653,0.7299923266968056,0.19264758529135972
-0.6717164842729234,-0.4566948831443183,0.21502160112860513
0.8133603670071886,0.667366955629794,0.14599341137739463
-0.4157217194113045,-0.4030131597418951,0.01270855966940937
-0.9054152367379182,-0.6784310275093726,0.22698420922854567
-0.6761992196310984,-0.45803654380418946,0.21816267582690896
0.48120937723005597,0.4531350515521055,0.028074325677950485
-0.0058657148522195095,-0.09182297327349326,0.08595725842127375
0.3546194354395207,0.3503515541443866,0.004267881295134057
-0.6813120344143245,-0.46245870469369404,0.21885332972063049
-0.8777066628035058,-0.6503552342453824,0.2273514285581234
0.6563143042584687,0.4446072427372545,0.2117070615212142
0.9272484982455224,0.7340043693610735,0.19324412888444886
0.7880251320630314,0.5636390514783896,0.22438608058464182
0.3144847439197647,0.3370850243542815,0.022600280434516784
-0.26818473256880826,0.05283552714617706,0.3210202597149853
-0.3646745485948148,-0.2038108331247804,0.1608637154700344
0.5492234491585358,0.35315926019622373,0.1960641889623121
0.34333287824372904,0.3471043180802493,0.0037714398365202295
0.4596037556140823,0.27400030175685397,0.18560345385722832
0.11618022978277724,0.005427939146903298,0.11075229063587394
0.32600139003446305,0.1738702318895374,0.15213115814492564
-0.28652502459883133,-0.42333303567537295,0.1368080110765416
0.9168875507595808,0.6865803926696673,0.23030715808991353
-0.9517457607277984,-0.7176845213456284,0.23406123938216994
0.1718283537555402,-0.12443282853935649,0.2962611822948967
-0.17639969039248166,-0.21896959320842532,0.04256990281594367
-0.39325101805155055,-0.22311046313098545,0.1701405549205651
-0.9558196834212274,-0.7567646453251896,0.19905503809603775
0.28312380222153477,0.2928344666762088,0.009710664454674056
0.08429316954639275,0.14259160645638044,0.05829843690998769
0.25702045787066485,0.28316814886323166,0.026147690992566808
0.27055255558344116,0.05244468227766183,0.21810787330577933
0.88228150471435,0.6465334856743662,0.23574801903998377
-0.15561486252413267,-0.1976571671972715,0.042042304673138825
-0.7792127919515588,-0.5527523006899976,0.2264604912615612
-0.1376758179961724,0.0915613062642912,0.2292371242604636
0.8625229074163039,0.6947947038922296,0.16772820352407425
-0.8969291968159167,-0.7196889119957176,0.17724028482019905
0.3106740207662901,0.16164394264778478,0.1490300781185053
-0.49827808330992385,-0.459502249473423,0.03877583383650085
-0.35247374599896875,-0.34296545510825754,0.009508290890711202
-0.1558225382723208,-0.2004606389703337,0.04463810069801291
-0.895185269770599,-0.6720866697018338,0.22309860006876514
0.6251095524244126,0.5674462614722243,0.05766329095218825
0.06866458785950723,0.18560807645163946,0.11694348859213223
-0.481490448603559,-0.25964802965348144,0.22184241895007756
0.05329489397163085,-0.040694951487924236,0.09398984545955508
-0.8660446143313171,-0.6994737739359271,0.16657084039538994
0.9099928907451014,0.6868342131951378,0.22315867754996355
0.928763892297438,0.7632447739619389,0.16551911833549915
-0.27407780516128066,-0.3061020918943002,0.03202428673301955
-0.04329751874869862,0.1760444873987072,0.21934200614740582
0.8741192720908475,0.7189630794329146,0.1551561926579329
-0.01861975626840826,0.07380583550896924,0.0924255917773775
-0.924433476707269,-0.7266439698543534,0.19778950685291563
-0.47067887239034567,-0.4286278366348473,0.042051035755498345
0.01274287404153471,0.10332808978994512,0.09058521574841041
-0.7458836499962477,-0.46944126771371963,0.27644238228252804
0.9449412834502496,0.7201523855042752,0.22478889794597445
0.7371276659191214,0.6235633610377108,0.11356430488141056
-0.20224900607971527,-0.07753317386753371,0.12471583221218156
0.8954301101973406,0.7582909368982096,0.13713917329913106
-0.9478436667252587,-0.7280759574567965,0.21976770926846212
0.25184872124894625,0.4722954643184639,0.22044674306951767
0.6490626386921952,0.35386946429498795,0.2951931743972072
0.7420235987332129,0.619473604949239,0.12254999378397391
0.8967426796313643,0.65026627090959,0.24647640872177434
-0.6485272890688387,-0.6855030715459294,0.03697578247709066
-0.6393706055228079,-0.42860474437482715,0.21076586114798074
0.6005370205162178,0.5342358775047856,0.0663011430114322
-0.5021546855554962,-0.4537451084431208,0.048409577112375424
-0.917292198864066,-0.6983996175567136,0.21889258130735234
-0.8340695138647776,-0.7518147577719806,0.08225475609279698
-0.15327417828823114,-0.20238531716735547,0.04911113887912433
0.923920785736113,0.7334612979778985,0.19045948775821453
0.5865711792194885,0.5326965173258826,0.0538746618936059
-0.7211651588180706,-0.5046559133539321,0.21650924546413852
-0.9167207962072536,-0.7213557849040926,0.19536501130316097
0.9469125796687652,0.7318281055030011,0.21508447416576404
0.548528564932265,0.48396688075452077,0.06456168417774422
0.3311700264978067,0.14329879264592243,0.18787123385188426
-0.8611963059106821,-0.6284895845452747,0.23270672136540738
0.9326882941683343,0.6973650100852992,0.23532328408303516
0.49220853199247355,0.290002273425817,0.20220625856665653
-0.5750046012047928,-0.5158329754909864,0.05917162571380641
0.894667657614298,0.6882732841313997,0.20639437348289835
-0.919665377366812,-0.6883886954397406,0.2312766819270714
-0.6967731032274199,-0.44974816300216547,0.24702494022525445
-0.8887674743253057,-0.6641995644904686,0.2245679098348371
0.8100391507607043,0.6818741550663281,0.12816499569437623
0.9052762560357577,0.714141759042123,0.19113449699363472
-0.9323643033238009,-0.721013203249242,0.21135110007455893
0.07194693211741587,-0.06453086981156082,0.13647780192897668
0.2774074021448373,0.2945630119984348,0.017155609853597542
-0.31294755029973575,-0.32865271950363867,0.015705169203902913
0.41743678970899967,0.19733345235063476,0.2201033373583649
0.8580462582132681,0.6980428541178036,0.16000340409546443
0.9283790680685874,0.7020781793720101,0.22630088869657727
-0.6965906703803477,-0.5984144479879014,0.09817622239244628
0.0558444536143848,-0.05027100726416291,0.10611546087854772
-0.8467134837166895,-0.6893714569871041,0.15734202672958542
-0.03353191396940655,-0.18411085279279754,0.150578938823391
-0.40878303143074146,-0.39916185488988093,0.009621176540860532
-0.39430964328060847,-0.2146331428302794,0.17967650045032907
0.9482187920995211,0.7403961746296766,0.20782261746984454
-0.0733672712345342,-0.13164933070353133,0.05828205946899713
0.7419476114018981,0.6226240157212501,0.11932359568064799
0.8528366249338536,0.6979874524719766,0.15484917246187702
-0.7032370422241179,-0.48629360674169725,0.21694343548242062
-0.15820470565450795,-0.20507464330248357,0.04686993764797562
-0.6195412884404619,-0.5445395620138536,0.0750017264266083
-0.9464500429716397,-0.6996683682964173,0.24678167467522238
-0.8700587698451403,-0.7219453855401609,0.14811338430497945
-0.7907272171990001,-0.5564808982422724,0.23424631895672765
-0.7366250715191128,-0.509266229697922,0.22735884182119082
0.739793473559701,0.485373298712393,0.25442017484730806
-0.11494674187969545,-0.13171155995069622,0.016764818071000775
0.8301005594699522,0.6793252971056088,0.15077526236434335
-0.9086092816096888,-0.7208592305304433,0.18775005107924547
0.8748056646164154,0.7121816433573657,0.16262402125904973
-0.7672167614529714,-0.6410946138662985,0.12612214758667284
-0.3032893488302736,-0.32296703699656326,0.019677688166289675
-0.6448218755796158,-0.5640966599290462,0.08072521565056956
-0.868081966311257,-0.6721740953354075,0.1959078709758495
0.8933011274463154,0.6700298873823369,0.22327124006397847
0.9324296038413131,0.6331944539690797,0.29923514987223343
0.7757683790903143,0.5478394389774592,0.22792894011285503
0.3179604586266561,0.08601775496213115,0.23194270366452496
-0.9237754317034346,-0.7585927985047197,0.16518263319871485
0.81216576590303,0.6765289554316339,0.13563681047139609
0.8280491566154391,0.6961855711666165,0.1318635854488226
-0.5461172912551313,-0.35134786245700433,0.19476942879812698
-0.8061339584534751,-0.7091651898136276,0.09696876863984749
0.6498044087870499,0.4317358651141047,0.2180685436729452
0.8577848648978784,0.6995536586897729,0.1582312062081055
-0.6494841870783166,-0.72407976430828,0.07459557722996346
-0.35750304705465036,-0.37694886033200686,0.019445813277356505
-0.6116213313597305,-0.40027172697139746,0.21134960438833306
0.3063073365081286,0.14151994167319196,0.16478739483493662
-0.8233952669033519,-0.5919360919213555,0.2314591749819963
0.4033040932617606,0.5623969068833462,0.15909281362158562
-0.4280626435611976,-0.25351512160597917,0.17454752195521844
-0.5330346807743026,-0.472869437296225,0.06016524347807761
-0.050513898910555785,-0.12699293174377763,0.07647903283322184
-0.7486776056795942,-0.5189626655357273,0.22971494014386684
0.4134544432717359,0.3917944920251992,0.02165995124653669
0.17159776566096321,-0.05832897250772918,0.22992673816869239
0.5311615372423156,0.4858237809014646,0.04533775634085102
0.4615327381075382,0.4365329877884903,0.024999750319047886
-0.5480423580249925,-0.2427092909145726,0.30533306711041985
0.8374291592533623,0.7600979507847239,0.07733120846863839
-0.7569450341467979,-0.6318876913239817,0.12505734282281622
-0.6791494910770589,-0.4717349530497692,0.2074145380272897
0.8811619573572664,0.6274613257502604,0.25370063160700607
0.94559027153403,0.7689502971846562,0.17663997434937373
-0.8898207479025362,-0.6576688120535126,0.2321519358490236
-0.9092950027673621,-0.7492255194102616,0.16006948335710047
0.5904193040355944,0.3871794466339926,0.20323985740160178
0.41030775591148827,0.24343990017076023,0.16686785574072804
0.6776642037486276,0.5714565485534895,0.10620765519513808
0.8803641629701509,0.724479633658386,0.15588452931176489
0.37141363713819014,0.20773218537058838,0.16368145176760177
0.8648891984427903,0.68835665681664,0.17653254162615029
-0.5671429680187925,-0.7064593288618518,0.13931636084305932
0.9452288341849159,0.7285761598240952,0.2166526743608207
-0.23421628464629193,-0.26588536593488143,0.0316690812885895
-0.15364775676267317,-0.2063932615863451,0.052745504823671935
0.48848695341649523,0.48195683580155396,0.0065301176149412665
0.8326417186943602,0.5403958295845115,0.2922458891098487
0.09782703189491744,0.19892958514520767,0.10110255325029023
-0.8687111992414083,-0.6404457751239593,0.228265424117449
-0.2037752657905922,-0.031105779366454176,0.17266948642413804
0.9301504441984146,0.7863064901994654,0.14384395399894923
0.9365727867486396,0.7401051773116626,0.19646760943697705
0.3757448968966599,0.20541808587334248,0.17032681102331743
0.8649111740092013,0.7005635254312711,0.16434764857793016
0.9035119915488147,0.6791003608500918,0.22441163069872283
0.6405085154335904,0.6832717752058802,0.042763259772289786
-0.5025246799986212,-0.4563355178190554,0.04618916217956576
-0.41927580017082694,-0.3981515234426367,0.021124276728190228
0.6009169222356242,0.3813417764077441,0.21957514582788012
-0.17940985073696625,-0.06027131779917604,0.1191385329377902
0.17635437624496797,0.42988899550612103,0.25353461926115306
0.09146135544910639,-0.013129759344521078,0.10459111479362747
-0.9468767084240196,-0.6940969093019119,0.2527797991221077
0.6471050792337046,0.4177283710381692,0.22937670819553546
0.3815104860934326,0.21519642984901005,0.16631405624442253
0.7275458675131904,0.42722042516161524,0.30032544235157516
0.437661522623736,0.4121597957084643,0.025501726915271694
-0.0873699181365918,0.13177542804825906,0.21914534618485088
-0.29662697000589755,-0.14431414048005056,0.152312829525847
0.22738697332722602,0.25315443919538355,0.025767465868157535
0.8744863659565976,0.6398853368856139,0.23460102907098368
0.4336673244765576,0.4027958342918668,0.030871490184690764
0.575881957388849,0.3668350808166682,0.20904687657218074
-0.705509552874476,-0.4841778245341004,0.22133172834037562
-0.11419070342242635,-0.007265235840423188,0.10692546758200316
0.741453197964015,0.6215565739606792,0.11989662400333578
0.3552657242114446,0.1810823401763318,0.1741833840351128
-0.24823738643608806,0.06327022279627524,0.3115076092323633
0.42733164470409146,0.25285114427078453,0.17448050043330693
-0.9412202444679514,-0.7493617391585238,0.1918585053094276
0.9449161102805698,0.7494937768247973,0.19542233345577242
0.37207891039218044,0.2110915919999519,0.16098731839222855
0.41622600711407637,0.1969675525552769,0.21925845455879947
0.9482361914152598,0.7154912908011245,0.23274490061413533
-0.6287813866114839,-0.3451173928293562,0.28366399378212764
-0.919575958834645,-0.7433551223198467,0.17622083651479836
-0.864529964057022,-0.7017922653496746,0.16273769870734733
0.7339399201703425,0.6221770879661987,0.11176283220414374
0.23365765439997255,0.45926725618886144,0.2256096017888889
-0.9404771345576655,-0.728791581966282,0.21168555259138344
-0.8836423204382751,-0.7102571289783778,0.17338519145989728
-0.9284439542887328,-0.6981985047007926,0.23024544958794024
-0.6296183902632667,-0.5574497114485034,0.0721686788147633
-0.173153283100748,-0.20589885414475614,0.03274557104400813
0.746486101726761,0.4852870917292114,0.2611990099975496
0.18553934419411125,0.2670429696638106,0.08150362546969933
0.02614462206553949,-0.06330815944917419,0.08945278151471367
0.6613591032501716,0.44618326592165014,0.2151758373285214
0.9729470614870598,0.7961296094106174,0.1768174520764424
-0.8658787196359047,-0.6376345312410129,0.2282441883948918
-0.5734926905677658,-0.5180325789954524,0.05546011157231334
-0.9012829821845216,-0.6687350173219168,0.23254796486260487
-0.2358699270890951,-0.09547361862699118,0.14039630846210394
0.11765926188264875,0.17014031961436904,0.05248105773172029
0.6630388728771923,0.4405241765716435,0.22251469630554882
0.9465038129236225,0.7286688059762452,0.21783500694737734
-0.8877953897011454,-0.7109504572423897,0.17684493245875565
-0.3640384125222357,-0.5688639230270108,0.20482551050477515
-0.9704609612067354,-0.8063971327472662,0.1640638284594692
-0.5541999762310832,-0.5055446034907479,0.04865537274033527
-0.3335033313171421,-0.3675421692448042,0.0340388379276621
-0.7904072885325678,-0.5633426657665684,0.22706462276599937
0.0575592297204992,-0.025532771196541293,0.0830920009170405
-0.00013680454412847256,0.0956742465673804,0.09581105111150887
-0.9466908828308993,-0.7182424078180365,0.2284484750128628
-0.3675203647333399,-0.36985942049639053,0.002339055763050657
0.8146349518066089,0.589119029887529,0.22551592191908
-0.12326794868034371,-0.1977572775254766,0.07448932884513287
-0.18223113222276363,-0.05464781452195161,0.12758331770081202
0.3312229029215618,0.08147060214748786,0.24975230077407395
-0.8712359840624021,-0.6916969059865901,0.17953907807581204
-0.5303078090720492,-0.3386124259636333,0.19169538310841594
-0.6521585953598078,-0.31627020245407755,0.33588839290573025
-0.31471668348759085,-0.1627724281568,0.15194425533079087
-0.6940216881937982,-0.47581952954400814,0.21820215864979003
-0.21295114583211702,-0.27353284333283984,0.060581697500722814
0.9432647674917191,0.7202973038357671,0.222967463655952
-0.9644105014012941,-0.8323113179634708,0.13209918343782334
-0.09918739681418713,-0.18578766351492693,0.0866002667007398
0.37054822185179276,0.3651624336294008,0.005385788222391941
0.919833257934039,0.6940398538528488,0.2257934040811902
-0.856865469014447,-0.6991298955051115,0.15773557350933554
0.20753575360737284,-0.07992459295564132,0.28746034656301417
-0.4301675528021506,-0.3407110255786718,0.0894565272234788
0.9655765622604925,0.7961866580690051,0.16938990419148736
0.00030455234467352494,-0.24057280584751864,0.24087735819219216
-0.028412081925711357,-0.3289963263292369,0.30058424440352555
0.6919605575848973,0.6004255961594595,0.09153496142543782
-0.9667575772750798,-0.8288447403984266,0.13791283687665323
-0.8392610556382867,-0.6695223475326416,0.16973870810564506
0.8766890819541947,0.6479546680719644,0.22873441388223026
-0.7440840465163495,-0.5259412113677786,0.2181428351485709
0.9347638582175121,0.7164247266976024,0.2183391315199097
-0.9257374863458324,-0.7280266445748526,0.19771084177097986
0.7297795013819002,0.6241791528440459,0.10560034853785427
-0.16246250972650808,-0.2605872673228765,0.09812475759636843
0.9152415704237784,0.69837615031695,0.2168654201068284
0.6169629485870534,0.5671947656835351,0.049768182903518254
-0.946800126884044,-0.7431984105403808,0.2036017163436632
-0.38951655020317055,-0.37438933595043544,0.01512721425273511
0.587912232442588,0.7095588749270841,0.12164664248449619
-0.4956023053336025,-0.2616659117815311,0.2339363935520714
0.6171670010588018,0.4122576291528947,0.20490937190590713
0.803222387123744,0.6620964429379026,0.14112594418584146
0.6045227795360523,0.39752492240494386,0.2069978571311084
0.947927555886717,0.7456501697312593,0.20227738615545765
0.9253999438078345,0.6920976653532852,0.23330227845454932
0.057070481349263576,0.12590051889509543,0.06883003754583186
-0.14926144720639137,-0.02595824754123377,0.1233031996651576
0.6923455549529073,0.5896208759399694,0.10272467901293791
0.9377949321215304,0.7118873514197699,0.22590758070176054
0.5898000316099756,0.5246617345518545,0.06513829705812113
0.03606799667793059,-0.052907594636045406,0.088975591313976
-0.8288670865718598,-0.604751454373521,0.22411563219833885
-0.005700707570750493,0.0741449712894285,0.07984567886017899
-0.7767131734582408,-0.6452505425839101,0.13146263087433063
-0.8575790751479615,-0.6295833458759065,0.22799572927205503
0.1085210439329505,-0.05663408616755465,0.16515513010050514
0.609417944870692,0.41707710431801676,0.19234084055267525
0.8542167335644423,0.615624556926137,0.23859217663830523
-0.939141558320679,-0.755571351723123,0.18357020659755607
-0.2045498092276178,-0.2336700849820744,0.02912027575445658
0.9582140092538202,0.7587429442457493,0.19947106500807088
0.7240166835781437,0.42388605668485535,0.3001306268932884
-0.8241256992533862,-0.6974911076711476,0.12663459158223855
0.5158865132017129,0.5228612031739793,0.006974689972266468
-0.5539631725731776,-0.27634378839644175,0.2776193841767359
-0.8095438123409938,-0.5810346242804147,0.22850918806057907
-0.33001176199154897,-0.1732608437416608,0.15675091824988815
-0.3799032656466485,-0.21506100692803845,0.16484225871861005
-0.7520874246797966,-0.5330171818853474,0.2190702427944492
-0.637788262431165,-0.4280977157548893,0.20969054667627574
-0.9432209834599555,-0.7238147650226893,0.21940621843726626
-0.19894962878666095,-0.08231667593951353,0.11663295284714742
0.8832084651795219,0.6535673889252333,0.22964107625428865
0.2864467625833814,0.32665708843355357,0.040210325850172146
-0.7288162338298073,-0.6226664106624092,0.10614982316739807
-0.376095083706599,-0.4202532765492874,0.044158192842688404
-0.32925369871125393,-0.3241834161606929,0.005070282550561023
0.16941850822807034,0.05763462461358996,0.11178388361448038
0.13665883310479732,0.1844140868732856,0.04775525376848827
0.8878461438365133,0.7036244219746388,0.18422172186187447
-0.007686668696568103,-0.09719336047942702,0.08950669178285892
-0.7909681195815275,-0.5571144991879768,0.23385362039355062
0.8856802696694441,0.7162019592275207,0.1694783104419234
-0.0037714988336202938,0.07880580672937884,0.08257730556299914
0.894600850723642,0.7137328850834863,0.18086796564015573
-0.8812492790837828,-0.7082834275501555,0.1729658515336273
0.08107048349947842,-0.018195748296842357,0.09926623179632077
0.9004400032020164,0.5992120838221557,0.3012279193798607
0.1329496084830486,0.018343160536133392,0.11460644794691521
0.36104908972835026,0.2087878793551495,0.15226121037320076
0.7066471323078256,0.599898657596829,0.10674847471099658
0.30489165320705525,0.3250941775649082,0.02020252435785297
-0.20628402360079037,-0.24542342824487692,0.03913940464408655
0.5308841545327274,0.48478597606929047,0.046098178463436945
-0.781665822073556,-0.7474054938614837,0.034260328212072255
0.9670605216965286,0.8033252694088295,0.16373525228769903
-0.907874428183786,-0.6760497571990045,0.23182467098478154
-0.5394243649933381,-0.49512126386247207,0.04430310113086605
-0.5614589464053731,-0.5139854367776197,0.04747350962775343
-0.5447101445533052,-0.34321230720577517,0.20149783734753007
-0.5852634317268053,-0.5597473857938692,0.025516045932936104
0.7246864742819809,0.6210898093308145,0.10359666495116637
-0.140438653700949,-0.019460992424445597,0.12097766127650339
0.21681019107022362,0.07371449235803842,0.1430956987121852
0.731300883551446,0.609470464636775,0.12183041891467095
-0.8045471102651525,-0.7451588319630849,0.05938827830206761
0.7501840838203201,0.5253034683009866,0.22488061551933347
0.536431326995291,0.3456428658267482,0.19078846116854276
-0.962279344813937,-0.7554762489584254,0.2068030958555116
-0.9330631219511485,-0.7005853408315068,0.23247778111964168
-0.1404228558737944,0.06468116799940167,0.2051040238731961
0.9473868383823322,0.723841821335264,0.2235450170470682
0.9225893292371503,0.7220066443225767,0.20058268491457365
-0.9395447980467896,-0.7195688139113148,0.2199759841354748
0.27684403877686015,0.14010621294738945,0.1367378258294707
0.6712693889792285,0.575711176627142,0.0955582123520865
-0.8917979794739946,-0.6723446211033839,0.21945335837061075
-0.4091358847582453,-0.393659423539674,0.015476461218571325
0.13166851067595972,0.1845254725151605,0.05285696183920077
0.6999246644429071,0.5984680323703264,0.10145663207258071
-0.7361303294824738,-0.5047181539914475,0.23141217549102633
-0.4354812842981195,-0.24983435224994616,0.18564693204817334
0.5012165671843127,0.6520803628583685,0.15086379567405572
-0.8519651644455443,-0.6911314449885831,0.16083371945696112
0.9465623830156307,0.7125903766394235,0.2339720063762072
-0.9277029641314918,-0.7110114656462142,0.21669149848527758
0.6263485999442218,0.5594214954511922,0.06692710449302952
0.8052360640905863,0.5721173366115901,0.2331187274789962
0.9405222941952468,0.7072160769043174,0.23330621729092937
0.2672285453138619,0.12271954859016125,0.14450899672370066
0.831821513705857,0.7355639971832028,0.09625751652265424
-0.8867552655324493,-0.6597624116640961,0.22699285386835322
-0.8243819133356942,-0.5394202461276439,0.2849616672080503
0.7892413991225833,0.5651278817141078,0.22411351740847552
-0.94691043559874,-0.7323997070412165,0.2145107285575235
0.32983515885659476,-0.017295068739030695,0.34713022759562545
-0.4147993242804605,-0.3937201227660326,0.021079201514427937
-0.20815801867123074,-0.07556282463587206,0.1325951940353587
-0.7536305312364509,-0.525572274222467,0.22805825701398386
-0.7272251766480263,-0.6184072066403105,0.10881797000771587
0.8692842812343908,0.6956267161192589,0.17365756511513197
0.3166709712309599,0.3225726390252114,0.005901667794251497
0.9726036111987514,0.744440089364599,0.22816352183415234
-0.9012357709143092,-0.7216926089294996,0.17954316198480957
0.9411282476528324,0.7092944369272571,0.2318338107255753
-0.9411273446245824,-0.7342312499805722,0.20689609464401015
0.6174624167936091,0.39885041475025323,0.2186120020433559
-0.05750958144595066,-0.12607737394416174,0.06856779249821107
-0.268936923434395,-0.13082960769160448,0.13810731574279053
-0.9482745719722766,-0.7319984141351934,0.2162761578370832
0.2957847712077538,0.15133072843201897,0.14445404277573484
0.6259023159592235,0.5463828986715114,0.07951941728771217
0.9219900370469427,0.7434454421575176,0.1785445948894251
0.0806342789995544,-0.0377167687560271,0.1183510477555815
0.09572614944990715,-0.07588534568479136,0.1716114951346985
-0.5757109883359579,-0.528593631062896,0.04711735727306188
-0.41275033297213587,-0.3877094993756774,0.02504083359645848
0.8606130682372758,0.63370285516371,0.22691021307356574
-0.5820574423818821,-0.5153078019892491,0.06674964039263298
0.8245634405055277,0.602811012389741,0.22175242811578666
-0.91269109795239,-0.6809016649909667,0.2317894329614233
0.5938800250001999,0.5338870277199438,0.05999299728025609
-0.7642710073065537,-0.5533410602023505,0.2109299471042032
0.6421488185668565,0.5670377768296536,0.07511104173720284
0.7884537892582892,0.5559858592160517,0.23246793004223754
-0.9426793885896145,-0.7734486896725324,0.1692306989170821
-0.6010101436389125,-0.39762491536997235,0.20338522826894012
0.9719896258278021,0.7891349962275435,0.18285462960025867
0.4039003854110969,0.400013889248823,0.0038864961622739336
-0.9667406734794585,-0.7444925744701025,0.22224809900935594
-0.6885441678085137,-0.5897026510203947,0.09884151678811903
-0.026164912183762483,-0.10792558582444835,0.08176067364068587
-0.8823476737221312,-0.6199825243325269,0.2623651493896043
-0.48062033003229393,-0.291825820571019,0.1887945094612749
-0.2747506891038006,-0.12545214633009494,0.1492985427737057
-0.09753844645630472,-0.16284850880009127,0.06531006234378656
0.26680192092108107,0.1259363025970614,0.14086561832401967
-0.8545978296105775,-0.6281790366251944,0.22641879298538314
0.8305981483624819,0.6824434909702243,0.14815465739225764
0.1392686351449029,0.1924501212796818,0.05318148613477891
0.9751661306956998,0.76277346895718,0.21239266173851978
-0.968078498604127,-0.7488253849181247,0.2192531136860023
-0.9336634115283082,-0.7431132211187184,0.19055019040958987
0.9162004123590408,0.7347920741859442,0.18140833817309665
-0.8645616609402035,-0.6035211449273962,0.2610405160128073
-0.2952089421857201,-0.3131185936241405,0.017909651438420437
-0.8953776367596851,-0.6608034096430625,0.23457422711662257
-0.911742491577057,-0.7164288132714534,0.19531367830560364
0.8143650725939859,0.581058763022536,0.23330630957144993
-0.33356946176975616,-0.3450771708318311,0.011507709062074933
0.8962100058125024,0.7235577106033142,0.17265229520918823
-0.7362626875980062,-0.7381262623902682,0.0018635747922620682
0.5530846113847568,0.4923253404760707,0.06075927090868616
0.4696107384814008,0.443031596676884,0.02657914180451676
0.8457532677008953,0.6075941215748859,0.2381591461260094
0.7438469039650298,0.6132821368779999,0.1305647670870299
-0.060257359626986515,-0.21002610616690445,0.14976874653991795
0.43270318248024175,0.40812378495980506,0.024579397520436697
-0.710454472406775,-0.603241323491962,0.10721314891481293
0.08599016703868727,-0.05889318909526748,0.14488335613395475
-0.1800407644422633,-0.05076598821348171,0.12927477622878158
0.44579484961807925,0.42153871571911966,0.024256133898959586
0.7651674624553122,0.5328511659454033,0.23231629650990893
0.2974899433998539,0.31627503337956026,0.01878508997970635
-0.7668410888063555,-0.6341640761006049,0.1326770127057506
0.6205913193484197,0.6053011422508148,0.01529017709760494
-0.6627809464463044,-0.3525357248565998,0.3102452215897046
0.8938781047017875,0.7238420227125615,0.17003608198922604
-0.5988459710789542,-0.5261665985754798,0.07267937250347445
-0.045873502998528125,-0.12354709809975825,0.07767359510123012
0.6221463300255897,0.549898749433975,0.07224758059161474
-0.9733248695746667,-0.7536832242805213,0.21964164529414543
-0.8719677929911057,-0.6984244268254495,0.17354336616565624
0.07869028759995521,0.14268628420709198,0.06399599660713677
0.2333023622988855,0.26294231819554537,0.029639955896659853
0.3352956825691423,0.15480114821221017,0.1804945343569321
-0.6743600852442334,-0.4632079627413266,0.21115212250290682
-0.5963786860446264,-0.38736043112866353,0.20901825491596288
-0.9265434248833766,-0.6963341014315774,0.23020932345179923
-0.21096286323136373,-0.08621326086576825,0.12474960236559549
0.860226035175048,0.7020959540134724,0.15813008116157568
0.9192625025483692,0.7392906903324249,0.17997181221594427
-0.8621369011999803,-0.6953073486297258,0.16682955257025456
0.8531948903906617,0.624045464573566,0.22914942581709563
-0.848115716761999,-0.7473048779046386,0.10081083885736042
0.6353399183090006,0.4032548576157689,0.2320850606932317
0.31401267816979855,-0.010372758258541065,0.3243854364283396
-0.018245991897134578,0.05903604647412305,0.07728203837125763
-0.5531084666329049,-0.3552011515546482,0.1979073150782567
0.2584533602383383,0.32740109052108174,0.06894773028274342
0.6972248348012136,0.48069435497099466,0.2165304798302189
-0.7743161001265203,-0.5519959707217295,0.22232012940479084
0.9486382409854036,0.7400266218740437,0.20861161911135995
0.8830123800846919,0.7118466189729481,0.17116576111174375
-0.9537351593265143,-0.7522117127773336,0.20152344654918075
0.8065389966145807,0.6376764212570333,0.16886257535754745
0.2831833545244788,0.32370283930531646,0.04051948478083767
-0.5297716193828808,-0.33419180404722415,0.1955798153356566
-0.7659656491478793,-0.6782239821505001,0.08774166699737929
-0.4792161224914411,-0.45339593805725364,0.025820184434187432
-0.6073937258283666,-0.5222387049998537,0.0851550208285129
-0.09094311308338471,0.037125917318143624,0.12806903040152834
-0.5750804006891422,-0.2692754055377827,0.30580499515135956
0.7735416342801927,0.5448243472100945,0.2287172870700982
-0.04682497709336929,0.22013912904492378,0.2669641061382931
0.6572887938684058,0.4395534544881391,0.21773533938026668
0.8737284544047483,0.7209157381413062,0.15281271626344217
0.5362025166410085,0.49025876915372796,0.04594374748728053
-0.14208102312500798,-0.2149071486092381,0.07282612548423012
-0.5618232183884638,-0.3686521543522776,0.19317106403618622
-0.4867679763758897,-0.28132958430936406,0.20543839206652564
-0.871096911320088,-0.6554447583933412,0.2156521529267469
-0.5378229407438445,-0.28690235590207697,0.25092058484176755
-0.7569559726996927,-0.5299800826402602,0.22697589005943253
-0.8501973518478732,-0.6100731925518799,0.2401241592959933
-0.8902940716786566,-0.6544162592521244,0.23587781242653216
-0.894268464576202,-0.7467535583467442,0.14751490622945784
0.03672162782952445,0.14074849532942862,0.10402686749990417
-0.5478633703276141,-0.5383991456284564,0.009464224699157753
-0.7933998781533624,-0.5782219202382893,0.2151779579150731
0.8871470774868855,0.7136302878127875,0.173516789674098
-0.6841404463447935,-0.42921947877478733,0.2549209675700062
0.42145321382114476,0.405325080642139,0.016128133179005744
0.6009442566533072,0.539590637197476,0.061353619455831176
-0.837381458447023,-0.5902297960918726,0.2471516623551504
-0.7595697720122431,-0.644221226631739,0.1153485453805041
-0.8583672042730958,-0.6259915733843815,0.23237563088871427
0.4957200181226883,0.30639239682464775,0.18932762129804054
-0.6650662391300278,-0.45548361923258285,0.20958261989744498
-0.9362484616440959,-0.734138186603755,0.20211027504034096
0.40715852712804784,0.23003813970495218,0.17712038742309566
0.9366988849146454,0.7208141613772017,0.2158847235374437
0.8111471317735597,0.5847491332254111,0.22639799854814857
0.957184596166755,0.7734131253516255,0.18377147081512946
0.8066381737511726,0.6734282691502699,0.13320990460090276
-0.12422446690153076,-0.20647438219123906,0.0822499152897083
-0.49601687926154436,-0.3115626515892004,0.18445422767234398
0.8713868802565474,0.6488750339679058,0.22251184628864162
-0.4804123646885764,-0.2948945220570554,0.185517842631521
-0.7742100673715983,-0.7150336668710117,0.05917640050058659
-0.8241263637526924,-0.6787345856843,0.14539177806839243
0.6404562626969007,0.42952393961720686,0.21093232307969384
-0.713343686247252,-0.49513984275160905,0.21820384349564292
-0.30504184664929757,-0.14625718725792147,0.1587846593913761
-0.4266413754295424,-0.4080685771410294,0.018572798288512993
-0.8244026999303434,-0.7372511815581967,0.08715151837214674
0.9481441521919023,0.7408336750290871,0.20731047716281514
0.7622916452618254,0.6156747295546331,0.14661691570719226
-0.9568312611210144,-0.7694257047538855,0.18740555636712886
0.9430931392541342,0.7287707550859409,0.21432238416819327
0.09091650556610367,0.1519233693308161,0.06100686376471243
0.7176792801006036,0.6202951787054234,0.09738410139518017
0.059232024652683804,-0.050598496807820977,0.10983052146050479
-0.6995672929283787,-0.3761034777483281,0.32346381518005063
0.9037414058355288,0.7052307298705112,0.1985106759650176
-0.47974247260900316,-0.2923814218170355,0.18736105079196763
-0.9037245698661256,-0.7273509099871508,0.1763736598789748
0.4994513701275932,0.6474159678690887,0.1479645977414955
-0.7299724326002425,-0.6935233309370614,0.03644910166318105
-0.8871936772041348,-0.7115472705252143,0.1756464066789205
0.7145568802740911,0.605648986115696,0.10890789415839519
-0.8761286993545251,-0.6225808292605072,0.2535478700940179
0.559536050446349,0.34221913804428666,0.21731691240206236
0.4343442367135825,0.2585657365167209,0.17577850019686164
0.4114725090756337,0.23283094766392748,0.17864156141170623
-0.4404314443758638,-0.26357837197285866,0.17685307240300513
0.2548517353060845,0.2861543464863254,0.03130261118024086
0.5903414524419728,0.5913909191180429,0.0010494666760700877
0.1590223851880932,-0.03883480061122565,0.19785718579931885
0.3812902437676417,0.37057423535745065,0.010716008410191047
-0.009050681955600822,0.07989944490191861,0.08895012685751943
0.027984996772779717,-0.06190184096613409,0.0898868377389138
-0.7348994024106263,-0.40587482233440236,0.329024580076224
0.5169116184134432,0.48184432545951866,0.03506729295392458
0.2579078318357926,0.34871536421984123,0.09080753238404865
-0.23980576396041844,-0.10147001344403299,0.13833575051638547
-0.23382478585076227,-0.02701275277750514,0.20681203307325713
-0.45929004563328524,-0.4747189421400484,0.015428896506763157
0.8748188293399723,0.6404406244398334,0.23437820490013894
0.7460365543476039,0.5275550992031371,0.2184814551444667
0.09107698017595646,-0.018258430473957,0.10933541064991346
-0.35508327228754666,-0.34533713795419996,0.009746134333346701
-0.8893471818262725,-0.7461830543297956,0.1431641274964769
-0.9076827095992814,-0.6868360276639591,0.2208466819353223
0.7843103915362503,0.5527157926119395,0.23159459892431078
0.39368842816507044,0.3748488748254534,0.01883955333961701
0.9663448235212806,0.8054236288696853,0.16092119465159527
-0.05724672099686079,-0.20685014976568622,0.14960342876882543
-0.7624171444039868,-0.46730858292674543,0.29510856147724135
-0.9152241266408828,-0.6904448458363444,0.22477928080453846
0.3682652519180136,0.3655509173507513,0.002714334567262333
0.6950398281358755,0.4413087525362774,0.2537310755995981
-0.7625818830253009,-0.6722799186500176,0.09030196437528337
0.8105743830332244,0.5693539788679027,0.24122040416532164
0.19964583390829135,0.07233910275021939,0.12730673115807195
-0.9277591817931591,-0.6989030932328854,0.22885608856027373
0.932446836345765,0.72864131746699,0.20380551887877496
0.7619995226130712,0.646428410775664,0.1155711118374072
0.7607750714573744,0.536551056651069,0.2242240148063055
-0.2760064562620471,-0.13809835563434722,0.1379081006276999
-0.9444860299560551,-0.7237815705906143,0.2207044593654408
0.9168144604386449,0.687886806908473,0.22892765353017186
-0.38986957353831875,-0.18589519121303102,0.20397438232528772
0.21277833909614377,0.25609939754236066,0.04332105844621689
0.9783728972168468,0.8194610562963373,0.15891184092050958
-0.2583449233409539,-0.3152356370224454,0.05689071368149151
0.48006302292611097,0.5046035051152777,0.024540482189166768
-0.9402530617910196,-0.7207408666740285,0.21951219511699116
-0.7620360614596834,-0.6878255967794847,0.07421046468019865
-0.39122545619073784,-0.20848032689613386,0.182745129294604
-0.6738594359093848,-0.454338057356115,0.2195213785532698
0.9339135017080566,0.6876795737085253,0.24623392799953137
0.9602074627122953,0.8072616645377957,0.1529457981744996
-0.5892592938482408,-0.5178499581204032,0.07140933572783759
0.18138032511735114,0.26530325599803023,0.08392293088067909
-0.7307803451876156,-0.5127951008940627,0.21798524429355293
0.9328060050147676,0.6727413972866678,0.2600646077280998
0.31350178721718786,0.32880677744867215,0.015304990231484294
-0.2279563632271654,-0.2644679114670224,0.03651154823985703
0.8024076090632415,0.6889677415865876,0.11343986747665391
0.09005958620970089,-0.1535859808190021,0.243645567028703
0.2687802672095709,0.13679400510017742,0.13198626210939346
-0.9267048056864726,-0.6974109759982547,0.22929382968821788
0.20662151152846536,0.24451233410785364,0.03789082257938828
-0.5891100817365212,-0.37945213926243504,0.2096579424740862
-0.5628301673453034,-0.3681874804658522,0.19464268687945124
0.887697808936304,0.6545426206832677,0.23315518825303627
0.7934908208144532,0.7504173723918249,0.04307344842262828
0.9621559965611832,0.7749256247989464,0.18723037176223678
0.9061044870895073,0.6943082390947004,0.2117962479948069
0.2577673262185872,0.1089351807526321,0.14883214546595513
-0.8783654129078746,-0.6481973547182678,0.23016805818960684
-0.15650957150791767,-0.0269514220780191,0.12955814942989857
-0.7543261386613234,-0.5212306181668842,0.23309552049443916
-0.938784330737914,-0.7327519925973986,0.20603233814051536
-0.9361495370152426,-0.7079204508514877,0.22822908616375492
0.8786276711510376,0.6596385235804276,0.21898914757060994
-0.6371051847258623,-0.4106261178311271,0.22647906689473518
-0.8847361832627378,-0.7133813132706741,0.17135486999206373
-0.19427683244714272,-0.06479444401298015,0.12948238843416257
0.2995930330267538,0.10408084357345856,0.1955121894532952
0.6645312554531111,0.4501222745569464,0.21440898089616467
0.5558920833176224,0.35779902144094294,0.19809306187667947
-0.3070644199012823,-0.5784439576592068,0.27137953775792445
-0.17340449592434384,0.10076675724844426,0.2741712531727881
-0.2817886173265411,-0.002116314596333963,0.2796723027302071
-0.693310099122803,-0.5870908161596581,0.10621928296314487
0.516828838039134,0.47619188337362484,0.040636954665509206
-0.7852044290077977,-0.6581737598366012,0.12703066917119654
-0.5200068111975105,-0.483108983757415,0.036897827440095454
-0.9460686977631471,-0.7410583594955633,0.20501033826758375
0.9212791367097681,0.632981027931639,0.2882981087781291
0.6259583779217086,0.3575710872651886,0.26838729065652
-0.8491970703060346,-0.6937913872333225,0.1554056830727122
0.9246458795263564,0.7208375885275069,0.20380829099884945
-0.7465301206740823,-0.5234866026766428,0.2230435179974395
0.9719436151793499,0.7644299746403278,0.2075136405390221
0.4369362892478507,0.4484390679012295,0.011502778653378787
-0.763131493893981,-0.6262550928536238,0.13687640104035725
-0.5266368914576629,-0.4735397871235223,0.05309710433414061
-0.10651336643497482,0.0015762801030934951,0.10808964653806831
-0.2643385746787109,-0.2847149622811258,0.02037638760241489
0.9784289879892133,0.8160304798728183,0.162398508116395
-0.5889440900845011,-0.5253014558259131,0.06364263425858796
-0.9703483735042072,-0.7483234142595303,0.2220249592446769
0.41414695634040727,0.21870899085336282,0.19543796548704445
-0.5873400254047444,-0.5131287949401727,0.07421123046457168
0.9641798789987204,0.7736276164522369,0.1905522625464835
0.21642061876584792,0.09057033125538978,0.12585028751045813
0.9504565137358741,0.7458314765380689,0.20462503719780523
0.9357399453287016,0.7294748419469349,0.20626510338176673
0.8157752380455319,0.5837603351270877,0.23201490291844418
0.8711334035763332,0.7061158345078091,0.16501756906852405
0.4949027353463069,0.1872301904402325,0.30767254490607443
-0.5878551642228388,-0.5250850370546979,0.0627701271681409
-0.911887187811882,-0.6972100848142971,0.2146771029975849
0.888559976039642,0.7251694841561205,0.1633904918835215
0.7753425417284654,0.7308646647929393,0.04447787693552607
0.43567506942887185,0.2556227739281198,0.18005229550075208
0.6670604978947552,0.45405892460274255,0.21300157329201264
-0.15914891989705138,-0.04525787317785546,0.11389104671919592
0.25938339856209397,-0.003661095361492177,0.26304449392358614
-0.7346188954739902,-0.5114661678082724,0.2231527276657178
-0.9477737239049187,-0.7400697483022269,0.20770397560269171
0.38485089717210774,0.21394537194287802,0.17090552522922972
-0.12457010301841982,-0.1950251027064671,0.07045499968804729
0.4357402837234772,0.2328722969099904,0.20286798681348678
0.9177199672325722,0.718248487969134,0.19947147926343822
-0.49195708339858296,-0.23082136834227684,0.2611357150563061
0.8201427955449833,0.6797816802774067,0.14036111526757655
0.8358614274578938,0.6062722641389291,0.22958916331896473
-0.9291347820118327,-0.6935162563534699,0.23561852565836283
-0.8647180480974404,-0.64416490827552,0.22055313982192037
-0.45734729450347456,-0.2454497363350133,0.21189755816846126
-0.6531926759590222,-0.5691396433450878,0.08405303261393438
-0.42649402084925997,-0.4790133093583306,0.052519288509070616
0.09776698370933455,-0.013296137369830171,0.11106312107916472
0.9343068476478091,0.760387580562616,0.17391926708519312
0.2865915047421219,0.5308850668227322,0.24429356208061026
0.874200400224138,0.708379405389834,0.16582099483430401
-0.7154464113526925,-0.6001911448569568,0.1152552664957357
-0.8201108415269415,-0.5991226605307097,0.22098818099623174
-0.3212205064122505,-0.322565927866963,0.0013454214547125032
-0.8226718666433845,-0.6845719878260007,0.13809987881738384
-0.17159720592595637,-0.05571949943233302,0.11587770649362335
-0.7175729442246473,-0.7297650015785343,0.012192057353886954
0.9145409208157995,0.6910268271155823,0.22351409370021724
0.9209699650339958,0.7342036551815659,0.1867663098524298
0.7091113613708259,0.7155667305305051,0.006455369159679258
0.9263306756619755,0.7330808306960334,0.1932498449659421
0.516487045262096,0.5170708501589271,0.000583804896831075
0.8548857574228803,0.6271700178381102,0.2277157395847701
0.5661990201252219,0.5258196911504722,0.04037932897474972
-0.9363062903121251,-0.7356368217056988,0.20066946860642632
-0.2461935738953458,-0.30864852812184124,0.06245495422649544
-0.6837129976261724,-0.40885335998503136,0.2748596376411411
-0.4442287161025396,-0.41726223653914096,0.02696647956339865
-0.5110831176598808,-0.3252365543848413,0.1858465632750395
-0.047948474844589875,0.05465775954037345,0.10260623438496333
0.7235694395875574,0.6153204618101384,0.10824897777741893
-0.01833637135086644,0.10059201841653624,0.11892838976740268
0.9463850491955754,0.7302825959436594,0.21610245325191602
-0.807738356817824,-0.7125671553323424,0.09517120148548164
0.9404537370404468,0.7450115648081032,0.19544217223234361
0.24520929591092774,0.27918308641591516,0.03397379050498742
0.1638689568156995,0.4632543315787207,0.2993853747630212
-0.9483430969395267,-0.7297430576235494,0.21860003931597727
0.5303919694879674,0.4790096763641383,0.05138229312382908
-0.7278748124543453,-0.5067480712474056,0.22112674120693965
-0.8637903868935624,-0.6292377673658325,0.23455261952772988
-0.5608711320639648,-0.37384835706346115,0.18702277500050363
-0.9410694015844762,-0.7388830016607203,0.20218639992375587
-0.28973394075243375,-0.06987464774088596,0.21985929301154777
0.6047112915291114,0.5280367086895307,0.07667458283958073
-0.8513645146815205,-0.7042620826947682,0.14710243198675232
-0.10376044777615581,-0.18503119880828764,0.08127075103213183
-0.15212867022957116,-0.03394045537205708,0.11818821485751407
-0.8955392887128971,-0.72406861453798,0.17147067417491713
-0.3048171606938131,-0.32075986855696803,0.015942707863154937
-0.39417163937682725,-0.45672792385618133,0.06255628447935407
0.9359320314578422,0.7292499845201272,0.20668204693771497
-0.12381208864047477,-0.014500906179007018,0.10931118246146776
0.9364617511802887,0.7170664667118789,0.21939528446840983
0.6838884151519187,0.4715906224115724,0.21229779274034627
-0.8853940552136357,-0.7413716916831611,0.1440223635304746
0.276178962270036,0.3037120725729399,0.027533110302903896
0.6642686535525303,0.46047228846300287,0.20379636508952742
-0.5649116321121678,-0.49946083927353707,0.0654507928386307
0.7107450272835109,0.49141417153353034,0.2193308557499805
0.7099881721142765,0.49126477752718534,0.2187233945870911
0.6623449966558187,0.5679474026150328,0.09439759404078585
-0.8579485938650436,-0.7730629771560027,0.08488561670904093
0.2856889786983273,0.13847667853618337,0.14721230016214396
-0.7905607453206019,-0.6589071151787096,0.13165363014189235
0.6663648993235228,0.44200133421907956,0.22436356510444327
-0.7748912394570485,-0.7197540802681046,0.05513715918894391
-0.2868263382321019,-0.3076127541950228,0.020786415962920912
0.9387243544285903,0.7391011387480674,0.19962321568052288
0.7836171148178116,0.6587701523072668,0.12484696251054483
-0.9402697374028391,-0.7100357881736202,0.23023394922921891
-0.1562290355470896,-0.43333111400465696,0.27710207845756735
-0.775855423924734,-0.5595403083683798,0.2163151155563542
-0.6925516236307474,-0.47341133767905935,0.21914028595168805
-0.36093376637200614,-0.2035341131041847,0.15739965326782143
0.30969348940628344,0.1877427540110054,0.12195073539527804
0.059597216587447405,0.3525689774616804,0.29297176087423304
-0.602621905280052,-0.540216594078237,0.06240531120181503
0.8725759368715525,0.7588079399320571,0.11376799693949546
-0.7861520833534046,-0.5602268655588182,0.2259252177945864
-0.2853751517743236,-0.12682787177626842,0.15854727999805518
-0.9130633928513617,-0.7290910715934323,0.1839723212579294
0.8764569058581274,0.7020612055682833,0.17439570028984408
-0.860813593328361,-0.6978372928501346,0.16297630047822642
-0.886474844801126,-0.7025065476783678,0.1839682971227582
0.2508040840905124,0.27699897177959054,0.026194887689078128
-0.5890867115436788,-0.38517740468954303,0.20390930685413572
-0.5535875630742655,-0.36373561683808536,0.18985194623618012
-0.5348790977015975,-0.3338854766693343,0.20099362103226315
0.9466933474314683,0.7314052666424087,0.2152880807890596
-0.35024161747061583,-0.3539042471931511,0.003662629722535282
0.7256533687350781,0.4896369073619961,0.23601646137308202
0.9271479884988681,0.6245939791890621,0.302554009309806
-0.8702504994525978,-0.6582064783861824,0.2120440210664154
0.3273960599424156,0.33788031709607463,0.010484257153659027
-0.6516225813941863,-0.5770444759336155,0.07457810546057075
-0.4623179820473578,-0.21557525572194572,0.24674272632541208
-0.8788780856413427,-0.7105584483772394,0.16831963726410337
-0.9429760759723613,-0.7106460889094608,0.23232998706290053
-0.5736433549930116,-0.5343516648223813,0.03929169017063028
-0.36584441793343103,-0.21198779195560474,0.1538566259778263
0.8975695388384624,0.7231950017003841,0.17437453713807827
0.7263208577844286,0.6165309060933285,0.10978995169110006
0.8572203259896757,0.7677826058291739,0.08943772016050178
0.8747754574090377,0.6438269418144048,0.23094851559463292
0.9264263943730183,0.7389991934202811,0.18742720095273724
-0.9170652018565311,-0.7266552884913249,0.19040991336520618
0.9046080084178435,0.6966479898227425,0.20796001859510105
0.007534321055832931,-0.3045003209254163,0.3120346419812492
0.9037667563090499,0.6663404318615526,0.23742632444749734
-0.43296245282045986,-0.2606034337659905,0.17235901905446938
0.8790770424383397,0.6391486910287184,0.23992835140962132
-0.8558454384009979,-0.6228463261209033,0.23299911228009462
0.024248116855824335,-0.18572930335073795,0.2099774202065623
0.5530367439208798,0.4966035594508315,0.05643318447004825
-0.4670797184195417,-0.2552190269337806,0.2118606914857611
0.46687112569363143,0.42755994433483785,0.03931118135879358
0.6052322098462426,0.653502806957454,0.0482705971112114
0.8622692725396814,0.6199727282641397,0.2422965442755417
-0.5569021642015768,-0.5095664159153881,0.047335748286188695
0.7141620197562957,0.6902174367363056,0.02394458301999003
-0.9175147116806538,-0.6935287747336502,0.22398593694700364
-0.9490004049124786,-0.8077937530737513,0.14120665183872727
0.5387531721192622,0.3577483948023415,0.18100477731692072
0.8507193809710729,0.6082439582770985,0.24247542269397437
-0.8431056104808287,-0.6155823813135466,0.22752322916728207
-0.3561276190390958,-0.2006754873839682,0.15545213165512758
-0.9577058540106949,-0.7298024905200601,0.22790336349063478
0.7740755861535715,0.5543225338340372,0.21975305231953435
-0.8366227411469066,-0.7441289770447326,0.09249376410217403
-0.5297285216101504,-0.47863012174759567,0.05109839986255471
0.2795929147586304,0.04348793827041983,0.23610497648821058
-0.49355264539153926,-0.4572407051457205,0.03631194024581874
-0.23634749048734272,-0.3075920947884433,0.07124460430110058
-0.5082553782906317,-0.23124998885284298,0.27700538943778874
-0.3908145764874504,-0.23423695934911007,0.1565776171383403
0.6564807327762747,0.2927201708290445,0.3637605619472302
-0.4835864183422448,-0.44113799323442743,0.04244842510781738
-0.904823589634433,-0.6706558746740783,0.2341677149603547
-0.0276898627394671,-0.10720966782160143,0.07951980508213433
0.8337862823606398,0.6842960763702601,0.14949020599037965
-0.8406292722277031,-0.5026959346363918,0.3379333375913113
-0.7394034160272035,-0.7680072926222681,0.02860387659506458
-0.8547440483383087,-0.5252323302139709,0.3295117181243379
-0.4623384191497613,-0.283291489546495,0.1790469296032663
-0.06088863488172387,0.04350857901516643,0.1043972138968903
0.5213468756873822,0.4730172665642699,0.04832960912311235
0.9468316888786162,0.7408280763876334,0.20600361249098287
0.8776896239563047,0.6321929461716805,0.24549667778462414
0.13016354273382644,0.20733872264785044,0.077175179914024
0.4019897014311494,0.29444256861951645,0.10754713281163297
0.9356125289050532,0.7051645011766872,0.23044802772836603
0.4413864922629385,0.4156234367742133,0.025763055488725206
-0.36191018097195654,-0.36705521485218323,0.00514503388022669
0.6030824309928274,0.541691161879804,0.061391269113023395
-0.9076298885193547,-0.6716295391533759,0.2360003493659788
0.23181710829051447,0.09929322497157703,0.13252388331893744
0.8921252529571483,0.7231546767346555,0.16897057622249279
0.3104839130316444,0.0887225666510987,0.2217613463805457
0.8979487930885288,0.6553914559615807,0.24255733712694816
0.547850758025357,0.361385713411866,0.186465044613491
-0.25823349391546324,0.062033942824209945,0.3202674367396732
-0.8369519412071698,-0.6925638215518631,0.14438811965530662
0.9144066066613903,0.6905040234423808,0.22390258321900947
-0.666980776586366,-0.5807839186093666,0.08619685797699939
-0.24174823015683866,-0.26001545763383427,0.018267227476995607
-0.8030625166913908,-0.5526273484710881,0.25043516822030276
-0.7029506585077823,-0.5954462109735746,0.10750444753420763
0.9763280119404855,0.8231160105711757,0.1532120013693098
-0.15809796750368899,-0.04175697034273415,0.11634099716095483
0.07518032871344525,-0.11374323211788401,0.18892356083132927
0.5870317403703996,0.3950444829746651,0.19198725739573452
0.552088516805772,0.19143376417041766,0.3606547526353543
-0.31965351263587394,-0.5369229580721578,0.2172694454362839
0.8433240628703698,0.6176337290968981,0.2256903337734717
0.9230473490201578,0.6926256948145961,0.2304216542055617
0.7865639487360596,0.566261049974425,0.22030289876163467
0.9326285242808304,0.7230724569064805,0.20955606737434995
0.43183272636737324,0.4165223666073237,0.015310359760049519
-0.569301539630775,-0.5065747666140124,0.06272677301676266
-0.9199736753739828,-0.7249662979611639,0.19500737741281893
0.4418005791321652,0.41356800308112246,0.028232576051042735
-0.6541905041830915,-0.45045444761225734,0.2037360565708342
0.28340970017054806,0.14074990317876482,0.14265979699178324
0.07652366875949825,-0.04603867370742638,0.12256234246692463
0.7185905750808155,0.6005998745562817,0.11799070052453375
-0.4723410965180675,-0.5607164417464889,0.08837534522842144
0.45724454971089074,0.42279649852044576,0.03444805119044497
0.8685696151154128,0.7458812666616327,0.12268834845378007
0.7282366135146252,0.5032449109841136,0.2249917025305116
-0.7383585415544992,-0.5143183101470645,0.22404023140743468
0.09101654868993073,-0.01642693248684121,0.10744348117677194
-0.11633292307612382,-0.013915266590842735,0.10241765648528109
-0.507139406335316,-0.6041582371426198,0.09701883080730389
-0.7238083739791684,-0.5028004514433793,0.22100792253578916
-0.534585644922657,-0.33103417151727077,0.20355147340538626
0.7093571386990289,0.4873007364423523,0.22205640225667667
-0.21331767533894838,-0.23680944693758715,0.023491771598638772
-0.2546824533467863,-0.28126508992194454,0.026582636575158247
-0.4782982791902547,-0.4414283150171366,0.03686996417311811
0.8300486168754648,0.5860570849206267,0.24399153195483814
0.734328738727024,0.4178993071323608,0.3164294315946632
0.7801699901904501,0.65630290629433,0.12386708389612011
-0.8275013097250611,-0.5999263060704224,0.22757500365463867
0.3249826510293605,0.32782289526517244,0.0028402442358119173
-0.859384328926543,-0.6261744733482267,0.2332098555783163
-0.48373346262927147,-0.25687845407443166,0.2268550085548398
-0.3070844131230337,-0.14633106843468416,0.16075334468834954
-0.702573545019578,-0.480490346363806,0.22208319865577203
-0.6011449203419407,-0.39418047195094313,0.20696444839099754
-0.4074934856127255,-0.40235797219678393,0.005135513415941595
-0.9239924298350971,-0.7383598319936248,0.18563259784147235
0.30228793407625704,0.30254908381021284,0.0002611497339558011
0.8939147712993133,0.7670881489304012,0.12682662236891207
0.024049051226348653,0.10212753263277612,0.07807848140642747
0.3360099905647037,0.1829831819492884,0.15302680861541532
0.8261345691306563,0.5969563283261213,0.22917824080453497
-0.23921131447774532,-0.10530180719692038,0.13390950728082496
-0.35424810089896275,-0.19002593534133472,0.16422216555762803
0.8389841305291963,0.6811971104429936,0.1577870200862027
-0.7429994491348897,-0.523010245876901,0.21998920325798865
0.40491221758597806,0.13978304092749616,0.2651291766584819
-0.556477696147386,-0.5045619376792688,0.051915758468117135
-0.1774759764944396,-0.05553679827914956,0.12193917821529004
0.6911863819560615,0.6499479054095828,0.04123847654647872
0.42846700382618264,0.2565357567986137,0.17193124702756896
0.3869231651681143,0.2172283456946389,0.16969481947347542
-0.7880716883353027,-0.5589788538748311,0.22909283446047157
0.19268312654019873,0.06596791142154167,0.12671521511865708
-0.7480882757474661,-0.6257123023839505,0.12237597336351558
-0.7981546286803404,-0.5722750760277764,0.225879552652564
-0.9612323198915798,-0.750650923326384,0.2105813965651958
0.5099801932484604,0.48322026243399196,0.02675993081446848
-0.05231231715618506,0.04535424035593744,0.0976665575121225
0.2653834495010335,0.29923239641040117,0.03384894690936768
-0.7087922991787655,-0.49185708002842743,0.2169352191503381
-0.953418232829861,-0.7529751988020832,0.20044303402777786
-0.17984019527939066,-0.04706248328713203,0.13277771199225863
-0.3474557732351936,-0.18730566881379437,0.16015010442139924
0.8416995901277531,0.5481845828098115,0.29351500731794156
-0.8837238883723859,-0.7313654072394195,0.15235848113296646
0.21273691257438723,0.2372605969405654,0.02452368436617816
-0.48876245594128703,-0.2888210387983687,0.19994141714291835
0.4993271672541577,0.3169619359529999,0.18236523130115784
0.7431968612333433,0.5268364950096274,0.2163603662237159
-0.7107785530990992,-0.6101813743110471,0.10059717878805208
-0.6178251681407722,-0.5178515833151187,0.09997358482565344
0.9446068079559666,0.7310563478647635,0.21355046009120315
-0.6759249616333104,-0.4567388836884354,0.219186077944875
-0.7158316324581129,-0.4985333136931025,0.21729831876501038
0.8440017499928137,0.687805790875273,0.1561959591175407
0.934909825155144,0.6535495679432337,0.28136025721191027
0.6150221768173921,0.5346309558308258,0.08039122098656637
0.18599501829650172,0.2283745928501644,0.042379574553662674
0.7540388643034189,0.6205990592009833,0.13343980510243558
0.00549748566998987,-0.14235801339497847,0.14785549906496834
0.9360626552399203,0.7274194725709661,0.2086431826689542
-0.7993739473107018,-0.57603395868898,0.22333998862172177
0.729798821702691,0.6555396600314559,0.07425916167123503
0.545415016023115,0.4677118294039541,0.07770318661916092
-0.0761780164954028,0.02320126908481171,0.09937928558021451
-0.9458852723466402,-0.7031944814869898,0.2426907908596504
0.8761429309029659,0.6016402857702308,0.27450264513273515
-0.8111316250514136,-0.5829727164205601,0.22815890863085342
-0.9278655947851222,-0.7385378563085495,0.1893277384765727
0.10977026654437705,0.0018119349920212584,0.10795833155235579
0.6271959303143205,0.5559541048940881,0.07124182542023239
-0.03673056009800049,0.05747954472251532,0.09421010482051581
-0.23119445994179258,-0.09580569531581161,0.13538876462598098
0.1020988724370836,-0.033500722169752986,0.13559959460683657
0.8739756579443516,0.6438479890654119,0.23012766887893976
0.2990256308351301,0.31999913613606457,0.020973505300934447
0.799999403916454,0.5648084386654054,0.23519096525104854
-0.5136490006800138,-0.32031124967249586,0.193337751007518
0.1581800836220924,-0.14082786734788313,0.29900795096997557
-0.6569491087036193,-0.5746994981618131,0.08224961054180624
0.03266996008654945,-0.09944300137824394,0.1321129614647934
0.20390535033974083,0.23851337984165652,0.03460802950191569
-0.4038842690916961,-0.23704498384640696,0.16683928524528915
-0.0443400173569009,-0.12777783772301857,0.08343782036611766
0.2537553874935088,0.2748880310439605,0.02113264355045169
-0.24416943703008584,-0.276561539321432,0.032392102291346175
0.4901738645616224,0.30084804463910747,0.1893258199225149
-0.27747372274080123,-0.13598900654423096,0.14148471619657027
0.3928314470549836,0.3790569678078185,0.013774479247165072
0.21787212261471028,0.09428283322854893,0.12358928938616136
0.29470657557991864,0.3143103068031997,0.019603731223281073
0.03551371368481594,0.10820375343932746,0.07269003975451152
0.9749635635697177,0.8206657717195818,0.15429779185013592
-0.19388951042420957,0.02137252115737328,0.21526203158158286
-0.9286824962414253,-0.7303565832111563,0.19832591303026903
-0.5627820343143051,-0.5271981698624536,0.035583864451851466
-0.6070701701911311,-0.3985347235633336,0.2085354466277975
-0.20443054592365809,-0.2541756324735871,0.04974508654992901
-0.7747353088738544,-0.6568253355313026,0.11790997334255182
-0.9264337504421161,-0.7305801413387484,0.1958536091033677
0.13332727028684366,-0.12175893074428819,0.25508620103113183
0.939143493016002,0.6937913989303278,0.24535209408567416
-0.9069183230204796,-0.6755955975939723,0.23132272542650734
0.893728344188352,0.7199418297726455,0.17378651441570647
0.4870606939151072,0.4378009531672048,0.0492597407479024
-0.9087920111445954,-0.6860737942983179,0.22271821684627746
-0.5085856445114211,-0.634945610524562,0.12635996601314092
0.8889724896107238,0.6752827275396411,0.2136897620710827
0.7813855845057699,0.5534030299332154,0.22798255457255445
-0.9419144929966223,-0.7006465211987611,0.2412679717978612
0.6269047262273756,0.5429472655282975,0.08395746069907806
0.8256851333916103,0.6741305307450135,0.15155460264659681
0.9358476426367678,0.712432995843581,0.2234146467931868
0.8645403457217739,0.7004320969938533,0.1641082487279205
-0.9013533471743892,-0.7054880164114253,0.19586533076296386
0.8964223061247055,0.6568473876062394,0.23957491851846613
-0.1806388114933511,-0.21507555723151983,0.03443674573816874
-0.8287293542406002,-0.6878979615647919,0.14083139267580835
0.7938992311522378,0.6599807597056276,0.13391847144661018
0.464796105420324,0.3038381760696839,0.16095792935064013
-0.7562527579713448,-0.6359371294248597,0.12031562854648514
0.3876708925519918,0.18138706610498095,0.20628382644701082
-0.18265361582376996,-0.23043178280305418,0.04777816697928422
-0.5802267816700546,-0.5116300817181989,0.06859669995185569
0.9081810052900325,0.6752979891960648,0.23288301609396778
0.8439548950650503,0.6214064737165403,0.22254842134850994
-0.6856219577086287,-0.4665463396449018,0.21907561806372688
-0.8276868604938314,-0.7457639722374001,0.08192288825643135
-0.27919963609969967,-0.5196625236114903,0.24046288751179068
-0.33897672263103973,-0.3597498507865393,0.020773128155499587
0.9189346334727572,0.728581387454063,0.1903532460186942
0.7424749981502485,0.6255507752732828,0.11692422287696569
-0.3141038662155387,-0.15674453219304982,0.1573593340224889
-0.801694701069564,-0.6618928834350881,0.13980181763447586
0.6534955003399697,0.5695529891208114,0.0839425112191583
0.7498684483004482,0.5248455124470268,0.22502293585342137
-0.9477638151533172,-0.8339251913606684,0.11383862379264875
