True_v,Predicted_v,Absolute_Error_v
-0.77941687140157,-0.7645690657421181,0.014847805659451874
-0.6375641361157265,-0.624583147613678,0.01298098850204854
-0.957582097650209,-0.9439317615344084,0.013650336115800576
0.4450076687560445,0.43385730869112815,0.011150360064916376
-0.9006732873047009,-0.8834500615957019,0.017223225708998924
-0.9180145519243659,-0.8980993057679512,0.019915246156414712
-0.059405951757917644,-0.07135401703468658,0.011948065276768935
-0.4225378385336614,-0.4115526773315418,0.010985161202119564
-0.5273346137568592,-0.5292191223547035,0.001884508597844281
0.15301488749682268,0.16170235130430852,0.008687463807485835
0.89383530715475,0.8828492842291011,0.010986022925648875
0.8344376047870378,0.8258654722705675,0.008572132516470266
-0.11860264795283097,-0.11361364173202318,0.004989006220807793
0.002565934204836568,-0.013563076411789268,0.016129010616625836
-0.38530140320699086,-0.3889984627719175,0.0036970595649266635
-0.9376724137129744,-0.9218026722808509,0.015869741432123496
0.7144085439821531,0.7100957907402039,0.004312753241949241
0.9184887839416498,0.894866102942906,0.02362268099874376
0.6568209935020866,0.6433907970425493,0.013430196459537247
0.9002113406883367,0.8863561657217279,0.013855174966608819
0.24575826179810287,0.24207746400680166,0.0036807977913012047
0.06718397731825543,0.07043318161963208,0.0032492043013766514
0.2142646402936967,0.2003895884682496,0.013875051825447099
-0.9383286188787725,-0.9168262031514292,0.02150241572734335
0.47235219071302414,0.46195066776378557,0.010401522949238573
0.6552165056577088,0.6446475127917519,0.010568992865956917
0.8446679993544377,0.822581108065057,0.022086891289380683
0.7133191052183196,0.7159097124532313,0.0025906072349116682
0.3483443685281291,0.3530237779093678,0.004679409381238675
0.26838131330296916,0.2696048357944715,0.0012235224915023157
-0.9141873226292646,-0.9062793621886429,0.007907960440621697
-0.4552978437849847,-0.4418059310522043,0.013491912732780442
0.23188719308038916,0.2229554319878621,0.008931761092527052
-0.6110041738436016,-0.5952272412223496,0.015776932621252016
-0.8952286699505194,-0.8753505780279276,0.019878091922591823
0.5450817509104917,0.5290296765039912,0.01605207440650047
-0.682259931257733,-0.6715257070516293,0.010734224206103704
0.6226987577205906,0.6159500072268377,0.0067487504937528975
0.8333335932045518,0.8324894066957766,0.0008441865087751577
0.3866228610202297,0.3856152245477737,0.0010076364724559972
-0.5450509440432747,-0.5311802283895583,0.013870715653716448
-0.621462952345027,-0.6042346386570678,0.017228313687959185
-0.6357259152353872,-0.6163334096026152,0.01939250563277206
-0.9337285624566787,-0.911740409023591,0.021988153433087687
-0.35966538649849367,-0.3459119135429116,0.013753472955582047
-0.6845793336308695,-0.6739299694544902,0.010649364176379295
0.8417777929731635,0.8294778563622205,0.012299936610942974
-0.6297477806094808,-0.6279400104658824,0.0018077701435983418
0.6960612151581824,0.6839496441307352,0.012111571027447199
0.33698095890055707,0.34082429507483103,0.003843336174273959
-0.7548077574239672,-0.7351860335949177,0.019621723829049476
-0.7642266892438528,-0.7573929710348982,0.00683371820895462
0.1842315647455556,0.1898546152065537,0.005623050460998091
-0.4062200555934718,-0.38265091440633475,0.023569141187137044
-0.8910885447235137,-0.8715401585640911,0.01954838615942267
0.7109216742796083,0.6902917845158052,0.02062988976380309
-0.9126713780696356,-0.900427007140604,0.012244370929031634
0.8708011115009858,0.8595639052654633,0.01123720623552249
0.8969207992708861,0.8830912546256828,0.013829544645203251
0.8841049204874841,0.8637588183947597,0.020346102092724472
-0.9688192663260858,-0.9502993683613576,0.018519897964728194
0.7534515108300298,0.7375098809598983,0.01594162987013148
-0.19603522214021546,-0.20176404304653,0.005728820906314547
0.7798996917161477,0.7667340494192815,0.013165642296866231
-0.8930707005914278,-0.8808467339888816,0.01222396660254621
0.29161751803168673,0.2787805905138552,0.012836927517831553
-0.873066489707747,-0.8517418942671775,0.021324595440569527
0.9243263283886604,0.9083315239238222,0.01599480446483814
-0.35595410236964353,-0.36087576814802375,0.004921665778380213
-0.8547278702195306,-0.8327654523332223,0.02196241788630826
-0.7039900904072182,-0.6836958369191843,0.02029425348803382
0.06480671155677115,0.049380439287827683,0.015426272268943463
-0.32123465995877637,-0.30255305916968595,0.018681600789090425
0.8307233208061476,0.82533904079537,0.00538428001077762
0.7200886079375507,0.7238711947049419,0.003782586767391183
-0.5548179396351859,-0.5403963194726209,0.014421620162564985
0.5721957720335059,0.570831487630079,0.001364284403426952
-0.6494017895763515,-0.6415948643282864,0.007806925248065144
-0.6367819302527472,-0.6270374369252981,0.009744493327449089
-0.6123383098956777,-0.6144638655780015,0.0021255556823237542
0.6933571888572357,0.6825343686289846,0.010822820228251095
0.701934452677256,0.6887916296657917,0.0131428230114643
0.2194696136385516,0.20856011134888028,0.01090950228967133
-0.9231339103962106,-0.9038750259004328,0.01925888449577784
-0.5024658346149293,-0.5049054655178465,0.0024396309029172114
0.18119140259882427,0.19275660507435213,0.011565202475527864
0.40337468483641165,0.3831505740361928,0.020224110800218853
-0.8328756459962467,-0.8237788354218124,0.009096810574434344
0.9291862436417718,0.9138882523925389,0.015297991249232923
0.9265622790751591,0.9177606956155882,0.008801583459570939
-0.8906141537199688,-0.87756636629957,0.013047787420398804
0.5134961860648133,0.49942560574131506,0.014070580323498227
-0.9332133660147681,-0.9209508714068841,0.012262494607883978
-0.45536644909233376,-0.45079728183365825,0.0045691672586755105
0.75100788641947,0.7402340050019147,0.010773881417555309
-0.7416481702009112,-0.7285546423269251,0.0130935278739861
0.06457562407266586,0.07966231379499404,0.015086689722328184
0.7385594084134847,0.7153134048890687,0.02324600352441597
0.833922479788859,0.8270432046299486,0.006879275158910403
0.39176142640199313,0.38647858954798076,0.005282836854012374
-0.9569340164676248,-0.9368769467845011,0.020057069683123707
0.9462264049884985,0.9254127591080978,0.02081364588040069
-0.1875778292318767,-0.1860659042729588,0.0015119249589179151
-0.15055331201081384,-0.14602149420738092,0.004531817803432925
0.13125635371584535,0.1406732806270466,0.009416926911201245
0.6887817554663207,0.6764137045820464,0.012368050884274284
-0.8781915476073211,-0.8625289834241882,0.015662564183132943
0.6825687806930207,0.6815502190001388,0.0010185616928819474
-0.9529267931697671,-0.9311794613535118,0.021747331816255322
-0.8157395923515144,-0.800747220171477,0.01499237218003735
-0.5942960114549247,-0.5895336462237329,0.004762365231191779
-0.7096837181270576,-0.6989103745371837,0.010773343589873807
0.9417572505587626,0.9299860886829993,0.011771161875763325
0.28206719629396104,0.27601189942267834,0.0060552968712827004
-0.8470465862117356,-0.82496155767218,0.022085028539555518
-0.2655537575668544,-0.2705609355060485,0.005007177939194085
0.889397467685246,0.8718302786180241,0.017567189067221878
-0.27896975127241785,-0.2632511208331854,0.01571863043923244
-0.16551830265818956,-0.15656402252845378,0.008954280129735787
0.009086112370879175,0.02111361338197132,0.012027501011092144
0.9359610698548322,0.9183051329116734,0.017655936943158812
0.2416269663354793,0.22428806650069802,0.01733889983478129
-0.6343220227257523,-0.6212818562292453,0.013040166496507077
-0.4726438453417648,-0.4577560299868993,0.014887815354865497
0.6210618400085162,0.6223413508869287,0.0012795108784124931
0.913694031935478,0.9003994132963438,0.013294618639134281
0.8335774667707009,0.8174247915226133,0.01615267524808761
-0.7087685705744522,-0.6963706995595387,0.01239787101491352
-0.5054852727738209,-0.5004847113404329,0.005000561433388007
0.8418898874092202,0.8349794315648186,0.006910455844401642
-0.2854842042427735,-0.27701813274255244,0.00846607150022105
0.9543005598285326,0.9401210498876634,0.01417950994086914
-0.9142447240141298,-0.8946287912535719,0.019615932760557953
0.26955728800576917,0.2560316108333477,0.01352567717242148
-0.10807245975605484,-0.11634584448803663,0.00827338473198179
0.6340358761476452,0.6181027910782939,0.015933085069351316
-0.7297278384215586,-0.7167541866128557,0.012973651808702913
0.3638625633436549,0.3608326103377029,0.003029953005951991
0.34262205919683014,0.3391857229373636,0.0034363362594665436
0.771708217451087,0.749551105192068,0.022157112259018952
0.357245462523862,0.34000010074308007,0.017245361780781954
0.49611814747963745,0.4976567032748666,0.0015385557952291573
-0.7945076885248606,-0.7802522236869137,0.01425546483794693
0.34661794011798774,0.3570238371606161,0.010405897042628343
0.9191722487367977,0.9077396900382714,0.01143255869852633
0.49516879791429746,0.4796967596160003,0.015472038298297186
0.22218710096622438,0.207592096753006,0.014595004213218382
-0.8962015065605227,-0.8862693075380695,0.009932199022453125
-0.10226961367564644,-0.09726819763779944,0.005001416037846998
0.938461403409657,0.9289243229045802,0.009537080505076845
0.8625249151436629,0.8471236708995284,0.015401244244134471
0.924998732461416,0.9034765722843178,0.021522160177098182
-0.2281057036211627,-0.23479747670177523,0.006691773080612529
0.9178451175363114,0.909260435013442,0.008584682522869369
-0.8930170529157956,-0.8724768049856232,0.020540247930172395
-0.788413591684933,-0.7752786554444071,0.013134936240525863
0.3293298342472514,0.31381171822842246,0.015518116018828909
0.5642522787559332,0.5498693573376509,0.014382921418282346
0.40817617352864505,0.40988848042219994,0.0017123068935548935
-0.7507114320767475,-0.7463470765945197,0.0043643554822278
-0.6479117775111085,-0.6385464635924691,0.009365313918639373
0.9485470550037965,0.9366168546049674,0.011930200398829194
-0.8870469884109338,-0.8721839793818619,0.014863009029071894
0.9194346802384,0.9067180996501828,0.01271658058821723
0.6467652503638941,0.6509319956771449,0.004166745313250786
-0.2544605090393099,-0.26109232784690684,0.006631818807596945
-0.06871114587213462,-0.07679370528227943,0.00808255941014481
-0.9316442139473347,-0.913734729666859,0.017909484280475674
0.3679224601394977,0.3654093573327282,0.002513102806769474
-0.8379905534948167,-0.8278358151632669,0.010154738331549784
-0.8729328868454109,-0.858834258172828,0.014098628672582936
0.8429132859066668,0.8364603832052829,0.006452902701383878
0.6139879641482607,0.6062553631211599,0.007732601027100827
-0.12443683208869866,-0.1140896324329858,0.01034719965571286
-0.565036117133782,-0.5455689394689183,0.019467177664863722
-0.7466244808436123,-0.7430318371497725,0.0035926436938398254
-0.8311166498082462,-0.8191436253540059,0.01197302445424031
-0.40427342335172556,-0.4022451120392141,0.002028311312511466
0.5673934936836954,0.5490440469770576,0.01834944670663785
-0.6780911231132521,-0.6644993740315718,0.013591749081680371
-0.9488926035903754,-0.9385372505194037,0.010355353070971685
0.8574882121933938,0.8404855217473978,0.017002690445996005
0.7329247473202832,0.7160939828066608,0.01683076451362242
0.9261526394925256,0.9159401706566237,0.010212468835901878
-0.8273691930456574,-0.8195887086309169,0.007780484414740441
0.8654927616774425,0.8505811245259484,0.014911637151494128
-0.8669987934592691,-0.8475541584536586,0.019444635005610555
0.4758153195396646,0.45955285306779575,0.016262466471868853
-0.49328275488681195,-0.4909044119989908,0.0023783428878211277
0.1078549370196521,0.11813858290777102,0.01028364588811892
0.922046018393679,0.9021176910332998,0.019928327360379194
0.392890843884428,0.3745901781416649,0.018300665742763123
-0.2780471803631333,-0.27205143440130625,0.005995745961827059
-0.035918782088498656,-0.04473467703805763,0.00881589494955897
-0.942791777612006,-0.925346246387713,0.017445531224293043
0.5461618377985212,0.5376183348077763,0.008543502990744911
0.3353420281549123,0.32148959365456903,0.013852434500343291
-0.9018551036384523,-0.8940182599270137,0.007836843711438668
-0.6859971044104517,-0.6796374240698865,0.006359680340565221
0.5628588059748298,0.540364148179109,0.022494657795720796
-0.6900199927445595,-0.669750321860522,0.020269670884037527
0.7870154245411018,0.7816693398368989,0.005346084704202947
0.960870001357461,0.942369366719386,0.018500634638075053
0.8693946158638142,0.8584777578896796,0.010916857974134553
0.8115790035720936,0.7886735491314482,0.0229054544406454
-0.2927890879179617,-0.27419474236585967,0.018594345552102043
-0.49516879672072184,-0.4727353945537982,0.022433402166923633
-0.6349790430445061,-0.6136499280923912,0.02132911495211498
0.4762553199353565,0.47201973547145526,0.004235584463901265
0.6703801947952577,0.6689644927383319,0.0014157020569257606
-0.052283276517918545,-0.05904761626406267,0.006764339746144127
0.597362016876575,0.5867365038374068,0.010625513039168144
-0.17700787985465297,-0.18585737641170322,0.008849496557050252
0.501016475578391,0.48421948376777457,0.016796991810616446
-0.4975648803882407,-0.4802391481982813,0.01732573218995942
0.6546003372860897,0.6479519669799171,0.006648370306172602
-0.8551483260430677,-0.8378219403906231,0.017326385652444598
0.768364258488526,0.747243992692428,0.021120265796097937
0.38997680782688754,0.3809585875839784,0.009018220242909158
0.8397532966862462,0.8312436023210605,0.008509694365185672
0.9442771519805657,0.9345794867000036,0.009697665280562151
0.27457533348197793,0.27886986513187095,0.004294531649893019
-0.9641535462165768,-0.9467685733837657,0.01738497283281104
0.5419350082431753,0.5393657002029874,0.0025693080401879564
-0.4711367406227185,-0.45360777562910876,0.01752896499360973
-0.8837108382408019,-0.8674379710174296,0.01627286722337229
0.9299949217004259,0.9123206784409444,0.017674243259481415
-0.7054901532981175,-0.689088756716543,0.016401396581574468
0.9044975190560246,0.894520746068205,0.009976772987819627
-0.6878548368640467,-0.6723418755257483,0.015512961338298381
0.8794794575726738,0.8659799096271126,0.013499547945561186
0.2321040562301577,0.22822885492476813,0.0038752013053895695
-0.6533514353298586,-0.63258596268497,0.020765472644888594
0.8566486137387297,0.8383472869146904,0.018301326824039288
-0.47044861994360365,-0.46346723173349974,0.0069813882101039115
0.0737904544793526,0.07955421332771508,0.005763758848362471
-0.2938916899042182,-0.29693920726149053,0.0030475173572723224
0.9381414629081088,0.9169150935160904,0.021226369392018496
0.2849935274216414,0.28029975601418855,0.0046937714074528625
0.6826876379004735,0.6784002290571196,0.004287408843353879
-0.9399566847168934,-0.9203960373049873,0.019560647411906107
-0.6009365398369503,-0.5957090659180153,0.005227473918934966
-0.42465047019647634,-0.42112719463217235,0.003523275564303985
-0.3405545513969097,-0.3387067929961402,0.0018477584007695058
0.016461665323133874,0.014272874375551838,0.0021887909475820366
0.1603388513214168,0.1508187098454646,0.009520141475952176
0.3904161528049894,0.3891260853596346,0.0012900674453548144
0.8793551212200176,0.870663678413312,0.00869144280670553
-0.8122519668306196,-0.8006344477066827,0.011617519123936937
0.5300161417443736,0.5141329771698419,0.01588316457453176
-0.749614476402224,-0.7344193880250054,0.015195088377218613
0.8880750456548847,0.8823860054922832,0.005689040162601522
-0.23459721276091874,-0.24197285952316647,0.007375646762247723
0.2794053481300938,0.2635495730860133,0.015855775044080533
0.9493532450511903,0.9285681277285368,0.020785117322653535
-0.7954470514648384,-0.7762162988276708,0.01923075263716756
-0.8269041207144522,-0.8221507063284893,0.004753414385962884
0.2629273273279954,0.26930591005336374,0.0063785827253683425
-0.49958003661521866,-0.49359739428889676,0.005982642326321896
0.11663971042350886,0.10165010876409085,0.014989601659418011
-0.9301605974388454,-0.9116733822545511,0.018487215184294303
-0.457112553124969,-0.44934653830857585,0.007766014816393163
-0.9281782631492392,-0.9098194431818852,0.018358819967354
-0.7982612979892485,-0.782540092353175,0.015721205636073488
0.43330636444743753,0.43714853002720166,0.003842165579764134
-0.5193272898418461,-0.500304563991747,0.01902272585009901
-0.06368134432982302,-0.06355780227924746,0.0001235420505755619
-0.7691541769199167,-0.7601324980217083,0.009021678898208374
-0.672469291261256,-0.6607048018213523,0.011764489439903714
-0.47719314980330846,-0.47247736381791294,0.004715785985395515
0.49170371441302946,0.484486712275833,0.007217002137196449
0.8861545123454652,0.8765289884721731,0.009625523873292074
0.5877845550279442,0.5718944588593206,0.01589009616862369
0.8594833743116397,0.8441128004271518,0.015370573884487926
-0.11475332470439797,-0.11959567463923065,0.004842349934832679
-0.8226046354321945,-0.8090014132437381,0.013603222188456443
0.1777468624650064,0.1639260006356301,0.013820861829376307
0.9053709206342399,0.8944539694054808,0.01091695122875902
0.10785560529671909,0.10549805909346724,0.002357546203251848
-0.9107179975485942,-0.8904472410064896,0.02027075654210453
0.9491863844182135,0.9266498477903327,0.0225365366278808
0.6528584995084977,0.636302089615254,0.016556409893243695
-0.8446337265004541,-0.8397857324260427,0.004847994074411388
0.14946741397020008,0.14443625974943564,0.005031154220764444
0.9229127074073967,0.8997394799295046,0.023173227477892078
-0.14508939599322074,-0.13460778561492961,0.010481610378291123
0.7648497046925437,0.7459279812050573,0.01892172348748633
0.7082131609986909,0.6909381959593974,0.01727496503929349
0.5910192734226627,0.5702551849109233,0.020764088511739387
0.457263607359534,0.46897627218266263,0.01171266482312866
-0.7975514870785018,-0.786942657925572,0.01060882915292971
0.4638739449735072,0.46391809021664326,4.414524313606227e-05
-0.3154027957604591,-0.32091717643467044,0.005514380674211339
-0.797875162764735,-0.7862649202537836,0.01161024251095144
-0.08030782132599242,-0.07098254220003518,0.009325279125957237
0.15062632341857787,0.16181850852517438,0.011192185106596503
0.7730702467361908,0.7639644564731832,0.009105790263007618
0.7006467452050695,0.6961458142519796,0.004500930953089899
0.7131000971563356,0.7067190560766866,0.006381041079648986
-0.5248528088583968,-0.506704896338007,0.01814791252038983
-0.6767182325354292,-0.6749700691585965,0.001748163376832701
-0.49055428414632263,-0.49253514550337973,0.0019808613570571065
0.9486341993012734,0.928575040176789,0.020059159124484305
0.037115183620945104,0.047954401897559895,0.010839218276614791
0.26319784620839903,0.251962320594697,0.011235525613702058
0.6576347489833994,0.6556597560053739,0.0019749929780255027
0.8770498510322339,0.8592738278668123,0.017776023165421595
-0.7685223455462855,-0.7586557850294467,0.009866560516838763
-0.9139817536511309,-0.9057838897758288,0.00819786387530208
-0.474758267766771,-0.46283228396494397,0.011925983801827023
0.1129483711574259,0.12082124509913769,0.007872873941711794
-0.03516778681778149,-0.03160048660662354,0.0035673002111579477
-0.8914615068416509,-0.878512178208408,0.01294932863324294
-0.19549056703982512,-0.1872429266542796,0.008247640385545513
0.8905666586966223,0.8798674263111271,0.010699232385495194
0.8041023933375167,0.7820929783947231,0.022009414942793515
0.6402587063300326,0.6373970069784405,0.002861699351592084
0.008367440700583428,0.012227650836613325,0.0038602101360298968
-0.5759202686663716,-0.5674651492257395,0.008455119440632042
-0.9120955649533955,-0.9022153743208611,0.009880190632534425
0.3163123341511974,0.3077887832613284,0.008523550889869003
0.3943514095469225,0.38787967304331517,0.006471736503607328
0.952308053005676,0.942817723294968,0.009490329710707957
0.43379743984752467,0.4178421552693319,0.015955284578192785
-0.2675325776353039,-0.25636303146789724,0.011169546167406674
-0.2421710019057842,-0.2306245977118934,0.011546404193890802
-0.35188097069811164,-0.33622078070894723,0.015660189989164408
-0.636156474265677,-0.6207720665177683,0.015384407747908724
0.0650143361750279,0.053089443240687144,0.011924892934340757
0.910296384180686,0.8882686560131509,0.022027728167535177
-0.26358742717929023,-0.2515229538665163,0.012064473312773938
-0.6678825110705087,-0.6605937027407139,0.007288808329794727
-0.9071766474973981,-0.8975491444430514,0.009627503054346676
0.17493187262056034,0.16386350528128393,0.011068367339276408
0.6569517596659885,0.6366578970541625,0.020293862611825975
-0.4033836289178229,-0.3979794696428999,0.005404159274923048
-0.941129692359991,-0.9254009686300554,0.015728723729935612
0.7749899576375054,0.7694585437617294,0.005531413875776048
0.7384697968346111,0.7341028513162345,0.004366945518376575
-0.9547670515626752,-0.9419121133437859,0.012854938218889278
0.8765314361831444,0.8651219462950169,0.01140948988812751
-0.7917616367110908,-0.7778813696926886,0.01388026701840217
-0.5000843523267301,-0.4852749848556919,0.01480936747103817
-0.3837721281410641,-0.3648018092904654,0.01897031885059869
-0.36523230920425703,-0.37633697243550357,0.011104663231246537
-0.294617558699963,-0.2951746826398095,0.0005571239398465266
-0.9534273594646963,-0.9354588360685657,0.01796852339613053
-0.5782831545133078,-0.5664536903594447,0.0118294641538631
-0.32802489533081214,-0.3274810826580247,0.0005438126727874137
0.6047537694478473,0.6050684810789437,0.0003147116310964204
0.10477370800678774,0.10246883262655737,0.002304875380230373
-0.8658041371327824,-0.8540605545628129,0.011743582569969435
0.4197512744680321,0.41369116728735716,0.006060107180674956
-0.8693672913791035,-0.8557015544421027,0.013665736937000794
-0.33899118612734835,-0.3166116883831545,0.022379497744193844
0.7096837189584488,0.6967996987220385,0.012884020236410332
-0.03558535656339444,-0.020080138237156233,0.015505218326238208
-0.5023214760811535,-0.5054642183406166,0.003142742259463094
0.8722122361970108,0.8505091387540018,0.021703097443009023
-0.8852085229286666,-0.8652363386797206,0.01997218424894598
-0.46888076134451717,-0.4647193965571217,0.004161364787395483
0.42253491891425266,0.4176158149356247,0.004919103978627937
-0.5403415264390902,-0.5240474723346237,0.016294054104466493
0.874598262368382,0.8597291543091721,0.014869108059209935
0.606234890798225,0.586260045921324,0.019974844876901043
0.200032079274368,0.20872276374645918,0.008690684472091176
0.9120699934492659,0.8960245265604588,0.016045466888807036
0.9397957747862806,0.9267744128123693,0.01302136197391135
-0.9490414703103834,-0.9354843431957824,0.013557127114600998
-0.605251004170801,-0.594553474128858,0.01069753004194307
0.8205729484885874,0.8040412747648915,0.016531673723695905
-0.012120309307886117,-0.006751611164166826,0.005368698143719291
-0.9593726945571547,-0.9423494495235312,0.017023245033623513
0.7556222705209104,0.7366772119813788,0.018945058539531545
-0.11400702632646813,-0.10356683469091786,0.010440191635550267
-0.9091717118006301,-0.8872501699444031,0.021921541856226967
-0.6497371528954463,-0.6384059969641642,0.011331155931282089
-0.9015846426309371,-0.8919415263982392,0.009643116232697868
0.5283344377799498,0.5241649870307097,0.004169450749240133
-0.592248155082499,-0.5719755722263733,0.020272582856125654
0.48481483448460794,0.4810472014071874,0.0037676330774205624
-0.6094465672502118,-0.5982803706918297,0.011166196558382135
0.9079831624118605,0.9002783485812985,0.007704813830561985
-0.6470799390463358,-0.648964417970932,0.0018844789245962001
0.314155020795455,0.30911027861350865,0.005044742181946338
0.12763545031526174,0.13474115377351512,0.007105703458253371
-0.936167530596274,-0.9186385426931966,0.017528987903077442
0.8841119881269247,0.8737365305137683,0.010375457613156391
-0.5080054271492174,-0.5029253323491885,0.0050800948000289115
-0.8615389014851781,-0.8555486525654771,0.005990248919701013
0.10043067568169255,0.08343790707862944,0.016992768603063105
0.6712777199861538,0.6606178426184053,0.010659877367748538
-0.10926448300979898,-0.10725927678600405,0.0020052062237949225
0.00851401967366136,0.005532568219915499,0.0029814514537458616
0.24718843066200225,0.23349444168465402,0.01369398897734822
0.6427835181685703,0.6316365286788846,0.011146989489685621
-0.47705575014506607,-0.4620228708049542,0.015032879340111882
-0.22180503345624109,-0.22015589884899534,0.0016491346072457502
0.613265095317989,0.6163400056436928,0.003074910325703839
0.949023419133943,0.935908134364499,0.013115284769443902
0.7373148994799696,0.7150871177077521,0.022227781772217514
0.7555779958974077,0.7531095342264091,0.0024684616709985674
0.8711871079255501,0.8632976976527972,0.007889410272752917
-0.8399175357588581,-0.8310109780620325,0.008906557696825579
-0.944072685489094,-0.9206855008142478,0.02338718467484613
-0.8706067440964697,-0.8577111332654954,0.012895610830974236
-0.24837543151891175,-0.23263106120677063,0.015744370312141126
0.40982790530814306,0.4061878111528381,0.0036400941553049737
0.9373775246274528,0.9155007379614366,0.021876786666016224
-0.481713928100134,-0.4711083638707626,0.010605564229371423
-0.8762310283050582,-0.863613795088678,0.012617233216380197
-0.4582452111076644,-0.4471576968022138,0.01108751430545063
0.9420993185379581,0.930622948628103,0.011476369909855122
0.6157009978925857,0.605361502511395,0.010339495381190722
0.9095219343245459,0.8961265016976296,0.013395432626916226
0.5956343910167685,0.5867536782235414,0.008880712793227108
0.8339112712311706,0.824130987366957,0.00978028386421359
0.6966001114564541,0.6998803561762105,0.003280244719756409
0.26426441072467616,0.2482135659937609,0.016050844730915254
-0.22501323976937737,-0.21889374618372578,0.006119493585651586
0.16538302975332045,0.1749537045550324,0.009570674801711948
0.0016496287851348382,0.022229310933515385,0.020579682148380546
-0.0582015898905392,-0.05816123240590443,4.0357484634774565e-05
-0.11226388580803857,-0.12913671445026179,0.01687282864222321
-0.9291851303764948,-0.9072072838629673,0.02197784651352741
-0.40853267215405087,-0.3950662481173038,0.013466424036747082
0.08896921033825075,0.0758288231409664,0.013140387197284359
-0.687595684659684,-0.6783987963233552,0.009196888336328812
-0.47356403043856893,-0.4692700496490223,0.004293980789546625
0.7319744194599113,0.7291873533873706,0.002787066072540645
-0.9318351841686389,-0.9157500160961449,0.01608516807249394
-0.9130063676473321,-0.904054362727548,0.008952004919784096
0.9237791863762246,0.9089833163165916,0.01479587005963301
-0.7825290342862531,-0.7616699161323035,0.020859118153949585
0.9467844581145101,0.929966587248201,0.016817870866309037
-0.8078511004953914,-0.79885597550049,0.008995124994901404
0.5471012036711068,0.5389561974346123,0.0081450062364945
-0.7655839308480277,-0.7572058814752318,0.008378049372795848
0.3640508895391286,0.3692703021102305,0.005219412571101867
0.8113246423860323,0.7938892450443972,0.017435397341635128
-0.7389441783061702,-0.7252150956820935,0.013729082624076683
0.28142218163890165,0.26694663939444857,0.014475542244453077
0.0354062208473395,0.04176769809445507,0.006361477247115568
-0.8820197252215768,-0.8634977899111258,0.018521935310450988
-0.13740567017056196,-0.12494235571570568,0.01246331445485628
-0.2140707194015307,-0.19927717014097518,0.01479354926055551
-0.6027636720705715,-0.5870625213741449,0.015701150696426525
0.5702886930667513,0.5536405887959891,0.016648104270762243
0.5054024238284291,0.48517551651346785,0.020226907314961295
0.9639305700041628,0.9435578300185429,0.020372739985619948
-0.93586460913431,-0.9209594779757977,0.01490513115851233
-0.7005384692427069,-0.6872206413008076,0.013317827941899285
-0.7194122711109092,-0.7139696754254816,0.005442595685427598
-0.31093902067241685,-0.3123769894363204,0.0014379687639035632
0.36422128316958646,0.36446031376635424,0.00023903059676777527
-0.6004927725664886,-0.5900355163387437,0.010457256227744849
-0.9511038184999586,-0.9317957664988152,0.019308052001143383
0.24869094931582728,0.23518307724122006,0.013507872074607213
0.46327034134776235,0.4482808732862134,0.014989468061548938
0.39308022636136597,0.4002266713276565,0.007146444966290522
-0.9440095940267743,-0.927255322915733,0.01675427111104133
0.6160987919525562,0.5957082332900535,0.020390558662502722
-0.0010145939567285209,-0.011455605375310525,0.010441011418582004
-0.6626160564755175,-0.6482406181909444,0.014375438284573105
-0.07484846981226292,-0.06133979917926879,0.013508670632994137
-0.7516362871145265,-0.7383151621242972,0.013321124990229305
-0.8240680648085347,-0.8120557224193703,0.012012342389164377
0.6907087881637439,0.6785684232533541,0.012140364910389834
-0.332122273467434,-0.31352744989582104,0.01859482357161296
0.8388107114310276,0.8242163169175675,0.014594394513460118
0.5194776721346887,0.5003609736711611,0.019116698463527593
0.8875866508109774,0.8752718865214194,0.012314764289558022
0.33123468952282875,0.315570611428978,0.01566407809385073
0.48343345053303133,0.48999757281545003,0.006564122282418705
-0.9702557795426844,-0.9621661746798522,0.008089604862832167
-0.23726491083627763,-0.2241594445430042,0.013105466293273416
0.8981364811914238,0.8845632022375319,0.01357327895389182
-0.07828487821574254,-0.07788620120188162,0.0003986770138609125
-0.7792331175566415,-0.7693117798214018,0.009921337735239733
0.8945345825125177,0.8766781312016476,0.017856451310870103
0.37647411096249483,0.3766027544580971,0.0001286434956022653
-0.9647506202471524,-0.9452684484907201,0.019482171756432298
-0.9729748711560815,-0.9641993789608739,0.008775492195207568
0.39655729670350603,0.3863226640288291,0.010234632674676947
0.915323407860913,0.8976037937004585,0.017719614160454533
0.32888184950136823,0.312028182953033,0.016853666548335255
-0.36321714087598406,-0.35044877609735214,0.012768364778631913
0.8326903378005358,0.822270692924437,0.01041964487609881
0.7132610134118987,0.708978188400154,0.004282825011744706
0.08374201014890006,0.08682310578539387,0.003081095636493808
-0.47223149995990465,-0.46225359678041955,0.009977903179485104
0.01670295745187633,0.020700507102661816,0.0039975496507854875
-0.6396633104318243,-0.6219291675207307,0.017734142911093653
-0.47393723689910655,-0.4651011065679077,0.008836130331198844
-0.9340845331949156,-0.9222255646971765,0.011858968497739042
0.9435804070238933,0.9234034871170592,0.020176919906834123
0.5282293104781142,0.5185572932502485,0.009672017227865704
-0.5591864091552133,-0.5499954924601703,0.009190916695043017
-0.8991318265094383,-0.889259434289647,0.009872392219791304
0.4385770610827458,0.4332399579082581,0.005337103174487712
0.2549757346839207,0.24829510601803775,0.006680628665882954
-0.693820223306772,-0.6741800696290629,0.019640153677709105
0.8732781162233688,0.8635004570778639,0.00977765914550488
-0.21715664912917781,-0.22098337999386825,0.0038267308646904308
0.4268930738413762,0.4099099305778389,0.01698314326353728
0.1622937402224286,0.16851532747662035,0.006221587254191752
-0.9173425771171764,-0.8971560407330185,0.020186536384157905
-0.4929727057491555,-0.49876077029305393,0.005788064543898408
-0.7946229767107869,-0.7853097197015595,0.00931325700922736
-0.7390301975933837,-0.7332924221815879,0.005737775411795876
-0.77903341383749,-0.7569578458831967,0.02207556795429333
-0.3895300217628502,-0.38610580826795887,0.003424213494891304
0.8380715733001572,0.8256683903106513,0.012403182989505934
0.8112071993896098,0.7946613706867622,0.016545828702847598
0.9044248616022402,0.8959212444510894,0.008503617151150777
0.5958055949479814,0.5937030640631069,0.002102530884874443
-0.9037707331985209,-0.8840517389088243,0.01971899428969659
-0.26999760000969664,-0.2592635667744274,0.010734033235269225
-0.6483506150192506,-0.627873732664367,0.020476882354883652
0.6955734599894776,0.6751948803663135,0.02037857962316414
-0.7920820805878789,-0.7876252185026877,0.004456862085191138
0.7357130843890427,0.7197539065146821,0.01595917787436063
0.789768526447801,0.7849800108632538,0.004788515584547293
0.952325056875674,0.9330155567680244,0.019309500107649646
0.3772510602527774,0.37524580518374084,0.002005255069036538
-0.9505223786465075,-0.9311474754099878,0.01937490323651969
0.41798272731561653,0.401960574196872,0.016022153118744553
0.17633976210418698,0.1673687472328121,0.008971014871374888
0.5967967496789649,0.5845092142595419,0.012287535419422957
0.7961569292566381,0.7816320730758227,0.014524856180815338
-0.7726564932067308,-0.7608755947090587,0.011780898497672054
0.7948298518129603,0.7708234050559102,0.024006446757050104
-0.29584805124808566,-0.29899301310195053,0.0031449618538648694
0.949451919543236,0.9347057586963259,0.014746160846910161
0.9316005915842175,0.9189496665547413,0.012650925029476179
-0.8152388613947957,-0.809854098859201,0.005384762535594723
0.24082039530130306,0.2513251457775614,0.010504750476258318
-0.7220613179903076,-0.7172578455736602,0.004803472416647359
-0.9428077743669163,-0.9276809098397912,0.015126864527125083
-0.9490944467169459,-0.9338705765543299,0.015223870162615949
0.4854231509336408,0.4705710686790711,0.014852082254569687
-0.9414487796801642,-0.9220271121297753,0.019421667550388877
-0.11390691994740451,-0.11524362788697008,0.0013367079395655707
0.9133947793440741,0.894268074463964,0.019126704880110146
0.15577110987365414,0.16363548879873424,0.007864378925080101
0.5981542481585325,0.5802265397200173,0.01792770843851521
0.317572721225166,0.30327514978304454,0.01429757144212146
-0.5968271013893302,-0.5868196869121489,0.010007414477181231
-0.7451583552293687,-0.7251900691178473,0.01996828611152135
-0.8616749318847521,-0.8447868781740189,0.01688805371073321
-0.32260752324080894,-0.29987811484757,0.022729408393238948
0.8540369117445921,0.8412295240675179,0.012807387677074122
0.025294931832011886,0.02331202970681626,0.0019829021251956264
-0.9148408477217399,-0.8993869177779141,0.015453929943825773
0.5095019851999308,0.4923741248120441,0.017127860387886717
-0.8553434703583717,-0.8348861716524418,0.020457298705929827
-0.9011345705353688,-0.8898678685093535,0.011266702026015318
0.9075905251436138,0.8986098949883383,0.008980630155275504
0.6480827241278544,0.645901225206046,0.0021814989218084113
0.3111926631979703,0.2921966783318111,0.018995984866159166
-0.7427842150709465,-0.7316508745554583,0.0111333405154882
-0.9445105191063258,-0.9277829719372653,0.01672754716906044
0.26736441416959245,0.2618483272794745,0.005516086890117955
0.9020254256384111,0.8923644458768566,0.009660979761554556
-0.8165351364357603,-0.8046683924526393,0.011866743983120931
0.5209617107072166,0.5123429590589622,0.00861875164825443
-0.9421322533563669,-0.9256361476511137,0.016496105705253172
-0.9095318889710045,-0.8910055924635271,0.01852629650747739
0.5956391357159316,0.5741517187545503,0.021487416961381345
-0.21722283090509503,-0.22164514485499676,0.004422313949901724
0.809419339642536,0.795639962405418,0.013779377237117973
0.907695241526922,0.885454555900567,0.02224068562635506
0.18711394955554236,0.1754451339284943,0.011668815627048051
-0.45795140885945335,-0.4548525538838692,0.0030988549755841532
0.9356498973727672,0.9211417802467984,0.014508117125968778
0.7960503802696882,0.7873223170379526,0.008728063231735583
-0.9434505593354674,-0.9277081573911701,0.015742401944297324
0.5739932645497958,0.5716602319020132,0.002333032647782618
-0.5486631748379244,-0.5348703580895903,0.013792816748334102
0.5657783593056097,0.5740863552309856,0.0083079959253759
-0.8798325745170527,-0.8625899999395292,0.01724257457752343
-0.5707817948532388,-0.5484764269668884,0.022305367886350402
0.4726296351712332,0.4570892766576204,0.015540358513612795
-0.7802412890119362,-0.7771743008219856,0.003066988189950659
0.9367351381592994,0.915060428944553,0.021674709214746457
0.9168009410963662,0.9075188824862422,0.009282058610123989
0.8149619970308882,0.8097819585112289,0.0051800385196593135
0.8946747164246632,0.8870473866556214,0.007627329769041791
-0.9258475684974316,-0.9146345597889257,0.011213008708505834
0.9101425174789225,0.8967888425580496,0.013353674920872916
0.7306852221783099,0.7113847781493179,0.019300444028992003
-0.6376082877114005,-0.6281070937745574,0.009501193936843122
-0.16586972657229854,-0.1512706054622064,0.01459912111009215
-0.8442002643532305,-0.8342604040393687,0.009939860313861737
0.8542703059633016,0.8423343460179339,0.011935959945367669
0.959739620880255,0.9384825290607519,0.021257091819503082
0.003577145890558643,-0.004853924216432876,0.008431070106991519
-0.6505094720862616,-0.6535025634128755,0.0029930913266138504
0.2451214627062376,0.23010802339582934,0.015013439310408272
0.9138665970550282,0.8902316673453535,0.023634929709674624
0.8882884210313855,0.8732772491947632,0.015011171836622261
0.690352336896094,0.6822049758983922,0.008147360997701747
-0.6738354184400388,-0.6627669897781044,0.01106842866193436
-0.560923436622432,-0.558562585536076,0.002360851086356086
0.07379045568931251,0.08916750758072017,0.015377051891407659
-0.7540674404780664,-0.7358187195972111,0.018248720880855274
-0.6330018015986154,-0.6187832687025279,0.014218532896087543
-0.37920506572124457,-0.3584882002396736,0.02071686548157098
0.5939670087447264,0.5826103864213824,0.011356622323344001
0.7663929731242287,0.7618039251636572,0.0045890479605714685
-0.7609409876860836,-0.7516625646331493,0.00927842305293436
0.8508663106226282,0.8427734222680913,0.00809288835453692
0.8626576330387972,0.8554980365515983,0.007159596487198883
-0.4306901329025222,-0.4179364487744914,0.012753684128030851
-0.9148881899587535,-0.9054139599868083,0.009474229971945247
-0.806383123248318,-0.8056236864596193,0.0007594367886986086
0.06947702983904624,0.08546149841469745,0.01598446857565121
-0.6267543216760896,-0.6178477929913845,0.008906528684705095
-0.23155687356697377,-0.2395263677147266,0.007969494147752831
0.8877093853750063,0.8725126508509691,0.015196734524037248
-0.9566076696706631,-0.9366927875493399,0.019914882121323196
-0.3296141183286024,-0.32895688255069655,0.0006572357779058291
0.839134571164259,0.8176301669044733,0.021504404259785725
0.24669540311587712,0.233984758632571,0.01271064448330611
0.8425581352819805,0.8279200242642972,0.014638111017683308
0.39039555605096643,0.3901412976989298,0.0002542583520366293
0.8282785393543787,0.8083226476664647,0.019955891687914007
-0.8813992143389687,-0.8660478534416078,0.015351360897360888
0.6808187796281666,0.6640078289844614,0.01681095064370519
-0.053311843016979915,-0.05104637305175064,0.0022654699652292776
0.3739267967667365,0.3775771973074422,0.0036504005407057005
0.6942267302830929,0.6728342145427014,0.02139251574039147
0.9121811121940532,0.8946504102413033,0.01753070195274986
-0.5906054025462615,-0.5952489029200289,0.004643500373767373
0.15519475256113618,0.14915405476671917,0.006040697794417016
-0.10719129652026052,-0.09590693292601479,0.011284363594245728
-0.9618857174411923,-0.9479541835307225,0.013931533910469862
-0.8466205197452834,-0.8358755201959148,0.010744999549368583
0.9379130456857571,0.9173563639606281,0.020556681725128922
-0.6658051139835359,-0.6459758442744647,0.019829269709071173
-0.4415797423837356,-0.44775505609268385,0.006175313708948249
0.861768111453393,0.8449310125113118,0.016837098942081297
0.7253362937829764,0.7222016410299905,0.003134652752985856
-0.1933251649612271,-0.17899417452491465,0.014330990436312446
0.34144238258030457,0.34446001178095037,0.0030176292006457994
0.2938530270341907,0.29380633406339424,4.6692970796458066e-05
0.8277263793615313,0.818927417695159,0.008798961666372285
-0.3843065387866902,-0.38321349456922427,0.0010930442174659216
-0.34143423392755895,-0.3356123691542895,0.005821864773269458
-0.8533022123002,-0.8330845178771762,0.02021769442302379
-0.5094468753086826,-0.5112044961314597,0.001757620822777084
-0.4798117171535694,-0.4656944332280795,0.014117283925489887
-0.9237163537642488,-0.9092435723822483,0.014472781382000477
0.9371664249897138,0.9176449089545229,0.019521516035190922
-0.6636648545890051,-0.6689647239729182,0.005299869383913025
-0.7539503291952186,-0.7450341556999278,0.008916173495290836
0.06425355514354435,0.05499760889378775,0.009255946249756598
-0.2520542149096526,-0.25081383111549843,0.001240383794154143
-0.9116277845571995,-0.8962707088085728,0.015357075748626658
-0.9334813038055205,-0.9174169487804678,0.016064355025052768
0.2228246195569106,0.22043210238712546,0.002392517169785141
-0.913493060625641,-0.900067694754094,0.013425365871546968
-0.5160869204242191,-0.5154809698450921,0.0006059505791270459
0.3147245055632711,0.3074891767930974,0.007235328770173688
0.39332053366765024,0.39315574757619004,0.00016478609146020062
-0.733070502492706,-0.7202340246111243,0.01283647788158171
0.9467007162758926,0.9365434369361961,0.010157279339696457
-0.05448918156651625,-0.055585139247596595,0.0010959576810803465
0.18750859035323145,0.1923182353880285,0.004809645034797055
0.8002701808459656,0.7883757492029871,0.011894431642978431
-0.9689421717234047,-0.9548036871999963,0.014138484523408379
0.457699221889917,0.44068367183697527,0.017015550052941752
-0.9469124933918427,-0.9319844759575241,0.014928017434318597
0.7057293647402432,0.6955115530565398,0.010217811683703393
0.5790014162553947,0.5834751942389118,0.004473777983517113
0.4955702168378042,0.4845405131768114,0.011029703660992818
0.25601529051226857,0.25694220307606214,0.0009269125637935693
0.40121645603526584,0.3923211003926973,0.008895355642568548
0.8217041193186957,0.8190814286201338,0.0026226906985619136
0.6912903666395017,0.6913739927774403,8.362613793855278e-05
0.9113551702687058,0.8973261585373609,0.014029011731344965
0.7409809443419416,0.7318422601730378,0.009138684168903843
0.8521063720002914,0.8378272270749775,0.014279144925313902
-0.1966048150336523,-0.1945759739978968,0.0020288410357554854
0.5779378240437039,0.5844837698416085,0.006545945797904684
0.8583029934196698,0.8350874277195451,0.02321556570012462
-0.8978553538647625,-0.8850789088047029,0.012776445060059594
0.9306963544194392,0.9190395776089663,0.011656776810472946
-0.9514340161426236,-0.9358826419457666,0.015551374196856926
0.15521139002957032,0.1568500415752616,0.0016386515456912887
-0.7546444891821804,-0.7310144854479621,0.023630003734218308
0.5874631630698929,0.5828262975859071,0.004636865483985786
0.17441382989795667,0.16830613993057292,0.006107689967383756
0.7889811752892573,0.7887230866614733,0.0002580886277839811
-0.9669441381262255,-0.9536614833772303,0.013282654748995149
0.9104640829072713,0.8923535060156035,0.01811057689166784
0.24055055035201248,0.2421067153605856,0.0015561650085731127
-0.944127094598797,-0.927180564604093,0.01694652999470392
0.8582200073156787,0.8419897906563999,0.016230216659278818
-0.4287118382539412,-0.42537536058129477,0.003336477672646443
0.5166192954682353,0.5140831204886191,0.0025361749796161126
-0.6812784899970813,-0.676535216199943,0.004743273797138348
0.46496944414603925,0.4463678094159691,0.01860163473007015
0.9227523601215903,0.9065743911798377,0.016177968941752607
-0.5864006145078026,-0.5768253099555065,0.009575304552296049
0.9289781347173165,0.9138764072928708,0.01510172742444571
0.5220439242993882,0.503817913400839,0.01822601089854914
0.8458592497534955,0.8249831069314478,0.02087614282204764
0.47882021514377954,0.4831808358517629,0.004360620707983376
-0.056733804734235706,-0.04401823465188267,0.012715570082353037
0.6710416825254505,0.6667919998599916,0.004249682665458887
0.8669882027094673,0.8453782754332742,0.021609927276193153
0.8336244488592813,0.8201676569246167,0.013456791934664647
-0.6619310218580822,-0.64132857688161,0.020602444976472123
0.2546344793661596,0.2656629300782042,0.011028450712044557
-0.9081602067827549,-0.8860489798185464,0.02211122696420853
0.259024538795224,0.26619538086129785,0.007170842066073824
0.9433293098009634,0.9223482044950742,0.020981105305889258
-0.9444252100440051,-0.9296010946774295,0.014824115366575685
0.28849988575497393,0.29312369096923124,0.004623805214257315
-0.8900644261257323,-0.8761536656755897,0.013910760450142612
0.8323937319881749,0.8311469171082508,0.001246814879924063
0.8629737895368816,0.8493543927732827,0.013619396763598912
-0.09337937238552356,-0.0816637042543845,0.011715668131139056
0.960594615259251,0.9502637852087047,0.010330830050546358
0.9594411027804718,0.9437124077023006,0.015728695078171206
-0.756515349698959,-0.7439694781497873,0.012545871549171639
0.7805204844905441,0.7613074195456487,0.019213064944895386
-0.38668906353429455,-0.37509752725737777,0.01159153627691678
-0.8712469123589939,-0.8514898129443559,0.01975709941463799
-0.007667827666223432,-0.010355446963361164,0.0026876192971377324
-0.37167585029696726,-0.37258197321158226,0.000906122914615004
0.3405545531593835,0.33227481947701165,0.008279733682371837
0.3699083560922737,0.35353569090187736,0.01637266519039632
0.12652797964175966,0.12067788661651022,0.005850093025249442
-0.3727302705491778,-0.3776613028533543,0.004931032304176519
-0.576522633741513,-0.5583003557883437,0.01822227795316933
0.3648298823075754,0.36970312948644557,0.004873247178870166
0.5422877213023745,0.5353652009512749,0.006922520351099526
0.5306878481740176,0.5232097026532466,0.0074781455207709735
0.4127465962317012,0.4170704065315798,0.0043238102998786054
0.5192412940301131,0.5164480537708276,0.002793240259285512
0.9116821104335124,0.9007331730625592,0.01094893737095326
0.8742231688888822,0.8676363900399277,0.006586778848954533
-0.17553226225274313,-0.17498667718773123,0.0005455850650118999
0.9591033662788395,0.9383345827151853,0.020768783563654192
-0.8841845206853542,-0.8639058573464202,0.020278663338934022
0.21353423933865684,0.19762792217041117,0.01590631716824567
-0.9492792519110054,-0.9311223689217643,0.01815688298924112
-0.1137947530969393,-0.10178221826805071,0.012012534828888588
0.9254219495667049,0.9124160062898806,0.01300594327682425
-0.9108495814750882,-0.8990425027527683,0.011807078722319897
0.9159877141053557,0.8970974149503811,0.018890299154974644
-0.18923686721652822,-0.1833715253286204,0.005865341887907827
-0.10853470418813599,-0.13000992231327405,0.021475218125138057
0.2543943841092126,0.2376554402353764,0.016738943873836204
-0.46738694176156925,-0.4573168698454068,0.010070071916162437
-0.8071575281825106,-0.7946993331165206,0.012458195065989996
0.5008377492342082,0.4881620436239098,0.012675705610298404
0.6796050840615308,0.6780185541160172,0.0015865299455135595
0.45801158316929313,0.46101817716859855,0.003006593999305418
-0.7702907272047602,-0.7488418321538963,0.021448895050863892
0.9271853335172353,0.9097501598248195,0.017435173692415762
0.9526841175430233,0.9343165587698162,0.01836755877320706
0.9218125545043531,0.9048210963454237,0.01699145815892933
0.9108203784635427,0.8965061122138227,0.014314266249719987
0.4487993679851098,0.43694571761372547,0.011853650371384306
0.2535493786211067,0.24965331950401895,0.0038960591170877634
-0.22340915843989373,-0.22988327283791957,0.0064741143980258375
0.07360029113223716,0.07407847477045125,0.0004781836382140858
-0.37934110792892384,-0.3686940293642123,0.010647078564711532
-0.37810214604306835,-0.3657620505618774,0.012340095481190971
0.8367449380615726,0.8225164075824708,0.014228530479101775
0.3605969032606978,0.34564791510820897,0.014948988152488851
0.7519769061058812,0.7352761436656979,0.01670076244018326
-0.04908960012820444,-0.05917307948917909,0.010083479360974652
0.6488517719742776,0.6357192417003017,0.013132530273975873
0.8259441190559547,0.8071062763559198,0.018837842700034857
0.9352060027240799,0.9204100171182877,0.014795985605792206
-0.2254988911041373,-0.2228785262000064,0.002620364904130895
-0.43288851848083215,-0.411450220405371,0.02143829807546116
-0.7111730089883629,-0.6992681078250906,0.011904901163272252
0.201235720032462,0.1893845302952376,0.011851189737224405
0.8735522067255898,0.8511157116138407,0.022436495111749055
-0.41761310062910606,-0.4030282911426164,0.014584809486489658
0.0611470531999061,0.06704184587517564,0.0058947926752695445
-0.7155253004242648,-0.7112238762699319,0.004301424154332878
0.7569858598000699,0.7409330007639676,0.016052859036102318
0.9246632029380677,0.9049164235107088,0.019746779427358918
-0.46281124886068664,-0.4554493116770131,0.007361937183673561
0.28854306090061305,0.2874158030319701,0.001127257868642928
0.4866273530669882,0.471154625261556,0.015472727805432185
0.13599102012764572,0.14920332502248734,0.013212304894841626
-0.8942769286783671,-0.8767051330754594,0.01757179560290767
0.5960365074304222,0.5970266981874471,0.0009901907570248891
-0.9627236972690646,-0.947400182466204,0.015323514802860538
-0.2983085929258428,-0.30206530848384433,0.0037567155580015554
-0.9029297960286375,-0.8955120487443117,0.007417747284325871
-0.479642936894816,-0.4575592717293111,0.022083665165504918
-0.14206093765273692,-0.1410576046267413,0.0010033330259956175
-0.47724212173367475,-0.47444927328452613,0.0027928484491486216
-0.32965749077527806,-0.31744381114273373,0.012213679632544328
0.8104927056292512,0.7871614580135802,0.02333124761567107
0.8711633326428019,0.8572129063800188,0.013950426262783089
0.46015017496246813,0.447540626134541,0.012609548827927142
0.13430458837508263,0.1271180511372516,0.0071865372378310255
-0.09558966723193199,-0.10387081641478055,0.008281149182848557
-0.27164294185771,-0.28422645038965866,0.012583508531948673
0.7952934721347018,0.7858183851538102,0.009475086980891612
0.8154840630531589,0.7940783843848422,0.021405678668316663
0.885916431534186,0.8684203440560645,0.01749608747812148
0.0929223945383913,0.07909131000343932,0.013831084534951979
0.701573128641455,0.6980413524485344,0.003531776192920666
0.2805183628981016,0.2785138232493744,0.0020045396487272105
0.03704957560949976,0.03240869595645532,0.0046408796530444385
-0.7486093653576185,-0.7283896051953306,0.02021976016228788
-0.9115171904819339,-0.8969507774202853,0.014566413061648631
0.9537808230658821,0.9341447012409847,0.01963612182489738
0.9649473731061365,0.9507573157288396,0.01419005737729695
-0.048620167292228,-0.038818571958225634,0.009801595334002364
0.2432896829459066,0.22781172583871814,0.015477957107188467
0.07489513639501202,0.0722319711656104,0.002663165229401618
0.927882495963081,0.9106364116200591,0.017246084343021884
0.7969921750375651,0.7845041371256777,0.012488037911887462
-0.37184375795955177,-0.3514126526903179,0.020431105269233862
-0.921006731603036,-0.8983971917267052,0.022609539876330853
-0.828207808992527,-0.8126294405565632,0.01557836843596383
0.7178921842206261,0.7122173601832616,0.005674824037364412
-0.7875784804124468,-0.7705370682136138,0.01704141219883304
-0.09646550064297675,-0.10468869699897983,0.008223196356003076
0.05233028144518765,0.04275039311111283,0.009579888334074818
0.17947818423878018,0.19681749255273567,0.017339308313955498
0.19334587963419184,0.19114941470107757,0.0021964649331142616
0.8828244355285327,0.8603222304244833,0.022502205104049433
-0.7007487893089499,-0.6813925116394666,0.019356277669483335
-0.07784180494385262,-0.08342327868499826,0.0055814737411456344
-0.8195926756692631,-0.8076486152878131,0.011944060381450017
-0.30248558212317933,-0.2886581552793915,0.013827426843787849
-0.5134688699458588,-0.5036079955257977,0.009860874420061116
0.9243828272307131,0.9145564885434475,0.009826338687265568
-0.016702958867695013,-0.023832577256798642,0.0071296183891036286
-0.09374979851137961,-0.08314957891760633,0.010600219593773288
0.9482120394671112,0.9256512647770901,0.022560774690021046
-0.7538953371810259,-0.7314585872493304,0.02243674993169542
0.8772435208231326,0.866189015337848,0.011054505485284638
0.7383166169134543,0.723718652184654,0.014597964728800261
-0.8498185129774292,-0.8269150319192962,0.022903481058133
0.41293630587464875,0.39716613110713034,0.015770174767518408
-0.8307915964985374,-0.8213844442781346,0.009407152220402781
0.9158221512366416,0.8979482088013493,0.017873942435292278
-0.4551426014584859,-0.43909393902094274,0.01604866243754316
-0.5593310515442615,-0.5550772952309987,0.0042537563132628575
0.9491932854573139,0.9355638761045486,0.013629409352765243
-0.5010344804036397,-0.4831338023506232,0.01790067805301654
-0.9334343172231404,-0.9181505739424122,0.015283743280728235
0.7954393635503442,0.7804647828574386,0.014974580692905581
0.2968282896251082,0.28057116154301787,0.016257128082090344
0.3529871688681133,0.35200241201617094,0.000984756851942381
0.3299367928695314,0.3341298145687896,0.00419302169925817
-0.9529205857696742,-0.9368634182922224,0.016057167477451784
0.8136767104564403,0.8007951275335485,0.012881582922891766
-0.3145102993124656,-0.300643961297681,0.013866338014784596
0.14412182714952892,0.15005599553538626,0.005934168385857336
0.9150404164198551,0.8971503600888323,0.017890056331022808
0.811744764302053,0.7960221207697884,0.015722643532264602
-0.22299828387830475,-0.2080248047237708,0.014973479154533953
-0.1692651882808842,-0.1739748157786115,0.004709627497727326
-0.6467909779796126,-0.6332675962777335,0.013523381701879056
-0.7337037866488533,-0.7294150211298501,0.004288765519003146
-0.22786443929138225,-0.23422924523051697,0.006364805939134716
-0.20959620208897686,-0.2145663369570973,0.004970134868120424
-0.6965056153294092,-0.6959987300952907,0.0005068852341185703
0.8624901976399051,0.8519413147595659,0.010548882880339172
-0.21634981637503736,-0.21347648736510857,0.002873329009928788
0.2078418360957878,0.19780833016876284,0.010033505927024955
-0.15089262277007573,-0.1507074516164202,0.00018517115365551673
0.9369323604829831,0.9165790920080474,0.020353268474935682
-0.690553498962383,-0.6796446937303988,0.010908805231984231
0.9701227572412221,0.9570364149073917,0.013086342333830436
0.07722634340929249,0.0764183534484176,0.0008079899608748886
0.9020537358842075,0.8895768596469857,0.012476876237221712
0.7284813479902629,0.7300055805569386,0.0015242325666757761
-0.6696533957744651,-0.6657748309447961,0.0038785648296690844
0.9389172821695112,0.922037122693669,0.016880159475842205
0.9431557871101579,0.924926334133693,0.018229452976464944
-0.8896406590436611,-0.866143255469526,0.0234974035741351
0.7168607429805726,0.7047864046532726,0.012074338327299983
-0.27753433817992673,-0.2820867201716234,0.0045523819916966635
0.9209928051479455,0.906258908149295,0.014733896998650464
-0.7711892887240099,-0.7507096777014812,0.02047961102252871
0.8055400154271164,0.7922937295368992,0.013246285890217147
-0.394822365361337,-0.3980434532806867,0.0032210879193496633
0.6620366374228963,0.6568893814178495,0.005147256005046841
-0.49557021419779185,-0.4773378315688531,0.018232382628938726
0.634788610246054,0.6146517176868955,0.020136892559158515
-0.9331972541665686,-0.9120828465920636,0.021114407574505
0.9284634029468992,0.9083568812101808,0.020106521736718452
0.8821899779490677,0.8668110764700478,0.01537890147901988
0.8610112192033613,0.8436538359412962,0.01735738326206515
0.8399340792415569,0.8219828520019307,0.017951227239626277
-0.6178017848234892,-0.6140366746281061,0.00376511019538317
-0.9356343353516418,-0.9132792785690508,0.022355056782590976
-0.8754863761920768,-0.8546166150531669,0.020869761138909926
0.9221651151619329,0.9092461535107196,0.012918961651213312
0.5911684231357444,0.5731863213703066,0.017982101765437797
-0.9238255133155557,-0.9151961095202301,0.008629403795325619
-0.7026501914638316,-0.6937998944065371,0.008850297057294454
0.8613972973476693,0.8482788985238068,0.013118398823862565
0.8485899925240871,0.828608287414916,0.019981705109171077
0.7671675431713834,0.7459366166346962,0.021230926536687122
0.326935286876511,0.33024323115668697,0.003307944280175945
-0.9430719363990931,-0.929486247548983,0.013585688850110134
-0.7662612464314061,-0.7565768518218439,0.009684394609562275
0.9712298378934714,0.9545672125257514,0.016662625367720008
-0.31459635581823714,-0.29920840105358215,0.015387954764654987
0.8010936369030476,0.7878312722854947,0.013262364617552924
-0.3941329318987695,-0.37625911220214775,0.017873819696621773
0.24744464174074904,0.2524654475486228,0.005020805807873785
0.37210112087333247,0.3514474698650761,0.02065365100825639
-0.8150262861405503,-0.7983442166134196,0.016682069527130694
0.9537237686418893,0.9385225102519025,0.015201258389986871
-0.7949658563240828,-0.7869651216113236,0.008000734712759194
0.5381715663735009,0.5385650014287308,0.00039343505522981825
-0.6499796066596749,-0.6391957148067536,0.010783891852921279
0.1446104683876949,0.13208318884452552,0.012527279543169373
-0.156495143176439,-0.1615931280999045,0.005097984923465498
-0.670256030553088,-0.6558965308009599,0.014359499752128135
-0.7887492803971562,-0.7752127065115499,0.013536573885606251
0.9387073067039495,0.9194508026342013,0.019256504069748215
0.8922287626763239,0.8771301066488467,0.015098656027477175
-0.6572472702121448,-0.6451547134913861,0.012092556720758707
0.6433572273595273,0.6410499351998197,0.002307292159707597
-0.9453352473893463,-0.9346913357205492,0.01064391166879708
0.5401967909704716,0.5391856938359397,0.0010110971345318465
0.3508522244722737,0.3371119522786634,0.013740272193610292
0.34357713046767,0.3384424182233094,0.0051347122443606286
0.7692989286691698,0.7536171902755081,0.015681738393661715
-0.5604390599136033,-0.5445814349666638,0.01585762494693954
0.967873785238317,0.9533705272292644,0.01450325800905261
0.8229548539510733,0.8068483008211548,0.01610655312991849
0.2429283657137506,0.22989835768788522,0.013030008025865375
0.8592488228851332,0.8427294845571056,0.016519338328027544
-0.4160659120327882,-0.41138748143417403,0.004678430598614169
0.8712691116630438,0.8624832359759851,0.008785875687058686
0.5334405272937093,0.5358586539979822,0.0024181267042728827
0.9432199308364123,0.9209162200082611,0.02230371082815119
-0.7767208357550366,-0.7659270657256801,0.010793770029356442
-0.09736258919298754,-0.08994110275284153,0.007421486440146008
-0.5166192955409635,-0.522003298499756,0.005384002958792489
-0.21964880640439963,-0.21143616379157498,0.008212642612824644
-0.8431521638993991,-0.8309199132279437,0.012232250671455391
-0.5725582622938367,-0.5561558531468185,0.016402409147018182
-0.8117933559224256,-0.7966813091609384,0.015112046761487252
-0.6113474251187654,-0.603349833082679,0.00799759203608641
0.8992496123897402,0.8933587639794102,0.005890848410330052
-0.89702232871469,-0.8758641135239156,0.021158215190774432
0.5198611111063283,0.5152268663575801,0.004634244748748184
0.11959122349173432,0.1253237706825234,0.0057325471907890835
-0.4469547011927567,-0.445808070035419,0.0011466311573377075
0.21173226526982525,0.21553149524551046,0.0037992299756852144
-0.6396607522683816,-0.626306532848973,0.01335421941940862
0.24001989759053738,0.23946692720742924,0.0005529703831081423
0.11825060728404722,0.1269924785994579,0.008741871315410668
0.27365948644522736,0.2592651779029389,0.014394308542288459
-0.7870834633826213,-0.7736662707663463,0.013417192616274942
0.20208860704299236,0.19685300680495013,0.005235600238042232
0.8767548055837898,0.8630681787247765,0.01368662685901334
-0.04582617546301895,-0.05241108592088965,0.006584910457870699
0.9097522012826372,0.8905388555646309,0.01921334571800637
-0.6773621922914602,-0.6571050060174116,0.0202571862740486
-0.6579615675601913,-0.6515419610433276,0.006419606516863685
-0.20449442267074083,-0.19778797781324445,0.006706444857496385
-0.7026497935477101,-0.6925980380208459,0.010051755526864214
0.4908897263480784,0.47778343020156727,0.013106296146511154
0.9257454263981051,0.9118112251880168,0.01393420121008826
-0.36106519710284113,-0.35444691062246514,0.00661828648037599
-0.6986492382104571,-0.6883998717691386,0.010249366441318464
0.8519739566133601,0.8323378851231426,0.01963607149021751
-0.21101485788445382,-0.2186077126081395,0.007592854723685677
-0.3908419965124838,-0.39323702601318855,0.0023950295007047484
0.513307013644627,0.49561704410342566,0.01768996954120139
0.37309498687886616,0.3576101198933175,0.015484866985548684
0.46915215235566626,0.4755255695702473,0.006373417214581012
0.9409168279311452,0.9295530264227139,0.011363801508431304
-0.9317616751008461,-0.9180162387364663,0.013745436364379748
0.2218857829910035,0.20618248596344863,0.01570329702755488
0.9525881934961797,0.9325262945729731,0.020061898923206645
0.564564177278465,0.5494914547251586,0.015072722553306384
0.2980522326127872,0.28382544491118405,0.014226787701603127
-0.27443693250238255,-0.2653401275214125,0.009096804980970041
-0.618252659131441,-0.5970733765480062,0.021179282583434822
-0.018173561390395596,-0.03577454156754559,0.01760098017714999
0.7440775291723328,0.7278353585917143,0.016242170580618498
-0.9283195101359166,-0.9104778501176152,0.017841660018301453
-0.3219652095319481,-0.3323901931105148,0.010424983578566693
-0.5873772629940336,-0.5928471009742735,0.005469837980239922
0.9514298655648128,0.9379727834353975,0.013457082129415321
0.3944849644395569,0.3813057893944298,0.013179175045127112
0.9482035366645606,0.9262059599930358,0.0219975766715248
0.6259799862677133,0.618512713600983,0.007467272666730307
0.8799827297087246,0.8629065316678199,0.017076198040904655
0.08185038830762116,0.07175014885285991,0.010100239454761253
-0.8683507315034883,-0.8529663237491856,0.01538440775430272
0.8616354553081418,0.8474361565308585,0.01419929877728332
0.7897831808773914,0.7774220071055962,0.012361173771795242
-0.8557222202827057,-0.8433654746630298,0.012356745619675924
-0.15023218820462986,-0.14982371299200484,0.0004084752126250202
-0.7504353991646461,-0.7275026745372559,0.022932724627390155
0.1030059019455258,0.09269676413003415,0.010309137815491642
0.14640968979389357,0.15348778664145662,0.0070780968475630535
-0.12587426970417986,-0.12358655334316149,0.002287716361018377
0.8515657003949233,0.84522732903127,0.006338371363653339
-0.18408340066604112,-0.18324826670788744,0.0008351339581536832
-0.619492441530056,-0.6227530479658816,0.003260606435825597
-0.9113481538876402,-0.8975416243140638,0.01380652957357642
-0.9305255699406826,-0.919486540934594,0.011039029006088552
0.9026081866080886,0.885177670258077,0.017430516350011582
0.9373167973813139,0.9219286475961777,0.015388149785136251
0.8911213283854075,0.8822648247400617,0.008856503645345737
0.898040708017512,0.8888359961298897,0.009204711887622286
0.5281952852189484,0.5118583851323218,0.016336900086626582
-0.9563537350158012,-0.9415811487210081,0.014772586294793166
0.44804168129964306,0.4305921676552464,0.017449513644396675
-0.9457437376965019,-0.933082564690295,0.012661173006206838
0.3205437316008107,0.328736408573403,0.00819267697259235
-0.43177862178250004,-0.42773450394684615,0.004044117835653893
0.38547587656127286,0.38180236601165946,0.0036735105496134013
-0.14993986591863048,-0.14674994896442672,0.0031899169542037586
-0.7237332405704394,-0.7016892489672916,0.02204399160314785
0.3878722490967021,0.38282200024793395,0.005050248848768146
-0.5472968575943112,-0.5349251111225691,0.012371746471742107
0.9124401064177006,0.8934084069685595,0.01903169944914107
-0.48506691061661067,-0.4754406706909808,0.009626239925629887
0.6538062690304931,0.6341351470151433,0.019671122015349818
-0.10704956998666107,-0.11203756980228433,0.004987999815623256
0.5598224311986033,0.5596695675389548,0.00015286365964850557
0.9268462864009734,0.9107290505651934,0.016117235835780064
-0.8850436354900956,-0.8675554723814929,0.017488163108602683
-0.9339654772983198,-0.9233241483237232,0.010641328974596576
-0.7594711980098025,-0.746185252443806,0.013285945565996493
-0.3821940339667198,-0.37205037054807866,0.010143663418641147
-0.5416920766444555,-0.5409297254645223,0.0007623511799331739
-0.3114930306617959,-0.3081296801576674,0.003363350504128504
0.8645763809584635,0.8486518062061683,0.01592457475229514
0.4839430004085107,0.4752317014191536,0.008711298989357075
-0.7172939879082105,-0.7088296942400777,0.008464293668132838
0.5807441407062136,0.572469926647458,0.008274214058755613
0.18187229008597078,0.18425167330868353,0.00237938322271275
-0.5488569789662088,-0.5492621791177372,0.0004052001515284509
0.902509858676121,0.8803412986667846,0.022168560009336424
0.33794854454728307,0.320309611178061,0.017638933369222065
0.8377139695932083,0.8300529343044447,0.007661035288763607
0.9143927926832079,0.8995135349204133,0.01487925776279464
-0.5524874021393097,-0.5326981983046513,0.01978920383465843
0.5775078902421321,0.572586761750085,0.004921128492047067
0.9097498578627966,0.901304260969112,0.008445596893684626
-0.7991560400107551,-0.7792937665935288,0.01986227341722635
-0.16940628655387102,-0.1573673453576472,0.012038941196223812
-0.6208121817694501,-0.618012841179825,0.0027993405896250545
0.4808815719911842,0.4687254787970847,0.012156093194099493
-0.22793541114348712,-0.23125236099219224,0.0033169498487051197
0.9497344071372692,0.9368385754155689,0.01289583172170028
0.7435168799074441,0.7288299300032072,0.014686949904236912
-0.9295670788136544,-0.9095080295437046,0.020059049269949836
0.0660380493559746,0.06390441381542464,0.0021336355405499607
-0.7039058942685459,-0.6898978431499738,0.014008051118572062
-0.9432488034121732,-0.9247458743919634,0.01850292902020978
-0.8408649694903612,-0.8220585863886789,0.018806383101682256
-0.9454247854800024,-0.930382648841461,0.01504213663854137
-0.9296200758337766,-0.9069035907556773,0.022716485078099313
-0.7492688354753767,-0.7263787936576599,0.02289004181771681
-0.954336237713643,-0.9400605034741568,0.014275734239486138
-0.19675090119211536,-0.2044825681614771,0.007731666969361756
0.6395434785541447,0.6370587140313277,0.0024847645228169846
0.8983474119342449,0.8868985667966529,0.011448845137592034
0.012961058061502112,0.0017474874251635353,0.011213570636338576
-0.5600769947590394,-0.5560679524273227,0.004009042331716728
0.8946946153027291,0.8747834170406663,0.01991119826206278
-0.9628936958161557,-0.9439661688290036,0.018927526987152055
-0.9169922887855082,-0.9006035324236893,0.016388756361818912
-0.4522771828021689,-0.4474244780602444,0.004852704741924507
0.8870251321079573,0.8681639580978152,0.01886117401014209
0.9346088887416919,0.9196657353450296,0.014943153396662301
-0.1781988993314243,-0.1912260520630038,0.013027152731579505
0.9423309954455473,0.922374589200943,0.019956406244604374
0.947640044719318,0.93399339250766,0.01364665221165795
-0.33602821573397146,-0.3235860581848845,0.012442157549086952
-0.6611348865948357,-0.6504227367538807,0.010712149840954921
-0.9094405187889203,-0.8999325127717289,0.009508006017191373
-0.8846297397671212,-0.8709298315741385,0.013699908192982724
-0.8501216345468962,-0.8391412693484237,0.010980365198472453
-0.1334120225652439,-0.12342873289380354,0.009983289671440354
0.9173925573720079,0.8995587451795701,0.017833812192437737
0.40247713504638416,0.3911303150212253,0.011346820025158855
0.9559025595217951,0.9423616125069234,0.01354094701487174
-0.9280015702377251,-0.9072059528496286,0.020795617388096543
-0.4444293715116312,-0.4294828081879581,0.014946563323673112
0.14554951407952257,0.1399248096150254,0.005624704464497171
-0.9236638194746771,-0.9019297049466901,0.021734114527987014
0.4194194041676156,0.4180279454972419,0.0013914586703736576
0.11173868520681043,0.09811274502926938,0.013625940177541054
-0.9062638783860146,-0.898822523597447,0.007441354788567667
0.24144697865423773,0.23423472256696734,0.007212256087270386
-0.7933238648450159,-0.7723058478315218,0.02101801701349415
0.8775607819714072,0.8625689196667162,0.014991862304690962
0.008007017092924566,0.005034311712182869,0.002972705380741697
0.7663108986890257,0.7480061377859344,0.0183047609030913
0.3924363330511249,0.3761505849293112,0.016285748121813715
-0.4770182397367222,-0.46753238010087506,0.009485859635847138
-0.8861587065465313,-0.87110559332774,0.015053113218791325
0.27597495501320485,0.260815686093163,0.015159268920041824
-0.7758575782332705,-0.7624860044310627,0.01337157380220777
0.4544741433783272,0.45549712886545424,0.0010229854871270372
-0.8968516009355008,-0.881546451666675,0.015305149268825757
-0.8637241687253375,-0.8463314420289829,0.01739272669635461
-0.599736833186877,-0.5878753132746867,0.01186151991219031
0.8700297644029432,0.8483955380540988,0.021634226348844376
-0.9082983438392142,-0.8927350476745849,0.015563296164629259
0.328900369433259,0.3338873157983576,0.00498694636509861
0.147060957462437,0.15559707587463376,0.008536118412196758
0.8106523502488008,0.7977140854923109,0.012938264756489848
0.9384168122526451,0.9185189596570146,0.019897852595630483
0.23243713731220117,0.24060028358290178,0.00816314627070061
-0.9731781945023655,-0.9536398162685826,0.019538378233782905
-0.9001471077454376,-0.8843432153926339,0.01580389235280366
-0.872305969068658,-0.8660335923177489,0.006272376750909081
-0.8904648273989194,-0.882275277159323,0.008189550239596444
0.22237437400755103,0.23354973080367947,0.011175356796128438
0.3141022562832961,0.30460064526132097,0.00950161102197511
-0.7218075483487768,-0.6995080462257685,0.022299502123008352
-0.27116485228918663,-0.26045277937601297,0.010712072913173665
0.9529569599519491,0.9310117770991585,0.021945182852790568
-0.6346466845844738,-0.6251181578713481,0.009528526713125762
-0.6174294604717921,-0.6179863756831802,0.0005569152113880094
-0.3218940950689886,-0.29975661600147424,0.022137479067514343
-0.6036253887262867,-0.5989346305159584,0.004690758210328272
0.41574044768908874,0.39710997872791376,0.018630468961174984
0.21874601513447492,0.20576328599927096,0.012982729135203958
-0.9461837426125475,-0.92962654563259,0.0165571969799575
-0.8486156394899367,-0.8360873357590001,0.012528303730936607
0.9486520182677216,0.9331660474802936,0.015485970787427972
-0.5350027736469424,-0.5276263161722047,0.0073764574747376965
-0.8643261588552793,-0.8533475770031483,0.010978581852130964
-0.9675043717602111,-0.9577733680070303,0.009731003753180811
0.2770315031668853,0.26128238703885515,0.01574911612803015
0.9044928303974785,0.8904557464130871,0.014037083984391407
0.8859636165480131,0.8724926216945105,0.013470994853502671
-0.9284217554413272,-0.9185919595884412,0.009829795852886014
0.9315746381026839,0.9207747160503293,0.010799922052354582
0.838591542798413,0.8220258316114766,0.016565711186936394
0.24659291035355876,0.2353248603553778,0.011268049998180957
0.2823574468555792,0.27863223407708815,0.003725212778491027
-0.44300634965795344,-0.4462621033241777,0.0032557536662242703
0.4509327877816803,0.4490317382917435,0.0019010494899368013
0.5455745036501801,0.526275261302388,0.019299242347792123
0.9445141740117265,0.9316634912920045,0.012850682719722006
-0.5874908408596639,-0.5771245136907734,0.01036632716889041
-0.596438194540286,-0.5979649787694662,0.001526784229180178
0.41199967070703913,0.4032370635567417,0.008762607150297419
-0.4357934307000107,-0.42571054274046494,0.010082887959545761
-0.4706708229480174,-0.4576315924415556,0.013039230506461774
-0.08316749399825979,-0.07424703125608861,0.008920462742171176
0.943431122306947,0.9308024870941817,0.01262863521276536
-0.5825125599220898,-0.5677016423759057,0.014810917546184132
-0.8730031000598765,-0.8573982802909083,0.015604819768968214
-0.016586864251432944,-0.018532706369581955,0.0019458421181490111
-0.5349327819363978,-0.522042090352838,0.012890691583559821
0.09162708089198694,0.09242114362628091,0.000794062734293971
-0.7228293483708124,-0.7190084530177366,0.003820895353075726
-0.9545464590278159,-0.9395198815414746,0.015026577486341286
-0.2842482034254748,-0.28690201583381114,0.0026538124083363424
-0.6103182852732482,-0.6031355404521461,0.007182744821102038
0.8661024339681308,0.8494603772636663,0.016642056704464503
-0.599906171956333,-0.5992925300280793,0.0006136419282537497
-0.12717863786098998,-0.11002573993320702,0.017152897927782962
0.35180036902743905,0.34964586458684654,0.0021545044405925085
0.92648651686373,0.91287448892203,0.013612027941699911
-0.20034000287669962,-0.19682664225244656,0.003513360624253059
0.471829237404133,0.460915910179813,0.010913327224320035
-0.46360696272084034,-0.4572173209217787,0.006389641799061652
0.823695476182424,0.8105103031027417,0.013185173079682255
0.9330212974266084,0.9219659497269957,0.011055347699612694
-0.5837588665069193,-0.5649972878213736,0.018761578685545732
-0.43496793583584925,-0.4172397856552186,0.017728150180630675
-0.5495452784774588,-0.5436562876096563,0.005888990867802479
0.23494084995637934,0.2352368161956282,0.00029596623924885157
-0.16286095296311848,-0.14856804052109998,0.014292912442018496
-0.8299130224888982,-0.8144557176288691,0.015457304860029053
0.6778558639048479,0.6667746342635494,0.011081229641298429
-0.605642387620882,-0.5821732202280773,0.02346916739280469
-0.8307547099152576,-0.8139581349088258,0.016796575006431724
-0.26029826869942624,-0.2562961219052229,0.004002146794203354
0.7179685781852018,0.7164569831233062,0.0015115950618955765
2.2870447221565244e-13,0.0001452170878380625,0.00014521708760935803
0.9452397298024108,0.9344353268490131,0.010804402953397685
-0.9324606098039443,-0.9169236276987309,0.01553698210521337
0.6645961801495315,0.638117119491737,0.026479060657794484
-0.30860042012918537,-0.3204730174448561,0.011872597315670752
0.8148297256540297,0.7977102938868764,0.017119431767153248
-0.14308577305737377,-0.14191163054681458,0.0011741425105591952
0.8927059056832972,0.8793235295792381,0.013382376104059124
0.09597933578644458,0.08996556443187446,0.0060137713545701105
0.5366007771487092,0.5222582296730405,0.014342547475668765
0.7747360927753462,0.7638105841504608,0.010925508624885394
0.8262674163582814,0.8143523813799028,0.011915034978378536
-0.4466785472865123,-0.4443110611432286,0.0023674861432836924
-0.8672857827004853,-0.8539218377393999,0.013363944961085394
0.8863376490610929,0.8778886228971093,0.008449026163983575
-0.6123273645811069,-0.615855268211116,0.0035279036300090993
0.8671282225902545,0.85278068040638,0.014347542183874462
-0.2569325887673991,-0.25767973899376506,0.0007471502263659557
-0.2886693770488235,-0.26941718042502577,0.019252196623797735
-0.1933332799043438,-0.1954842180312264,0.0021509381268826067
-0.08250225329066523,-0.09171181691553576,0.009209563624870534
0.374613631756304,0.3725252069028456,0.002088424853458448
-0.8535541247250491,-0.8402161920212978,0.013337932703751276
-0.8966479620361392,-0.8868400176195702,0.009807944416568959
-0.09018925155079709,-0.0984829991753179,0.008293747624520814
0.6665930511063217,0.6598381875454971,0.006754863560824664
0.9294938893997163,0.919315189223902,0.010178700175814348
0.5024658322825163,0.49724476159999836,0.005221070682517925
0.9200330377360052,0.9030923430811096,0.01694069465489556
-0.008836165783078463,-0.013240745306198218,0.004404579523119755
-0.32389474564076454,-0.3328707681263405,0.00897602248557594
0.33626924727787694,0.3399037777082797,0.003634530430402738
0.20871881596414174,0.20502689217133038,0.003691923792811358
0.8387257882980761,0.8233092272368242,0.015416561061251888
0.9202246973700737,0.8989330210452202,0.021291676324853515
-0.0771218704177369,-0.07650403417373978,0.0006178362439971108
0.6422716787207357,0.6383882839472714,0.0038833947734642216
-0.9094405185351433,-0.8907813086111527,0.018659209923990616
0.47491449878352066,0.4793747959900838,0.004460297206563157
-0.1789847214075689,-0.18817023815296344,0.009185516745394529
0.9320843087038493,0.9212811906331775,0.010803118070671802
0.33147489706457606,0.32589523141440996,0.005579665650166099
0.867817264494354,0.8489988465209336,0.01881841797342043
-0.2023110266964831,-0.1858790993919497,0.01643192730453341
-0.1048036858946395,-0.12567818982080975,0.020874503926170254
-0.6599525200450376,-0.6390352281979178,0.020917291847119768
0.18183626844377496,0.1823192412972796,0.000482972853504654
-0.6683323204054856,-0.646046913041259,0.022285407364226573
0.780505601981356,0.76103823138433,0.019467370597025968
0.2541398288560003,0.2403419519617985,0.013797876894201783
-0.5949939326461663,-0.5833945368855444,0.011599395760621856
-0.9417841053535584,-0.9215413740235469,0.020242731330011532
-0.665710384824478,-0.6543714061013429,0.011338978723135051
0.9227566342533186,0.9038253075563794,0.0189313266969392
0.6676120686046899,0.6487731685883932,0.018838900016296733
0.9290255312860999,0.9123423962627211,0.016683135023378814
0.31480360309002264,0.3157790381964023,0.0009754351063796518
-0.8469223237645268,-0.8264100110223608,0.020512312742166028
0.937547651967778,0.9198190478326186,0.01772860413515942
0.4907707793027232,0.47140287216849563,0.01936790713422759
-0.4198186838133547,-0.429550105912387,0.009731422099032327
-0.5913304953105218,-0.58319895636864,0.008131538941881788
0.9208827240138043,0.9092471373178476,0.011635586695956768
0.6632522126667363,0.6436135947192596,0.019638617947476678
0.9467731085454074,0.9328332024345541,0.013939906110853273
-0.9491388599580847,-0.9380934072111247,0.011045452746960005
0.8355367541047027,0.8182934726467054,0.01724328145799736
-0.8759801791562408,-0.8566049834135421,0.019375195742698748
-0.948718710832436,-0.9322779503920497,0.016440760440386226
0.28787825570160674,0.28302022829287804,0.0048580274087287045
0.4797444200633435,0.46209294196539186,0.017651478097951645
0.8880658670507324,0.8749449965527293,0.013120870498003145
0.2639077517248385,0.25146507506882115,0.012442676656017337
0.8625115756655631,0.8474979861501427,0.015013589515420422
0.5545104931767555,0.5453908661179272,0.009119627058828295
-0.3257873870700236,-0.3182047662215909,0.007582620848432697
0.8799755242672886,0.8618586988452694,0.0181168254220192
0.2533541562540671,0.24032867245161763,0.013025483802449472
-0.11601770011059392,-0.10489672328849316,0.011120976822100767
-0.6796275482341678,-0.6600329807749794,0.019594567459188417
-0.6504555064345842,-0.6547083429289159,0.004252836494331724
-0.6623588891070402,-0.6399102959052637,0.0224485932017765
0.18549648672190788,0.17364453133947064,0.011851955382437246
-0.7001239346794472,-0.6956761108814526,0.004447823797994577
0.5809710149388913,0.5809566517996434,1.4363139247852708e-05
0.29594945980051657,0.3051074855524587,0.009158025751942134
-0.8064757085822163,-0.7944743512693333,0.012001357312882988
-0.018122733757202903,-0.01373312439251821,0.004389609364684693
-0.0911419358495123,-0.09065778632783203,0.0004841495216802716
0.9513860776934095,0.9307512390647574,0.02063483862865212
0.6032829688010001,0.5934899731120463,0.009792995688953754
0.7766315590784176,0.7782555945389688,0.001624035460551121
-0.881028874497221,-0.8659006079855935,0.015128266511627464
-0.34279877134546033,-0.34369809962870446,0.0008993282832441274
-0.9266987412821045,-0.917037134457408,0.009661606824696523
0.5092048471899284,0.5117201935749777,0.002515346385049244
0.6989062939777316,0.6973731082876083,0.0015331856901232843
-0.558648293246234,-0.5585025692584671,0.0001457239877669103
0.13252509681382282,0.13393157712675405,0.0014064803129312242
-0.8347753419931889,-0.8210744280941012,0.013700913899087674
0.9061354671111348,0.8934628687942144,0.012672598316920358
-0.7636169579763206,-0.7577032959288416,0.005913662047479007
0.9051428910462975,0.8890273689571241,0.01611552208917344
0.753351767416684,0.744050948434709,0.00930081898197499
-0.45385340898047977,-0.4345614687008669,0.01929194027961284
0.11230804485600222,0.09173145665951862,0.0205765881964836
0.8012328793320656,0.7975308595737947,0.0037020197582708914
-0.9479464142596568,-0.9346477848611958,0.013298629398460937
-0.6413207673670136,-0.6324846816970451,0.008836085669968519
0.9198327753278494,0.8996488898503773,0.020183885477472074
-0.8869466690345702,-0.8658656565603106,0.02108101247425964
-0.038802574098115106,-0.04937485303012816,0.010572278932013054
-0.007407242285371165,-0.0036873706690553573,0.0037198716163158074
0.8715086703817823,0.8542600034009391,0.017248666980843153
-0.8876897282845273,-0.8779346776025541,0.009755050681973243
0.3128758175825074,0.31301036620232076,0.0001345486198133794
0.8062306935967134,0.7911870210774876,0.015043672519225781
0.0048076741176644915,0.0011106398886222937,0.0036970342290421976
-0.0894925918903641,-0.0990185222193964,0.009525930329032303
0.06272475022060896,0.06309262889048509,0.00036787866987612883
-0.7665003846307099,-0.7522389796465904,0.014261404984119541
0.36709755460162224,0.3548161267133538,0.01228142788826847
-0.5777727355600962,-0.5709089395159544,0.006863796044141779
-0.7852951314808515,-0.7702067773548921,0.015088354125959436
0.33160627193630193,0.3168385686300959,0.014767703306206026
0.28970116704269916,0.27987293876295993,0.009828228279739226
-0.4510702422946875,-0.43100942617002996,0.020060816124657543
-0.9111859753489068,-0.8942180785766006,0.016967896772306146
0.6287781384008393,0.6143125355993346,0.014465602801504662
0.9141153097833793,0.8996796009965915,0.014435708786787793
-0.26766307921557203,-0.2556737885972271,0.011989290618344917
0.7985593643421184,0.7891878973545462,0.009371466987572186
0.2476961095477958,0.23504362117417202,0.012652488373623788
-0.8879743872733203,-0.8737406097758537,0.014233777497466682
0.9287173145979024,0.9179372588940246,0.010780055703877855
0.02130224603717159,0.009983381374144042,0.011318864663027547
-0.954872954060068,-0.9387634927754327,0.016109461284635307
-0.41080083590286254,-0.39779200679873344,0.013008829104129094
-0.33007153022509256,-0.3230795573957939,0.006991972829298643
-0.35153288891755274,-0.36141494582348976,0.00988205690593702
-0.5446993673547448,-0.5236534965865071,0.021045870768237718
-0.6335970317635283,-0.6289016721708528,0.00469535959267553
0.26392871600344575,0.265129773822183,0.00120105781873725
-0.949618968375343,-0.9368027378779177,0.012816230497425307
0.9138936640062381,0.8925433894726916,0.02135027453354643
0.30952228087504524,0.3029852357359831,0.006537045139062114
-0.8660155244141087,-0.8530152289583085,0.01300029545580017
0.29897364499305346,0.288371947994915,0.010601696998138455
0.396987679166613,0.3821443639185214,0.014843315248091571
-0.9674547427836235,-0.9513028933277025,0.016151849455921075
-0.46113372427854477,-0.45769631369225594,0.003437410586288825
-0.6791285232910778,-0.6799794533014075,0.0008509300103297646
0.0998322460841641,0.09334243328479323,0.006489812799370873
-0.2703255519126124,-0.2562129397072099,0.014112612205402553
-0.5004966963238187,-0.5058029850427189,0.005306288718900265
-0.6436940485548949,-0.6408543258623489,0.002839722692545954
-0.2723414029310771,-0.2580073049901981,0.014334097940879031
0.3974335754020133,0.38285809324046516,0.014575482161548137
0.1098330714561989,0.11822604843991943,0.008392976983720532
-0.4113121325722707,-0.41964374840735424,0.008331615835083572
0.020666267848417758,0.031083756857929447,0.010417489009511689
0.9434215151757785,0.921756779693832,0.021664735481946584
0.863364002644181,0.8560036064384657,0.007360396205715269
-0.8957781830984224,-0.8772536076878055,0.018524575410616917
0.9512051565870567,0.9306165121891437,0.02058864439791308
0.7849815036040447,0.7681606498634131,0.01682085374063158
-0.9083378441821679,-0.8925807800959217,0.01575706408624622
-0.7901141813304555,-0.7795041350241417,0.010610046306313792
0.44078556769372274,0.42263705570589183,0.018148511987830906
0.4022366789773932,0.40590365773519,0.0036669787577968127
-0.6108891284466437,-0.6039166877708655,0.00697244067577818
0.8729119333992099,0.8526543488719976,0.02025758452721227
-0.8723544883776607,-0.8602690295794333,0.012085458798227422
-0.8788428029248988,-0.8631898913989089,0.01565291152598991
0.5553967463234081,0.549267195702798,0.006129550620610047
-0.2990875641540667,-0.2845704434230331,0.014517120731033561
0.36431812100312366,0.348360246822518,0.01595787418060568
0.6681849161507837,0.6661994547379972,0.001985461412786438
-0.7899926231742981,-0.7727814767871012,0.017211146387196896
-0.6946741497725337,-0.6793035081317754,0.015370641640758298
0.7011367905478554,0.6884171379073518,0.012719652640503565
-0.7653521460803847,-0.7509878098477335,0.01436433623265121
0.9461412976576586,0.9363687494932196,0.009772548164439065
0.7885635362824083,0.7768183985530508,0.01174513772935748
0.20142580185285758,0.18632802245872213,0.015097779394135452
-0.0939771406730847,-0.0842458566776284,0.009731283995456294
0.4994243480701474,0.47482997678062866,0.024594371289518746
-0.7571142975517023,-0.74157521977263,0.015539077779072374
0.6266845651531695,0.6066509689691173,0.020033596184052205
-0.939604950760697,-0.9285297946557322,0.0110751561049649
-0.9550067736824674,-0.9339492143849559,0.02105755929751152
-0.6219746904402359,-0.6130146365054627,0.008960053934773171
-0.904076373980467,-0.8915354703113981,0.012540903669068904
0.7818019576517555,0.7652256751789778,0.01657628247277776
0.6925758921583471,0.677802879744011,0.01477301241433615
-0.26163660826219165,-0.26897326544610395,0.0073366571839122985
-0.3373176136541148,-0.3288891531452098,0.008428460508905
-0.5959216222870419,-0.6046948950311573,0.008773272744115324
-0.1716798200612723,-0.1607916230037116,0.010888197057560695
0.9569780072934256,0.9438162068209688,0.013161800472456853
-0.7785312233813122,-0.7651874837046201,0.013343739676692112
0.45874941597166535,0.45916610006125824,0.00041668408959288916
-0.5031300532574671,-0.5002701489953192,0.002859904262147883
0.9061183184150748,0.8937881223410709,0.012330196074003985
-0.47354045142467704,-0.4707805932460741,0.0027598581786029697
-0.9408663020921672,-0.9212391664343978,0.0196271356577693
-0.9014503945654216,-0.8930463493409307,0.008404045224490897
-0.0752011312254787,-0.06079057442975206,0.014410556795726635
0.7023930418478669,0.6818546154193386,0.020538426428528322
0.8152530142951411,0.7968767989144214,0.01837621538071965
0.7826532995907556,0.7688358646888417,0.013817434901913894
0.7260936343667987,0.7095048645398395,0.016588769826959227
-0.8861046233239007,-0.8714997016032785,0.014604921720622221
0.03974985745889652,0.028987333033914004,0.010762524424982513
-0.8299589798333108,-0.8168128146750924,0.013146165158218426
0.8401383725931122,0.8254723889911502,0.01466598360196203
0.0600973176247362,0.05043241727559209,0.009664900349144107
0.5557997037324616,0.5416391419641967,0.014160561768264857
0.5996604988530017,0.5981982648492541,0.0014622340037475645
-0.6675847980433779,-0.655323500347665,0.012261297695712936
-0.7954704339062905,-0.7757402366480999,0.019730197258190585
-0.6755437923401622,-0.6534275095128292,0.02211628282733291
0.9019349455405256,0.8813501819605586,0.02058476357996697
-0.07757643443481388,-0.07498954976680464,0.0025868846680092428
0.45323935453814446,0.4371612561925912,0.016078098345553238
0.8747685143482076,0.8699870135700253,0.0047815007781822905
0.9353422907333685,0.9147591261589559,0.02058316457441256
0.4183692279003871,0.4026392711557742,0.015729956744612916
-0.6601040204279087,-0.6399730066654248,0.02013101376248394
-0.8763843392155181,-0.8601530518126214,0.0162312874028967
0.8532220434393187,0.8397847363380718,0.01343730710124691
0.012399205091523108,0.0027129568340917903,0.009686248257431317
0.870107404273888,0.8479402665597245,0.022167137714163454
0.0937631951719875,0.08249882141367126,0.011264373758316237
0.16045880988712136,0.1572854149424179,0.0031733949447034504
-0.2624774630256354,-0.27348326969313114,0.011005806667495732
0.056388996907710244,0.045000724287030086,0.011388272620680158
0.4135786748937691,0.3958612549025665,0.017717419991202576
-0.9248287902494516,-0.909665906338496,0.01516288391095566
-0.08144576894368274,-0.07128795073463445,0.010157818209048292
-0.8680365869789306,-0.859169954836706,0.008866632142224606
0.2224112761659574,0.22721863506209675,0.004807358896139341
-0.8865723700286893,-0.8728650523973234,0.0137073176313659
0.9386840552654075,0.9201831242674735,0.01850093099793404
-0.9355723512614316,-0.9236043558354392,0.011967995425992362
0.6612675406518892,0.644023088796389,0.017244451855500165
-0.9432449961165202,-0.9301889925759889,0.01305600354053138
0.9406390095194346,0.9214996961160322,0.019139313403402358
0.5455918340592001,0.5364744452233163,0.009117388835883755
0.4230240099182005,0.4120354722496039,0.010988537668596587
0.6195955242624317,0.6130374683407729,0.006558055921658812
-0.5793322701866934,-0.5673450428478919,0.011987227338801532
0.6619513955542248,0.6653938821892019,0.003442486634977149
0.6330028093612002,0.611323124810166,0.021679684551034195
0.9186718219011314,0.9088488148657657,0.00982300703536565
-0.5116799304249305,-0.49391890632834606,0.017761024096584477
-0.9242260893390998,-0.9085393329718087,0.01568675636729111
0.6799987320567185,0.6720645548815839,0.00793417717513456
0.4440221370159928,0.42763474308211,0.016387393933882777
0.6819330733476556,0.6705369981789966,0.011396075168659037
-0.8720369810255193,-0.8646983387843444,0.007338642241174864
-0.4308639892064901,-0.428731048793343,0.0021329404131470997
-0.5470889194267319,-0.5517652908364225,0.004676371409690572
-0.6365675713306728,-0.630981362691902,0.005586208638770795
-0.829599264361208,-0.812973013142714,0.016626251218494037
-0.31915310800462804,-0.31820692168758835,0.0009461863170396878
0.6976719470458257,0.6766764739631365,0.02099547308268923
0.9385697808279697,0.9251497420107099,0.013420038817259838
0.5970625971022395,0.5803525783594518,0.01671001874278777
-0.27109987641750366,-0.26697345861302346,0.004126417804480198
-0.5628433460417468,-0.5498266150576787,0.013016730984068081
0.5973733360093428,0.6031007576094892,0.005727421600146387
-0.6326958119468891,-0.6252604352423178,0.007435376704571284
-0.8819735617223967,-0.8692120720556434,0.012761489666753278
0.7178745141660923,0.7204779010538176,0.002603386887725323
0.3416900654858716,0.3371597565214901,0.004530308964381502
-0.7348836615871351,-0.7254476205160318,0.009436041071103296
-0.9252040086064828,-0.9118938182074751,0.013310190399007715
0.944871818978542,0.9338331876315054,0.011038631347036643
0.9347616314091579,0.9238015603999484,0.010960071009209482
-0.7731531775764499,-0.7630945827453727,0.010058594831077183
0.7606852860719971,0.744793712889416,0.015891573182581165
0.7734840651456413,0.7562661042021546,0.01721796094348671
0.4952528768956702,0.49471244727277336,0.0005404296228968541
-0.9094068774431553,-0.8904040601140358,0.01900281732911946
0.25717426839479446,0.2527352386195719,0.004439029775222536
0.28629730093012046,0.2730186518881118,0.01327864904200865
-0.32923881886824125,-0.33148152472595566,0.002242705857714411
-0.7821791674983251,-0.7635455649162184,0.018633602582106668
0.3878081265174975,0.369654302814115,0.018153823703382532
0.9167853127116766,0.9027993689345039,0.013985943777172771
0.9154968636228611,0.8971302486334509,0.018366614989410168
-0.4631821131330082,-0.4620852450394311,0.0010968680935771191
0.3647738614027874,0.35900054332050085,0.005773318082286538
-0.21948380822301905,-0.22195681391645736,0.002473005693438307
0.7380915550831172,0.717713427623783,0.020378127459334205
-0.11881211670595052,-0.11739964536389685,0.0014124713420536616
-0.5564508540836044,-0.5552891366110151,0.0011617174725893076
-0.8624619010249709,-0.8534646184871162,0.0089972825378547
0.4436596534550494,0.42621188286018175,0.01744777059486763
-0.23254359405418917,-0.24028307047183955,0.007739476417650382
0.8977722978779102,0.8806040637454462,0.017168234132464044
0.8489888502986552,0.8271057334251111,0.02188311687354416
0.7854974682058207,0.7749606094902495,0.010536858715571196
0.8878216186917434,0.8737953170841647,0.014026301607578673
0.9487639699175242,0.9298080886926431,0.01895588122488112
-0.8268732967184653,-0.8103271447820408,0.016546151936424502
0.9266774222865601,0.9086056258086259,0.01807179647793422
0.760163989937589,0.7445582886694452,0.015605701268143868
0.894633731200417,0.8704757916683311,0.024157939532085893
0.9162661886995961,0.8998115662509503,0.016454622448645817
-0.18916713250036016,-0.19370532301323878,0.004538190512878626
-0.09840266358749732,-0.10441713323786427,0.006014469650366949
0.40460335913625073,0.38160297292217643,0.023000386214074298
0.7823394479045612,0.7646255688353377,0.017713879069223504
-0.939916177327788,-0.9230996190755588,0.016816558252229163
-0.2609483694733423,-0.2620188743845605,0.0010705049112181841
-0.630579122429529,-0.6313973675686263,0.00081824513909734
0.15954647921720516,0.1468626027153285,0.012683876501876662
-0.6278471710493713,-0.6278987699150707,5.15988656993871e-05
0.8305829561683291,0.8169485997117325,0.013634356456596608
-0.34221026010101496,-0.32410453130904116,0.018105728791973807
0.028533543264006794,0.04808424628452296,0.019550703020516164
0.7792321976226726,0.7733841061372431,0.00584809148542953
0.357565152848612,0.365216515171911,0.007651362323298994
0.5897808320321211,0.5779724905962452,0.011808341435875835
0.42646871606677667,0.43434961714364506,0.007880901076868396
-0.7548338311573616,-0.7423943976275701,0.012439433529791488
0.9321990915586905,0.9138259585395984,0.018373133019092158
-0.6554686628819258,-0.6416734292875275,0.013795233594398382
0.8085791081514061,0.7891817325037763,0.019397375647629778
-0.8490681289152106,-0.8392586596414016,0.00980946927380899
-0.7270443263337781,-0.7140052377878969,0.013039088545881206
-0.6122508074340535,-0.6121206280237317,0.0001301794103217846
0.9381290200879971,0.9162207348017999,0.02190828528619726
-0.840477551990677,-0.8250858333494697,0.015391718641207253
0.14440089040820087,0.13956432290511042,0.004836567503090444
0.234267668027446,0.22657344727137602,0.007694220756069986
-0.09804769881509455,-0.10542255868747073,0.007374859872376183
0.293423095786866,0.3016177944600249,0.008194698673158918
-0.7269097287907672,-0.7219188451912895,0.004990883599477747
0.636926459780603,0.6247887350510738,0.012137724729529231
-0.041469821690293916,-0.024685783619499437,0.01678403807079448
-0.33937079486247096,-0.3426728600109819,0.0033020651485109465
0.7952708648665369,0.784811208399856,0.0104596564666809
-0.7434035919933377,-0.7295121285221501,0.013891463471187637
0.8560256396458782,0.8439940537462833,0.012031585899594854
-0.9070542213971868,-0.8993422009440755,0.007712020453111368
0.41587321638265784,0.4076937126286961,0.008179503753961759
0.9392859733023032,0.9271148781821162,0.012171095120186992
0.9329125094660435,0.9159828424790525,0.016929666986991054
-0.9139819720557879,-0.8926239840825065,0.021357987973281367
-0.7245936435079685,-0.7211144894946063,0.0034791540133621845
-0.8896435014324598,-0.87873079735144,0.010912704081019853
-0.8264629366798807,-0.8126065306770381,0.013856406002842547
-0.7283498820223758,-0.7208439787675478,0.007505903254828028
0.03302743107843034,0.03325239385083553,0.00022496277240519058
-0.8346024258556979,-0.8253195608913066,0.009282864964391235
-0.4577449783281181,-0.4507492415257995,0.006995736802318631
-0.9411996049011279,-0.9287033644889515,0.01249624041217634
0.9432970859820328,0.9211242983867839,0.022172787595248877
0.5581375138861359,0.5500930863366766,0.008044427549459221
0.09572553251790349,0.10153808242403826,0.0058125499061347785
0.4695257773429368,0.4600052375016843,0.009520539841252507
-0.9002568472678801,-0.8811078052279514,0.019149042039928732
-0.028843926586795784,-0.02089258397948334,0.007951342607312444
-0.8315007776201596,-0.8165073011840638,0.014993476436095832
-0.9226716487030716,-0.9088147577098971,0.013856890993174553
0.909309763226382,0.8882413009220886,0.02106846230429338
-0.30739293107244886,-0.302589696116464,0.004803234955984836
0.9390567506898876,0.9162331961763693,0.02282355451351825
0.7710819315074459,0.7473992166109255,0.023682714896520407
-0.06394364673231853,-0.07772902985630399,0.013785383123985459
0.44310168172441317,0.4249017216744813,0.01819996004993185
-0.909935088850115,-0.8960487619484564,0.013886326901658586
0.5536029785521028,0.5530262010399896,0.000576777512113269
0.8346177026734767,0.8186507897138746,0.015966912959602064
-0.9623064209520957,-0.9424160551679214,0.019890365784174358
-0.7940589766590382,-0.7919868668824719,0.0020721097765663554
0.6661623181811345,0.6602205214115558,0.005941796769578622
-0.9117550464544745,-0.9039522791485386,0.007802767305935876
0.9295511521232938,0.9131046050807387,0.016446547042555104
0.673094728918054,0.6718375730341793,0.00125715588387465
0.5365620197950837,0.5186646406333023,0.017897379161781357
-0.9340609847014465,-0.9138042375909692,0.020256747110477313
-0.12481717272538671,-0.1197443982423415,0.005072774483045217
-0.9263128784305067,-0.9126047480626984,0.013708130367808269
-0.8745982628877894,-0.8665079575689578,0.008090305318831592
0.6704564090317983,0.6519646897288558,0.018491719302942466
-0.2709264268183739,-0.2579641954118318,0.012962231406542124
0.4354389861744562,0.4173661137759501,0.01807287239850608
-0.4834479238477903,-0.4823505081528736,0.0010974156949166702
0.6707007614833347,0.6678259729955582,0.0028747884877764474
0.3911920570042865,0.39633099403722893,0.005138937032942437
-0.9423169632402968,-0.9242348186063227,0.018082144633974062
-0.876328175757517,-0.8650400719276061,0.011288103829910856
0.9639480657111357,0.9469551226093592,0.01699294310177646
-0.33853393188704517,-0.3371010075629326,0.0014329243241125722
0.9274285212804344,0.9185647976507789,0.008863723629655484
0.9247521098014182,0.9040595224687752,0.02069258733264301
-0.1882585127195119,-0.1832714080351619,0.004987104684350013
-0.8957722860880821,-0.8830045553314583,0.012767730756623852
0.9464689303110817,0.9312132061817084,0.01525572412937326
0.8124477682884507,0.7956202136478225,0.01682755464062813
-0.10759642222112455,-0.09898092177485936,0.00861550044626519
0.722235354297923,0.7203981770688771,0.001837177229045861
-0.3112430576562486,-0.3237510884390789,0.012508030782830304
-0.2706081670932427,-0.2767854305751215,0.006177263481878803
-0.011068135306802207,-0.01160316209346103,0.0005350267866588241
0.17093504504265292,0.17718137956512908,0.006246334522476166
0.28321246380834886,0.28143970347060226,0.0017727603377465928
0.8903991867628586,0.875626387158939,0.014772799603919529
-0.8919486540068131,-0.8787010275326661,0.013247626474147012
0.0453574992524311,0.03793931155278494,0.00741818769964616
0.058105934951271546,0.06585642302619743,0.007750488074925885
-0.23124668388676783,-0.22516919721682582,0.006077486669942012
-0.5263253334518021,-0.5138377160250106,0.012487617426791497
-0.4900481180559902,-0.47894268323612943,0.01110543481986076
-0.6680269094122332,-0.6529922627752034,0.015034646637029803
0.9294529689172294,0.9176317559038609,0.01182121301336847
-0.8386450472711545,-0.8170039200466942,0.02164112722446032
-0.8402021931531397,-0.8351197851910059,0.0050824079621337725
-0.6949177443522365,-0.693422603662967,0.0014951406892694807
-0.24509155004028052,-0.23525569977752128,0.009835850262759238
0.7172939867076271,0.7079709211458699,0.009323065561757216
0.9308280328921922,0.9138321379036497,0.01699589498854248
0.33738190966156884,0.321941400267158,0.015440509394410828
0.9715477642828122,0.9604626020098649,0.011085162272947313
-0.5076578193973718,-0.49826721299910237,0.009390606398269385
0.543493824843382,0.5379741172825058,0.005519707560876275
0.9028197528204414,0.8878499756211603,0.014969777199281054
-0.7735340510079445,-0.752939060750156,0.020594990257788437
0.04023303579809785,0.04329157692128229,0.0030585411231844398
0.10360265963086031,0.11250810042698071,0.008905440796120406
-0.9095219349398835,-0.8912059709095453,0.018315964030338194
0.5702183186023281,0.5516240427704141,0.018594275831913976
0.8363376494025587,0.8191756689912043,0.017161980411354416
0.37441516589451346,0.3556868729102047,0.01872829298430878
0.15504723466364995,0.15330286175798122,0.0017443729056687285
0.5711744048464088,0.568135634352357,0.003038770494051768
0.22727344417189863,0.23750977776127277,0.010236333589374147
0.3571672245242965,0.3652511857114583,0.008083961187161814
0.3969845514724185,0.38834013955639113,0.008644411916027384
-0.9489927159822845,-0.9341166301754006,0.014876085806883932
0.8221300952260845,0.804622717406349,0.017507377819735437
0.17314493058604052,0.17880876157035328,0.005663830984312751
0.9114600507748809,0.891802808097848,0.01965724267703295
-0.9524918468706045,-0.9340051065329519,0.01848674033765263
0.5878493797778366,0.5773721906887316,0.010477189089104999
0.21998049447428014,0.20815617011782847,0.011824324356451671
-0.3034678927109447,-0.31586974501199616,0.012401852301051453
-0.6093367914740108,-0.6079296698140982,0.0014071216599125247
0.2083428088107831,0.21962433656983985,0.011281527759056748
0.9298899615345982,0.9204483483147647,0.0094416132198335
-0.8715607523490746,-0.8547597969582066,0.01680095539086801
-0.769442709550133,-0.7589130497503889,0.010529659799744184
-0.8184688293723615,-0.8117961497394229,0.006672679632938605
-0.9363998518372778,-0.9179420470093765,0.01845780482790127
-0.8795588850065722,-0.8597971654604325,0.0197617195461397
0.8428425661401017,0.8209287652110564,0.02191380092904527
0.8860908194231505,0.8712326718768841,0.014858147546266354
0.973670481949246,0.9619499898662567,0.011720492082989309
-0.9082881317073602,-0.8872081971586023,0.021079934548757895
0.19607079161116925,0.20339933084822615,0.007328539237056897
0.8771253575816301,0.86570990289924,0.011415454682390136
-0.8980824461500609,-0.8864597880954767,0.01162265805458429
0.9637742082576021,0.9500578085823538,0.013716399675248292
0.6303039575038144,0.6110091312850969,0.019294826218717476
0.8213538662541774,0.8099998400953723,0.011354026158805097
-0.2718810902984811,-0.25723676556826097,0.014644324730220148
-0.5273656954242903,-0.5157182945205603,0.011647400903730065
-0.959363313641536,-0.9401850084746091,0.01917830516692698
0.4317921282608865,0.42180608764437083,0.009986040616515646
0.6763020141902127,0.6738673934126269,0.0024346207775858275
-0.7950968743559116,-0.7921930424067493,0.0029038319491623277
-0.381728161726089,-0.3676979582677853,0.014030203458303692
0.47346207445444327,0.47633462603758386,0.0028725515831405923
0.5173218441064921,0.5155855141803652,0.0017363299261268228
0.8180984897693682,0.8080402614726715,0.01005822829669667
-0.21925492211337716,-0.20337659610204917,0.015878326011327992
-0.45959560734738486,-0.4622087020082292,0.0026130946608443617
0.34852526662379923,0.3350242165560938,0.013501050067705411
0.8168256801068209,0.8060995522486133,0.01072612785820759
-0.26563192099300037,-0.25220139016445703,0.013430530828543341
0.7653995383078698,0.7464557049523559,0.01894383335551386
-0.2966111805941962,-0.2865888994535011,0.010022281140695144
-0.9478790611642999,-0.9340047336883454,0.013874327475954518
-0.7221517600169673,-0.7174316875414055,0.004720072475561832
0.0916848171961149,0.09222719987995577,0.0005423826838408669
0.9331303220415214,0.923830039510347,0.00930028253117432
0.6251939743813342,0.6260086381638577,0.0008146637825234837
-0.4195458031308023,-0.40719414643545615,0.012351656695346158
0.702672186614976,0.6958327015217014,0.006839485093274589
0.581848309569386,0.5718436695000908,0.010004640069295245
-0.3431892880924292,-0.33610945762541083,0.007079830467018378
-0.9110541774045589,-0.8912674049690462,0.019786772435512634
-0.4332582695718505,-0.429448105074305,0.0038101644975455096
-0.9186937933744542,-0.9052629233836498,0.01343086999080445
-0.938333883963288,-0.9234226325437462,0.014911251419541749
-0.8529203806231773,-0.8309449974249714,0.02197538319820591
0.3118396227356629,0.30578637223247995,0.00605325050318295
-0.5725743105592648,-0.5692925999053406,0.0032817106539241303
-0.07318939519929323,-0.06979686766228135,0.003392527537011872
-0.16928565676059615,-0.17704173679842122,0.007756080037825075
-0.10558993775901132,-0.10630320109318349,0.0007132633341721678
-0.11768007750075427,-0.1171093015425836,0.0005707759581706634
-0.7826592686600545,-0.769997928951297,0.01266133970875749
-0.011451208996722431,-0.015851681952687078,0.004400472955964647
0.17614338536625057,0.1779819269686591,0.0018385416024085388
0.9189148294335278,0.9064085640129991,0.012506265420528684
-0.9525020781453686,-0.936721408034577,0.01578067011079154
0.024610354251383876,0.016520301991108374,0.008090052260275503
0.925570406370284,0.9043010395691011,0.021269366801182854
-0.3099916715488165,-0.3055709826281978,0.004420688920618698
0.29199811198642495,0.292325178021585,0.0003270660351600285
-0.9249852327061764,-0.9048749606672196,0.020110272038956767
0.24190382039495842,0.24106684205821455,0.000836978336743871
0.9267379888473272,0.9100257831302587,0.01671220571706844
0.16853074119063832,0.1667875779493279,0.0017431632413104359
0.8437438290051098,0.827414548703843,0.01632928030126679
0.9150948912298273,0.8955194664667865,0.01957542476304086
-0.05043879863617893,-0.05333149365475064,0.0028926950185717143
0.446970945470657,0.4304919018605991,0.01647904361005792
0.4652946549090079,0.45566327489399405,0.009631380015013846
0.4683025760096145,0.46268652891785006,0.005616047091764442
-0.13789165115896015,-0.15015025726383696,0.012258606104876807
0.8217468765461701,0.8007180055802638,0.02102887096590622
-0.8564399277243412,-0.8445104042471682,0.01192952347717302
0.013538056812305925,-0.003529822200045344,0.01706787901235127
0.9480064213208438,0.9289458312027314,0.01906059011811234
0.6482879999265615,0.646823428132812,0.0014645717937494807
-0.800361488806637,-0.7793171111709329,0.021044377635704103
-0.06004895793922261,-0.04886789441693825,0.01118106352228436
-0.6117465216330095,-0.6007670428073228,0.010979478825686617
-0.6432886658515029,-0.6309138820707996,0.012374783780703336
0.6325772273327699,0.6185827115510721,0.013994515781697747
-0.747531765503969,-0.7301528073007122,0.017378958203256856
-0.09512778336949151,-0.10667053389835182,0.011542750528860307
0.09867249319127659,0.08687449091207822,0.011798002279198375
0.9445556889151476,0.9340561091846957,0.010499579730451902
-0.5540550406880054,-0.5543022154985828,0.00024717481057745516
-0.8616172593098,-0.8497982815763117,0.01181897773348839
0.1967989264693948,0.20082327807263195,0.004024351603237136
-0.09725754498030427,-0.11001045784830833,0.012752912868004063
0.8050667448310315,0.7904659848466887,0.014600759984342737
0.838236930336148,0.8323832103529759,0.005853719983172079
-0.41224663593825817,-0.40726011368835086,0.00498652224990731
-0.16590881841489105,-0.18297946324587927,0.01707064483098822
-0.6021713356853944,-0.6020428237336243,0.000128511951770105
-0.5185921919261473,-0.5170659433687262,0.001526248557421006
0.9183025190743648,0.9056905128827765,0.01261200619158831
-0.6183308070305886,-0.6231973988985354,0.004866591867946801
-0.17967310149246116,-0.17238267842326047,0.007290423069200691
0.5508346532572975,0.5337630014969494,0.017071651760348083
-0.35029853800261546,-0.35672379282643896,0.006425254823823501
-0.9130603257444979,-0.9011822674748164,0.011878058269681468
-0.9649323177727754,-0.9492996399072741,0.015632677865501377
0.6660295740705466,0.6532119961027871,0.012817577967759508
-0.6867847234851687,-0.6730998486417442,0.01368487484342451
0.609782018669321,0.6108747897910535,0.0010927711217324498
-0.9269463831508832,-0.9190529131287137,0.007893470022169446
-0.6003884115133099,-0.5992469342803532,0.0011414772329566558
0.9098489742819846,0.9000906372564093,0.009758337025575381
0.2663050992865507,0.2692889555685902,0.00298385628203951
-0.6984803084547141,-0.6876545985097413,0.010825709944972783
-0.5947981082256469,-0.5835528081457928,0.011245300079854137
0.13404842899698027,0.13122091294867394,0.0028275160483063333
-0.41089796649108906,-0.3950365443256707,0.01586142216541836
0.7774969392836176,0.7658850394911183,0.011611899792499325
0.9416810317033938,0.9294381973459057,0.012242834357488075
0.7965500611661975,0.7841241902566057,0.012425870909591796
0.5274111280927545,0.528681429861442,0.0012703017686874762
-0.6087353642032114,-0.6050536325348167,0.0036817316683946943
-0.636525090879398,-0.6393393710449478,0.002814280165549743
0.03622874173786639,0.025757379365871164,0.010471362371995224
-0.6764129587662026,-0.6637506401359243,0.012662318630278224
0.42876742184090855,0.42095992771864355,0.007807494122265002
0.46494467244711085,0.4551560971438051,0.009788575303305735
0.8018194893352012,0.7856089015675323,0.016210587767668927
-0.29474238196217944,-0.29586915984442963,0.001126777882250185
-0.16498432402368282,-0.1531341190253957,0.011850204998287123
0.6793639714415881,0.6654946225069239,0.013869348934664183
-0.2745809566796836,-0.27178500002642136,0.0027959566532622104
0.697368193471227,0.6821642061236773,0.015203987347549686
0.1807543274397494,0.17622130360543944,0.004533023834309952
0.042094574804053084,0.040376654401261834,0.0017179204027912495
-0.15901387103279893,-0.14173126257746946,0.017282608455329473
-0.680203426762942,-0.6588545162482227,0.02134891051471932
0.9015595958613867,0.8886698916894933,0.01288970417189339
-0.7899926222445012,-0.779462299488085,0.010530322756416188
-0.6728893997666805,-0.6781979519044161,0.005308552137735623
0.5331434418650098,0.5229075252427281,0.010235916622281738
-0.30905975799583896,-0.3014342530603856,0.007625504935453331
-0.6834634319193489,-0.674373574523969,0.00908985739537993
-0.897505794757324,-0.8767604471416787,0.020745347615645282
-0.8998831946489374,-0.8806607648049031,0.019222429844034328
-0.7706486530087748,-0.7535165720339222,0.017132080974852637
0.7418995267835554,0.7273399228572884,0.014559603926266984
-0.08003724348034953,-0.07463053397137955,0.005406709508969987
-0.5690142112287893,-0.5672391238978949,0.001775087330894376
0.8988853950322538,0.8812071526479758,0.017678242384278064
0.4161138360198972,0.3982402911393647,0.0178735448805325
0.37056987502598804,0.35042553110482083,0.020144343921167207
-0.859185236637678,-0.8502334959743796,0.008951740663298402
-0.9526708749354992,-0.9318153817646407,0.02085549317085844
0.26058991094755823,0.26698275427960066,0.0063928433320424305
-0.8515560123133598,-0.8395216615507842,0.01203435076257553
-0.808192891324455,-0.7967377230976018,0.011455168226853218
-0.4776642337231407,-0.4642515113748116,0.013412722348329131
0.48322514176550935,0.46652015083873505,0.0167049909267743
0.943662799185538,0.9310927861977076,0.012570012987830337
-0.354132919558193,-0.34971581558528475,0.004417103972908232
0.7419207707567472,0.7240496987951183,0.01787107196162896
0.25962556547826277,0.2460110636968976,0.013614501781365168
0.9274746424672374,0.9117996654208561,0.015674977046381322
-0.34723241194622734,-0.34340926542340106,0.0038231465228262818
-0.5548533019177718,-0.5348697954797346,0.019983506438037257
-0.5854006325467224,-0.5706249440726383,0.014775688474084059
0.8075712571493223,0.802762342062567,0.004808915086755294
-0.518185488539867,-0.5019186882109237,0.016266800328943343
-0.7039126310219139,-0.7038787903482177,3.384067369627264e-05
0.8230342498500551,0.8042267351480699,0.018807514701985273
0.7580743448114393,0.7411370805361857,0.01693726427525366
-0.9347187033296727,-0.9234198410456629,0.01129886228400978
-0.6332215818634167,-0.6292223861805001,0.003999195682916623
0.9359960308450552,0.9180185720602642,0.017977458784791067
0.018727696926637758,0.02334495988359773,0.0046172629569599735
0.683664523052932,0.6734926902620912,0.010171832790840774
0.5535540083718964,0.535175441222534,0.018378567149362368
-0.07718532000831106,-0.08275392092068176,0.0055686009123707
-0.8324403448415338,-0.8106957853359105,0.021744559505623373
0.2583621405965152,0.24857420524842033,0.009787935348094856
-0.19587919225651304,-0.18777708081240696,0.00810211144410608
0.6461451242931984,0.6412388799166604,0.0049062443765379715
-0.4528832944987927,-0.44583840742543973,0.00704488707335299
-0.9063578291646488,-0.8977426852856041,0.008615143879044718
-0.9181996953200339,-0.8990844011519645,0.01911529416806934
0.7469596569376133,0.7427893715159368,0.004170285421676523
-0.7711016603233884,-0.7622792259218217,0.008822434401566714
-0.8926192955322314,-0.8804857409600965,0.012133554572134941
-0.5251071355801612,-0.506600964975505,0.018506170604656202
-0.8050866454624224,-0.7856879443283111,0.01939870113411124
0.7146303648335808,0.7031079652595049,0.011522399574075859
-0.8831423902260228,-0.873703484062086,0.009438906163936833
0.45509627005430187,0.4445930185738782,0.010503251480423692
-0.4748338476883092,-0.4593062380294488,0.015527609658860408
0.7976342387164669,0.7767341274826928,0.02090011123377411
-0.11318635182185577,-0.10525934178661607,0.007927010035239698
0.9433860104885293,0.9285651158896987,0.014820894598830625
-0.9353654226668964,-0.914401745450835,0.020963677216061405
0.9397367344741061,0.9198657281920299,0.019871006282076165
0.5877721062249418,0.5721899302252169,0.01558217599972489
-0.8657908745796978,-0.8552086678720006,0.010582206707697273
-0.6030508352785149,-0.5894518543468469,0.013598980931668003
0.9482107376333105,0.9331862751862707,0.01502446244703981
0.30132979747330424,0.3066944108030736,0.005364613329769341
0.8525065587875876,0.8468450298260675,0.005661528961520168
0.684083010712718,0.6735423914139195,0.01054061929879857
-0.0007067423270373142,0.0024163539597400656,0.0031230962867773797
0.10736558144413609,0.10698093982826067,0.0003846416158754251
0.8437098009252693,0.837355994838225,0.006353806087044278
-0.09170553223787391,-0.09305691216933913,0.0013513799314652242
-0.009848599768401491,-0.006140552313560403,0.0037080474548410883
-0.940229161717079,-0.9263600645623151,0.01386909715476392
-0.019922487344623745,-0.02147715735891845,0.0015546700142947054
-0.6868729595693471,-0.6767890896072116,0.010083869962135505
0.2460612784860205,0.24536250488718048,0.000698773598840019
-0.8985745995942727,-0.8791304576177847,0.019444141976487916
0.359642333121854,0.35329152418400284,0.006350808937851171
0.9434570762671339,0.9221387657807778,0.02131831048635613
-0.6762674204237379,-0.6695782860356769,0.006689134388060958
-0.8684812547773287,-0.8511861285645681,0.017295126212760636
0.007731324953631159,-0.007550641942569096,0.015281966896200254
0.3432931669103949,0.32697461985887244,0.01631854705152247
-0.016210381740386946,-0.017396352258060497,0.0011859705176735513
0.25645167546492276,0.27231973400235815,0.015868058537435392
0.9315093418998079,0.9153959554076243,0.016113386492183635
-0.735187962807926,-0.7325625483615912,0.002625414446334795
0.39328423564579795,0.39800456101727344,0.004720325371475487
-0.809608727004741,-0.7866266490532889,0.022982077951452018
-0.9273959080557254,-0.9148059949464215,0.012589913109303907
-0.7511040129547222,-0.7559247479866007,0.00482073503187852
-0.5374979916196171,-0.5285517216043122,0.008946270015304902
-0.18272888671212492,-0.19222741658405604,0.009498529871931116
0.5641677894201738,0.554041483554323,0.010126305865850727
0.10194519080056222,0.09667349086207941,0.00527169993848281
0.4536572443285472,0.44305615211310984,0.010601092215437369
-0.8803647205590486,-0.8665188029296114,0.01384591762943721
0.6591565577803113,0.6540272377627656,0.005129320017545735
0.8118533661991293,0.8062498182699979,0.005603547929131425
-0.47211495917743285,-0.45882496143552665,0.013289997741906201
0.670920839831088,0.6508249712318159,0.020095868599272038
0.037113578991396785,0.03769438873382124,0.0005808097424244568
0.4567580882217074,0.4410640333879233,0.015694054833784055
0.8349051975821533,0.8185155063442815,0.016389691237871817
-0.6287772146425931,-0.6109827355943163,0.0177944790482768
-0.4216047841465656,-0.42983067187341917,0.008225887726853565
0.6280903943093269,0.621542832191982,0.006547562117344863
0.7806120768783004,0.7751282341443293,0.005483842733971067
-0.8508151016092412,-0.8415312253650071,0.009283876244234102
-0.9554386903681545,-0.9428709819619919,0.012567708406162614
0.1593864599771563,0.15582344761890615,0.003563012358250156
-0.23334824649855462,-0.22533776414837273,0.008010482350181897
0.6697799937005188,0.6585757118519945,0.011204281848524289
-0.7417155282280293,-0.7346061498310542,0.007109378396975119
0.8136613850320261,0.8078100686490608,0.005851316382965321
-0.18303912831264066,-0.17290560235572777,0.010133525956912887
-0.9294919688671138,-0.919866067108621,0.009625901758492872
-0.8748380350351967,-0.861789141979284,0.013048893055912725
0.14775608074713073,0.13326474237995972,0.014491338367171008
-0.7773148815600854,-0.7628727862859401,0.014442095274145306
-0.010008940676171798,-0.009494535503465532,0.0005144051727062667
0.1203022052937518,0.11823248215506088,0.0020697231386909154
0.7267029844026804,0.7136730983589723,0.013029886043708139
0.7441623175418292,0.7223346297838965,0.021827687757932646
0.27501444696556315,0.28391014199747794,0.008895695031914785
-0.6219399209159561,-0.6128515726168587,0.009088348299097326
0.581660405947136,0.5849674185515742,0.0033070126044382198
-0.030636275195836494,-0.02801400377145154,0.002622271424384953
0.1587341936190957,0.1614913442078936,0.002757150588797913
0.7505927166821936,0.7372356427758703,0.013357073906323347
0.7942870786630515,0.7797467235345075,0.014540355128544014
-0.25877043628751295,-0.26527931935118904,0.006508883063676085
-0.9430641674508609,-0.9246634104201376,0.018400757030723303
0.8004712310938729,0.7780519063789106,0.02241932471496222
-0.5620649494691692,-0.5428006443033687,0.019264305165800466
-0.6280134020785695,-0.6239257788809708,0.0040876231975987
0.3267769328534426,0.310222976696064,0.01655395615737859
0.9192694744982327,0.90658794107936,0.012681533418872681
0.9220548804071865,0.9050754001127412,0.016979480294445293
-0.1654445505587658,-0.15640871221025185,0.009035838348513958
0.6103505645960534,0.5999455460797499,0.010405018516303488
-0.2041822573647229,-0.19892508501222417,0.005257172352498729
-0.10981458177151242,-0.11966563295870607,0.009851051187193649
0.12225934764304308,0.1111262931676221,0.011133054475420984
0.8642969338225104,0.850253839149873,0.014043094672637424
0.8413855304230786,0.8276938872598408,0.013691643163237788
0.27961584451699234,0.27166069076483196,0.007955153752160382
0.7507345949891858,0.7390542959276007,0.011680299061585075
-0.9294770652907348,-0.9204982576722738,0.008978807618461038
0.4727901720280717,0.45589602202639523,0.01689415000167649
0.7823371906975565,0.7778432585706041,0.004493932126952371
0.13320424144308535,0.14299037398482126,0.009786132541735909
0.6984644760891456,0.6947295894583402,0.0037348866308054562
0.8270287454886744,0.8194274390513328,0.007601306437341693
-0.34843699990508137,-0.36227606010356833,0.013839060198486963
0.817327535355652,0.8043889472621619,0.012938588093490022
0.4920519757715641,0.4808401365940602,0.011211839177503902
0.7272620370762753,0.710990738120428,0.016271298955847335
0.5704064496204799,0.5531922636443858,0.017214185976094143
-0.14519252076029032,-0.14280878290381835,0.0023837378564719736
0.7675761826663167,0.7546055390378416,0.01297064362847511
0.9234400868052939,0.9013553774650066,0.02208470934028728
-0.7352550318733073,-0.7118774947980729,0.023377537075234378
0.10918688690830897,0.10868738504884067,0.0004995018594683015
0.8269369509507897,0.812633599750032,0.014303351200757652
0.4759163880052472,0.47408275168300656,0.0018336363222406504
-0.9678189926957427,-0.9504203868960506,0.017398605799692102
0.6299531009511433,0.6137724504368132,0.016180650514330153
0.831999551663269,0.8196529059866339,0.012346645676635126
-0.9070818787444408,-0.8881301729460735,0.018951705798367247
-0.44662067926043886,-0.4407512985892293,0.0058693806712095675
0.6213257410002656,0.6111851024222466,0.010140638578019057
0.5426176094821276,0.5390844107049746,0.0035331987771529683
0.08401307776936884,0.09740659849594419,0.013393520726575348
0.39361628085704214,0.4034322160848094,0.009815935227767247
0.9336466769237488,0.919267667336887,0.01437900958686178
-0.2893890517342689,-0.27520825769381124,0.014180794040457634
-0.7069110487470234,-0.6979762330035542,0.008934815743469215
-0.9389823411214264,-0.9184643771057982,0.02051796401562822
-0.9374853132018914,-0.9192598690774509,0.018225444124440493
-0.8978136478233045,-0.8772037371329967,0.02060991069030782
0.9489599613947644,0.9357949235339681,0.013165037860796258
-0.9483810398367705,-0.9350460909787663,0.013334948858004125
0.4304757653594142,0.42380105209069535,0.006674713268718824
0.309135924916995,0.31474246328075023,0.005606538363755242
0.9560196231232264,0.941735702876607,0.014283920246619397
0.9387399860815615,0.9236785091886904,0.015061476892871073
-0.9494044432487498,-0.931819490883611,0.017584952365138795
-0.9445894889062718,-0.9327997581491615,0.011789730757110317
-0.8333261338327661,-0.8182559063151447,0.015070227517621437
0.899046954823265,0.8773224641612978,0.021724490661967244
0.8403676696672465,0.8288480334760618,0.011519636191184679
-0.9167192502551801,-0.8979836765575412,0.018735573697638896
-0.4008011879974586,-0.3864314488269855,0.014369739170473128
-0.2589697892061281,-0.2612096256063277,0.0022398364001995907
-0.2649646734864222,-0.2584977200599625,0.006466953426459698
-0.9075005236572093,-0.8938544276126832,0.013646096044526157
0.4780074318265915,0.45864390086779033,0.019363530958801167
-0.400077987897818,-0.3905469427894227,0.009531045108395308
0.28487999183852186,0.27672838093977725,0.00815161089874461
-0.9197168184313756,-0.9005584641378319,0.019158354293543733
0.9437351926123697,0.9353153564012692,0.00841983621110054
-0.029350943587896677,-0.026445442068952118,0.0029055015189445588
-0.9631601073347037,-0.9539915887292222,0.009168518605481513
0.38219398083132705,0.37538884124730837,0.006805139584018682
-0.041890167638564985,-0.03155395344486119,0.010336214193703792
-0.34812648213145786,-0.35599788974827057,0.007871407616812709
0.10331045082617235,0.09856092094003266,0.004749529886139692
-0.9159919310256872,-0.8940952912811493,0.021896639744537927
-0.9211044020255581,-0.901584157615788,0.01952024440977007
0.9423475772344629,0.9205697510241997,0.02177782621026325
-0.744071266166735,-0.7266429088837925,0.017428357282942564
-0.9367748350347821,-0.9258608992797179,0.010913935755064164
-0.878856144447858,-0.8596863441925121,0.01916980025534587
-0.7645347058327436,-0.7484626113650849,0.016072094467658782
0.8971958223299731,0.8814187901375561,0.015777032192416995
-0.3639633937395375,-0.3444820163702387,0.019481377369298836
-0.3613611244247142,-0.376429001954789,0.015067877530074825
0.7623829007323406,0.7478214901856334,0.014561410546707232
0.9706466344764262,0.9586013533278247,0.012045281148601483
0.9517348825249723,0.9297353371484789,0.0219995453764934
0.028715165931029008,0.03180677194501619,0.0030916060139871797
0.7834848753503418,0.7678879093686471,0.015596965981694688
0.9056424439847935,0.8922941837429925,0.013348260241801024
-0.029595916405920637,-0.01673112698874837,0.012864789417172267
0.04244686561102689,0.04237934694653012,6.751866449676569e-05
-0.5461762999337524,-0.5498936340605944,0.0037173341268420534
-0.9144770111422705,-0.9056858756911235,0.00879113545114707
0.4101472216656996,0.4085066366012488,0.0016405850644508058
0.48509295275511843,0.47618328456950737,0.008909668185611064
-0.9174688243426744,-0.9026694979375856,0.014799326405088853
0.12465734691010272,0.12056776714361417,0.004089579766488549
0.8825951346881689,0.865570254941729,0.017024879746439847
0.32950754893924156,0.30512038729597185,0.024387161643269706
-0.7614377633815866,-0.7528340612430684,0.008603702138518243
0.6507999093146989,0.642280069600463,0.008519839714235866
-0.8021946475850598,-0.7941076472193596,0.008087000365700203
0.1131007976088064,0.1181290918332132,0.005028294224406801
-0.06603068794912795,-0.05427300457591398,0.011757683373213965
-0.8263502491859673,-0.8107427856478214,0.015607463538145905
0.8490681405329974,0.8330122692373739,0.01605587129562347
0.8677883046066998,0.8557281120497534,0.012060192556946348
0.9497455858834377,0.9367471779776287,0.012998407905808973
0.30079595534285963,0.29537908454598105,0.005416870796878581
-0.9194870066201768,-0.9085931788882355,0.010893827731941252
-0.2704278238725532,-0.27611757439994983,0.00568975052739662
0.6280035867226875,0.614923725798889,0.013079860923798536
0.6679884169701047,0.6623495091660049,0.005638907804099813
-0.7735676661764121,-0.762916926725433,0.010650739450979163
0.6380360424785521,0.6268482143659004,0.011187828112651621
-0.0984856844054386,-0.08795923627757156,0.010526448127867044
0.28398951749740753,0.2772799227690455,0.006709594728362023
0.3170054110995417,0.305371888764882,0.011633522334659696
0.2951403545242508,0.30708135735684666,0.01194100283259586
-0.9034273826775624,-0.88267031957945,0.020757063098112427
-0.3477797309009419,-0.3346426919853339,0.013137038915607968
0.9613534941413193,0.9461256769115923,0.015227817229726992
-0.7605757864568848,-0.7437446569338908,0.016831129522994037
0.9284316204829451,0.9058904637775382,0.022541156705406906
0.5841094339875526,0.5750967270622672,0.00901270692528533
0.08608545257896016,0.08694348561695686,0.0008580330379966972
0.09785408352877796,0.08533205873303686,0.012522024795741105
-0.7739986446311141,-0.7538777746958416,0.020120869935272512
-0.8212786738650298,-0.8177742437881989,0.003504430076830989
-0.1634941658897914,-0.16659562823389984,0.0031014623441084355
-0.2467885279379019,-0.23951018147638564,0.007278346461516261
-0.9436633301496924,-0.9315837880135794,0.012079542136112953
-0.798253172024986,-0.7798063503019408,0.018446821723045237
-0.8053653051116922,-0.7938820575530791,0.011483247558613185
0.661110452058106,0.6594407234212053,0.0016697286369007358
-0.838810146943263,-0.823823394525125,0.01498675241813796
-0.8977877039721877,-0.8805137670877803,0.01727393688440737
-0.32121090895236676,-0.3167564069771578,0.004454501975208969
-0.8176608140063195,-0.8051790725684397,0.012481741437879834
-0.931513778221154,-0.9114879742179505,0.02002580400320353
0.9265444001258619,0.9085235506383407,0.01802084948752125
0.7789389765232485,0.7567211358755117,0.022217840647736797
-0.296745140488647,-0.28781552426981594,0.008929616218831038
-0.8611203481185219,-0.8450458509709771,0.01607449714754483
-0.6035760884601076,-0.5975285688333278,0.00604751962677974
0.8067391316971445,0.7952800460684735,0.01145908562867104
-0.7895381047789836,-0.7760755650025974,0.013462539776386118
-0.8715136596740768,-0.8604110086644186,0.011102651009658238
0.35748468375146986,0.35642834421594555,0.0010563395355243088
-0.4467743781246926,-0.4370591130228871,0.009715265101805537
-0.5575261400706517,-0.5406721481567103,0.016853991913941435
-0.8490215183940689,-0.8409489632959004,0.00807255509816851
0.9054952298723299,0.889087469613562,0.01640776025876789
0.19414538183751828,0.20493213362662943,0.010786751789111149
-0.8667862257850598,-0.8466792597805005,0.0201069660045593
-0.9175598925486943,-0.9027852888064198,0.014774603742274461
-0.7510345323851733,-0.7363257936944962,0.014708738690677015
0.24284591546961332,0.23483627973295382,0.008009635736659498
-0.06439303447191727,-0.06790237028585444,0.00350933581393717
0.8737551956256031,0.8564437944612389,0.01731140116436425
0.17032264791266488,0.16366456536928528,0.006658082543379601
-0.915040107897448,-0.9064720932463293,0.008568014651118783
0.9274235455699775,0.9100804852521845,0.01734306031779298
-0.23049256122653466,-0.22207518293935666,0.008417378287178007
0.38948553074377207,0.39195871001860394,0.0024731792748318715
-0.3059728104749271,-0.3011443664089436,0.004828444065983484
0.018813839102157132,0.0033647599116790787,0.015449079190478054
0.9160851003454681,0.8968872905975404,0.01919780974792773
0.25471846761494543,0.25266476302411417,0.0020537045908312623
0.964349034586714,0.9517285071542588,0.01262052743245512
0.6352104912733466,0.6304673105732803,0.004743180700066296
-0.7712767707733994,-0.7552654532642216,0.016011317509177836
0.5473468358170651,0.534123059346434,0.01322377647063111
0.6829463252623439,0.6700904466435826,0.012855878618761252
0.8324373096002934,0.8131887606929453,0.019248548907348062
-0.23549961421006815,-0.21749835045658408,0.01800126375348407
-0.5125636751965538,-0.49419356940024445,0.01837010579630932
-0.5622812180990614,-0.5592098444429758,0.003071373656085563
0.8982823489830493,0.8882393043466845,0.01004304463636474
-0.8533868811259767,-0.843980778835964,0.009406102290012708
0.9256414169531615,0.9104390310707683,0.015202385882393199
-0.969333363943876,-0.9504691252451637,0.018864238698712343
0.7527663398141127,0.7540089579841448,0.0012426181700321282
-0.9315962426835173,-0.9180521635759874,0.01354407910752986
-0.42366262928750825,-0.41499803245869166,0.008664596828816595
0.4409676067544806,0.43069551432706893,0.010272092427411672
-0.23156150774655537,-0.22767743511166819,0.003884072634887187
0.8552032254147577,0.8384788610330091,0.016724364381748624
0.9375871495594642,0.9186214558116794,0.018965693747784784
-0.6122399623408324,-0.5999831242880932,0.01225683805273925
0.9369998383641764,0.9164254579991113,0.020574380365065092
0.17383018360463745,0.18377934969346502,0.009949166088827566
0.713608510524146,0.7022615580700362,0.011346952454109771
-0.5967700243198096,-0.5907064475837303,0.006063576736079379
-0.9545113654275023,-0.9349909770550281,0.019520388372474162
0.7851957793732839,0.7731510645129992,0.012044714860284689
0.9261469946379991,0.9158540367742964,0.010292957863702656
-0.9032423897612976,-0.8949675804064401,0.00827480935485747
0.9436611567499267,0.923897850805028,0.019763305944898724
0.5958726134982402,0.5812439183921643,0.014628695106075895
-0.9068047639045975,-0.8978530904295985,0.008951673474999033
-0.6615013150329191,-0.6599522861826554,0.0015490288502636451
0.7790058798274545,0.7596510023478963,0.01935487747955822
0.7514060457814778,0.7430776494378253,0.008328396343652567
-0.29504264148060505,-0.2787891145635011,0.016253526917103966
0.3858139220357092,0.36595599469656354,0.019857927339145653
0.9316473600609237,0.9243609364927305,0.007286423568193201
0.8373713786959894,0.8243937985990272,0.01297758009696226
0.7864698267536936,0.7777624094316126,0.008707417322081024
0.5257883749729291,0.5161918072249364,0.009596567747992668
-0.7810532750998366,-0.7666143697746021,0.014438905325234508
0.8918061721305182,0.8830703592165419,0.008735812913976293
-0.5295914377754879,-0.5192921057320987,0.010299332043389176
-0.5146696593471517,-0.5065335805790514,0.008136078768100297
0.43392082872287674,0.41773273906536734,0.016188089657509397
-0.499937395255622,-0.4814233510516717,0.018514044203950253
0.0023570666895000782,-0.0007662186352366357,0.003123285324736714
-0.5348635060881508,-0.5275533320676459,0.007310174020504934
-0.6622679896397835,-0.6513983815293305,0.01086960811045301
0.5289482695953484,0.5316141955306107,0.002665925935262381
-0.6607074488214741,-0.650259308936426,0.010448139885048113
-0.4343544885435937,-0.4328360391202606,0.0015184494233331236
0.17528339927790929,0.16843989351957003,0.006843505758339252
0.4097857941504924,0.40334147520532454,0.006444318945167837
0.8385093854910326,0.8254103619306118,0.013099023560420808
0.2894007446842238,0.27116041748611336,0.018240327198110418
-0.2751766471740136,-0.2625746276906989,0.012602019483314686
-0.650932488540403,-0.6391723662200128,0.011760122320390143
-0.5443240348110016,-0.5386137430695338,0.0057102917414677545
-0.5103137919075135,-0.5080437614699848,0.002270030437528714
0.9585045504524834,0.9464647274637414,0.012039822988741955
-0.1121965461634057,-0.10312369816178961,0.00907284800161609
0.8395131254089366,0.8199161531366066,0.019596972272330038
-0.9035745554476508,-0.8845979115662327,0.018976643881418065
0.7589957236072672,0.7362034252972602,0.022792298310006953
0.5157324275149225,0.5001622816921159,0.015570145822806691
0.4305311362649623,0.429519679155599,0.0010114571093632896
-0.9242362950461588,-0.9039220245702244,0.02031427047593437
-0.07319586966969158,-0.07995359150142689,0.006757721831735314
0.4488599334706877,0.4589080807890745,0.010048147318386824
-0.14946126045242972,-0.15001976434666595,0.0005585038942362286
-0.7353404985726144,-0.7208691069117453,0.014471391660869082
0.7974320387659958,0.7839402761017865,0.013491762664209261
-0.9337492286334494,-0.917340312910327,0.01640891572312242
0.9070008379414202,0.8964039714271541,0.010596866514266057
-0.928978133737161,-0.9086155260650065,0.020362607672154476
0.9277635803359795,0.9102145677486119,0.01754901258736763
-0.6754947219294999,-0.6770476296933257,0.0015529077638257727
0.8933923688407304,0.8795917461156032,0.013800622725127165
-0.32028624918878196,-0.32889655134327134,0.00861030215448938
0.8956520075627828,0.8734213229138335,0.022230684648949395
-0.9466450504385733,-0.9339427838439686,0.012702266594604716
-0.9380807848543313,-0.9172492967585939,0.020831488095737427
0.6973339103950277,0.6755509665800299,0.02178294381499779
0.6092378768920359,0.5905279380314805,0.018709938860555386
0.4212608716497589,0.40897741710192914,0.012283454547829753
-0.706821303610648,-0.6906455341737321,0.0161757694369159
0.9328941315000032,0.9209415861548049,0.011952545345198295
-0.7952708660727517,-0.7836604600351961,0.011610406037555587
-0.6721922040887849,-0.6653687462154767,0.006823457873308181
-0.7677461650232273,-0.7435855875707256,0.024160577452501775
-0.7559346389163285,-0.7428988673536457,0.013035771562682763
-0.40102981147908173,-0.4009433450825569,8.646639652482024e-05
-0.823133024273115,-0.8086623895595215,0.014470634713593444
0.9497015076591865,0.9379285971761667,0.01177291048301976
0.4863649113016119,0.4829042724588622,0.0034606388427497192
0.2503610228791907,0.23451786508035985,0.01584315779883086
-0.8321953727924362,-0.813730953952663,0.018464418839773122
0.7166207385204454,0.709013864950474,0.007606873569971362
0.3056102896490659,0.29066007906648716,0.014950210582578727
-0.3898204448481987,-0.3848040784972987,0.005016366350900026
-0.9280216397194316,-0.9142672400369413,0.01375439968249037
0.7344519643768614,0.7296322162679006,0.004819748108960797
0.6038776334652929,0.5947632972636621,0.009114336201630824
0.5978383510394792,0.5819562331892715,0.015882117850207766
-0.7412263373604641,-0.7211863818031707,0.02003995555729332
-0.8189082207230102,-0.8102650409009552,0.00864317982205498
-0.7608755804288735,-0.7465396827057782,0.014335897723095292
0.31557324305782936,0.3073595652509727,0.008213677806856667
0.9381820875597073,0.9208196733413254,0.017362414218381916
-0.22148043902857292,-0.22766973618730685,0.006189297158733925
-0.9638333254963755,-0.9492507641950875,0.014582561301287988
-0.9409862550229608,-0.9336327522049533,0.007353502818007507
-0.9554770501199511,-0.936671077276191,0.018805972843760066
0.8229633423869572,0.8101726507214799,0.012790691665477305
0.10540039949394263,0.10194151332538562,0.00345888616855701
-0.8235869539408994,-0.8005932269791681,0.022993726961731298
0.8910429373046359,0.8684186271218653,0.022624310182770557
-0.18022660565492998,-0.17689828621181053,0.003328319443119454
-0.7550378140793264,-0.7455357798333214,0.009502034246004931
0.9442842447251896,0.933193755881262,0.011090488843927604
-0.07405843877524095,-0.06416861893141958,0.009889819843821368
0.7396892353374506,0.7190045167496325,0.020684718587818063
-0.08857931404601532,-0.07650762701711786,0.012071687028897465
-0.3928322307459187,-0.4066564825225747,0.013824251776655971
-0.8511653322852085,-0.8302333369880958,0.02093199529711276
0.07317695118221595,0.06956782508848015,0.003609126093735801
0.7513557801608005,0.752718564106288,0.0013627839454875001
-0.23756899901695117,-0.25150323786674406,0.01393423884979289
0.9279840898209983,0.9127370577739418,0.015247032047056575
-0.9134981658758348,-0.8992201594512934,0.014278006424541356
-0.9421480456896991,-0.9225750072934388,0.019573038396260345
-0.010427702061744214,-0.02407105313672616,0.013643351074981946
0.7882640954615824,0.7726458716161004,0.015618223845481949
0.589296045763839,0.5818345752666494,0.007461470497189593
-0.3677725841835052,-0.35852160112906756,0.009250983054437667
0.2620145293490749,0.2681989701850839,0.0061844408360089975
-0.7525535901505561,-0.7496857032436569,0.0028678869068992086
0.7134081738375629,0.70124481454761,0.012163359289952935
0.9469145348095799,0.934699781358863,0.012214753450716875
-0.1248674310420266,-0.11322134735607059,0.011646083685956016
0.03036407578471683,0.028406987832160033,0.001957087952556797
0.9438419971089331,0.9321069950524896,0.011735002056443511
0.42598714967541795,0.4106695879778839,0.015317561697534066
-0.8315835019457807,-0.8125043844368586,0.019079117508922105
-0.03190078600376143,-0.029566114529981927,0.0023346714737795017
-0.8454946314584236,-0.8260199075803495,0.01947472387807414
0.5524833153633896,0.5514981274909329,0.0009851878724567165
0.15819230129608464,0.14538125831115445,0.012811042984930188
-0.12906560268354222,-0.12221783151849552,0.006847771165046701
0.9202528107375365,0.9046622082967304,0.015590602440806123
0.42154210099764255,0.41383777794176796,0.007704323055874596
0.06021437860092948,0.05733783347595155,0.002876545124977932
-0.9226401523538259,-0.9089512820728839,0.013688870280942012
0.9001081081171455,0.884610455032465,0.01549765308468043
0.9324348386902109,0.9149171415878131,0.01751769710239781
0.025957494129746583,0.0238015363687172,0.002155957761029382
-0.9402397806943997,-0.9252958851909394,0.014943895503460314
-0.7097950999623308,-0.7074910082235187,0.002304091738812075
-0.9564671265065657,-0.942588635128574,0.013878491377991686
-0.31723648762261153,-0.3173797906186056,0.0001433029959940768
0.8280117563611252,0.8222037367916342,0.005808019569491063
-0.4796628805797699,-0.49045762848976643,0.010794747909996516
0.6330083507456548,0.6327407725421714,0.00026757820348333183
0.7239554874043685,0.7097104193222796,0.014245068082088919
-0.3994484830909296,-0.3913389882561564,0.008109494834773245
-0.8479773025706178,-0.8371398707625612,0.010837431808056519
-0.6336685703869633,-0.6236854358980838,0.009983134488879553
0.9202865800858974,0.9076740338829672,0.012612546202930175
-0.16017379865743844,-0.1751202821590805,0.014946483501642044
0.7988396288076463,0.785678466750478,0.013161162057168219
0.6113231934769864,0.5944258099342417,0.016897383542744726
0.10633556500658939,0.11037103431086644,0.004035469304277048
0.1565757759063225,0.16527227399439795,0.00869649808807546
0.718229833856527,0.7043146684747918,0.013915165381735095
-0.12632099789781712,-0.134577035321295,0.008256037423477885
-0.7136817403611565,-0.7076082054905916,0.006073534870564945
0.22410342213421192,0.2202340812554035,0.003869340878808414
0.6145244406713853,0.5964860083515938,0.01803843231979152
-0.9210516170822521,-0.9019267313620507,0.019124885720201434
-0.017119736018244604,-0.016041978719720313,0.0010777572985242907
0.8850839217590035,0.8729129907010752,0.012170931057928325
0.26809864817060264,0.2550418524151377,0.013056795755464923
0.8722782535561899,0.8558501378647287,0.016428115691461187
0.6850083350928512,0.6712757293560556,0.013732605736795578
0.03497495861441891,0.02199095835345519,0.012984000260963722
-0.6126499983183447,-0.6110893237864685,0.0015606745318761384
0.9279924259188806,0.9077747822436336,0.020217643675247032
-0.6312423197312459,-0.6205211741408527,0.010721145590393166
-0.06444888569152103,-0.053328137246274936,0.011120748445246097
0.7921198834119278,0.7693312221041684,0.022788661307759472
-0.7313689197949743,-0.7225785454204348,0.008790374374539556
-0.20831170249921585,-0.2187791779706953,0.010467475471479443
-0.31398183970761123,-0.3241004226943832,0.010118582986771985
-0.9017259379075414,-0.881387912685477,0.020338025222064404
0.8368454333816997,0.8313820448579874,0.005463388523712309
-0.441845135238201,-0.4299349042427997,0.011910230995401339
0.9540116978471853,0.9390619963052578,0.01494970154192754
0.10304572289358796,0.0882800596436124,0.014765663249975566
0.8516626653300658,0.8399635550358054,0.011699110294260406
0.5398041178390163,0.5404205840429473,0.0006164662039310764
-0.8409236272279802,-0.8171780731086348,0.023745554119345424
-0.944864079844441,-0.9269109745346963,0.0179531053097447
-0.37343103634935026,-0.35677705997003556,0.016653976379314706
0.004344024529742646,-0.00031204912503197626,0.004656073654774622
-0.2748254286013162,-0.27102333354623054,0.0038020950550856636
0.2992284173282851,0.28975279758537764,0.009475619742907448
0.8173711314404574,0.802217565021318,0.015153566419139342
0.789954310547448,0.7824292109230978,0.007525099624350218
-0.8433902253124197,-0.8275535162297564,0.015836709082663325
-0.9217385950826917,-0.9098078027305015,0.01193079235219019
0.5190598529125391,0.5237321792502235,0.00467232633768444
-0.7592738960613017,-0.7435456279048338,0.015728268156467884
0.8972772538111464,0.8796072020204591,0.01767005179068737
0.8304879817378871,0.8084784681621168,0.0220095135757703
-0.3162722121273479,-0.3219610024860874,0.005688790358739482
-0.923055639558305,-0.9012064088202935,0.021849230738011594
-0.9492797156098522,-0.9371772457575126,0.012102469852339648
-0.899521657814245,-0.8901703516611218,0.009351306153123184
0.3261895089349377,0.321860643308799,0.0043288656261387115
-0.2954355480729911,-0.294008084599879,0.0014274634731121227
-0.575696062635298,-0.5668124264517973,0.008883636183500743
-0.9497490411679783,-0.9319078305381774,0.01784121062980093
0.21083706831757765,0.21879753882763645,0.007960470510058798
0.7761804557672788,0.7580917711481686,0.018088684619110174
-0.6341471449123344,-0.6284057181133016,0.005741426799032778
-0.6235189806692765,-0.6201606987360009,0.0033582819332755864
0.35408909464489857,0.357764180874284,0.003675086229385449
-0.7797602221289536,-0.7586309696509539,0.021129252477999683
-0.9273753122944652,-0.913312193816287,0.014063118478178205
-0.7175041159620833,-0.7066651613046023,0.01083895465748097
-0.9000938806188142,-0.8844937394572543,0.015600141161559944
-0.8882563897091307,-0.8793326963631353,0.00892369334599541
0.9491390835095782,0.9342275591986986,0.01491152431087961
-0.08170459986411843,-0.09196964116108246,0.010265041296964025
0.08937421890762155,0.07673044166900071,0.01264377723862084
-0.05065843095655248,-0.03974261098670572,0.010915819969846759
-0.07334709031780406,-0.07571911929137415,0.002372028973570084
0.9025131084458474,0.8876172581486638,0.014895850297183655
0.9428337294055775,0.9221672344944635,0.020666494911114053
-0.09637046723355096,-0.08404146668015969,0.01232900055339127
0.40282935056667735,0.4052372900374093,0.002407939470731979
-0.6739769293887966,-0.6645473666811501,0.0094295627076465
0.7288666054743488,0.7157353467548649,0.01313125871948384
0.9485798842386054,0.9301573987644498,0.018422485474155592
0.0953328118214113,0.09257590280085873,0.0027569090205525754
-0.034707434281313225,-0.0352439924432866,0.0005365581619733717
-0.14080566708526637,-0.131108338169722,0.009697328915544368
0.9445159566608022,0.9347727752911147,0.009743181369687548
0.017226124780661583,0.02477708902044003,0.007550964239778447
-0.9413130169716135,-0.9225069226524298,0.018806094319183675
-0.5312990137598992,-0.5238499636466359,0.007449050113263245
-0.06169701240652394,-0.06123305521330876,0.0004639571932151809
0.41678669763624254,0.41340008093773256,0.003386616698509981
-0.7506587995721924,-0.7337568535319514,0.016901946040240978
-0.6210202102287755,-0.61159711898824,0.00942309124053553
0.2949719326699961,0.28675792749164447,0.008214005178351635
0.924448406905956,0.9049616156043052,0.019486791301650763
0.7382159854105127,0.7246997958305087,0.013516189580004001
0.6750980622292604,0.6658929339247003,0.009205128304560106
0.6515277596676277,0.640361527498115,0.011166232169512624
0.8351597677239398,0.8272280807439838,0.007931686979956054
-0.9046784482091708,-0.8866047845251421,0.01807366368402863
-0.34683411901329825,-0.3335195191657402,0.013314599847558062
0.8917391581593686,0.8737782689526526,0.017960889206715902
-0.4327902250624577,-0.4215486276322975,0.011241597430160177
-0.9501520185060928,-0.9323546418121997,0.01779737669389303
-0.3799801218884114,-0.3631132315315661,0.0168668903568453
0.2510607368248912,0.255720520338193,0.004659783513301763
0.37083530803216275,0.3730803522734413,0.0022450442412785265
0.9363031589481293,0.9245911550366329,0.011712003911496405
-0.2327662398599965,-0.2317469560426622,0.0010192838173342933
0.07898416128115289,0.07858578153881406,0.00039837974233883355
-0.12438380993807231,-0.11649100482891463,0.007892805109157686
0.004960602777321314,-0.005146860291428789,0.010107463068750103
0.3429174342213188,0.33419163924779716,0.008725794973521661
-0.9200768320488479,-0.9121016389793442,0.007975193069503783
-0.9234305936667078,-0.9138446135090561,0.009585980157651663
0.7732941465939474,0.7473136781198172,0.02598046847413016
0.8898652860154517,0.8831549245886855,0.006710361426766176
-0.9241135542500045,-0.9064528502722028,0.01766070397780173
0.27541258840143673,0.2796122971508386,0.004199708749401843
0.30751487906351965,0.3005955162127609,0.006919362850758726
-0.06221073207384462,-0.05293271639538645,0.009278015678458172
-0.825552913660774,-0.815744842689757,0.009808070971016991
-0.6071082939647569,-0.6074615573486022,0.00035326338384533695
-0.932625295276726,-0.9174902835030667,0.01513501177365928
0.7159879372914296,0.716103408381976,0.00011547109054632632
-0.04289296925074015,-0.031579592343944925,0.011313376906795222
-0.9299627875142907,-0.9135135129812555,0.01644927453303524
-0.14106580527206788,-0.12289976966447191,0.01816603560759597
-0.8707334103076587,-0.8538870907692807,0.016846319538378007
-0.4292386333471485,-0.4301018848922724,0.0008632515451238998
-0.7752084272747429,-0.7701523248246741,0.005056102450068822
-0.9130764482038531,-0.89126678110274,0.021809667101113095
0.08936297524332498,0.0828773663277913,0.0064856089155336805
-0.6780663706870722,-0.6846008064832333,0.006534435796161087
-0.8953261163017758,-0.8832554375634456,0.012070678738330232
0.8398080244064309,0.831204233224596,0.008603791181834852
-0.9428862843097329,-0.927630533584064,0.01525575072566887
-0.5867046606519393,-0.5757438661943257,0.010960794457613554
-0.13776622773671984,-0.12096400756625808,0.016802220170461762
0.5488112948376112,0.5510693115043321,0.0022580166667209856
0.3054780259817459,0.29030023420363565,0.015177791778110239
0.5165485332513255,0.5177257743865715,0.0011772411352459766
0.8133473816741215,0.7972171400285638,0.016130241645557652
-0.2596255689297719,-0.24691621081168774,0.012709358118084157
-0.7068030849880973,-0.7008508772940327,0.005952207694064571
-0.4591252446058978,-0.46245240340093186,0.0033271587950340353
0.24703074403979833,0.23949908058887215,0.007531663450926179
0.008585104871209304,0.008387772391379207,0.00019733247983009725
-0.2138780871762655,-0.23037265714190477,0.016494569965639277
-0.02253609703802732,0.00014739526270909998,0.022683492300736418
-0.9186073797272025,-0.9020380036269113,0.01656937610029119
-0.8980077885016025,-0.8779355525151693,0.02007223598643315
-0.9385278732036821,-0.918124880270852,0.0204029929328301
0.8550154063091592,0.8396222629453511,0.015393143363808037
0.9665364383198892,0.9444189218456345,0.02211751647425475
0.8829564989014892,0.8704894115585644,0.012467087342924787
-0.15204990788417297,-0.1390137233079524,0.013036184576220577
-0.7176891567849238,-0.708981977536846,0.008707179248077845
-0.13490052436518232,-0.14340514148431527,0.008504617119132946
-0.42214376477306476,-0.41462177539771106,0.007521989375353699
-0.9411930622498121,-0.9304610266127273,0.010732035637084802
0.27872094772241757,0.2811395108515782,0.0024185631291606113
0.7882358668288373,0.7695158537288683,0.018720013099968957
0.9488415669628607,0.92962734468758,0.01921422227528069
-0.17043780311327283,-0.18210988740910233,0.011672084295829499
0.356798647070444,0.35744574145753594,0.0006470943870919288
0.6844487234587382,0.6708925532436997,0.013556170215038521
-0.726215332344454,-0.7061076778707737,0.020107654473680348
0.5681961824369828,0.5607992837808254,0.007396898656157336
-0.9246815688403416,-0.9076751099001927,0.01700645894014885
-0.8754598844971124,-0.8688705912201553,0.00658929327695712
-0.8090696475356587,-0.7970386166998734,0.012031030835785272
0.8828453514026311,0.8690065010021885,0.013838850400442637
0.6697667905206699,0.6483756534955518,0.02139113702511808
-0.8580322017610316,-0.8435582850056274,0.014473916755404215
-0.9365792233928512,-0.915188484037048,0.021390739355803157
0.27469111467835794,0.2675433645500487,0.00714775012830926
0.39030009433320867,0.3766456936725129,0.013654400660695787
-0.8448577849649771,-0.831763960015844,0.013093824949133137
0.9055643128188605,0.8897743286929429,0.01578998412591759
-0.582400884812806,-0.5917841893566164,0.009383304543810311
0.9192164532862109,0.9000141724036091,0.019202280882601785
0.22172466613006064,0.2301234303318433,0.00839876420178265
0.01433398783596564,0.01774034690738834,0.0034063590714226988
-0.5562033639356044,-0.5598659595458034,0.003662595610198993
-0.1705909264136873,-0.18209657211862987,0.011505645704942558
-0.7266506633098435,-0.7187911939104039,0.0078594693994396
-0.5470372578370475,-0.5290452173573497,0.017992040479697824
0.5739793329638085,0.5535422371443726,0.02043709581943598
0.5561485450640045,0.5571587238741632,0.0010101788101587461
0.5793892260735729,0.5619035715872468,0.017485654486326108
-0.1610848177358192,-0.1693821144631935,0.00829729672737431
0.7381978220482014,0.7302719274115234,0.007925894636678033
0.2647097616034973,0.2462494917704759,0.018460269833021403
0.8945209314781488,0.8799325858330647,0.014588345645084155
-0.7587776977435554,-0.7444891324040539,0.014288565339501513
-0.9391343198119735,-0.9269837006730177,0.012150619138955765
0.44360858888033905,0.44211952120719034,0.001489067673148714
-0.916034790475839,-0.8973104627589608,0.018724327716878264
-0.956997844133496,-0.9395309431194862,0.017466901014009828
-0.39787881513088547,-0.3781161779341757,0.019762637196709787
0.9422788873359409,0.9245824616920428,0.01769642564389806
-0.8533000336405228,-0.8388934714627778,0.014406562177744942
-0.6296000959934421,-0.6188419969960041,0.01075809899743807
-0.4489134833758035,-0.4554666513759932,0.00655316800018968
0.23209462868510006,0.22661878358191254,0.005475845103187521
-0.5096875674645998,-0.49998108958138066,0.0097064778832191
-0.36224038387089863,-0.37560074544805255,0.013360361577153923
0.4578100532939105,0.4387384321849749,0.01907162110893562
0.4967434003022614,0.5012370862217438,0.004493685919482404
0.37322884691173386,0.3590003787899169,0.01422846812181694
-0.35029853941030037,-0.35362630828603575,0.003327768875735382
0.07582702206866267,0.07798331313535994,0.0021562910666972773
0.5377952684210048,0.5409602844422026,0.0031650160211977862
-0.1795883038253394,-0.17529809097147317,0.004290212853866243
-0.9016661383863416,-0.8921865389918706,0.009479599394470961
0.48826806218882157,0.4764851564880565,0.011782905700765067
0.893881771035449,0.8778493193211022,0.01603245171434675
-0.9283847985798168,-0.911374768028318,0.017010030551498856
-0.9526193114799077,-0.9363400845272579,0.016279226952649828
0.8069505133135735,0.8015815177910363,0.005368995522537223
-0.7029863056909066,-0.692118083242722,0.010868222448184639
0.877424781728272,0.8614211130581448,0.016003668670127147
-0.7544310742679586,-0.7354514037317975,0.01897967053616112
0.9452705136169254,0.9340058733080422,0.01126464030888319
-0.9079833475381267,-0.8888722037072857,0.019111143830841004
0.7480797921185682,0.7339365542101567,0.014143237908411543
-0.8280588478269458,-0.8158560133577373,0.012202834469208557
0.9554892319812606,0.9385069509153325,0.01698228106592803
0.9710592441138034,0.9490639213605662,0.021995322753237234
0.7966013416728375,0.7832701168817132,0.013331224791124252
0.8053355237987494,0.7926019249814105,0.012733598817338931
-0.9142159685273621,-0.8980826297921712,0.01613333873519085
0.6536176153305924,0.6335152061985558,0.020102409132036536
0.16473199391728405,0.17291202101003605,0.008180027092752007
0.4482184860433926,0.4454835367749266,0.0027349492684660137
0.8862065078023514,0.8709382257744562,0.015268282027895208
-0.31965912552788406,-0.3233365897999981,0.003677464272114017
0.9658009591157392,0.9455707275964996,0.020230231519239528
0.5990236360571696,0.5789698675295012,0.02005376852766838
-0.8981023041368931,-0.8894745175990852,0.008627786537807824
0.16889381317473898,0.16314142179937074,0.005752391375368232
0.534295885249998,0.532799296215919,0.00149658903407901
-0.4388521322497511,-0.4188687325527176,0.0199833996970335
-0.09644608354611596,-0.0858704550065182,0.010575628539597759
-0.7550390723739782,-0.7397043518306637,0.015334720543314417
-0.40059021997424155,-0.3901850547021862,0.010405165272055372
0.19112188126842927,0.19575323818149815,0.004631356913068874
-0.7731251471054417,-0.760246428928519,0.012878718176922654
0.6575323636004885,0.6459497618170473,0.011582601783441171
-0.9248167458613767,-0.9073333409338203,0.0174834049275564
-0.1966833373706061,-0.19646521120668514,0.0002181261639209453
-0.5293603103946567,-0.5126156826621051,0.016744627732551587
-0.9436348618609796,-0.9275364891480404,0.016098372712939124
-0.651899983229262,-0.6367750367275811,0.015124946501680947
0.8812824671163569,0.8629087745141539,0.018373692602203007
-0.18229801051829642,-0.17469379183492384,0.007604218683372577
-0.7055039356110989,-0.687238115320408,0.018265820290690904
0.848409558579903,0.8394608378720235,0.008948720707879443
0.7335914243899732,0.7211876316102706,0.012403792779702605
-0.8254444639670706,-0.803723544359284,0.02172091960778666
-0.8361266288198458,-0.8202084277074293,0.015918201112416486
0.5969025974814908,0.5832971923339926,0.013605405147498195
-0.24347801316961962,-0.23241946009259978,0.011058553077019834
-0.35964725895443356,-0.3648386461887215,0.00519138723428797
0.440444998390412,0.42850363322730145,0.011941365163110562
-0.40232751601593403,-0.3892047264930415,0.01312278952289253
-0.9170882679465047,-0.9036461910120623,0.013442076934442326
-0.7991925214999444,-0.7855419506467508,0.013650570853193544
-0.17643508906001695,-0.18423116717046725,0.0077960781104503
-0.9439114339981156,-0.9291917050041317,0.014719728993983883
0.055265469766627544,0.054629225364362544,0.0006362444022650002
0.7766500933768535,0.762590687273399,0.014059406103454575
-0.5806456745889735,-0.5594428105657562,0.02120286402321736
0.8876333076414754,0.8741244353381729,0.013508872303302555
-0.5808058026060557,-0.5710300804619558,0.009775722144099941
-0.3843810375640547,-0.37680881152120377,0.007572226042850905
0.5067677327694705,0.5018083019384836,0.004959430830986933
0.8898306796473897,0.8729648714393495,0.01686580820804018
0.5928284401329295,0.5875662927231822,0.0052621474097472865
0.2313690301105721,0.21611288698928935,0.015256143121282761
0.16304626634457317,0.16100731536903568,0.0020389509755374957
0.9339763110407173,0.9141472130169201,0.019829098023797176
-0.912617452917128,-0.893432024848858,0.01918542806827006
-0.888213022755221,-0.8700777705287293,0.018135252226491705
0.629533696931816,0.6087937004070788,0.020739996524737236
0.4813701671327869,0.4654108665561743,0.0159593005766126
0.9253264633917434,0.9102487359127192,0.01507772747902425
-0.40265545754341997,-0.39520024934906706,0.007455208194352914
-0.8875514909868965,-0.8774717230312539,0.010079767955642582
-0.7821779185163741,-0.7576199010236176,0.024558017492756434
-0.9553168650149395,-0.9436821146190831,0.011634750395856375
-0.14263713613427723,-0.1411768644832515,0.0014602716510257185
-0.2075404287676162,-0.2057557594877017,0.001784669279914497
0.48749414635025196,0.47021355397547127,0.01728059237478069
0.06655370505683392,0.07659697803342194,0.010043272976588025
0.9557239307286919,0.9425933198335713,0.013130610895120576
-0.14053044681391072,-0.1483922234415611,0.007861776627650391
-0.9066901523837877,-0.8972096165825294,0.009480535801258294
0.9274056517940725,0.9078261728169568,0.01957947897711576
0.7063569696592685,0.6969995723014025,0.009357397357866004
-0.9674845808561884,-0.9493012137946744,0.018183367061514022
-0.8111835357984836,-0.8052261847566946,0.005957351041788961
0.08709173236401992,0.09406610300399226,0.0069743706399723465
0.8336780255778138,0.8129666066207496,0.020711418957064187
0.8391010689979301,0.8262905474636968,0.012810521534233343
-0.8094520492382845,-0.7884139050075042,0.02103814423078032
0.26525463294193863,0.267005257671504,0.0017506247295653865
0.9535697656826332,0.9403937078108553,0.013176057871777891
-0.49622048525084256,-0.5025899586295753,0.006369473378732782
-0.8104065303945994,-0.801770480274692,0.008636050119907424
-0.8504094936727026,-0.8287507791533425,0.02165871451936008
0.4405112790208269,0.44339249674072656,0.002881217719899687
-0.8451797244566321,-0.836024321323348,0.009155403133284112
0.19115609447904094,0.20745588273520701,0.01629978825616607
0.3921766107838475,0.3898429091395594,0.002333701644288144
0.3163526516569729,0.3273379010402236,0.010985249383250684
-0.8614695850352082,-0.8460019468888115,0.015467638146396734
-0.4775871177947915,-0.47381095548125407,0.0037761623135374456
-0.674780556259224,-0.6572624964376549,0.017518059821569065
-0.7720335995832552,-0.7585115294632429,0.013522070120012386
-0.6116170670503006,-0.6055301526630137,0.006086914387286924
0.2807233011492671,0.2779899273529222,0.0027333737963448623
0.46770033228455904,0.4488524225065376,0.01884790977802142
-0.5455918326744129,-0.5308070474568326,0.01478478521758031
-0.8860907311810285,-0.8708256497432838,0.015265081437744743
-0.0214128629229334,-0.010200757286478204,0.011212105636455198
0.5734571280648136,0.5696825778175059,0.003774550247307773
0.16124502712545977,0.16345358593402037,0.0022085588085606067
-0.9180340197772889,-0.8993563935217097,0.018677626255579227
-0.9228619798556976,-0.909875630352177,0.012986349503520622
0.8856244938260551,0.8710067242426662,0.014617769583388895
0.9670615442904861,0.9521987529296034,0.014862791360882643
0.6854644890971515,0.6732073841635378,0.01225710493361376
-0.5349250046538859,-0.5106995195012578,0.024225485152628123
0.2582822054727917,0.25635771348321373,0.0019244919895779478
0.9211044016027815,0.9074359742090526,0.013668427393728866
-0.009848586391597743,-0.00041739039406042244,0.00943119599753732
0.3180543750202057,0.324707462386326,0.006653087366120247
-0.939636941832368,-0.9211706330622523,0.01846630877011568
-0.8508590327213137,-0.8442029760111299,0.0066560567101837664
0.8471308872295076,0.8310367386325195,0.0160941485969881
-0.2139839635149167,-0.20018835738637017,0.013795606128546523
0.4183924629742656,0.43088137269771914,0.012488909723453567
0.23639294059896349,0.21945513587434046,0.01693780472462303
0.1857531656747725,0.18237359898430744,0.0033795666904650745
-0.016573540511761107,-0.006723658988856017,0.00984988152290509
-0.9437023082449665,-0.9272918426623544,0.016410465582612055
-0.790409974070027,-0.7752231051972662,0.015186868872760773
-0.5613811359931562,-0.5631065929728128,0.0017254569796566477
-0.5419553222501481,-0.5420139770535162,5.8654803368085595e-05
0.8372182023659761,0.8227781257351997,0.0144400766307764
-0.5664979560159888,-0.5530172505920736,0.013480705423915218
0.9413808132314114,0.9336047776285383,0.007776035602873099
0.9288477093003608,0.9143184071459384,0.014529302154422385
0.4147941111828591,0.42013760584448234,0.00534349466162326
-0.9327601495078164,-0.917175596112451,0.015584553395365353
0.8525563784676643,0.8447704619700854,0.007785916497578871
0.7362683595954493,0.7296726449535736,0.006595714641875694
0.8482541578637693,0.8423057021040181,0.0059484557597512255
0.3248389906903861,0.3173977062738833,0.007441284416502769
0.893276753714038,0.8775871280767277,0.015689625637310356
-0.8927899208238076,-0.871258551753727,0.021531369070080575
0.5913880879016952,0.5811860901052558,0.010201997796439377
0.9067264683341948,0.8907630870366513,0.01596338129754349
-0.42137791564762034,-0.4088236321672958,0.012554283480324557
0.33757093403559985,0.3392600018655761,0.001689067829976243
-0.19433523016953047,-0.18948634578989984,0.00484888437963063
-0.5011309800336222,-0.4839272844414566,0.017203695592165613
-0.9180079184838768,-0.896268802239066,0.02173911624481073
0.42419398806361786,0.4250555239519095,0.0008615358882916313
-0.8050395956785831,-0.7918768023976923,0.013162793280890761
0.3974780172051298,0.408121817395392,0.010643800190262176
0.6911437991604973,0.6832393386357843,0.007904460524712942
0.24142169041869485,0.2392302459678483,0.0021914444508465414
-0.09528179883357643,-0.08342065934315204,0.011861139490424388
0.7641212190086089,0.7566617743750598,0.007459444633549084
-0.8474079045948051,-0.8365029585523239,0.010904946042481156
0.024384472340667068,0.03951109468605925,0.01512662234539218
-0.6988508387011281,-0.6964766168806888,0.0023742218204392262
-0.41776666770647025,-0.4152897766602293,0.0024768910462409366
-0.660817400118461,-0.6515083999655431,0.009309000152917912
-0.7539288285086182,-0.7514044179466036,0.0025244105620145785
0.7207088714986527,0.7195079550868745,0.001200916411778219
-0.3077945771796376,-0.30034876304868674,0.007445814130950856
0.7235634403218268,0.7103838204218571,0.013179619899969741
0.8785051771672143,0.8600204961650234,0.018484681002190917
-0.7749393492544899,-0.7535091178453321,0.021430231409157785
-0.754306587446787,-0.7410369523782288,0.013269635068558272
-0.867305183113326,-0.8614634185340189,0.005841764579307185
-0.4248408393345449,-0.4159261285052817,0.008914710829263206
-0.6876689009898862,-0.6721927927885066,0.015476108201379568
0.8224886312694234,0.8006745329442241,0.021814098325199316
0.8792956218804393,0.8668084019388953,0.012487219941544003
0.5469582677256368,0.5400599214263044,0.006898346299332392
0.9575256313221617,0.9386844419781217,0.01884118934404
0.5464467306106945,0.5348205702599548,0.011626160350739712
0.5725743231753634,0.5620212421443956,0.010553081030967748
0.9351423861290009,0.9154975150388339,0.019644871090166993
-0.9331355688574055,-0.9149342391899205,0.018201329667485
-0.9426686072825862,-0.9253195917057623,0.01734901557682389
-0.8086552027603989,-0.7956960319761335,0.01295917078426545
0.11251815936900175,0.10967658054291063,0.0028415788260911234
-0.8764980594620962,-0.854435792540274,0.022062266921822227
-0.6064438877695448,-0.6053163168333857,0.0011275709361591169
-0.699548092788549,-0.693667542353434,0.0058805504351150395
-0.7720332137515566,-0.7521509025722389,0.019882311179317713
-0.7279000653291076,-0.7112633653543076,0.016636699974799996
0.8123390429848667,0.7945704004635321,0.017768642521334588
0.01663376855208496,0.004609443970633572,0.01202432458145139
-0.5521948748705823,-0.5418437603264298,0.010351114544152495
-0.8249972664240139,-0.8134982837196386,0.011498982704375327
-0.1898274792054863,-0.1744010604563163,0.015426418749170001
-0.6914488094260389,-0.6816651414211332,0.00978366800490571
0.8699437710338022,0.8526882312232217,0.017255539810580478
0.38307991644188094,0.38733383276539235,0.004253916323511409
0.683364200029935,0.6622917772158617,0.02107242281407329
0.8301332084306717,0.8107156143903577,0.019417594040314068
-0.6518154020538177,-0.6406864388511168,0.011128963202700959
0.9672618833016332,0.955105436890282,0.012156446411351163
0.9452680051704034,0.9306987604707404,0.014569244699663031
0.45156720417564644,0.44183659355539784,0.009730610620248603
-0.3824899671469545,-0.37864318097496835,0.0038467861719861385
0.8962915746751334,0.8751122469047777,0.021179327770355694
-0.8421117655962438,-0.8252860630384461,0.016825702557797695
-0.6988966099000905,-0.6861986664059246,0.012697943494165864
-0.4691873266402842,-0.4660526973962469,0.0031346292440372903
-0.915433401454755,-0.8988984880070056,0.01653491344774949
-0.5453170277131566,-0.5431971921330617,0.0021198355800948754
-0.063441494207036,-0.0495714329175975,0.013870061289438504
-0.8891567499794664,-0.8714474106403354,0.01770933933913099
0.7600144911107884,0.7492042077446107,0.010810283366177731
-0.3674985959237565,-0.3727298209853507,0.00523122506159418
-0.8620628200060833,-0.8394804277355069,0.022582392270576346
-0.8549243629298569,-0.8417606907925684,0.013163672137288418
-0.2298407560019624,-0.23119076234628613,0.0013500063443237231
-0.9304342390164815,-0.9186572210692184,0.011777017947263047
-0.9388470271097631,-0.9267220411245665,0.012124985985196624
-0.5022548328962095,-0.4992390067051168,0.003015826191092752
0.9435314460495836,0.9220609037430362,0.021470542306547435
-0.2878741734494941,-0.27822055505141846,0.009653618398075658
0.20096666527598764,0.18108506874344563,0.019881596532542012
-0.9092961443929397,-0.890618455849922,0.018677688543017656
-0.8953854172320045,-0.8825717436678363,0.012813673564168182
-0.9210722082065631,-0.9083845991100579,0.012687609096505237
0.0486634780903129,0.035091310689089786,0.013572167401223113
-0.6907434991269038,-0.6959589733197038,0.005215474192799996
0.9007281642489957,0.884921103895965,0.0158070603530307
0.09323985275012442,0.09800041339185477,0.004760560641730346
0.9254435800582043,0.9060265887943778,0.019416991263826455
-0.8929179169386917,-0.8804039537362385,0.012513963202453238
0.8446049750431304,0.8404448386909706,0.004160136352159727
-0.7158834456272823,-0.7120306397957868,0.0038528058314954983
0.51833185244126,0.5079275549455771,0.010404297495682946
-0.2475485329258389,-0.2457235654735834,0.0018249674522554937
0.2541284452043494,0.2401750272553203,0.013953417949029101
-0.6230769436463065,-0.6191032025295702,0.003973741116736318
0.897118913582659,0.882355362926158,0.014763550656501034
0.10061193422227016,0.09175252001031414,0.008859414211956018
-0.6787716340829545,-0.6728001526539349,0.005971481429019598
0.3833831493660134,0.37772635715587294,0.005656792210140482
0.9430182234110294,0.921743650209656,0.02127457320137338
0.8535051634653664,0.8370258610669905,0.016479302398375917
-0.622377134237176,-0.6103994453843368,0.01197768885283923
0.1587943578733732,0.1475623677999123,0.011231990073460901
-0.8398674278095682,-0.8274803949179413,0.012387032891626903
-0.6992203244492113,-0.6782669343157753,0.020953390133436
0.13656212525156197,0.1279922475263048,0.008569877725257163
0.6721922032609648,0.670830108632535,0.001362094628429844
0.49124734594735203,0.47523968260186567,0.016007663345486367
0.6399071697091278,0.6288307927541071,0.011076376955020617
0.8997463624675202,0.8880658133495529,0.011680549117967232
0.9336162837123868,0.914286952362965,0.01932933134942183
0.7855618680431465,0.774182949872164,0.011378918170982577
0.4136229647370292,0.4264229254452253,0.012799960708196112
0.7170331295461875,0.705119873715259,0.011913255830928504
-0.9254951304424466,-0.9091570115628882,0.016338118879558383
0.9495047955273588,0.9303345848553664,0.019170210671992427
0.8497273331956441,0.8261098761994605,0.02361745699618356
0.0337642789268879,0.021791787200723778,0.011972491726164124
0.9595184394934073,0.9439155529431882,0.01560288655021913
-0.8930866973930298,-0.8866688266451204,0.006417870747909449
-0.8956685733811646,-0.8884248467399819,0.007243726641182668
-0.5051095255262678,-0.4949302996595524,0.01017922586671538
0.8198013494420314,0.8065210922321754,0.013280257209856039
0.2505250111504317,0.2586157283121103,0.00809071716167864
-0.13035022518203265,-0.13316744463060462,0.002817219448571967
-0.8809718432782968,-0.8626277864326808,0.01834405684561602
0.9174523613930771,0.8966604784963546,0.020791882896722513
0.9377784572853568,0.9151846056471465,0.02259385163821026
0.7180978475219774,0.7055751893413941,0.01252265818058329
-0.002983213080067816,0.0023748644976652536,0.005358077577733069
-0.9225925059928606,-0.9008726778649191,0.021719828127941487
0.886089509058966,0.8786468312022555,0.007442677856710489
0.3026351545984903,0.28770157395720897,0.014933580641281308
0.20067876630029388,0.1889475934691063,0.011731172831187575
0.6973847185569328,0.6812966968244708,0.016088021732462043
-0.6708680648403209,-0.6608900822837473,0.009977982556573561
0.39236273560302015,0.3801236488439683,0.012239086759051832
0.6967326762995902,0.6769897410505978,0.0197429352489924
0.3387119789772395,0.3373858513492386,0.0013261276280008838
-0.9419055173148484,-0.9271079753596682,0.014797541955180238
0.9351885485615362,0.9249228418374218,0.01026570672411442
-0.3184214671093472,-0.29956539779851643,0.01885606931083078
0.6845263303351945,0.6638028220629583,0.020723508272236235
-0.10258939675040435,-0.11260382690657403,0.010014430156169679
-0.9460136228422693,-0.9363357714563577,0.009677851385911596
0.6493516241748859,0.637841149393134,0.011510474781751934
-0.7401928870312245,-0.72746578517207,0.0127271018591546
-0.7748472528281328,-0.763790589071394,0.01105666375673886
-0.12186237974700585,-0.1041538507388344,0.01770852900817145
0.051605086611070786,0.043599840686997536,0.00800524592407325
0.35437475324565454,0.35862261421886654,0.004247860973212003
0.30434405507217427,0.28781713778456813,0.016526917287606135
-0.3310311977390769,-0.3296661177720953,0.0013650799669815972
-0.640040570039372,-0.6176018700489734,0.022438699990398603
-0.2904596964439704,-0.29044295865094516,1.6737793025245473e-05
-0.4532545497362327,-0.4441548566695865,0.009099693066646208
-0.9097089375462889,-0.8960486182526569,0.013660319293631984
0.8499059185809308,0.8306629568721332,0.01924296170879758
0.6466977813228288,0.6247495059773793,0.02194827534544952
0.4706070778746823,0.47452369571928027,0.003916617844597958
0.6845415073300526,0.6801248980197077,0.004416609310344932
-0.8369046169586832,-0.8211991689690257,0.01570544798965756
-0.23265235040945084,-0.23433536003509542,0.001683009625644577
0.027647201782086194,0.019731214583439197,0.007915987198646997
0.408655331247663,0.40418130707814465,0.004474024169518365
0.9112429944111852,0.8956602162897769,0.015582778121408292
0.3361713546024663,0.34003237954312016,0.003861024940653879
-0.6540268804655689,-0.6351674521613477,0.01885942830422116
0.00038358909289973135,0.01625142315143405,0.01586783405853432
0.2576926203443384,0.25925057898339504,0.0015579586390566669
-0.9310052474047629,-0.917442906382106,0.013562341022656854
0.7319684523236603,0.7135309698265007,0.018437482497159596
-0.4263793935742655,-0.41005480033883734,0.016324593235428175
-0.4976491829436679,-0.4895647019270868,0.008084481016581102
0.3208812404522355,0.3356704225216948,0.014789182069459339
-0.5172992480534468,-0.5126170179863878,0.0046822300670590344
-0.1900508116388623,-0.1964451003596556,0.006394288720793284
-0.40051926886557804,-0.41284491546633756,0.012325646600759521
0.2760715542349567,0.26393530006843835,0.012136254166518368
-0.23462141441262307,-0.2291757766700421,0.005445637742580972
-0.592623704058868,-0.5776191032082688,0.015004600850599181
-0.20098310062078123,-0.2089056771948515,0.007922576574070278
0.5642579632003923,0.5439595852020677,0.02029837799832468
-0.1749931683289911,-0.16374364035247088,0.011249527976520207
-0.10906913164809126,-0.09125979057434193,0.017809341073749332
0.7756189998551316,0.7629729854484517,0.012646014406679895
-0.2938251770760926,-0.28920982382592847,0.004615353250164156
0.9477625630440459,0.9284852857154342,0.01927727732861173
-0.02824193686334462,-0.035206570320027546,0.0069646334566829254
0.4579244183442523,0.4491446807888615,0.008779737555390799
0.825853981589668,0.8101318716554089,0.015722109934259154
-0.9463772989825783,-0.9287093444900835,0.01766795449249481
0.6664720181480458,0.653884383058615,0.012587635089430838
-0.7804349017024723,-0.7724296764296666,0.008005225272805672
0.3431854153890343,0.35251729682362254,0.00933188143458824
-0.3277794323449793,-0.33797047984810275,0.01019104750312344
0.8712702588847429,0.8628896988567916,0.00838056002795129
0.818345400072148,0.8076444742527893,0.010700925819358664
0.9215272643300741,0.9028284472007863,0.018698817129287892
0.9364027033367698,0.9231091709093691,0.013293532427400723
0.9726850207904446,0.9603382880437047,0.012346732746739919
0.8806434946271972,0.8656442511813495,0.014999243445847688
0.9416561533825999,0.9215664236299923,0.020089729752607588
0.4172383976770541,0.42620466582401106,0.008966268146956946
-0.6739802646038944,-0.6614894893195653,0.01249077528432907
-0.6470415787137861,-0.626947356319817,0.020094222393969075
0.23257425296832823,0.22900026867366802,0.003573984294660215
-0.4060407393190178,-0.3978754304075616,0.00816530891145617
0.9508174343288694,0.9277629649638968,0.023054469364972685
0.4707948760349908,0.4623007962245762,0.008494079810414612
0.9300787842408653,0.9118557385776322,0.018223045663233073
0.3684864876259301,0.37114583860168776,0.002659350975757646
-0.7929598549350863,-0.7750705625614261,0.017889292373660104
0.9368384529953376,0.9151253028187835,0.021713150176554175
-0.6504851692585898,-0.6398562991543485,0.010628870104241295
-0.32062965128387566,-0.31810403471382,0.0025256165700556776
0.41365519224857417,0.39801972152181175,0.015635470726762413
0.35135855259563026,0.3543043710676209,0.0029458184719906577
-0.12106294314095543,-0.10868969217983049,0.012373250961124946
-0.4342899270895857,-0.42798469895923696,0.006305228130348728
0.9327834496420506,0.9205917414117422,0.012191708230308462
0.9245592466208131,0.9131282743806288,0.0114309722401843
0.6790736795611884,0.6765498053693896,0.0025238741917987806
0.6814056320100121,0.6789139495770558,0.002491682432956388
0.3463902126987077,0.3511781101322225,0.0047878974335148206
-0.38212034433223613,-0.37476030907858837,0.0073600352536477565
-0.5960054947704555,-0.5830558889490105,0.012949605821444998
-0.42155921480650865,-0.41814933879813165,0.0034098760083769997
-0.828817750406198,-0.8151537125849313,0.013664037821266684
0.7042023054008564,0.6937088479269278,0.010493457473928602
-0.6015244303873224,-0.5874278130894863,0.014096617297836067
0.19252524380819394,0.1908497466625262,0.0016754971456677537
-0.5820172788453037,-0.5628608280102532,0.019156450835050576
0.9408435460739817,0.9221472644594083,0.018696281614573373
-0.9392446003372218,-0.9207335375746677,0.018511062762554098
0.06279301289404125,0.050460723358028,0.012332289536013251
-0.5193041138735383,-0.5019412046289982,0.017362909244540092
-0.5029175840211626,-0.49421064917596036,0.008706934845202241
-0.06232879292443316,-0.0785796245282889,0.016250831603855737
-0.9369495696549919,-0.923849879276544,0.013099690378447826
-0.6221134279134282,-0.6099304784891835,0.012182949424244693
-0.876378283155268,-0.8608494808616143,0.01552880229365372
-0.7562733952471989,-0.7462404879605551,0.010032907286643855
0.9272181572232914,0.9140342820278526,0.013183875195438732
-0.31695490127240195,-0.30768442441532295,0.00927047685707899
0.05449434449765493,0.06618184700705215,0.011687502509397221
0.4201563243405107,0.4113474860805437,0.008808838259966978
-0.20117083252367848,-0.20412516148407645,0.0029543289603979617
0.5550416653616534,0.5352338040478233,0.019807861313830166
0.9367114919592763,0.9236901812629731,0.01302131069630319
0.48472221134583565,0.47696957215525426,0.00775263919058139
0.9421543361812897,0.9299019646309091,0.012252371550380614
-0.5669671216360133,-0.5495706871783128,0.01739643445770045
-0.5140809785057112,-0.49662132749941384,0.017459651006297372
-0.4500830238166684,-0.4527287143726561,0.0026456905559876787
-0.7406549284534405,-0.7357578529130525,0.004897075540387985
-0.4965699727305641,-0.4858711126558592,0.010698860074704886
0.08289436567373624,0.08451628183463977,0.0016219161609035276
-0.9337284339686984,-0.9143387022413068,0.019389731727391668
0.9118444688041472,0.8957565142706199,0.016087954533527293
-0.33031566093510567,-0.31640942899272906,0.013906231942376612
-0.6312542881553004,-0.6267015723431162,0.004552715812184194
0.3187211122084624,0.3114339720660064,0.007287140142455961
-0.1167879797224541,-0.10524586734796303,0.01154211237449107
-0.3859273285575535,-0.36601671655627716,0.019910612001276362
0.9124442661377536,0.901493392279172,0.010950873858581622
-0.16260795587955815,-0.1528458006272829,0.00976215525227525
-0.12160410920938217,-0.13884699572566495,0.01724288651628278
0.7822541518053922,0.7634515973538123,0.018802554451579856
0.36907735245002277,0.3717314087658392,0.0026540563158164443
0.3324272923614114,0.3241282887918301,0.008299003569581298
-0.3146412682018281,-0.3188005615967102,0.004159293394882135
-0.19519097248926792,-0.20303712870104992,0.007846156211782002
0.9545659794230572,0.9442312854007736,0.010334694022283597
0.20104648266859998,0.18965464640161303,0.011391836266986949
-0.12678568529216158,-0.13426550517477984,0.007479819882618255
0.8292927780692932,0.8153828527605462,0.013909925308747018
-0.8805074923473147,-0.858941977968064,0.021565514379250694
-0.9589487755958195,-0.9400805518600515,0.01886822373576802
0.8024838973100937,0.7899523865521177,0.012531510757975983
0.8702667224398344,0.8524381945255165,0.017828527914317882
0.9258291813824466,0.9083993256243152,0.017429855758131385
-0.2580776554981425,-0.2503968875754897,0.007680767922652765
0.6308733885615022,0.6296980867819021,0.0011753017796001242
0.3325622542888555,0.32888684183408395,0.0036754124547715428
0.3003082202112692,0.3025450305066736,0.002236810295404401
0.9317800069775921,0.9192336202294055,0.012546386748186644
0.959279755506723,0.9427512319500719,0.01652852355665102
0.8713894954798119,0.8493912581761464,0.02199823730366557
-0.43253769750050775,-0.4352786439180712,0.00274094641756345
-0.2962484233746518,-0.2925335028902522,0.0037149204843995864
-0.8650269224405707,-0.8506970208835594,0.014329901557011304
0.8866880807110936,0.8788990455504457,0.007789035160647884
0.3816140425351025,0.37585553165028646,0.005758510884816048
-0.8208431747553271,-0.8100374637735571,0.010805710981769967
-0.2000615979789687,-0.19900635290173466,0.001055245077234035
0.9105657833907929,0.895093061402346,0.015472721988446847
-0.13738847994153772,-0.13255637189955188,0.004832108041985833
-0.5098990328320343,-0.4893345249958677,0.02056450783616659
0.7404203966044617,0.7356550169340699,0.004765379670391812
-0.44499240944853014,-0.448104112562336,0.003111703113805875
0.0944123557292543,0.0927339900906261,0.001678365638628193
-0.5291904589786482,-0.5102573883303299,0.018933070648318395
-0.21393301232292716,-0.2014141385538319,0.012518873769095273
0.8417821016483923,0.8221221925852243,0.019659909063167946
-0.5075086633287947,-0.5039095716934315,0.003599091635363205
-0.6750980680751362,-0.6730477040422063,0.0020503640329299078
-0.8114879779141547,-0.7934062282820387,0.018081749632116062
0.9717217648673278,0.9599697148942832,0.011752049973044576
-0.9282272450815705,-0.9140794066635287,0.014147838418041792
-0.8402609131040307,-0.8240169269402862,0.01624398616374456
0.39030261539046107,0.39543898812125144,0.005136372730790373
-0.9559283517981674,-0.936346529971691,0.019581821826476387
0.6455861285929339,0.643534300005088,0.0020518285878458054
0.858197152229027,0.8395572241471021,0.01863992808192494
0.34110759196783025,0.3250819560904534,0.016025635877376876
0.6988468223259922,0.6964065692093395,0.0024402531166526353
0.9329602596089205,0.9194528749721624,0.013507384636758046
-0.7732490631679753,-0.7498959058892931,0.023353157278682146
-0.8818481044131817,-0.8657195070625883,0.016128597350593465
-0.7194601138121169,-0.7102331939469093,0.009226919865207628
0.10385444055786337,0.08832674228217707,0.0155276982756863
-0.8380378047083419,-0.8250181582082791,0.01301964650006282
0.9218964988661295,0.9038920139927342,0.018004484873395232
-0.807916827983571,-0.7884614481191302,0.01945537986444079
-0.556969470611179,-0.5462792912428376,0.01069017936834138
0.9171258071857626,0.9074762149619392,0.009649592223823444
0.4115065315209944,0.4019595035439663,0.00954702797702811
-0.3152738526779234,-0.3043043814318013,0.010969471246122131
0.5799275311554088,0.5661761391502103,0.013751392005198593
-0.5704064489272087,-0.5597151850598934,0.010691263867315337
0.6526694245686616,0.6396814067372474,0.012988017831414234
0.9381484749716765,0.9175985130451847,0.020549961926491833
0.4465010951677605,0.43363923711875546,0.012861858049005026
0.9604551115484226,0.9454946061498256,0.014960505398596946
-0.29239562288299575,-0.2860484628486696,0.006347160034326171
-0.6697614581945825,-0.6556640087002388,0.014097449494343772
-0.9031520888345547,-0.8845787935004248,0.01857329533412988
0.9482147999130759,0.9341260219866175,0.014088777926458351
0.029279272337275675,0.036839473013542776,0.007560200676267101
-0.24075739451851882,-0.23782581711215933,0.0029315774063594924
-0.3342120316195322,-0.3132261521391338,0.02098587948039843
0.9301402427082364,0.9151538674010264,0.01498637530720992
-0.2455428918949495,-0.23295575258593246,0.012587139309017031
-0.3846365378336313,-0.3866699229307636,0.002033385097132301
0.6757111467225064,0.6728251162979835,0.0028860304245229562
-0.7231064095536021,-0.714266358540228,0.00884005101337404
0.08118298844453702,0.08751550806168075,0.006332519617143734
0.9304470100791222,0.9088333795803578,0.021613630498764413
-0.7193297093010266,-0.6939816951619435,0.025348014139083053
0.27351786838530473,0.26764251259157734,0.005875355793727388
0.7626556707864173,0.7451679332173339,0.017487737569083395
-0.43861126769953407,-0.43144403072535803,0.007167236974176039
0.9127900196823946,0.8932385106211892,0.019551509061205397
-0.005891320745481174,-0.0007311650034577622,0.005160155742023412
0.9119365176566316,0.8892162604469254,0.022720257209706274
-0.9136667591767067,-0.9020797871320868,0.011586972044619892
-0.08611602869779915,-0.08781784556119879,0.0017018168633996383
0.7473552052120289,0.7338085962844433,0.013546608927585635
-0.7855800768425856,-0.7736606588924665,0.011919417950119082
-0.7510892514086137,-0.7510979994176357,8.748009021952718e-06
0.6772414801073141,0.6596745779732187,0.017566902134095397
-0.6875396722855783,-0.6841960318198912,0.0033436404656871366
0.7627025164014613,0.752607883522701,0.010094632878760224
0.7097948898199571,0.6963033763247466,0.013491513495210494
-0.6284928067544151,-0.6068993038347363,0.021593502919678764
0.9515616726477238,0.9373729066565555,0.014188765991168362
0.2522507206014604,0.2533338905790999,0.0010831699776394643
-0.9387646439698862,-0.9205642904889606,0.018200353480925635
0.885730190302648,0.8695530734824198,0.016177116820228155
0.8799146196423424,0.8656408056376683,0.01427381400467409
-0.9701538017861198,-0.9515098516202181,0.0186439501659017
0.918242785573417,0.8972646463533214,0.020978139220095615
0.5619228495597168,0.5610739729475912,0.0008488766121256264
-0.28398951610010803,-0.2747693805686897,0.009220135531418316
-0.1800365746558066,-0.18000636764584738,3.02070099592322e-05
0.19971568424934738,0.2046411474236379,0.0049254631742905175
0.9278968442063383,0.9130798418046387,0.014817002401699586
0.410828764248709,0.40021408795955926,0.01061467628914975
-0.896498874370638,-0.8891034717497472,0.007395402620890779
0.8675771062579242,0.8503712713054188,0.017205834952505383
-0.7851469146293245,-0.7635986679575117,0.021548246671812765
0.9391342909729176,0.9275193869162413,0.011614904056676312
0.14302642518232975,0.15195429992167964,0.00892787473934989
-0.08451816703202368,-0.0740752353479802,0.010442931684043477
-0.8007284945940313,-0.7914590777850264,0.009269416809004838
-0.9180839703469513,-0.9069856460513012,0.011098324295650164
-0.9444695758745698,-0.928051230344207,0.01641834553036281
-0.7585347454967438,-0.7452944095033351,0.01324033599340868
-0.8542666305802562,-0.8380062232882263,0.016260407292029933
-0.07350760797466654,-0.07640759152237928,0.002899983547712731
0.739868296489382,0.7196253325140113,0.02024296397537073
0.12588098853937243,0.12524351462436856,0.0006374739150038777
0.16324645108376953,0.15552176710607898,0.00772468397769055
-0.9037974897535522,-0.8946217375286817,0.009175752224870548
-0.9329821700660755,-0.9221111967353767,0.010870973330698863
-0.06387160519463243,-0.0554285074372695,0.008443097757362933
0.7302445478037253,0.718222653115713,0.012021894688012291
0.7440789739835417,0.7321112968125247,0.011967677171016988
-0.7378893685806956,-0.7150086621870272,0.02288070639366846
-0.6387135887528469,-0.6404831299324437,0.001769541179596823
-0.8843469356628537,-0.8751459389761771,0.009200996686676621
-0.9274985640118024,-0.9125013366859165,0.014997227325885931
-0.6230654078308784,-0.6173223408896907,0.005743066941187647
-0.8447178639935519,-0.833481328443544,0.01123653555000792
-0.3346629738224736,-0.32608403220404325,0.008578941618430369
0.9426295454314275,0.9314836389952104,0.011145906436217157
0.7629208286929963,0.7562342187322342,0.006686609960762091
-0.929243734051697,-0.9105436982399058,0.01870003581179125
-0.14284507779853886,-0.14198862821921274,0.000856449579326124
-0.9130317006617434,-0.8952756038515458,0.01775609681019763
-0.9647758027259645,-0.9458185315886404,0.01895727113732415
0.2474318070188482,0.24658128172119292,0.0008505252976552802
0.5447503159453861,0.5540872020449318,0.009336886099545638
-0.532784791133187,-0.5365253081496439,0.0037405170164569457
0.8000331831197391,0.7834993891455552,0.016533793974183975
0.34415625288973223,0.3276904098593558,0.016465843030376404
0.5251516888689679,0.522165731272426,0.002985957596541855
0.08877081563671783,0.09801036055108593,0.009239544914368097
-0.33244947209806514,-0.33858097321855146,0.006131501120486327
-0.4880426965251631,-0.4931715463417568,0.005128849816593728
0.23957566795121976,0.22814406745950638,0.011431600491713378
0.7300963241737377,0.7144817592696435,0.015614564904094186
-0.8433342899223413,-0.8418051002638935,0.0015291896584477271
-0.8198614405807212,-0.8043878457301623,0.01547359485055888
-0.4783409536116986,-0.4625467838692246,0.015794169742473996
-0.10866808059522275,-0.11191486529614204,0.0032467847009192974
-0.7424843386092232,-0.7303211322352592,0.012163206373964064
0.9375564730649187,0.9237377182317552,0.013818754833163527
0.4255652882765417,0.40641907431769597,0.019146213958845748
0.9316443332695853,0.9141787614580538,0.01746557181153152
0.06882964141649962,0.056750707027001246,0.012078934389498377
0.6649218754107966,0.6540247721970179,0.01089710321377868
0.4240001410561622,0.4247774802488011,0.0007773391926388928
-0.7137011042229583,-0.6983502919475848,0.015350812275373493
-0.803472310663392,-0.7898906433090975,0.013581667354294447
-0.6402146840622668,-0.6335533892394473,0.006661294822819519
-0.6651904726380685,-0.6537289155935649,0.011461557044503579
0.4692230705436878,0.46073311279492807,0.008489957748759713
0.3519854546338697,0.3598185073779174,0.007833052744047664
-0.3026891380660359,-0.30911843351320445,0.006429295447168526
-0.09217352852590589,-0.0999896566682269,0.007816128142321008
-0.6347292434901104,-0.616418912334862,0.018310331155248383
-0.7840626108918299,-0.7769606804580526,0.007101930433777381
0.6489561529500341,0.6356390127928307,0.013317140157203311
0.26238440750672587,0.2589716299565519,0.0034127775501739954
-0.8536363683998508,-0.8453808387306211,0.008255529669229711
-0.7809455241877471,-0.7636665139692603,0.017279010218486768
-0.6984067956412932,-0.6845914442688378,0.013815351372455376
-0.2661620044668469,-0.27150019266972886,0.005338188202881955
-0.606761649334036,-0.599916583076724,0.00684506625731196
0.36059690134732086,0.3439019482190266,0.016694953128294276
-0.8454977378463685,-0.8371817424805255,0.008315995365843043
-0.5235618589942431,-0.5149961334856857,0.008565725508557387
-0.283087927279619,-0.2674963888385326,0.015591538441086406
0.5964218954904807,0.5865544105760491,0.009867484914431679
-0.2897459063228313,-0.2781997455089413,0.011546160813890038
-0.7496290098094776,-0.7517856400174442,0.0021566302079666366
-0.8215369078389071,-0.8117017182780949,0.009835189560812196
-0.75298744002883,-0.7338709419875246,0.01911649804130544
-0.8754776545883216,-0.8592183428299602,0.016259311758361372
0.6141734890340288,0.6067953113788,0.007378177655228746
0.39085013566793286,0.38865910531468234,0.0021910303532505226
0.44891348467994063,0.46034357392931063,0.011430089249370001
-0.9618589009457169,-0.9421389979418046,0.019719903003912354
-0.057003883174448024,-0.04006019780917682,0.016943685365271202
0.7845351269553366,0.7636587179513596,0.020876409003976915
-0.07686708788558513,-0.09346424534338715,0.01659715745780202
-0.8393721564150859,-0.8183303595491316,0.02104179686595431
0.13367116367131024,0.14940824736818828,0.01573708369687804
0.020151773104679454,0.016697270317619597,0.0034545027870598564
-0.20635291203650097,-0.20386129503141767,0.0024916170050832964
-0.6697664472350009,-0.6537288073455523,0.01603763988944862
-0.8722907283239302,-0.8506164532204453,0.021674275103484852
-0.9564962233003654,-0.9428437425711771,0.013652480729188343
-0.8045270180925105,-0.7909924177232747,0.013534600369235816
0.556971009536305,0.5457410433095523,0.011229966226752652
0.4953223157019351,0.476115478189393,0.019206837512542096
-0.3661382301716054,-0.3793785647958068,0.013240334624201378
0.06678815597328104,0.05399685594958738,0.012791300023693664
0.4898017398920171,0.4790774415761023,0.01072429831591476
0.1463422562949963,0.14865004810155763,0.002307791806561321
-0.30545485882888185,-0.3145531574346032,0.009098298605721367
0.8041833646641955,0.7895156716797752,0.014667692984420277
0.32400009564007176,0.31535387289802636,0.008646222742045406
-0.7295315432052585,-0.7120293634662962,0.017502179738962287
-0.7952934714522036,-0.7918179158378416,0.0034755556143620803
0.8271346350532552,0.8076037170825239,0.019530917970731365
-0.849062203249719,-0.8441263041914348,0.004935899058284288
-0.33322767221938465,-0.33384870306711956,0.0006210308477349047
-0.5511935627662659,-0.5447256126574616,0.006467950108804299
-0.3741325740545037,-0.3721509661375894,0.001981607916914263
-0.96147402867693,-0.9414824608519378,0.01999156782499223
-0.957121296165119,-0.9415152383980327,0.015606057767086234
-0.9164314932722116,-0.9029193312741959,0.013512161998015748
0.6866133628865239,0.6844948501088475,0.0021185127776763846
-0.9080825189970371,-0.8897432000424372,0.018339318954599837
-0.24181299071026763,-0.23827435397057425,0.0035386367396933738
-0.7040732888995369,-0.6925900036611284,0.01148328523840847
0.820536029801849,0.8093175302438915,0.011218499557957506
-0.9178737512055917,-0.899849540080172,0.01802421112541963
0.289389052854971,0.2742057983022227,0.015183254552748326
0.4493766391304729,0.4482607745204563,0.0011158646100165592
0.447835366555691,0.4531071517371458,0.005271785181454769
-0.9452705142672287,-0.9291951827510956,0.016075331516133162
0.6294410433585452,0.6097373038104676,0.01970373954807758
0.8647349616797837,0.8490136513042069,0.01572131037557678
0.7842091092472251,0.7757810120717458,0.008428097175479321
-0.6605564708917965,-0.6421652913093748,0.018391179582421646
-0.7967924616105495,-0.7834021554895708,0.01339030612097869
-0.6889275210146371,-0.6747537948748226,0.014173726139814491
0.44394835841345215,0.43693350357724464,0.007014854836207507
0.5869066536343112,0.5779828913545464,0.008923762279764769
0.6993239215928884,0.6791791547273137,0.020144766865574648
0.2650779950552754,0.25476350341248016,0.010314491642795243
-0.9025496427414978,-0.8817112567855001,0.02083838595599774
0.8601755345541866,0.8524740724468854,0.00770146210730116
-0.9435759569272049,-0.9256606728404286,0.01791528408677623
0.4542185219251233,0.45794809437207046,0.0037295724469471603
-0.9204345258581128,-0.9060629014520426,0.014371624406070205
-0.881638685581216,-0.8740188255039206,0.007619860077295426
0.45283900448617637,0.4304387803551204,0.022400224131055968
0.6133450894046156,0.6033281004731025,0.010016988931513149
-0.9382740317214955,-0.9155814648739241,0.02269256684757137
-0.7945742806829604,-0.7961545336371496,0.0015802529541891763
-0.8110537858866274,-0.7886757170229896,0.0223780688636378
-0.3649762613194994,-0.3464507489112634,0.018525512408236022
-0.9210240291015453,-0.9089486180848847,0.012075411016660653
-0.3636197135199512,-0.3507482977317678,0.012871415788183405
0.37084452253383593,0.3616225010269655,0.009222021506870404
-0.39669582047085644,-0.37641576230957735,0.02028005816127909
0.7188070419135613,0.6978507932131863,0.020956248700374935
0.8963447452867751,0.882592929573317,0.013751815713458071
0.6873106399055845,0.6856024520456396,0.0017081878599448652
0.9651531923659155,0.9444278298547373,0.02072536251117818
0.8365963482343988,0.8154209806568435,0.021175367577555226
-0.9266444309119437,-0.9123291888555678,0.01431524205637591
0.399877684528804,0.39323426280259466,0.006643421726209353
-0.949978484206734,-0.9355957487057074,0.014382735501026644
-0.6738437830982132,-0.6776450824152589,0.0038012993170456477
-0.8771551786099342,-0.8622035940195788,0.014951584590355393
0.774087397716778,0.7574067966953283,0.016680601021449748
0.8727669342570645,0.8567959647664765,0.01597096949058807
-0.010892899265308776,-0.015811150313780574,0.004918251048471798
0.935644256280506,0.9215907847748638,0.014053471505642179
0.9472913630822222,0.9315719544458998,0.015719408636322374
0.07336795883443506,0.06814268438700483,0.005225274447430234
-0.671548942045326,-0.65590609631488,0.015642845730446053
0.7444090919756826,0.7395205973925661,0.004888494583116465
-0.9420513657500178,-0.9205061943349194,0.021545171415098374
0.8958648021434428,0.8783748896090612,0.01748991253438159
0.6822774289920895,0.6891472621322351,0.006869833140145554
-0.18327167022578167,-0.18320470494625168,6.696527952998466e-05
-0.9482333366747251,-0.9286636063360033,0.01956973033872178
0.20304381001073024,0.1897658267621073,0.013277983248622949
-0.9436478747708466,-0.9269689640369827,0.01667891073386385
-0.6608330561781907,-0.6482417886033377,0.01259126757485296
0.923825513861875,0.9095930283761551,0.01423248548571987
-0.70765171932525,-0.7038355857659838,0.0038161335592661327
0.17692697741894284,0.1565238069182011,0.020403170500741724
0.9199618062840955,0.9102011395179078,0.009760666766187698
0.5521793512982409,0.5555559292440411,0.003376577945800152
0.94709329236343,0.9235826323343296,0.023510660029100405
-0.9516817149506441,-0.93715861166058,0.014523103290064121
0.10258939732548997,0.10880353694826263,0.00621413962277266
0.653039339522828,0.6575131915705249,0.004473852047696902
-0.8700607862979818,-0.8544418866474648,0.015618899650516993
0.14904837154504866,0.1417772435387169,0.007271128006331756
-0.5953549644349085,-0.5733278620133,0.022027102421608546
-0.04119325717246955,-0.0478854243201185,0.0066921671476489475
-0.9381948144744047,-0.9215424575411968,0.01665235693320788
-0.8873287677504598,-0.8718968803360824,0.015431887414377399
0.8575849334107083,0.8450425707353643,0.012542362675344032
-0.7369302354872067,-0.7286292592565651,0.008300976230641632
0.9309041299946987,0.9069524011097868,0.023951728884911927
-0.5820251266593243,-0.5742659811880592,0.007759145471265105
-0.38178069257848246,-0.37159059602963296,0.010190096548849503
0.8374356489362739,0.8224389696413428,0.014996679294931092
0.6522874661631646,0.63776461062665,0.014522855536514556
-0.8587768797792354,-0.8490024896723003,0.009774390106935149
0.9461454512551357,0.9350917464751002,0.011053704780035534
0.7214301635119391,0.7050428435794914,0.016387319932447686
0.9547775319548145,0.9370171310284632,0.01776040092635134
0.9517468408054046,0.934094759831268,0.01765208097413662
-0.936927785509459,-0.917628147523434,0.019299637986024964
0.5113198484730304,0.5013595593317096,0.009960289141320744
0.7593306062589199,0.7471512650796929,0.012179341179227032
-0.7563688640245381,-0.746055411663003,0.010313452361535025
-0.752135812732001,-0.748567589289036,0.003568223442965035
-0.533597121840691,-0.5278467609170621,0.0057503609236289055
-0.08962012709844074,-0.08212280115511351,0.007497325943327221
0.9586246399129004,0.9401376931567794,0.018486946756120948
-0.3154514100974214,-0.31214315646063223,0.00330825363678916
-0.8813910125387148,-0.8626999601973656,0.018691052341349157
-0.08002053268916755,-0.07778975394961496,0.0022307787395525885
-0.3504560122898532,-0.3361076370682464,0.014348375221606757
-0.8832815081882146,-0.870014419509845,0.013267088678369565
0.7862357980067434,0.7775190005702953,0.008716797436448043
-0.937257968809535,-0.9249351288076373,0.012322840001897761
-0.7081316863802759,-0.6911147117424221,0.017016974637853788
0.7740321991463996,0.7609780013314487,0.013054197814950985
-0.922903781055161,-0.9102902948992181,0.012613486155942932
-0.8715531176974097,-0.8503954922794816,0.021157625417928094
-0.9080205604257404,-0.896650144048204,0.01137041637753644
-0.1766769364322804,-0.18248344517557838,0.005806508743297967
-0.6837333286977328,-0.671814743588661,0.011918585109071844
-0.733058929109332,-0.7237453094811059,0.009313619628226077
-0.9181110088817037,-0.8969155443354534,0.02119546454625032
0.8906158236839016,0.8754712126333518,0.015144611050549761
-0.6346225714241882,-0.6275045370075967,0.007118034416591534
-0.8799836793769793,-0.863504328450989,0.016479350925990288
-0.6768095876690169,-0.6645768001532072,0.012232787515809695
0.6959385983725016,0.6931676545140135,0.002770943858488084
-0.5565710048602366,-0.535289112124378,0.021281892735858565
-0.8652950732085206,-0.8638034641806105,0.0014916090279101235
0.19523278205782485,0.18233061977050305,0.0129021622873218
-0.8314815937873148,-0.820008099140457,0.011473494646857763
-0.7725350127335212,-0.7523454147722957,0.020189597961225547
-0.8451587368685166,-0.8327019282525635,0.012456808615953108
-0.44662067974044317,-0.4495674137705229,0.002946734030079723
0.870126270228603,0.8548020446800922,0.015324225548510761
-0.15829322178689853,-0.1479847022075292,0.010308519579369319
-0.2403915100061868,-0.22501980901529003,0.01537170099089677
0.406149990201062,0.3853729662043634,0.020777023996698618
-0.8674616345826177,-0.8457352016935137,0.02172643288910403
-0.5642479941768782,-0.5594506608213822,0.004797333355496036
0.4622093366321212,0.44618704793020036,0.01602228870192085
0.6772833061190048,0.6589791015888129,0.01830420453019188
0.3036165524484216,0.29215729181679817,0.011459260631623447
-0.9044366176137066,-0.8867980428963073,0.01763857471739938
0.9168761133416005,0.9031540716510499,0.01372204169055058
0.5717923569395642,0.5691310691180129,0.0026612878215512836
-0.027440469695477428,-0.036265031193977046,0.008824561498499618
0.3218624123001182,0.30843595444846394,0.01342645785165425
-0.8216880454118768,-0.8041089382231257,0.01757910718875111
-0.921481840749387,-0.9065538002735833,0.01492804047580365
0.8220098867913883,0.8072751897260142,0.014734697065374114
0.7804316428210578,0.7643769834491112,0.01605465937194661
-0.8060417328397258,-0.795132614939465,0.010909117900260834
-0.9364888715378598,-0.9152529508831061,0.02123592065475366
-0.9389889578774429,-0.9218684280318108,0.01712052984563206
0.9424662920375118,0.9322121299511424,0.010254162086369312
0.9295516652507202,0.9078340487366822,0.02171761651403803
-0.23702625864938834,-0.22943165317380576,0.007594605475582578
-0.8513454334162275,-0.8375926456997399,0.01375278771648758
0.6338210149958096,0.6231962198700667,0.01062479512574288
0.9232351447172,0.9050380867852498,0.018197057931950256
0.5041503600113971,0.4880717744868084,0.01607858552458874
-0.8647980149853018,-0.8520580990424561,0.012739915942845736
-0.4485229285683511,-0.44612000317404954,0.002402925394301536
0.4706589200915281,0.4818867730685116,0.011227852976983477
0.020762073552586975,0.007805953197749013,0.012956120354837963
-0.9633005063802093,-0.94533409811015,0.017966408270059242
0.7967924618797557,0.7902734213499912,0.006519040529764486
-0.7118040786768706,-0.7016275700054386,0.010176508671431939
0.22685986202911249,0.2170474015566432,0.009812460472469281
0.7473443668065337,0.7406765447941441,0.006667822012389579
-0.9585831255052167,-0.944733788364581,0.013849337140635742
0.49059922135623985,0.4863237203325859,0.004275501023653927
-0.7381978234053067,-0.730484129931174,0.0077136934741327545
0.9604435616693798,0.9470868344287198,0.01335672724066006
-0.7184782021184725,-0.7045619632400871,0.013916238878385334
0.8707076621857888,0.8483559697810266,0.022351692404762202
-0.5518325932372246,-0.557928267775969,0.006095674538744489
-0.8387165434742492,-0.8244188658454108,0.014297677628838379
0.17374907478340398,0.1605917862457286,0.013157288537675393
0.8020784538860438,0.7961970737878423,0.005881380098201494
0.9353656159888277,0.9146652386613838,0.020700377327443897
-0.8683087139675302,-0.8571105166569898,0.011198197310540392
-0.033728681162496846,-0.044848340048127856,0.01111965888563101
-0.8992530510176706,-0.8847370074858504,0.014516043531820233
0.9441507860902439,0.922371884608804,0.021778901481439905
0.5045350985575384,0.4971952170922791,0.007339881465259324
-0.6535615086689375,-0.6553525944172893,0.0017910857483518505
-0.8813938348873012,-0.8687152921454232,0.012678542741877963
-0.11753603049460494,-0.11456714557741404,0.0029688849171908976
-0.8821962529930097,-0.8661200157083806,0.016076237284629147
0.7974349362963605,0.7829265955382926,0.01450834075806795
-0.9315979644700199,-0.9224761093137431,0.009121855156276726
-0.10862410981007385,-0.12208759834054915,0.013463488530475298
-0.5511510125526041,-0.5362380271963672,0.014912985356236974
0.4798117166283439,0.45895923847021874,0.02085247815812513
-0.3458787640455526,-0.32646409103288376,0.01941467301266886
0.8132011907196066,0.8019407656368045,0.011260425082802117
-0.08213419772398485,-0.0675714583793727,0.01456273934461215
-0.16081347176854346,-0.16854462769842202,0.007731155929878553
0.9091631887164288,0.8989509762288846,0.010212212487544114
-0.36471815258221424,-0.36338499842251704,0.001333154159697203
-0.9538464486528127,-0.9358854944818897,0.017960954170922916
0.6871581301067814,0.6746712692273935,0.012486860879387884
0.07965184382543647,0.09477209356285488,0.015120249737418406
-0.47258738510406123,-0.4564428978391222,0.016144487264939056
-0.8989409511685398,-0.8808480489439474,0.018092902224592367
-0.9425783659055498,-0.9297088009721849,0.012869564933364885
0.30449186594340005,0.28886846696886676,0.015623398974533298
0.7151043497408935,0.695640387804997,0.0194639619358965
0.33070353186506757,0.33634242647940277,0.005638894614335199
0.9325218211138027,0.9168125674783129,0.015709253635489806
0.7035860780276033,0.7007213167991068,0.0028647612284965485
0.18042188350873892,0.18274596152014866,0.0023240780114097415
0.34152959810181793,0.33306997148767714,0.008459626614140792
0.16780299658262965,0.15367877456742504,0.014124222015204607
0.8064705558246397,0.799163771024856,0.007306784799783639
0.29170821315741985,0.2906715930171466,0.0010366201402732256
-0.9174348662387956,-0.9069667811307014,0.01046808510809416
-0.4564277785813484,-0.4614984443970344,0.005070665815685993
0.6819773616729181,0.6698551097831806,0.012122251889737479
0.7161436371263791,0.6989267037811565,0.017216933345222563
0.22154412048078248,0.2090403170280269,0.01250380345275559
-0.9320335953430967,-0.9114206855076451,0.02061290983545161
-0.17198523850785438,-0.18024590325599762,0.008260664748143243
-0.9135868083090278,-0.8968787997701971,0.0167080085388307
0.4370713128398315,0.4216539759784539,0.01541733686137764
0.9556895642960141,0.9359652141045716,0.019724350191442586
-0.21666920654325014,-0.2150652925142043,0.0016039140290458331
-0.884360475580105,-0.8733496566675909,0.011010818912514098
-0.6152817316672727,-0.6177638805483585,0.0024821488810857772
-0.9662110926066987,-0.9456935671978481,0.020517525408850545
-0.384444516911379,-0.37276914623286367,0.011675370678515318
-0.20683574090130596,-0.1986877327785427,0.008148008122763256
0.6600356333119302,0.6412994838517676,0.018736149460162554
0.5565703943319755,0.5405017041901133,0.016068690141862185
-0.6214665985152434,-0.5980500915078172,0.023416507007426257
0.4407299662993802,0.4215033590709085,0.019226607228471693
-0.33484743703013864,-0.33523379421208427,0.00038635718194562907
-0.571802425676768,-0.570027093117215,0.0017753325595529779
-0.7776914232661327,-0.7678675335371117,0.00982388972902104
-0.9224114489062297,-0.9124348692928334,0.009976579613396375
-0.20404505938092857,-0.20396213457708864,8.292480383992329e-05
-0.44442937199390675,-0.42171877625498916,0.022710595738917594
-0.5356727720076676,-0.5350857721104847,0.000586999897182916
-0.25092004129614054,-0.2549466979016937,0.0040266566055531805
0.5483497896360432,0.5379025601768053,0.010447229459237928
-0.609228455142908,-0.6083498895439721,0.0008785655989359542
0.444718375077769,0.4444016394299327,0.00031673564783629704
-0.3991099334403573,-0.3823280120540379,0.0167819213863194
0.3088964311773561,0.2938021713763026,0.0150942598010535
-0.9143943270869269,-0.8933770089534424,0.02101731813348451
0.43684745591124946,0.4397561913662998,0.0029087354550503264
-0.7385355227752558,-0.7256225138117203,0.012913008963535533
-0.21619580962965243,-0.214412090653189,0.0017837189764634276
-0.3981550842529111,-0.3808024932764162,0.017352590976494886
0.9172606818849747,0.8954583223723251,0.021802359512649527
0.8602483523472297,0.846097014831418,0.014151337515811768
-0.26573256531942446,-0.25880696591288804,0.00692559940653642
-0.6077390635584603,-0.5970070440469987,0.010732019511461632
-0.9576637062538127,-0.9396300810158398,0.018033625237972917
-0.34882965342308514,-0.3320130612879642,0.016816592135120934
-0.44557505016794163,-0.4423658507059985,0.0032091994619431463
-0.9429127992852337,-0.9235426641299488,0.019370135155284962
0.5300183319669117,0.5156974541267194,0.014320877840192314
0.8788342761987638,0.8659166218888334,0.012917654309930304
0.9157222416590711,0.9023905364832656,0.013331705175805508
0.6241837265676324,0.6024946550994517,0.021689071468180776
0.9218273519757074,0.901656035297726,0.020171316677981443
0.8058773624383748,0.7961034903815145,0.009773872056860311
0.6186942964004863,0.607467585571548,0.011226710828938335
-0.8980918889804481,-0.8901997804450767,0.007892108535371367
0.9104934114520158,0.8994108360371533,0.011082575414862461
0.5737718214124083,0.5775470308560154,0.003775209443607097
0.4247845675269064,0.41991170928383365,0.004872858243072764
0.8790680585423546,0.86277953301825,0.016288525524104536
-0.7892743925517439,-0.7756476286472294,0.01362676390451456
0.6274060093165643,0.622334747313477,0.0050712620030872735
0.940513647906207,0.9215930136348116,0.018920634271395342
0.6145089196335581,0.611964917157519,0.002544002476039142
-0.5269174310410907,-0.507493456336246,0.019423974704844693
-0.821133404575582,-0.8084735064515322,0.012659898124049884
-0.6647323284045696,-0.6491186515352285,0.01561367686934112
0.9205964010807691,0.9061533772338747,0.014443023846894443
0.8115498311332587,0.7996168377153731,0.011932993417885673
0.4227264035705209,0.41559512894291556,0.007131274627605322
-0.8676169606786335,-0.8571686618477771,0.010448298830856406
0.16518528061619392,0.1701123210669405,0.004927040450746573
0.45028546070750974,0.45251626595433614,0.002230805246826395
0.6173981985782814,0.6162387675787843,0.001159430999497113
0.6469083285207181,0.6439646901622311,0.0029436383584869885
0.920231059598103,0.9079584829763053,0.012272576621797704
0.7591382915349127,0.7552682478432124,0.003870043691700298
-0.9651064349551525,-0.9500943496104605,0.015012085344692006
0.6601745489652345,0.6429529145541251,0.017221634411109465
-0.41759496889495984,-0.4098492328873242,0.007745736007635617
0.17579579062647965,0.18601179073688015,0.010216000110400497
-0.4354332252720961,-0.4255982297044161,0.009834995567680027
-0.6210691325855228,-0.614017922262744,0.007051210322778778
0.9415255477775439,0.9190589986052438,0.022466549172300176
0.8595113567217982,0.8488373273205775,0.010674029401220753
-0.9385345054057584,-0.9214807873353366,0.017053718070421886
0.960579652019158,0.9498370334751202,0.010742618544037796
0.6072312834159905,0.6007099562731122,0.0065213271428783415
0.8583476124901089,0.8438594542833958,0.01448815820671312
0.8971159274334122,0.8754116204509201,0.02170430698249204
-0.8458954391769962,-0.8319263667678232,0.013969072409173
0.6860676335278472,0.6756090456284334,0.010458587899413785
-0.9455075959250556,-0.9303248718978225,0.015182724027233085
-0.6193538574977564,-0.6197858866080923,0.0004320291103359075
0.6549320909613127,0.6483334699268439,0.006598621034468732
-0.7453561842986944,-0.7233000746546957,0.022056109643998734
-0.2769727406599094,-0.25795582708421516,0.01901691357569424
-0.2915631812362398,-0.28743238324536385,0.004130797990875956
-0.9326907940796832,-0.9187723359674093,0.01391845811227399
0.4561581786357407,0.4383834740294592,0.0177747046062815
0.7708996667564525,0.772019087387414,0.0011194206309614874
0.4735635178361277,0.47627538577427536,0.0027118679381476496
0.755369590719848,0.7496174811028173,0.005752109617030654
-0.9079288076250145,-0.8893205138444699,0.018608293780544627
0.1402373735796802,0.12352579278715914,0.016711580792521052
-0.8916014447494088,-0.8771507507847323,0.014450693964676575
-0.38442463260904847,-0.3703080429302069,0.014116589678841551
-0.5737718210306384,-0.5682160933719687,0.00555572765866974
-0.21229583623217993,-0.19899234220635995,0.013303494025819984
-0.3154175945777142,-0.3229749431859782,0.007557348608264014
0.24078618910035135,0.25143095372025176,0.01064476461990041
-0.8947502647166445,-0.8854805446459231,0.009269720070721466
0.7083627789046648,0.6882511344355207,0.020111644469144152
0.27528094096322814,0.2628427051671395,0.01243823579608866
0.9362546733573992,0.9175995754886485,0.018655097868750747
0.9225422403126237,0.9019309343476453,0.0206113059649784
0.5117671842631015,0.501526648266172,0.010240535996929534
0.9252004279282879,0.9143938514212829,0.010806576507005006
-0.8575713208497102,-0.837075326451813,0.020495994397897177
-0.5475886835497685,-0.5430805626005817,0.004508120949186845
-0.5912539845897831,-0.5797480081188502,0.011505976470932877
0.24571508629532163,0.2514492886092183,0.0057342023138966525
0.7348819095719281,0.7190166436206737,0.01586526595125437
0.2847314288326932,0.2964010533605491,0.011669624527855915
0.10344164647258071,0.10791733940602889,0.004475692933448183
0.3705667265974759,0.37631859407045265,0.005751867472976735
-0.2526745728450486,-0.2445639335630648,0.008110639281983772
0.5236701308784463,0.5291985965946575,0.005528465716211239
-0.8846942194125008,-0.8703519826249082,0.01434223678759261
-0.5696136729726453,-0.558495113091836,0.011118559880809342
0.11562681660955934,0.10618059956625098,0.009446217043308364
-0.829839820914359,-0.8183460165252031,0.011493804389155926
-0.22507260866251813,-0.2064359883857618,0.018636620276756333
0.3524820368669167,0.3417598341269289,0.010722202739987807
-0.8944266412125016,-0.8799555180462417,0.01447112316625987
-0.8294261652936202,-0.8174843040441596,0.011941861249460617
-0.5752110472373857,-0.5732363319896986,0.001974715247687109
0.8519164051954343,0.8361372760209963,0.015779129174438022
0.7772402949049951,0.764646972450009,0.012593322454986122
-0.793017177069493,-0.775769154788627,0.017248022280866082
-0.9480744821503786,-0.9313793451815411,0.01669513696883751
0.8178029664882083,0.7964134956038584,0.021389470884349837
0.8219900281224392,0.8061443768236887,0.015845651298750485
0.4313307856580751,0.4210852125176935,0.010245573140381603
0.12495700420272958,0.1346292136795522,0.00967220947682261
0.8792869689026818,0.8607455823212501,0.018541386581431674
-0.5280461298482362,-0.5088690785326251,0.019177051315611093
-0.8649691469129931,-0.8472173716560123,0.017751775256980795
0.8774448491802904,0.865766821165685,0.01167802801460538
-0.12916576421736414,-0.13449455938520855,0.005328795167844402
0.484128506283678,0.4758874588744266,0.008241047409251356
-0.6000796780837774,-0.587110327106169,0.01296935097760843
0.3953921278008478,0.38937447293648436,0.006017654864363453
-0.2621622351876149,-0.2492240426719055,0.012938192515709379
0.7990621926045955,0.77643733254346,0.02262486006113551
-0.3007624467270352,-0.3070835263116242,0.0063210795845889955
0.17767251861979583,0.18762957925878473,0.009957060638988907
-0.9486955489194414,-0.9271828651826451,0.021512683736796268
-0.20421711595393222,-0.22070675207179194,0.016489636117859724
-0.8127156912396843,-0.7894939548737417,0.023221736365942602
-0.9178250120329504,-0.8960081124097201,0.0218168996232303
0.9577328312354743,0.9449873895909725,0.012745441644501754
-0.8492903064182036,-0.844198668847272,0.005091637570931562
0.8782937950500374,0.857832371490917,0.020461423559120395
-0.8843353216273188,-0.8778299587982576,0.006505362829061112
-0.2242670818695597,-0.220703155464513,0.0035639264050467134
0.2330335634996565,0.21814554153899904,0.014888021960657472
0.4804384065281538,0.46586218775124355,0.014576218776910232
0.8335478738616623,0.823362104814353,0.010185769047309279
0.9014342615368758,0.8889368570617056,0.012497404475170226
0.9155818822253414,0.9009680576461071,0.014613824579234325
0.4309892746854006,0.4247794946238287,0.006209780061571912
-0.23934002696746032,-0.22225404324864842,0.017085983718811898
-0.893202606444339,-0.8808180525778467,0.012384553866492287
-0.9072545929404615,-0.8835964979428592,0.023658094997602297
0.0007406294621902213,-0.006329513688320555,0.007070143150510777
-0.6987401680413926,-0.689126218037558,0.009613950003834582
0.6515298580174669,0.6383664439025186,0.013163414114948258
-0.07175852654384225,-0.08106292464923667,0.00930439810539442
0.6762148836402038,0.6645322741643014,0.011682609475902384
0.9304569184246174,0.9120359962090642,0.018420922215553248
0.4373502132945656,0.43039204348696747,0.0069581698075981135
-0.1982016679782877,-0.2023936898761085,0.004192021897820808
0.5715972733857603,0.5621612255897247,0.009436047796035574
0.32254334030246584,0.31459071869384314,0.0079526216086227
0.02699153794586389,0.028244460392410388,0.0012529224465464978
0.3710962051629493,0.36314873605941117,0.007947469103538107
0.8867533650777765,0.8704614469791623,0.01629191809861419
-0.59690267128013,-0.5856121363549776,0.011290534925152418
0.7814346441843588,0.7704091442557239,0.011025499928634885
0.1345887251140614,0.1254798341499576,0.009108890964103805
-0.751471066227919,-0.7365923605801251,0.014878705647793922
0.6080684985402042,0.6037826915712566,0.004285806968947536
-0.4133028335322906,-0.4014253637282486,0.011877469804041974
-0.18337092996214588,-0.1686676764739082,0.014703253488237672
-0.9382055939568663,-0.922688982395776,0.015516611561090299
-0.7950509506679023,-0.7869536893840827,0.008097261283819601
-0.7968430594416057,-0.7800094652137685,0.016833594227837256
-0.15843047235106997,-0.14159172966865705,0.01683874268241292
-0.02511532218681089,-0.025200134212247784,8.481202543689573e-05
-0.9532895800988254,-0.9395755627262914,0.013714017372533971
0.9337232118822105,0.9103044602455476,0.02341875163666296
-0.5316755025872271,-0.5282473645225132,0.0034281380647138704
0.301840704235426,0.2943010133844687,0.007539690850957348
0.4453691733978359,0.44139497150382,0.003974201894015872
-0.07031242185763467,-0.07655310587703884,0.006240684019404169
0.7200366854292143,0.7119158589609773,0.008120826468236975
-0.6661283564697117,-0.6639851688524219,0.002143187617289821
-0.896516256307763,-0.8847577217621795,0.01175853454558351
0.06978853390809464,0.07412335130753635,0.004334817399441707
-0.8956160359848748,-0.8834515937515837,0.012164442233291162
-0.9413002793282575,-0.918316520330955,0.02298375899730254
-0.7217947681507226,-0.7072808338638061,0.014513934286916497
-0.4323996107944098,-0.42653070931432785,0.005868901480081956
0.9117256455277903,0.8919112814692501,0.0198143640585402
-0.7691737027699391,-0.7620013169171914,0.007172385852747709
0.7138724982370188,0.7003194689918416,0.013553029245177206
0.04615829700803302,0.04674002216641824,0.0005817251583852198
0.701368286394303,0.6863191864329614,0.015049099961341628
0.23947338050385555,0.22354284236539465,0.015930538138460903
0.9415604809573872,0.9306160607772581,0.010944420180129089
-0.8528332663446907,-0.8412293509946974,0.011603915349993277
-0.5790588260351878,-0.5797727597742762,0.000713933739088457
-0.3657221788308254,-0.36979508857451004,0.004072909743684627
0.04801245035934779,0.05213116385222392,0.004118713492876125
0.9410273408322234,0.9293681484280539,0.01165919240416946
-0.48102216267765946,-0.4779480432995634,0.0030741193780960407
-0.8847426362833659,-0.8713605480305086,0.01338208825285736
-0.830115091114857,-0.8175284105047158,0.012586680610141232
-0.7271279113935867,-0.7080467692885684,0.019081142105018323
-0.7579299199775341,-0.752458286267873,0.005471633709661083
0.38132983254734026,0.3936749799288221,0.012345147381481847
0.5879861865320142,0.5882575867119113,0.00027140017989712995
-0.8736514680720994,-0.856662889892803,0.016988578179296332
-0.3196149300036404,-0.31923526738410163,0.00037966261953875646
0.874092374874319,0.8660973880695424,0.007994986804776616
-0.02018781511875033,-0.01868111927778514,0.0015066958409651887
-0.4708137462262677,-0.4662050958778759,0.004608650348391807
0.8577440235812113,0.8495622466154183,0.00818177696579292
0.4503583900260783,0.44707030333248976,0.0032880866935885433
0.45245781489567916,0.4360241351733022,0.01643367972237697
-0.4960048901858518,-0.49716630772778997,0.001161417541938159
-0.4887833818401716,-0.49680499714732385,0.00802161530715223
0.9108495801560632,0.8949678956341945,0.015881684521868666
0.05546093517958886,0.036477767854133654,0.018983167325455207
-0.7665338231750554,-0.7560992942959041,0.010434528879151306
0.8236969266486199,0.8144039009347164,0.009293025713903558
-0.9354430811412355,-0.9131708286214738,0.022272252519761726
0.8757932346032348,0.8609024198851475,0.014890814718087286
0.9626712495064216,0.9463631198883667,0.016308129618054834
-0.9458125045781801,-0.9359170798690859,0.009895424709094214
-0.4596942137388769,-0.4489351666377736,0.010759047101103314
-0.7946757774947633,-0.783175865035994,0.011499912458769246
-0.909005673019308,-0.8904261070609639,0.01857956595834409
0.7624691532886924,0.7419076779096182,0.020561475379074157
-0.41764148361025555,-0.4013537538843134,0.01628772972594217
-0.37460491969999454,-0.367691619123414,0.006913300576580517
0.26065836857313357,0.26619402861312746,0.005535660039993895
-0.8443275183867642,-0.8288083594209583,0.015519158965805913
0.8467742544567226,0.8251554394714185,0.021618814985304158
0.038139056596393495,0.030453653842916963,0.007685402753476532
-0.802418867397945,-0.7974617091660239,0.0049571582319211105
-0.8442321739274974,-0.8297996956545777,0.014432478272919713
-0.6449750683097725,-0.6279109638932124,0.017064104416560033
-0.7790179635882022,-0.7571438389939067,0.021874124594295496
-0.9456642037847489,-0.9344425391294786,0.011221664655270303
0.9044033120837397,0.8895098103091765,0.014893501774563167
0.3668551579633911,0.34790836155681437,0.018946796406576705
-0.2913930740483004,-0.28008436582184953,0.011308708226450859
-0.10879515415440377,-0.09197143025120588,0.01682372390319789
-0.904298186913042,-0.8868847872327389,0.017413399680303088
0.5726845118268314,0.5556343535557566,0.01705015827107481
-0.4009426992212976,-0.396505209900099,0.004437489321198584
0.9041472068103747,0.8946099563324758,0.009537250477898995
-0.4408710155620658,-0.43183546243227877,0.009035553129787044
-0.6968511481335015,-0.6804787303962732,0.016372417737228306
-0.9041993271929255,-0.8881810103305108,0.016018316862414728
0.4108212733234121,0.40200036313312865,0.00882091019028347
0.5805819335361786,0.5721319249121949,0.008450008623983707
0.9179898343364549,0.9045377014450358,0.01345213289141911
-0.6866639343590872,-0.6678632089077519,0.018800725451335376
0.8788602351723798,0.8726488529538179,0.006211382218561878
0.29110881198997085,0.29382971831358806,0.0027209063236172115
-0.2655423258898598,-0.25735851921808384,0.008183806671775984
-0.4567436020441831,-0.446212046526992,0.010531555517191094
-0.7663821221718891,-0.7610347266820593,0.005347395489829765
0.10329909856686205,0.10521251043850907,0.0019134118716470222
-0.7687348304301792,-0.7563049298257071,0.012429900604472133
0.4897104448820002,0.49912358312956356,0.009413138247563346
0.7571409599785098,0.7425491137804464,0.014591846198063418
-0.30498714246169617,-0.29997903298526235,0.00500810947643382
0.8421139971632826,0.827102701042493,0.015011296120789663
-0.9424417895218384,-0.9249142958265243,0.017527493695314145
0.07256612802254937,0.07085135753658207,0.0017147704859672985
-0.9415340579829279,-0.9262205579764184,0.01531350000650944
0.533795622017242,0.5299495276276678,0.003846094389574173
0.9384325470273133,0.9212129674366688,0.017219579590644463
-0.3310061743098948,-0.32803398625638425,0.0029721880535105716
-0.9698214442501842,-0.9531227755610401,0.016698668689144158
0.6926646603337283,0.6756640047817286,0.0170006555519997
-0.51061288328009,-0.5115092179660659,0.0008963346859758303
0.7290553017366744,0.7087073271099218,0.02034797462675264
-0.32443598041240745,-0.3132821388474267,0.011153841564980727
0.6233642954822198,0.6107130457798856,0.012651249702334222
-0.2844656263629719,-0.29435214386074615,0.00988651749777425
-0.9563772606710936,-0.9383552313711566,0.018022029299937015
0.9411753847332291,0.9222504944313525,0.018924890301876607
0.7315757278383053,0.7091492749213663,0.02242645291693901
0.239379592845123,0.22448629257136601,0.014893300273756988
0.1707972972373374,0.18007724417980886,0.009279946942471473
0.9520422767303505,0.9390378850559866,0.013004391674363847
-0.2500869586871896,-0.2532352643012674,0.0031483056140778065
0.9597888002537396,0.9421321074170904,0.017656692836649168
-0.6836633908194855,-0.6793791140864613,0.004284276733024117
-0.653006340454835,-0.6371515412580956,0.015854799196739378
-0.05563877456372214,-0.039443472649171696,0.016195301914550445
0.8435879486787025,0.8285486546771981,0.015039294001504389
0.885295941113355,0.8724303266090184,0.012865614504336542
0.9100185651876377,0.9013949213873236,0.008623643800314107
-0.23400933302371635,-0.22160607275454086,0.012403260269175487
-0.9168799643523229,-0.9019713512288127,0.014908613123510217
0.9197966359064375,0.9022028635493761,0.017593772357061388
-0.37827359540280714,-0.37951538879979113,0.0012417933969839923
-0.9313396658300899,-0.9159993350753843,0.015340330754705533
0.5493335137163015,0.5361906960985178,0.013142817617783686
0.9325522177181259,0.9157119565550901,0.01684026116303583
-0.22526426225468818,-0.2197628001450718,0.005501462109616384
0.31178244457750154,0.3104992458234753,0.0012831987540262157
0.8243694775811846,0.8183749187118038,0.005994558869380828
0.7108415734215678,0.7100701221721019,0.000771451249465982
0.9073441825479259,0.8870316950720989,0.020312487475827035
0.8344649746105068,0.8202430612442075,0.0142219133662993
-0.0025291497882731734,0.007157406959724965,0.009686556747998138
-0.9511166916730555,-0.940409949411852,0.010706742261203495
0.9378051184603994,0.9163087616845196,0.0214963567758798
-0.5153640647704064,-0.5201367637684672,0.004772698998060765
-0.6038844567524353,-0.5991742203777537,0.004710236374681598
-0.8670872157937694,-0.8488522263382536,0.018234989455515715
-0.24114123376304142,-0.2461519886361947,0.005010754873153278
0.9399053927125269,0.9157905094411959,0.024114883271331045
-0.2293198796993826,-0.22721698114327035,0.0021028985561122593
-0.1562885220101553,-0.15548962157378915,0.0007989004363661567
0.20042739612629848,0.19010585387917883,0.010321542247119647
0.8647439000851183,0.849585469274914,0.015158430810204293
0.4108878363455583,0.39882796431589485,0.012059872029663465
-0.4017492049138911,-0.3993108574859522,0.002438347427938914
0.6774346895840733,0.6510830107837975,0.02635167880027578
-0.7439039424877701,-0.7370342160835558,0.006869726404214349
0.509812534404937,0.49441323291951805,0.01539930148541896
0.9371370894980556,0.9260437507894564,0.011093338708599187
0.8041802152414208,0.7859508412243412,0.01822937401707958
0.8869047276175548,0.8747771778773574,0.012127549740197363
0.09268212822605801,0.09799238375176425,0.005310255525706242
0.18408340229511666,0.18333006396826862,0.0007533383268480409
-0.8085537245197182,-0.8009346463695963,0.007619078150121861
-0.8760466159283129,-0.8698265903463961,0.00622002558191681
0.835237158275175,0.8299882368527728,0.005248921422402186
-0.1859764073219224,-0.1722125523673351,0.01376385495458729
0.8374572121204082,0.8308354913451472,0.00662172077526102
-0.9702675606604271,-0.9547130546899718,0.015554505970455268
0.8421050605911833,0.8371588553093902,0.004946205281793126
-0.9383744406216965,-0.9180953089772843,0.020279131644412196
0.6402705276655563,0.6209304434307351,0.019340084234821142
-0.028533653094033284,-0.0359339310955703,0.007400278001537013
0.14315389650733,0.14211126765814933,0.0010426288491806601
-0.7987149397315189,-0.7841698920014052,0.01454504773011367
-0.7275834338411371,-0.7185627674372037,0.009020666403933397
0.9268396683311115,0.9093387507303619,0.017500917600749677
0.9235350439712658,0.9083883670023333,0.015146676968932571
0.7969855710564947,0.7795646757691451,0.01742089528734958
0.8233321528919588,0.8060892432647853,0.017242909627173564
-0.33954013792970567,-0.3258459721432395,0.01369416578646615
0.9166495434176347,0.9029029723608718,0.013746571056762913
0.5866146547290824,0.5757143794446679,0.010900275284414507
-0.3153841538632784,-0.30154959282186394,0.01383456104141445
0.679982517433819,0.6579990446984624,0.021983472735356613
-0.14436836932512295,-0.15508277484094263,0.010714405515819675
-0.8652484415840218,-0.8605475527247793,0.004700888859242469
0.19988793688742887,0.19759099663078242,0.0022969402566464514
0.8476942033321426,0.8286446603959466,0.019049542936195984
0.4533465696273199,0.4373951227841193,0.0159514468432006
0.0747395173467586,0.07674823069555939,0.002008713348800789
-0.5408944275237777,-0.5267640061412378,0.014130421382539948
0.36676827277643015,0.3627238781678596,0.004044394608570534
-0.0888722639773783,-0.0773503610700829,0.011521902907295392
-0.5633835195871778,-0.5595831037947147,0.003800415792463152
0.5595423238020112,0.542492166479292,0.017050157322719195
0.9317079254490568,0.9191456878805275,0.012562237568529255
-0.9321627642062036,-0.9171637826738254,0.01499898153237822
0.25168993883017116,0.24968103001652292,0.002008908813648236
0.7720334688860578,0.7676567970156543,0.004376671870403581
-0.46256059947485906,-0.4508661264172596,0.011694473057599464
-0.34374602192596354,-0.3445917412118423,0.0008457192858787321
0.7917147336837148,0.7807679759690747,0.010946757714640154
0.9194960087619426,0.9098515167076631,0.00964449205427953
0.9513064008611509,0.9321750185817268,0.019131382279424125
-0.10367734440097219,-0.0930544377531876,0.010622906647784591
-0.8394794213783047,-0.8204224221207662,0.019056999257538454
0.7174196330482199,0.7023271991945691,0.015092433853650777
-0.21993960529601414,-0.20141081155103205,0.01852879374498209
-0.7158069579765288,-0.7118438897294563,0.003963068247072488
0.18400082563503636,0.18314991456215984,0.0008509110728765201
-0.9061488273086195,-0.8920420409860763,0.014106786322543141
0.3875013200638761,0.37022122740614194,0.01728009265773417
-0.5828568033399939,-0.5708130967915216,0.01204370654847231
0.8729683228933244,0.8609179917400663,0.012050331153258043
0.8340113069139411,0.818589342569259,0.015421964344682126
-0.6336173022591106,-0.6220112743353614,0.011606027923749207
0.946495664288886,0.9311379734371319,0.015357690851754091
0.9219955887028841,0.9027791397821315,0.019216448920752582
-0.8328076226802023,-0.8144139282628746,0.018393694417327633
-0.9520610663485713,-0.9343771243478127,0.017683942000758623
-0.7536751870060463,-0.7337699962703187,0.019905190735727607
-0.7732876658736622,-0.7571483998224154,0.016139266051246715
-0.43712107700109126,-0.4410080912014784,0.0038870142003871178
0.9493808522624188,0.9337648437130495,0.015616008549369287
0.0330202452308593,0.023523844320535184,0.009496400910324117
0.7335570048795936,0.7113830870159934,0.022173917863600234
-0.4921299439257012,-0.48764021626544024,0.004489727660260956
-0.7647052995224747,-0.7428540626070617,0.02185123691541302
-0.23829539593372723,-0.2392595379436628,0.0009641420099355813
0.6652997545323451,0.664317402601312,0.000982351931033132
-0.9056299197877162,-0.8915411128146375,0.014088806973078682
0.5473507009738906,0.5388368447579711,0.00851385621591949
0.6643999853805278,0.6555812360018499,0.008818749378677881
-0.3746136237519513,-0.3687778761543481,0.005835747597603191
0.06636410334918903,0.04747211269010536,0.018891990659083674
0.9336207934639096,0.9212245254125955,0.012396268051314108
0.9381912542693541,0.9272183867508715,0.010972867518482587
-0.6473374614883282,-0.6282903386792958,0.019047122809032313
0.9192643480416938,0.904097380308264,0.015166967733429737
0.5605729260580087,0.5424853195664261,0.018087606491582586
-0.7867683798222888,-0.7644042683179902,0.02236411150429851
0.6284962287045576,0.6068190229386623,0.02167720576589527
-0.6925160608129926,-0.6816727049735348,0.010843355839457725
-0.5019371443054655,-0.4849694739367883,0.016967670368677246
-0.8543154544745921,-0.8328680498049342,0.021447404669657888
0.8522677791887963,0.8376169804568884,0.014650798731907888
0.7565668147786468,0.7440943298402823,0.012472484938364503
-0.8416300642697244,-0.8298226864398724,0.011807377829851973
-0.6691953839597667,-0.6658619706830254,0.003333413276741304
0.36915812475330506,0.3793972267750182,0.010239102021713131
-0.9177432157152722,-0.9013043154854664,0.016438900229805764
-0.7287298340992132,-0.7242385880350126,0.004491246064200594
0.6691939384839716,0.6518827300728702,0.017311208411101342
0.8370290490699916,0.8226112353668751,0.014417813703116567
-0.19557413778373614,-0.19409149052191868,0.0014826472618174602
-0.760255643063705,-0.7391531084129166,0.021102534650788374
-0.3786771219081435,-0.3616653295389378,0.01701179236920569
-0.8771378868446715,-0.8533319118255884,0.023805975019083103
-0.7941628978212282,-0.7755615807874041,0.01860131703382406
0.34409826838137647,0.3452162390352158,0.0011179706538393397
0.8845685870882805,0.877063763431245,0.00750482365703542
-0.3949371918240989,-0.3966944135186096,0.0017572216945107022
0.7245334424420242,0.7217074144001131,0.0028260280419111217
-0.3074766934893965,-0.3158079540283208,0.008331260538924301
-0.6506434188251492,-0.64337880805617,0.007264610768979218
0.9284658218553086,0.9095762642648433,0.01888955759046529
-0.3665204748668086,-0.35889643573836894,0.007624039128439675
-0.9492462335929361,-0.9337504638823143,0.015495769710621832
-0.8695112015703008,-0.8533264319551788,0.016184769615122052
-0.7918480223027776,-0.784715101930858,0.007132920371919593
-0.8869517511728713,-0.8751662658628604,0.01178548531001089
0.10749866101807663,0.10120872134144691,0.006289939676629719
0.8688770981894522,0.8462560274165423,0.02262107077290998
-0.41881291098900686,-0.4261113113695145,0.007298400380507664
0.8439731970796363,0.8276746031520477,0.01629859392758859
-0.14548697158890198,-0.1283483104840638,0.017138661104838165
0.29829134111522554,0.2816392475354521,0.01665209357977343
0.9423945874857124,0.927589805548866,0.014804781936846312
-0.8178837464483029,-0.8042105488171996,0.013673197631103307
0.11862897010529405,0.10419748933443437,0.014431480770859678
-0.7590590871968478,-0.7454116722252786,0.013647414971569183
0.8939468272475856,0.8856991037499261,0.008247723497659454
0.8474470056628797,0.8407591598891209,0.006687845773758805
-0.08342914818896231,-0.09353831321175811,0.010109165022795796
0.7731895045051922,0.7532230693620428,0.01996643514314944
0.738941112991659,0.7233007968543089,0.015640316137350063
0.9098340656538402,0.8921125387323612,0.01772152692147899
-0.641778540680955,-0.6208524486246422,0.020926092056312795
-0.9380069964314139,-0.9274047094098403,0.01060228702157362
0.31805331313773405,0.30868355197926217,0.009369761158471879
-0.40922363810749046,-0.3967879637498479,0.012435674357642534
-0.9048363906157756,-0.8959085383939319,0.008927852221843668
-0.7890185187605377,-0.7752474394688643,0.013771079291673427
0.0016592070514829449,0.0013090389958552166,0.0003501680556277282
-0.945250415202539,-0.9216630542257387,0.023587360976800364
-0.5547109113680561,-0.5529956524850743,0.0017152588829817406
0.8659125086834699,0.8398710290844177,0.02604147959905223
0.8769522209761423,0.8660704148412648,0.010881806134877547
-0.8194680563122196,-0.804886428981748,0.014581627330471636
-0.366212100206449,-0.37956816339603067,0.013356063189581657
0.842022662390774,0.8283191465581446,0.013703515832629298
0.9262766645171401,0.9036734902913431,0.02260317422579694
0.8677883078434722,0.8571394147284271,0.010648893115045022
0.9534698562227659,0.9319086667285326,0.021561189494233357
-0.4618616692406015,-0.4726057747184679,0.010744105477866361
-0.8724023388113852,-0.8558798051806975,0.016522533630687675
-0.24670412050096732,-0.2449570841643693,0.0017470363365980346
-0.3583736325069739,-0.3524911704405444,0.005882462066429506
0.5694052520162948,0.567062573356945,0.002342678659349784
-0.05458067787687885,-0.037359729531276316,0.017220948345602533
0.9590828422752788,0.9378574021361314,0.0212254401391474
-0.05887922031304688,-0.061262289400308326,0.0023830690872614427
0.46918732559309173,0.47395946870322553,0.0047721431101337974
0.7853721455329009,0.7808043266185599,0.004567818914340993
0.455886228713528,0.43853905128522525,0.017347177428302774
0.11848266021737018,0.10792783808872497,0.010554822128645211
-0.3729434783196718,-0.3738542728226491,0.000910794502977319
0.7649310243425835,0.7447625546925493,0.02016846965003427
0.6385261472128388,0.6312882199349293,0.007237927277909506
-0.9142032770007917,-0.8919753579651941,0.02222791903559762
-0.7488378385725123,-0.7305828824517772,0.018254956120735133
0.7716337655475092,0.7499256070588098,0.021708158488699336
0.10949396070550149,0.09695876137548372,0.012535199330017774
-0.9448931065878127,-0.929671308828388,0.015221797759424671
0.9066549758114459,0.8932212211013205,0.013433754710125423
-0.8503309139421662,-0.8292048423569498,0.0211260715852164
-0.6311298921357437,-0.6301519715076371,0.0009779206281065322
0.7664496590083497,0.7558719528992816,0.010577706109068163
-0.13584022437038884,-0.1451639921982074,0.009323767827818547
0.680502929466185,0.6779986510595425,0.0025042784066424684
0.40804636249758663,0.3936177647511594,0.01442859774642724
0.9287172968056363,0.915011588458775,0.013705708346861356
0.9468092608879567,0.9262401420986196,0.020569118789337093
-0.19156395880335308,-0.1770485576402592,0.014515401163093883
0.0670534435887577,0.05801639883439816,0.009037044754359541
0.8591251985865737,0.8423607616092181,0.016764436977355524
0.9471728928115414,0.9240959033773157,0.023076989434225648
-0.5857512443088277,-0.5917132566710963,0.005962012362268565
-0.7531189263889857,-0.733668155707895,0.01945077068109069
0.8386624218149917,0.8314017322948811,0.007260689520110608
-0.9277266594761118,-0.9090503711523693,0.018676288323742463
0.6041197098731645,0.5965246158820057,0.007595093991158874
0.934913280846417,0.9215061468724014,0.013407133974015606
0.8609811081667987,0.8489357784098498,0.012045329756948941
0.7079330232187868,0.7025161638085552,0.0054168594102316225
0.4915248492779708,0.4829985300347649,0.008526319243205904
0.9524310634957931,0.9359951316991221,0.01643593179667102
0.12427215083691479,0.13315629181223515,0.008884140975320365
0.20002261931543988,0.20839036798744193,0.008367748672002046
-0.4212401911525659,-0.41332120589323806,0.007918985259327826
-0.5784166503164131,-0.5631724153719555,0.01524423494445759
-0.8985732610633342,-0.8860525103537833,0.012520750709550943
-0.8446049737429648,-0.837612353282338,0.006992620460626875
0.89660969203705,0.8765636677563672,0.020046024280682806
-0.8057772306003048,-0.7989327682062614,0.00684446239404346
-0.7470588834226125,-0.7335067025488626,0.013552180873749875
-0.4267078442322481,-0.40918578651474125,0.017522057717506867
0.6490604816341096,0.6380785565343529,0.010981925099756706
0.19560129706782214,0.20010926693458048,0.004507969866758332
-0.9233412997961329,-0.9072542325080336,0.016087067288099277
0.8531678314516618,0.8337522845165043,0.019415546935157457
-0.527706193887084,-0.5114364986470873,0.016269695239996662
0.09157454720885783,0.09894779804061261,0.007373250831754788
-0.6240903648312691,-0.6165101089986506,0.007580255832618565
-0.3584346253949843,-0.3725279861495003,0.014093360754516004
0.07428732523400226,0.07916498334383783,0.004877658109835564
-0.9154436530125643,-0.9021625590249177,0.013281093987646542
0.4599600149174392,0.45161432395276113,0.008345690964678076
-0.20988528809970575,-0.2012806131265778,0.008604674973127946
-0.7593402901981511,-0.7505108835400773,0.008829406658073746
0.9145203230784301,0.8993780409928,0.015142282085630066
-0.3550572718322941,-0.34015410847564537,0.014903163356648708
0.42888192757856275,0.41483363689082525,0.014048290687737497
-0.9406608806078257,-0.924008139596795,0.01665274101103076
0.7386469176440187,0.7246862387534924,0.013960678890526323
-0.7235576524131602,-0.7165921224139125,0.0069655299992477104
0.8856958356546596,0.8725964435275685,0.013099392127091103
-0.23158015492348544,-0.22646877201595256,0.00511138290753288
0.726656891424187,0.7287392710072196,0.0020823795830325897
-0.8932672896934011,-0.8776506600232385,0.01561662967016253
0.5968496624575752,0.5863621088482895,0.01048755360928566
-0.7710389558209491,-0.7578328194193179,0.013206136401631152
0.9434141185964515,0.9230129253047922,0.020401193291659347
0.849621410901458,0.826377511474217,0.023243899427241033
-0.1721703318230527,-0.16205627982106066,0.01011405200199203
0.43703650446173475,0.4189277177858109,0.01810878667592386
0.8406696242044223,0.8245795979883332,0.016090026216089015
-0.40810940720883776,-0.3983999634094561,0.009709443799381656
-0.7430570707387413,-0.7215115942064154,0.021545476532325858
-0.9285331816447068,-0.9109021079999738,0.01763107364473293
0.4744643757472001,0.4752573635799824,0.0007929878327823103
0.8913849335911276,0.8748697857459397,0.016515147845187927
0.18268568527944162,0.18703123344549752,0.004345548166055896
0.4585213782763192,0.44158161272987073,0.016939765546448493
-0.6482880008157018,-0.6402465310126476,0.008041469803054202
-0.49511263952664936,-0.48807262280715963,0.007040016719489728
0.06734639883579924,0.07711996854467712,0.009773569708877883
0.92187545398244,0.9115452176420181,0.01033023634042185
-0.17470271996875356,-0.16235903580987293,0.012343684158880625
0.43194006550169556,0.4246330717575609,0.007306993744134682
0.7456519719270299,0.7375974348822408,0.00805453704478909
0.8565118275604438,0.8390702286821187,0.017441598878325082
-0.9315014089969172,-0.9161398192309246,0.015361589765992667
0.23352534364520186,0.22329206548987812,0.010233278155323738
-0.8251237735645174,-0.8009494564605896,0.02417431710392781
0.05551702243991018,0.06735599645697939,0.01183897401706921
-0.9318768015552836,-0.9148391115404431,0.017037690014840567
0.939330160919286,0.9283876786538793,0.010942482265406728
0.27104863591317974,0.2573963515781648,0.01365228433501492
0.7551769083323634,0.7404817533793022,0.014695154953061174
-0.6354851563885437,-0.630619039862232,0.004866116526311748
0.7055092095418455,0.6987158395714795,0.006793369970365948
0.5005213689892188,0.4949999146373213,0.005521454351897548
-0.9323959444141139,-0.9171856264325124,0.01521031798160144
-0.8792916592966749,-0.8662697470489801,0.013021912247694778
-0.14492172089066507,-0.13292028468024392,0.012001436210421157
-0.9516835085191041,-0.9317859249111331,0.019897583607971003
0.06894448386642393,0.0837316845254588,0.014787200659034869
-0.9384242201365526,-0.9270624465686887,0.011361773567863831
-0.9385059726779172,-0.9197108601736842,0.018795112504233047
-0.9574991980711539,-0.9475131879332932,0.009986010137860712
0.734816080757006,0.7220263637532958,0.012789717003710233
-0.9543943721219552,-0.9361819420293718,0.018212430092583443
0.8928468943490717,0.8745900651874422,0.018256829161629518
0.9031057465392318,0.8865286098429538,0.016577136696278028
-0.28291246685140864,-0.2938876758757275,0.010975209024318866
0.6134881420877312,0.6026613584778706,0.010826783609860557
-0.6725348334184741,-0.6574914597159053,0.015043373702568807
-0.5331934898122985,-0.5134928560188085,0.019700633793490074
0.48912015241797646,0.4840755348837077,0.005044617534268769
-0.5403805788848143,-0.5234696287702265,0.016910950114587764
0.3575376128233113,0.3404063603741731,0.017131252449138212
0.240820393711359,0.24096995096275253,0.00014955725139353948
0.21185274558894712,0.21355052259451449,0.0016977770055673636
0.16405089909140122,0.15274916775082914,0.01130173134057208
0.5381479624149647,0.5378051530436248,0.00034280937133990275
0.7538082921306387,0.7404836654897855,0.01332462664085321
-0.07432399463152174,-0.0721311704795179,0.002192824152003836
0.917437532057783,0.9005659397810565,0.01687159227672652
-0.4491899072624196,-0.45138830399605084,0.002198396733631258
-0.49284406971003486,-0.4806680266418719,0.012176043068162945
0.9196677670362124,0.9062679964809245,0.01339977055528796
-0.6553619808554461,-0.6349477638644371,0.020414216991008982
0.16124502857650602,0.17314994049140184,0.011904911914895816
0.8762151734094642,0.8675422524848846,0.008672920924579608
-0.5290682831484018,-0.5143496479480005,0.014718635200401287
-0.6381014044992324,-0.6244238981615005,0.013677506337731904
0.5960929322065582,0.5967288411083228,0.0006359089017645703
0.6945976112805602,0.677208777554137,0.017388833726423192
-0.28599844637697247,-0.2691249407928106,0.016873505584161896
-0.9280966190030835,-0.9076528339643763,0.02044378503870714
-0.7032230417554929,-0.6859559469181319,0.017267094837360997
-0.3576692157564563,-0.350530401488632,0.007138814267824312
-0.21527202985457283,-0.22433470697768235,0.009062677123109514
-0.9463155331877459,-0.9291289606735145,0.01718657251423139
-0.9408911847808008,-0.9222836231641457,0.01860756161665511
0.6965810491680562,0.6795008515351849,0.017080197632871275
-0.035724178528791235,-0.025311687979410497,0.010412490549380739
0.7781701337952799,0.7730365965926101,0.005133537202669736
0.8022948662386444,0.7951741007443202,0.007120765494324277
-0.8905637794271124,-0.8707193146438922,0.019844464783220217
0.8717116859233336,0.8590249746366101,0.012686711286723495
0.3351661948733082,0.33453109915860496,0.0006350957147032155
-0.42480971088807634,-0.4070632984949191,0.017746412393157218
-0.6553119471516659,-0.6432047921754602,0.012107154976205625
-0.3032534267830335,-0.3034983704458394,0.0002449436628058632
0.7341799201172097,0.7152917454644458,0.018888174652763823
0.13366213019233095,0.13427904234393556,0.000616912151604615
-0.6898722859674512,-0.6877908437350178,0.0020814422324334503
0.9399813202943702,0.92979980907579,0.010181511218580241
-0.8421947389483516,-0.82989364275979,0.012301096188561567
-0.47670422811577223,-0.46646348672663446,0.010240741389137775
-0.4705259556483705,-0.4681006413864042,0.0024253142619662937
-0.5746552872164573,-0.5646240581909228,0.01003122902553455
-0.670231798528208,-0.6618578130268697,0.008373985501338277
-0.6380593191416196,-0.6376980282222824,0.00036129091933723156
-0.5117797591111801,-0.495410582093735,0.016369177017445113
-0.7431236374850915,-0.7295574969043686,0.013566140580722919
-0.6763922055345502,-0.6639824562151675,0.012409749319382657
-0.4857452600253051,-0.48108912274702087,0.004656137278284234
0.6632083297620214,0.6468728694222289,0.016335460339792496
-0.952270614007385,-0.9328536918030558,0.019416922204329223
0.6213716684129268,0.6158435167908737,0.005528151622053112
0.5966012428782874,0.5843398487502274,0.012261394128060044
0.6550953651933396,0.6453192213064922,0.009776143886847333
-0.5352798126558621,-0.5188213053963693,0.016458507259492827
-0.8797732461172162,-0.8672363594258041,0.012536886691412064
0.9693182820406365,0.9523273841850218,0.016990897855614695
0.0628759981056476,0.05428143081643952,0.008594567289208085
0.6841798415010472,0.6639626028590209,0.02021723864202629
0.14489706345413694,0.14007648537149042,0.0048205780826465205
-0.09819893514513776,-0.08849134659134718,0.009707588553790586
-0.8454714793434004,-0.8313579580609811,0.014113521282419272
0.2577488049777544,0.23895226271910144,0.018796542258652932
-0.7190621989551781,-0.6945759568664202,0.024486242088757937
0.7016581957863799,0.6798799609938346,0.02177823479254526
0.3873645550850141,0.37442595934330486,0.012938595741709247
-0.8353993643926387,-0.8229587803684458,0.012440584024192902
0.14258136612112182,0.12239383161632979,0.020187534504792035
0.929909410043018,0.9126676018518479,0.01724180819117005
-0.035864243347081694,-0.029523496110353858,0.006340747236727836
0.5282342260094929,0.5121198383413834,0.016114387668109464
0.7728522909727005,0.7667733576780196,0.006078933294680899
0.6034151756683122,0.5992610804414805,0.004154095226831633
0.08070343135297939,0.06922710696925044,0.011476324383728947
0.9436643682971316,0.9320216061468495,0.011642762150282149
-0.7017171368940703,-0.6958719136316315,0.005845223262438859
0.9527009329885362,0.9392175761045105,0.013483356884025688
-0.9097137328370021,-0.893468217189272,0.016245515647730024
-0.11942257589476772,-0.12408826312440584,0.004665687229638116
0.667220047206745,0.649120466517048,0.01809958068969697
0.8112031940872222,0.7944035537900962,0.016799640297125995
-0.8189854596929279,-0.8037295755807574,0.015255884112170492
-0.5111854700334366,-0.5143134996934413,0.003128029660004694
-0.8645174669694817,-0.8570896215281135,0.007427845441368208
-0.948618497157692,-0.9329653851096752,0.015653112048016782
-0.053347577065146916,-0.06844160676278567,0.015094029697638754
-0.9117253939914076,-0.8939481138504546,0.017777280140953033
0.05365527934335615,0.04074008970687722,0.012915189636478933
0.7694371730803719,0.7577538043766272,0.011683368703744645
0.6352654971531719,0.6225159673516745,0.012749529801497461
0.9544188008733628,0.9380608367609327,0.01635796411243018
-0.7582990195455304,-0.7456954175602369,0.012603601985293422
-0.11323513645502002,-0.09654871432847756,0.016686422126542463
0.34129094992819975,0.33370387950420083,0.007587070423998921
0.18266293329664454,0.16767332585469938,0.014989607441945163
0.5709584903854679,0.5558908521961574,0.01506763818931045
-0.49884939723876554,-0.4831425516443877,0.01570684559437785
0.2932887618704464,0.2830680773368534,0.010220684533592983
0.43516768466284883,0.4346118525473323,0.0005558321155165191
0.4120728295926129,0.404212582666894,0.00786024692571885
0.222807733245629,0.20514027195249018,0.017667461293138814
-0.9131610578961281,-0.9057932121108756,0.007367845785252514
0.16623958126032687,0.17471178452106684,0.008472203260739969
0.9221017190089121,0.9055686285586034,0.016533090450308707
-0.22105877967323861,-0.20838563388780085,0.012673145785437767
0.6281936148685571,0.6130208339476751,0.015172780920881923
-0.9384239511022001,-0.9205532644713484,0.017870686630851673
-0.9025477044352245,-0.8842036357914725,0.018344068643751932
0.27344024709377307,0.2858552686255274,0.012415021531754333
0.8902679145139748,0.8774555099390327,0.012812404574942149
0.9462112840722988,0.9323609947813588,0.01385028929094001
0.7081919625799041,0.6871619412184944,0.021030021361409745
-0.6045823948613901,-0.600608984226539,0.003973410634851127
-0.9442879427036401,-0.9221394759939088,0.022148466709731363
0.7366423288111374,0.7221849910977346,0.014457337713402851
0.3069094836004888,0.30247450273007737,0.004434980870411442
0.5522435593356123,0.5342032002377308,0.018040359097881487
-0.9095242077093114,-0.8944611324898074,0.015063075219504007
0.9533749694888922,0.9368948660441099,0.016480103444782346
0.7789549796689825,0.7735266578448687,0.005428321824113791
0.7081529291125627,0.6927684307322244,0.015384498380338285
-0.11838034248381407,-0.12312368434726968,0.004743341863455611
0.43667507814829815,0.43160602606103743,0.005069052087260717
-0.1640505868723766,-0.15886056466393875,0.005190022208437867
0.9358955720177535,0.9161375679811948,0.019758004036558696
-0.8404402690392502,-0.8296598054828901,0.010780463556360087
-0.02226725552589177,-0.02537500566263093,0.0031077501367391576
0.8038397176948358,0.7980449804814553,0.005794737213380419
0.5005952987407576,0.5034908102518044,0.0028955115110468332
-0.0736610774312634,-0.07825237881401342,0.004591301382750018
0.9591475693371241,0.9505576424457031,0.008589926891421018
-0.741293385139538,-0.7230709586023831,0.01822242653715489
0.6204225733902259,0.5976849706603083,0.02273760272991754
0.8102351939857191,0.7954277099076502,0.014807484078068867
-0.44391998874266797,-0.43676212711701345,0.007157861625654516
0.710000891118557,0.6970947679423036,0.012906123176253392
0.525390404196383,0.5093545571492508,0.016035847047132235
0.8460520277177348,0.8279309303861367,0.018121097331598057
0.5819226157167213,0.583250345843077,0.0013277301263556751
0.7492319311873731,0.7388311160069415,0.010400815180431566
0.2962483917337912,0.27935203586916424,0.016896355864626955
0.7670136025249045,0.7541035850071937,0.012910017517710815
0.9607527746304134,0.9479141241211849,0.0128386505092285
0.5305528924873074,0.5201037233492937,0.010449169138013747
-0.8377856065538359,-0.8198079640585506,0.01797764249528533
0.6595264238769512,0.6378237924456802,0.021702631431270936
0.9026774617736211,0.8869640559846799,0.015713405788941204
0.47990954866763275,0.46239455429508947,0.01751499437254328
-0.329338288378909,-0.31116810670348116,0.018170181675427832
-0.2691125449201692,-0.2725904767042234,0.0034779317840541446
0.43494620575989595,0.4192250430488302,0.015721162711065773
0.07299611241522772,0.07384858732833192,0.0008524749131042092
0.02255295431810605,0.023017111900588534,0.0004641575824824856
0.9208853349947996,0.9093627861273161,0.011522548867483495
-0.38925820491366486,-0.3768459428528398,0.012412262060825074
-0.058095243859498526,-0.0402707247738601,0.017824519085638424
0.8583971579108206,0.8430322021376793,0.015364955773141342
-0.9377437203879336,-0.9186041554722879,0.019139564915645724
-0.36733735028060127,-0.36774142044415686,0.0004040701635555921
-0.9683049540174526,-0.9517608190767013,0.016544134940751354
-0.937917862172125,-0.9218184303249214,0.016099431847203638
0.06456783839053734,0.06758773362995725,0.003019895239419909
-0.8294035052551558,-0.8159148982108564,0.013488607044299439
0.9239004941402665,0.9024210402464989,0.021479453893767597
0.19717130465925564,0.19083146736063014,0.0063398372986255
-0.7805214090936009,-0.7659649121750237,0.014556496918577189
0.8146454595343401,0.7925080306266639,0.022137428907676227
0.7231324728697252,0.7095752019282273,0.013557270941497834
0.814001222099361,0.7918502529800173,0.022150969119343666
-0.7190284169013265,-0.715382971223152,0.003645445678174486
0.9501045272873896,0.9338807617404833,0.0162237655469063
-0.8354363703246915,-0.8272867477156657,0.008149622609025853
-0.678041184095273,-0.6793169475869127,0.0012757634916397143
0.8884937626613558,0.872606619977712,0.015887142683643773
-0.6072251251679002,-0.6027594373614048,0.0044656878064953665
-0.9251281280327367,-0.910411453879224,0.014716674153512743
0.5747416641130196,0.5658652346109292,0.008876429502090444
0.551137279838636,0.5548080901064534,0.003670810267817348
0.8410918977812314,0.8272388097962877,0.013853087984943668
0.4652581767176362,0.4567044797023438,0.008553697015292405
-0.7519751682473232,-0.7382043727945443,0.013770795452778928
0.4244108535747505,0.4049092964451296,0.019501557129620928
0.6424763768007794,0.6226318627458215,0.019844514054957907
-0.013355965087899022,-0.0297680845494596,0.016412119461560577
-0.8364040944331976,-0.8253258754809063,0.01107821895229133
-0.43684745712932865,-0.4379096528192242,0.0010621956898955731
0.5406281006860524,0.5259611367935956,0.014666963892456808
-0.68408300980561,-0.6765744248052918,0.0075085850003181465
0.530789324342114,0.5206993788829557,0.010089945459158312
-0.7043960715207758,-0.7022937861099194,0.0021022854108563305
-0.8974694080898405,-0.8828180519226225,0.014651356167218021
0.23130494943519325,0.2166807095324788,0.014624239902714442
0.6886118220409231,0.675810060366589,0.012801761674334111
-0.5245559210532522,-0.5076053886590841,0.016950532394168105
0.45892429314163935,0.46335569639359336,0.004431403251954014
0.5483609239374992,0.5379233449330434,0.010437579004455855
-0.23467124463504369,-0.2224604247111463,0.012210819923897387
-0.18154847895440712,-0.18781544350860105,0.006266964554193927
0.21336183560434022,0.22425879483476222,0.010896959230421999
0.004606700756380704,-0.007073304689663901,0.011680005446044604
-0.02755532843436118,-0.037236279999195904,0.009680951564834724
0.5745570041568571,0.5739341015252355,0.0006229026316215691
0.8572438122473494,0.8365754989131189,0.02066831333423047
0.052939666800734454,0.05367219057347343,0.0007325237727389758
-0.7931761407263942,-0.7761805411867403,0.016995599539653905
0.17721562938556237,0.16564507289997904,0.011570556485583333
0.6271391769909055,0.6305764573563291,0.0034372803654235673
0.7819662860325577,0.7587604343609997,0.023205851671557975
-0.9243263271375725,-0.9050131750215972,0.019313152115975285
-0.5367384875031114,-0.5256030274875015,0.011135460015609833
-0.33075922218882087,-0.32747608711752224,0.0032831350712986263
-0.9363560877728171,-0.9240815574801459,0.012274530292671226
-0.07870776226951551,-0.06883581073889158,0.009871951530623924
0.0303979693668077,0.03698900183319905,0.006591032466391353
-0.6322568010538507,-0.6298950771705626,0.002361723883288147
-0.9081240105476982,-0.8909514504824078,0.017172560065290443
-0.45335077367394616,-0.4391688525614227,0.014181921112523477
0.8359411043173114,0.8191118212298379,0.016829283087473446
-0.8857039462807882,-0.8724604240275452,0.01324352225324299
0.2783679085724378,0.26836453683376466,0.010003371738673161
-0.45403404854907564,-0.45773150465490586,0.0036974561058302213
0.12151799143967794,0.11491086771010314,0.006607123729574796
-0.9453856249130261,-0.9298120937163376,0.015573531196688584
0.9389152548667857,0.9278650759595438,0.011050178907241914
0.9217355899265626,0.9105677402688368,0.01116784965772577
0.9630875005601854,0.9455056618737728,0.01758183868641261
0.6423170809824342,0.6396093863608396,0.002707694621594592
0.7354261589003491,0.724144185391502,0.011281973508847076
-0.1530147641827701,-0.13662738639703417,0.01638737778573593
-0.9383603969740556,-0.9189599114022167,0.019400485571838932
-0.9263365732557837,-0.9097581671689722,0.016578406086811492
-0.44848523894109604,-0.4464376477610215,0.002047591180074526
-0.9360901623702249,-0.919088659374584,0.01700150299564096
-0.841136264542006,-0.8357531526135408,0.00538311192846519
-0.3778197268204707,-0.3679723921466887,0.009847334673782016
0.25137111251193633,0.23503880835387458,0.01633230415806175
-0.8278840011419566,-0.8158315041280487,0.01205249701390787
0.7496909502853168,0.7286682489591411,0.021022701326175786
0.50244661171987,0.4947195781194997,0.007727033600370359
0.5406800784402663,0.5386950656984716,0.001985012741794745
-0.630265008607758,-0.6181100828522883,0.012154925755469725
0.05287191631889495,0.07155995718772706,0.018688040868832113
0.7183925877634652,0.7110980938131177,0.007294493950347425
-0.3809622922022678,-0.3632406893018285,0.01772160290043928
-0.4570009514309982,-0.439347831708249,0.017653119722749244
-0.9379285635132786,-0.9222065846535384,0.015721978859740138
-0.48974602958304125,-0.48135778815321656,0.008388241429824694
0.9359138756064198,0.9195010926771845,0.016412782929235314
0.6088832611816262,0.6043720150775498,0.004511246104076383
0.9230765200223824,0.9095994141001722,0.013477105922210186
0.17059349117938388,0.18296091905337877,0.01236742787399489
0.8323280581199188,0.8234208199865924,0.00890723813332639
0.21636836100254603,0.21297501106712816,0.003393349935417872
-0.946916843685462,-0.9265148246715215,0.020402019013940564
-0.950232527519033,-0.930951966297397,0.019280561221636017
-0.9084516458960604,-0.8953546034703356,0.013097042425724847
-0.9016173247277063,-0.8835745872767062,0.018042737451000046
-0.8598395762346374,-0.8437936508557837,0.01604592537885363
-0.9418775104560873,-0.9224754535421466,0.019402056913940702
0.9580681376445935,0.9443426567470908,0.013725480897502695
0.5443405415847744,0.5535346640223235,0.009194122437549135
-0.5966972592691768,-0.5834175020254322,0.013279757243744639
0.9491264424571596,0.9283054362649404,0.02082100619221916
0.9096041431790644,0.8904207029987522,0.01918344018031215
0.44365967515358745,0.43534492336027436,0.008314751793313091
0.08415513798791863,0.08130431313397316,0.0028508248539454717
-0.8862650841790451,-0.8760475077870977,0.010217576391947425
0.40982220750540305,0.39481426153768506,0.015007945967717984
0.03738905277622535,0.03280082770548328,0.004588225070742066
-0.8713814785139379,-0.8529248797081246,0.018456598805813296
0.5989579252082726,0.5961441781902019,0.002813747018070689
-0.07903626329524821,-0.0893435241129925,0.010307260817744288
-0.26685188014288325,-0.2520802129899487,0.014771667152934542
0.31548513597272076,0.29797826426933904,0.01750687170338172
0.3961581347962861,0.37567864132467604,0.020479493471610044
-0.7212123878578982,-0.6980766850077549,0.023135702850143325
-0.12833094871717404,-0.12790749356585565,0.0004234551513183915
0.8356084448381644,0.8278498383981376,0.007758606440026794
-0.9631261593384758,-0.9488302500703195,0.01429590926815627
0.18798057354955394,0.19137961259532313,0.0033990390457691866
-0.0020888569264851096,-0.012963849127402883,0.010874992200917774
-0.808201129009192,-0.7934885643878394,0.01471256462135262
0.6279323397612115,0.6184499062341609,0.009482433527050693
-0.6697006338696407,-0.6578649747213379,0.011835659148302868
-0.5404987519604977,-0.5192120233304103,0.021286728630087404
0.6990880211992451,0.6895777764911948,0.009510244708050286
-0.014564391420647754,-0.006091948017493173,0.00847244340315458
-0.8000498784356086,-0.7917992867703995,0.00825059166520914
0.8720818924491995,0.8561677320168176,0.01591416043238192
0.9124543362298481,0.8945594322516113,0.017894903978236787
-0.9054190147366351,-0.8885824386789016,0.016836576057733477
0.796992806174533,0.7749519928841775,0.022040813290355565
0.8789335383371891,0.856018696256433,0.022914842080756115
-0.25220890791167716,-0.2627841461262207,0.010575238214543536
-0.13690924153136988,-0.13878951691356103,0.0018802753821911544
-0.8743246545271488,-0.8570527754350483,0.017271879092100484
-0.4580507129659062,-0.44538006732947116,0.012670645636435052
-0.4188650941158364,-0.4301501706458712,0.011285076530034799
0.27061526707594735,0.26770667312593016,0.002908593950017191
-0.06454266252788571,-0.07138883691131072,0.0068461743834250105
0.3862788412284446,0.3894251863499365,0.0031463451214919225
-0.640046576765891,-0.6201186529450865,0.01992792382080455
0.9418082776763219,0.9225524767189783,0.019255800957343583
-0.16242747423613846,-0.16966904584645104,0.0072415716103125805
-0.7162620352182614,-0.7146393810466583,0.0016226541716031218
-0.926517865394594,-0.9044474031487899,0.022070462245804112
0.2401739324342241,0.2417570517468394,0.0015831193126152887
0.4688013991147323,0.45230266303992495,0.01649873607480734
-0.944869808838937,-0.9286298448444178,0.016239963994519213
-0.8224254577994786,-0.8142402855780652,0.008185172221413461
-0.14803370789291953,-0.1283964786768742,0.019637229216045327
-0.8672705818304647,-0.8456150654880782,0.021655516342386494
-0.8881680671601252,-0.8751606512723601,0.013007415887765106
0.9458710813903598,0.9242666848669712,0.021604396523388636
-0.8992878035087709,-0.8845436313831349,0.014744172125636057
-0.8895875589987067,-0.878458100765586,0.011129458233120726
0.4877821803510639,0.4928119976792852,0.0050298173282212755
0.9197901096591077,0.9084026139739769,0.011387495685130755
0.9111572995025586,0.8977743840065702,0.013382915495988468
0.7807226239002061,0.769412579894927,0.01131004400527913
-0.24602036201558017,-0.22791080386411408,0.018109558151466087
-0.8303183053669625,-0.817813295837319,0.012505009529643507
-0.8215953815751594,-0.7988760280016115,0.02271935357354793
-0.6973847186805281,-0.6764046761660399,0.02098004251448815
-0.5500265573233182,-0.5545255965593919,0.004499039236073754
0.709961055321807,0.6934690943233414,0.016491960998465616
-0.6137258826796985,-0.6139026711767647,0.0001767884970661493
0.4495556768601309,0.4538014866553502,0.004245809795219269
0.11145538929863903,0.10470815471024808,0.006747234588390952
-0.8986971789329039,-0.8860908296082566,0.012606349324647326
-0.524947850389148,-0.5025832057292051,0.022364644659942923
0.5927198556831906,0.5740251373587681,0.018694718324422488
0.7637406011976131,0.7453477541594618,0.01839284703815136
-0.6065103860824044,-0.5908045010052336,0.015705885077170745
-0.47677475581233647,-0.4708830964320695,0.005891659380266978
0.6813637909680346,0.6635329506113962,0.0178308403566384
-0.8504314378158851,-0.8411514996227504,0.009279938193134774
0.5899891572391098,0.5814198990375579,0.008569258201551966
0.668189183470825,0.6465902624760607,0.021598920994764348
0.036897635551476154,0.04550177264237075,0.008604137090894595
-0.33058556058840965,-0.33186400049486353,0.0012784399064538765
0.3558903343593439,0.3671808482725938,0.011290513913249867
0.37289503073127334,0.36152444243163123,0.011370588299642104
0.6775809721098855,0.6821821995259129,0.004601227416027309
-0.9019096841867147,-0.8849552333208734,0.016954450865841242
-0.6984883361982934,-0.6869127945795874,0.011575541618705998
0.30701541833038903,0.31422842806784035,0.007213009737451315
0.25929802869078383,0.2517669413393159,0.007531087351467958
-0.7233480301068645,-0.7046856258887345,0.018662404218130035
-0.706583055195703,-0.6974370591189474,0.009145996076755591
0.9432376711978661,0.9215930689566667,0.02164460224119935
-0.5459023168352292,-0.5311841810259151,0.014718135809314026
0.32346762102671983,0.3221301510394074,0.001337469987312434
0.5860537411033347,0.568416956979063,0.01763678412427172
0.4941906677422888,0.48417657677540626,0.01001409096688255
0.801692980914172,0.7861564101822835,0.01553657073188841
-0.6682884588135045,-0.6552415016589742,0.013046957154530303
-0.03513853101607533,-0.03136240249951573,0.0037761285165595973
0.6514442475304281,0.6346389444593268,0.016805303071101285
0.9430164005974053,0.9206990694421461,0.022317331155259246
-0.6055672286856074,-0.6050800567575597,0.0004871719280477027
0.6364312563245104,0.6328296753305219,0.0036015809939884402
-0.9347722262864198,-0.9176002340326141,0.017171992253805612
-0.5085270540557623,-0.4911130804179937,0.017413973637768587
0.6172317234381225,0.6155557014332957,0.0016760220048267493
-0.9039941369289096,-0.8828475144682786,0.021146622460631037
-0.8166221806454493,-0.7998937420419548,0.01672843860349449
-0.8225089684358973,-0.8089626801568536,0.013546288279043694
0.37944882177836314,0.38154987947870206,0.0021010577003389153
0.7796180456857539,0.7641190935719795,0.015498952113774389
-0.652599165519823,-0.6343278594391988,0.018271306080624217
-0.37496719514325894,-0.36798681480063666,0.006980380342622272
0.8978239142646514,0.8780467987661729,0.019777115498478492
-0.5670513739365489,-0.561033197677922,0.006018176258626884
0.9327142643608585,0.9129529081904023,0.019761356170456157
-0.9487847272257373,-0.9358188439878351,0.012965883237902154
0.934573371927888,0.9234482012886227,0.011125170639265325
-0.9362074844401417,-0.9207520389478796,0.015455445492262077
-0.7271839868265301,-0.7072861153478078,0.01989787147872224
0.9504704190858144,0.9351072899219947,0.015363129163819766
0.37754730072852744,0.38146255295059933,0.003915252222071897
0.8215093803632261,0.7927267238151344,0.028782656548091645
-0.2183402977666963,-0.21791469429467897,0.0004256034720173385
0.9015570228153438,0.8857700717940188,0.01578695102132499
0.8760783771505489,0.8645840378348187,0.011494339315730184
0.48359523179434866,0.4852105780375402,0.00161534624319154
0.6866019729910305,0.6632117443763722,0.023390228614658337
-0.8963237187697981,-0.8774397521598384,0.018883966609959724
0.7917887654173066,0.7850361267430275,0.00675263867427911
0.8787436438634474,0.8630301736231512,0.015713470240296235
-0.923191920553325,-0.9090280893417296,0.014163831211595368
0.8529729748560422,0.841014391576437,0.011958583279605195
-0.7083627796149845,-0.6957306655651649,0.012632114049819565
-0.3696476995842437,-0.3673237671752397,0.002323932409004026
-0.4504196943837389,-0.44333553593332425,0.007084158450414657
-0.718530742612591,-0.7017083935307642,0.016822349081826782
0.5848083445167578,0.5643593049603176,0.020449039556440174
0.40339694238753365,0.3851970225019632,0.01819991988557046
0.1145073890775262,0.09967551043047373,0.01483187864705246
0.9293055372924728,0.9120440806240321,0.0172614566684407
-0.9215592797928914,-0.9108399410709092,0.010719338721982274
0.9272896848161488,0.9143286008799253,0.012961083936223528
0.45787378439797616,0.4425668352437461,0.015306949154230032
-0.709765399178012,-0.6883709493840402,0.02139444979397176
-0.7694370470659071,-0.753426844627508,0.016010202438399124
-0.703042089193151,-0.6817637610000559,0.021278328193095164
-0.9572380475833855,-0.9412397638064797,0.01599828377690582
0.2025945048756041,0.1874052526182295,0.015189252257374608
0.9397286496113222,0.9194830909713662,0.02024555863995603
-0.9479568191734934,-0.9302282667594536,0.01772855241403981
0.7757753992853436,0.7533560114933167,0.0224193877920269
0.9612702253273611,0.9434617237622417,0.017808501565119372
-0.9023571409792044,-0.8842689674976559,0.018088173481548453
0.7367902764939083,0.73269824089238,0.0040920356015282655
0.8237653219147889,0.8120560506987667,0.011709271216022166
0.8017899137080106,0.784215521813033,0.01757439189497756
0.5980933764688644,0.5832864278180506,0.014806948650813778
0.27798770579870985,0.2578296356422958,0.020158070156414076
0.3000000297466427,0.2951451290426307,0.004854900704012011
0.18670900229085347,0.19908713825936175,0.012378135968508286
-0.40777817041857,-0.38706864527904983,0.02070952513952018
0.5104526778976416,0.5027915532701597,0.007661124627481919
0.8564946860865885,0.8500530672621995,0.006441618824388984
-0.6254665843445384,-0.6031971238542653,0.02226946049027312
-0.2757020503151215,-0.25926719699587925,0.01643485331924227
-0.8685040124584681,-0.8596931456236863,0.008810866834781828
0.9179588590156336,0.9049471144608388,0.013011744554794813
-0.4905544934421007,-0.4788009418594725,0.011753551582628252
0.9106098769885581,0.9000602616536534,0.010549615334904727
-0.0743699620998621,-0.06394575332502832,0.010424208774833785
0.7932414892898051,0.779790085068631,0.01345140422117408
-0.9269780118547408,-0.9160609169863869,0.010917094868353905
0.7801235516396057,0.7755972013135262,0.004526350326079509
0.925085562838472,0.9074190676667646,0.017666495171707375
-0.41992371345826,-0.41065225544171713,0.009271458016542888
0.8170845043085202,0.8053591272172876,0.011725377091232558
-0.18289884196417278,-0.1690099162705037,0.013888925693669063
-0.8410676672045044,-0.8351915317016814,0.0058761355028230655
0.8966200205163932,0.88759318034927,0.009026840167123185
0.7369520021796083,0.7148474189855687,0.02210458319403963
0.9515880946803571,0.9317693541165022,0.01981874056385491
-0.1256155770364934,-0.12081969516433992,0.004795881872153476
0.6681440536873908,0.6543818808700229,0.013762172817367913
-0.9001279323625284,-0.8802534951093431,0.019874437253185273
-0.8897837429427318,-0.8706283615969914,0.019155381345740352
-0.7325897414115206,-0.7268452755692512,0.005744465842269397
0.9435794031641421,0.9225012324060755,0.021078170758066617
0.6875956335164612,0.6828973184472878,0.004698315069173398
0.27978570012201476,0.27885770384886555,0.000927996273149212
0.8924535306633604,0.8796544420613668,0.012799088601993636
-0.2024494936662707,-0.1941286205564995,0.008320873109771226
-0.3697325239408894,-0.3687897600766028,0.0009427638642865999
-0.9120711938744829,-0.8935783797954564,0.018492814079026476
0.7298888938881355,0.713662306614302,0.016226587273833526
0.8578551056842058,0.8492831236106186,0.008571982073587114
0.9739714108396084,0.9610144962937595,0.012956914545848908
0.8430704077093787,0.8268214444116652,0.016248963297713526
-0.7837039065761137,-0.7736927896763389,0.010011116899774741
-0.9004616584788473,-0.8864934428178775,0.01396821566096984
-0.8604333045210092,-0.8481224373549472,0.012310867166062
-0.9193780399258756,-0.9055215289145193,0.01385651101135632
-0.3037317035976713,-0.29947082380631734,0.0042608797913539775
0.22698743451382117,0.223363013926191,0.003624420587630156
-0.304488537408965,-0.2938027592186834,0.010685778190281603
-0.9058289597939477,-0.8870483210738959,0.018780638720051868
-0.7277694553160517,-0.706234896786937,0.02153455852911479
-0.01102565758825645,-0.019054885100442728,0.008029227512186278
0.5148889323445394,0.5058193794017611,0.009069552942778225
0.03078869709311601,0.022211586112867873,0.008577110980248139
0.711322890783088,0.6976001471165058,0.013722743666582216
0.8672337918258335,0.8592607071448174,0.007973084681016096
0.8773686563398446,0.8644710072741162,0.012897649065728434
-0.009342504710479451,-0.013395377325936651,0.0040528726154572
-0.9551119494274826,-0.9367422814902262,0.018369667937256362
-0.5174344641908988,-0.5135031349203883,0.003931329270510431
0.7005736177041428,0.7007158681899044,0.00014225048576155253
0.929392115804679,0.9099706617092248,0.01942145409545415
0.9396608002582281,0.9269569649708337,0.012703835287394383
-0.5425077804471947,-0.5268510061273963,0.015656774319798394
-0.4454720485886061,-0.4538040518372232,0.008332003248617104
-0.3116622994691092,-0.2926074729182457,0.019054826550863546
0.6474271917828892,0.6369578120037399,0.010469379779149302
-0.9430257973712088,-0.9263540832385934,0.01667171413261548
0.5054774039196628,0.49733922315458956,0.008138180765073222
0.9387395477407153,0.9200541196077848,0.018685428132930504
-0.6135424005291901,-0.5983526869277805,0.015189713601409527
0.8515890884868651,0.834324788241102,0.017264300245763087
0.4599215307335196,0.46458974025664196,0.0046682095231223575
-0.15034797468331684,-0.1571497105029613,0.006801735819644467
-0.6912835001397899,-0.6710988254440816,0.020184674695708282
-0.370338964069049,-0.35480663025306847,0.015532333815980515
0.704886905634588,0.6905716698679301,0.014315235766657941
0.6065618889224229,0.6092884125313415,0.002726523608918563
0.8130293250778202,0.8090156966723889,0.004013628405431291
0.21247530250260746,0.21843121922867742,0.00595591672606996
-0.5056652940600972,-0.501347016103057,0.004318277957040206
0.26585297629410704,0.27221736329593255,0.006364387001825511
0.29545205774764205,0.27707657763526544,0.018375480112376608
-0.5900870031215272,-0.5677629340296434,0.02232406909188378
0.350405867824087,0.3345626652400132,0.01584320258407379
-0.4975648837178357,-0.48969557107575173,0.007869312642083959
0.48101512536794483,0.4766901693887286,0.004324955979216227
-0.942078916285474,-0.9285988013257559,0.013480114959718126
-0.8964866052026839,-0.8787839777417891,0.017702627460894793
-0.40338370692343806,-0.40446354526695083,0.0010798383435127734
-0.935647435453584,-0.9128125938041183,0.022834841649465698
-0.41374621079249485,-0.41520138836591686,0.0014551775734220063
0.20342584488419593,0.18539985073426346,0.018025994149932473
0.8606430049842511,0.8550655633995707,0.0055774415846803205
-0.8970871222952697,-0.8771307450170871,0.019956377278182558
-0.7694111014145553,-0.7543841696940646,0.015026931720490633
0.0405975451841023,0.0441630087830381,0.0035654635989358016
0.7195593762296676,0.7048998160190582,0.014659560210609435
-0.028501059084525916,-0.017996685223058095,0.010504373861467822
-0.9162958989192193,-0.9020331014041715,0.014262797515047776
0.6339870586338769,0.6157653712832839,0.01822168735059304
-0.8921418224785064,-0.8699398428592199,0.022201979619286494
0.9344481326220236,0.9135710849981782,0.020877047623845457
-0.9095627768336068,-0.8929354363458751,0.016627340487731623
0.14489705742033954,0.13087370432838782,0.014023353091951712
0.3131937751940043,0.30899812477357913,0.00419565042042519
-0.7297061582264697,-0.7213993073549161,0.008306850871553584
-0.8454108979005712,-0.8278213343393,0.01758956356127117
-0.9340914130961545,-0.9132978349123083,0.020793578183846195
0.009584740655670063,0.007173076377247731,0.002411664278422332
-0.8765367548923962,-0.860643725760374,0.015893029132022285
-0.055131090279976605,-0.060241606671402534,0.005110516391425929
-0.8299853236596525,-0.8247736452373573,0.005211678422295196
-0.2444048198942283,-0.23689756858215402,0.007507251312074276
0.882081266725798,0.8648075058989786,0.017273760826819418
-0.5464971941367559,-0.5327219197081178,0.013775274428638129
0.6145871971663306,0.6045025249211164,0.010084672245214144
0.34494794253681954,0.35488388127234727,0.009935938735527727
0.7940734951112527,0.7823774261105093,0.011696069000743381
0.8771442372730318,0.8688110597322223,0.008333177540809533
-0.9276761852789572,-0.9140266712014979,0.01364951407745929
-0.318028461286481,-0.29959562295435316,0.018432838332127832
0.37575794312138694,0.38613923780988374,0.0103812946884968
-0.23771234679675074,-0.24720418211530232,0.009491835318551578
0.23998069181428883,0.23992385079990672,5.6841014382108535e-05
0.6092324306733844,0.5995025577755608,0.009729872897823566
-0.6830652920694517,-0.6653766415427471,0.01768865052670454
-0.021695625220575093,-0.031886289295238165,0.010190664074663073
-0.8250671494093179,-0.8120700655138092,0.012997083895508688
-0.6328719688860764,-0.6257506672541231,0.007121301631953347
-0.15800453770493325,-0.15493434960520497,0.0030701880997282827
0.8443287060229194,0.8270559615815076,0.017272744441411803
0.2600118843370607,0.2399052091131265,0.020106675223934195
-0.9573655443544342,-0.942883426443128,0.01448211791130627
-0.3454619498492845,-0.335940099612817,0.00952185023646751
-0.9178884007760562,-0.9039013072501397,0.013987093525916428
-0.8029137232148165,-0.7827004042657568,0.020213318949059644
-0.9003914598838959,-0.8783504397635414,0.02204102012035447
-0.759795190803994,-0.7467686078938995,0.013026582910094509
-0.7227040571462837,-0.7100667540401369,0.012637303106146858
0.7303135754878394,0.7131505420113887,0.01716303347645065
-0.8960822312191538,-0.8796689000370888,0.016413331182065005
0.1260379498693606,0.11638562443125847,0.009652325438102127
0.05344385892566701,0.03854996365990343,0.014893895265763582
-0.09172806685127254,-0.11429329840719032,0.02256523155591779
-0.9564425868162525,-0.9409909907962548,0.015451596019997682
0.11013025494714047,0.11035363272346478,0.00022337777632430722
0.18553505785740523,0.19661100408210028,0.011075946224695044
-0.9447289126393754,-0.9284820357963723,0.016246876843003077
-0.9037374004125843,-0.8951798411611287,0.008557559251455626
-0.6707199094614055,-0.6576082471770851,0.013111662284320369
-0.8812497054617099,-0.8615143474589801,0.01973535800272974
0.43853668660271905,0.4475519968805493,0.009015310277830257
0.7970405231652233,0.778178563324934,0.018861959840289377
-0.32610874071602425,-0.3147328945345602,0.011375846181464033
0.8704037780695926,0.8494435730428569,0.02096020502673568
-0.17915609859139148,-0.19184144553748203,0.012685346946090553
0.15697187088326128,0.1629663416922866,0.005994470809025321
-0.25379132497526563,-0.260033445736115,0.006242120760849346
-0.8336084676850744,-0.8289813646998635,0.004627102985210851
0.8716647777396374,0.8587513591887328,0.012913418550904554
-0.9250726056488499,-0.904280953506184,0.020791652142665873
-0.872942312480684,-0.8553361448045655,0.017606167676118445
0.7783326382447407,0.7667407492613457,0.011591888983395027
-0.330273436504866,-0.31832381952668587,0.011949616978180144
0.4175347636419964,0.4196091474512667,0.0020743838092703304
-0.4526898392377076,-0.44528426660768844,0.007405572630019175
-0.8891704841990303,-0.8721247210718732,0.01704576312715711
-0.8575264052690942,-0.83832078998982,0.019205615279274224
-0.0015858850444354414,0.004070642693732039,0.00565652773816748
-0.5542926627846047,-0.5382252546283733,0.01606740815623131
0.8520489974290192,0.8335605811294278,0.018488416299591415
0.6305398762821941,0.6302411152996241,0.00029876098256997885
0.9344063044849934,0.9172494401944609,0.017156864290532536
0.14641499357817966,0.14223120972495068,0.004183783853228984
0.34790318616033017,0.3550571553004872,0.007153969140157035
-0.7325205508471846,-0.7200298303083998,0.01249072053878475
0.41163519568116985,0.4059531604557202,0.005682035225449633
-0.9668962076788681,-0.9490264904016823,0.01786971727718578
-0.8524621403392157,-0.8389446871369182,0.01351745320229758
0.9236322085511945,0.9106257089772571,0.013006499573937402
0.41108742890749134,0.4225147941617275,0.011427365254236155
-0.4384654584879885,-0.43451711441963997,0.003948344068348542
0.6629590251537822,0.6510327628678623,0.011926262285919975
0.8179082023228106,0.809325115637129,0.00858308668568164
-0.41761994853928186,-0.40204635022011903,0.015573598319162829
0.8024990112653189,0.7901118483862015,0.012387162879117342
-0.9442078502064042,-0.9314300518655084,0.012777798340895763
0.9460184899736157,0.9242185322541322,0.02179995771948351
0.93499924857827,0.9255368828614662,0.009462365716803811
-0.5296681203682366,-0.5260845194604002,0.0035836009078363817
0.9168419137501815,0.8942940875844075,0.022547826165774
-0.837278378909732,-0.8283919127450421,0.00888646616468991
0.3063714898732002,0.308044265506876,0.0016727756336758492
0.3809332465559688,0.36387889361160036,0.01705435294436841
-0.8110191825816371,-0.8028648272566166,0.008154355325020513
-0.16641593890506148,-0.15781910319388112,0.008596835711180362
0.9342087573001341,0.9144919460103909,0.01971681128974323
-0.6166251871805121,-0.6159766042867488,0.0006485828937632387
-0.249936432885098,-0.24798998354183013,0.0019464493432678753
-0.42191194429004225,-0.4266681967504688,0.004756252460426547
-0.7401994286213534,-0.7257620181026915,0.014437410518661875
-0.8179082461002465,-0.8123618846502084,0.005546361450038062
0.8604850958559279,0.848617051028267,0.011868044827660906
0.38626022604394383,0.3796514338556431,0.006608792188300738
0.38691373592595796,0.40050335264747877,0.013589616721520814
0.28194073030163264,0.2822226853002313,0.0002819549985986769
0.8866500499172223,0.8688179989119806,0.017832051005241656
-0.806739132849678,-0.7941022184847937,0.012636914364884344
0.8263502480223464,0.8042820668271575,0.02206818119518883
-0.8188618447145368,-0.8062727622063655,0.012589082508171368
0.934554016916142,0.9153792490156094,0.01917476790053263
0.9314518172503414,0.919546584862152,0.011905232388189413
-0.6268683676338882,-0.6298088682192744,0.0029405005853861965
0.35705706080949473,0.3529803807725581,0.00407668003693662
0.9206064351731273,0.9093526507864258,0.011253784386701549
-0.29431036209927747,-0.2912650683791615,0.0030452937201159713
-0.8874048604025201,-0.8655721866963508,0.02183267370616926
0.5889840940297066,0.5863439428244263,0.0026401512052803833
-0.9297633569521213,-0.9078871241551467,0.021876232796974593
-0.8979588171227552,-0.8804303318068667,0.017528485315888465
-0.5306901555805963,-0.5292519220359195,0.0014382335446767591
0.16034966816921636,0.1498821221283317,0.010467546040884651
0.06978854306210938,0.07807288408781429,0.008284341025704911
0.73964860865735,0.72604137359887,0.01360723505848005
-0.16030330826472586,-0.13912979479898083,0.02117351346574503
0.922241076489001,0.9037773252929577,0.018463751196043265
0.8837457903126714,0.8768834635211872,0.006862326791484241
0.7760576753176759,0.7680461065293259,0.008011568788349965
-0.9076911960157523,-0.8872147508905432,0.020476445125209075
0.02138931218121329,0.012425898752447845,0.008963413428765447
0.4389921219721875,0.43078237404032216,0.008209747931865352
0.665303502365121,0.6542040279287523,0.011099474436368717
-0.8703354977846085,-0.8528853068766221,0.017450190907986385
0.4447813486681595,0.4360932617922312,0.008688086875928314
0.36365713277557626,0.3678885958359963,0.004231463060420049
0.9059771745665272,0.8908660610963999,0.01511111347012728
-0.8232323480678267,-0.8015289005729886,0.021703447494838102
0.7817759821984319,0.7736969329175496,0.008079049280882322
-0.4105813099964184,-0.41385808504784205,0.0032767750514236527
-0.14457125495167902,-0.1470893902153126,0.002518135263633564
-0.949634931921314,-0.9352699697597416,0.014364962161572348
-0.1457284103844398,-0.14778080052175432,0.002052390137314536
0.9573335009434555,0.9397579213719296,0.01757557957152589
-0.9401302695627202,-0.9279433658986596,0.012186903664060611
0.7976670728577371,0.7762168180168919,0.021450254840845173
-0.641788926764456,-0.6379574245730446,0.0038315021914113734
-0.8702489428488357,-0.8475207830552177,0.022728159793617975
0.7793717348504423,0.7613673331178987,0.018004401732543585
-0.8289441281296178,-0.8123912672266524,0.01655286090296537
-0.9289153698619731,-0.909690917766145,0.019224452095828126
-0.934649381094881,-0.9264747293120212,0.00817465178285981
-0.9456082814654924,-0.9288399612011237,0.016768320264368697
0.8912852842301783,0.8825013254003556,0.008783958829822636
-0.7529912443672391,-0.740655413834709,0.012335830532530068
-0.31132520671352704,-0.31023543868206316,0.001089768031463878
-0.6170474422406809,-0.6085174741816273,0.008529968059053594
-0.8227486710191392,-0.8097532693819256,0.012995401637213577
0.6300838506247689,0.6216039954051953,0.008479855219573618
0.7861095530681766,0.7644347967431158,0.021674756325060884
0.7313156374666765,0.7321864576973353,0.0008708202306587642
-0.773039036084719,-0.7748832560799321,0.0018442199952131144
0.09997185916514811,0.10433106029457143,0.004359201129423312
-0.15665066279555295,-0.16652234669500351,0.009871683899450562
0.588144361284305,0.5721760976143643,0.015968263669940752
0.891978681437509,0.8848787806623116,0.007099900775197399
0.16542895658457685,0.15547005207057402,0.009958904514002831
-0.48152617991417423,-0.4667439771566372,0.014782202757537055
-0.2688432010917804,-0.26524646239656946,0.0035967386952109326
-0.5410761460136075,-0.5245032740666655,0.016572871946942014
0.13891077792875758,0.12769360281945177,0.01121717510930581
-0.15298978135260985,-0.14192799169957923,0.011061789653030618
0.8108333132639927,0.8054291974435116,0.005404115820481059
-0.5036100780315632,-0.4923761604518576,0.011233917579705599
-0.9179859216736859,-0.9052227845142768,0.012763137159409021
0.9101369536019304,0.8893310135224912,0.020805940079439145
0.38288225940327475,0.3912215858975022,0.008339326494227473
-0.21366418358433323,-0.22509935531931535,0.011435171734982125
0.31123607011122373,0.29175237386468217,0.01948369624654156
0.341637885912357,0.33645315032924694,0.005184735583110056
0.6498443607835336,0.6376862879653533,0.012158072818180266
-0.861818673060169,-0.8512408284077024,0.010577844652466584
0.9525460585729961,0.9392459599170062,0.013300098655989911
0.6197910083835673,0.6016442523337349,0.018146756049832402
-0.9417889537653462,-0.9249377717365431,0.01685118202880309
0.8252082137771555,0.809981387124216,0.015226826652939507
0.8471308890037315,0.8315021647096643,0.015628724294067142
-0.9309897197434942,-0.9146992849145473,0.016290434828946876
0.753712538869733,0.7285721091097388,0.0251404297599942
-0.8549975141941646,-0.838572438794584,0.016425075399580602
0.6146514166901064,0.6062848500996643,0.008366566590442104
0.9263667633114432,0.909256692583869,0.0171100707275742
-0.5141328825193736,-0.49621909626789223,0.01791378625148138
0.9158385080737592,0.8998012753325233,0.01603723274123592
-0.36267114555492,-0.35527518446170325,0.007395961093216774
0.9131225393018063,0.8981278376982587,0.014994701603547655
0.25541762069969765,0.25935038574199676,0.003932765042299113
-0.7043554211559665,-0.6822765745448951,0.0220788466110714
-0.4408322431402693,-0.4372338516268846,0.003598391513384702
-0.020180533318182398,-0.01951397716721659,0.000666556150965808
0.2603824694031412,0.25072912988079743,0.009653339522343762
0.9110569602158887,0.9004503964896993,0.0106065637261894
-0.7828747681404259,-0.7688301944962707,0.014044573644155234
0.932212358275077,0.922484516504897,0.009727841770179935
0.7797368988956905,0.7616772979554797,0.018059600940210863
-0.857225280341267,-0.8463850532774994,0.010840227063767638
-0.8714966903246008,-0.8519109851033997,0.019585705221201066
-0.06351546783395665,-0.06331009145424939,0.00020537637970725886
0.5022408117902621,0.48357464758724306,0.018666164203019087
0.9598347382689034,0.9423000280830536,0.017534710185849844
-0.8573815945737204,-0.8419513187381908,0.015430275835529583
0.9126615266241048,0.9029707856194483,0.0096907410046565
0.5940791515388155,0.5811899490699366,0.012889202468878924
0.6540171260189559,0.6413036778732559,0.012713448145699968
-0.37221738036170066,-0.3543994303241346,0.017817950037566033
-0.8284408676218993,-0.8114987636298042,0.01694210399209506
0.8683347852622951,0.8540635077351828,0.014271277527112325
0.8895608913483487,0.8757833510960924,0.013777540252256304
0.9367180419977977,0.927842353390915,0.008875688606882703
0.04508544971762133,0.045078826149017474,6.623568603855712e-06
0.699820276371655,0.6894204674966289,0.010399808875026118
-0.46974345988802085,-0.4606721164165727,0.009071343471448168
-0.818041734648827,-0.8002831356580182,0.017758598990808783
-0.6239946849626787,-0.6208490136735055,0.003145671289173202
0.46233125464880404,0.45659106317245485,0.005740191476349188
-0.7902007409563723,-0.783900655610819,0.0063000853455532635
-0.12987919062544848,-0.11563821970889376,0.014240970916554713
0.5847841609550851,0.5794564224186648,0.005327738536420323
-0.6893538140435677,-0.6776061758431011,0.011747638200466537
0.8760004622895028,0.8648475108680966,0.011152951421406154
-0.777210337022611,-0.7629945818482029,0.014215755174408096
-0.9446194968800111,-0.9313920343360794,0.0132274625439317
0.8706624574404409,0.8481920923188583,0.022470365121582625
-0.887271867411784,-0.8810283744414382,0.006243492970345765
-0.4467765636871839,-0.453843557878588,0.007066994191404108
-0.868223649466957,-0.8551636814339022,0.013059968033054759
-0.02123810199689624,-0.018884091466508133,0.0023540105303881086
-0.2310424834862123,-0.21365123450435353,0.017391248981858787
0.9219657309820838,0.9093684075838367,0.01259732339824704
0.5895378922110401,0.5885055931090822,0.0010322991019579009
-0.9276946814102712,-0.9155041076963385,0.012190573713932729
-0.27883806106532505,-0.2602553344282242,0.018582726637100866
0.8290535822321868,0.8228867079189592,0.006166874313227599
0.954147867732635,0.934814869074289,0.019332998658346034
0.642277692887703,0.6264418251347046,0.01583586775299839
-0.21075825009624427,-0.2020631217859958,0.008695128310248462
0.6295636080742218,0.6205782130896158,0.008985394984606043
-0.4505484633952833,-0.4414284043641466,0.009120059031136718
-0.2823387222190547,-0.2706124452793942,0.011726276939660496
0.9450060167297863,0.9276417522098176,0.017364264519968753
-0.9689463841204272,-0.9508458596640017,0.018100524456425515
0.13697759056547654,0.12404167817624087,0.012935912389235665
0.7150352699599978,0.702045445260319,0.012989824699678798
-0.855915892638929,-0.8490370715013407,0.006878821137588309
0.9230405242496199,0.9036434655808555,0.0193970586687644
-0.9239004947022881,-0.9095266210285193,0.014373873673768744
-0.7993564320707991,-0.7832728178694198,0.01608361420137927
-0.941993432233592,-0.9302598990311457,0.0117335332024463
0.8813528334538905,0.8706139299027701,0.010738903551120393
0.9174335837892356,0.9085345971617377,0.008898986627497885
0.8851828755919917,0.8644004678125239,0.020782407779467826
-0.23980855766792186,-0.22048302332119643,0.01932553434672543
-0.3456417025491579,-0.35838252946491933,0.01274082691576145
0.8784860377915671,0.8625154316412195,0.01597060615034762
0.7102089474467969,0.7064786121714849,0.003730335275311969
0.46172477242015636,0.447470347022011,0.014254425398145365
0.7268509094586834,0.7140471946437531,0.012803714814930256
0.8837564170994943,0.8750264700189293,0.00872994708056496
-0.3431002524556563,-0.33083406544136157,0.012266187014294716
-0.6775235548848839,-0.6600378270660833,0.017485727818800645
-0.49356005354201615,-0.4769809695813388,0.016579083960677365
0.9037292116447767,0.8808642451085947,0.022864966536181974
-0.9443498371209953,-0.9292356003320794,0.01511423678891588
-0.819321057443466,-0.8104919247934407,0.008829132650025273
0.4136519850768021,0.41358228859447943,6.969648232268977e-05
0.9373519990287277,0.9185002884063537,0.018851710622374007
-0.457288696552848,-0.44617837379324077,0.011110322759607216
-0.47301087091469834,-0.4744298382595415,0.0014189673448431472
0.811990217868454,0.8002589385840034,0.011731279284450613
-0.9364530771985231,-0.9226558091597127,0.013797268038810429
0.14675183483059215,0.1315500296734832,0.01520180515710895
-0.5161104292409864,-0.49881563973825926,0.017294789502727115
-0.06215208454708705,-0.06891490102593602,0.006762816478848965
0.6192381755783102,0.606847714551372,0.012390461026938193
0.8186452968132788,0.8058350533794948,0.012810243433784008
0.767539698459535,0.7581575149583962,0.00938218350113873
0.6569461933463742,0.6538746824903977,0.003071510855976456
0.35002190171797254,0.3466635758335509,0.0033583258844216424
-0.5097530555408929,-0.5110426067143313,0.0012895511734384302
0.9633569399586837,0.9470332255475037,0.016323714411179968
0.03063898444503305,0.02863137310537711,0.002007611339655938
-0.15664524929564264,-0.16076380505977153,0.004118555764128895
-0.8908716359118624,-0.8715835932092398,0.01928804270262252
-0.4318734077084425,-0.41049600116773116,0.021377406540711352
-0.9118322428555035,-0.895258422212787,0.016573820642716508
-0.7827228711068042,-0.7680455409526239,0.014677330154180268
-0.9374644244925657,-0.9207876233729777,0.016676801119588025
0.8071882322191894,0.8003718280559127,0.006816404163276779
-0.7694256125847707,-0.7500656342741999,0.01935997831057079
0.4061867818687363,0.39769566317924665,0.008491118689489652
-0.7927352568890677,-0.7787879743514619,0.013947282537605799
0.20415227556175772,0.20230218567588915,0.0018500898858685721
-0.8601367140808063,-0.8410783883349983,0.019058325745808014
0.45876868738000737,0.44838626508022833,0.010382422299779037
-0.17319707062582124,-0.16143853394909805,0.011758536676723191
-0.13125635320135012,-0.1348314081644456,0.0035750549630954864
0.08458016499045877,0.09063459757875329,0.006054432588294523
0.24792093896275785,0.23318703784889888,0.014733901113858971
0.5051524937572159,0.4862452583518119,0.01890723540540401
0.6721719482580831,0.6615528767363544,0.010619071521728696
-0.9319846456658127,-0.9216554806792151,0.010329164986597639
0.4468387784056338,0.4363347138688459,0.010504064536787872
-0.9104537297317644,-0.9007271751591683,0.00972655457259608
-0.9728952425982139,-0.9521642029285017,0.020731039669712237
-0.2069183424324442,-0.20297964320632278,0.003938699226121417
0.8407280844162494,0.8231157127868063,0.01761237162944307
-0.8634399070451313,-0.8558918883236045,0.0075480187215267724
-0.1936601638197912,-0.20092393209669984,0.007263768276908639
0.10005589642514834,0.08674668330478967,0.013309213120358668
0.2451331069155102,0.2396200930440881,0.005513013871422112
0.8784713350655506,0.8595756486882357,0.01889568637731498
-0.8758014327362748,-0.8606879901339326,0.015113442602342153
-0.9508141530843554,-0.9316474543994336,0.019166698684921712
-0.37750792461277793,-0.38074290515772674,0.0032349805449488067
-0.10919935534932577,-0.09671360575246377,0.012485749596862009
-0.21735310014303552,-0.22446352946750847,0.00711042932447295
0.21094737733332752,0.1981441940064263,0.012803183326901224
0.8579295799616715,0.8389735112656261,0.01895606869604538
-0.6223079251396441,-0.613779251770403,0.008528673369241013
0.0010668573276686468,0.008958196521520906,0.00789133919385226
0.7031980783453565,0.6826269768100249,0.020571101535331593
-0.5224815159880963,-0.5105314350026231,0.011950080985473233
0.8883591160927415,0.8724153785270118,0.015943737565729754
0.9124453839552013,0.8948509451815497,0.017594438773651522
-0.7862426673408294,-0.7756365543611522,0.010606112979677174
-0.3373405382604121,-0.3222932397937563,0.015047298466655812
-0.14235711092219797,-0.12835538869347327,0.0140017222287247
0.4493390275421437,0.45293334414492503,0.003594316602781311
0.9502436180049971,0.9285964542143172,0.02164716379067988
-0.30626725808539185,-0.2990429372183347,0.007224320867057155
-0.17377786152250327,-0.18548407530830355,0.011706213785800279
-0.5623112571192262,-0.5428303391606458,0.019480917958580424
-0.5273775686421476,-0.5140457899139036,0.013331778728243981
-0.31139738092757596,-0.2980560403388426,0.013341340588733375
-0.9302176994990727,-0.9158692796760565,0.014348419823016267
-0.94190119445338,-0.9270158231363445,0.0148853713170356
0.17178011970116064,0.16752420864869005,0.0042559110524705845
0.33079993068227903,0.33715105377362814,0.006351123091349109
-0.8869716483687569,-0.8693982609476842,0.017573387421072617
-0.43368106136060774,-0.4321508079052968,0.001530253455310937
0.8147640570289275,0.7954233053204817,0.019340751708445847
0.28299912922393716,0.2874095869702747,0.004410457746337526
-0.14023212282183004,-0.134754611448903,0.005477511372927041
0.26463013402836905,0.2608317598617681,0.0037983741666009485
-0.27969797773910676,-0.26807451977006047,0.011623457969046291
0.8296590772780409,0.8073491761048618,0.022309901173179103
-0.7453520467252316,-0.728462178542053,0.016889868183178613
-0.7796589316261789,-0.7658421348237734,0.013816796802405551
0.8755274834648256,0.8574139482120317,0.01811353525279391
-0.07291244785212246,-0.07173705382681815,0.0011753940253043105
-0.8208567539293363,-0.7999166068694501,0.020940147059886227
-0.9586751943331111,-0.9454871343985483,0.013188059934562846
-0.9662214144766927,-0.9513574315598867,0.014863982916806018
-0.8063324623932547,-0.807815853492189,0.0014833910989342503
0.5681222006574655,0.5657046648228189,0.0024175358346466558
-0.19849889633939505,-0.18972979380454616,0.008769102534848888
-0.4455526177790084,-0.43534744920291124,0.010205168576097157
0.9076481507989747,0.8908790143394716,0.016769136459503065
0.6930541001142954,0.6776916290757207,0.015362471038574688
-0.5736928515091554,-0.5642530831739784,0.009439768335177012
-0.07897262704561232,-0.08660947439783676,0.007636847352224432
-0.33294674654887135,-0.3241857297217215,0.008761016827149859
0.504995040871802,0.5071905509652037,0.002195510093401687
-0.4881742529149569,-0.4880412361504357,0.00013301676452120992
0.3113950059712506,0.30662295069825674,0.004772055272993847
-0.28013860195058704,-0.2623551971476765,0.01778340480291052
0.8039820510529067,0.7827830252490311,0.02119902580387556
0.3467777594449922,0.3458747069019102,0.0009030525430819836
-0.7046359349333895,-0.6966850121688616,0.007950922764527912
0.9334391241436936,0.9223308565630861,0.011108267580607456
0.8184782210778444,0.8108644897836725,0.007613731294171866
0.6127907500112008,0.6060257656654547,0.006764984345746017
0.6098590976699297,0.5963791534518625,0.013479944218067197
0.39507318762306687,0.38786944148219155,0.007203746140875322
-0.8268663959321629,-0.8205680179229786,0.006298378009184313
-0.9326666709866093,-0.9189719923288431,0.01369467865776619
-0.07935621173736256,-0.08143624934211179,0.0020800376047492297
-0.9362712949822816,-0.9234544786290935,0.012816816353188099
-0.7856269277140964,-0.7691771714133002,0.016449756300796148
0.6268878294029859,0.6240105815403925,0.0028772478625934683
-0.6218197409653726,-0.6025965547020435,0.019223186263329084
0.6675175650077936,0.6557428473716276,0.011774717636165999
-0.019537704086168083,-0.021314975615783466,0.0017772715296153832
0.8755129860453025,0.8565105371270413,0.019002448918261194
-0.9110793467499229,-0.8971267832024213,0.013952563547501518
-0.9303959862475809,-0.9160517320892059,0.014344254158375036
-0.3251637048628381,-0.3172289303925104,0.007934774470327699
-0.8628523612564968,-0.8411777873755752,0.021674573880921533
-0.9069302572799391,-0.8883239589939972,0.018606298285941958
0.9456438792870787,0.9352160015056564,0.01042787778142229
-0.8308320320618114,-0.8148153573347626,0.01601667472704882
0.447659084464867,0.45254937075221746,0.004890286287350443
0.8619400782663041,0.8461529145974358,0.015787163668868343
0.9434034559042453,0.9235593291099913,0.01984412679425407
-0.49566600639362507,-0.48097984738716515,0.01468615900645992
0.9259131702549342,0.9055687804237477,0.020344389831186582
-0.6900656470799144,-0.6803392210150734,0.009726426064840976
0.5810667808793814,0.5796818608948737,0.0013849199845076265
-0.42175498987931237,-0.40592881539992376,0.01582617447938861
0.727418463515266,0.7123229896296189,0.015095473885647026
-0.9158637504218409,-0.9019632741943046,0.013900476227536318
-0.9098583494583201,-0.8939194321789934,0.015938917279326725
-0.40557992033064083,-0.39741151695442023,0.008168403376220601
0.9141885706617378,0.898717037238781,0.015471533422956707
0.8109537659343492,0.8055061124702979,0.005447653464051294
0.8589017540838826,0.8524428865593773,0.006458867524505307
-0.41651845509915175,-0.4070958672216033,0.00942258787754846
-0.9375196635190212,-0.9168700636660445,0.020649599852976652
0.6987363439948979,0.6884104525097939,0.010325891485103988
-0.6764129590438352,-0.6545606228315819,0.021852336212253354
0.942183577971454,0.9219052616768437,0.0202783162946103
0.9347003460797406,0.9263085429489089,0.008391803130831765
-0.11932756922693885,-0.11859908533725096,0.0007284838896878948
-0.7338177263145095,-0.7245087217571167,0.009309004557392808
-0.8567173141050229,-0.8386012893892497,0.018116024715773227
0.7866010819558664,0.7794647602295925,0.007136321726273875
0.9375509761148676,0.9182295673595633,0.019321408755304303
0.1214115730507904,0.10929341875501862,0.012118154295771774
0.6141237131715728,0.6010398641866208,0.013083848984951962
0.6971795334362245,0.678260410141718,0.018919123294506512
0.9427034029990493,0.9322215149286354,0.010481888070413947
0.12876853582343983,0.12425283779952973,0.0045156980239101085
-0.583257864630356,-0.5653988890548828,0.017858975575473224
0.21167611074052128,0.19539254906170594,0.01628356167881534
-0.28607169406643834,-0.29227560769029354,0.006203913623855195
0.23947239732665374,0.2429253427321188,0.0034529454054650632
0.3905522846636588,0.3720186286123742,0.018533656051284597
-0.8613253523906123,-0.8488301809045122,0.01249517148610002
-0.8425270429115121,-0.8206542579988639,0.021872784912648213
0.8293343648231071,0.8143657013739092,0.014968663449197894
0.7020834538421951,0.6961498739562234,0.0059335798859716515
0.4585550823660802,0.4456429550969534,0.012912127269126827
-0.6123929283166802,-0.5949102058371899,0.017482722479490342
0.6694310449648996,0.6574513997884189,0.011979645176480647
0.06561589044432146,0.055764590379512605,0.00985130006480886
-0.07334708971336902,-0.08285425508344353,0.00950716537007451
-0.6107652760592805,-0.5899797513651895,0.020785524694091007
0.8280271309113348,0.8116979900166102,0.016329140894724592
0.6833158074463376,0.664592756493057,0.01872305095328053
-0.28627436549047397,-0.27361736081133464,0.012657004679139328
-0.20656217760907633,-0.2149200734560408,0.008357895846964475
-0.6784686606261505,-0.6636023025484982,0.014866358077652353
0.2550599020156984,0.25209717711584173,0.0029627248998566613
-0.921742563625702,-0.9033738644495003,0.018368699176201653
-0.768124202017883,-0.7493198576391079,0.018804344378775095
0.6210013465131244,0.6060891083859681,0.014912238127156363
-0.11872164738055226,-0.12157930826535047,0.0028576608847982188
-0.9388734168684566,-0.9280793645533747,0.010794052315081903
-0.0013574915073362168,0.0011882982261450462,0.0025457897334812633
0.8930673692331167,0.8652784512640284,0.027788917969088334
-0.9136882943427784,-0.8928664602590691,0.0208218340837093
0.1719040906101041,0.17376460284324685,0.0018605122331427637
0.8807469869810726,0.853205588387195,0.02754139859387761
-0.5948897635287642,-0.5890132177787268,0.005876545750037376
-0.8847103440967274,-0.8672436965382274,0.017466647558500026
0.10001494137933709,0.10107388480826925,0.0010589434289321603
-0.741271051422032,-0.7320223627017749,0.009248688720257081
0.21394260138613994,0.2029562792585981,0.010986322127541831
-0.969294396093796,-0.9491936870980044,0.020100708995791527
0.44053510075563096,0.4290931294851345,0.011441971270496454
0.7959823212001186,0.79010214196403,0.005880179236088634
0.7824113118559068,0.7693254484168862,0.013085863439020629
0.8257277066747258,0.8066753565142489,0.019052350160476905
-0.5112085799812927,-0.5152466030894629,0.004038023108170252
0.9344126023086712,0.9198151094953789,0.014597492813292257
-0.7490804506428188,-0.7381569879047051,0.010923462738113732
0.4290299000085101,0.4109263039718024,0.018103596036707692
0.8378884266859044,0.8258470219142324,0.012041404771671926
-0.9069522107833661,-0.894883887648201,0.012068323135165038
-0.8509159491057593,-0.8322052862364564,0.018710662869302896
0.7239383145677805,0.7200284319504469,0.003909882617333604
0.9490615877227507,0.9294350903525663,0.019626497370184404
-0.7473342027223948,-0.7413997225825831,0.005934480139811682
-0.8244103645237197,-0.816604550090495,0.0078058144332247
-0.41293630447357327,-0.3946632559815802,0.01827304849199307
0.8515921671384318,0.82883894067153,0.02275322646690181
0.6379848498470432,0.6387679056601147,0.000783055813071476
0.9593579944420391,0.942586845862932,0.01677114857910711
-0.05690517906970417,-0.040640768680575506,0.016264410389128667
-0.8791490638309557,-0.8748931655902484,0.004255898240707268
-0.42171977782686193,-0.4048054310389297,0.016914346787932244
-0.8889322831107045,-0.8691615676432551,0.01977071546744935
-0.3810169338938653,-0.35898098607966583,0.022035947814199486
-0.8297622945517716,-0.8141745999921818,0.01558769455958986
0.07486744800400917,0.08239060342246601,0.007523155418456842
0.466313041698259,0.4594235505379124,0.006889491160346595
0.3277385314603895,0.3131708314783146,0.014567699982074911
0.9687069155892077,0.9531070233725594,0.01559989221664837
-0.9113283338870247,-0.8973823782548329,0.013945955632191809
-0.5100879810432716,-0.4915224175278382,0.01856556351543337
0.9308025630408818,0.9120237688295759,0.018778794211305905
0.6107344213562265,0.5931815572005658,0.017552864155660708
0.10544603333841862,0.10769085979962953,0.002244826461210908
-0.44025773652032696,-0.4190810014924028,0.021176735027924165
0.7417378567324183,0.7287181214895229,0.013019735242895458
-0.9184369059443832,-0.9089223698405888,0.00951453610379438
-0.22228603598600863,-0.22179482551763965,0.0004912104683689744
0.9395975666233701,0.9283576755633862,0.011239891059983909
0.06466990162877535,0.07442414975644213,0.009754248127666773
0.17670924518148487,0.18486450805570692,0.008155262874222052
-0.7974715592380102,-0.775608565277703,0.02186299396030711
0.7932164911202405,0.7821356160576157,0.011080875062624784
-0.6869220326281903,-0.6741468543228032,0.012775178305387103
0.48826522988641813,0.4856544750182784,0.0026107548681397197
-0.26666914004345277,-0.28110196943445964,0.014432829391006874
0.9541133286966741,0.9426926559254734,0.011420672771200735
-0.34461494805206483,-0.3489584981067501,0.004343550054685286
0.4304873557680073,0.43352293465887676,0.0030355788908694725
-0.7468589412489383,-0.7308350453195321,0.016023895929406118
0.030619955675186064,0.0356608145428397,0.005040858867653639
-0.6499022279459499,-0.6481837915525875,0.0017184363933623326
0.5227436933361274,0.5114620588905819,0.011281634445545419
-0.6792104658417831,-0.6593228281061599,0.019887637735623187
0.5933617184936627,0.5899557985203313,0.003405919973331395
0.703942075826608,0.6914735885814064,0.012468487245201554
0.7888938181082896,0.7755343414697856,0.013359476638504009
-0.6051161070750485,-0.6046167098106467,0.0004993972644017353
0.7491420433451123,0.736482238500259,0.012659804844853295
0.5535854260312281,0.5441845698185577,0.009400856212670394
0.9370046812354246,0.9217409051729888,0.015263776062435785
-0.7222832790334967,-0.708263141756894,0.014020137276602673
-0.9640932148764253,-0.9464251225248719,0.01766809235155342
-0.7171307327534417,-0.7047982182049143,0.012332514548527462
0.29086373786354625,0.29498874035321343,0.004125002489667184
-0.27882545726437136,-0.2609076052475643,0.017917852016807068
0.33601524479877803,0.31967564328082,0.016339601517958047
-0.3425154501624968,-0.3260793112493607,0.01643613891313611
0.19774003239344123,0.203075300437401,0.005335268043959757
-0.013574142101351038,-0.024753907860236943,0.011179765758885905
-0.9319370336622488,-0.91635726986069,0.015579763801558788
0.9077791548774664,0.8879464971372943,0.019832657740172066
-0.7817466338662502,-0.7682478642117122,0.013498769654538001
-0.901904294881213,-0.8787439601164092,0.023160334764803836
0.7565441111982063,0.7376365927842014,0.018907518414004953
-0.044949340707161216,-0.057225751751603736,0.01227641104444252
0.8829649707327868,0.8658702844357784,0.017094686297008388
0.7318066618633342,0.7202272563788384,0.011579405484495764
0.6567161923208188,0.6358892617195887,0.020826930601230087
0.4931110019440237,0.48319159611231677,0.009919405831706918
0.9430485685360698,0.9329218323002382,0.010126736235831602
0.8153068965508146,0.8106039456331591,0.004702950917655491
0.20274529663103016,0.19036692180231257,0.012378374828717592
-0.6092817897440813,-0.5888168704325909,0.020464919311490415
-0.9061238428436295,-0.8925976072282195,0.013526235615409998
-0.9311089848607345,-0.9167696068115215,0.014339378049212925
0.5584963628539777,0.5421211560063809,0.016375206847596857
0.6051406263921418,0.5899119067330185,0.015228719659123313
-0.8664436599550444,-0.8439673677442165,0.02247629221082781
-0.4480416824149838,-0.4369237064126629,0.011117976002320895
0.906748621341944,0.8858581719588607,0.020890449383083265
0.9373664143811703,0.9234373004760942,0.013929113905076118
-0.40026152594940295,-0.39565501345568393,0.004606512493719017
0.03176757783524968,0.02787554856407608,0.003892029271173599
-0.09164482394554939,-0.10079476084123301,0.009149936895683622
0.4272071454899299,0.4206114583948866,0.006595687095043268
0.8296614850668613,0.8093149330479816,0.020346552018879693
0.5394401726805328,0.5272622851509704,0.012177887529562392
0.6153018797756203,0.6025079197658376,0.012793960009782723
-0.8252087921555952,-0.80853206095448,0.016676731201115125
0.6149229436701498,0.6068771350100739,0.00804580866007587
0.8321899454372637,0.8207070529262465,0.011482892511017195
-0.7210576961116145,-0.7031758939983102,0.017881802113304368
0.3981409314407268,0.40521916515752116,0.0070782337167943354
-0.4590539336442945,-0.4516330855273782,0.00742084811691629
0.5953295626034167,0.5838732751127371,0.011456287490679617
0.06990396692146494,0.058387527233127776,0.011516439688337168
-0.406878432248912,-0.410984951093351,0.004106518844438967
-0.07328378491831235,-0.06572017988080783,0.007563605037504514
0.12258049358231304,0.10435237122301393,0.018228122359299118
0.08128464619051146,0.0855385272053239,0.004253881014812444
0.49421144046751936,0.48269989984172634,0.011511540625793015
0.9208193104282532,0.8965027727841008,0.024316537644152314
0.7138063823145969,0.71133972329279,0.002466659021806872
-0.3354057149801394,-0.3231732693957801,0.012232445584359264
-0.5914953133588823,-0.57060448459004,0.020890828768842296
-0.4403527046387295,-0.4204494899272543,0.019903214711475214
-0.9529586185719482,-0.9326526482476605,0.020305970324287714
-0.6303416743011732,-0.6174076209015038,0.012934053399669354
-0.7446162231293838,-0.7325597818122491,0.01205644131713468
0.9254109028324911,0.9122955096357599,0.013115393196731162
0.8818228715765778,0.8679697220359462,0.013853149540631549
0.15955146313414298,0.1682269380522058,0.008675474918062809
-0.5998449052569996,-0.5997767796999234,6.812555707624846e-05
-0.14768827906626927,-0.14651236462349912,0.001175914442770154
-0.5125968963012998,-0.5137679987103978,0.0011711024090980127
-0.721155818207006,-0.6989067229649761,0.022249095242029893
0.4524438200934572,0.4428607985677889,0.009583021525668256
-0.9346941415692213,-0.9216368502184499,0.013057291350771383
0.898614185957125,0.881650601087988,0.01696358486913696
0.007461668348207662,0.02070847155810305,0.013246803209895387
-0.3185327128322734,-0.3186791505491476,0.0001464377168741704
-0.8443122635199832,-0.8244550289213658,0.019857234598617435
-0.34323595927189443,-0.33745163452005694,0.0057843247518374885
0.6840243348287661,0.6704603371762118,0.013563997652554338
0.7707194393960323,0.7666309148668085,0.004088524529223814
-0.9066031685241244,-0.8852054860420976,0.02139768248202678
-0.3273008219957869,-0.3333662728740051,0.006065450878218193
0.2882862701034655,0.281724759258065,0.00656151084540052
-0.1009268240926926,-0.1007058653268518,0.00022095876584080076
0.6468069349074077,0.6318071548625621,0.01499978004484559
0.04131068746797665,0.04241632396373745,0.0011056364957608006
0.3621087580988072,0.36009816006819007,0.00201059803061715
-0.9096517752348985,-0.8920982361929766,0.017553539041921917
-0.43692355665352584,-0.43622321486569426,0.000700341787831571
-0.020439192669171578,-0.008785565360941638,0.01165362730822994
-0.2575591006057222,-0.24345272806300114,0.01410637254272104
0.6603427387162195,0.6595302404673391,0.0008124982488804111
0.7669487856392792,0.7522246038768567,0.014724181762422406
0.6127214356762246,0.5927336070208035,0.019987828655421147
-0.9351244512196866,-0.9210071117615973,0.01411733945808924
0.015122299018967405,0.03504756843973817,0.019925269420770768
-0.8610136786959923,-0.8394202426098251,0.02159343608616726
-0.4627927298713358,-0.45146735344530986,0.011325376426025935
-0.954995258599563,-0.9397500903451248,0.015245168254438224
0.6487669494085138,0.6372343833604506,0.011532566048063186
-0.933462246866683,-0.918871549136176,0.01459069773050703
-0.9517514293244931,-0.9377217678121157,0.01402966151237739
-0.9208983267669971,-0.9033708907706809,0.017527435996316232
0.5492064588143094,0.5470396471607094,0.002166811653599998
-0.9137948442560694,-0.9083903621733141,0.005404482082755235
-0.734133816222609,-0.7110427512772857,0.023091064945323314
0.06527711872407949,0.05131401733480871,0.013963101389270774
0.5936867211690557,0.5779985438452889,0.015688177323766817
0.8988660532084254,0.8873435500866097,0.011522503121815686
0.5679388903749176,0.5591704208857966,0.008768469489121022
-0.3771338403308657,-0.3637294848814368,0.013404355449428917
-0.33867100938665434,-0.3318365004396825,0.006834508946971851
0.30479264294975267,0.2908239318354827,0.01396871111426995
0.07826112112948334,0.08707053020015104,0.008809409070667698
0.9553601039639649,0.9363003494052528,0.019059754558712116
0.7890683732801623,0.7847804633102454,0.004287909969916903
-0.9481059730367215,-0.9337646926835999,0.014341280353121655
-0.5553330169512397,-0.5453436892066735,0.009989327744566179
-0.8840686998628524,-0.8779102939335061,0.0061584059293463556
0.5698980861077086,0.5687047688214453,0.0011933172862633734
0.738762409661458,0.7354362715403417,0.003326138121116262
0.8352767706703667,0.8187568369059177,0.016519933764448935
0.36551009073378593,0.35501190158972534,0.010498189144060588
-0.00013392655882721457,-0.015616754431948855,0.01548282787312164
-0.49261100575676414,-0.48238200494280087,0.010229000813963274
0.32204243606297334,0.32685055535829255,0.004808119295319213
-0.7864714801552317,-0.7761181025716046,0.010353377583627088
-0.670439731912021,-0.6666886310501919,0.0037511008618290598
0.8982964484040304,0.887658711418841,0.010637736985189439
-0.8243153469271205,-0.8102575004428908,0.014057846484229697
-0.8902046372276253,-0.8711366434205606,0.019067993807064698
0.9556316537608043,0.9339797580715841,0.021651895689220213
0.6121153737732574,0.6000741054645418,0.012041268308715658
-0.35272137206627746,-0.33588105451192923,0.016840317554348228
0.7607835123249439,0.7557668976878329,0.005016614637111005
-0.3960099626111394,-0.40116364973046037,0.00515368711932096
0.9554262965905544,0.9371406715727705,0.01828562501778397
-0.010726536370870664,0.0071574990559878674,0.01788403542685853
0.32108713655660687,0.3347867759810684,0.013699639424461507
-0.9081345103454597,-0.8925012771475557,0.015633233197903995
0.12836529815093345,0.11523021314657998,0.013135085004353467
0.9460481330509263,0.9336093941345704,0.01243873891635583
0.9259430812334303,0.910296938101167,0.015646143132263313
0.5193275357870518,0.5023407055060529,0.0169868302809989
0.6007152684368215,0.5849114280519199,0.01580384038490168
-0.16863480208738033,-0.17422737498958185,0.005592572902201526
-0.8943849200019517,-0.8784600254875169,0.015924894514434795
-0.9228330173093912,-0.9083943961662752,0.014438621143116004
-0.855327751799831,-0.8314225809966785,0.023905170803152465
0.39764755333795887,0.37857278182674575,0.019074771511213118
-0.7851856326668281,-0.7718494303868124,0.013336202280015641
0.9211055991909075,0.9006237035300598,0.020481895660847682
-0.7698889049519124,-0.765123455206622,0.004765449745290473
-0.9385851241113015,-0.9278770142802117,0.010708109831089718
-0.9341973541661158,-0.9180251621221859,0.016172192043929945
0.9077984382593948,0.8986364611925783,0.009161977066816429
0.8993444682244427,0.8854873351007856,0.013857133123657106
-0.32870930421495265,-0.3283569733366426,0.0003523308783100476
0.9140692091994588,0.9044447758891722,0.009624433310286618
0.7852712998209842,0.7747545120180065,0.010516787802977712
0.07133315158615523,0.07287762292476442,0.001544471338609188
0.4708457660672418,0.4621223711333193,0.008723394933922546
-0.583771680849146,-0.5775059189984142,0.006265761850731799
-0.4110326255705512,-0.39764802458203685,0.01338460098851435
-0.3370974506913819,-0.3253152061921062,0.01178224449927573
-0.607678632800751,-0.5861118677890731,0.02156676501167787
0.4556653413875593,0.44555913438575756,0.010106207001801759
-0.2742067924705145,-0.2900990235323054,0.015892231061790885
-0.17675914975448542,-0.18346900556467038,0.0067098558101849615
-0.7418998951088029,-0.7162189152762719,0.025680979832531037
-0.9186827450209255,-0.9066122740374848,0.012070470983440718
0.023563426774945682,0.010734148713771494,0.012829278061174188
0.3803155292406305,0.36278359551904676,0.017531933721583737
0.8830122295590626,0.8726016520027154,0.010410577556347111
-0.2898028234816836,-0.2787710209494612,0.011031802532222412
0.90918945857489,0.8913739573971093,0.017815501177780635
-0.9159192149320964,-0.9021410480501203,0.013778166881976084
-0.8828898082404573,-0.8691189156833881,0.013770892557069203
-0.2652940933555663,-0.25173081274406955,0.013563280611496753
0.3943800143695666,0.39421716706339816,0.00016284730616844545
0.5588480145668402,0.537879217800502,0.020968796766338227
0.11011429906033593,0.10935537564747835,0.0007589234128575761
-0.6815386391490494,-0.6598218949596435,0.021716744189405945
-0.7692521883643829,-0.7493368201964618,0.019915368167921166
0.11216229650680073,0.10247551100952677,0.009686785497273961
-0.9351055164951196,-0.9191591691643116,0.01594634733080802
-0.3256186962793697,-0.3148162005594602,0.010802495719909488
0.8528264978881472,0.8363600805548445,0.016466417333302785
-0.8267784018210501,-0.822203551321214,0.004574850499836081
0.14289562558403213,0.12842995486834052,0.014465670715691603
-0.9394967882275057,-0.9284585495780433,0.011038238649462406
0.9064672513168207,0.8852895359606064,0.021177715356214266
-0.9559396315690387,-0.9461455332102713,0.009794098358767434
-0.3483772986797321,-0.3315875537652156,0.016789744914516513
-0.8846154897164207,-0.8835282375890849,0.001087252127335736
0.4864365605992924,0.4699508957423956,0.016485664856896787
0.3428689047094645,0.34766656735431395,0.004797662644849432
0.6132840393565755,0.6029935721430401,0.010290467213535437
-0.9061240378519662,-0.8966624628306229,0.00946157502134326
-0.8792369477229941,-0.862784297827529,0.016452649895465132
-0.5763639000331868,-0.5774414089814961,0.0010775089483092692
-0.7725989557044601,-0.7512346934286716,0.02136426227578858
-0.17655236437097482,-0.16935227105628956,0.007200093314685269
0.7385741859615298,0.7255014408157087,0.01307274514582113
-0.5724911108910515,-0.568919432718293,0.0035716781727584967
0.9440554886326312,0.9223900382093513,0.02166545042327994
0.9223904077322214,0.9044430431040921,0.017947364628129292
-0.6963572062112382,-0.6799167358699093,0.016440470341328894
0.3301834058960052,0.3235428307340395,0.0066405751619657005
0.749981149484668,0.7377303258034571,0.012250823681210887
0.646178567799158,0.6345820993186161,0.011596468480541966
-0.9301169213054862,-0.913353726978739,0.01676319432674722
0.6984309476896572,0.6836525032907762,0.014778444398880985
-0.1332875461707699,-0.13443443560980614,0.001146889439036236
-0.5747358350666685,-0.5563828351888693,0.018352999877799148
0.8711492172144931,0.8526192147064904,0.01853000250800274
0.2262329698997695,0.22354518519419675,0.0026877847055727377
0.621679161368718,0.622791577007169,0.001112415638450992
-0.5453916250576435,-0.529202995899812,0.01618862915783148
0.683956073880281,0.677434520701361,0.006521553178920003
-0.3100438194806465,-0.29423690405349084,0.015806915427155677
-0.40974326838219705,-0.4028008648472868,0.006942403534910269
0.9105957177177448,0.8915839852559097,0.019011732461835185
-0.8100485934031683,-0.7897196553060835,0.020328938097084803
0.5826898220559152,0.5773273038712343,0.00536251818468092
-0.5262970347079701,-0.5194059154683699,0.006891119239600174
-0.7437963123010305,-0.7301966497066387,0.013599662594391826
-0.9035724157013015,-0.889775129976704,0.013797285724597486
-0.9403679905146278,-0.9246479111995024,0.015720079315125424
0.9084690057960481,0.8981411746425356,0.010327831153512435
-0.9416860019349821,-0.9206920656155262,0.020993936319455897
0.930335613036664,0.9169831943328478,0.013352418703816205
0.7578381171577501,0.7435334015291775,0.014304715628572606
0.776827740916305,0.7549257715406088,0.021901969375696217
-0.9387619807713263,-0.9264539974467775,0.012307983324548855
0.009927854477877033,0.022648530712968386,0.012720676235091353
0.4235534403472718,0.42006605979632167,0.0034873805509501588
0.9712372976492168,0.9553491279613152,0.015888169687901632
-0.8309383642094597,-0.8160597448160456,0.014878619393414061
0.9091884499118627,0.8914712892528508,0.017717160659011855
0.8914221180747122,0.8710409969220316,0.020381121152680537
0.6471288038531686,0.6338914555351699,0.01323734831799872
0.026111433931114522,0.025693856656221488,0.00041757727489303426
0.11967911557701837,0.11426438526242443,0.005414730314593941
0.9546782902092819,0.934793326605035,0.019884963604246852
0.9267546845923997,0.9040653251895484,0.022689359402851328
0.09633291254061782,0.08113695634728968,0.015195956193328142
-0.8646904368529417,-0.858421751647717,0.006268685205224722
-0.21648276296406518,-0.20808819256786013,0.008394570396205059
-0.5166592647439748,-0.49614843967896316,0.020510825065011673
-0.8094468224431841,-0.7923127682929687,0.017134054150215405
0.8949748292756058,0.8781881121376334,0.016786717137972418
0.7924208962043372,0.7808644832111858,0.011556412993151355
0.352668768584177,0.34658325723409755,0.006085511350079453
-0.9142072412659721,-0.9124103781844959,0.0017968630814761966
-0.8473824785133286,-0.8368634757995129,0.010519002713815673
0.7395673977973938,0.7188307741860878,0.020736623611306015
-0.8599567903764892,-0.8444687213451669,0.015488069031322271
-0.8851473063408193,-0.8650239770664884,0.020123329274330914
-0.15769769285262886,-0.14619259465057732,0.011505098202051534
-0.9520493928888548,-0.9348633488858392,0.0171860440030156
-0.12069741613714369,-0.10877944223331912,0.011917973903824569
0.8018182368714223,0.7869286513682602,0.014889585503162106
-0.7759384197110915,-0.765901784007064,0.010036635704027463
0.13904796859265534,0.13720366613546028,0.0018443024571950517
0.9336867132986352,0.9218897389529772,0.011796974345657962
0.691365865851382,0.6766314619180461,0.014734403933335916
-0.8724472384708002,-0.8538984706489423,0.01854876782185788
0.3784869516414833,0.36438783898753596,0.014099112653947365
-0.6228170989907003,-0.6156871176680049,0.007129981322695378
0.6350967938490069,0.6192822372927498,0.015814556556257076
0.6804466955356451,0.672362778855933,0.008083916679712089
-0.7758006375538389,-0.761109598269452,0.014691039284386864
-0.8436010823150036,-0.8359784961792056,0.007622586135798026
0.16357378636088285,0.166253313155004,0.0026795267941211454
0.4834207291753117,0.4838366437471649,0.00041591457185319314
0.8119936556021837,0.8007897236984679,0.011203931903715825
-0.06260498884307517,-0.059098844108568756,0.00350614473450641
0.8654145705892017,0.8426298045130121,0.022784766076189622
-0.842360433204721,-0.8314537706230762,0.010906662581644744
0.9424483016281314,0.921875684615836,0.020572617012295402
-0.0863157593394875,-0.07475171829514127,0.011564041044346232
-0.8719047789559728,-0.8628347611831686,0.00907001777280425
-0.3850700905321002,-0.36418693472862246,0.020883155803477715
-0.09147204824530179,-0.10579175395945979,0.014319705714157999
0.13295295985218444,0.12349336875450811,0.009459591097676329
0.3920816807041802,0.3776607706876572,0.014420910016523014
-0.8603924030545054,-0.8441380336612168,0.016254369393288615
0.8700343498538929,0.8535398860088879,0.01649446384500508
0.819343882995344,0.8073278619790001,0.012016021016343914
0.6871294712636958,0.677045491492419,0.01008397977127684
-0.401375205302649,-0.41008138776360553,0.008706182460956557
-0.45555238632113126,-0.44208087475905766,0.013471511562073601
-0.9297838034014081,-0.9090726780956654,0.020711125305742706
-0.8995517681542308,-0.8869853713494666,0.012566396804764124
0.4199945628328777,0.4130013101281004,0.006993252704777353
-0.8229064933488413,-0.8096261095983148,0.013280383750526426
0.9409167521402737,0.9301772909013999,0.010739461238873815
-0.07826954183806163,-0.0933619092449753,0.015092367406913665
0.40853363770184564,0.3909459313797749,0.01758770632207074
0.8525156616244616,0.8313595889151395,0.02115607270932207
0.2161569378613111,0.21812156323297244,0.001964625371661338
0.08862127520622784,0.08352638822360633,0.005094886982621505
-0.9077121589553282,-0.8927343280505806,0.01497783090474758
-0.030626608039061882,-0.022119891910798804,0.008506716128263078
0.8555414518821239,0.8488615037996297,0.00667994808249428
0.2152594052107018,0.20070988413413274,0.014549521076569066
0.8682468304248656,0.8475393213921759,0.020707509032689697
-0.7726782455900119,-0.753825264549692,0.01885298104031985
0.21081849494101537,0.21108128959933836,0.0002627946583229901
0.8267566747508299,0.8213778196915007,0.005378855059329224
-0.6835625908206416,-0.6767135263725452,0.006849064448096409
-0.8187540283901873,-0.8044044595710558,0.01434956881913152
-0.9181396379714571,-0.9072056127049257,0.010934025266531422
-0.8700829086659316,-0.8488406755220723,0.021242233143859313
0.49948589197335924,0.5007665446207956,0.0012806526474363755
0.9425110887960851,0.9308150835352023,0.01169600526088288
0.8537882428531188,0.8373338500502979,0.016454392802820905
0.7053175443428238,0.6936680846327167,0.011649459710107113
0.7027524096418578,0.7002943596797688,0.0024580499620889817
-0.5667123689150971,-0.5609436692619553,0.005768699653141862
0.9325775403231698,0.9103685300491102,0.022209010274059526
-0.8111792744182912,-0.798037641740471,0.013141632677820203
0.9251512358355161,0.91065731020303,0.014493925632486082
0.7165237736921802,0.6957113121156245,0.020812461576555696
-0.6802301294023178,-0.669809451528034,0.010420677874283801
0.14232509767808202,0.14354959401444542,0.001224496336363401
-0.7121457385326116,-0.6934064061491692,0.018739332383442497
-0.0855707880954418,-0.07097279949742503,0.014597988598016767
0.9169800846528494,0.9031548118825182,0.013825272770331187
0.02485852473599048,0.026000537762752213,0.0011420130267617325
-0.6288485820732187,-0.6234816241745662,0.005366957898652491
0.6489323688854691,0.6432026302357937,0.005729738649675409
0.8319995535223546,0.8273125596017716,0.004686993920582916
-0.8936871421382733,-0.8834698427922407,0.010217299346032549
-0.9372927036419489,-0.9225293808651437,0.014763322776805254
-0.951108671919385,-0.9346778817397612,0.01643079017962379
-0.6510249303990429,-0.6395959475779263,0.011428982821116596
0.967120327399195,0.9496973752518144,0.017422952147380544
0.3412647589079222,0.35507361022739803,0.013808851319475846
-0.8155765057593249,-0.7941499672297859,0.02142653852953902
-0.377859750233766,-0.37623238804914166,0.001627362184624337
0.8636924903400186,0.8476900219047193,0.01600246843529929
0.9327176542331547,0.9217246709555909,0.010992983277563817
0.9071081669906519,0.8986932552850956,0.008414911705556305
0.34539344003286654,0.3390480422504815,0.0063453977823850205
0.1188124751741853,0.11332955769130494,0.0054829174828803645
-0.05694314857388539,-0.06716813925961593,0.010224990685730538
0.030468553168517785,0.03323675738561364,0.0027682042170958515
-0.30285754937165826,-0.2858195688108541,0.01703798056080419
-0.7251707090251576,-0.7140681755882662,0.011102533436891382
0.28321246789421106,0.2865340363179522,0.0033215684237411502
0.44427465772988506,0.42437629369713725,0.019898364032747806
-0.825824292630365,-0.8119848739108628,0.013839418719502228
0.32443893611297153,0.30740870283516064,0.01703023327781089
-0.9349966843132954,-0.9133417899971824,0.021654894316113005
0.9280600047285109,0.910202239145361,0.017857765583149887
-0.09095974240464136,-0.09317992596109699,0.002220183556455632
-0.09633246726730003,-0.07930506616117593,0.017027401106124107
-0.9244722306867965,-0.9036239316384148,0.020848299048381702
0.9489484020623187,0.9389972499762034,0.0099511520861153
-0.9477838742319872,-0.9369704257166038,0.01081344851538335
0.7701426338259446,0.7596280150085771,0.010514618817367483
-0.48284930609480237,-0.47758870342560816,0.005260602669194203
0.9104559629016516,0.8957255695008002,0.014730393400851471
0.0008448047135564356,-0.014734894672116925,0.01557969938567336
0.7340125405897292,0.7125790631125366,0.021433477477192597
-0.6630377704417528,-0.6430738313074325,0.019963939134320374
0.5979088553796172,0.5767794448268267,0.021129410552790495
0.7996263877969865,0.7932362924589317,0.006390095338054791
0.9140949305874172,0.9023293141676005,0.01176561641981666
0.21684201871361888,0.2171706968626129,0.0003286781489940105
0.5709717157871537,0.552792849548707,0.018178866238446667
-0.8548099253114593,-0.8401270377136918,0.01468288759776748
-0.7847948444317984,-0.7778906796408446,0.006904164790953793
-0.8714992646531968,-0.857888114985423,0.01361114966777388
-0.9083941603026892,-0.8956640055923473,0.01273015471034189
-0.8933038925586018,-0.8764976179966497,0.01680627456195205
-0.8751844760006219,-0.8616605166946537,0.01352395930596817
-0.19640806614034,-0.19223883241198353,0.004169233728356481
0.05394567427047599,0.0628247830659847,0.008879108795508711
0.8689949496096206,0.8557194571974077,0.01327549241221293
-0.04251686902474821,-0.04893287082326759,0.00641600179851938
0.9337687469707943,0.9233503862787997,0.010418360691994533
0.07489353808079649,0.07866670504355032,0.0037731669627538295
0.7753361545818412,0.7578518083134407,0.017484346268400563
-0.6563106818208037,-0.6490923392973511,0.007218342523452548
-0.9535121580457468,-0.9389301041051347,0.014582053940612183
0.8637738057803009,0.855055623056237,0.008718182724063994
-0.7077166565443364,-0.6907420466367388,0.016974609907597582
0.6375481804430511,0.6187350615483519,0.018813118894699166
0.7915287106001035,0.7688291917652157,0.022699518834887855
0.23757182129102616,0.22481945908250214,0.01275236220852402
0.5754031196811323,0.5657987269103691,0.009604392770763193
-0.8439396408791926,-0.8260093478557694,0.017930293023423194
-0.44260112494628984,-0.43974489344207635,0.002856231504213491
-0.3920147011652813,-0.37807907394270807,0.013935627222573244
-0.8188854043940229,-0.8070935345596857,0.01179186983433722
0.9415802611665465,0.9309704649673648,0.010609796199181676
0.17718719662882748,0.1857260937389285,0.00853889711010103
-0.8675394017415902,-0.8460895157383662,0.02144988600322395
0.9230158032058879,0.9146237149440464,0.008392088261841568
0.874917719049153,0.8526000235667847,0.022317695482368394
-0.9054493352851465,-0.8940702108305838,0.011379124454562684
-0.48450621069846367,-0.4759150212465308,0.008591189451932879
-0.9673035625642641,-0.9509448784924116,0.01635868407185248
-0.20742494502732584,-0.19833671740372605,0.009088227623599787
0.0031618667167721878,-0.007608918108323727,0.010770784825095914
-0.47891596000113973,-0.46767588954493056,0.011240070456209172
-0.9033160092569374,-0.8923607607320709,0.010955248524866512
-0.6829605363935336,-0.6814805775713438,0.0014799588221897642
0.7424352585472596,0.7387613953355748,0.0036738632116847247
0.49679176413519777,0.49583598910603205,0.0009557750291657174
0.9342484994122635,0.9127011647707566,0.021547334641506932
0.8462640514004317,0.8262567525531971,0.020007298847234622
-0.9713600278721256,-0.9510466956157579,0.020313332256367667
0.8467167593195101,0.8388989545407841,0.007817804778725956
-0.40532632888684494,-0.40326803052054166,0.0020582983663032794
-0.04431567954013114,-0.04007164115472593,0.004244038385405206
0.9308745077188844,0.91507122163525,0.01580328608363435
-0.3669393208580519,-0.3606584486751568,0.006280872182895136
-0.9191325448423298,-0.904524520469863,0.014608024372466777
0.6364104248619897,0.6158237496765546,0.02058667518543511
0.18062696583189194,0.16583880143191304,0.014788164399978904
-0.3943257753652619,-0.3908489117019082,0.003476863663353702
-0.5786559322302595,-0.5621263346040887,0.01652959762617079
0.01391715371014977,0.012339513974239588,0.0015776397359101822
0.5486771340244657,0.5390612178979788,0.009615916126486934
0.7945397177491617,0.7866268542707221,0.007912863478439558
0.8708173422885949,0.865290280243299,0.00552706204529585
0.8847237466931964,0.8710384273687497,0.01368531932444672
0.9403571439189357,0.9191595442135574,0.021197599705378267
-0.8579403099418808,-0.8500704499692401,0.00786985997264067
-0.5379158723734329,-0.5294776364859666,0.008438235887466283
0.5766120944544028,0.5793040318074367,0.0026919373530339685
0.6584450531841682,0.6487960434766828,0.00964900970748539
-0.6676994088535798,-0.6485509747773679,0.019148434076211918
-0.8026197663517572,-0.7841574282324489,0.018462338119308308
-0.8927636661503788,-0.8760230645691155,0.016740601581263337
-0.5112060245688523,-0.5149901615521753,0.0037841369833229166
0.7348474123820328,0.7197861677721167,0.015061244609916091
0.07107033302680246,0.09273315013879857,0.021662817111996108
0.7144563486440696,0.7016318942430718,0.012824454400997776
-0.11610617241455685,-0.10992724360989077,0.006178928804666084
-0.945267876056807,-0.92871401114232,0.01655386491448696
0.7354993112801617,0.7173030746239608,0.018196236656200848
0.03156344315935407,0.02952156927773491,0.0020418738816191592
-0.9172677379110593,-0.9074537760399048,0.009813961871154464
0.5934477450902292,0.5818699203175091,0.01157782477272018
-0.5389971186121519,-0.5350521277401978,0.003944990871954102
0.4078132391608094,0.3969184908444654,0.010894748316344016
-0.3690635951411481,-0.3640438407098698,0.005019754431278334
0.39255560976184706,0.3750139733928545,0.01754163636899253
0.8634435334027956,0.8538529665175372,0.00959056688525839
0.7569604168008416,0.7472600914806727,0.009700325320168846
-0.9440760027593911,-0.9275367909209643,0.01653921183842677
0.8228968249179979,0.8184055118709237,0.004491313047074175
-0.9402871554466479,-0.920371813688292,0.019915341758355853
0.42242560820438235,0.4180391068283704,0.004386501376011931
0.9502374512992884,0.9291000200579576,0.02113743124133083
-0.27859851149091525,-0.2640904325442402,0.014508078946675051
0.9272455779699276,0.90943354673723,0.01781203123269759
-0.7102879381507446,-0.6963582754548001,0.013929662695944534
-0.7528562837214097,-0.74291398406343,0.009942299657979659
-0.25764286096233374,-0.2630631682362552,0.005420307273921454
0.9531028802186261,0.934223934144324,0.018878946074302072
-0.8061972437195034,-0.7896580165804813,0.016539227139022117
0.36935930418959007,0.35929404128997483,0.010065262899615235
-0.1738153329433244,-0.17904712094939915,0.005231788006074739
0.498148685776998,0.487796408859395,0.010352276917602987
0.06975160260901894,0.06752952643687532,0.002222076172143622
0.6998749621307329,0.6787752159844033,0.02109974614632959
0.8750294103964332,0.8572283273370558,0.017801083059377443
-0.7256103218655104,-0.7138067884274504,0.011803533438060065
-0.5704857950503759,-0.5582852153798796,0.012200579670496259
-0.8619492961849318,-0.8538768191901137,0.008072476994818056
0.9444363295526179,0.9339146609578076,0.010521668594810296
0.08444354167137856,0.06892029532107515,0.015523246350303416
-0.6302216216809048,-0.6154329728305344,0.014788648850370345
0.7456495325989367,0.7308036680898987,0.01484586450903802
-0.9398195833790453,-0.9248873038535148,0.014932279525530445
0.9362045289307547,0.9223713485286804,0.013833180402074263
-0.3025680421349754,-0.29097240862389845,0.011595633511076953
0.13921806830498107,0.13577413993627596,0.003443928368705107
0.9385850910538523,0.925489797201605,0.013095293852247392
-0.9408549633028254,-0.9281742661870652,0.012680697115760142
0.8537290506823751,0.841826773025175,0.0119022776572002
-0.2130842331473119,-0.2284986276820211,0.015414394534709192
-0.6456708985494344,-0.6376687237246842,0.008002174824750186
0.006917754086047195,0.022521405798671904,0.015603651712624709
-0.5020051345805209,-0.5034260894422126,0.0014209548616916923
-0.6832997590307648,-0.6828714209528784,0.0004283380778863366
0.4392147281411257,0.42572108392336805,0.013493644217757672
0.9246389920121271,0.9099943305869616,0.014644661425165517
0.8785996726803087,0.8610953314013997,0.017504341278908986
0.677081754889679,0.6747426247355531,0.0023391301541259013
0.9243932277288452,0.905320966550475,0.019072261178370242
0.6644010075314435,0.6536021666482663,0.010798840883177174
0.323089404765348,0.30379548358997366,0.019293921175374318
-0.9454025799410951,-0.9257015247346444,0.019701055206450713
0.341379816393081,0.34484651735072824,0.0034667009576472285
0.6559243419729607,0.6523076099381018,0.003616732034858905
0.9301616416839635,0.908325263038488,0.021836378645475496
0.8783462836275354,0.863829839933798,0.01451644369373739
0.8942769416683852,0.8802320755484213,0.014044866119963917
0.816305493513796,0.8139036484435922,0.0024018450702038008
-0.7682082980948446,-0.7552136746228602,0.012994623471984434
-0.2841184936637944,-0.2749148843797301,0.009203609284064274
0.5266106697898278,0.5162432615797908,0.01036740821003701
-0.6169728276995112,-0.5974212391889386,0.019551588510572593
-0.853161574355337,-0.8413009126231782,0.011860661732158828
0.4674392904953017,0.4513069053454053,0.0161323851498964
-0.050413624027442615,-0.050448721695596326,3.509766815371074e-05
-0.4416038061273087,-0.4402633188193341,0.0013404873079745916
-0.6943897056552107,-0.681616802560592,0.01277290309461876
-0.56599390204042,-0.5642058912824026,0.0017880107580173776
0.5626685853937059,0.5509000077818418,0.011768577611864117
0.520962488589604,0.501568437365577,0.019394051224027042
0.8492771492800327,0.8331017027586275,0.016175446521405235
-0.9079623487370077,-0.8867940575309944,0.021168291206013268
-0.06395011825324418,-0.05985154425834568,0.004098573994898498
-0.8686261708876892,-0.8494611167157415,0.019165054171947693
-0.00894449092277476,-0.008941370243281574,3.120679493186229e-06
-0.839261827759699,-0.8259815209556944,0.013280306804004605
0.8351380814849249,0.8147547475027217,0.020383333982203156
0.899747295119746,0.8771596398889547,0.022587655230791315
0.9563975349238787,0.933058153688405,0.023339381235473744
-0.20995608896763085,-0.2259898564413046,0.016033767473673743
0.9433482811862683,0.9228169435515299,0.020531337634738467
-0.9281580878998241,-0.9155437919868161,0.012614295913008
-0.4413122344619579,-0.4211374478666691,0.020174786595288763
0.8759544448361256,0.8532389254360555,0.022715519400070106
0.24772235612929647,0.24617376700784085,0.0015485891214556124
0.40249663250668277,0.3872614948592094,0.015235137647473362
0.7776051407055469,0.7690871899250437,0.008517950780503214
0.7568947021228357,0.7548280362763959,0.0020666658464397747
-0.5136069082047143,-0.4941274370442543,0.019479471160460005
0.13546195777877715,0.14475595066147534,0.009293992882698193
-0.25935433480359177,-0.2361725124387132,0.023181822364878563
0.252770730848325,0.2610289860326695,0.008258255184344476
-0.6688121541214859,-0.6552917321688593,0.013520421952626593
-0.33651399402974697,-0.34700713779390924,0.010493143764162272
0.6416618794796525,0.6235637025570206,0.018098176922631826
-0.71612575129745,-0.7132828638909867,0.0028428874064633236
-0.9256655023348586,-0.91738135569502,0.008284146639838563
0.8711155394118127,0.8547623593357162,0.01635318007609654
-0.713439874223682,-0.7018857856455597,0.011554088578122346
-0.8047887094683891,-0.7854035560410912,0.019385153427297852
0.9238076008800062,0.9091147865810981,0.014692814298908119
0.6720283679003579,0.6596303121302675,0.012398055770090455
0.10528252845050591,0.10603910719749329,0.0007565787469873825
0.7884785573812114,0.7671735452260192,0.021305012155192204
0.0304284029509275,0.02574379484965754,0.004684608101269961
-0.012003604978999915,-0.029527608632406534,0.017524003653406617
-0.9204014202088484,-0.907932202861682,0.01246921734716644
-0.9099852646863305,-0.9015791827021017,0.008406081984228764
-0.6536761193434112,-0.6394815627686423,0.014194556574768868
0.699929989116049,0.6973832915100562,0.002546697605992798
0.5638677405347365,0.5575365948146463,0.006331145720090192
-0.3875727062552025,-0.3952847884949118,0.007712082239709261
0.3037833889199364,0.30621019696348517,0.002426808043548778
-0.9674583033511299,-0.9504177560442457,0.0170405473068842
-0.21758962885400052,-0.21637829565974204,0.0012113331942584793
-0.6936627316682671,-0.6815615676729906,0.012101163995276498
-0.7654789749970835,-0.7442581290297745,0.021220845967309
-0.8613124387093597,-0.8542996247447493,0.007012813964610398
-0.5430593533408014,-0.5270600272026149,0.015999326138186443
-0.6123112249690493,-0.6029197713785391,0.00939145359051019
-0.8973222476567396,-0.8834943110559539,0.01382793660078574
-0.9435782831246464,-0.9286836803302483,0.014894602794398137
-0.41365016667187726,-0.4094991242313651,0.004151042440512176
0.09680836194178538,0.08671963886676316,0.010088723075022218
0.8496325333434969,0.8295626271294054,0.020069906214091437
0.47467798739429373,0.46428171586168004,0.010396271532613688
0.5121215936450637,0.4970521579918163,0.01506943565324742
-0.7321617505859055,-0.710124640205383,0.022037110380522473
-0.9485545594165801,-0.9260230173695753,0.022531542047004804
-0.7955242060113439,-0.780346916416558,0.015177289594785925
0.7608105070165466,0.7466123289084732,0.014198178108073445
0.21496566929930072,0.20181266414523885,0.01315300515406187
0.6793287656420381,0.6802815275431345,0.0009527619010963884
0.8650179566039736,0.8505503824317092,0.014467574172264408
-0.2877170234141977,-0.2734274979120214,0.01428952550217627
0.6777427935560476,0.6689845684846552,0.008758225071392456
0.8781674976845764,0.8662310193219477,0.011936478362628677
-0.08103469968162468,-0.08492758493258874,0.0038928852509640677
0.6095087631299014,0.6051141825986768,0.004394580531224657
0.9483508011083722,0.9333776808042414,0.014973120304130783
0.007148368351730197,0.01368451956089711,0.0065361512091669125
-0.9309155876569403,-0.9091160877458208,0.021799499911119513
0.8267775464781767,0.8071831872138001,0.019594359264376582
0.06016907161056526,0.05639432801967296,0.0037747435908923044
0.9484093080808276,0.9341165476018585,0.014292760478969102
0.18857019762511368,0.17289980704106978,0.015670390584043903
-0.8196758789171217,-0.8010487649102678,0.018627114006853907
0.4663906361571457,0.4554586446659857,0.010931991491160031
0.362334424314844,0.3691813817845282,0.006846957469684223
-0.8391345721797531,-0.8246585751957193,0.01447599698403379
-0.9565818002058936,-0.9385118449040457,0.01806995530184785
-0.865272263786647,-0.8519232152491732,0.013349048537473762
0.7984106782555808,0.7858554431715307,0.012555235084050098
-0.09454220294715387,-0.0928950307800561,0.0016471721670977685
0.06395806567892914,0.05156578205090656,0.012392283628022582
0.05128031701163544,0.06200066773612415,0.010720350724488709
-0.7865345779750618,-0.7663947970744963,0.02013978090056545
-0.26370680074752584,-0.24901912434390178,0.014687676403624061
-0.5586477596481464,-0.5444715178587795,0.014176241789366939
0.9392880937720761,0.926564686792671,0.012723406979405105
0.8718271820800126,0.8562736668228816,0.015553515257131001
0.8971473383032805,0.8759427344430918,0.021204603860188742
0.6298539665957631,0.6250760100939624,0.004777956501800684
-0.5297340058773045,-0.5284846162632564,0.0012493896140480798
0.47394028461498144,0.46309270183241685,0.010847582782564591
-0.23930685531734797,-0.2286355729026094,0.010671282414738553
0.22422366881902672,0.21728556129341914,0.006938107525607584
0.19246495909872438,0.1827938042608857,0.009671154837838675
0.9594384850537606,0.9460041011005711,0.013434383953189521
-0.06760149520846098,-0.07286242836052116,0.005260933152060179
0.7941742123291952,0.7812173647138048,0.012956847615390399
0.9432554153494584,0.9247030417503432,0.018552373599115213
0.16030330761623104,0.14458404080759932,0.015719266808631727
-0.972953310831823,-0.9653273372624146,0.007625973569408417
-0.8901440643828262,-0.8689228336013709,0.021221230781455325
-0.6374859493190379,-0.6295628433085965,0.007923106010441439
0.728597916559801,0.719591008903637,0.009006907656163965
-0.971609404091381,-0.9567894030014633,0.014820001089917656
-0.7766500722420354,-0.7651407151728586,0.011509357069176773
0.7515612051102859,0.7397824924439821,0.011778712666303814
0.4369347367663625,0.4197422059300956,0.017192530836266928
-0.6404331579554862,-0.6247587255116186,0.01567443244386757
0.049781003130097715,0.04252823669513882,0.007252766434958896
0.23941752891949888,0.23691089854165048,0.002506630377848401
-0.37670572453600876,-0.3897092273196758,0.01300350278366702
0.6522639921246833,0.6461170805939055,0.006146911530777843
-0.8700673895709098,-0.8631966664008495,0.006870723170060322
0.2422289079474577,0.23509986002352537,0.007129047923932319
-0.2954503530065292,-0.28584250009857076,0.009607852907958458
0.01912899571470546,0.015435137496351716,0.0036938582183537443
-0.873071316585237,-0.8609934388300646,0.012077877755172328
-0.9218695372013433,-0.907339640024965,0.014529897176378315
0.038461908260826835,0.03630228123024824,0.0021596270305785925
0.6236048612616346,0.6124593345451061,0.011145526716528464
-0.9377417178476058,-0.9271824228738901,0.010559294973715772
-0.8520266545536253,-0.8486813523110179,0.0033453022426073176
0.7529414119063158,0.7377719199112313,0.01516949199508455
-0.8238986556860276,-0.8010077605980388,0.022890895087988805
-0.39527245950210843,-0.38708864593731995,0.008183813564788478
-0.8173413711922,-0.7983154388195233,0.01902593237267669
-0.4523764463621355,-0.4596085139370137,0.007232067574878209
0.6887525011543508,0.6716420458979208,0.017110455256430068
-0.920334786123037,-0.9000729773647295,0.02026180875830752
0.5303662658714984,0.5117267280510716,0.01863953782042682
-0.5306817572210598,-0.5374158646891661,0.006734107468106321
0.8563109732546696,0.8391625432147082,0.01714843003996147
-0.36025636226050645,-0.350902290703602,0.00935407155690443
0.7410271347975771,0.7307761376172339,0.010250997180343169
-0.8988879318050598,-0.879619553463775,0.01926837834128481
-0.5017494020231293,-0.48344259941371315,0.018306802609416195
-0.9344158784167801,-0.9191732130900174,0.015242665326762661
0.8384773532400194,0.8188185264816336,0.019658826758385817
-0.8574066299816004,-0.8506720723438359,0.006734557637764538
0.27090912463867395,0.2767884515792411,0.005879326940567142
0.6162659574868904,0.6070784555916021,0.009187501895288275
0.7396376932716826,0.7241512547389938,0.015486438532688829
0.3471636842473748,0.34381171466397326,0.0033519695834015595
0.9189534782925822,0.9038873612742361,0.015066117018346148
-0.7622803547040345,-0.7565183813322839,0.005761973371750662
0.9301154140157898,0.9143811450775489,0.015734268938240925
-0.20146107102051786,-0.18690287039512132,0.014558200625396533
0.32333418312197315,0.329148886505696,0.0058147033837228634
0.9365032033548099,0.9204596463252599,0.01604355702954996
0.37763111268348476,0.3731043200019852,0.004526792681499581
0.2104371394794364,0.20827332824392694,0.0021638112355094608
-0.8611267707107774,-0.8407780864737437,0.02034868423703362
-0.8206045458798864,-0.8050902387453021,0.015514307134584349
0.04802132015250291,0.05166938030186429,0.003648060149361379
0.9331051580718411,0.9170765052622508,0.016028652809590316
0.7944782742648883,0.7858879069092508,0.008590367355637452
0.7594084033464825,0.7564065684531359,0.0030018348933466
-0.8302981549580568,-0.8132238255299374,0.017074329428119372
0.9523996954764951,0.9384144449595634,0.013985250516931669
0.9283967582292056,0.9195901366341082,0.008806621595097486
-0.7233436459192827,-0.7164676096659879,0.006876036253294804
-0.9486918417447487,-0.9351734513455955,0.013518390399153257
-0.09720521153380075,-0.09461274631010225,0.0025924652236985063
0.8303183057872935,0.8257492008623738,0.004569104924919687
-0.08536370977813183,-0.07673055625775149,0.00863315352038034
-0.9199162017335465,-0.90737954526092,0.012536656472626473
0.36302794251829096,0.36388439926568866,0.0008564567473977047
0.7354014070179316,0.7174977368313132,0.017903670186618315
-0.8485495017168316,-0.8380049977380722,0.01054450397875939
-0.08427249890522504,-0.07205539160833692,0.012217107296888116
0.7377449069714844,0.7334003034501243,0.004344603521360124
-0.9536389721863249,-0.937554443956502,0.01608452822982287
0.32127016912031314,0.3241927372978756,0.002922568177562479
0.40623794767196564,0.41159827426038753,0.005360326588421893
-0.631918541030168,-0.6180475928766099,0.01387094815355805
0.8591395638321998,0.8445394208847173,0.014600142947482464
0.9544159391809767,0.9386620153091096,0.015753923871867026
-0.9586838726053692,-0.9483115209912477,0.010372351614121533
-0.8392217340052772,-0.8270508435870424,0.012170890418234825
0.860051166441106,0.8419489119180217,0.018102254523084338
0.9459517579360647,0.9269719586668055,0.01897979926925919
-0.36737258174338694,-0.35791526987837374,0.009457311865013196
-0.6312412191546692,-0.6281833602147298,0.003057858939939484
-0.7062725874507831,-0.7058881025105408,0.0003844849402423467
0.9425040157048212,0.9255971202096643,0.016906895495156893
0.3324494582175957,0.33246808875970957,1.8630542113873272e-05
-0.00023776312079409794,0.003398232826644844,0.003635995947438942
0.433264211287809,0.41703074514074207,0.016233466147066944
0.2400452484045642,0.223789022459736,0.0162562259448282
0.942590743882922,0.9311366649800049,0.011454078902917053
0.3023009187591365,0.3097809150365588,0.007479996277422296
-0.6779604561069538,-0.6650504334385905,0.012910022668363275
-0.9151521066225197,-0.906217067702523,0.008935038919996696
0.8340124254500413,0.8132661271388902,0.020746298311151046
0.8247890237941309,0.8190474610686953,0.005741562725435578
0.6057096855077815,0.605394973670828,0.00031471183695352956
0.12581740575925024,0.11942225478765059,0.00639515097159965
0.8031711399403132,0.7902577982365885,0.012913341703724712
-0.9306764681148227,-0.9164904153984391,0.014186052716383624
0.4058365192473394,0.388186599325598,0.017649919921741364
-0.8445350680823304,-0.8318057333400924,0.012729334742237919
-0.8793273987216892,-0.8615875779878728,0.017739820733816414
0.6468294833998317,0.6272685489996905,0.019560934400141172
0.8721436206720706,0.8568479545226264,0.01529566614944422
-0.9192120293511746,-0.8998300664213519,0.01938196292982275
0.6192774732094575,0.6008143781420656,0.018463095067391855
-0.7171588881432306,-0.697021858659388,0.02013702948384255
0.9634287533823418,0.9503551390415094,0.013073614340832429
0.7225334468673148,0.7082653623799671,0.014268084487347732
-0.12545812072542928,-0.14604084390567212,0.020582723180242846
0.6981915675324473,0.6806666931833534,0.01752487434909389
0.7910084436549835,0.7845615714653801,0.006446872189603381
0.2879319152521286,0.2736741250264136,0.014257790225714995
-0.9655230480675493,-0.9506331726592568,0.014889875408292452
-0.08787182083297773,-0.10090412451986942,0.013032303686891691
-0.9430303779179473,-0.9303323811707843,0.012697996747162987
-0.32517572835293845,-0.3238085360233857,0.0013671923295527355
-0.7943599696989667,-0.7843577025664024,0.010002267132564358
-0.4668233997814339,-0.4437035073740849,0.023119892407348963
-0.5333748960137042,-0.5306262720685034,0.002748623945200812
0.9382463578491582,0.9192376781272624,0.019008679721895794
0.76136150508352,0.7464199244357168,0.014941580647803154
0.9178725417593486,0.905965930937844,0.01190661082150457
0.3635431852669291,0.36672539881235433,0.00318221354542525
0.11131816766390648,0.0996623126082851,0.011655855055621375
0.7422407700454803,0.7230096002698757,0.019231169775604573
0.27800585656638255,0.26397512381752125,0.014030732748861297
0.5334602111533672,0.5115670161069811,0.021893195046386094
0.9677993923318802,0.9534254066359261,0.01437398569595405
0.015568259271386737,0.011657606529934824,0.003910652741451913
-0.5824262119800871,-0.5724239346214876,0.010002277358599598
0.4944162307122245,0.49970364944527895,0.005287418733054439
-0.5383221539146003,-0.5222302579529116,0.016091895961688696
-0.9324537318206405,-0.9177623120232614,0.01469141979737909
-0.03501137846600985,-0.04152693178054804,0.0065155533145381875
-0.8277587640180603,-0.8170382737994901,0.010720490218570133
0.039683809753766036,0.03618034634393386,0.0035034634098321735
-0.22598005772461,-0.21762684903941798,0.008353208685192015
-0.2616606746690391,-0.25155163220957133,0.010109042459467754
0.8552457533212214,0.8432769876662753,0.01196876565494609
0.42809462306002144,0.4378795408268242,0.009784917766802737
0.3522536902231262,0.3356129810277656,0.016640709195360592
-0.8522212939787416,-0.8472395042720964,0.004981789706645201
-0.9012582177049602,-0.8870164032393647,0.01424181446559547
0.8375936655632148,0.8300489770579502,0.007544688505264574
-0.9117550446849941,-0.8935684058580784,0.018186638826915735
-0.3036062645106455,-0.3008660446578983,0.0027402198527471944
0.8017646395330914,0.7855526952474461,0.01621194428564532
0.694906838480221,0.6898341275645455,0.005072710915675405
0.7290290873688413,0.7240772537781637,0.0049518335906776345
-0.9285058830063143,-0.9133090352488261,0.015196847757488197
-0.9438516036197077,-0.9282553994027628,0.015596204216944853
0.23821696653412094,0.22258625183728184,0.015630714696839104
0.442566034253276,0.4532475108812815,0.010681476628005504
-0.8323504804284162,-0.8197698435165655,0.01258063691185074
-0.7503219113775085,-0.7471527208474109,0.0031691905300975654
-0.9315937361472465,-0.9117506120930906,0.019843124054155892
0.4158597867784296,0.4276482161521726,0.01178842937374297
0.039752419382123115,0.0367352772569352,0.003017142125187916
-0.8126740988822077,-0.8020704383976349,0.01060366048457273
-0.11540403051858343,-0.1131880034272348,0.0022160270913486324
0.5606403969419422,0.5416142648228494,0.019026132119092876
0.8391047556444683,0.8163168257753508,0.022787929869117485
0.12735841321195185,0.13889418994336553,0.011535776731413677
0.6179703279117291,0.6099501489316078,0.008020178980121306
0.7768987354106279,0.7617378836366733,0.015160851773954653
0.8385333452460485,0.8252839803773443,0.013249364868704205
0.6029920759979754,0.5914776214363162,0.011514454561659226
-0.9251904244003495,-0.915362661651484,0.009827762748865432
-0.9244893905688566,-0.9052268965653685,0.019262494003488118
0.09229418728722906,0.10328002670082806,0.010985839413599
0.583045110868283,0.5743603841859977,0.00868472668228537
-0.09681652685863847,-0.09270385733890679,0.004112669519731674
0.4062225910657422,0.3952929716928625,0.010929619372879729
-0.2460895379948886,-0.2524828582274807,0.006393320232592065
-0.2282928432272761,-0.2184873745693856,0.009805468657890504
0.5105181219465058,0.49474284229676535,0.01577527964974046
-0.5956629772858933,-0.5944847023758197,0.0011782749100736067
0.2523643478447391,0.24603298116365166,0.006331366681087441
0.7225782091314482,0.7158644624313546,0.006713746700093615
-0.9399365957191036,-0.921969963332913,0.017966632386190562
0.7826277535450487,0.7647916788728888,0.017836074672159863
-0.7064375885190566,-0.6947894675304207,0.01164812098863588
-0.32682362366616546,-0.3115382527260249,0.015285370940140541
0.41849689103742854,0.4177262554196894,0.0007706356177391571
-0.8329210479908313,-0.8182545037654174,0.014666544225413913
-0.11226499594324309,-0.11692400494348637,0.004659009000243283
-0.012930861789083896,0.0004744476588434366,0.013405309447927331
0.17579714159554777,0.18464858862683545,0.00885144703128768
0.9685593450218204,0.9545790196015779,0.013980325420242523
0.2696541595304087,0.2589673718304457,0.010686787699963007
0.687789978223264,0.6861550507654589,0.0016349274578051354
-0.11491922668485953,-0.13095513556936894,0.01603590888450941
-0.8198957100650992,-0.8033176930895154,0.01657801697558381
-0.378583486904373,-0.3869346115579299,0.008351124653556918
0.5637118504174683,0.5561150522753315,0.0075967981421367625
0.03536960646823373,0.03681832286647617,0.0014487163982424417
-0.26277789091199777,-0.2616354368148313,0.0011424540971664565
-0.041230699047865554,-0.041465044288550766,0.00023434524068521173
-0.5979075981701406,-0.5824586432029353,0.01544895496720533
0.39149797550270815,0.37823738473573115,0.013260590766976998
-0.940789620280683,-0.9247205877544548,0.016069032526228266
0.7655951897245575,0.7455429239935067,0.02005226573105079
-0.8238443921529823,-0.7996634844403624,0.024180907712619937
-0.8859876391780915,-0.8699438495943197,0.01604378958377184
0.7814581986716743,0.7624207171684464,0.019037481503227927
0.6799650885002659,0.666871830661669,0.013093257838596939
-0.9487929702642508,-0.933451910831496,0.015341059432754767
-0.02537705287683369,-0.0228858781212987,0.002491174755534991
0.9668704929430428,0.9551766360191806,0.011693856923862267
0.7876589114872392,0.7816604327997212,0.005998478687518016
0.922144167565318,0.9055632409374906,0.016580926627827397
0.9517907763358654,0.9316443499545292,0.020146426381336235
0.8977990529243228,0.881531097599,0.01626795532532288
-0.8417643664439819,-0.8235911297276783,0.018173236716303554
0.8657889345463147,0.8508639015794608,0.01492503296685388
-0.9410362383563938,-0.9249453013098567,0.01609093704653708
0.17844198499027744,0.16559360882515803,0.012848376165119413
0.8581988565949764,0.8495440944041514,0.00865476219082506
0.967521967106712,0.9521601948836304,0.01536177222308166
-0.4777694220147791,-0.4628491607023152,0.014920261312463934
-0.8783462844121062,-0.8726177011108551,0.005728583301251033
0.8673498298056552,0.8489341327563762,0.018415697049279034
0.8971584291178553,0.8790948111212078,0.018063617996647463
-0.049318249416858306,-0.051753656755783875,0.0024354073389255687
0.8930171802212593,0.8728743664035817,0.020142813817677574
-0.362951293427909,-0.3501906979096233,0.012760595518285678
-0.8670272931726845,-0.8560929057542211,0.01093438741846331
-0.7468589870809192,-0.7430607806139284,0.0037982064669908056
-0.17586082313363213,-0.19231932035262672,0.01645849721899459
0.14195210422461185,0.14300845744930113,0.001056353224689277
0.8181613584147314,0.8065733020958968,0.011588056318834528
0.8148231134206019,0.8029592118490146,0.011863901571587232
0.9710331394435173,0.9565625593499008,0.01447058009361657
-0.9373775255899298,-0.9235477500422372,0.013829775547692602
-0.6870092476724583,-0.6692576375687093,0.017751610103749038
0.048976695078140085,0.05313023550655641,0.004153540428416327
-0.8545327739689327,-0.8447085352762125,0.0098242386927202
0.8392956524808229,0.8340225209170062,0.005273131563816702
-0.35957752897136663,-0.3549776508420369,0.004599878129329715
-0.7942262239332023,-0.785200894900956,0.009025329032246288
-0.7819880671277827,-0.7689186067807856,0.013069460346997075
0.07098417742072444,0.059344398478308365,0.011639778942416072
0.9446002977519732,0.9331394185573497,0.011460879194623463
-0.6016722887321151,-0.5835926670589066,0.018079621673208535
0.15901342252403422,0.1495414555714755,0.009471966952558725
0.9122299644808327,0.899288106708985,0.012941857771847753
-0.4824331993483386,-0.49217791999915694,0.009744720650818328
-0.7772238623278112,-0.7725776672222661,0.004646195105545092
-0.45553386501859766,-0.45184000997175133,0.0036938550468463283
0.8766229801375858,0.8693606312910332,0.007262348846552524
0.8314867799761478,0.8185011701486482,0.012985609827499633
0.6483404462779144,0.6355611948737131,0.01277925140420133
0.7121037100866427,0.6999252801132102,0.012178429973432547
-0.674124154416528,-0.6561255935175262,0.01799856089900176
0.4388280388023169,0.4222543640072506,0.01657367479506633
0.5555721464787544,0.5450294612100509,0.0105426852687035
0.11858282330584967,0.12644923794344817,0.007866414637598504
-0.20688524011228898,-0.20147000099452153,0.005415239117767451
-0.9450350145477533,-0.935714081996892,0.009320932550861305
-0.03910363990810296,-0.050270296405130394,0.01116665649702743
-0.06954388326259074,-0.0754286341810748,0.005884750918484061
0.22786237031059367,0.22745278253485207,0.0004095877757415989
0.6908449662821328,0.6839651018788404,0.006879864403292357
-0.9000705563384929,-0.8855065922999192,0.014563964038573629
-0.13348467994589674,-0.14230018858008223,0.008815508634185482
-0.4686406583752379,-0.46468934637857334,0.003951311996664542
-0.8700633038243702,-0.8583259989088166,0.011737304915553692
0.6002734052849154,0.5870482584246522,0.013225146860263104
-0.8906041596949016,-0.8752421008432957,0.015362058851605909
-0.9242463710741524,-0.9080427805311179,0.01620359054303455
-0.6118776091603394,-0.5902618710870982,0.021615738073241242
-0.9698721716393339,-0.950132489639002,0.019739682000331937
-0.9247553847910124,-0.9024730057786374,0.022282379012374953
-0.10946425526625159,-0.10992926757878024,0.0004650123125286565
0.3598293168722213,0.3549159952271414,0.004913321645079904
0.06137929403858712,0.07035974172199075,0.008980447683403628
0.2553661067875014,0.25008472902195833,0.005281377765543049
0.5362653795203917,0.5212944150833518,0.014970964437039824
0.6053260762207763,0.5953609977739419,0.009965078446834363
0.1995871478183178,0.18724177804668263,0.012345369771635167
0.0145984008780767,0.01629841091641909,0.0017000100383423884
-0.5695107315849604,-0.5593185395858866,0.01019219199907373
0.627409599558511,0.6120006464431965,0.015408953115314539
-0.5231667243130824,-0.5045663201002184,0.01860040421286402
0.11605810989822384,0.11757304452402077,0.0015149346257969376
-0.62279742670985,-0.598965478193789,0.023831948516061074
-0.9663262363498878,-0.9478259298107745,0.018500306539113276
-0.44473742305478686,-0.43382920975523886,0.010908213299547997
-0.6107048955366654,-0.6025919353611824,0.00811296017548302
0.840250024493666,0.8291880745713811,0.01106194992228493
0.3941505891394173,0.3764688938995924,0.01768169523982488
0.8978438327836222,0.8788747431974445,0.018969089586177712
0.7012942112321733,0.6986824286920935,0.0026117825400797656
-0.8804773525706163,-0.8615756397210595,0.018901712849556773
-0.8026599862088076,-0.7944161784851927,0.008243807723614882
-0.05317620957779928,-0.05076662803681985,0.0024095815409794358
0.7495031870889379,0.739885929762376,0.009617257326561934
-0.1546132909105309,-0.16733569897079764,0.012722408060266754
0.6886677447814068,0.676801565694202,0.011866179087204776
-0.9336947967220237,-0.9178881433950045,0.01580665332701925
-0.3959370656400305,-0.3987833455484567,0.0028462799084261747
-0.546156777379713,-0.5285285296983724,0.017628247681340636
0.333386594723509,0.31712909810250844,0.016257496621000567
0.9681862514299935,0.9462396490445755,0.021946602385418013
0.8660903871556705,0.849455551287202,0.01663483586846859
0.854428470219786,0.8465247853039579,0.007903684915828046
0.8343134159000886,0.8186600575898312,0.01565335831025738
0.7520958971433852,0.7490723875443254,0.003023509599059837
0.5382982858576415,0.5328930906338714,0.005405195223770143
-0.09644608367299998,-0.0770592478518456,0.019386835821154372
0.9048721229353259,0.8893672604618272,0.015504862473498693
0.8866619093508686,0.8634824347956543,0.023179474555214297
0.5571482596656557,0.5575092798198206,0.00036102015416483724
0.7286645124268347,0.7183856524822345,0.010278859944600205
-0.3263012430722428,-0.31120367519426906,0.015097567877973728
0.9329781430420783,0.9169960180404553,0.015982125001622993
-0.291922730470144,-0.2818197595909309,0.01010297087921308
-0.250785720955713,-0.2544777541597527,0.003692033204039713
0.693095489729588,0.680517083420771,0.012578406308817014
-0.5125968951839055,-0.504671154140118,0.007925741043787515
-0.3617063584775348,-0.34207356796920646,0.019632790508328335
0.14827834645848811,0.1562810306210865,0.008002684162598389
0.9619664229245941,0.9489217973449786,0.013044625579615499
-0.8906353732945208,-0.879418942502398,0.011216430792122756
0.720633974169806,0.7027412913494332,0.01789268282037282
-0.8987693850169975,-0.8754177428342673,0.023351642182730226
-0.7817019364966931,-0.7688571883664995,0.01284474813019354
-0.5425515687335412,-0.5383947113886492,0.004156857344891907
0.8715291769245229,0.8531424828632386,0.018386694061284348
0.49152717125556,0.48814385174767666,0.0033833195078833422
-0.7325676301522227,-0.7204032493503758,0.012164380801846897
0.2050996257814419,0.20905667567724,0.00395704989579812
-0.9338503565274467,-0.9135557728935182,0.020294583633928553
0.942551912154441,0.9208541204991447,0.021697791655296284
0.803579160557662,0.792760111786858,0.010819048770803974
-0.8583016755635384,-0.8440958795641758,0.01420579599936267
0.34388623362707565,0.3418129447013403,0.002073288925735328
-0.8538058135941592,-0.8398757827015635,0.013930030892595702
0.421665130127053,0.41306738210935046,0.008597748017702522
0.4369471746675434,0.44035377093053524,0.0034065962629918345
-0.8741702791778859,-0.8608807857264409,0.013289493451445034
0.9096923899060866,0.8962055582730507,0.013486831633035878
-0.7039612865994064,-0.692134266242917,0.011827020356489415
-0.9298471931098279,-0.9214273790219334,0.008419814087894495
0.07232697068199881,0.07344607302551913,0.0011191023435203201
-0.40749228357289147,-0.40058984407077614,0.006902439502115332
-0.9649039047644972,-0.9545367259542741,0.010367178810223088
-0.9139770003501442,-0.8967343640629765,0.017242636287167712
0.8446094198178891,0.8255257366940755,0.01908368312381359
0.10482950333681712,0.10576943837988656,0.0009399350430694398
0.7131472492878264,0.7101936382864851,0.002953611001341283
-0.2824489251729781,-0.2758276055216583,0.00662131965131979
-0.9303638034224231,-0.9159564137999496,0.014407389622473454
0.756922451367505,0.7269219796864642,0.030000471681040808
-0.6114562914657259,-0.5922040001458141,0.019252291319911796
0.8140264623236422,0.7982570953729572,0.015769366950684982
0.10120028116550743,0.07757780286020405,0.023622478305303382
0.10278059230226741,0.0902253428804354,0.012555249421832004
-0.3329309257779258,-0.337261632016154,0.004330706238228177
-0.9195186548724582,-0.9048407324649927,0.01467792240746546
0.0895996756679921,0.07155946028706621,0.018040215380925886
0.5798188072009717,0.5628265655471381,0.016992241653833617
-0.7701078095410739,-0.7648341261305003,0.00527368341057366
-0.20796693312002232,-0.19488539401923305,0.013081539100789269
-0.9411834999520974,-0.9214219324358668,0.019761567516230594
-0.4659730061870299,-0.4726752079255486,0.006702201738518709
-0.3477803492491556,-0.33779158379283536,0.009988765456320214
-0.67252821425857,-0.6633941708277256,0.009134043430844452
0.9144652107122445,0.9007553872745405,0.013709823437703994
-0.9444279120860275,-0.9293453836462136,0.015082528439813947
-0.9217901923375195,-0.9091863381328287,0.01260385420469079
0.2939847552804592,0.27911036690820507,0.014874388372254133
0.028065454569193928,0.032744919997720945,0.004679465428527017
0.9216194144394831,0.9094161960724015,0.012203218367081603
0.7551724516451284,0.7365400574511749,0.01863239419395346
-0.9096650835158338,-0.888874593776626,0.020790489739207718
-0.443742835459738,-0.4322335896874411,0.01150924577229695
-0.9130521694859051,-0.8974222748625809,0.015629894623324203
0.8580321726101596,0.8485957750017717,0.009436397608387881
-0.38952526900781437,-0.37671679723598717,0.012808471771827201
-0.6860195822747585,-0.6764757658442767,0.009543816430481744
0.5357776453545747,0.5265150817603879,0.009262563594186868
-0.6934529558122658,-0.6858962162091191,0.007556739603146734
0.8855463164425134,0.8741884700391153,0.011357846403398097
-0.8181580721688805,-0.7954667647659269,0.022691307402953553
-0.9066949804362262,-0.8875732450288076,0.019121735407418572
-0.16316577291093046,-0.14713849897153056,0.0160272739393999
-0.8183342392513222,-0.8074354217818782,0.010898817469443989
0.2586941895102229,0.26544544781676177,0.006751258306538888
0.9507826498569498,0.9425086496894259,0.008274000167523887
0.9381138559879951,0.9286865606540262,0.00942729533396891
0.8169359121109095,0.8030862238717844,0.013849688239125135
0.41674729945914935,0.42020536069144865,0.003458061232299303
0.9493945192869429,0.9354426338328119,0.013951885454130952
0.9265392490751742,0.9111978613423314,0.01534138773284277
0.6367786663420143,0.6322493571055356,0.004529309236478651
0.07251801585959254,0.08038838084870806,0.007870364989115516
0.9434651751700315,0.9283093533204344,0.015155821849597073
0.7299088071361346,0.7153028453688882,0.014605961767246378
0.9713474237169043,0.9570421441836845,0.014305279533219806
0.8663606330950008,0.8521353092403456,0.014225323854655136
-0.9400933160586707,-0.9198802057829313,0.020213110275739465
-0.41551775699379856,-0.42898327368274786,0.013465516688949297
-0.029238633323180593,-0.029546584150256423,0.00030795082707582924
-0.22067147773592133,-0.22112590470489135,0.0004544269689700231
0.5000538419564052,0.475890183848059,0.024163658108346253
-0.6949265862514088,-0.6860469066201433,0.008879679631265458
0.9313767226975787,0.9181447774717146,0.013231945225864017
-0.7945577585621421,-0.7797081587711306,0.014849599791011414
0.26829884818531957,0.25276444226342987,0.015534405921889705
-0.8244103654472691,-0.809782032042856,0.014628333404413052
0.8314202411833875,0.809655090903829,0.0217651502795585
0.9378237974926119,0.9257383188644158,0.012085478628196089
-0.9268443875887434,-0.9104233053185706,0.016421082270172804
0.22206899447462075,0.21742041834717252,0.004648576127448234
0.3515525048498771,0.3574882372037587,0.005935732353881618
0.9223780075140718,0.9087635008795023,0.013614506634569534
-0.5771577038168993,-0.5687323469839508,0.008425356832948538
0.6406486980753736,0.6422492515696909,0.0016005534943173139
-0.005656260247142502,0.00894680084790638,0.014603061095048882
0.8571489768861077,0.8491173043089086,0.008031672577199056
0.4952540422870105,0.49037731555018954,0.0048767267368209355
0.8686793038268139,0.8525695509831592,0.01610975284365468
0.5731905752595957,0.552853842837344,0.020336732422251758
-0.9537980094716582,-0.9435964400292445,0.010201569442413683
0.4421726879158074,0.4385937523450035,0.0035789355708039094
0.3257239878950288,0.33576348461952993,0.010039496724501107
-0.32321769696357694,-0.30808805621385804,0.015129640749718898
-0.5553060215605996,-0.5567787294081838,0.0014727078475842426
0.9365477727751068,0.9221973942148513,0.014350378560255561
-0.8175510191055761,-0.8027893939384813,0.014761625167094894
0.05297689343742476,0.05072701632716984,0.0022498771102549206
0.9366317797183634,0.9227191123233316,0.01391266739503183
-0.054654519512924674,-0.06002349675107486,0.005368977238150184
-0.4535315960143916,-0.45578316968979704,0.0022515736754054605
-0.9425653194678756,-0.9230155842423658,0.019549735225509735
0.9371490205340188,0.9160918275898965,0.021057192944122338
-0.02599810133839048,-0.02330471454964376,0.002693386788746723
-0.9421490407015926,-0.9296592288347868,0.012489811866805756
-0.31388036272170566,-0.302027438824992,0.011852923896713663
0.6493972112075583,0.6477590500203307,0.0016381611872275936
-0.9340081062894482,-0.9266150924355987,0.007393013853849495
-0.9463401960251016,-0.9298421636111183,0.016498032413983288
-0.7281207858510177,-0.7061565824052289,0.021964203445788755
-0.4558897151238335,-0.4386486576846423,0.017241057439191243
0.9456210183112036,0.9281402284152521,0.017480789895951476
-0.6324412970671822,-0.619046857504666,0.01339443956251618
-0.8483302125723222,-0.8268048737196605,0.021525338852661724
-0.8494144552131757,-0.8351651878519544,0.01424926736122134
-0.25104158948686245,-0.2449513378783515,0.006090251608510955
0.9004871161577096,0.8905136180695559,0.009973498088153732
-0.38762512640527097,-0.3988553400820217,0.011230213676750755
-0.9384509445151026,-0.9257872176541772,0.012663726860925428
0.4422266251070625,0.4489328003130583,0.006706175205995812
0.4361921033850434,0.44155280297015204,0.0053606995851086525
-0.7825405615973554,-0.7698250015776654,0.012715560019689987
0.7628599488420538,0.7582902305148534,0.004569718327200323
-0.8150917476615044,-0.8007481143287205,0.014343633332783878
0.9535054822785823,0.9330456770254121,0.02045980525317026
-0.8863758693700222,-0.8723734914367839,0.01400237793323833
-0.9426299382005693,-0.9302008290035109,0.012429109197058419
-0.5040542068943018,-0.5061038459988891,0.002049639104587331
0.9511980735539506,0.9327234778583787,0.01847459569557186
-0.4851940514863217,-0.46665815040487535,0.01853590108144637
0.8673913292335048,0.8557502428965553,0.011641086336949491
0.8357470210387297,0.8237583590011436,0.011988662037586084
0.22049358434842256,0.20765856903624463,0.012835015312177928
0.7963870480198821,0.7905216827962583,0.005865365223623797
-0.9419760837511526,-0.9204285007031506,0.021547583048001973
-0.9304212720018304,-0.9140226714147621,0.016398600587068324
-0.8826264679857685,-0.8691005315274615,0.01352593645830702
0.8774288842544938,0.8692508493518413,0.008178034902652564
0.23086904724952648,0.24282298778920536,0.011953940539678881
-0.7154193348208924,-0.6949979404163399,0.020421394404552484
0.43793577387278226,0.4204223682074699,0.017513405665312343
0.9337915068019047,0.9152603443533465,0.018531162448558236
-0.95580698514454,-0.9387016365542561,0.017105348590283898
-0.23272279844561433,-0.23604674322256597,0.0033239447769516373
0.9402098549295097,0.9231233621774158,0.01708649275209395
0.6854920449079381,0.6748915447975218,0.010600500110416355
-0.8981382238124362,-0.8826248611661452,0.015513362646290996
-0.35574103907743737,-0.36112087948916377,0.0053798404117264
0.9114610318073075,0.9009880512130045,0.010472980594303016
0.15986536798952652,0.14795080595477095,0.011914562034755577
-0.3145928138589092,-0.30239713278213204,0.012195681076777154
-0.8900040294841726,-0.8747126627067855,0.015291366777387072
0.6167779654054877,0.6075275925831944,0.00925037282229324
-0.9188227926447139,-0.9018429687780612,0.016979823866652644
0.34766312731779625,0.35425788108410844,0.006594753766312189
0.9232485288169358,0.9132216647393854,0.01002686407755038
0.7601945782560633,0.7444399044907232,0.01575467376534012
0.8737730076322785,0.8560751912756761,0.01769781635660239
0.8292806034807373,0.8179483236559487,0.011332279824788571
-0.6810123326849503,-0.6590508642255096,0.02196146845944069
0.861940633103027,0.8453488705648535,0.016591762538173516
-0.7105944892554101,-0.6984188980595585,0.012175591195851654
-0.04322988844324939,-0.03408505666815175,0.009144831775097638
-0.6603415907939704,-0.6555451739302396,0.004796416863730779
-0.2848514953714187,-0.2946647290612285,0.009813233689809797
0.8079400359520241,0.7901369302047209,0.01780310574730326
0.39776085376879033,0.39665270584600654,0.0011081479227837976
-0.5810735414957784,-0.5773065382977586,0.0037670031980198138
0.6530998253051015,0.6426173309741012,0.010482494331000236
0.13415490352157186,0.14726738506557668,0.013112481544004823
-0.9425442300085818,-0.9300235566326779,0.012520673375903901
0.8534215590688844,0.8372020804453641,0.016219478623520245
-0.1562940966860865,-0.14655588107188275,0.009738215614203738
-0.9446756955209635,-0.9249387790208684,0.019736916500095125
-0.919865209812894,-0.9006004374470415,0.019264772365852445
-0.34858689726613407,-0.3528335136892831,0.004246616423149052
-0.23435245003958347,-0.24740238140564402,0.013049931366060558
0.9349966844745511,0.9214335093897305,0.013563175084820633
0.5816994387747001,0.5834013957284407,0.0017019569537406465
0.41365359976970156,0.3985468498970711,0.015106749872630443
-0.6049584994251421,-0.5915359728938233,0.013422526531318812
0.8209666200642953,0.7992771231673168,0.021689496896978522
0.9412590784597018,0.9305986300052732,0.010660448454428595
0.608936129835955,0.5894068576319268,0.019529272204028225
0.5205621265433035,0.5238655967308243,0.0033034701875208627
-0.7725352847563592,-0.7581264202323862,0.014408864523973053
0.6706992713159626,0.6624673353841641,0.008231935931798495
-0.9522817883092825,-0.9371662415904728,0.015115546718809658
0.12166387637623238,0.1320425651643826,0.010378688788150209
-0.9447015917814721,-0.9285717391839075,0.01612985259756461
0.7391562808267491,0.7214777467470859,0.017678534079663244
-0.8697444342269404,-0.8502450541907846,0.01949938003615581
-0.3544707019467719,-0.34891091691028997,0.005559785036481912
-0.9436087215686136,-0.9215239441885009,0.02208477738011272
0.9236702076144283,0.9031295234444844,0.020540684169943924
-0.05551702356457652,-0.07114040306233947,0.015623379497762949
0.71082044662017,0.7072755453895075,0.003544901230662423
0.9505474066412409,0.9429491545414548,0.007598252099786151
-0.5836652945130089,-0.5806124065721371,0.0030528879408717735
0.7104524770140044,0.6946162286124956,0.015836248401508768
-0.9273815237600759,-0.9190512127268402,0.008330311033235671
0.15408783510650448,0.14317636340913142,0.010911471697373054
0.49161385075389297,0.48550073707122365,0.006113113682669313
-0.8830828127709566,-0.8765832788427982,0.006499533928158385
-0.19069858080004642,-0.17741073662734785,0.01328784417269857
0.6292695811516718,0.6255652138843262,0.0037043672673455763
0.6038906143013708,0.5848970352980892,0.01899357900328158
0.8505744742144674,0.8399471681469904,0.010627306067476971
-0.35245160849122,-0.36302612304357107,0.010574514552351089
0.9051138594950769,0.8924281715544574,0.012685687940619528
0.7182689532085191,0.7197827225677391,0.0015137693592199852
0.9152482836265797,0.9021627883956209,0.01308549523095881
0.7346624676197269,0.7147484196551541,0.019914047964572745
-0.8791355979359833,-0.8655162112284881,0.013619386707495185
0.8779306497633861,0.8641017343354529,0.013828915427933186
0.5575261410321537,0.5467583425134468,0.010767798518706906
0.7550057188231662,0.7352807240467397,0.01972499477642653
-0.029647458431416168,-0.01267099004075686,0.01697646839065931
-0.6393744112778342,-0.6170344371064376,0.02233997417139666
0.9449500602741266,0.9233668219971478,0.021583238276978833
-0.2916272906173667,-0.28820752266369093,0.0034197679536757675
-0.652164695599882,-0.63339899560272,0.018765699997162044
0.764840299083336,0.7408276057355727,0.024012693347763236
-0.9202689341219091,-0.9129649639053335,0.007303970216575584
-0.8501801405836179,-0.8393262186352258,0.010853921948392076
-0.9266786679502832,-0.9077891187257539,0.018889549224529345
-0.8094417238715363,-0.7936755877418865,0.015766136129649833
-0.7497850105263637,-0.7397240844037115,0.010060926122652192
0.7972109768954712,0.7932654909703044,0.003945485925166747
-0.8825717839426392,-0.873456677658788,0.00911510628385126
0.5691617691226026,0.5747037780113514,0.005542008888748784
-0.8562953463581868,-0.8418873883411415,0.014407958017045308
0.9171995947076789,0.8979300739505486,0.019269520757130287
0.07238703649142819,0.06650754473216013,0.005879491759268066
-0.7917788384553519,-0.7821040832569671,0.009674755198384788
-0.8024022322112193,-0.7809372167782341,0.02146501543298518
-0.7011486683929106,-0.6810402222012477,0.020108446191662854
-0.03459734624689421,-0.0359964858100712,0.0013991395631769918
0.3407491974427595,0.32652618388547044,0.014223013557289055
-0.8785763764539872,-0.8673950857059836,0.01118129074800367
-0.9430163936186413,-0.9272107037276083,0.015805689891033037
-0.8741094806783174,-0.8651935642631136,0.00891591641520384
-0.0932397406449564,-0.1025692260689397,0.009329485423983305
-0.9457818657193932,-0.9256127147161431,0.020169151003250008
-0.9517437551371027,-0.9359500522363278,0.015793702900774975
0.9692812489201156,0.9558548316398562,0.013426417280259395
0.8046357751128432,0.7928657668215764,0.011770008291266842
0.6092971355763895,0.5850671732345637,0.02422996234182584
0.4689031211003115,0.4664640941271581,0.002439026973153402
0.05991433843488492,0.06756188245070081,0.007647544015815896
0.6463222593871941,0.634577074969393,0.011745184417801147
0.752115933404691,0.7415473083553571,0.010568625049333868
0.3620794702044235,0.36301198532356316,0.0009325151191396652
-0.7675396990834459,-0.7527154800011506,0.014824219082295254
0.3574450387409774,0.3617513049541344,0.004306266213156995
0.5646983119604696,0.5557747133629275,0.008923598597542104
-0.02180405585783845,-0.006174652819530262,0.015629403038308187
-0.550026558668891,-0.5505670569925901,0.0005404983236990679
-0.4482591954033451,-0.4329401918973041,0.015319003506040985
-0.9022301512524926,-0.8861555387518201,0.016074612500672547
0.11431639587872872,0.10582885111315862,0.008487544765570093
0.7842370342842456,0.7637031678271521,0.02053386645709354
-0.7670175207262871,-0.7541023903961332,0.012915130330153901
-0.7041688583896789,-0.6856712532425283,0.018497605147150598
-0.31603048918154714,-0.30903697631285115,0.0069935128686959835
0.4502420735069454,0.45076812950822537,0.0005260560012799731
0.4062200566910472,0.3891702158839322,0.017049840807115024
0.9138113480347518,0.8926055916132344,0.021205756421517452
-0.6215254555306213,-0.5990453277888054,0.02248012774181596
0.8995464311710474,0.8771802356420789,0.022366195528968458
-0.8457600270873622,-0.8244492491860337,0.021310777901328515
0.8642825536411838,0.8577977909134853,0.00648476272769849
0.5687725052271496,0.5697101254656208,0.0009376202384712151
0.8199501546211461,0.8027430383451488,0.017207116275997247
-0.91870790691039,-0.9056353372023759,0.01307256970801407
-0.9126136844952362,-0.8954689632677925,0.017144721227443704
-0.8002849307766529,-0.7783594404967108,0.02192549027994206
0.9164370748905732,0.902565765539362,0.01387130935121128
0.4684280189305742,0.4537081657905013,0.014719853140072847
-0.5690634752394812,-0.5476148094913589,0.02144866574812232
0.0037948386461882696,0.0032962861638800777,0.0004985524823081918
0.8485521608153435,0.8321900916669158,0.016362069148427638
-0.9137948516022215,-0.9004988421102111,0.013296009492010374
0.9304158255214837,0.9086689505151364,0.02174687500634731
-0.8907803542521371,-0.8731461916326906,0.017634162619446503
-0.3662199746665931,-0.3461468390369846,0.020073135629608496
0.9683181238377829,0.9538583505281966,0.014459773309586366
0.9250791081563833,0.9097324017077699,0.015346706448613356
0.9140525628089604,0.8933534687976276,0.020699094011332853
0.021075989605964327,0.03492984738371963,0.013853857777755305
-0.7143590643283846,-0.7029319632701303,0.011427101058254285
0.2544487606856941,0.24459388118548767,0.009854879500206443
0.943040442169343,0.9319046275088987,0.011135814660444332
-0.35362906037695546,-0.3422222838982163,0.011406776478739167
-0.5287352095117148,-0.5130104365289762,0.015724772982738666
-0.32617442840194016,-0.3255989032682055,0.0005755251337346556
-0.639903260248345,-0.6386964531306522,0.0012068071176928319
-0.805904808934012,-0.7984138753697196,0.0074909335642923125
0.5843550435185062,0.5716004922699017,0.012754551248604473
0.802590509317255,0.7961456282735528,0.006444881043702111
-0.7079058259997337,-0.6994493984130676,0.008456427586666093
0.9071847418288195,0.8835611793557264,0.02362356247309305
-0.16131793521597343,-0.149949528266548,0.011368406949425425
0.2926981647699963,0.27579036539789753,0.016907799372098797
-0.9373710824256118,-0.9237434330115508,0.013627649414061027
-0.8607594952070818,-0.8484317647803186,0.012327730426763273
0.9214514082308747,0.9040970605402728,0.017354347690601846
0.3055080873747212,0.3007207233075963,0.004787364067124877
-0.6598512213517779,-0.658159649785281,0.0016915715664969078
-0.7372797334146068,-0.7279941009354955,0.009285632479111294
0.4846311866077807,0.4708405396042118,0.013790647003568912
0.6495443894029215,0.6464413456846305,0.0031030437182909543
-0.4074027499123686,-0.3879514684976487,0.019451281414719856
-0.2180700339883888,-0.21049037431496895,0.007579659673419864
0.29002271341144376,0.2770314622782204,0.012991251133223358
0.19153544787410695,0.1954570936373051,0.003921645763198145
0.3373737667269202,0.3234535985985556,0.013920168128364607
0.13436087076745262,0.11986134475983924,0.01449952600761338
-0.7491944468309848,-0.7340923568560659,0.015102089974918909
-0.5760479577860389,-0.5739855295855109,0.0020624282005280437
-0.7260156246244555,-0.7121157449937047,0.013899879630750789
-0.7739131988697483,-0.7581158203895649,0.015797378480183366
-0.6703836119769307,-0.6576919921424002,0.012691619834530599
0.08095584085366483,0.07685525865145033,0.0041005822022145005
0.931203920828878,0.9186097443686273,0.012594176460250739
0.5705607120061337,0.5705059499429467,5.476206318699717e-05
0.954825948458607,0.9352686536229847,0.019557294835622296
-0.19479146116213963,-0.1827383430566297,0.012053118105509936
0.3063724868440732,0.3091510043512253,0.0027785175071520785
-0.20085697778552788,-0.18618104821016826,0.014675929575359625
-0.693899104077324,-0.6898279723326356,0.004071131744688428
-0.7822310971477671,-0.7619007061528799,0.020330390994887204
-0.570958489190131,-0.5489039354985645,0.022054553691566503
0.5430211719752407,0.5374089320594153,0.005612239915825379
0.6931338069668487,0.667140090441645,0.02599371652520366
-0.29577693320447873,-0.2858831990515416,0.00989373415293715
0.8123842620557225,0.790874599308464,0.021509662747258407
-0.6523246229784742,-0.6377704243852264,0.014554198593247802
0.8728113363494501,0.8536684042929837,0.019142932056466333
-0.9334257605886658,-0.9179754742702125,0.015450286318453244
0.24197147760325913,0.22662672959746574,0.015344748005793385
0.29940833021702695,0.3011908507680214,0.0017825205509944264
0.8937162241968899,0.8763394116332235,0.01737681256366641
0.10787066865400602,0.08474981064975794,0.023120858004248082
-0.6870079894721374,-0.6796747160707362,0.007333273401401219
-0.9291429529454809,-0.9185829971856354,0.010559955759845474
0.3838852793748428,0.37469600589166735,0.009189273483175442
0.6773851621860558,0.6572747815713504,0.02011038061470538
-0.9513001179847766,-0.9310190852727285,0.020281032712048175
0.731261229112141,0.7287323254794994,0.002528903632641577
0.8432294658242802,0.8295830042559752,0.013646461568304957
-0.4667979181296681,-0.4618809696900974,0.00491694843957069
0.7091923246727755,0.6886648459190516,0.02052747875372385
0.7970407854370577,0.7760194000120127,0.021021385425044947
-0.8072405315984613,-0.7973697400085485,0.009870791589912775
0.5969108788094244,0.5845899481251073,0.012320930684317055
-0.6647193647096634,-0.6539696147339434,0.01074974997571998
-0.8408280693937917,-0.8278184493313286,0.01300962006246309
-0.7993085394423267,-0.7867299966886127,0.012578542753714061
-0.2602015200004703,-0.27037562068301074,0.010174100682540432
0.9230814406330874,0.9131288319413225,0.009952608691764842
0.7949929089530646,0.787092218711663,0.007900690241401609
-0.18932508860225483,-0.1821731529173089,0.0071519356849459315
-0.8654381603396539,-0.847742813207936,0.017695347131717942
-0.6132038851171943,-0.6038725207223773,0.009331364394816966
-0.15139380296243568,-0.15990475683528838,0.008510953872852695
0.9449800498020854,0.9354225716561578,0.009557478145927556
0.9648716981630276,0.9507474362783152,0.014124261884712497
-0.858471794783998,-0.8420080494564355,0.016463745327562562
-0.7499998500498304,-0.7393847199427283,0.010615130107102133
0.5831531115423052,0.5751144286307689,0.00803868291153631
-0.8950005823555922,-0.8761826145169035,0.01881796783868872
0.7537628350920692,0.738990899012253,0.014771936079816195
0.9131932708890851,0.8925292079527083,0.020664062936376792
0.9535583177883948,0.9355728190588652,0.017985498729529592
0.8987948426850851,0.8795236525621439,0.019271190122941206
-0.3550314066079764,-0.34719790633616865,0.007833500271807736
-0.39538259647599844,-0.4030557751090646,0.007673178633066158
-0.9279175902148802,-0.9053951669848023,0.022522423230077915
-0.7644843511319325,-0.757549348700018,0.006935002431914472
0.8229368641768166,0.8045857594106968,0.018351104766119786
-0.7747197686342046,-0.7557839246540524,0.018935843980152134
-0.01645571713681829,-0.027707617035903943,0.011251899899085652
-0.5760734167054989,-0.561256059363678,0.014817357341820991
0.8501810252167087,0.8280116905046344,0.022169334712074273
-0.9392873709376062,-0.9233522198563227,0.015935151081283516
0.8669798143158068,0.852794896104444,0.014184918211362807
-0.26566664600187895,-0.2461798833184522,0.01948676268342675
-0.35433531399710716,-0.3409995126292463,0.013335801367860833
-0.478142054695724,-0.47149696494980614,0.006645089745917876
-0.11604903619859547,-0.12686018922426678,0.010811153025671316
-0.6379447664616563,-0.6241569986076028,0.013787767854053556
0.7632825167240948,0.7432003508363603,0.020082165887734482
0.3080106345377984,0.3188181686465077,0.010807534108709271
0.333386592810071,0.31640778565203026,0.016978807158040732
-0.5456447289461281,-0.5419345817149887,0.0037101472311394934
-0.8436614900047377,-0.8228761157229078,0.020785374281829916
-0.8489539906425271,-0.8372002371440506,0.011753753498476516
0.49152797603429194,0.49767034547418654,0.006142369439894602
-0.45824332909528037,-0.45664116828359036,0.0016021608116900121
-0.3140179756961879,-0.3177610594044398,0.0037430837082519375
0.49315646522252793,0.48417716850225845,0.00897929672026948
-0.1922200333474161,-0.19419484478153895,0.0019748114341228418
-0.7645826946136528,-0.7581849466920724,0.006397747921580432
0.0274579381928639,0.018116263627790986,0.009341674565072913
-0.8623539847564705,-0.8499347241395129,0.01241926061695764
0.700130619256235,0.6872346392834535,0.012895979972781468
0.9421904773871493,0.9291678519956489,0.013022625391500453
-0.9682409431087203,-0.9485272440949896,0.019713699013730768
0.4392654616140914,0.42408351223564483,0.01518194937844658
0.9117971803814926,0.8978282856354886,0.013968894746004046
0.9491584744149113,0.9320607068544068,0.017097767560504518
0.9304982227008688,0.9190184317484666,0.011479790952402147
0.5817814539550296,0.571155857974897,0.010625595980132574
0.9141161889463242,0.8973445443081245,0.01677164463819969
-0.09295970508621762,-0.08276410975742204,0.010195595328795576
0.24216796565135879,0.2352383740366218,0.006929591614736996
0.27912642396057996,0.261242460838393,0.017883963122186985
-0.15718557861460633,-0.15224821810365163,0.004937360510954697
-0.6658593842096387,-0.6663482031312259,0.0004888189215871419
0.6816008202394468,0.6717698018819475,0.009831018357499333
-0.15130552291851884,-0.13968049544945615,0.011625027469062688
0.12807869478975448,0.1235973462188024,0.004481348570952073
0.4627415921735593,0.46471282857202884,0.0019712363984695225
0.7916269420724573,0.7774736267260269,0.014153315346430384
0.35232587287693484,0.33779411656333785,0.014531756313596988
0.059163765572628015,0.047290078877779265,0.01187368669484875
-0.4815263329571552,-0.4704350868154445,0.011091246141710698
0.6084895088062078,0.597684023508005,0.0108054852982028
0.14238995300552604,0.13336546136759503,0.00902449163793101
0.2945701210194107,0.2784669001686272,0.01610322085078353
-0.9379253725058077,-0.9241342123961533,0.01379116010965431
-0.09585589223382875,-0.0940869473887273,0.0017689448451014417
0.6184178664118326,0.599491145148862,0.01892672126297057
-0.5820046237032108,-0.5696464824676538,0.012358141235557007
0.4624861847407497,0.4554894301983736,0.006996754542376082
0.49091763927682924,0.47684528971624884,0.0140723495605804
0.7654667158221953,0.751849728882023,0.013616986940172326
0.9711256544230945,0.9518623865058525,0.019263267917241977
0.9458622664026249,0.9356129724377436,0.01024929396488139
0.8889217827252703,0.8659591086570836,0.02296267406818675
-0.15332035992049156,-0.14367202254412711,0.009648337376364446
0.6774107251848182,0.675453519968361,0.0019572052164571474
-0.20661957233679712,-0.2229456562132724,0.016326083876475272
0.9667274949740814,0.9474738537197057,0.019253641254375675
-0.5544823589757014,-0.5525431832938812,0.0019391756818202266
-0.5734198686244102,-0.5533993449025381,0.02002052372187213
0.08932714436028967,0.08803999990532844,0.0012871444549612254
0.8479452539098242,0.8406041756080413,0.007341078301782877
-0.7118982861446379,-0.6961807232719607,0.015717562872677227
-0.47691997725575674,-0.4655327839040467,0.011387193351710068
-0.9044546746616996,-0.8881643870459821,0.01629028761571749
-0.7932407871407946,-0.7820962138725094,0.011144573268285218
-0.9307549456760088,-0.9148683898374539,0.015886555838554917
0.4409802256995386,0.4234451513465338,0.017535074353004776
0.8700586536817806,0.8533076389239026,0.01675101475787799
-0.7649319650296968,-0.755340350198717,0.009591614830979811
0.8641720472643242,0.8473722882759069,0.016799758988417235
0.7432001813491274,0.7378467577912384,0.0053534235578889255
0.9647700249602209,0.9499703567972068,0.014799668163014146
0.16816441058200665,0.16695017666552878,0.0012142339164778748
-0.9234846270681355,-0.903688599003544,0.019796028064591464
-0.5574080344271931,-0.54805508981302,0.009352944614173131
-0.8646241271316158,-0.8514671499017374,0.013156977229878408
-0.9644366375546473,-0.9447845581276245,0.01965207942702274
-0.7563023348083235,-0.7385756930990762,0.017726641709247315
-0.8700618496606752,-0.8537750292347326,0.01628682042594265
-0.6899564559821657,-0.6688185686384336,0.02113788734373212
-0.5745557811008128,-0.5723508692095084,0.0022049118913044508
-0.9144538648156719,-0.8988047817034028,0.01564908311226909
0.8805223133165281,0.8636728189518763,0.016849494364651774
-0.9654278054027907,-0.944561026244246,0.020866779158544735
0.5162922203731414,0.49877187812214435,0.017520342250997023
0.9408199988507269,0.927842774642661,0.012977224208065907
-0.686615031752384,-0.6719750311255644,0.014640000626819583
-0.933053302376439,-0.911238525835336,0.021814776541102976
-0.9715465009650851,-0.9571703790971612,0.014376121867923919
0.350870328708287,0.35024254421142653,0.0006277844968604618
-0.6084275104871364,-0.5983693839654836,0.010058126521652833
0.9427858450232599,0.9272695727157693,0.015516272307490642
0.5937924329605564,0.5906898517244564,0.003102581236099966
0.8374816283929902,0.8270718606328039,0.010409767760186317
-0.8987166776853704,-0.8877264597080099,0.01099021797736055
-0.928123539738673,-0.915380200454314,0.012743339284359001
-0.8704037789769424,-0.854347888151367,0.01605589082557546
0.9276540780498322,0.9183507822023044,0.00930329584752787
-0.6569169052708111,-0.6367875493922281,0.020129355878583
-0.5162589008341191,-0.5057202722546793,0.010538628579439768
0.7752687305320672,0.7585642627146055,0.01670446781746171
-0.6971048359380101,-0.6787694693256934,0.018335366612316717
-0.9170134515395783,-0.8961485223617086,0.02086492917786964
0.7898614846860964,0.7641855393354712,0.02567594535062523
-0.9622148438770066,-0.9453864894224081,0.016828354454598515
-0.8150262897800056,-0.8097786600290436,0.005247629750961935
0.4283455706872927,0.4239038439421244,0.004441726745168295
-0.7715514283292005,-0.7562450173623352,0.015306410966865358
-0.3120585059492641,-0.31376856263073893,0.0017100566814748364
0.4464655520608506,0.433888514353023,0.012577037707827587
-0.7723851580826236,-0.7631271461648537,0.009258011917769982
0.651779963855442,0.6512164416378055,0.0005635222176365584
-0.4775602842695621,-0.4629489470603213,0.014611337209240793
-0.7668441612417073,-0.7630083438106933,0.0038358174310140214
0.9346613905666381,0.922385814235256,0.012275576331382099
0.690656900516535,0.6716437977467802,0.019013102769754875
0.8568491331273039,0.8392919111281336,0.017557221999170314
-0.2008143046013472,-0.19738889473283475,0.0034254098685124468
0.6417785414089845,0.6262660493812305,0.015512492027753955
-0.6803392973276007,-0.6800477933225191,0.0002915040050815998
-0.1429550613275033,-0.1340144951546007,0.008940566172902592
0.07218650210288043,0.07485666251926638,0.0026701604163859582
-0.3434925874215704,-0.33839976702509633,0.005092820396474074
-0.9149229938224789,-0.9042353779810214,0.010687615841457498
-0.5376509916884864,-0.5320440970420982,0.005606894646388194
0.8187152903224101,0.8069984556371681,0.011716834685241984
-0.5725189668792867,-0.5563965101724145,0.01612245670687218
-0.9099734720822911,-0.8955233511508868,0.014450120931404298
-0.024893064229228327,-0.013789435386083165,0.011103628843145162
-0.9366193593703583,-0.9156357108376789,0.020983648532679422
0.8124610162660578,0.8038013903443703,0.008659625921687564
-0.1263921268453166,-0.12307243121147259,0.0033196956338440026
0.4209264538907629,0.4252923300681284,0.004365876177365502
-0.061257554316920794,-0.06796844964376411,0.006710895326843318
-0.5466342516637632,-0.5417215169241334,0.0049127347396298315
-0.7970407648582599,-0.7831571398605581,0.013883624997701793
-0.774420243524824,-0.7626992798783451,0.011720963646478899
-0.6068267294128531,-0.6092073128062698,0.0023805833934167353
0.021826085366292543,0.013828733713220156,0.007997351653072388
0.37196945676042587,0.37452573436716624,0.002556277606740376
0.6854370368205073,0.6777643775367317,0.007672659283775585
-0.7698262224663185,-0.7529636581339146,0.01686256433240385
-0.1466098705305358,-0.1554018076592995,0.008791937128763694
-0.6663762183632546,-0.6470406500068889,0.01933556835636563
-0.6955283797088958,-0.6840197374971715,0.011508642211724318
-0.7727765859876211,-0.7657280626213357,0.007048523366285364
0.8499978045300862,0.8429132665794438,0.0070845379506424555
-0.8447914516825952,-0.8216068659980337,0.0231845856845615
0.6166493205752316,0.6106489861425283,0.006000334432703314
0.8232709526472801,0.8013372837283016,0.02193366891897852
0.7940884812712173,0.7726791222490889,0.021409359022128482
0.916798205832633,0.8981279189867222,0.018670286845910877
-0.9092024612560771,-0.896941487467648,0.012260973788429053
0.4148083905671131,0.4165605909287409,0.0017522003616278203
0.7899523637797827,0.7759101930785127,0.014042170701270007
0.9688192235247827,0.9467476584924555,0.02207156503232721
-0.959710508561839,-0.9375329291076991,0.022177579454139895
-0.06309571429301922,-0.0780922303866712,0.014996516093651976
0.576905810943754,0.5758587078811411,0.0010471030626129085
-0.8899623507396301,-0.8736051781184425,0.016357172621187632
-0.5331927129514831,-0.5368218307938235,0.0036291178423404347
-0.034950835124359925,-0.04482601210181362,0.009875176977453694
0.10042674746620046,0.09750863617169285,0.0029181112945076138
0.9047822113637791,0.8919285096031323,0.012853701760646818
-0.11336018905768958,-0.11351948199217644,0.0001592929344868682
0.5700930033175017,0.5721312083966577,0.0020382050791559747
-0.8951969541496322,-0.8753370845854888,0.01985986956414343
0.608097293587683,0.5970592546464606,0.011038038941222461
-0.8653505226072902,-0.849833568869874,0.015516953737416128
-0.5577647562522715,-0.539101916080368,0.01866284017190356
-0.09813347955919134,-0.10221240205922134,0.004078922500030002
0.930441382042221,0.9164681837100821,0.013973198332138947
-0.1376965092772074,-0.13244926367176038,0.00524724560544701
-0.9598810088906174,-0.9415974812453929,0.018283527645224562
-0.0572437139327384,-0.049363475504330456,0.007880238428407946
-0.38493810740314016,-0.381003713770237,0.003934393632903155
-0.2938392257831053,-0.2903473040064391,0.0034919217766661848
-0.0039056171024726585,-0.0019601466205756398,0.0019454704818970187
-0.3835698806672596,-0.37054625712636924,0.013023623540890372
0.9473813240069284,0.9283417663006039,0.019039557706324484
-0.17345990693303678,-0.17015356595594563,0.003306340977091149
-0.8537891813989624,-0.8449860505668998,0.008803130832062633
-0.8226042768843831,-0.8122008699552775,0.010403406929105574
0.9175411805806574,0.9047366882928789,0.012804492287778468
-0.34747736076915836,-0.33604247305612095,0.011434887713037412
0.5920229849348566,0.5895385628566862,0.0024844220781704562
-0.5140573457480105,-0.49535057513049524,0.0187067706175153
0.7598196462842549,0.7593627719070096,0.00045687437724528657
-0.12291225162529423,-0.1319830619343666,0.009070810309072364
0.6313676953556346,0.6221084537871417,0.009259241568492893
-0.2105664649061158,-0.20784984628101585,0.002716618625099948
0.8381647473769221,0.8233543167062225,0.014810430670699648
-0.5021547488502478,-0.504064890546093,0.0019101416958452466
0.9508543602944417,0.9393469676597678,0.01150739263467393
-0.3484928094868334,-0.3406703148765856,0.00782249461024781
0.2416713520997762,0.2241750703278128,0.017496281771963385
-0.2213381303730853,-0.21490943860381678,0.006428691769268524
-0.3669310630348713,-0.349811380667526,0.01711968236734529
-0.888201104531566,-0.8707008959661329,0.017500208565433106
0.4913838102281777,0.4885967962566249,0.0027870139715527875
-0.21519426860982746,-0.20168572288751493,0.013508545722312526
0.6515594379404405,0.6426726853325855,0.008886752607854986
0.434557787456121,0.431236417448523,0.0033213700075980235
0.9377618199869906,0.9255162795545908,0.012245540432399782
0.6489665412914958,0.6365836055268707,0.012382935764625125
-0.8619256392898084,-0.8476479296265239,0.014277709663284455
0.9444598335612934,0.9293566814393166,0.01510315212197677
-0.22608638327530667,-0.21902931729822786,0.007057065977078808
-0.9586601113307767,-0.9406404845064975,0.018019626824279156
0.1296565462231745,0.13322495518739855,0.003568408964224057
-0.15114549582177655,-0.1529744405799562,0.001828944758179657
-0.24482537837664017,-0.25733935597180757,0.012513977595167397
0.818380659817318,0.8118658596678487,0.0065148001494692576
-0.9432010948617051,-0.926537904343614,0.016663190518091064
-0.5953766554219823,-0.5815213371678264,0.013855318254155868
0.7090149066503643,0.7022397805324028,0.006775126117961494
0.12383802637406538,0.11219679404392675,0.011641232330138626
-0.9642142727805106,-0.9442456941391791,0.019968578641331503
-0.795111127758475,-0.7859444521846607,0.009166675573814342
-0.32741724013127754,-0.3315042811585917,0.004087041027314164
0.9299261124300666,0.9143131698903524,0.015612942539714236
0.8456863993471607,0.8278428021265682,0.017843597220592478
-0.8105723306296583,-0.8006806517307793,0.009891678898878986
0.909584521260104,0.9016809752736078,0.00790354598649623
0.6280162478304733,0.6298438718756518,0.0018276240451785553
0.6399732441315666,0.6404809609471649,0.000507716815598247
0.2946512284212049,0.29700052972408914,0.0023493013028842435
-0.011691362594238664,-0.012821608617719112,0.0011302460234804482
0.6665658812226983,0.6490041997220038,0.01756168150069448
-0.9659088649904589,-0.9464159764702247,0.01949288852023423
-0.9485953588219025,-0.9296921461846857,0.018903212637216837
0.5539578316792418,0.5535678267056332,0.0003900049736086375
0.2206709453552876,0.21010491492350944,0.010566030431778173
0.2493356622131621,0.2484823834986162,0.0008532787145459075
0.3668013655541815,0.3518191887881042,0.014982176766077326
0.9386998119789058,0.9198227313902597,0.018877080588646122
-0.9214297530485684,-0.9046892472420107,0.016740505806557726
-0.7226613577541798,-0.7109619811725796,0.011699376581600252
-0.4248313738866542,-0.4202135749108564,0.004617798975797782
0.9261992159777988,0.9135466432661907,0.012652572711608023
-0.8388316527158338,-0.8240423941324646,0.014789258583369214
0.9586216133695735,0.9397771169283344,0.01884449644123909
-0.9473228482109423,-0.9260902382057338,0.021232610005208485
0.9402114753532383,0.9248856905312369,0.01532578482200142
0.5716080189501449,0.552735674188448,0.018872344761696858
0.7218528499583188,0.7242757153451977,0.0024228653868789696
-0.6356836940123446,-0.6247710363657918,0.010912657646552804
-0.9108495804922764,-0.8892244894015233,0.021625091090753057
-0.7352006740442112,-0.7216537976757837,0.01354687636842744
0.9091443328281522,0.8925848241433724,0.016559508684779845
-0.9406014259047137,-0.9340106588250021,0.0065907670797116236
-0.264889090107537,-0.2569519799784514,0.0079371101290856
-0.33632142782605784,-0.32562772405062407,0.010693703775433772
-0.03269674675517839,-0.03525574072747236,0.00255899397229397
-0.6905672320488006,-0.6885636348000884,0.00200359724871213
0.8450948776434288,0.8313290899945572,0.013765787648871597
0.37202261915184653,0.3666389720015044,0.005383647150342119
0.8718968933259531,0.8521540423816147,0.019742850944338364
0.6315628988324363,0.6189366359393929,0.012626262893043472
-0.3190199999738939,-0.30338609743260736,0.01563390254128655
-0.26018494195985054,-0.25023979416871817,0.00994514779113237
-0.7408466017157123,-0.7376635553897123,0.003183046325999972
-0.9439035630656548,-0.9268683470869926,0.0170352159786622
-0.6724222238356546,-0.6714092114806373,0.0010130123550173842
-0.8442276159689854,-0.8386561126775686,0.005571503291416868
-0.27160032230726244,-0.2730859662963987,0.0014856439891362538
0.934495471762514,0.9205949194574276,0.013900552305086467
0.8593146042519464,0.8377681955498325,0.021546408702113884
0.6356158780662973,0.6163055382966772,0.019310339769620044
0.256517815630054,0.2692632339422016,0.012745418312147594
-0.9507765693001171,-0.9290742449480159,0.021702324352101177
0.2094354406063183,0.2064726686710176,0.002962771935300701
0.23904470081572582,0.23551839960063833,0.003526301215087485
-0.9068514434553833,-0.8920314089557293,0.014820034499653967
-0.17081093763989003,-0.18312512205643103,0.012314184416541002
0.8244831718583004,0.8144888933890949,0.009994278469205531
0.9446355980500235,0.9353310391283743,0.009304558921649164
-0.9606900554645829,-0.9532334914508181,0.0074565640137647105
-0.5694139637251868,-0.5593732340460804,0.010040729679106408
-0.8988660521474285,-0.8790138043174986,0.019852247829929892
-0.39197424553569254,-0.3880115916433253,0.003962653892367218
0.7217859728479258,0.720902673522618,0.0008832993253077293
-0.8819746617455271,-0.8749231580281622,0.007051503717364849
0.7528139251201463,0.7390615345681807,0.013752390551965643
-0.9395286315379346,-0.928787223575889,0.01074140796204559
0.6447425468155032,0.6293116001626148,0.015430946652888466
-0.3615055992800992,-0.361701759815454,0.0001961605353548168
-0.5529714512519074,-0.5430249247092104,0.00994652654269701
0.17417075971190968,0.15934129354086735,0.014829466171042333
0.27948096081717255,0.2878101092041852,0.008329148387012653
-0.355330645123453,-0.35185597754743714,0.0034746675760158885
0.009751220783431672,0.007297054956786457,0.0024541658266452144
-0.26836114150370166,-0.260827748041837,0.007533393461864657
-0.19385641139349735,-0.1833465827574921,0.010509828636005247
-0.8741276434741532,-0.8633313103049876,0.010796333169165617
0.9221552065939412,0.9101750481898047,0.011980158404136576
-0.7416164656579641,-0.7210355447798209,0.020580920878143227
0.7518546869756029,0.7389456554293581,0.012909031546244787
-0.2121111593782772,-0.1989929556255643,0.013118203752712915
-0.9274350512496825,-0.9120997570725043,0.01533529417717816
0.9366574059136846,0.9241293408933434,0.012528065020341206
-0.6512761355711078,-0.6294403684538736,0.021835767117234117
0.9124807182029901,0.8976699076577741,0.014810810545216047
0.9670567584340923,0.9468884589329917,0.02016829950110066
-0.9322220015104755,-0.9117648725401284,0.020457128970347127
-0.9148297826184818,-0.8986189764288992,0.016210806189582594
-0.8109132020766021,-0.8042885891760939,0.006624612900508198
-0.8232017623115618,-0.803032143775695,0.02016961853586685
0.8682178794151886,0.8585482402563707,0.009669639158817911
0.1097691311281371,0.10818197763924257,0.00158715348889453
0.7524428731814072,0.7334525403899329,0.01899033279147433
0.9574395968665864,0.9433916450713117,0.014047951795274738
-0.053655148628650055,-0.05486015174240583,0.0012050031137557718
-0.5050916983363305,-0.5036437395112308,0.0014479588250997377
-0.9173911216557353,-0.9034279326448075,0.013963189010927857
-0.1571293816537351,-0.15583219859917932,0.0012971830545557839
0.738221224469422,0.7281470770535294,0.01007414741589252
-0.9020742249596445,-0.880627833877941,0.021446391081703542
0.2412470986042046,0.23705963291332197,0.00418746569088263
-0.7667130866377504,-0.7534943630794537,0.013218723558296674
-0.9465297578881694,-0.9308330580468416,0.01569669984132782
0.6799780586480155,0.6734764678490281,0.006501590798987378
-0.18728598751135772,-0.18274373791293533,0.004542249598422393
-0.5796520758563087,-0.564157170611021,0.015494905245287738
0.6637098838159482,0.6556790049396068,0.008030878876341352
0.5952266077960123,0.5848465231459905,0.010380084650021826
0.7841547261771677,0.7726990114204463,0.011455714756721469
0.6045717072480067,0.5889990547716127,0.015572652476393944
-0.4145315318277137,-0.40712182396113433,0.007409707866579351
-0.8146971435216209,-0.7958692644480679,0.01882787907355299
0.06689468054989414,0.06396881221478194,0.0029258683351122
-0.936930912148005,-0.9241832594058855,0.01274765274211942
-0.9242749445505061,-0.9137696433976551,0.010505301152850977
-0.908423887668352,-0.9007058399414588,0.007718047726893218
0.17271035114849784,0.17240082074508298,0.0003095304034148594
0.7309745715393224,0.7088570039027258,0.02211756763659667
-0.9148635311289279,-0.90478647137858,0.010077059750347894
0.41726750065149876,0.4104999988644561,0.006767501787042662
0.01273402933943054,0.00211215414727766,0.01062187519215288
0.8685843547364026,0.8543245199414777,0.014259834794924875
0.6521555685782632,0.6301265662622407,0.02202900231602245
-0.80384929078259,-0.797063377093224,0.0067859136893660965
0.8896537624245742,0.8726882376038175,0.01696552482075664
0.6759991585626646,0.6695121121974633,0.0064870463652012544
-0.6394268479354244,-0.6357096545616373,0.0037171933737870644
-0.43837998413107393,-0.4212019557602115,0.017178028370862408
-0.7165129406783883,-0.7056251382142285,0.01088780246415988
-0.8991429219503332,-0.8880972933721093,0.011045628578223887
-0.42852122499801865,-0.4192539058438156,0.009267319154203035
-0.0325641891635962,-0.01690011119479767,0.01566407796879853
0.8767222823449679,0.8584420048252623,0.018280277519705512
0.11995205589319885,0.13728756333651915,0.017335507443320297
-0.7179279054051957,-0.7089059000395721,0.009022005365623587
-0.5956158419304719,-0.5739446789140809,0.02167116301639105
-0.596023105984846,-0.5931359800352568,0.0028871259495891755
0.05009971535224258,0.061171694201153134,0.011071978848910556
0.6737382515198318,0.6511169469596082,0.0226213045602236
-0.26362723437493735,-0.25882480848493555,0.0048024258900017935
-0.8927751319782744,-0.8779290412489936,0.014846090729280781
0.9491263137344199,0.9329215319157365,0.016204781818683456
-0.08932714342406951,-0.08487767892605472,0.004449464498014796
0.560349748243815,0.54588256001967,0.014467188224145056
0.3010236079993445,0.29472366354601026,0.006299944453334261
-0.7239305464962345,-0.7051249496051778,0.018805596891056653
-0.9281005525839406,-0.9143111633175897,0.013789389266350982
0.0005581004931715233,0.0017564000515769614,0.001198299558405438
-0.09981598863550331,-0.09104151480932494,0.008774473826178367
0.9716094047938435,0.9515900878096081,0.020019316984235425
-0.9137668431874395,-0.895539859605514,0.018226983581925538
0.15077508067632095,0.12989146406498672,0.020883616611334227
-0.9422485325623323,-0.9300773789134585,0.012171153648873778
-0.9168218331717495,-0.9019749997735044,0.014846833398245107
-0.09351556170559362,-0.08304619658520968,0.010469365120383947
0.7341338178198837,0.7169005333386017,0.01723328448128203
-0.9504821692476455,-0.9363559015052823,0.014126267742363252
-0.6005200182271478,-0.5851466620130893,0.015373356214058553
0.9391660689607603,0.9268460681845072,0.01232000077625306
-0.36303423432537724,-0.36105965942804974,0.001974574897327497
-0.9170165828849974,-0.8999549148792076,0.017061668005789787
0.8832000071943954,0.8650688665129449,0.018131140681450497
0.46871478397589383,0.4715803390984379,0.00286555512254405
-0.149717758463441,-0.14849601938374568,0.0012217390796953054
-0.9715978618219743,-0.9617274001120951,0.009870461709879153
0.6274381447665428,0.616844527205852,0.010593617560690771
0.05138847189698444,0.049861927695496286,0.0015265442014881572
0.22808730093449292,0.22437387850575055,0.003713422428742369
0.22451921199761563,0.22814656806991954,0.003627356072303911
-0.5652015164333961,-0.5538299014609079,0.011371614972488175
-0.07160695063153777,-0.08258599626393405,0.010979045632396281
-0.9434100720104114,-0.9255285184573969,0.017881553553014462
-0.00031956876445225904,0.003595427296696202,0.003914996061148461
-0.5430919934311089,-0.5267553675777105,0.016336625853398457
0.4964851029938255,0.5027356694598528,0.006250566466027341
-0.9068557812684723,-0.8975823423989465,0.009273438869525807
0.36106519570495343,0.3493447972286752,0.01172039847627826
-0.08728381439782552,-0.0886715983800804,0.0013877839822548782
0.914845505005249,0.8930938366862056,0.021751668319043405
-0.36665254540884396,-0.3707428692883219,0.004090323879477942
-0.34287827277234156,-0.3321475767115363,0.01073069606080529
-0.9262038523081657,-0.9050391033041623,0.021164749004003447
-0.8312249900811072,-0.8201967064058424,0.01102828367526476
0.775506338375861,0.7599533060850852,0.01555303229077587
0.15875434980412761,0.1613627331177087,0.0026083833135810974
-0.6760182547415148,-0.6566441616000613,0.01937409314145344
0.7681888930260722,0.7525630467283491,0.015625846297723123
0.9199549983046581,0.9009404938639161,0.01901450444074204
0.8630085158367917,0.8517770294905207,0.011231486346271025
-0.5090280805939456,-0.5003913126733796,0.008636767920566002
0.4288972153254976,0.43392520696580383,0.005027991640306206
0.8907131475718325,0.8729447497683552,0.017768397803477276
-0.9714350432361775,-0.963753409044736,0.007681634191441411
0.6856962383020518,0.6651598399785308,0.020536398323521055
-0.9503620580706863,-0.9352417751962253,0.015120282874460989
-0.07937119557589267,-0.07635732547384082,0.003013870102051855
-0.7398216550431033,-0.7329000240299333,0.006921631013170004
0.9007155049883567,0.8871437177180534,0.013571787270303282
0.537632394575431,0.5184899497042268,0.0191424448712042
0.7505211957777421,0.7483669291093497,0.0021542666683924683
0.17822950779477847,0.16435082829352168,0.013878679501256791
-0.879131142170846,-0.8647251713444647,0.014405970826381287
-0.9265454863311483,-0.9111542997882124,0.01539118654293592
-0.3189214685603427,-0.309207900388286,0.009713568172056708
0.9222694659679144,0.90690733474374,0.015362131224174402
-0.256407864317017,-0.2416709755642195,0.014736888752797522
0.37931915110566994,0.372727065469701,0.006592085635968914
0.1022260033883959,0.08665114706649946,0.015574856321896438
0.5450632355205853,0.5234688107605849,0.021594424760000397
-0.1821954499507946,-0.19043415010460613,0.008238700153811535
-0.9681624359137803,-0.9522233321084672,0.01593910380531305
-0.39176142510272743,-0.38632772606115745,0.005433699041569984
-0.08292798207734897,-0.06698061507235252,0.01594736700499645
-0.4390613232112812,-0.43035822120043593,0.008703102010845287
-0.8463534894663157,-0.8245311069019743,0.021822382564341436
0.018380914300620044,0.017200905964739194,0.0011800083358808507
0.06934158671204693,0.06609137216261908,0.0032502145494278517
0.7716720966975265,0.7532292128935727,0.018442883803953758
0.8751358260556,0.8518245349085414,0.023311291147058655
0.16287176429533046,0.16097610231520712,0.0018956619801233365
0.7935644342727115,0.7894127177958848,0.004151716476826661
-0.5820589782656247,-0.5754507085544482,0.006608269711176451
-0.2486668955090083,-0.23294780813149216,0.01571908737751615
0.10726591287461928,0.1116219485574957,0.004356035682876416
-0.4473459248636907,-0.4324418987808221,0.01490402608286856
-0.032608479194709154,-0.0385703888905647,0.005961909695855548
-0.8548803961133686,-0.8382993239359393,0.016581072177429323
-0.36830410553349024,-0.35852917789108013,0.009774927642410114
-0.8972250185881083,-0.8774958991307279,0.01972911945738043
-0.67421012841621,-0.6630060870399674,0.011204041376242535
-0.03248646994095365,-0.04354406441696838,0.011057594476014725
0.3184305126409763,0.32254259980480465,0.004112087163828326
0.6042489456327511,0.6057978987412107,0.0015489531084595942
0.1363392511067073,0.12480527763596057,0.011533973470746736
-0.5744623187362603,-0.5643144580977121,0.010147860638548223
0.1506628828370556,0.13762602319752523,0.013036859639530357
-0.7399677684805518,-0.7252490804477261,0.014718688032825722
-0.92936326961911,-0.911734206396782,0.017629063222327934
0.9117598453640612,0.8985668876019423,0.013192957762118929
-0.8062029854013019,-0.7845323085649658,0.021670676836336056
-0.8025806972931929,-0.8018511103080005,0.0007295869851924319
-0.6315738193699498,-0.6134955633705484,0.018078255999401383
-0.834919291860254,-0.8285373296546816,0.006381962205572411
0.667198346890198,0.646566083258225,0.020632263631973013
-0.18550972570537952,-0.17015380919442952,0.015355916510950002
-0.9402549557866141,-0.9181792550627818,0.02207570072383236
0.49000674734322025,0.4744646008078817,0.01554214653533853
0.9480891042748992,0.9321097664371218,0.015979337837777385
-0.6598949006634028,-0.6445339293078021,0.015360971355600772
0.8313480660060005,0.808511668314185,0.022836397691815558
-0.5303662939777757,-0.5146099436661623,0.015756350311613376
-0.9597839874270472,-0.9421453627934581,0.017638624633589117
0.9565484631792394,0.9376514508138916,0.0188970123653478
0.5132236001594287,0.5140616346480797,0.0008380344886510516
0.9092523954873932,0.8901872690885773,0.019065126398815968
-0.6436736847781681,-0.6252472316810069,0.018426453097161177
-0.2581187990665325,-0.26113951575371674,0.003020716687184233
-0.3782381039415691,-0.37208767917423174,0.006150424767337348
0.3951451323662874,0.38727848400435677,0.007866648361930628
-0.906699471140103,-0.8976010896723041,0.009098381467798844
-0.6161289733950753,-0.6005342479554077,0.015594725439667667
-0.7172283202336553,-0.7059204136139143,0.011307906619741015
0.6882556342791181,0.6761698242589305,0.012085810020187604
0.9395883379368902,0.9257120749414697,0.013876262995420552
-0.5083510661536887,-0.49483858381476836,0.013512482338920384
-0.5179880473395777,-0.5186435963816484,0.0006555490420706578
-0.9439028507837586,-0.9292796861466814,0.014623164637077135
-0.7104154182573174,-0.708258581618348,0.0021568366389693727
-0.17637408648335662,-0.16525424549493894,0.011119840988417673
-0.5915748611358603,-0.5951982337985289,0.0036233726626685447
0.90366653805446,0.8950203153222558,0.008646222732204167
0.9052830643071278,0.8900424319790198,0.015240632328108017
-0.6671507610700308,-0.6606429178085096,0.006507843261521207
-0.3863941414271311,-0.3793568174800553,0.007037323947075791
-0.7581142289403962,-0.7483844265247662,0.009729802415629929
0.9257843606508005,0.9129490357022073,0.012835324948593185
-0.47156276810239206,-0.47296797838357957,0.0014052102811875078
0.9150017735167358,0.904543010496211,0.010458763020524842
-0.870153673358194,-0.8620382692918515,0.00811540406634259
0.7973336434534656,0.7831156043205585,0.01421803913290709
0.6380593197572854,0.6338537351794622,0.004205584577823163
0.9704081745067886,0.9569076525008794,0.013500522005909232
-0.8920001043482705,-0.8834655037645032,0.008534600583767316
0.36098512390320797,0.3673903000224468,0.0064051761192388534
-0.7814910244685974,-0.7665124411319859,0.014978583336611506
-0.9213132265703639,-0.9055717700526209,0.015741456517742947
0.7601680537715,0.7486069488166749,0.011561104954825097
-0.8811060605682935,-0.8620004665657214,0.019105594002572168
0.42817099919096113,0.4146938710258552,0.013477128165105934
0.6989326426856587,0.6871172454144917,0.011815397271166983
0.283771601675379,0.28012577215186796,0.003645829523511057
-0.8841406219501079,-0.8689631514226731,0.015177470527434789
0.538740233272848,0.520832813845016,0.017907419427832028
-0.07800206541757795,-0.07441937841829759,0.0035826869992803684
-0.8748185749318148,-0.8532173256007093,0.02160124933110552
-0.5218342651013934,-0.5177251039168368,0.00410916118455662
-0.41098874535931745,-0.40807923075449104,0.002909514604826413
0.41400786117335636,0.396455044462469,0.017552816710887376
-0.6558166150446249,-0.6401977102645825,0.015618904780042353
-0.9056100910151861,-0.8878060544543291,0.01780403656085694
0.28906326167647856,0.28992937914534583,0.0008661174688672779
-0.6706339924506355,-0.6640290326495634,0.006604959801072119
-0.9364888975813371,-0.9252636790563692,0.01122521852496794
0.33508313870056494,0.3188810401621125,0.016202098538452447
0.4371771350402003,0.43151289257418396,0.005664242466016323
-0.09227729240533195,-0.08625036708420854,0.006026925321123408
0.7335978070274669,0.7199496244741629,0.013648182553304022
-0.0014540851620079747,-0.01922084209005794,0.017766756928049965
-0.6775523144899886,-0.6572163602896767,0.02033595420031198
-0.2652674655982029,-0.275903074147881,0.0106356085496781
0.041688136927536965,0.02971666014160369,0.011971476785933275
-0.7936145274936511,-0.7800231816251494,0.013591345868501747
0.721911014551588,0.7185327126398436,0.0033783019117443747
0.652765013525714,0.6480816688254557,0.0046833447002583295
0.9560567284695554,0.940040631727479,0.01601609674207638
0.5514209027077288,0.5610306641211243,0.009609761413395534
0.3094560414840617,0.3003311062440596,0.009124935240002074
0.04368845696445251,0.0436276318343562,6.082513009630919e-05
-0.47685854267564437,-0.46265740496119084,0.014201137714453527
0.9382463303308167,0.9251578477288236,0.013088482601993134
-0.48769290316179265,-0.4738880017108452,0.013804901450947427
0.36449257491166726,0.35459596731782655,0.0098966075938407
0.8638018596687906,0.8559806833908917,0.007821176277898911
0.3648040327549673,0.3558541936933612,0.008949839061606124
-0.9104477722044239,-0.8919788611920076,0.01846891101241621
-0.3076606700856635,-0.3073696144845147,0.00029105560114878193
0.7255103443979526,0.720949966553903,0.004560377844049612
-0.06664080933179518,-0.07182359278106054,0.005182783449265357
0.6501355302929127,0.6338111653319367,0.016324364960976
-0.28425402798701055,-0.2751004631778132,0.009153564809197323
0.8291706971459466,0.807061309216497,0.02210938792944961
-0.2288185556967313,-0.23398150628591913,0.005162950589187837
0.02339814348095906,0.030363173785780597,0.006965030304821537
0.6845556254672994,0.6822928767177351,0.002262748749564336
-0.008731892560018741,-0.01565036322973747,0.006918470669718728
0.9371611821076196,0.9233562757103886,0.013804906397230976
0.5812199620681802,0.5625540751023049,0.018665886965875234
-0.3914979758992418,-0.3734270815734644,0.01807089432577741
0.4491500689644575,0.44441910567598614,0.00473096328847139
-0.588858278080484,-0.5659020239367197,0.022956254143764232
-0.9459564150797571,-0.9332065423476253,0.012749872732131795
-0.6331235013216125,-0.6204178864757519,0.012705614845860635
0.7109911425314667,0.7051119300626149,0.005879212468851813
0.16067771181789375,0.14281111292957818,0.01786659888831557
0.10685795186117303,0.1161639861864566,0.009306034325283569
-0.9527440295324797,-0.9350257685253647,0.017718261007115044
0.6286868559045231,0.6221902980717798,0.006496557832743277
-0.34221993264963785,-0.3434533104073391,0.0012333777577012706
-0.4679661621910779,-0.46058355940886575,0.007382602782212144
-0.8869158831012222,-0.871488369975402,0.015427513125820136
-0.7888504559715805,-0.7848308142479807,0.004019641723599809
0.07159352046521658,0.0608660433563942,0.01072747710882238
0.1810181412576911,0.18207817542840765,0.0010600341707165395
0.827882530082886,0.8190032388023986,0.008879291280487478
-0.6584819852363206,-0.6357560032641449,0.02272598197217568
0.41261430469385274,0.4122057999627824,0.0004085047310703471
0.5944796580031941,0.5839922605811492,0.010487397422044964
0.9670607329704555,0.9500509093788941,0.017009823591561335
0.49061004603762876,0.48174155028244864,0.008868495755180117
-0.7101188374650119,-0.7033793270954624,0.006739510369549562
0.9595293024892716,0.9403069334528532,0.019222369036418385
-0.18096809569181935,-0.18759379338947535,0.006625697697656002
0.8992279707455948,0.8775321252760072,0.021695845469587582
0.2833992559219856,0.2896015622090454,0.006202306287059811
0.43490508108017234,0.4215382889687902,0.013366792111382142
-0.049705367191141464,-0.06372356646995005,0.014018199278808582
0.4268775205495249,0.41893861090885526,0.007938909640669622
-0.3635519424999293,-0.3525197620906314,0.011032180409297876
0.710312465406968,0.6906578543936659,0.019654611013302126
-0.8021117158567991,-0.7980207837518916,0.004090932104907519
0.7801088521885161,0.7596004782523818,0.02050837393613436
-0.5883342454247228,-0.5830596970797675,0.005274548344955332
-0.4819302815842098,-0.45996557067960864,0.02196471090460117
-0.30614311545826256,-0.30745654953847174,0.0013134340802091748
0.2502593879678922,0.23826099547331453,0.011998392494577681
0.3534599284223779,0.36218384750722765,0.008723919084849763
-0.19324851025606335,-0.19156810952496142,0.0016804007311019276
-0.9616159919299108,-0.9455739858632511,0.01604200606665962
0.9428862839434925,0.9310141095032666,0.011872174440225924
-0.27449801080887043,-0.2621263997823891,0.012371611026481322
-0.30982884285540196,-0.3136809819000735,0.003852139044671521
-0.8888251824646908,-0.874839705028202,0.013985477436488813
-0.6352408683491554,-0.6237286104774024,0.011512257871753029
0.3550466836355159,0.35385276398651566,0.0011939196490002302
0.834729794887106,0.8159370922591584,0.018792702627947522
-0.9373865700124665,-0.9217651432792905,0.015621426733176014
-0.6956646426142965,-0.686630049365184,0.009034593249112488
0.9474853531263606,0.9261353487426536,0.021350004383707044
-0.2759464870556555,-0.25402146097611356,0.021925026079541943
-0.8577442740806813,-0.8440307743608532,0.01371349971982816
0.9088420211555378,0.8888280731939311,0.020013947961606715
0.6969716217734389,0.6879035816340194,0.00906804013941942
0.05187231639088321,0.055396344447785954,0.003524028056902745
-0.11868958086858954,-0.11370792883406257,0.004981652034526968
0.7449357207018303,0.7280161282588119,0.01691959244301844
-0.20598554872255595,-0.20882221375693416,0.0028366650343782107
0.7565153509129023,0.7430699176825891,0.01344543323031322
-0.8959796472538019,-0.875211849640626,0.02076779761317582
0.6262324475621464,0.622794878256063,0.00343756930608341
0.6565051001535201,0.637057665813133,0.019447434340387204
-0.6740810631881112,-0.6610967693753405,0.012984293812770775
-0.7681237360446598,-0.7469321692081432,0.021191566836516573
0.9356923607595014,0.9186405287386289,0.01705183202087246
-0.2247348101613088,-0.22030860420249673,0.004426205958812074
0.7329800796381204,0.7356563392586793,0.0026762596205589517
-0.0019187406124259404,-0.005103903124832312,0.0031851625124063717
0.8370016918145775,0.825733810096974,0.011267881717603512
-0.6370903322462234,-0.6353980133823683,0.0016923188638550135
0.960668875157979,0.9474974704172733,0.013171404740705772
0.8016029556232778,0.7728882892973524,0.028714666325925342
0.5806919992059484,0.5736657839911533,0.007026215214795073
-0.2213391791371027,-0.20603157769611477,0.015307601440987917
-0.8764898463759301,-0.8566283001851772,0.019861546190752866
-0.8364066373420691,-0.8246917817189213,0.01171485562314778
0.4210972918289841,0.4148246433922789,0.006272648436705164
-0.38256288472599886,-0.38207390024044413,0.0004889844855547332
0.6937296774054995,0.6738722055390154,0.019857471866484122
0.2833627574934983,0.2830405157487955,0.0003222417447028003
-0.054413439602789354,-0.06525641931404604,0.010842979711256681
0.478402856454198,0.47186721229060197,0.006535644163596033
0.3693438470988262,0.3500024632595111,0.01934138383931505
0.4828509727288071,0.47972394413430586,0.0031270285945012577
0.5111745475383966,0.49444327368856034,0.016731273849836303
-0.6047180705369425,-0.5908775108386832,0.013840559698259258
-0.6274270848616068,-0.618957141249566,0.008469943612040787
0.885963344400137,0.868149153375667,0.017814191024470016
-0.07630382073077974,-0.08541129998575483,0.009107479254975098
-0.8288290174264094,-0.8242745345532353,0.004554482873174059
-0.021280001040702122,-0.01560267227251035,0.005677328768191771
0.18841750255927367,0.1883996719473131,1.7830611960562015e-05
-0.9159309051651909,-0.9006345543318887,0.015296350833302275
-0.897639693448294,-0.8860316573573119,0.011608036090982043
-0.1285672121936416,-0.14548725888418246,0.01692004669054087
-0.675999157782101,-0.6749554226910821,0.0010437350910188492
-0.9328670496104862,-0.9167209210926548,0.01614612851783137
-0.3230898439996149,-0.31622360446341113,0.006866239536203744
-0.41578865297476864,-0.4158917744029469,0.00010312142817825443
0.8469223249906108,0.8291238263041899,0.017798498686420916
-0.922901307970248,-0.9109622485095135,0.011939059460734591
0.04494990963638227,0.03495668950282764,0.00999322013355463
-0.76899570029488,-0.7593357902613213,0.009659910033558705
-0.18131660491507898,-0.1659230140665676,0.015393590848511385
0.8418091032003626,0.8261346991984171,0.01567440400194553
0.9436748859145684,0.921760494563127,0.021914391351441354
-0.09425795717189049,-0.08367458061247805,0.010583376559412438
-0.17446155300017088,-0.16485093476094645,0.009610618239224433
-0.334374778457816,-0.32713953065526985,0.007235247802546141
-0.9174367535473763,-0.9019298606323329,0.015506892915043369
-0.4100756630114615,-0.4024001538386475,0.007675509172813955
0.8865798854217785,0.8717280266380675,0.01485185878371098
-0.15801776837263465,-0.1563304576424627,0.001687310730171948
0.1500341228357693,0.13584993318610766,0.014184189649661644
0.6228409591535342,0.6103321383769541,0.01250882077658011
0.9394712456394501,0.9294409168002048,0.010030328839245262
-0.7845125677479549,-0.7698839301176293,0.014628637630325514
-0.5612322368724888,-0.5608592607108693,0.0003729761616194649
-0.9254200829152239,-0.9128402309192506,0.012579851995973335
0.419229086820113,0.4215855558899108,0.0023564690697978063
-0.9204795119496608,-0.9009012586042165,0.019578253345444274
-0.28480629939071944,-0.2785800411761396,0.006226258214579838
-0.49707536210235703,-0.4885138851217181,0.008561476980638916
-0.5591613300015752,-0.5609518298836264,0.0017904998820511553
-0.16403614206933564,-0.17038056787150815,0.00634442580217251
-0.9486595564402576,-0.9339441886981924,0.014715367742065166
0.9090469132728941,0.8950259987302163,0.014020914542677843
0.8049577741793772,0.792142726993643,0.01281504718573423
-0.798201248401519,-0.7857428198889117,0.012458428512607256
0.0797442024805491,0.070435717120547,0.009308485360002103
-0.8757064996610794,-0.8606915673618193,0.015014932299260098
-0.3251511632676466,-0.3261709150903243,0.001019751822677717
-0.9335821327017405,-0.9134028048389813,0.020179327862759222
-0.1810104383626545,-0.1802579516229211,0.0007524867397334101
-0.4016526664353963,-0.3978856442123702,0.0037670222230261063
0.6303417069544665,0.6193154367478833,0.0110262702065832
0.7152169469863624,0.6944170783354439,0.02079986865091854
0.00821991074431523,0.01624784691741751,0.00802793617310228
0.2702532838161804,0.2573260202722492,0.0129272635439312
0.6567189960606834,0.6457959709554623,0.01092302510522114
0.020352540349716855,0.03832932375984373,0.017976783410126873
0.2700381473213844,0.2658233021620464,0.00421484515933801
0.18341583741770767,0.17824014244876785,0.005175694968939826
-0.9188793818950048,-0.8977762140220883,0.02110316787291655
-0.10095265930439472,-0.10178579237881989,0.0008331330744251741
0.8890906069118115,0.8806515305804544,0.008439076331357098
-0.49411800780182663,-0.5048314977845548,0.010713489982728197
0.6534458643780119,0.6585072306570818,0.005061366279069945
-0.918879381215842,-0.907450103073082,0.011429278142759958
-0.5767982086915279,-0.5839897226513074,0.007191513959779572
0.12264513232164784,0.11382989017178743,0.008815242149860403
0.5524888609197346,0.5547087329418359,0.002219872022101277
-0.8962477718817056,-0.8846234917997157,0.011624280081989902
0.707059248258095,0.6887322128101173,0.018327035447977646
-0.3924682826181827,-0.3973526106204933,0.004884328002310645
-0.6910099939308342,-0.6793407218627427,0.01166927206809143
0.9411838101067123,0.920426531821284,0.020757278285428282
-0.7297834089703323,-0.7145824294048397,0.0152009795654926
-0.7116530535802458,-0.6901503749811982,0.02150267859904753
0.8564725424906257,0.8386720033426286,0.017800539147997063
0.6995480868284957,0.6955287837527693,0.004019303075726399
0.935560114006222,0.9247929380281278,0.010767175978094179
0.8737320626705073,0.8581567390990876,0.015575323571419664
0.8766404501482999,0.8603936117239028,0.016246838424397114
-0.8395131263285461,-0.8254385424512888,0.014074583877257352
0.9069997883854463,0.8850271248772199,0.021972663508226353
-0.5885406429056246,-0.5765424402213023,0.011998202684322279
0.9289169346365549,0.9203826835759786,0.008534251060576259
-0.13396982970713925,-0.1333588968279454,0.0006109328791938373
0.6591836020995409,0.6427941381266694,0.016389463972871443
0.7355818031855355,0.7248184314243344,0.010763371761201013
0.2645832468175495,0.270923163501232,0.0063399166836825005
0.966526487850087,0.9536517180676002,0.012874769782486806
0.8561531434789413,0.8423741504045689,0.01377899307437247
0.8982957112451432,0.8884518254597199,0.009843885785423279
0.4260367189130687,0.4095950118092525,0.016441707103816205
-0.6312423181284039,-0.6102708829021817,0.020971435226222246
0.8139615592741082,0.8041321493410728,0.009829409933035382
-0.07405415377263849,-0.07174506473077807,0.002309089041860418
0.9476263473729647,0.9374071080877642,0.010219239285200521
-0.9559415575976857,-0.9468576607718535,0.009083896825832216
0.660912845678654,0.6505659592399685,0.010346886438685532
0.9428947998296848,0.9326840854472344,0.01021071438245047
-0.3245050781484996,-0.3047104657135056,0.01979461243499403
0.5556992056926352,0.5444086052035161,0.011290600489119118
-0.0734012121295377,-0.07055169752603557,0.0028495146035021207
0.751845605260357,0.7503645974707854,0.001481007789571609
-0.12885168504624062,-0.1480008758078446,0.019149190761603985
0.9451513887402998,0.9287367037537514,0.01641468498654841
0.08730442531434558,0.09292596031626371,0.005621535001918129
0.6969716236475664,0.6958580634564664,0.0011135601910999826
0.6800413705282016,0.6720799190968686,0.007961451431332978
0.7959224706959277,0.775086858282709,0.02083561241321874
0.9453098284450414,0.9339564792314585,0.011353349213582886
0.3163888277978007,0.30287603894821524,0.013512788849585455
0.7267080843343319,0.7150531048107033,0.011654979523628595
-0.45475819964573805,-0.44488397274926234,0.009874226896475713
-0.7750372107636,-0.7681535586632547,0.00688365210034525
-0.563236341084117,-0.545807389067358,0.01742895201675898
0.7955878219086034,0.7933328852162632,0.002254936692340226
-0.37713121782888825,-0.3816892498505047,0.0045580320216164205
-0.3949183906558408,-0.3984545186939114,0.0035361280380706295
0.881912549864252,0.8693893411848571,0.012523208679394937
0.738304304659075,0.7191846639631699,0.019119640695905105
-0.9176084662960362,-0.9092007984623589,0.008407667833677301
-0.21686053310417655,-0.21484376663664292,0.002016766467533626
0.9117485428064717,0.8964524182347018,0.015296124571769876
-0.4112896345346688,-0.4036254116932165,0.0076642228414523506
-0.943472454901321,-0.9235207720587909,0.019951682842530127
-0.6388506573705887,-0.6305262310496421,0.008324426320946543
-0.45059013496404926,-0.4607097392001743,0.010119604236125013
0.8760332088379065,0.8646089360382374,0.011424272799669066
0.7700207574059669,0.7643573744459324,0.005663382960034435
-0.9006431564044882,-0.896057596707661,0.004585559696827168
-0.758541504310188,-0.7446406850900605,0.013900819220127425
0.7867786220490554,0.7690230388065376,0.017755583242517803
-0.9654029112829877,-0.9496460564892615,0.015756854793726238
0.2811927189929705,0.2681901213720058,0.013002597620964673
0.5932578909605206,0.5756595460667585,0.017598344893762108
-0.6509086114803512,-0.6493811498986437,0.0015274615817074677
-0.6673347346328045,-0.6630358688911446,0.00429886574165983
-0.5574547121256834,-0.550527546192411,0.006927165933272472
-0.0678123702802904,-0.07779048999185381,0.009978119711563413
0.7688703321663822,0.7518970874558378,0.0169732447105444
0.8365297087938877,0.8223109380119253,0.01421877078196232
-0.80330975316031,-0.7855708906179383,0.01773886254237167
0.7784299322417861,0.7581869154894277,0.0202430167523584
-0.9293391581390836,-0.917339780278653,0.011999377860430593
0.7166962190019169,0.703367166983318,0.013329052018598908
0.738110606690921,0.7205729956274383,0.017537611063482728
-0.9291510617334565,-0.9111273371080103,0.018023724625446214
0.3634029837462289,0.37470397668438066,0.011300992938151733
-0.8387259454999455,-0.8246562984677049,0.014069647032240562
0.8222338253802496,0.8041776582995641,0.01805616708068547
-0.3217774664241976,-0.3061790556219262,0.015598410802271367
-0.8255846899867006,-0.8166527870285348,0.008931902958165816
-0.46696274458329257,-0.4502154407247728,0.016747303858519746
0.4665067994512501,0.4477153726899535,0.018791426761296637
-0.8593664039031262,-0.8367278748701018,0.022638529033024435
0.4582182460907376,0.44964374902547005,0.008574497065267528
-0.8520093261531636,-0.8373916026369035,0.014617723516260117
0.29664902877780336,0.30738094670512617,0.01073191792732281
0.9214563327130828,0.9071956776832698,0.014260655029812996
0.38925758378527736,0.3713345636001999,0.017923020185077465
0.6077215088551561,0.6045247093402204,0.0031967995149356776
0.8847864682170743,0.8761863075568306,0.008600160660243716
0.658777755441463,0.6440730439490175,0.014704711492445455
0.11391041099841799,0.1236304740703424,0.009720063071924412
-0.8811139341125646,-0.8677650945598929,0.013348839552671632
-0.46223253683226,-0.44748957741559064,0.014742959416669366
-0.22988256440361832,-0.22444867080446257,0.005433893599155748
-0.847792540809482,-0.8251280590890527,0.02266448172042923
-0.006525678032085337,0.006724237303159627,0.013249915335244965
-0.4902694117513554,-0.4917051062760799,0.0014356945247244735
-0.4705193220225911,-0.47539731267325513,0.004877990650664021
0.8242308262509456,0.8111671616185644,0.013063664632381178
0.9040605711393805,0.8885403479804874,0.01552022315889312
-0.8895043392456277,-0.8685531258353792,0.020951213410248415
0.8189470740346927,0.8041000900215305,0.014846984013162201
-0.40621764220996265,-0.40585526963305396,0.0003623725769086872
0.2686813287055081,0.2537527001006162,0.014928628604891914
0.8307936786133764,0.8240414404765495,0.006752238136826905
-0.8962207352275783,-0.8762320666936253,0.01998866853395298
-0.5906641128431471,-0.5740604034587786,0.016603709384368504
0.6511824631124854,0.6422545500152186,0.008927913097266815
-0.9170600109111444,-0.9027021599662032,0.014357850944941242
-0.8367388296015764,-0.8258217643375455,0.010917065264030912
0.3979716640209332,0.3961670467120553,0.001804617308877876
0.917315024200499,0.8986734025924117,0.018641621608087355
-0.7098601896962655,-0.7031136900841203,0.00674649961214524
-0.9318299150959424,-0.910293021553036,0.021536893542906332
-0.08893661778333851,-0.07849204737215734,0.010444570411181173
0.4405022447615458,0.4232459723295623,0.01725627243198352
0.4093935600217645,0.40199603913045173,0.007397520891312792
0.48694854986740677,0.4774473285546656,0.00950122131274117
-0.6991517042325679,-0.6862008310994352,0.012950873133132701
-0.5345224546756571,-0.5230788624013154,0.011443592274341663
-0.6297672132064182,-0.6299687720492774,0.00020155884285921744
0.6704592256741,0.6653742970154277,0.005084928658672272
0.4672866955102408,0.47735651478868246,0.010069819278441638
-0.28148771874533846,-0.2838501131257119,0.002362394380373445
-0.8328052399036534,-0.8195446500138724,0.01326058988978096
-0.8550626719941387,-0.834357716015518,0.020704955978620654
0.28933804897282134,0.2823187778429905,0.007019271129830862
-0.3118432010553184,-0.3015993648914108,0.01024383616390756
-0.5679350169242726,-0.5549126994386717,0.013022317485600898
0.8339773160850685,0.8255584744327081,0.008418841652360398
-0.8002417847488416,-0.7841618506175232,0.016079934131318363
0.11400702491797361,0.10001752780535098,0.013989497112622637
-0.8141622591985965,-0.7955655316621704,0.01859672753642616
-0.9435590328396746,-0.9227563921267581,0.020802640712916487
0.5726558481591756,0.5532083602038359,0.019447487955339682
0.31044151358276195,0.30566620176131865,0.004775311821443307
0.8537290526529984,0.8453414308384163,0.00838762181458208
0.08065374660081784,0.08542649317917793,0.00477274657836009
0.25751853491874394,0.2582492686574723,0.0007307337387283397
-0.8137109983935367,-0.7896197287576244,0.024091269635912238
-0.031191097157529612,-0.019806246463743425,0.011384850693786187
-0.610899241669099,-0.6019741847075295,0.008925056961569533
0.4421663024670244,0.42846339573838216,0.013702906728642217
-0.9439552453688984,-0.9291749477682938,0.01478029760060462
-0.7896580133145491,-0.7708552857264652,0.01880272758808388
0.7583802277278733,0.7510371254188732,0.007343102309000038
-0.8208298247817172,-0.8093687828244699,0.011461041957247287
0.1919608652655034,0.18763559394381224,0.004325271321691165
-0.45596239221276824,-0.4572446065431505,0.0012822143303822808
0.7084409893489788,0.6866967667381805,0.021744222610798336
0.4810554157905929,0.459277225005015,0.02177819078557791
-0.557902360380654,-0.5436084308928935,0.014293929487760537
0.682868326558874,0.6609163731720339,0.021951953386840084
0.0786465109267239,0.08177032654281606,0.0031238156160921654
0.12143070719366662,0.13510864200563538,0.013677934811968759
-0.9321727971289633,-0.9133853508169737,0.018787446311989586
-0.8306891268708733,-0.825649143357189,0.005039983513684287
-0.9093802973418688,-0.894802417591022,0.01457787975084679
0.8749634708696382,0.8530888172241406,0.021874653645497566
-0.6954176477791061,-0.6840423427732172,0.011375305005888903
0.9441714543232663,0.9237918660202243,0.020379588303041984
0.35137371986545746,0.368586185029837,0.01721246516437952
0.9179369390362854,0.9040010566451915,0.01393588239109389
0.824855848624267,0.81373527431966,0.011120574304607
-0.9365529927550914,-0.9207133601271844,0.015839632627906997
-0.5920237259671424,-0.5788603364242387,0.013163389542903636
-0.8944959593482891,-0.8707443187384342,0.023751640609854907
0.15428832302576437,0.14978688182619745,0.0045014411995669135
0.20964628690739748,0.2154569663549434,0.00581067944754593
0.6399453503351477,0.6128458585280276,0.027099491807120013
0.07088378832380622,0.0799097712292141,0.009025982905407876
0.4953071831303964,0.49687706479467875,0.0015698816642823465
-0.021633131713788303,-0.02131157142416727,0.000321560289621034
0.8868514684407841,0.8681348846429836,0.0187165837978005
-0.9546481590876431,-0.9413222801609792,0.013325878926663925
0.7932510929595563,0.7810543634416047,0.012196729517951588
0.9439429996781186,0.929751093833164,0.014191905844954555
0.4220503521503053,0.41300438300058473,0.009045969149720556
-0.6948197915270311,-0.671679042001155,0.02314074952587608
0.93312033365373,0.9189113797503694,0.014208953903360633
0.3568337313078707,0.340064956209196,0.016768775098674693
0.6773860774555749,0.6677837721733098,0.009602305282265133
0.043324322160043754,0.030715787223976974,0.01260853493606678
0.6233990720700908,0.6144306552177807,0.00896841685231009
-0.7763692079974401,-0.7623328426234639,0.014036365373976234
0.7448827613710525,0.7235231576198206,0.021359603751231915
0.8155765297079703,0.7944710316235792,0.021105498084391106
0.9555370983160677,0.9393614527380064,0.016175645578061282
-0.8626833151659806,-0.8431845766282535,0.0194987385377271
-0.39851441589303094,-0.40236622506476555,0.0038518091717346103
0.8751685581133607,0.8648846441173794,0.010283913995981275
-0.09325928138073812,-0.08432275896948793,0.008936522411250189
0.6483293284412539,0.6369409757127986,0.011388352728455287
-0.20976591492606883,-0.19948621834874897,0.010279696577319863
0.14237140009735919,0.13805517596868205,0.004316224128677132
-0.9552889200898917,-0.947804690677692,0.007484229412199728
0.45903653493969127,0.4434877439393267,0.015548791000364548
0.27315237597539815,0.26905646739614425,0.004095908579253904
0.6239303843393389,0.6132645044077474,0.010665879931591515
-0.9043897541874326,-0.895295794756857,0.00909395943057556
-0.8338587361485558,-0.8296035693670986,0.004255166781457209
0.6924194995219736,0.6850463290798571,0.0073731704421164945
-0.2558915939603471,-0.24570282536532934,0.010188768595017772
0.6252634619021967,0.6081410161301494,0.017122445772047357
-0.8223509274538725,-0.8135184115871719,0.008832515866700641
0.5886593134314956,0.5734751223421055,0.015184191089390064
0.9039169684077825,0.8932223113688982,0.010694657038884281
0.9258786208245201,0.9132979964446617,0.012580624379858407
-0.8402503999713109,-0.8218388529472291,0.018411547024081765
-0.7035021935558828,-0.7085154763500743,0.005013282794191443
0.2744980127961342,0.26801984408261265,0.0064781687135215815
0.4957291657824998,0.5035605586459798,0.007831392863480002
-0.24127768496061355,-0.24466785255794335,0.0033901675973297962
-0.7161943862183677,-0.6936971447864462,0.022497241431921555
-0.935047044098713,-0.9160786115710092,0.01896843252770375
0.03212925809519916,0.029738535515072027,0.002390722580127135
0.684515986039525,0.681349502806502,0.003166483233023043
-0.1413641664312122,-0.15232306864655754,0.010958902215345345
0.6022724208117491,0.5914473518166276,0.01082506899512159
0.8951318842912238,0.873477545940655,0.021654338350568847
0.6034105664844341,0.6012941030622514,0.002116463422182746
-0.7279006100497936,-0.7117086768980477,0.01619193315174583
0.6458201058659009,0.6261274812273347,0.019692624638566136
0.8792930164871943,0.8734988134020298,0.005794203085164429
0.4849567779921516,0.4819193695003848,0.003037408491766813
0.57750142303616,0.5675062504886706,0.009995172547489384
-0.5896149131266507,-0.578967390411747,0.010647522714903657
-0.06839093386166019,-0.057182134359375046,0.011208799502285142
0.9068009939936047,0.8951372246424288,0.011663769351175857
-0.7220676947917687,-0.7190093023898403,0.0030583924019284003
0.8917645080243692,0.8764030561354605,0.015361451888908695
-0.5097589745206601,-0.5126583490751506,0.002899374554490519
-0.886408837965324,-0.8704171761960683,0.015991661769255705
-0.9365476926649191,-0.9210580331226008,0.01548965954231829
-0.8670372468534966,-0.853135874775915,0.013901372077581575
-0.9202227521229266,-0.9112619755667336,0.008960776556192984
0.425955400977792,0.4191878918504767,0.006767509127315274
-0.33156694082186805,-0.33199176089377697,0.0004248200719089157
0.9059099933622496,0.8926983865213765,0.013211606840873191
0.7568047135730605,0.7373883766438408,0.019416336929219624
0.9417847482990498,0.9219339874405528,0.01985076085849702
-0.8198326492218769,-0.8015464530764966,0.018286196145380296
0.8864700193125574,0.8739495486646385,0.012520470647918946
-0.8460240944826825,-0.8290667225543445,0.016957371928337905
0.3722173807096184,0.36122733952296593,0.010990041186652477
0.12552716540719966,0.11713658327896564,0.008390582128234014
-0.33583279486902806,-0.3265964026743929,0.009236392194635179
-0.5852124425135863,-0.5891321080478094,0.003919665534223071
0.026949405332738915,0.030850944428555467,0.0039015390958165516
-0.9057484786524159,-0.8895808803487616,0.01616759830365433
-0.20806902052000836,-0.20063718762031374,0.007431832899694624
-0.9103535100561329,-0.8987516091154862,0.011601900940646614
-0.9266745933113137,-0.9100735510067792,0.01660104230453452
0.6185344734874355,0.6201843921378724,0.0016499186504368435
0.8032671493323237,0.7939485698327214,0.009318579499602242
0.004418886865507175,0.013156390725599655,0.00873750386009248
0.6274060077775271,0.6222175708153537,0.005188436962173415
0.5841241409958805,0.5751042152281757,0.009019925767704828
-0.9156633213159048,-0.8988017709213049,0.01686155039459991
-0.6739666088210385,-0.6624759880023321,0.011490620818706443
0.36209449538545146,0.355262418712822,0.006832076672629472
0.9115975726547079,0.8983879125184085,0.013209660136299317
-0.9157990556168046,-0.8968956767829135,0.01890337883389115
-0.046172660159041354,-0.049776552893151374,0.00360389273411002
0.6357263837041928,0.6326114038020824,0.003114979902110404
0.8693321560177175,0.8541487587665801,0.015183397251137376
-0.5896066872778777,-0.5858688114492451,0.0037378758286326086
-0.38855487279182715,-0.3771023600809911,0.011452512710836082
0.76202873585802,0.74675511255198,0.015273623306039985
-0.9327509436576353,-0.9193389079504135,0.013412035707221825
0.34948361870274597,0.3439868380070231,0.005496780695722847
0.826309549250156,0.8088901049964626,0.01741944425369335
0.024265515032245426,0.047733902398699915,0.02346838736645449
0.8964847031694734,0.8740029583702339,0.022481744799239478
0.18525099478766038,0.1765055679525889,0.008745426835071485
0.844374643048098,0.8370331862858734,0.00734145676222453
0.8766695855860115,0.867520869609893,0.009148715976118438
-0.9319781924634548,-0.9178127885751799,0.014165403888274919
-0.952300164172629,-0.9301435521921609,0.022156611980468033
-0.6582237187668283,-0.6346346586420801,0.02358906012474815
-0.6683538777321895,-0.6510208387030848,0.017333039029104658
-0.49251032922650784,-0.49572950335181853,0.0032191741253106976
-0.18417746740131688,-0.18178068138182688,0.002396786019490005
0.3070339151716455,0.29610475793234553,0.010929157239299991
0.37886238287098084,0.38136341361995524,0.0025010307489743977
-0.8862149956267368,-0.8833696730769329,0.0028453225498038526
0.24539954546471715,0.2509070444642044,0.00550749899948727
0.3324495130123052,0.3314543135982613,0.0009951994140439124
0.376167561884051,0.3752199915538174,0.0009475703302335714
-0.9433544673885709,-0.9233860349695617,0.01996843241900914
0.9097309696316407,0.8920478136225406,0.017683156009100087
0.8586911918231461,0.8428296358266709,0.015861555996475207
-0.34897836426896184,-0.3623097108679535,0.013331346598991656
-0.8702489398567756,-0.8582739306756451,0.011975009181130591
-0.05003250000256415,-0.043257214331461666,0.006775285671102485
-0.7924351116760261,-0.7731214979148057,0.019313613761220427
-0.03348622066876095,-0.041114448804952596,0.007628228136191642
-0.24934139795445504,-0.23799609730572918,0.011345300648725853
-0.7417493007707974,-0.7285170110231199,0.013232289747677428
-0.8823287886319577,-0.8759076030417806,0.006421185590177125
-0.7495350771754631,-0.7366504749442712,0.012884602231191922
-0.11317391412810088,-0.11978676102526534,0.006612846897164459
0.58091958429575,0.5620283558009858,0.01889122849476421
-0.3033297103189609,-0.2999840465497701,0.0033456637691907654
-0.8972148251709716,-0.8814355629243247,0.01577926224664694
-0.5492614044559861,-0.5414503031985014,0.007811101257484743
-0.26790631316116276,-0.2459479234837114,0.021958389677451368
-0.9525322911379046,-0.9365454965383332,0.01598679459957142
-0.23675409740395043,-0.22957372426582204,0.0071803731381283875
-0.868071437319139,-0.8562860720840962,0.01178536523504281
-0.5746966387955417,-0.5715647784691492,0.003131860326392455
-0.7215227242792792,-0.718590694422241,0.002932029857038221
-0.7531856442977933,-0.7561251493611647,0.0029395050633713726
0.684462003367278,0.6638894564171451,0.020572546950132886
-0.18204944644749932,-0.1895056160658005,0.007456169618301173
0.4738745071965439,0.46040751028167376,0.013466996914870133
-0.3690941774607398,-0.3558484831098067,0.01324569435093309
-0.3807660255228919,-0.3709933194674571,0.009772706055434788
-0.8887967801284925,-0.8734920336484753,0.015304746480017228
-0.5855486451774495,-0.567020056129425,0.01852858904802457
0.20629825763698,0.20896843193192324,0.002670174294943234
0.8060687591594284,0.8007895479956247,0.005279211163803699
0.9264088375415553,0.9128129659941188,0.013595871547436578
-0.3441280580884724,-0.32904799349680514,0.015080064591667275
-0.9584486832867741,-0.9425252731554182,0.015923410131355897
-0.9507151020982841,-0.9353531016116968,0.015362000486587313
0.5835166110456419,0.5804429133509088,0.0030736976947330907
-0.7618967831572978,-0.7491812856742872,0.012715497483010596
-0.9676941873833342,-0.9541820157796982,0.013512171603636047
0.8101327195024822,0.7966418421427273,0.01349087735975496
0.08421497498291206,0.08478316660630468,0.0005681916233926249
-0.7587366417475343,-0.7470788254956366,0.011657816251897657
-0.5014598887400338,-0.49232713741777956,0.009132751322254218
-0.8237568916853444,-0.8072109432005948,0.01654594848474955
-0.9527717688980415,-0.9389348058750138,0.013836963023027726
0.7586296171631501,0.7324145459911348,0.02621507117201538
0.5084000661910073,0.4929123544915488,0.015487711699458506
-0.9382608492810338,-0.9211032951652564,0.017157554115777462
-0.9399850137178929,-0.9283658319017577,0.011619181816135193
-0.4240380191256795,-0.420369692664767,0.00366832646091253
-0.9240997077119866,-0.9054014215111251,0.018698286200861447
-0.6630657743818508,-0.658799337126435,0.004266437255415756
0.9504932766801222,0.9287242636414331,0.021769013038689056
0.6007165977054615,0.5826974621471306,0.0180191355583309
0.8957076730586555,0.8778401580842985,0.017867514974357013
-0.4851316268575997,-0.4727094791453529,0.012422147712246812
0.8727830371289869,0.8515872725945752,0.021195764534411632
-0.7326700074422873,-0.7247610111713219,0.007908996270965418
0.7952873627840134,0.7963634707442044,0.0010761079601910861
0.7881569700865557,0.7785946607748079,0.00956230931174784
-0.20543346218983674,-0.1992757825606296,0.00615767962920713
0.13036911301051193,0.13895270884283334,0.008583595832321406
-0.9094662667406861,-0.8910062414342074,0.018460025306478722
-0.8068939045558919,-0.7926037475581039,0.014290156997788017
0.3251757292514103,0.32916476812295226,0.00398903887154195
0.06592667873597613,0.0804907732257969,0.014564094489820767
-0.9223949858793434,-0.9139864240500369,0.008408561829306493
0.7922126294365547,0.7700985467359553,0.022114082700599336
-0.4125645390066127,-0.40377458745938655,0.008789951547226171
0.4567552592957215,0.45737481078403885,0.000619551488317327
0.6009186610242836,0.5968212208661605,0.004097440158123078
-0.6591612449370583,-0.6381507996352473,0.021010445301810954
-0.24742345334365945,-0.26550195684167743,0.018078503498017984
0.3862575895465906,0.36907608937670466,0.017181500169885955
0.3777163742271326,0.36217571301709045,0.015540661210042161
-0.41931644929889245,-0.39933077544828216,0.019985673850610286
0.3294118460716121,0.31459341051750717,0.014818435554104947
0.04148659219479971,0.047094189208827145,0.005607597014027438
-0.5560583746852561,-0.5560656154399324,7.240754676285377e-06
-0.9363618838510571,-0.9266419117263677,0.009719972124689447
0.634247662583798,0.6232350746422108,0.011012587941587215
-0.6819298772216802,-0.6780244150905509,0.0039054621311293003
-0.8776628277548534,-0.8674944577213421,0.010168370033511231
0.7005384688396049,0.6808099651714044,0.01972850366820056
0.7799620311190858,0.7675152714937833,0.012446759625302506
0.21652305355310272,0.21254820365175103,0.00397484990135169
-0.876638339480092,-0.8576910378849825,0.01894730159510949
-0.9454519056526587,-0.9295922630404482,0.01585964261221051
-0.10531159018411454,-0.09758088480678903,0.0077307053773255086
-0.8140888022156441,-0.7986660307454378,0.015422771470206209
0.46593116232743187,0.4468563467812536,0.019074815546178292
-0.8664543541854551,-0.8523752432854349,0.01407911090002023
0.7161163312001059,0.7119965392198493,0.004119791980256582
-0.5814601386990657,-0.5608655790625323,0.02059455963653334
-0.37421463384079057,-0.3585587669339005,0.01565586690689008
0.6212585059399588,0.6121214892215493,0.009137016718409496
-0.03600776084742472,-0.03591829223731802,8.946861010670354e-05
-0.7139657669817899,-0.7125662694940642,0.0013994974877257205
0.3064290515463122,0.2923672862557325,0.01406176529057973
-0.3921910984350956,-0.3886196806125288,0.0035714178225668136
0.6863980809861615,0.6713329762907406,0.015065104695420883
-0.37552373940634975,-0.3671359254082385,0.008387813998111282
-0.7182921052241805,-0.7017595733155092,0.016532531908671322
-0.4349050815067768,-0.41549175856799436,0.01941332293878245
0.9425833845703315,0.9255430774284628,0.01704030714186877
-0.9511278206103356,-0.9346650543231039,0.016462766287231756
0.45867490677086287,0.44225852820408856,0.016416378566774303
0.628014567946342,0.6241433541369724,0.0038712138093696113
-0.30944739625044093,-0.3111731763319929,0.001725780081551942
-0.9354897685975164,-0.9174217678249589,0.018068000772557546
0.5200608159398823,0.5205061964480113,0.00044538050812903407
-0.15444277768809686,-0.15969495871514458,0.00525218102704772
0.3935534140936244,0.37692331215075514,0.016630101942869235
0.9276530905624286,0.9061382368905139,0.021514853671914747
-0.816100235728786,-0.8053070863542601,0.010793149374525912
0.8948044264051109,0.8799457478690619,0.014858678536049053
-0.4921529022199198,-0.47314026767734824,0.01901263454257157
-0.5417137714360559,-0.5393684497173351,0.0023453217187208164
-0.7754722099304071,-0.7741323920707721,0.0013398178596349952
-0.343804387343493,-0.3404647212016313,0.003339666141861708
0.6551341364408795,0.6561404390719914,0.0010063026311118994
-0.2337547848906507,-0.22631292716123116,0.007441857729419549
0.8161971590993897,0.8029911059044562,0.01320605319493351
-0.6801118762705647,-0.6737161155882636,0.006395760682301077
-0.5706519932710282,-0.5593117459405932,0.011340247330435038
-0.9501370633607409,-0.9298240616676506,0.02031300169309025
0.19320613099171383,0.20448891988860196,0.011282788896888135
0.27851994667370666,0.28574072879413137,0.007220782120424707
0.02304672028939518,0.03751559238690646,0.014468872097511278
-0.5023188023266243,-0.49209915398689646,0.010219648339727827
0.2604015058568563,0.2546047456701992,0.005796760186657091
-0.7416476116462127,-0.736854977350756,0.0047926342954567325
0.9634028337229823,0.949556609479779,0.013846224243203253
-0.937383118391976,-0.919601448747733,0.017781669644242992
-0.6739035091744479,-0.6581460241751839,0.015757484999263993
0.3918748317411763,0.38663996815113644,0.005234863590039884
0.05336551537553441,0.05296690063132563,0.0003986147442087834
-0.31368712351186784,-0.32101652427814065,0.007329400766272809
-0.4469344101471045,-0.4243103659515606,0.022624044195543924
-0.8208268554155886,-0.8108433610915097,0.009983494324078968
0.5778025087428548,0.5679259311876883,0.009876577555166466
0.08662637536706996,0.10317009038370333,0.016543715016633362
-0.8962948354424962,-0.8889774776231049,0.007317357819391357
0.9658047356101118,0.9436173980278441,0.022187337582267763
-0.2087432102517027,-0.18940745743851706,0.01933575281318564
-0.39936844363081353,-0.3902537024669787,0.009114741163834816
-0.9063972728113583,-0.8951596207740304,0.01123765203732785
0.5541195379774281,0.5397823177324499,0.014337220244978188
0.9388421759027062,0.9154842784497053,0.023357897453000986
0.8602923222968251,0.8511286348479983,0.009163687448826785
-0.27303016442517347,-0.2687085996833015,0.004321564741871953
-0.8989546104971565,-0.8914932200044006,0.007461390492755959
-0.68040781910729,-0.6682256729094755,0.012182146197814436
-0.7567923565428162,-0.7523383504670289,0.004454006075787276
0.8366932858726822,0.8243050871416018,0.012388198731080435
-0.07468436536197655,-0.053285229234418426,0.021399136127558123
-0.8911888763035485,-0.880581760151469,0.010607116152079432
0.06659090711330218,0.06142933163256256,0.005161575480739616
0.4901807006926597,0.4905813217954061,0.0004006211027464124
-0.6755664473980539,-0.6648425406035968,0.010723906794457116
-0.9274452412480015,-0.9116103367382602,0.015834904509741343
0.972133032633036,0.958309433451651,0.013823599181384982
0.7732936823797587,0.7532640941966572,0.02002958818310152
0.747733936842235,0.740239792960541,0.007494143881694004
0.9055123701499818,0.8963577267219778,0.009154643428003983
-0.449149458667946,-0.43888184217873316,0.010267616489212816
0.11864960532255507,0.1068046675573379,0.011844937765217167
0.37157111130720655,0.3786408426955608,0.007069731388354261
0.23293502686289697,0.22938791519577562,0.00354711166712135
-0.7427395904681716,-0.7232998103661943,0.019439780101977333
0.1784323885402733,0.18009674486462446,0.0016643563243511628
-0.8656096858221795,-0.84469667163247,0.020913014189709478
0.7100524803266486,0.6965062540985355,0.013546226228113079
-0.8896925985415044,-0.8816053455180278,0.00808725302347657
-0.6933909618830488,-0.6818442304599366,0.011546731423112244
0.9179646721473399,0.9022214896864159,0.015743182460923988
-0.8041801421092393,-0.7939831092481228,0.010197032861116506
-0.6631990126812713,-0.6543821760719164,0.00881683660935495
0.8991799930613893,0.8806788042367328,0.018501188824656456
-0.639112424900972,-0.6177473578162961,0.021365067084675893
0.7303994552588617,0.7196818524301304,0.010717602828731354
-0.8464136059002625,-0.8330018434679256,0.013411762432336882
-0.8627866093964237,-0.8493205334788921,0.013466075917531573
-0.2409216263364787,-0.23535687545563314,0.00556475088084557
-0.8252174129903619,-0.8029087613054412,0.02230865168492069
0.8897118124742459,0.8780021101887002,0.011709702285545687
-0.16036588066519933,-0.1635402679225289,0.003174387257329575
-0.4918498103402931,-0.48258789061659446,0.009261919723698664
-0.8367579910325822,-0.8165106624287648,0.020247328603817394
-0.7537121378369419,-0.7297503015802983,0.02396183625664361
-0.6439496137710453,-0.6411499676483117,0.0027996461227336455
-0.15610906451887865,-0.1440707902458378,0.012038274273040855
0.11270115578943647,0.11170571561931587,0.0009954401701205984
-0.09927680252146906,-0.0809674183381913,0.018309384183277766
-0.14464417964375162,-0.15180359683246294,0.007159417188711326
0.2555684551373088,0.2417728749069955,0.013795580230313298
0.7861721259163356,0.7751077281322702,0.011064397784065316
-0.348843388923186,-0.33173028567604146,0.017113103247144545
0.44895365238401985,0.43802522273742395,0.010928429646595905
-0.8792394256810327,-0.8616161700525471,0.017623255628485657
-0.5518499114671065,-0.5518474216484672,2.489818639261898e-06
-0.36270777117599,-0.36977391539751836,0.007066144221528348
0.5951750074656164,0.575954611352641,0.019220396112975324
-0.7519276993175626,-0.7369329448950662,0.014994754422496426
-0.9305174016128334,-0.9168335076770632,0.013683893935770186
-0.734983644406187,-0.7164012335930439,0.018582410813143158
0.7803709507482853,0.7695723317552637,0.010798618993021591
-0.8591453317738723,-0.8389281143971334,0.020217217376738872
-0.9462280085181545,-0.9307767932562565,0.015451215261897966
0.24491935529056408,0.2522212273602485,0.007301872069684412
-0.5561202401440613,-0.5615067682287685,0.005386528084707298
-0.3474728481769263,-0.33955314987174917,0.007919698305177136
-0.8198823587954555,-0.8213443873180055,0.0014620285225500629
-0.5124874506207587,-0.5095522969560505,0.002935153664708201
0.9301213513908934,0.919621253426276,0.010500097964617372
-0.30601006935098085,-0.29108127432662023,0.01492879502436062
-0.7014706828368648,-0.6871411335359465,0.014329549300918232
-0.15937833523882147,-0.15376612296428202,0.005612212274539452
-0.6238956441108197,-0.6211736030407389,0.002722041070080783
-0.9457077793508797,-0.930997928422752,0.01470985092812771
0.45605321650244246,0.44640647287996243,0.009646743622480025
-0.12966024677061544,-0.1302947248427921,0.0006344780721766474
0.23909077894182504,0.2294258178352546,0.009664961106570447
-0.9206281079371009,-0.9087525505898348,0.011875557347266086
-0.8035447365262032,-0.7983520457392603,0.005192690786942844
0.8258600878529568,0.8065472694133069,0.019312818439649937
0.9459071034252233,0.9247319459729341,0.02117515745228926
-0.9037245836549176,-0.8900041586662082,0.013720424988709401
0.14556990794568,0.1333513372537005,0.012218570691979513
-0.1324471269274412,-0.1272206493126872,0.005226477614754005
0.48046486853132164,0.4723303740326348,0.008134494498686862
-0.23134359492278753,-0.23922952657262933,0.007885931649841804
-0.8452862654001885,-0.831521470250309,0.013764795149879494
0.8879903248503711,0.8718476893747859,0.016142635475585254
-0.19253350876479153,-0.19972574928878872,0.007192240523997195
-0.8715240677741171,-0.8538138704824566,0.017710197291660457
-0.18355469316934228,-0.18076158403586914,0.0027931091334731373
-0.891228682440979,-0.8838954693873994,0.00733321305357959
0.6265324367625389,0.6243435212838396,0.0021889154786992604
0.234009335899409,0.22848056698154315,0.005528768917865856
-0.9393995790231845,-0.9286894404570905,0.01071013856609404
0.23430237212682303,0.22665807905326754,0.0076442930735554915
0.9445942039446682,0.9262951601153491,0.018299043829319128
-0.34384284649980706,-0.3299757669433577,0.013867079556449391
-0.6968388323698858,-0.678047085686305,0.018791746683580746
0.5226463707785881,0.525124528158369,0.0024781573797808543
0.5721555191984481,0.5729282133928756,0.0007726941944274923
-0.6047537703772485,-0.5971410024857192,0.007612767891529315
-0.23041279023172706,-0.2206161405797554,0.009796649651971662
0.356385870337344,0.3584402871181014,0.0020544167807574065
0.6254617644753813,0.6105811692953127,0.014880595180068568
0.9296709013988369,0.9114619922558255,0.01820890914301143
-0.8603522195620403,-0.8440646248591457,0.016287594702894648
0.8309385090899049,0.82458999821021,0.006348510879694902
-0.4022879621371716,-0.39960246624395784,0.002685495893213763
0.5591203886547493,0.5455357195023484,0.013584669152400974
0.5569776834007532,0.5573996194090792,0.0004219360083260737
-0.9090507224174603,-0.8948533550919664,0.014197367325493926
-0.9458710811992003,-0.9311742792598742,0.014696801939326098
0.6998085856780737,0.6962890245815699,0.003519561096503754
-0.9011959362352283,-0.8848161921470192,0.01637974408820908
-0.9424134854644589,-0.9330210831013677,0.009392402363091246
0.9311633396952576,0.9177606127885845,0.013402726906673101
0.36743589504750507,0.3531033555513517,0.014332539496153374
0.7785042930003415,0.7637057571804488,0.014798535819892766
0.8855690439333851,0.8660526193644507,0.019516424568934432
-0.3863682824255041,-0.3991246918175434,0.012756409392039314
-0.12352024830424889,-0.11459610676258794,0.008924141541660949
-0.7533900921887994,-0.7392899664865921,0.014100125702207311
0.9155066952998238,0.8921654021689086,0.023341293130915153
0.21179545749602768,0.20807760716379128,0.0037178503322364
0.23250058261284365,0.2159628968536051,0.016537685759238557
0.8640687769006721,0.8487136583234338,0.015355118577238258
-0.6469483542713165,-0.6289320550352729,0.01801629923604353
-0.9412075723309611,-0.9243460535589574,0.016861518772003703
-0.9425805655123253,-0.9261859850372579,0.016394580475067366
-0.6126488749998141,-0.5956632502266448,0.01698562477316934
-0.4625486156489396,-0.45028254487611574,0.012266070772823878
0.7047154409749316,0.707992228579,0.003276787604068465
-0.8615500314832683,-0.8472518748126339,0.014298156670634388
-0.8943658081247551,-0.8767205532913498,0.01764525483340529
0.12092605656536883,0.13012898626281008,0.009202929697441256
0.9446579072213042,0.9249650808827486,0.019692826338555514
-0.19243848139236147,-0.2069507509095424,0.014512269517180931
-0.9659756846618442,-0.9470022565129615,0.0189734281488827
-0.23518118494722703,-0.23200673540444297,0.0031744495427840635
-0.658766809889915,-0.6359909644647296,0.022775845425185404
0.8080980142713301,0.7965061292591877,0.011591885012142367
-0.5088207849476196,-0.4991129579210053,0.009707827026614324
-0.7695385091924758,-0.7547295052491936,0.014809003943282217
-0.12190780874981057,-0.13063710752997218,0.008729298780161612
-0.5397518023952161,-0.5381812864806703,0.0015705159145458225
-0.7445836608837754,-0.7318222753018709,0.012761385581904428
-0.8383608815388338,-0.822386016202238,0.015974865336595867
0.389869668151978,0.3901463911569924,0.00027672300501441205
-0.9282969023128717,-0.910915134642234,0.017381767670637704
0.7495468136663392,0.7269425374142024,0.02260427625213679
0.03964983160304983,0.032271912354800245,0.007377919248249584
0.7040821227631994,0.6948515869346603,0.009230535828539055
0.8719064179044519,0.8571309284410945,0.014775489463357383
0.5659538760789965,0.5565250520229026,0.00942882405609391
0.7422550030457464,0.7285721096225305,0.013682893423215936
0.9200788533964127,0.8975633178210646,0.022515535575348133
0.2837597507029779,0.28931444809697937,0.005554697394001495
-0.46071859293529377,-0.45353690597678714,0.007181686958506628
0.9020508687484743,0.8808865095658001,0.02116435918267423
-0.24001068545781856,-0.25662165801276976,0.016610972554951198
-0.9436167056095172,-0.9255225140232203,0.01809419158629688
0.9381304689644344,0.9244464764261386,0.013683992538295775
-0.846851991611402,-0.838298924405882,0.00855306720551996
0.5519710698660059,0.5483137357582639,0.0036573341077419386
0.9490514861147212,0.927453420410812,0.02159806570390921
-0.8866897852655822,-0.8642227129564456,0.022467072309136582
0.9278176208634872,0.9094604512718593,0.01835716959162792
-0.7444460257170148,-0.742130733094476,0.0023152926225388226
-0.7649700864675906,-0.750193267668843,0.014776818798747593
-0.6574838192493271,-0.6643707877863957,0.006886968537068605
-0.7960176952368666,-0.7872536446789048,0.008764050557961811
0.8113526969008845,0.8045104453993789,0.006842251501505636
-0.884393142459738,-0.8769031362336319,0.007490006226106072
-0.3030025711683706,-0.2973156322595213,0.005686938908849304
0.6844570142237246,0.6807571128583089,0.0036999013654157586
0.6780068231724038,0.6651450092354703,0.01286181393693353
0.33295412015836295,0.34036319440960205,0.007409074251239101
0.6892934472453928,0.6839513509116949,0.0053420963336978655
0.9560823111337183,0.9454949740437437,0.010587337089974613
0.5053313065083324,0.48599859272222523,0.019332713786107125
0.4124015842995121,0.4110265117001295,0.0013750725993826318
-0.021232360500911308,-0.029590547778984542,0.008358187278073234
0.8229920037549049,0.8064901560673421,0.0165018476875628
-0.015655187614314697,-0.009908673399469903,0.005746514214844794
-0.23686308621775354,-0.23578189113965478,0.0010811950780987567
0.5389788812531885,0.524230812723236,0.014748068529952474
-0.4285937432667421,-0.41123708500261524,0.017356658264126856
-0.8738304209131562,-0.8578147438927004,0.01601567702045581
0.934691117522053,0.9156485879332165,0.019042529588836565
-0.7498226120266991,-0.737170437817248,0.012652174209451084
0.252929145978354,0.24225522910265626,0.010673916875697714
-0.14701112669188698,-0.14369121612666846,0.00331991056521852
0.9140490548330445,0.8991615876864316,0.014887467146612932
-0.332778590852657,-0.33610761873513056,0.0033290278824735786
-0.913132316183061,-0.8997489466727991,0.013383369510261867
-0.694475436778642,-0.6858798077744319,0.00859562900421007
0.00298407948195334,0.014124609005843412,0.011140529523890073
0.5900804726543407,0.5939743190232244,0.00389384636888368
0.7479590658546055,0.7492169810793268,0.0012579152247212955
-0.1988504241963763,-0.19204812258048365,0.006802301615892653
0.8547660330712674,0.8429128039079153,0.011853229163352075
-0.8841595662400311,-0.8717379793475709,0.012421586892460201
-0.018893791890421455,-0.007923221045245503,0.010970570845175952
0.8532311857208654,0.8319321454292729,0.021299040291592575
-0.8405274509079753,-0.8247628263842046,0.0157646245237707
0.6990879497608578,0.691211760562353,0.007876189198504746
-0.7147445390502103,-0.6997005988605849,0.015043940189625404
-0.2394333736135701,-0.24297170559807085,0.0035383319845007644
0.7263357579149552,0.7208896291003136,0.005446128814641571
0.14899326722377754,0.15186749189780813,0.00287422467403059
-0.016694202090199235,-0.004579492006630722,0.012114710083568514
0.689821615983142,0.6792284440786542,0.01059317190448772
-0.5922206202599393,-0.5892375317536253,0.0029830885063140133
-0.7352906255505001,-0.7291590237926208,0.006131601757879301
0.9382579632862742,0.9251807709675985,0.013077192318675657
-0.844609422401851,-0.8231243596155696,0.021485062786281373
0.8999553196017755,0.8780767050224572,0.02187861457931839
0.08349494366705955,0.07323998438230495,0.010254959284754603
0.198648488240781,0.1987614415183881,0.00011295327760710294
-0.8918703320783953,-0.873094088147523,0.018776243930872294
-0.944647911519989,-0.928335536709521,0.01631237481046799
-0.8858134588930883,-0.8790727891000031,0.0067406697930851855
0.501751082597914,0.48098105279330633,0.02077002980460768
-0.8464253405600302,-0.8267818797643752,0.019643460795654932
-0.31537650360137504,-0.29712464568751196,0.01825185791386308
0.8465326907522336,0.8233039128770988,0.023228777875134776
0.6234957855219957,0.6037680815459333,0.019727703976062383
0.9456835495803431,0.9248434121141037,0.02084013746623936
0.9585357399197814,0.9397382383857334,0.01879750153404791
0.7710734442416457,0.7566237423031438,0.014449701938501924
-0.9599960658648867,-0.9404342241093775,0.019561841755509235
0.283194455930513,0.27202053582872887,0.01117392010178414
-0.6525389012520288,-0.6339077434442778,0.018631157807751042
-0.6307817895643528,-0.6209564415783156,0.00982534798603718
-0.4052892809773942,-0.4073180198110773,0.002028738833683097
-0.8173684124345946,-0.8075536156376838,0.009814796796910774
0.4758307390371153,0.45812058303990094,0.017710155997214372
0.816889329041602,0.8059206640516637,0.010968664989938315
-0.5588469506451424,-0.5447879348066065,0.014059015838535971
0.8463560403456343,0.831103212262927,0.015252828082707226
0.48235332749388793,0.47273619425290914,0.009617133240978792
0.8952693878386697,0.8780938402616593,0.017175547577010453
-0.4824176256420004,-0.4752551565519469,0.007162469090053525
0.7943339601526073,0.7779598812386114,0.016374078913995893
-0.45801571185581946,-0.45124096230619404,0.006774749549625425
-0.525306476461429,-0.5078372623943601,0.017469214067068917
-0.28614947221888315,-0.2651709367046647,0.020978535514218466
-0.936787484434834,-0.9230754814886432,0.013712002946190793
-0.8985508108148701,-0.891069529946271,0.007481280868599116
-0.9512973815843162,-0.9364277267977986,0.014869654786517583
0.9443015753727353,0.9311691090840722,0.013132466288663047
0.9421661184357195,0.9212305425119677,0.020935575923751837
0.7477655261665085,0.7324318844990677,0.015333641667440778
0.5868107145355745,0.5670145141347804,0.019796200400794106
0.2230228286673726,0.21442428406907535,0.008598544598297259
-0.14805262136587183,-0.1523812113994847,0.0043285900336128835
0.2602448614160333,0.2700820892349041,0.009837227818870808
-0.9517180843451346,-0.9437210795553743,0.007997004789760287
-0.9364828923302139,-0.9165865800602355,0.019896312269978345
0.5302516289129754,0.5268403912366024,0.003411237676372969
0.6150110017182487,0.5978283971782249,0.01718260454002385
0.9316202320633622,0.9247364082721662,0.006883823791196009
-0.38795012274005075,-0.38010789277775187,0.007842229962298886
-0.5112644885371621,-0.5053591198890693,0.005905368648092768
0.8724105377803012,0.858066578253426,0.014343959526875172
0.9290370399638316,0.9105752392600397,0.018461800703791886
0.718251578803689,0.7053169316128961,0.012934647190792847
-0.8370140778866312,-0.8297248774665144,0.007289200420116826
-0.874400281807729,-0.860009099054797,0.014391182752931941
-0.7549442856867831,-0.7393104223848971,0.015633863301885986
-0.8513809659675692,-0.8372176486601814,0.014163317307387735
-0.664035628118282,-0.6653906009224738,0.001354972804191834
-0.740471621600139,-0.7272492395597903,0.013222382040348757
0.5570394339096717,0.535546872733524,0.02149256117614773
-0.860420414245674,-0.8432375795477776,0.017182834697896388
-0.263119582296301,-0.2782054540273436,0.015085871731042588
-0.71261077698069,-0.7179152508304021,0.00530447384971211
0.9164059916429366,0.8954501671668685,0.02095582447606803
-0.312756148242867,-0.30103413719960626,0.01172201104326076
-0.652012021773956,-0.6379178417964493,0.014094179977506727
-0.6074163185767228,-0.5936559470856904,0.013760371491032486
-0.9335588673362829,-0.9190772007702018,0.014481666566081075
0.7945480761890897,0.7768289489694495,0.017719127219640196
-0.015512262745615199,-0.006393794706908607,0.009118468038706591
-0.09356931576108424,-0.0968738913272831,0.0033045755661988557
0.456427779910122,0.4608648421352157,0.004437062225093713
0.8653554479591661,0.8482312086219462,0.01712423933721985
-0.937760634999089,-0.921783285196015,0.01597734980307397
-0.6485319454663901,-0.6313486359871048,0.01718330947928537
-0.9117731147086642,-0.8959870411366212,0.01578607357204298
-0.5322152313875707,-0.5185455146941615,0.013669716693409106
0.652813364114762,0.6481293159550553,0.0046840481597066885
-0.4884110385121136,-0.48666413753278615,0.0017469009793274481
0.36825110391721116,0.3548708486422065,0.013380255275004638
0.8287028844875283,0.8149171479578324,0.013785736529695836
0.09264468460325478,0.0808798607985389,0.011764823804715885
0.7117913556870603,0.7017835139920199,0.010007841695040431
-0.58760536201645,-0.5797383520479021,0.007867009968547833
-0.8287694169644306,-0.8213735330946579,0.007395883869772746
-0.9103133884016673,-0.8990993729662621,0.011214015435405233
0.6261775869203962,0.6154701395817727,0.0107074473386235
0.8299017239772537,0.8169519447371303,0.012949779240123416
0.25607103908489437,0.2695747457463828,0.013503706661488424
0.91435679401947,0.8949119186220721,0.01944487539739792
-0.7661921331203239,-0.7526030401479716,0.013589092972352224
0.010164497129195892,0.0013316623834801545,0.008832834745715737
0.48320842040994355,0.4872783296000764,0.004069909190132837
0.9355615670552195,0.9189205408352251,0.016641026219994415
0.11246479044038639,0.11092721339381748,0.0015375770465689137
0.6796513074782256,0.6584315462516338,0.02121976122659175
0.30048267518381305,0.2931741229664745,0.00730855221733856
0.8236121448326682,0.8049272290241175,0.018684915808550695
-0.9494777788162347,-0.9357374918940552,0.013740286922179545
-0.2460014656228906,-0.24804223854961818,0.00204077292672758
-0.5506268694505536,-0.5364058348179693,0.014221034632584284
-0.8366724874212729,-0.8309806882466347,0.005691799174638135
0.7351845476560522,0.7240269174116482,0.011157630244404082
-0.8880452773265677,-0.8717392538921266,0.016306023434441097
0.6934663654843269,0.6757276818944438,0.017738683589883175
0.8131715002208679,0.7948142790088196,0.018357221212048302
-0.9223582060738449,-0.912886004344371,0.009472201729473939
-0.5973897034427839,-0.5792722419583797,0.018117461484404185
0.7541737498166945,0.7412837135039966,0.012890036312697917
-0.8541189307413404,-0.847912492282472,0.0062064384588683685
0.3731217044008065,0.3658463292341661,0.0072753751666403965
0.7523397819018869,0.7432968953964957,0.009042886505391201
0.7118615657902613,0.7039280807274513,0.007933485062809997
-0.9002031614122862,-0.8799747583149741,0.02022840309731211
0.7431302381581509,0.7362383170846587,0.006891921073492235
-0.7732936835242081,-0.7535238210829711,0.01976986244123702
-0.9568229182740057,-0.9443517246914559,0.012471193582549778
0.5139960089363227,0.504286855087414,0.009709153848908691
0.6954720390101998,0.6778696948842402,0.017602344125959624
-0.5180827205246542,-0.5220278622949258,0.00394514177027161
0.5661233268575295,0.5679330350788541,0.0018097082213245352
-0.5972102804055993,-0.5936914458585072,0.00351883454709212
-0.9389480296140721,-0.9191545799270461,0.01979344968702601
0.9382469824322721,0.9246584967582522,0.013588485674019934
0.6512584775283681,0.6387335972096517,0.012524880318716347
0.43666600515628534,0.43833055154644246,0.0016645463901571178
-0.05548020961809225,-0.06639882073921563,0.010918611121123384
-0.15032427733873954,-0.15458147246686121,0.004257195128121671
0.49511264213098416,0.49490133368120975,0.00021130844977440555
-0.396629211210316,-0.38786579883876826,0.008763412371547763
-0.14467115240502243,-0.14468627568456732,1.5123279544893009e-05
-0.005891304525541422,0.00243359902660169,0.008324903552143112
-0.8530308187460686,-0.8349414874432576,0.018089331302810985
0.8982068747059379,0.8839169252900569,0.01428994941588091
-0.4651135169165684,-0.4585310186694202,0.006582498247148183
0.8484987798686708,0.8309758969536177,0.017522882915053106
0.6552571111217712,0.6523172592422711,0.002939851879500077
0.4996690637670935,0.4854550033710799,0.014214060396013639
0.5975119804750013,0.5930214056340022,0.004490574840999129
0.8932197697080595,0.878912781212078,0.014306988495981443
0.1622719424345981,0.14951855652886842,0.012753385905729692
-0.2414615371888427,-0.22643237408226702,0.015029163106575677
-0.965171088814213,-0.9469453910260861,0.018225697788126882
-0.8009817914708127,-0.7904796964446398,0.010502095026172942
-0.9179262397990055,-0.9016034513077583,0.01632278849124713
0.9551628284571663,0.9375826326345326,0.017580195822633704
0.26823597425507456,0.2520618668404328,0.01617410741464176
0.8366724858879937,0.8249754122041132,0.01169707368388051
0.6072186418770462,0.5877855402117336,0.019433101665312646
0.08350354082511445,0.08119716856914147,0.00230637225597298
-0.9256387306633965,-0.9153881239885635,0.010250606674833018
0.8458188099633255,0.8333257967635633,0.012493013199762149
0.6443428877856062,0.6235305342278076,0.020812353557798646
-0.28739181201564873,-0.28227676318265876,0.005115048832989966
-0.8657887164550006,-0.8504654917303349,0.01532322472466563
-0.07346842671379637,-0.07673780415754901,0.0032693774437526357
-0.66429382170346,-0.6509920983536555,0.013301723349804506
-0.46487746995975554,-0.4501861188953358,0.014691351064419766
0.9403912643519485,0.9282982691403968,0.012092995211551716
0.6032658050036847,0.6009924759679114,0.002273329035773264
-0.9519373520916126,-0.9318127229408266,0.020124629150785944
0.7453671083943207,0.741612770983309,0.003754337411011721
0.6832011828269846,0.6647114878900386,0.018489694936945966
-0.5044192538222122,-0.5067847120519264,0.0023654582297142346
0.07525609186410315,0.08388157629120535,0.008625484427102204
-0.6524472461139867,-0.6399628702956387,0.012484375818348048
0.812724516386709,0.8059726292525489,0.006751887134160084
-0.6598343548689918,-0.6570846688320099,0.002749686036981891
-0.30706425428835143,-0.2930251788686374,0.014039075419714053
-0.8297974115700201,-0.8228702841597942,0.006927127410225831
0.6491817472689472,0.6368308896685018,0.012350857600445408
0.7619322234284995,0.75049937571823,0.011432847710269534
-0.9505229259383828,-0.9371041949308758,0.013418731007507012
-0.8312918149738395,-0.8051287516158024,0.026163063358037086
0.8643471081877215,0.8552928713037209,0.009054236884000644
-0.8664642560345853,-0.8453456626479187,0.021118593386666662
-0.9024644582508431,-0.8861244372837364,0.01634002096710674
-0.9338944713827673,-0.9147910190911207,0.01910345229164656
0.6330713196578145,0.6313173875722121,0.0017539320856023721
0.9227750669452959,0.9094996875573388,0.013275379387957087
0.6651904639982444,0.6516495332252452,0.013540930772999227
0.949402064066811,0.9377145923035792,0.011687471763231816
0.5281047122262559,0.5281838744984915,7.916227223558892e-05
0.23591442682545363,0.25424357390235325,0.018329147076899616
-0.959651619647622,-0.9416528526950666,0.017998766952555423
-0.12407978385691072,-0.11538092020352217,0.008698863653388553
0.8781144071279208,0.8640806621531929,0.014033744974727869
0.964719630650016,0.9507410713066989,0.013978559343317043
-0.45721896651298594,-0.4528601592116203,0.004358807301365619
0.9418597904992662,0.9321733739022517,0.009686416597014413
-0.6117927076187288,-0.5974530533018593,0.014339654316869566
-0.39439293842400935,-0.37703990391269565,0.017353034511313703
0.723838701495539,0.7046677319810457,0.019170969514493263
0.9134702507172635,0.9065085787275011,0.006961671989762386
-0.041104843420012076,-0.033081087312263675,0.0080237561077484
0.012021983441746214,0.020919362077625136,0.008897378635878922
-0.12400256634308153,-0.11479473462284044,0.009207831720241089
0.8825853365835924,0.8694317893279004,0.013153547255691955
-0.6889274429914521,-0.6702614482087351,0.01866599478271702
-0.9251824806214464,-0.9059640261903473,0.01921845443109904
0.13679954118221588,0.12289798686388209,0.013901554318333786
-0.942281420323057,-0.9241474332916603,0.01813398703139668
-0.5253412083410538,-0.5116781660689208,0.013663042272132997
0.6715130405567418,0.6552172724897156,0.01629576806702615
0.6190095518141092,0.6187810976380905,0.00022845417601868867
-0.10827198122411372,-0.09498303903176511,0.013288942192348607
0.3586773544166454,0.3572058793728986,0.0014714750437467838
0.06084996334491285,0.06865070399385154,0.007800740648938688
0.23426132427366234,0.22046684850199533,0.013794475771667009
-0.871687428859104,-0.8583906495633988,0.013296779295705163
0.6900362664800889,0.6736410311081181,0.01639523537197074
0.923608895934139,0.9056007878461251,0.018008108088013897
0.1892989142415071,0.1771659173161641,0.012132996925343004
0.7252752874345435,0.7268469531710481,0.0015716657365045794
-0.11050536561443876,-0.11976448935273665,0.00925912373829789
0.8028875748052294,0.7928899634918134,0.009997611313416033
0.3389398980585069,0.32441143549733414,0.01452846256117274
-0.6788823422752694,-0.668637121986907,0.0102452202883625
-0.4307814841221189,-0.41167427821972963,0.01910720590238929
-0.39095792026180143,-0.36887063091544103,0.022087289346360395
-0.9154039262981488,-0.9004824511196605,0.014921475178488297
0.2777839792248955,0.26286221640724766,0.014921762817647843
0.7161943868472697,0.702612885932823,0.013581500914446654
0.856070819563672,0.8433500997385186,0.012720719825153437
-0.9180079976191947,-0.9046588580144812,0.013349139604713511
0.9400943302977159,0.9194520188164578,0.02064231148125817
-0.9313413065032726,-0.9160019927224926,0.015339313780780017
0.6447425448379017,0.6243566220637748,0.020385922774126874
0.19180723864450389,0.2008890181323745,0.009081779487870617
-0.08489154543814585,-0.08993788520596074,0.005046339767814892
0.6218357507318649,0.6016937533514931,0.020141997380371812
-0.8809674829507996,-0.8610500295947534,0.019917453356046222
-0.8139674616355982,-0.8071315441627366,0.006835917472861608
0.6430840815107407,0.6251634958643274,0.0179205856464133
0.7157656530116719,0.6995977776734621,0.016167875338209847
-0.3911487469954218,-0.3879719930809559,0.0031767539144658685
-0.9608945389707201,-0.9413534055143724,0.01954113345634767
-0.379514953656892,-0.37756059383847523,0.00195435981841674
-0.6916546754373528,-0.6848731761697733,0.006781499267579538
-0.0425828293247851,-0.029731209979345783,0.012851619345439314
-0.6804316350517674,-0.6676470206583505,0.012784614393416938
0.030098739151111022,0.03857183843341696,0.008473099282305937
-0.9268229469336684,-0.9089631353446722,0.01785981158899619
0.7611637195137119,0.7388365010166084,0.022327218497103507
0.45615654410939716,0.45894625336297,0.0027897092535728585
-0.8296556990133412,-0.8100114342773532,0.019644264735988015
-0.7287571052469182,-0.7096974493806264,0.01905965586629177
-0.6888040469269388,-0.6739591622242788,0.014844884702659988
-0.9349924158759322,-0.9205652859695271,0.014427129906405045
-0.4176477112042998,-0.41643862381896624,0.0012090873853335404
-0.655341195155769,-0.6484617116462563,0.006879483509512729
-0.3222792302180411,-0.311694682720813,0.010584547497228092
0.3112655272891433,0.3130062526019363,0.0017407253127930122
0.9547046547472068,0.9331422872134205,0.021562367533786264
0.48513162563882856,0.46815528776177356,0.016976337877054992
-0.39379721936367984,-0.39685565887461643,0.0030584395109365947
-0.9411753413726526,-0.9213412616373371,0.01983407973531548
-0.5002795026290034,-0.49110507644605705,0.009174426182946394
-0.23648138311318023,-0.22986286725218805,0.006618515860992186
0.3014642942595649,0.2971806216809368,0.004283672578628106
-0.9187840260841271,-0.9038010896018825,0.01498293648224458
-0.8382341665578463,-0.8171719994422673,0.021062167115579067
-0.5064383773412604,-0.49799540964057065,0.008442967700689752
-0.5421835142751449,-0.525483645480395,0.01669986879474994
-0.8958740882199012,-0.8800931237022296,0.015780964517671636
-0.44145223543176326,-0.4226112961831595,0.01884093924860375
-0.5273713432943995,-0.5174303937607188,0.009940949533680743
0.12649883678607926,0.12599021764082044,0.0005086191452588207
0.8871274596274956,0.8718445113007461,0.01528294832674948
-0.7331074357788553,-0.7282313143767333,0.004876121402122013
0.2829891577001334,0.2653063105078643,0.01768284719226909
-0.5991171154379072,-0.5881863648926573,0.010930750545249945
0.02470906075513745,0.01844721694572468,0.006261843809412769
0.9055094938736161,0.8934449586686443,0.01206453520497186
-0.6352104914104073,-0.6230644323943355,0.012146059016071797
0.4270448497113403,0.41125194870382153,0.01579290100751879
-0.3586979664456292,-0.34579847710347955,0.012899489342149628
0.9198750147127597,0.9017760054663903,0.018099009246369424
-0.8024399751256991,-0.7829927877336154,0.01944718739208373
0.6010723255841981,0.5910807975436523,0.009991528040545816
0.8878043436157781,0.8799795631667783,0.007824780448999813
-0.5013148914548393,-0.4913327501754141,0.009982141279425205
-0.896104399709875,-0.8809396184078956,0.015164781301979402
0.575667975480911,0.5662801953957961,0.009387780085114872
-0.5228418548965958,-0.5046236889273626,0.018218165969233202
0.0996784395965428,0.08828451397124089,0.011393925625301907
0.18555125917357398,0.16516115286986577,0.020390106303708216
0.4566434744617706,0.44023457219309076,0.01640890226867986
0.7265605175585343,0.7122614843769653,0.014299033181568999
-0.2603780905821675,-0.2581683473246708,0.002209743257496677
-0.9590292552601489,-0.9435946964132431,0.01543455884690581
0.9246249729362882,0.9059570125690575,0.01866796036723073
0.2132879160298863,0.2172765538537246,0.0039886378238382925
-0.964251975284407,-0.9456754618791059,0.018576513405301087
-0.5766591254427557,-0.5575314884574141,0.01912763698534159
-0.10816307602939455,-0.11719751937797918,0.009034443348584623
-0.8971362622333882,-0.8887260578259744,0.008410204407413802
0.7241514602624062,0.7059765324316192,0.018174927830787002
-0.3498863295224201,-0.3525643581081559,0.002678028585735792
0.8891841466248586,0.8668535807416988,0.022330565883159736
-0.8505072090278343,-0.8382964408797164,0.012210768148117834
0.08400970001096984,0.08860775605923507,0.004598056048265228
-0.8494540372059936,-0.8335943752896268,0.015859661916366785
0.7362313015644212,0.7254649875714037,0.010766313993017529
-0.8619385476306175,-0.8489978386448062,0.012940708985811344
0.8932026068881008,0.873537473634415,0.019665133253685796
-0.2545897511274288,-0.24878885399643305,0.005800897130995769
0.9683120843094487,0.950281543798637,0.018030540510811655
0.6330885317149293,0.612239915248676,0.020848616466253245
-0.39756252114535107,-0.4097287278532147,0.012166206707863614
0.4772420154694112,0.45978061186740127,0.01746140360200993
-0.8217666641102749,-0.8134613306797522,0.008305333430522643
-0.08532737812542035,-0.06909774341871655,0.0162296347067038
-0.8710517789381235,-0.8557550964080025,0.015296682530120953
-0.8336020516349313,-0.8222727951422577,0.011329256492673578
-0.6835146114739936,-0.6704238064020116,0.013090805071982015
0.49816852460525746,0.48036890604091687,0.01779961856434059
-0.8200117846838063,-0.8057129393842924,0.014298845299513863
-0.9625984487443322,-0.9477555332227937,0.014842915521538491
-0.9381912616394785,-0.9238982482666181,0.014293013372860375
0.951721620157381,0.9357979140112008,0.015923706146180217
0.7367145774117517,0.7216277455396813,0.015086831872070383
0.02478216869006014,0.00835549665632415,0.01642667203373599
0.6254851312190355,0.604115019540105,0.021370111678930437
0.00876820555079085,0.006539188102774718,0.002229017448016132
0.7335424755972961,0.7284796249197046,0.0050628506775914905
-0.9441611499261312,-0.9342008777854901,0.009960272140641102
0.963504242971792,0.9443383552366521,0.01916588773513994
0.5651211377058252,0.5569609515022058,0.008160186203619357
-0.5446057063140564,-0.5263234921281881,0.018282214185868284
0.20088723933281413,0.18922036076653398,0.011666878566280153
0.6053424891906742,0.6033674972599525,0.0019749919307217034
0.8179082458190712,0.8049793878718677,0.012928857947203443
0.6787227746251163,0.6666888420863364,0.012033932538779935
0.47560433443760963,0.45649367711836375,0.019110657319245883
0.7842918821765824,0.7726718676644858,0.0116200145120966
-0.6274442077917369,-0.6065343977114912,0.020909810080245728
-0.9081992996888677,-0.8922187450311405,0.015980554657727186
-0.8481071621976773,-0.8326587443106381,0.015448417887039212
-0.07999443519335162,-0.06975743879688563,0.010236996396465983
0.876903553782247,0.8677764914013295,0.009127062380917539
0.48570288406006895,0.48275294332520624,0.0029499407348627105
-0.8171694008798477,-0.8040150654013638,0.01315433547848388
0.7987537386568451,0.7818432257354578,0.016910512921387233
0.5669432583574614,0.5567054370600233,0.01023782129743811
-0.592089300505869,-0.5809166622063285,0.011172638299540516
-0.49262425652541875,-0.4748400253541209,0.01778423117129785
0.6873345311885117,0.6662546995230552,0.021079831665456572
-0.8283968414167415,-0.8169835454049362,0.011413296011805296
0.6477924129773193,0.6394258134915867,0.008366599485732595
-0.8866016764625931,-0.875234510924049,0.01136716553854411
-0.872278252547438,-0.8504779798315508,0.021800272715887137
-0.7144256871231699,-0.696005153997879,0.018420533125290905
0.9585753018116888,0.9487917362406134,0.009783565571075403
-0.6420720529427659,-0.6257672835898219,0.016304769352944004
-0.8450946081105568,-0.829145059707352,0.01594954840320484
-0.7778102408329567,-0.7572292822189248,0.020580958614031863
0.1260233624306458,0.13187403647633894,0.005850674045693144
-0.3035317489483521,-0.2988182237383155,0.004713525210036595
-0.8744203062980331,-0.8531700774418687,0.021250228856164455
-0.743298839356351,-0.7300690221983118,0.01322981715803917
0.08558893517839225,0.06645079105303091,0.019138144125361342
0.7440716905338178,0.7217360679675882,0.022335622566229674
0.7590772719426967,0.748677477889824,0.010399794052872724
0.7563904614299073,0.7430620573168899,0.01332840411301739
0.8715135267454538,0.8559158085955559,0.015597718149897855
-0.931715292281798,-0.913587769210508,0.018127523071289953
-0.8583476803294224,-0.8414977104938636,0.016849969835558865
-0.7747249195627598,-0.7553573020314662,0.01936761753129357
-0.18229368338506746,-0.19021246481656592,0.007918781431498462
-0.5654238139664678,-0.5610651878096387,0.004358626156829137
0.0995847515103119,0.11391015422719616,0.014325402716884261
-0.9380594298072746,-0.9234985476767522,0.014560882130522423
-0.9569872300958414,-0.9371783316555136,0.01980889844032785
0.4743251994085837,0.4607818538071188,0.013543345601464918
-0.8742818200696252,-0.8578051374402048,0.01647668262942037
0.8953345448474899,0.8767785163530032,0.018556028494486676
-0.9316126193178674,-0.91194602867728,0.0196665906405874
0.8630629894236558,0.8460221497800745,0.017040839643581274
-0.19002223632794812,-0.19297328652983747,0.002951050201889349
0.6130583115221326,0.6037349504727859,0.009323361049346723
0.5301505183425351,0.5122833025417538,0.017867215800781322
0.8519717589793326,0.8309302027228922,0.02104155625644044
-0.9530753320254505,-0.9385576299248566,0.014517702100593888
-0.45251280319230885,-0.43699687117813585,0.015515932014173006
0.781387729818069,0.7736031729056942,0.007784556912374785
-0.9343454876581816,-0.9238669214325285,0.01047856622565313
-0.9423442133047157,-0.9284566565277149,0.01388755677700082
-0.934486453868462,-0.9245795899690495,0.009906863899412421
0.00032070600372652606,-0.01000949043753169,0.010330196441258217
-0.36085004722981046,-0.3561355037491006,0.004714543480709876
-0.8183919807474789,-0.808475264777182,0.009916715970296863
0.32150217762043337,0.3241846643690794,0.002682486748646018
0.7379801693776248,0.7201810308411455,0.017799138536479298
-0.7391464622812296,-0.7267938090814181,0.012352653199811492
0.6674113137330022,0.6516290250290604,0.015782288703941827
-0.8596792644620486,-0.8502789931916581,0.009400271270390448
-0.9057233163949399,-0.8846810728612414,0.021042243533698435
0.7040732882273806,0.6827528137579931,0.02132047446938745
0.08479600882412096,0.0750790837633448,0.009716925060776163
-0.8962948354152602,-0.8780606795540528,0.01823415586120747
0.20780640948625304,0.19488993528021975,0.012916474206033285
-0.047598698969814154,-0.02231517418940759,0.025283524780406564
-0.8954677369566919,-0.8803549764699343,0.015112760486757582
0.9192511626370139,0.9089779874735145,0.010273175163499348
0.22559201481217922,0.23462804342956617,0.009036028617386949
0.7620362292097627,0.7480044133789158,0.014031815830846894
-0.9271101955843432,-0.9124587226417372,0.014651472942605936
-0.5193717729949197,-0.5130969519420486,0.006274821052871027
-0.7932164886762696,-0.7759621288979153,0.017254359778354322
-0.2279139543201399,-0.20831834763388632,0.01959560668625357
0.7771193160166813,0.766091383723054,0.011027932293627307
0.3835006982761685,0.38584428678882376,0.002343588512655259
0.8188829593329937,0.8079348382447455,0.010948121088248164
-0.6926386089013679,-0.6764159657108935,0.016222643190474395
-0.5562033655988275,-0.55750729884914,0.0013039332503124168
0.7674759486695127,0.7528958717872788,0.01458007688223395
-0.854474232885606,-0.8396286455015787,0.014845587384027303
-0.42911716389626936,-0.410369199884215,0.018747964012054363
-0.659898023039053,-0.6601835248021577,0.00028550176310471187
0.9262787256038901,0.9031010548360225,0.023177670767867586
0.29067946640164943,0.3035242455087323,0.012844779107082871
-0.9589841918724628,-0.9363932299009999,0.02259096197146282
0.8353993577770213,0.821658909410696,0.013740448366325375
0.6580865312393234,0.637415965481766,0.020670565757557324
0.11157851849680257,0.11712552831561138,0.005547009818808804
0.5284697683351063,0.5193921262465065,0.009077642088599736
0.30611042297230895,0.3119741647506942,0.0058637417783852785
-0.8850897541936595,-0.8659164459665853,0.019173308227074193
0.857255101592396,0.8379064271606714,0.01934867443172461
-0.7977596461407139,-0.7838693980657222,0.013890248074991729
-0.16230221417951263,-0.1536058505257969,0.008696363653715733
-0.8684055951762013,-0.8620496419233483,0.006355953252852986
-0.8964847328850665,-0.8794637445762494,0.017020988308817042
0.7431047843106676,0.7294064003335008,0.013698383977166828
0.31369673272757714,0.32675315542139827,0.013056422693821124
-0.9238660486605458,-0.908957665627206,0.014908383033339745
-0.9104171453618776,-0.8954827985771584,0.014934346784719166
0.9654471433142089,0.952870051935186,0.012577091379022853
0.7304967471837905,0.7130081325976536,0.01748861458613693
-0.22556994948659276,-0.2267426762661501,0.0011727267795573482
0.01928497858660184,0.023063719808871633,0.0037787412222697915
0.8874887401003004,0.8644167342016642,0.023072005898636228
-0.021759952271691932,-0.012498409670412543,0.009261542601279388
0.8333990440392148,0.8199143913838386,0.01348465265537624
0.7664749046665301,0.7568458933510689,0.009629011315461233
-0.8293989065520395,-0.8082668659317586,0.021132040620280956
0.5773459749110218,0.566867989454834,0.010477985456187833
-0.6811373820589296,-0.674050533860945,0.007086848197984552
0.26005367968576665,0.251783687226965,0.008269992458801667
-0.1997270664609661,-0.18880245927071954,0.010924607190246571
0.5978669262921481,0.5851198101229318,0.01274711616921631
0.70202324825009,0.6907722850015106,0.011250963248579438
-0.9203966341221081,-0.9070821927179308,0.013314441404177368
-0.00667357822692457,-0.01650322995581284,0.009829651728888271
0.19872207828046431,0.19854775524995955,0.00017432303050476938
-0.3157216954974742,-0.3061747123072174,0.00954698319025682
0.044633518481485904,0.054329617055182015,0.009696098573696112
0.4180186293915354,0.4008865215720373,0.017132107819498088
-0.45387312642734196,-0.4350764997365738,0.018796626690768148
-0.06317193390450435,-0.05994631728113203,0.0032256166233723127
-0.08233964564542659,-0.07100592220726018,0.01133372343816641
-0.4108697085230919,-0.3918019837182735,0.019067724804818387
0.6459249826719301,0.6354197131309289,0.010505269541001172
0.6257075038947442,0.6271650471023114,0.0014575432075671912
-0.5436274494911696,-0.5383963407363911,0.005231108754778502
-0.14071366907190985,-0.13609945487106184,0.00461421420084801
-0.6793744834654748,-0.6618298164953654,0.017544666970109368
-0.1937707383695367,-0.18278177500416481,0.01098896336537189
0.9118984052601209,0.8942875270470555,0.017610878213065395
-0.1677994671061706,-0.16588338029801863,0.0019160868081519733
0.8702821806087961,0.862535487874964,0.007746692733832106
0.8118400590280686,0.7972629380181335,0.014577121009935023
0.04702853146278958,0.04270186792966979,0.004326663533119793
-0.7666203733838521,-0.7468052992071216,0.019815074176730563
0.9190909412436843,0.9039700369617661,0.015120904281918146
0.5664731382262724,0.5568389136311152,0.009634224595157281
-0.9454250921004776,-0.9378230533812936,0.007602038719184079
-0.023104638911995257,-0.03983758309894643,0.016732944186951173
0.6978697003946848,0.690657478080888,0.007212222313796812
0.39014560101460727,0.3783741458470155,0.01177145516759176
0.22869315190484363,0.21452737679325534,0.014165775111588286
0.9299519349814519,0.9131350118190893,0.016816923162362607
0.9371646965901723,0.9164752161835149,0.020689480406657412
-0.1290002255903826,-0.127011384553551,0.0019888410368316123
0.9373991233477541,0.9259149610388713,0.011484162308882828
-0.5542448554266378,-0.5418785673001956,0.012366288126442249
0.8739777294896435,0.8589391221176172,0.015038607372026225
0.7785039662734169,0.7678435476330091,0.010660418640407787
0.4411295157848607,0.42563014300913193,0.01549937277572877
-0.28698649473055843,-0.27637701668814174,0.010609478042416687
-0.8460308701631191,-0.8347050422431489,0.011325827919970166
-0.1682050449301305,-0.16739019892209805,0.0008148460080324438
-0.9271481071422287,-0.9145337333567348,0.012614373785493904
-0.8267551582464162,-0.8108432354020948,0.015911922844321413
-0.033471545468143106,-0.03302035238269049,0.0004511930854526128
0.03378457593281212,0.026951289586650048,0.006833286346162076
-0.9509041693829896,-0.9361678555290393,0.014736313853950356
-0.7865346149800799,-0.775187913777144,0.011346701202935905
-0.9145727604722718,-0.9037607016307888,0.010812058841482952
0.7152732779423489,0.7033866715475112,0.011886606394837629
-0.895495702271934,-0.8815801961697991,0.013915506102134878
-0.9199416598780952,-0.908445575343659,0.01149608453443618
-0.13794557647687034,-0.12474450777176532,0.013201068705105012
0.48414943258029364,0.46671426253369774,0.017435170046595894
-0.9069357164715219,-0.8923413650486746,0.014594351422847374
-0.9622153008728915,-0.9431718929517616,0.019043407921129907
0.5945234187060754,0.5752566575682465,0.01926676113782888
-0.5133272903892815,-0.5111911127063226,0.0021361776829589285
-0.7271016169613482,-0.7106280196143271,0.01647359734702114
0.8188510014722081,0.8033050346449512,0.015545966827256952
0.07275789257158857,0.06407555495807833,0.008682337613510241
-0.6228409600955294,-0.6132211318828867,0.009619828212642623
0.2336814244286375,0.22712312207407995,0.006558302354557566
-0.03434577368078555,-0.026193774722749877,0.008151998958035672
-0.49376335351730327,-0.501230236188251,0.00746688267094775
-0.665068376666114,-0.6520884312077846,0.012979945458329367
0.856440927186972,0.8383872244204397,0.018053702766532287
-0.3971628025937258,-0.40079452059678844,0.0036317180030626117
0.2522811626680609,0.24036108284500401,0.011920079823056873
0.7643760533378237,0.7552623971062158,0.00911365623160787
-0.8927497319698758,-0.8782609919041752,0.014488740065700667
-0.20929496021828356,-0.19950190898342413,0.009793051234859435
0.33346322660713185,0.3319730547707089,0.001490171836422971
0.8664302749443491,0.8458377307578242,0.020592544186524897
0.32229052249720525,0.3307886816579231,0.008498159160717833
-0.40290854863770464,-0.4116320579236729,0.008723509285968267
-0.5763421680260269,-0.5608946703211551,0.015447497704871749
-0.2264094021320178,-0.23338965928041233,0.006980257148394536
-0.7119425707556003,-0.7004962383925488,0.011446332363051481
0.13278853674635763,0.13561381151999277,0.0028252747736351447
0.9432240276669165,0.9272053073654987,0.01601872030141782
-0.6434310835631245,-0.6204106239439068,0.023020459619217726
0.884031287397737,0.8762023981535689,0.007828889244168025
0.4460126623684113,0.4599277359009307,0.013915073532519417
0.5654258605956561,0.5514210876988203,0.014004772896835882
0.9318121727329775,0.9199543877521711,0.011857784980806363
-0.797157893319069,-0.7875958900366548,0.0095620032824143
-0.12360265228674643,-0.125089771894551,0.0014871196078045795
0.5508822235223612,0.5359026795932122,0.014979543929148909
-0.3696695643837588,-0.35155545217023987,0.01811411221351894
-0.21140095833276568,-0.19857856357160908,0.012822394761156597
-0.1268881244271745,-0.11559043402903449,0.01129769039814002
-0.3484596308431971,-0.337120566771044,0.011339064072153071
-0.28265385765601403,-0.2781420683489418,0.004511789307072245
-0.9221969315345347,-0.9023404369544096,0.019856494580125172
0.6323218599390136,0.6122335796808781,0.02008828025813547
-0.7512967785038676,-0.7382843025568162,0.01301247594705135
-0.8158619321534706,-0.8012496074162713,0.014612324737199311
0.7973129919959658,0.7823472860073929,0.014965705988572942
-0.3744662020317827,-0.3749958017033478,0.000529599671565073
0.6515377230187247,0.637581801036048,0.0139559219826767
0.864804559260685,0.8493850778568571,0.015419481403827873
0.4604633042671701,0.465921539991564,0.005458235724393912
0.9410509403306925,0.9200740520804312,0.020976888250261227
-0.9658124939674959,-0.9473648408248412,0.01844765314265473
0.06853282772421747,0.055166908171803204,0.013365919552414264
0.1754358445618274,0.16966587937630004,0.005769965185527359
0.8236609455462975,0.8086610752816714,0.014999870264626125
-0.09690897887755101,-0.0971138908420779,0.00020491196452689098
-0.8234012865291634,-0.8125514943571489,0.010849792172014538
-0.6119573250728304,-0.6002980359491579,0.011659289123672534
0.21067534809992358,0.19140185530843817,0.019273492791485408
0.6581622088379897,0.6385308739250132,0.019631334912976528
0.693423949754511,0.6873806829486478,0.006043266805863201
-0.4463189888226675,-0.4559720449855584,0.00965305616289086
-0.7487629607202425,-0.7363145440508249,0.01244841666941765
-0.933642720088653,-0.9149732183134457,0.01866950177520732
-0.572798201536428,-0.5530644494379298,0.01973375209849826
0.5314755851761082,0.5161871786950014,0.015288406481106742
-0.014917056104357576,-0.024710115162275642,0.009793059057918066
0.8078492929755302,0.7950914917997631,0.01275780117576708
0.8912910231754314,0.8707161790046303,0.020574844170801132
-0.6483333335772121,-0.6302102349434968,0.018123098633715307
-0.8389645246562456,-0.8228830844971868,0.01608144015905877
0.6080051770837565,0.6060200448682594,0.0019851322154970097
0.38684107910437715,0.3815713335926737,0.00526974551170345
0.43018477152428203,0.40974978655956573,0.020434984964716296
0.318533751640288,0.31641433197678476,0.0021194196635032636
-0.8231299029490466,-0.8017210926254581,0.021408810323588545
-0.723374255261395,-0.7131967151223195,0.010177540139075458
0.3839011901447817,0.37592597401880384,0.007975216125977846
-0.09615425893056288,-0.08415028704656978,0.012003971883993103
0.5575486955057135,0.5483159025200668,0.00923279298564672
-0.9447291345698078,-0.9224871006421053,0.02224203392770252
0.9212503758354302,0.9068600536970636,0.014390322138366662
0.46348409588776607,0.4625929273325419,0.0008911685552241422
0.4134849860275746,0.4046058197081308,0.008879166319443799
0.3863944927515028,0.3799664233650646,0.0064280693864381955
0.9476405348897166,0.932289833999927,0.015350700889789515
0.08893061789470857,0.08279028115908313,0.006140336735625446
0.7366769481787933,0.7228212062929824,0.013855741885810846
0.7057292982761081,0.6996393924618803,0.006089905814227747
0.619366663141151,0.6149955876640465,0.004371075477104469
-0.673200751682598,-0.6600278595736465,0.01317289210895145
0.4789030059834698,0.46937064065453804,0.009532365328931758
0.525306477498087,0.514703101479243,0.01060337601884398
0.5854793120186887,0.5828402535359404,0.0026390584827483687
-0.8407259319935263,-0.8325913839818886,0.00813454801163771
0.3424885181300055,0.32708017023735136,0.015408347892654162
0.9503735053326045,0.9370593454186754,0.013314159913929036
-0.5475044383767225,-0.5409941628491379,0.006510275527584541
-0.03208026406646189,-0.035830023382185626,0.003749759315723737
-0.7461943203754332,-0.7351262908725253,0.011068029502907861
-0.4940425009457727,-0.47499612006306924,0.01904638088270344
0.9336576445563504,0.9120687655274132,0.021588879028937136
-0.7427154164080304,-0.7409058941851915,0.0018095222228389218
-0.25989997317606284,-0.2486985519993334,0.011201421176729426
0.9500099692118092,0.9317321741180536,0.0182777950937556
0.6452395681984047,0.6346225178635577,0.010617050334846945
0.7892126008688364,0.7675728239109926,0.021639776957843804
0.5547656650924023,0.5495596866754552,0.0052059784169471435
0.15950580255794125,0.13946258320255375,0.020043219355387498
-0.039664358813035955,-0.0440810544100798,0.004416695597043843
-0.9254519033313271,-0.9099703994917625,0.015481503839564592
0.36133227769277754,0.34140251964591534,0.0199297580468622
-0.7720334696849448,-0.7643883605101504,0.00764510917479444
-0.6845556246449699,-0.6748937318256377,0.009661892819332163
0.5146575812465879,0.5137869843953574,0.0008705968512304763
0.07408598164274034,0.0640969044559232,0.009989077186817144
0.8917349536301631,0.8733434401194116,0.018391513510751523
-0.5513890864397156,-0.5423497165524989,0.009039369887216764
0.5995087966081781,0.5978810265403434,0.0016277700678347662
0.8565218199600295,0.8447276171822211,0.011794202777808405
-0.44139928042820176,-0.4229659941303984,0.01843328629780333
0.9012252783349547,0.8875454420307914,0.013679836304163251
0.4128998007558304,0.40498786019120936,0.007911940564621023
0.8687959436879038,0.8562397923257405,0.01255615136216326
-0.9380362814049487,-0.9179993383296347,0.020036943075314007
0.7112849504311887,0.6919244887669418,0.019360461664246875
0.94480396154449,0.9219311801322434,0.02287278141224658
0.7845016578792332,0.7802499876150422,0.004251670264191043
0.2832622777781517,0.26794183500384594,0.015320442774305776
0.7667795476868117,0.7542673427701012,0.012512204916710457
-0.949488332117758,-0.9347380142195061,0.014750317898251875
0.37018658965070833,0.3551819779214814,0.015004611729226958
-0.17665379713588344,-0.16335511873079228,0.013298678405091163
-0.5158780951090446,-0.5028517099400814,0.01302638516896315
0.835910732284464,0.8197472914565748,0.01616344082788923
0.7829245049783625,0.7804455683287568,0.0024789366496057452
0.9336106857327401,0.9224379930950336,0.011172692637706483
0.8302895437651868,0.81402516779239,0.01626437597279684
0.9555919978263125,0.9435027762821288,0.012089221544183792
-0.3940083467244008,-0.3767958168902465,0.017212529834154333
-0.65853642234136,-0.6413426080458624,0.0171938142954976
0.5646019494883011,0.5545280787082778,0.010073870780023308
0.908779185273473,0.8955158546947937,0.013263330578679344
-0.482766106698425,-0.4646208066813539,0.018145300017071098
-0.8145656222580532,-0.8011405000353206,0.013425122222732622
0.5643917244112482,0.5548982869187061,0.009493437492542056
-0.03199656150661902,-0.017798207389154778,0.01419835411746424
-0.09691366221404261,-0.10549584300591067,0.008582180791868052
-0.2983421077999589,-0.308926008681797,0.010583900881838082
0.2660921289020921,0.26528197272607806,0.000810156176014043
-0.7455600446322659,-0.7254562440881215,0.0201038005441444
0.9189016463645064,0.9013318311231345,0.01756981524137191
0.41620410950752307,0.4044811158289041,0.011722993678618954
0.9600366999144356,0.9458916438595617,0.014145056054873928
0.9516083065033473,0.9375806150197695,0.014027691483577742
-0.9117619953074554,-0.9027633138185549,0.008998681488900484
-0.8719456811484806,-0.8561060761442716,0.015839605004209
-0.7957976172752889,-0.7750700254276879,0.02072759184760098
0.061845661399545,0.05423618381836102,0.007609477581183979
0.6484282968740335,0.6378165647421925,0.010611732131840967
-0.6240769972640143,-0.6286327281626757,0.004555730898661348
-0.9412291111865768,-0.9209351928295524,0.020293918357024432
-0.8289641477742701,-0.8150236074038508,0.013940540370419252
0.04226034395263453,0.04853646736599395,0.006276123413359418
-0.11695567541109729,-0.12354647152948227,0.006590796118384978
0.1846830911018294,0.179764268461983,0.0049188226398463875
-0.577322558945577,-0.5775975153646955,0.00027495641911845503
-0.8734658209711786,-0.8622625755527992,0.01120324541837947
0.9323023817562078,0.9226299392169871,0.009672442539220727
0.9420708167040707,0.9205805184643363,0.021490298239734362
-0.09880176317153581,-0.09206709554745496,0.006734667624080856
-0.568358493736052,-0.5574004945660607,0.010957999169991295
0.8793360452204826,0.8660919424759511,0.013244102744531472
0.06829801320429275,0.07391498086547016,0.005616967661177405
0.8526893455865887,0.8352429017917313,0.01744644379485738
-0.5426761358714159,-0.5309875332235747,0.011688602647841217
-0.39124595588907807,-0.3915568402738783,0.0003108843848002585
-0.6991012852848371,-0.6866512038825169,0.012450081402320179
-0.9546038257962306,-0.9355649405267552,0.019038885269475392
-0.8743199771843396,-0.8584983837323836,0.015821593451955995
0.3762913727002409,0.37908519692868003,0.002793824228439157
0.4893913729667751,0.4732954174681007,0.016095955498674375
0.829007958500012,0.8160406697919244,0.01296728870808761
-0.41398256806599776,-0.4021659680960297,0.011816599969968034
-0.8262674162923542,-0.8198397508736643,0.006427665418689887
0.5262663291098691,0.5272914080475255,0.001025078937656354
0.9071220304674937,0.8957692961226317,0.011352734344862059
0.7185180878165843,0.7133093624260594,0.005208725390524971
0.2521258404111107,0.2458452414837805,0.006280598927330183
0.9336206151066967,0.910718792838916,0.022901822267780703
-0.9441995870939431,-0.9284208544437386,0.015778732650204574
0.7918159466620165,0.7801553446087316,0.011660602053284896
-0.47067359457203256,-0.45699232680356316,0.013681267768469396
0.4063895169973974,0.3998011245785653,0.006588392418832079
-0.7821180915481766,-0.7688437898999457,0.013274301648230846
-0.7257512333219837,-0.7118650217875757,0.013886211534407944
0.023050128715646122,0.02311414779065182,6.401907500569806e-05
-0.8183217715523589,-0.8054463588665892,0.012875412685769638
-0.6774318688591658,-0.6646893569549269,0.012742511904238918
0.2397633794678758,0.2461519186410912,0.006388539173215413
-0.5519505079776866,-0.5522791797389661,0.0003286717612794865
0.23666645307570547,0.22106622083326102,0.015600232242444445
0.04528338301797564,0.05182945716787884,0.0065460741499032
-0.4419075632907576,-0.4357905934464857,0.006116969844271902
-0.0957754118526499,-0.09761883860096354,0.0018434267483136424
-0.9194557422397551,-0.909489479131317,0.009966263108438178
-0.8684305837154288,-0.8621263384941772,0.006304245221251614
0.39024639487172036,0.38459167229768776,0.0056547225740326
-0.8368804315294959,-0.819904821631279,0.016975609898216892
-0.26488196920761886,-0.2733110562159592,0.00842908700834033
-0.5604290169229088,-0.5553655552596466,0.005063461663262214
-0.8125345222042621,-0.7944623279486743,0.018072194255587815
0.5476342421480945,0.5346292352399729,0.013005006908121675
-0.14019845616349152,-0.13904981042038056,0.0011486457431109653
0.7581448599333204,0.7358060459441774,0.022338813989142947
0.05497629404021725,0.06764840534167374,0.012672111301456492
0.9683340298933333,0.9576872500563363,0.010646779836997022
-0.5231436254514479,-0.5034802838841262,0.019663341567321635
-0.7310136920439949,-0.7169637660133645,0.014049926030630377
0.5998964092629149,0.6001672893842388,0.00027088012132392425
0.9397308889895297,0.920443724559906,0.01928716442962375
-0.8280653429099974,-0.8099648075200746,0.018100535389922845
-0.7145053112891648,-0.7092052467432339,0.005300064545930905
-0.039107521007658776,-0.03588070749988335,0.003226813507775428
-0.2963724617538892,-0.305965834071803,0.009593372317913795
0.6233989216721068,0.6129695965185227,0.01042932515358408
0.75129678135923,0.7380366778154653,0.013260103543764612
-0.8419771133964381,-0.8367573233366437,0.005219790059794449
0.4180182344542954,0.4031894848267759,0.01482874962751951
0.0310970128691781,0.014201940848830774,0.016895072020347325
-0.02873828337855597,-0.018263145193286624,0.010475138185269347
0.4521186736201263,0.45137209083790786,0.0007465827822184523
-0.5156412274251565,-0.4991684316362879,0.01647279578886862
-0.842918872806004,-0.831819416159808,0.011099456646195938
0.5109797224603163,0.5027378685241716,0.008241853936144738
-0.7042088973628325,-0.6863652651789467,0.01784363218388585
-0.8872138349922442,-0.8713796724152166,0.015834162577027522
-0.9439872549450189,-0.9246874983631795,0.019299756581839356
0.9271128289082191,0.915164024936232,0.011948803971987165
0.011186720455539647,0.02370655101001489,0.012519830554475244
0.4541844782450821,0.46506641278140015,0.010881934536318028
-0.5199198616650362,-0.5218238033500977,0.001903941685061472
0.8128153857289739,0.8015831792834837,0.011232206445490278
-0.06403724160653917,-0.07516816407091598,0.011130922464376802
-0.5038353713003092,-0.49173704725085543,0.012098324049453768
-0.7531002572399441,-0.7277710228373973,0.025329234402546863
-0.30035539133552347,-0.2871817974320191,0.013173593903504366
-0.9644456754135418,-0.9426429203178485,0.021802755095693294
0.1324641089488412,0.11294926079732125,0.01951484815151995
0.08751125710662458,0.07770221759262516,0.009809039513999418
-0.3461257461564486,-0.35071831941852327,0.004592573262074684
-0.9211578543748058,-0.9125033172801084,0.008654537094697434
-0.22354397055636246,-0.21049122840900722,0.013052742147355245
-0.8178498941260263,-0.7977707473947594,0.020079146731266873
0.297499232234901,0.29412336486776186,0.0033758673671391293
-0.5982012531021587,-0.5819369597811981,0.016264293320960577
-0.9475415354598953,-0.9379239350419356,0.00961760041795967
0.9311457547972143,0.9140428957356173,0.01710285906159703
0.46026461529133067,0.44432811919790455,0.015936496093426122
-0.8817852658974874,-0.8604438834797044,0.02134138241778305
0.9544020333262674,0.9389163175687711,0.015485715757496243
0.7508046736587277,0.7472455743741986,0.0035590992845291325
-0.4239381858160388,-0.4184511986873075,0.005486987128731302
0.9425911626370841,0.921722087421568,0.020869075215516064
-0.4009834955084097,-0.3993795007948989,0.0016039947135108035
-0.6540649234203998,-0.6429116961051299,0.011153227315269909
0.9460326411874512,0.9254961485692691,0.020536492618182134
0.795921832382358,0.7832898651708212,0.01263196721153681
0.697903347520083,0.6816793489538038,0.016223998566279207
0.9253867342471198,0.9074500332482922,0.017936700998827604
0.3376394695976518,0.34001295488845207,0.0023734852908002813
0.4611696931734594,0.4724808221026794,0.011311128929219982
0.8891483887002914,0.8705605540392494,0.01858783466104208
0.44178992696453623,0.44269461159069473,0.0009046846261585029
-0.6086109123502729,-0.5914717202387124,0.017139192111560453
0.8280795635049406,0.8137097555427467,0.014369807962193892
-0.11560818493203306,-0.12824783759384698,0.01263965266181391
-0.695682004244979,-0.6788198444740513,0.016862159770927643
0.6998207338035833,0.682329921007336,0.017490812796247313
-0.13952236564213424,-0.13223440480793444,0.0072879608341998026
0.26281502125674466,0.27001036858011634,0.007195347323371681
-0.8821341936425129,-0.8747790851118288,0.007355108530684107
-0.8410543442439407,-0.8251812337649648,0.015873110478975883
0.6727304883153054,0.6652799647780809,0.007450523537224418
0.2869446945200142,0.27500827513095744,0.011936419389056763
0.876815697222286,0.8710988393799941,0.0057168578422919225
-0.8841404903459019,-0.8660248475853168,0.018115642760585082
-0.6751860213763291,-0.669475582000436,0.005710439375893106
-0.38525962312666473,-0.3738826099126821,0.011377013213982656
-0.4636247045591301,-0.4616031459847852,0.002021558574344884
-0.9446604073790786,-0.9236129311408976,0.02104747623818104
-0.18768266252416654,-0.1951726087691051,0.007489946244938567
0.535852598410602,0.529828731277926,0.006023867132675997
-0.45541970969351964,-0.4463487935705772,0.009070916122942418
0.9334478492059656,0.9126928696069284,0.02075497959903716
-0.24946515761911278,-0.23504225427723893,0.01442290334187385
0.933582355095647,0.9124480789056395,0.021134276190007517
0.8751122548673248,0.859074929406383,0.01603732546094183
-0.5824541010889096,-0.5730558745158912,0.009398226573018365
-0.8707869788706736,-0.857468840526971,0.013318138343702546
-0.7108034155602582,-0.6988697400098627,0.011933675550395484
-0.707376820388653,-0.6981687047510788,0.009208115637574177
0.941369405799641,0.9212799945002503,0.02008941129939068
0.9482633435429731,0.9334627550576708,0.014800588485302302
0.9445896292811499,0.9229129016906562,0.02167672759049366
0.5845032803792383,0.5783561214088261,0.006147158970412181
-0.9384197838074857,-0.9261569479199819,0.012262835887503765
-0.5412102979186768,-0.5243915234003441,0.01681877451833269
0.8573815863057606,0.8501643000593337,0.007217286246426813
0.1409560791050233,0.1289761771889433,0.011979901916080005
-0.8091340083122639,-0.7910329577348039,0.01810105057746003
-0.2976849073493724,-0.29751561645460745,0.00016929089476497294
0.8664642240923931,0.8540230054210622,0.012441218671330856
0.9439028413983583,0.9230048327678129,0.020898008630545473
0.9125990495117072,0.8918147843584625,0.02078426515324472
-0.8715510567712916,-0.856968041588115,0.014583015183176617
0.31202934914992625,0.31860314727001887,0.006573798120092622
0.6706360538590072,0.6579299586566343,0.012706095202372869
0.8200377033939135,0.801072219028689,0.018965484365224494
-0.7278962340610317,-0.7214131909293068,0.006483043131724875
-0.7940384174568498,-0.7851548903613541,0.008883527095495669
-0.41763997164038064,-0.39724153872692447,0.020398432913456166
-0.07820000366573529,-0.07886508246962734,0.0006650788038920497
0.22304141221913945,0.21266987559472983,0.010371536624409622
-0.6662452891603347,-0.6564023484969098,0.009842940663424837
0.9416263188520835,0.9199311529606886,0.021695165891394863
0.8659802775854702,0.8496281388638478,0.016352138721622445
-0.4640107841810319,-0.47465098913734266,0.01064020495631074
0.9436305738302246,0.9314525781474503,0.012177995682774334
-0.4553915016503534,-0.4489870420701619,0.006404459580191535
-0.5764427287042105,-0.5673087141974115,0.00913401450679907
-0.9291597715619622,-0.9198920108673965,0.009267760694565697
0.01744854742912277,0.01640665020341449,0.0010418972257082819
-0.7610420801119963,-0.7495485849183333,0.01149349519366294
-0.9070450675740699,-0.8923515176252999,0.014693549948770035
0.8115994705079388,0.7923077596743687,0.019291710833570064
-0.5786182168233402,-0.5730391566875551,0.00557906013578513
-0.93773691234412,-0.9270682989232706,0.01066861342084946
-0.22236091136885522,-0.2244766275650988,0.0021157161962435944
-0.8977378276390571,-0.8809331586859126,0.016804668953144475
0.11122457069931482,0.1056669209276763,0.005557649771638529
-0.2922263821682994,-0.28392967891601917,0.008296703252280213
-0.22732266255101188,-0.24023215017798688,0.012909487626974997
0.19209142832674173,0.197766599698517,0.005675171371775284
0.5535080330264267,0.5423195657342758,0.01118846729215095
0.9495033239752181,0.9346732565083213,0.014830067466896746
0.4260666530732897,0.4328789003200972,0.006812247246807457
0.8121455734282437,0.8051962853447742,0.006949288083469507
0.8879266495109889,0.8714521146877203,0.01647453482326855
0.03933818068452904,0.041930822037825465,0.0025926413532964265
0.23217960494978337,0.23747645035647832,0.00529684540669495
0.8045190809207144,0.7844170993842696,0.020101981536444824
-0.13122754588483368,-0.13411530070181565,0.0028877548169819744
0.9178254627145981,0.9066641515762056,0.011161311138392471
-0.1030457258718377,-0.09541338165981272,0.00763234421202498
0.13327408845303804,0.1362575974485351,0.0029835089954970695
0.48909136450144813,0.48096143887292814,0.008129925628519996
-0.7735715854286063,-0.7602835915020657,0.013287993926540564
-0.8784835302118786,-0.8573026339110412,0.021180896300837415
-0.29325023172779663,-0.3042126886206056,0.010962456892808947
0.0555728381532049,0.04766347799888181,0.007909360154323086
0.03232324352644858,0.04929444286675491,0.01697119934030633
0.2009868405318753,0.2085662239840727,0.0075793834521974135
0.7703555003433297,0.7654161866284417,0.004939313714887983
-0.4335426647426505,-0.4186080137884405,0.014934650954210038
0.20827872484135776,0.1936228344969381,0.014655890344419664
0.20451660003348207,0.21222867354527222,0.007712073511790152
-0.6865774292377673,-0.6715620920374193,0.015015337200347978
0.310499785223388,0.31476960949634897,0.004269824272960965
0.7977859770291864,0.7856483143645403,0.01213766266464611
-0.29047783518768305,-0.30113584425323714,0.010658009065554086
0.5896306231941141,0.577975450872657,0.011655172321457075
0.29086673242820643,0.28684908661152914,0.0040176458166772955
-0.8244969734484232,-0.8039931650280507,0.02050380842037247
-0.4525780098557183,-0.45448129481004346,0.0019032849543251795
0.7797189425371328,0.7656647375480264,0.014054204989106367
-0.3943895629402312,-0.37392135295906576,0.02046820998116544
-0.6259799874785716,-0.617998710326905,0.007981277151666633
-0.1036027494378782,-0.10948212631479168,0.005879376876913478
0.6562045206134002,0.6444230550741902,0.011781465539210001
0.7957761241074491,0.7754544420497428,0.020321682057706347
0.8553416427639494,0.8413571257231157,0.0139845170408337
-0.8559945855793638,-0.8457532319635451,0.010241353615818682
-0.4183535216137993,-0.4088308835916189,0.009522638022180396
-0.913312807346123,-0.8974329104725517,0.015879896873571275
0.4545563854890862,0.4375022619717258,0.01705412351736041
0.8319464110097802,0.8305726249056844,0.0013737861040957755
-0.5125813910995586,-0.5002584980702839,0.012322893029274695
-0.9311457097332753,-0.9128837834203466,0.018261926312928667
-0.33200145884203464,-0.3185336719963215,0.013467786845713148
0.8138548524549388,0.8041785539488705,0.009676298506068326
0.6955400699960782,0.6797161925550104,0.015823877441067835
0.28865537742304853,0.2718755501720785,0.016779827250970047
-0.33031715574085735,-0.3232310632556171,0.007086092485240225
0.4390098065984581,0.4309818950432638,0.008027911555194334
0.6942048472092597,0.6899121803433027,0.004292666865956973
0.9243939396574365,0.904176964986383,0.020216974671053545
-0.5183298549980425,-0.5178109279279605,0.0005189270700820536
0.8209712604068395,0.800197987479547,0.020773272927292585
-0.6304381748692451,-0.6382420688075983,0.007803893938353124
-0.6889893638684993,-0.6659613405867273,0.023028023281772003
-0.7234534105823598,-0.72003731359747,0.0034160969848897604
0.8132935733185332,0.8062804216096907,0.0070131517088425355
0.7135095925969489,0.6901562689859642,0.023353323610984744
-0.6593357870569407,-0.6359951992053742,0.023340587851566563
-0.5451121869608679,-0.5559070604461891,0.010794873485321155
-0.3781448090448984,-0.3601478492524186,0.017996959792479783
-0.9368220232842392,-0.91487067071899,0.02195135256524927
-0.7407786530901377,-0.7382631077298675,0.0025155453602702105
-0.4305682942798002,-0.4228693165451037,0.007698977734696522
0.11859977730131116,0.13742618192905653,0.018826404627745374
0.7510078779115557,0.743377452299776,0.007630425611779623
-0.5986694467530844,-0.5921395036740457,0.006529943079038758
0.7734768926299689,0.7672557148238462,0.006221177806122635
0.8326640186866293,0.8167947267925354,0.015869291894093918
0.05199339864098883,0.0347839102235481,0.01720948841744073
0.8993575699160002,0.8845315693732062,0.014826000542794038
0.8516951852308025,0.8354722991469578,0.0162228860838447
-0.5597128880813224,-0.5522562284262392,0.007456659655083131
-0.9384300724907892,-0.9168804593108775,0.021549613179911775
-0.7521217768170676,-0.7387175577975346,0.013404219019533037
0.5577652946417945,0.5413619962221894,0.016403298419605084
0.8885317460431671,0.8651604984357617,0.023371247607405388
0.609732741271614,0.5961909606671132,0.013541780604500842
-0.9154869022721865,-0.899449182588122,0.016037719684064533
-0.5033478736625367,-0.49485591382235333,0.008491959840183416
-0.345510891613391,-0.35046677058765074,0.004955878974259753
-0.5546003545572291,-0.5356667900950971,0.018933564462132013
0.6108285540391111,0.6039317309855865,0.00689682305352457
-0.011529658306713174,-0.01497857011747842,0.0034489118107652456
0.5062117400953559,0.5093221277308098,0.003110387635453904
0.5796878562708803,0.5657537665525225,0.013934089718357745
-0.7105522127697173,-0.6986153585735658,0.011936854196151425
0.9621215554952813,0.9446266876957232,0.01749486779955811
0.9580732131914507,0.9410835886703852,0.01698962452106545
0.9421323296242391,0.9213459666865248,0.020786362937714298
0.671008231409377,0.6515152564639544,0.01949297494542268
-0.31018858394897814,-0.30799249643365006,0.0021960875153280712
0.9298529636049533,0.9100277001234245,0.0198252634815288
-0.5773678893259473,-0.5665638228861372,0.010804066439810134
-0.8298001764056941,-0.8168519337964775,0.012948242609216676
0.34785752471220527,0.34040479610011415,0.00745272861209112
-0.8098163099723278,-0.7976243469789103,0.012191962993417516
0.7264278102868673,0.7146988725705887,0.011728937716278587
0.9606772971093644,0.9468551645581089,0.013822132551255528
0.45809761375932756,0.4476577077778544,0.010439905981473152
0.2652714649933617,0.2441175434417458,0.021153921551615884
-0.8884153789276742,-0.8707989501010589,0.017616428826615294
-0.8924813654089971,-0.8707156943419305,0.021765671067066616
-0.7114658474430937,-0.6986977382031616,0.012768109239932102
-0.8290829563484212,-0.8184984203072911,0.010584536041130077
0.8794888601962026,0.867835586504205,0.011653273691997645
-0.9011391286639256,-0.8864378757046208,0.0147012529593048
-0.8938754357325164,-0.8823060320244883,0.011569403708028059
-0.06669484246423116,-0.07038237158265215,0.00368752911842099
0.8685388943471033,0.8493566279324385,0.019182266414664806
-0.9352747197238368,-0.921359095205346,0.013915624518490821
-0.9228641140884348,-0.9075019784033812,0.015362135685053624
-0.7374245651438721,-0.7153137056823163,0.022110859461555776
0.6362242504306842,0.623021617826825,0.013202632603859232
-0.9409929336328867,-0.9234735430344759,0.01751939059841079
-0.8630260697510808,-0.8431567267026012,0.019869343048479537
-0.8335438225627345,-0.8166891433461664,0.016854679216568136
-0.5831554899235855,-0.5661706009673515,0.016984888956233957
-0.5414737622534519,-0.5394377134897905,0.002036048763661369
-0.12372208984059362,-0.13261574474722707,0.00889365490663345
-0.8164616096747672,-0.8089243435822033,0.007537266092563888
0.9367516709179174,0.921936835051611,0.014814835866306497
0.9139644313079209,0.8966971563169925,0.017267274990928394
0.7170735787552707,0.7135524029824892,0.0035211757727814375
0.9456237597137765,0.9286623575622244,0.016961402151552174
0.9262482282850535,0.9082087005114866,0.018039527773566877
-0.1140972818376349,-0.11602794264877846,0.0019306608111435558
-0.8947840405363326,-0.8721574229407342,0.022626617595598475
0.9299238946756634,0.912590154162617,0.01733374051304637
-0.9401824224708619,-0.9298605409846857,0.010321881486176188
0.22406615011120348,0.22474802983677863,0.0006818797255751519
-0.7967900388135349,-0.7844251207364776,0.012364918077057307
-0.23369157877905608,-0.2304731287980703,0.003218449980985777
-0.07663532046803942,-0.0857268214876273,0.009091501019587875
0.8975426573223546,0.8867377459685785,0.010804911353776148
-0.5333562879588979,-0.5301892056363884,0.003167082322509507
-0.6901089097338705,-0.6722818690708946,0.017827040662975913
0.6037787678776192,0.5884638362241726,0.01531493165344655
-0.7323645386799041,-0.7196752408783936,0.012689297801510513
0.4453880057038416,0.4376979989100433,0.007690006793798332
0.12073255665969233,0.12870426182079422,0.007971705161101891
-0.9137412501052159,-0.8950935518816275,0.01864769822358836
0.0526626270611552,0.04341378130751391,0.009248845753641294
0.6819653443698592,0.6777114537742497,0.004253890595609544
-0.5921349576212375,-0.5772330427878999,0.014901914833337582
0.05360876052613911,0.04172559500563271,0.011883165520506403
0.8842753555989242,0.873722910086095,0.01055244551282919
-0.04228096148691617,-0.029410623855100484,0.012870337631815689
0.7819877967303794,0.7764412175027835,0.005546579227595938
0.24192222574755395,0.2528069978643092,0.010884772116755259
-0.6958428910862505,-0.6865419986418088,0.009300892444441766
0.6836634078196905,0.6799394113606395,0.003723996459050971
0.9124263475272728,0.9066284458416846,0.005797901685588247
-0.8935372604947315,-0.8757948887689041,0.017742371725827377
0.6479303632110583,0.6368623873098969,0.011067975901161486
-0.9399323690838822,-0.9249156641459134,0.015016704937968806
-0.627495489674461,-0.6160941966100817,0.011401293064379314
0.13636990112695913,0.1338110003939818,0.0025589007329773206
-0.7851990462509492,-0.7702642226978098,0.014934823553139354
-0.9346276318638825,-0.9201774508814433,0.01445018098243922
-0.09606880739584446,-0.09599811590278085,7.069149306361544e-05
0.8415519416992431,0.8256168943674383,0.01593504733180473
0.026272679252820293,0.015205957160058995,0.011066722092761298
-0.8924518614678923,-0.8727054907384434,0.01974637072944896
-0.8509371095356043,-0.8343374945149227,0.016599615020681635
-0.5531818312665081,-0.5430591333095,0.010122697957008153
0.19496448517690196,0.19331988925093263,0.0016445959259693277
-0.45082329504691043,-0.4492305570913303,0.0015927379555801258
0.46698316427006786,0.4524252952623894,0.01455786900767847
0.8743872061618133,0.8604340746713532,0.013953131490460069
0.8237213702728788,0.8178527553636379,0.0058686149092409545
0.6000854177102567,0.5884707895941415,0.011614628116115244
-0.2798694786024768,-0.27611418126739296,0.0037552973350838403
-0.9317565551160094,-0.9124639172198235,0.01929263789618596
-0.8987396009218287,-0.8779684339789678,0.020771166942860853
0.9162417108622365,0.8991605871806594,0.017081123681577104
0.9228155851705037,0.9095672343245514,0.013248350845952217
-0.4911389568575942,-0.47557873706917647,0.015560219788417706
0.014776714168245888,0.011410438896220646,0.003366275272025241
0.7729541298139646,0.765730887902679,0.007223241911285649
0.07175852514111286,0.07855838610408902,0.006799860962976162
-0.5157210641772265,-0.5073065663119034,0.008414497865323112
-0.9578618955836802,-0.9455589153823581,0.012302980201322034
0.9361160838182656,0.9199693942062639,0.01614668961200172
0.9362083861128676,0.9287170292547142,0.007491356858153386
-0.7811390760754993,-0.772113633345598,0.009025442729901245
0.9324279728965355,0.9204248597160821,0.012003113180453329
-0.711256484168229,-0.7067321345529058,0.004524349615323109
-0.7110548228150516,-0.6913178573275248,0.019736965487526792
-0.908775380273325,-0.8904490487291928,0.018326331544132213
0.6606415171185537,0.6399197290472464,0.020721788071307312
0.8596241978655587,0.8443746338895963,0.015249563975962332
-0.6706666632612988,-0.660976980649002,0.009689682612296746
0.964238084326929,0.946959121860235,0.017278962466694026
0.607415764522127,0.5975248141149656,0.00989095040716137
-0.6729012422159972,-0.6691195045785844,0.003781737637412852
-0.9042053957596913,-0.8820776612069197,0.022127734552771616
-0.5013622845305548,-0.4812138096604978,0.020148474870056943
0.8375353683661876,0.8207346045785527,0.016800763787634843
0.8564399283704535,0.8401453918252798,0.016294536545173655
-0.8567551503828913,-0.835033165828319,0.021721984554572304
-0.8901147047130161,-0.8741582767983733,0.0159564279146428
-0.746789409707911,-0.7364228130427612,0.010366596665149719
-0.6459297329155632,-0.6355399876590636,0.010389745256499605
-0.7765736869131392,-0.7575747003854386,0.0189989865277006
-0.7082131596653287,-0.6870485282162812,0.021164631449047566
0.1936071034422785,0.1912245308217875,0.0023825726204909914
-0.35919565278597837,-0.3689783962714818,0.009782743485503453
0.49366071281652063,0.48336697725995187,0.010293735556568762
-0.6861510235078173,-0.6666373872888389,0.019513636218978392
0.8561040407785812,0.8492067089207641,0.006897331857817046
-0.7076855078072951,-0.6989402681954069,0.008745239611888223
-0.6509825751734203,-0.6369978012188636,0.013984773954556662
-0.5876249392465358,-0.5739812736589923,0.013643665587543485
-0.9448603397255942,-0.9300097651511408,0.01485057457445349
0.9415195562073608,0.9285117573580592,0.013007798849301588
-0.18595860907035747,-0.1949879090006858,0.009029299930328333
0.8159422717453148,0.8110878825961276,0.004854389149187122
-0.38291008656906506,-0.3747921088579508,0.008117977711114277
0.912922268789056,0.8904491380177358,0.022473130771320182
0.9684784254122086,0.9546925918102532,0.0137858336019554
-0.1823729778216593,-0.1755516643882442,0.006821313433415077
-0.32166987889834403,-0.3172410252699358,0.004428853628408225
-0.4883705428224915,-0.4907063345423105,0.0023357917198190137
-0.428846688201769,-0.41244052923859514,0.016406158963173878
0.8123105796769751,0.789722067440798,0.022588512236177083
-0.9408543687700648,-0.9219391302287832,0.01891523854128163
-0.8195140848063258,-0.8044189551465925,0.015095129659733364
-0.02506126375551666,-0.016208409092329894,0.008852854663186766
0.9228902865209174,0.9079292546839107,0.0149610318370067
0.17874003361420845,0.18109209650890104,0.002352062894692586
0.9139777591996586,0.8992232291949722,0.014754530004686406
0.5970572174483988,0.5913459955423823,0.005711221906016473
-0.18131660661865487,-0.17716633306614024,0.004150273552514627
0.9402998358239371,0.9226349115648361,0.017664924259100934
-0.9163953095245027,-0.8973007142115004,0.019094595313002283
-0.6285789359512145,-0.6190929741904313,0.009485961760783201
-0.4784758708896981,-0.4826909220184682,0.004215051128770075
-0.8116830149764883,-0.7991427932973506,0.012540221679137709
0.3234854335056409,0.3188916119017285,0.004593821603912418
-0.8826550251151954,-0.8689260426566289,0.013728982458566574
0.9330797918554847,0.9242523166781953,0.008827475177289434
0.5127030532127644,0.5137156888824276,0.0010126356696631422
0.5903122315326043,0.5738370880573317,0.01647514347527257
-0.06620723545240192,-0.07463554432616477,0.00842830887376285
-0.41233480002686357,-0.4057439438421581,0.006590856184705451
-0.06509453661893584,-0.0738867806437749,0.008792244024839052
-0.05190520231904082,-0.052539429398539055,0.0006342270794982355
-0.9347605109112305,-0.9163854474725858,0.0183750634386447
0.3835941608574984,0.3716329340059301,0.011961226851568307
-0.7111183064423469,-0.7054033726623983,0.005714933779948583
-0.5953287275422278,-0.5906084723821554,0.004720255160072351
0.8247682570025485,0.8115695332109572,0.013198723791591371
-0.4583042464389197,-0.4550017960889924,0.0033024503499273217
0.14464439066543572,0.13481165289193084,0.00983273777350488
-0.4675481045962289,-0.4467040925261562,0.020844012070072693
-0.6402722831284562,-0.6355064179714465,0.004765865157009719
-0.5740877334193369,-0.5798517636176892,0.005764030198352255
-0.9224258257100826,-0.9130450244487752,0.009380801261307359
0.7592053384112818,0.745343247711509,0.013862090699772844
0.9462173948400291,0.9337554994087764,0.012461895431252645
0.9220472438137073,0.898500792795966,0.023546451017741332
0.8834447069568087,0.8660301610668172,0.017414545889991473
-0.9271165639511274,-0.9057781956808478,0.021338368270279573
-0.2694473145774549,-0.2615839048299806,0.007863409747474293
-0.4353439610364077,-0.42098136164265365,0.01436259939375406
0.891665344825636,0.8736244466434365,0.01804089818219945
-0.8616354550700599,-0.8403889427382265,0.02124651233183339
0.2281175185835754,0.22686750394798325,0.001250014635592156
0.43771298413068377,0.42537699897795866,0.012335985152725104
0.9055014844023778,0.8890235585803359,0.016477925822041883
0.4394269380623189,0.43866066651328495,0.00076627154903397
-0.9336791415480836,-0.9124846655869181,0.021194475961165526
-0.026440622351309288,-0.030208016117246397,0.0037673937659371097
-0.23688529819641982,-0.23844548335545174,0.0015601851590319182
0.4053821261211025,0.4098091484055958,0.004427022284493265
0.44746705845463536,0.44025641116827907,0.0072106472863562865
-0.5203471170924657,-0.4989162198065299,0.021430897285935835
0.7179986861013521,0.7115256690886911,0.006473017012661009
-0.4422285475805484,-0.42144884020453766,0.02077970737601076
-0.9271657929428965,-0.9157980559585931,0.011367736984303378
-0.9033183075428175,-0.8855078344487789,0.017810473094038604
0.9244141503987787,0.9063566966386367,0.018057453760142006
0.615098031550804,0.6050193370527912,0.010078694498012797
-0.862834264417048,-0.8477915624905505,0.015042701926497482
0.9390719596679212,0.9280885881528468,0.010983371515074447
-0.9493676786807972,-0.9282194337796743,0.02114824490112288
0.9529468141106662,0.9343242345881295,0.018622579522536653
-0.8958923509165064,-0.8859792050162699,0.009913145900236509
0.5238896150764148,0.5065860780563395,0.017303537020075366
-0.2586588329609516,-0.2566577405870605,0.0020010923738911224
0.7657305924415363,0.7491481351224726,0.016582457319063715
0.9647851253684249,0.9418127603821878,0.022972364986237115
-0.5377952693997436,-0.5325741131456521,0.005221156254091586
0.8953648316972695,0.8813661241148952,0.013998707582374315
0.7778772209866132,0.7662216060902044,0.011655614896408761
-0.3184895657549627,-0.3069033014648768,0.011586264290085857
0.7266293802328199,0.7193267490435756,0.007302631189244235
-0.04507066573912703,-0.04189811930498896,0.003172546434138071
0.6679593400267773,0.6497583716913633,0.01820096833541396
-0.6211469013940634,-0.6181280564225748,0.0030188449714885213
0.3529375474378611,0.35399143554628176,0.0010538881084206642
0.9166216702523666,0.9020426732363871,0.014578997015979533
-0.9378457354747721,-0.926288874383587,0.011556861091185144
-0.8980463876289916,-0.8849332441039862,0.013113143525005366
0.28142184782602947,0.26631448336887836,0.015107364457151107
-0.04635980963638334,-0.04468618870479833,0.0016736209315850042
0.10528253507550947,0.11327542103771043,0.007992885962200963
0.9238922140564358,0.9029536771039339,0.020938536952501918
0.7739504884068968,0.7591151492958726,0.014835339111024193
-0.7675761684731489,-0.7529418398486267,0.014634328624522186
0.7144805580716689,0.7116599976192489,0.0028205604524199623
0.6185154453018911,0.6112011939340479,0.007314251367843139
-0.9228526455660254,-0.9030886129281341,0.019764032637891282
0.9052157916412643,0.8921331690959159,0.013082622545348421
0.5901126125942453,0.5860599555162963,0.004052657077948996
0.26465381282286005,0.25180763862452177,0.012846174198338278
-0.7170797413162057,-0.7061813689904596,0.010898372325746086
0.9330533021452581,0.9185924236347487,0.014460878510509367
-0.9371080368215222,-0.9231452788535555,0.013962757967966755
-0.6357770869036325,-0.6352597622471174,0.0005173246565151057
0.8242340757231291,0.8088601689302036,0.015373906792925496
-0.9449905140065241,-0.9321753194439768,0.012815194562547316
-0.0615028471669063,-0.06407782236943622,0.0025749752025299236
-0.1463018190822656,-0.15296289308522842,0.0066610740029628135
0.8830950620183209,0.870403075874716,0.012691986143604894
0.5919959109206868,0.5823683431535683,0.009627567767118483
-0.733552182109476,-0.7303551129282262,0.0031970691812498453
0.8814393347869806,0.8733633811327947,0.008075953654185897
0.7998018555089282,0.7962573528161624,0.0035445026927658496
-0.7267029834076566,-0.7171887135531595,0.009514269854497104
-0.21927862903942782,-0.20656436148374324,0.012714267555684583
0.8344343041071077,0.8138749370936486,0.020559367013459173
-0.15160193050933957,-0.15066669600715865,0.000935234502180915
0.8620334020396075,0.8525677665195209,0.009465635520086613
0.1821853671825369,0.17793877845252234,0.004246588730014544
0.7243294161898417,0.7082209872015478,0.0161084289882939
0.9154334003281371,0.8939018959880392,0.021531504340097984
-0.020821759904251533,-0.022450480759024966,0.0016287208547734328
0.834073721382566,0.8201662037462989,0.013907517636267075
-0.22198805583068815,-0.21962829408633527,0.002359761744352873
-0.5938819093293076,-0.5915634752084751,0.0023184341208325465
-0.7548842905557976,-0.7446347076434129,0.010249582912384758
0.5892738436094992,0.5948751752431114,0.005601331633612205
-0.9103327557266295,-0.8954146958030146,0.014918059923614946
-0.8450135670020039,-0.8269971339392205,0.018016433062783443
-0.2938528431432157,-0.30003900642630804,0.00618616328309235
0.23155686459600397,0.23241679613362667,0.0008599315376227046
0.6678824971410797,0.6658712900441827,0.002011207096897061
-0.9328680273996383,-0.9211720043761662,0.011696023023472057
0.8956487122218577,0.8840561273738269,0.011592584848030829
-0.8370015754286864,-0.8210326598385638,0.01596891559012259
-0.6877872066198223,-0.6655216271673723,0.02226557945245
-0.3915385291637506,-0.38449846553478617,0.007040063628964421
-0.9559773752256301,-0.938619634728399,0.017357740497231045
0.2491934527669144,0.2599776526185047,0.010784199851590293
-0.625332885772333,-0.6098981767496735,0.015434709022659532
-0.20312054908448626,-0.19914092270786515,0.003979626376621109
0.18189581497708127,0.17437447647497653,0.007521338502104735
-0.810995189650758,-0.8050834282777237,0.0059117613730342855
0.5426385065872882,0.5456274726911471,0.0029889661038589033
0.254456819407122,0.2416614136530293,0.012795405754092715
0.5262232088911383,0.5061424682321046,0.020080740659033647
0.24296399496304158,0.22748582499261064,0.015478169970430944
-0.7904303815697716,-0.7703180670221519,0.020112314547619747
0.6657538868955774,0.6521881008140592,0.01356578608151815
0.9392013440531195,0.9247932664822418,0.014408077570877698
0.7040567174388694,0.6942745296343709,0.009782187804498577
-0.19126249121500657,-0.19867893905157133,0.007416447836564755
0.5594104148503768,0.5461010610734653,0.013309353776911448
0.9422626891854423,0.9202513321992534,0.022011356986188946
0.8174393703592993,0.8048407892342131,0.012598581125086161
0.40245816244755933,0.4093142699417791,0.006856107494219776
-0.9268436251921409,-0.9075654879478023,0.019278137244338578
0.8497389752757945,0.8324532687010597,0.017285706574734716
0.3756676879942609,0.36060846935880725,0.015059218635453675
0.3013184462417075,0.3111000846968938,0.009781638455186314
-0.9407328126719545,-0.9217846836790197,0.018948128992934854
0.24878519296601959,0.23730599238474398,0.011479200581275606
-0.06704940711755186,-0.05837162370626741,0.008677783411284452
-0.586596696826368,-0.5735157346063173,0.013080962220050618
-0.7217974171855467,-0.7115647553302046,0.010232661855342107
0.8686182742551253,0.8545259342488686,0.014092340006256698
-0.5214142507514472,-0.4971420036740953,0.024272247077351927
-0.8111079241572247,-0.7909048456565936,0.020203078500631078
0.8231451414010881,0.8009619647701529,0.022183176630935164
-0.8700343464718264,-0.859283067315455,0.010751279156371418
-0.8173848211414458,-0.8048435887398199,0.012541232401625968
-0.826427506082701,-0.8143120004723948,0.012115505610306165
-0.9150948916385382,-0.9025680248152241,0.012526866823314053
0.005296597696517311,0.0140349819280231,0.008738384231505789
0.9486316576506413,0.9317604419653774,0.01687121568526384
-0.8351585536781166,-0.8204490787362078,0.014709474941908884
0.0615404797319257,0.06022063691797954,0.001319842813946162
-0.9619790363733306,-0.9507492123318355,0.011229824041495085
0.7854353272307173,0.7662891628890198,0.01914616434169747
0.8501062905633247,0.8371519131213021,0.012954377442022547
-0.6429283120469906,-0.6326856563124134,0.010242655734577277
-0.9549096308054653,-0.9352301600953086,0.019679470710156743
-0.7760515159616538,-0.7774019591640283,0.0013504432023745405
0.9584877183615695,0.9448253983892998,0.013662319972269743
-0.9651407621095133,-0.944136801982908,0.021003960126605326
-0.4528643301756696,-0.4484527778754227,0.004411552300246924
-0.8373620520630385,-0.8227350350128422,0.014627017050196311
-0.5213133018589664,-0.5228472950455291,0.0015339931865626655
-0.11719612675880663,-0.11889433476949707,0.0016982080106904412
-0.6962856278578494,-0.691637134938252,0.004648492919597458
-0.8601872463536588,-0.8541547187649055,0.006032527588753389
-0.8094281124333836,-0.7952751429356375,0.014152969497746137
-0.9445883603757328,-0.9240904649214877,0.020497895454245074
0.150918638053672,0.13476211718052886,0.01615652087314315
0.3047934737146356,0.29785742546234845,0.006936048252287164
-0.7689353533715306,-0.7596120272082906,0.009323326163240053
-0.23028996800497356,-0.23160227751255993,0.0013123095075863733
0.7525514869692004,0.7439115747492838,0.008639912219916557
-0.09268212360277626,-0.09227392113336953,0.0004082024694067321
-0.06415578178931006,-0.04795278604346141,0.016202995745848645
0.7901338376356675,0.7766276537238759,0.013506183911791592
-0.8718930644209681,-0.8537336438609485,0.018159420560019623
0.5635225042974673,0.5534005932706157,0.01012191102685156
0.5928553070768319,0.5822854456412901,0.010569861435541728
-0.9265880855374249,-0.9143315686987229,0.012256516838701992
-0.9608091399159094,-0.9455468637662281,0.015262276149681342
0.9215692431396624,0.9022061907041403,0.019363052435522055
0.8315363123565852,0.8160030099556873,0.015533302400897897
0.8753962597315038,0.8517077072764258,0.02368855245507806
0.8587100421992903,0.8359430731668207,0.022766969032469553
0.03924536471767947,0.037461418405915894,0.0017839463117635748
0.9380807850656755,0.9248543392051083,0.013226445860567204
-0.3037991348960788,-0.306008296626227,0.0022091617301482347
0.8659790247516211,0.8586132477243684,0.007365777027252718
0.9404109881137985,0.9182756725477315,0.02213531556606707
-0.9289349835044033,-0.915852417411473,0.013082566092930237
-0.9110706444783211,-0.890197865330992,0.0208727791473291
0.8038893165263773,0.7882110646556899,0.015678251870687387
-0.7760515224231914,-0.7623224795161674,0.013729042907024036
-0.48252784137737786,-0.4752324932231984,0.007295348154179482
0.5383204539860077,0.530675369305002,0.007645084681005665
-0.08406554579720592,-0.09377851418356208,0.009712968386356158
0.6106934307348442,0.5962895860109394,0.014403844723904768
-0.42253782327182343,-0.41968585329884683,0.002851969972976598
-0.28865523392900866,-0.26931198480357504,0.019343249125433615
0.36546626025101897,0.3480727064220334,0.017393553828985553
-0.9418485074176409,-0.9288536896955198,0.012994817722121077
-0.24578875329772715,-0.24545321622781163,0.0003355370699155147
-0.5742856138759123,-0.5524104883144311,0.02187512556148119
-0.8501303826509735,-0.8345573657493752,0.015573016901598291
-0.6538418476539035,-0.6358277525009788,0.018014095152924736
-0.8751358314769779,-0.859168909376494,0.015966922100483893
-0.970525987835275,-0.955317066216507,0.015208921618767968
-0.910526434322861,-0.8899370809462163,0.020589353376644692
-0.07965482317255929,-0.06036514161781938,0.019289681554739903
-0.9692405009380268,-0.9515159007949084,0.017724600143118385
-0.7100008905179468,-0.6978307146314895,0.012170175886457302
0.8920092086688971,0.8721649648044163,0.019844243864480804
-0.9418481227628478,-0.9227304327668513,0.0191176899959965
-0.7457422246313227,-0.7297258351502163,0.016016389481106397
-0.5161770495610315,-0.5122786028006429,0.003898446760388641
0.7955902456281053,0.7828568813726571,0.012733364255448243
0.94063791575125,0.928855116595851,0.011782799155399037
0.39334764159234403,0.38631451315553844,0.007033128436805591
0.5562119153930966,0.5538436388763399,0.00236827651675664
-0.26976167216284674,-0.2706196901656755,0.0008580180028287532
-0.2593870359476377,-0.2766516139719169,0.01726457802427922
-0.2550710412683484,-0.24721594865947003,0.007855092608878372
-0.8003441745636202,-0.7781500189722148,0.022194155591405362
-0.4880050158295389,-0.4792655326411926,0.00873948318834633
0.3605768525403548,0.365594737128352,0.005017884587997179
-0.9444458337993126,-0.9247186117392097,0.01972722206010291
0.8605988230332243,0.8422387009401807,0.018360122093043607
-0.9361872202097812,-0.9133646970160796,0.022822523193701594
-0.8207252583206889,-0.8037741520174877,0.01695110630320118
-0.25660631711842863,-0.2517739674115851,0.004832349706843542
-0.9428222421928604,-0.9247736089539969,0.01804863323886352
-0.41399230385763064,-0.41059095852080657,0.0034013453368240687
0.6456292140948254,0.6275861216152574,0.018043092479568035
-0.7116779158100789,-0.7097363317871983,0.0019415840228805825
0.7795340179886154,0.7682551808338518,0.011278837154763632
-0.27088469382521635,-0.26639437513960706,0.004490318685609285
0.8655053574296344,0.8444715730632498,0.02103378436638459
-0.6963694534843706,-0.6830628796324132,0.013306573851957437
0.6346350920511904,0.6247297200328721,0.009905372018318315
-0.8963388688522856,-0.8792969297933921,0.017041939058893507
0.9614884952435601,0.9401399494702316,0.021348545773328453
0.1787325487429711,0.1758372214614184,0.002895327281552701
-0.11796128353654067,-0.10666433320916276,0.011296950327377916
0.2467156439692814,0.25240523616550764,0.005689592196226251
0.9374737112427668,0.9245534863883021,0.012920224854464646
-0.4559956027473427,-0.4547856929031571,0.0012099098441855638
-0.8568073918770862,-0.840883483536157,0.01592390834092916
-0.0653108841115782,-0.06198550048409565,0.0033253836274825532
0.9218815792653795,0.9109612882114889,0.010920291053890585
0.4648792481389574,0.44969985722868594,0.015179390910271484
-0.09427585342827836,-0.09341148791373526,0.0008643655145431084
0.5366104919008046,0.5464503933273264,0.009839901426521802
0.7395048429320411,0.7239745965838322,0.015530246348208876
-0.5995909627125542,-0.5925914734766033,0.00699948923595084
-0.9016911837519523,-0.8895429986758897,0.012148185076062634
0.6140140265637986,0.603633202521791,0.010380824042007575
0.8308429346421662,0.8170634807531234,0.013779453889042781
-0.5891483415862379,-0.5709590108984859,0.01818933068775197
0.35129392070991444,0.34426566506635814,0.007028255643556303
0.8698752032513334,0.8531305919825689,0.016744611268764475
-0.49514176456674475,-0.4752283716703789,0.019913392896365845
-0.18031048267792588,-0.17652771939279582,0.003782763285130053
0.8519569401514016,0.8305593256639079,0.021397614487493666
-0.9367831423393908,-0.9229905241180331,0.013792618221357689
0.7106572456042757,0.6926508678192302,0.018006377785045435
-0.3669393259979997,-0.37222924348751013,0.0052899174895104095
-0.5689607653382426,-0.5477991791030647,0.02116158623517783
0.2674840910652308,0.27800543440019493,0.010521343334964128
0.9054996293184135,0.8875993910846021,0.017900238233811483
-0.3790191163140602,-0.36295374845000905,0.01606536786405116
0.9456866411411821,0.9271119233097692,0.018574717831412846
-0.7418481066294376,-0.7335209525276593,0.008327154101778311
0.10027975983526435,0.0936237730289559,0.006655986806308453
0.09702557012148928,0.0940105291784676,0.003015040943021685
0.6986510559918682,0.6860487337993061,0.012602322192562077
0.5902509549426239,0.5760397112771308,0.01421124366549309
0.8308029526618745,0.8248240201663467,0.005978932495527833
0.9473791545544432,0.9283795621198444,0.01899959243459881
-0.8908407651290056,-0.8771883735723254,0.013652391556680188
-0.6278746062678314,-0.6183511425777283,0.009523463690103151
-0.015031309810926678,-0.009830861293250377,0.005200448517676301
-0.6202094720362405,-0.6186778383935282,0.00153163364271236
0.8562038313084135,0.849725199198356,0.006478632110057503
0.9119616606998933,0.8924072633170836,0.01955439738280962
-0.9283859986981547,-0.9089268718664627,0.019459126831692042
0.38032028984432337,0.3938389221719529,0.01351863232762951
-0.8760093555465649,-0.8703635149752248,0.005645840571340099
0.5175535780580778,0.5039987407161969,0.013554837341880899
-0.9333099960119672,-0.9119207147720801,0.021389281239887037
0.8585172385219684,0.8474983740575505,0.01101886446441791
0.7166173614461352,0.712456884678871,0.004160476767264165
-0.3395929320497721,-0.3252262467322286,0.014366685317543482
-0.17266936021552431,-0.1597124154249638,0.012956944790560504
-0.8863911498490209,-0.8759352113062281,0.010455938542792809
0.7336404933397478,0.7260420003587676,0.007598492980980143
0.3987085927863156,0.40672018109000346,0.008011588303687867
-0.7372875353208322,-0.7262211080072342,0.011066427313598082
0.9439868376707258,0.9276513401923181,0.01633549747840768
-0.3024782949685796,-0.2841891850327238,0.018289109935855807
0.5343382898272151,0.5365821782747178,0.0022438884475026732
0.7047041686018564,0.6867997775647082,0.017904391037148137
0.8286032609916807,0.8152739761845026,0.013329284807178099
0.8416344367990768,0.8300216661463125,0.011612770652764337
0.9394036480841044,0.9185963624798001,0.020807285604304226
-0.13254038375856406,-0.11720147997219535,0.015338903786368707
-0.6819653628215208,-0.6790455752138949,0.002919787607625901
-0.838167691403922,-0.8226734324233153,0.015494258980606745
-0.7455504026806486,-0.7395537344709084,0.005996668209740208
-0.22090073151454062,-0.21789842043979632,0.0030023110747443016
0.8976965531719536,0.8834605613429324,0.014235991829021244
0.8592625501714717,0.8471551814326259,0.01210736873884577
0.6623436885547186,0.6467703780168942,0.015573310537824403
0.46816773341318507,0.4704762713658802,0.0023085379526951444
-0.6691060486087902,-0.6607336542643263,0.008372394344463907
-0.7740323581578977,-0.7579490301934905,0.016083327964407257
-0.7943084967524162,-0.7891394304935336,0.005169066258882582
-0.9251775418910466,-0.9148831588458846,0.010294383045162059
0.7949929627755088,0.7831578659430876,0.011835096832421232
0.595876468573475,0.5782821956600088,0.017594272913466158
0.8040763143207704,0.782890067924415,0.021186246396355468
-0.8381677024084088,-0.832443299484732,0.005724402923676819
-0.0017294116427309426,-0.0042408287348495236,0.002511417092118581
-0.3775953508643525,-0.39022554194368625,0.012630191079333775
-0.7622016877591783,-0.7583736157011381,0.003828072058040144
-0.44414228328838545,-0.4443513369155167,0.00020905362713125042
-0.811744763328437,-0.799084357035655,0.01266040629278209
0.3386259739213506,0.331809503318934,0.00681647060241658
-0.7590772751932363,-0.7565280411980142,0.002549233995222111
0.18278880397913003,0.1851838906508663,0.0023950866717362684
-0.5622178720990326,-0.5641483149592194,0.0019304428601867318
0.5508906788631197,0.5368131513164047,0.014077527546714985
-0.32921669913276336,-0.31911529797136584,0.010101401161397516
-0.6318840491337199,-0.6159600595229034,0.015923989610816425
-0.3414803174184088,-0.34953705538793434,0.008056737969525551
-0.6190339432119163,-0.6057509415953473,0.013283001616569035
-0.5016441737968423,-0.4833462344407091,0.01829793935613322
0.10670163290140422,0.11591788731551539,0.009216254414111169
-0.20516961502289155,-0.21059481913932512,0.005425204116433574
-0.189790310072478,-0.17183150372738246,0.017958806345095557
-0.6458101213202012,-0.6374933899112765,0.008316731408924749
-0.624744686634242,-0.6149104680226817,0.009834218611560308
-0.4646907563337512,-0.46132062329406753,0.0033701330396836426
-0.8677656488036131,-0.8524144338474695,0.015351214956143555
0.6660884479259244,0.6607702942836733,0.005318153642251078
0.8318322966338854,0.8090863730733444,0.022745923560540948
0.5886221592726278,0.5683698394932296,0.02025231977939823
0.4374685933858307,0.43865836530762453,0.001189771921793814
-0.8240680591929554,-0.8024151535266876,0.021652905666267874
-0.680341561607951,-0.6749485698707688,0.005392991737182218
0.9213455628420107,0.904967171257091,0.016378391584919716
0.20531661236938925,0.19320274011408825,0.012113872255301
-0.44254207973148196,-0.43427102261110906,0.008271057120372904
-0.013172763248148846,-0.009915865311254806,0.0032568979368940397
-0.5311553037415463,-0.5314687303111453,0.00031342656959898463
0.5939941855315565,0.5933028078013627,0.0006913777301937873
-0.5317302908586237,-0.5148705977701078,0.01685969308851587
-0.2656734891202087,-0.25150299028710643,0.014170498833102285
-0.0762475421895513,-0.07986933034137891,0.003621788151827607
0.6497558013111138,0.6477502587844723,0.002005542526641424
-0.9272195051296337,-0.9086485222986469,0.018570982830986793
0.6632446380846191,0.651057847351086,0.012186790733533126
-0.6012090360082466,-0.5843621026326885,0.016846933375558093
-0.10096651565043822,-0.09289037279242046,0.008076142858017762
0.9581096840088638,0.942409221218807,0.01570046279005677
-0.4477571649944877,-0.4546074258596315,0.006850260865143787
-0.6619284637402255,-0.6585931356949875,0.003335328045238062
-0.8650629138864324,-0.8572048124644022,0.00785810142203025
-0.8108511989888377,-0.7881220881263252,0.022729110862512503
0.765064451636164,0.7580849757664564,0.0069794758697075965
-0.14899327342528693,-0.15836313511868244,0.009369861693395515
0.35650182288012566,0.34270949603534506,0.0137923268447806
0.5877841032405362,0.5688701018111182,0.018914001429418015
-0.3541427580955315,-0.33920137773393505,0.014941380361596424
-0.8596972965820483,-0.849393636673423,0.010303659908625251
0.9093135410852288,0.9003335795704668,0.008979961514761992
-0.9086764285242538,-0.8909259945296999,0.017750433994553894
0.9596414681561694,0.9470052128740293,0.012636255282140074
-0.5467781344215487,-0.5286132595769469,0.01816487484460172
-0.4298175396141531,-0.4219779839690816,0.007839555645071494
-0.23190830123809408,-0.21937297914373577,0.012535322094358314
-0.692043303691356,-0.6845635831744002,0.007479720516955779
-0.09414095998440278,-0.08114923976299288,0.012991720221409903
0.18059324570408486,0.16769587096214983,0.01289737474193503
-0.6887162452069239,-0.6855453673661943,0.003170877840729558
0.6608025716420461,0.6486383369274853,0.012164234714560851
-0.4271826004589069,-0.42396122643213763,0.0032213740267692526
-0.8015643510985914,-0.7880845641630635,0.013479786935527871
0.14985703815106702,0.1379419750016686,0.011915063149398414
-0.6616465582471117,-0.6421684909181373,0.01947806732897439
0.8715289761520242,0.8498804402535358,0.021648535898488364
0.764641237215306,0.7500239579198659,0.0146172792954401
-0.4403496089886313,-0.4465245325210792,0.006174923532447918
0.4388505868956562,0.4339158915830238,0.004934695312632409
0.8873081584435109,0.8707550852655889,0.016553073177921984
0.3387594134331486,0.33339500400676375,0.005364409426384831
-0.7673833248933117,-0.7553087204592038,0.012074604434107905
-0.38232302603651425,-0.3785848051982907,0.0037382208382235604
0.18987417223116368,0.1843238597327347,0.0055503124984289665
0.09844149611016845,0.07795668074462227,0.02048481536554618
-0.8237454430178033,-0.8116881232654228,0.012057319752380447
0.08891944356245482,0.09832374448724797,0.00940430092479315
-0.5445990503155554,-0.5425427237116491,0.002056326603906311
-0.6308477768376408,-0.6100696627539535,0.02077811408368735
-0.4135076251812078,-0.4034808853401145,0.010026739841093313
-0.338736721842663,-0.3312976093882525,0.007439112454410535
0.5601078148317542,0.5591053852934145,0.001002429538339733
-0.7313943381435234,-0.7183756849249444,0.01301865321857898
-0.3565919286225624,-0.35634202473278254,0.00024990388977985667
0.11393642469819988,0.11035656714126048,0.003579857556939403
-0.5671918366827127,-0.5622481222620963,0.004943714420616363
-0.669165866219819,-0.655260867676721,0.013904998543098013
0.9274205062922711,0.9087579620948509,0.018662544197420194
0.1782306339303346,0.1714952293507927,0.006735404579541887
0.8994462088836908,0.8859808667151325,0.013465342168558214
-0.061964389560719306,-0.06504156606237414,0.0030771765016548366
0.8938868506867039,0.8745668154784538,0.019320035208250097
0.15066288135717584,0.1413881115227538,0.009274769834422047
-0.5085731547574011,-0.5032593160558886,0.005313838701512474
0.7172761832490293,0.7151406651197109,0.0021355181293184478
0.41235076251931685,0.3960192831417214,0.016331479377595437
0.37235846608277096,0.3784805117280519,0.00612204564528096
0.177845502283653,0.1707485161269847,0.007096986156668317
-0.7215300847490945,-0.7059256324396554,0.015604452309439076
-0.12022435680601294,-0.11808138618493644,0.0021429706210765037
0.43259836708293553,0.4352412299977074,0.002642862914771893
0.8668320237413787,0.8442101250114761,0.022621898729902612
0.7978384632136886,0.7776364498068443,0.020202013406844244
-0.3722564063959251,-0.3636890744724311,0.008567331923494015
0.27299099995212617,0.25910723030113136,0.013883769650994804
0.9265718994622535,0.9071799274792358,0.019391971983017675
-0.9257178652079261,-0.9095884288483223,0.016129436359603844
-0.9104658821394827,-0.8886772420450126,0.021788640094470013
0.6197249230755061,0.6083400876694635,0.011384835406042626
0.23108380133009504,0.24396838261028375,0.012884581280188712
0.9399015990220805,0.9280462294730646,0.011855369549015893
-0.2860804387634027,-0.2936709401559749,0.007590501392572169
0.8729864502553266,0.8506918452221555,0.022294605033171155
-0.2882148371345591,-0.28570160015266693,0.002513236981892153
-0.5259921375478644,-0.518387952242809,0.007604185305055466
0.8073513889455791,0.7945088571834008,0.01284253176217831
-0.6906636546620406,-0.690036298084046,0.00062735657799462
-0.558641233530136,-0.5461485457800801,0.012492687750055853
-0.8320418628810732,-0.8100576347770899,0.02198422810398326
0.7957976176612753,0.7805768546788919,0.015220762982383396
0.36319495129120777,0.36840370892040286,0.005208757629195093
-0.7051298408067175,-0.6975919650227426,0.007537875783974912
-0.9101743173999648,-0.8960751697228009,0.014099147677163915
-0.4979587963522783,-0.4887256501910718,0.009233146161206518
0.8199449403938209,0.8137786313981095,0.006166308995711467
0.611250724337603,0.5983841464430187,0.01286657789458423
-0.7898602920229175,-0.7791539385232499,0.010706353499667642
-0.6125253083815748,-0.5976264873249318,0.014898821056642975
0.02331151892332062,0.01402928771267729,0.009282231210643331
0.4825627447399852,0.4938751072989549,0.011312362558969669
0.4479563058898835,0.4311806354732605,0.01677567041662298
0.20887605668910797,0.2140133535406638,0.005137296851555839
-0.6320412148796086,-0.6165497523929363,0.015491462486672325
0.8898349842574705,0.8778235488959111,0.012011435361559464
-0.5196664291626852,-0.5060277178181031,0.013638711344582166
0.6240539118684204,0.6096199608647134,0.014433951003707035
-0.8556446658370962,-0.8349996913277383,0.020644974509357872
0.5434805097812265,0.5348765673351109,0.00860394244611562
0.23722023993890332,0.22243659734028962,0.0147836425986137
-0.9482428449260847,-0.9387680607470613,0.009474784179023366
-0.762702516220119,-0.7593597985401824,0.0033427176799365466
-0.884723745575767,-0.8658185829100958,0.018905162665671216
-0.923981520215289,-0.903132616484804,0.02084890373048498
-0.7734483470787982,-0.7751733982006234,0.001725051121825194
-0.9508622224957108,-0.9330089577713546,0.01785326472435622
-0.8009116958065244,-0.7969983489064706,0.003913346900053849
-0.27943840118543284,-0.2976186262405801,0.01818022505514727
-0.8072686076777082,-0.7873333977364151,0.019935209941293164
0.6317148652070055,0.6124583278148208,0.01925653739218469
0.9200286057204942,0.9029081443116107,0.01712046140888346
-0.8493975920844304,-0.8376880792757897,0.011709512808640743
-0.10954472610195416,-0.10957738764073172,3.266153877755362e-05
-0.05030316270648977,-0.052710344799426524,0.0024071820929367563
-0.4650454415659603,-0.45173063001560243,0.013314811550357852
-0.008058733846474937,0.0010200455843585045,0.009078779430833442
-0.8638574331721652,-0.849056836630616,0.014800596541549194
0.8690879228503781,0.8528302877594142,0.016257635090963896
-0.3165595283731814,-0.32503257073901715,0.008473042365835737
0.7940384306822716,0.7789068968909459,0.015131533791325702
0.38204927385673904,0.3750653641762047,0.0069839096805343615
0.9305820376368541,0.911128557133112,0.01945348050374207
0.826486414946266,0.8059388695235163,0.020547545422749613
0.664515288609752,0.647558178352793,0.016957110256959007
-0.8712222610383814,-0.8543547262100476,0.016867534828333808
-0.781002873422189,-0.7724506100963453,0.00855226332584369
-0.481237586166843,-0.4693876641926112,0.011849921974231792
0.8417606429204806,0.8348283771458557,0.006932265774624913
-0.3044596230950653,-0.29888976600173206,0.005569857093333241
-0.7029672943853839,-0.6934690774034067,0.00949821698197717
0.8104217533750324,0.7955591792822057,0.014862574092826764
-0.9066124174126675,-0.8909210833483028,0.015691334064364737
0.9419275217020068,0.9292438283206725,0.012683693381334238
0.09767028343326861,0.09832311873945909,0.0006528353061904801
0.7057929719240169,0.6983862854787164,0.007406686445300514
0.2568974444412244,0.2407644127186645,0.01613303172255992
0.9027362850774131,0.8916369536226109,0.011099331454802241
-0.07425586537149804,-0.08230901205832612,0.008053146686828078
-0.7945867064156639,-0.7749724276847474,0.01961427873091648
-0.8127200505704127,-0.794407171298151,0.018312879272261773
0.17090248921212395,0.16268128631931209,0.008221202892811863
-0.6368942971566236,-0.6268706297635761,0.010023667393047497
-0.5738909676225163,-0.5520197445539743,0.021871223068542056
0.21402367669456493,0.21795772089504165,0.003934044200476716
0.9240248063886339,0.910886597713515,0.013138208675118945
0.8069574430250397,0.7852669038432573,0.02169053918178243
-0.7778102405347705,-0.7666755741129085,0.011134666421862005
0.05337644785058178,0.055569881227139996,0.0021934333765582167
-0.5671634502484698,-0.5472503908904639,0.019913059358005913
-0.9189060916158811,-0.901038254169432,0.017867837446449153
0.30081264479732,0.28942751718278154,0.01138512761453847
0.626808977024655,0.6339462379228011,0.007137260898146147
0.1465333473537749,0.13683340380300546,0.009699943550769446
0.7936914591928574,0.779113446167039,0.014578013025818404
0.9474661357120321,0.9340545601276644,0.013411575584367674
0.351980784045551,0.33921551335711064,0.012765270688440356
-0.9604467913624227,-0.941821984170829,0.018624807191593762
-0.9434409807037702,-0.9242654812694516,0.01917549943431862
-0.765229262009016,-0.7596807082459723,0.00554855376304364
0.9464814401594546,0.9313547943146627,0.015126645844791842
0.7832083399037817,0.7719950372647068,0.01121330263907494
0.31160901665912555,0.32143083279451495,0.009821816135389405
0.6917672323764521,0.6899937939171127,0.001773438459339416
-0.21650958480856494,-0.22432338827890785,0.007813803470342912
0.5902463853379747,0.5751661894851123,0.015080195852862355
-0.3870156849766609,-0.3979442913611362,0.010928606384475292
-0.6604924079836237,-0.6492239235070354,0.011268484476588347
0.7904099731358907,0.7793890825562303,0.01102089057966038
-0.8062089319795445,-0.796206573148741,0.01000235883080347
-0.9360310175601495,-0.9162447100024962,0.019786307557653315
-0.5879827200072472,-0.58005505986271,0.007927660144537163
0.7349247445359353,0.7137172761537945,0.021207468382140715
-0.5284578518975649,-0.5293222215722837,0.0008643696747188123
-0.4380425609062414,-0.4234670102339858,0.014575550672255577
0.9289942018454719,0.910061073869694,0.01893312797577784
0.9484165289023292,0.9346141715757981,0.013802357326531123
0.9688882423782822,0.9480206667821551,0.020867575596127064
0.8465220114788103,0.8296196899462964,0.01690232153251392
-0.06116673915092165,-0.0488146002367553,0.012352138914166345
-0.7105460697797895,-0.7033727753874105,0.007173294392379015
0.802294955091545,0.7877556542684259,0.014539300823119161
0.9122928802337049,0.8981103059533675,0.014182574280337423
-0.8567345653101082,-0.8445738008372617,0.01216076447284642
0.019225452349279915,0.016827053480776084,0.002398398868503831
0.5914059494798747,0.5812645646539569,0.010141384825917754
0.7824755729161422,0.7603815850877611,0.022093987828381123
0.0029840760577083143,0.005547238275633895,0.002563162217925581
-0.21351521471306778,-0.1966019682809791,0.01691324643208869
-0.26348343438171784,-0.25297631729618275,0.01050711708553509
0.6398874615406186,0.6211218299047908,0.018765631635827784
-0.8404539793398346,-0.8291404133232634,0.011313566016571186
-0.3077952412163499,-0.31428110868691866,0.006485867470568785
0.7937675260488627,0.7843531630872532,0.009414362961609468
0.4218160815687896,0.4137909023786371,0.008025179190152498
-0.9411073421358558,-0.9217889763980058,0.019318365737849952
-0.4612834538402339,-0.4436936213083739,0.017589832531859972
0.7214651268335217,0.7080936302641434,0.013371496569378305
0.9112614312244308,0.8872722274318008,0.02398920379263003
0.932483247509636,0.9117974999515644,0.02068574755807151
0.9560301791827931,0.9388238896008672,0.017206289581925938
-0.5447544662731592,-0.5544598480228509,0.00970538174969171
0.9452782306338935,0.9328767332894948,0.01240149734439866
-0.8289560304130371,-0.8126877494124869,0.016268281000550222
-0.35419713102494943,-0.3443519878065045,0.00984514321844493
-0.6192381763373285,-0.6092474628131019,0.009990713524226535
0.8358330153466307,0.8202573063918982,0.015575708954732481
0.9186833400589853,0.9007612439659906,0.017922096092994777
-0.4397334035244054,-0.4213509072728141,0.018382496251591274
0.10480604962235578,0.09356046294983263,0.01124558667252315
-0.5447468091469226,-0.5338049247768685,0.010941884370054167
0.7227022977444689,0.7179163294027874,0.004785968341681546
0.013577863685999125,0.018804184143595734,0.0052263204575966095
0.9331918870426246,0.9100710634756328,0.023120823566991744
0.7504299018435375,0.7357750881626798,0.014654813680857748
0.8803884020042951,0.866553135023598,0.013835266980697147
0.36449257607716246,0.35116590730511554,0.013326668772046912
0.33883131016778867,0.3396467806793952,0.0008154705116065197
0.23117392639855935,0.23209601735661262,0.0009220909580532621
0.7711892901242493,0.7526764297244629,0.01851286039978639
0.6793245361796107,0.6784570454975403,0.000867490682070482
0.341743666599231,0.32789463002885794,0.013849036570373063
-0.3338837907897096,-0.3275678535900174,0.006315937199692201
0.6968466809888231,0.6769506518271001,0.01989602916172295
0.45441053251623326,0.45776527328361444,0.0033547407673811813
0.2325949804129342,0.23217233054343425,0.00042264986949994143
-0.5450040644847984,-0.5304077569897114,0.014596307495087002
-0.374305625230826,-0.378728107800142,0.004422482569315989
0.9689463848705057,0.9510387081414107,0.01790767672909499
0.5273480475570625,0.5298831609005167,0.0025351133434541318
0.6361154809363451,0.630059968480634,0.006055512455711121
-0.4369869174021243,-0.43394195496897753,0.0030449624331467806
0.801081510648072,0.786279925746631,0.014801584901441012
-0.27223773854194194,-0.26600626263258903,0.006231475909352913
-0.499669350340612,-0.5013207451501996,0.0016513948095876474
-0.3432359581538839,-0.34833015084480856,0.005094192690924648
-0.6964156867385094,-0.6765869729780991,0.019828713760410288
-0.9489691920048968,-0.9327540844681762,0.01621510753672062
0.8847294535737944,0.8804998063024007,0.004229647271393744
0.23750657910858436,0.24171411193614442,0.004207532827560062
-0.7380370791813199,-0.739332218627429,0.0012951394461091503
-0.23893432149217975,-0.22960300643011608,0.009331315062063666
-0.8056029736794681,-0.789234994556558,0.016367979122910103
-0.9001257660280794,-0.8926744117957894,0.007451354232289931
0.9411450314077114,0.9293579509260214,0.011787080481690082
0.9561479719728299,0.945751301611584,0.010396670361245808
0.198853009967704,0.194908361279542,0.003944648688161995
0.8072418097225559,0.7894903100862145,0.017751499636341372
0.9549043099021094,0.9451395516018242,0.009764758300285226
0.9395218352162384,0.9196612057170409,0.019860629499197535
0.8369246844561243,0.8201063125278256,0.016818371928298714
0.07542838288955325,0.08808245487721063,0.012654071987657375
-0.39556830900956647,-0.39010613665888405,0.005462172350682415
-0.6443533299565776,-0.630172583090831,0.014180746865746552
-0.8232913742312504,-0.8163832121318847,0.006908162099365733
-0.5993983252119705,-0.5917271564408256,0.007671168771144821
-0.5628657237108896,-0.5422144098835227,0.020651313827366957
-0.6075555489531713,-0.6047976708977592,0.0027578780554121662
-0.6354502251271593,-0.6173900217497342,0.018060203377425088
-0.04377146772814576,-0.04224699116414299,0.0015244765640027719
0.9546436213175364,0.9430142370610124,0.011629384256524045
0.8901579555770496,0.881719068570122,0.00843888700692752
-0.9323860614367521,-0.9137690058635857,0.018617055573166397
-0.9222964456706829,-0.9041207688011762,0.01817567686950672
-0.944012477526173,-0.9233116171162763,0.020700860409896715
0.4657432786393463,0.47250932586322497,0.006766047223878691
0.7448564790820064,0.7247134517698692,0.02014302731213713
0.8849640054418987,0.8640933898232948,0.020870615618603927
-0.702602611904096,-0.6919896876749675,0.010612924229128518
0.938230949736226,0.9215414353686154,0.01668951436761057
0.6003526371131458,0.5832434759427323,0.0171091611704135
-0.7788838736632179,-0.7593687432941512,0.019515130369066713
-0.8928779350514252,-0.8709907148527583,0.021887220198666957
-0.9107550475173517,-0.90723136252408,0.003523684993271714
0.111496407485895,0.1198092124396838,0.008312804953788805
0.0032662119911729373,-0.001031452365162669,0.0042976643563356065
0.9102499760997098,0.8963922612950004,0.013857714804709431
0.4198122225226453,0.415008607437634,0.004803615085011259
-0.3376394690101503,-0.3471846601619137,0.009545191151763388
-0.8168134114314527,-0.7952184839944646,0.0215949274369881
-0.361174138523552,-0.37405250145502666,0.012878362931474652
-0.9335209105315212,-0.9151912465269308,0.01832966400459035
0.7295799822206863,0.7173926232609011,0.012187358959785177
0.5826223723759658,0.5868653375091606,0.004242965133194776
0.7504144771289101,0.7446421838041473,0.005772293324762812
0.547010226619164,0.5363757098284244,0.010634516790739568
0.8704897111197105,0.8646159647246919,0.005873746395018586
0.34443765483807076,0.3363852775694005,0.008052377268670252
-0.8529842630151304,-0.8459549075774818,0.007029355437648599
0.6100108267277018,0.6096827990408732,0.0003280276868286025
0.01938543684806671,0.0074979461207028576,0.011887490727363852
-0.11972859393612294,-0.12523733384098196,0.00550873990485902
-0.8056492167712281,-0.7903810812233362,0.01526813554789197
-0.343533845704406,-0.32412095765950755,0.019412888044898435
-0.334652523653983,-0.3188353209136075,0.015817202740375513
0.5735651871026204,0.559879750945199,0.013685436157421349
-0.37102955124454207,-0.37902354217355166,0.007993990929009598
-0.7728839879071178,-0.759761001746847,0.013122986160270744
-0.008344334336766008,0.0025310859702342412,0.010875420307000248
0.5700147331584705,0.5500576180895788,0.01995711506889175
0.692162541776977,0.6858356286971407,0.006326913079836349
-0.40502746342157014,-0.41259694657959056,0.007569483158020418
-0.7300076352856181,-0.7103560949310891,0.019651540354528985
0.8841313553889888,0.8673161214203858,0.01681523396860296
0.7012919701177296,0.6809012513623669,0.02039071875536269
0.5820046347621226,0.5726376828467203,0.009366951915402266
-0.9512378312317042,-0.9351186111895877,0.016119220042116522
0.9584843916573116,0.9421444488878455,0.016339942769466043
-0.44915120628959826,-0.44605424260185206,0.0030969636877462015
-0.28504639407726845,-0.29606052458690724,0.011014130509638786
0.8660930132963606,0.8574803207716966,0.008612692524664012
-0.15151594073723304,-0.13006573634524715,0.02145020439198589
-0.8388197855976629,-0.8242398493847629,0.014579936212899991
-0.3177656981559036,-0.304868434884418,0.012897263271485604
-0.9435659273258871,-0.9214671511258272,0.022098776200059844
-0.4359730351919868,-0.4331778969205309,0.0027951382714559436
-0.34144238441599506,-0.34624596933194685,0.004803584915951786
0.777083553046215,0.7661802617653476,0.010903291280867422
-0.26710871594562713,-0.2585916405032271,0.008517075442400046
-0.9574395965255103,-0.9370534598482526,0.020386136677257638
0.2921121558870409,0.2764587274433284,0.015653428443712536
0.8556407198744319,0.8393671349171603,0.016273584957271603
0.3021755094876998,0.3090911677298603,0.006915658242160505
0.9221325019118674,0.9005804676130333,0.02155203429883401
0.7954470532788003,0.7837472659232205,0.01169978735557975
-0.42340777007202046,-0.4281374743152859,0.004729704243265465
0.6249002891809029,0.6231987313167809,0.0017015578641219609
0.0793386577357806,0.06372346125713121,0.015615196478649382
0.8830029581011845,0.8642569530652764,0.018746005035908064
0.8327729805998939,0.8162992829563895,0.01647369764350437
0.5855642953728776,0.5673399649275419,0.018224330445335668
0.1457993453034603,0.16103183157678758,0.015232486273327267
-0.9667920177217758,-0.9510647576621682,0.015727260059607562
0.5112352715532151,0.5136269694330491,0.002391697879833954
-0.7741328382121234,-0.7643837066319208,0.00974913158020263
-0.44542453706244767,-0.4277034683945244,0.01772106866792328
-0.8785261528929902,-0.8557906682674621,0.022735484625528102
-0.9479914639362526,-0.9311919315669751,0.016799532369277448
-0.5703792553779181,-0.5605228972144652,0.009856358163452872
0.9154202890928416,0.9031840469780951,0.012236242114746498
-0.7590908917514281,-0.7447641169247781,0.014326774826650013
-0.37312294549441527,-0.3616695583188912,0.011453387175524077
-0.3114995680052248,-0.3072937514656438,0.00420581653958102
-0.5727155771877087,-0.5558396191750715,0.016875958012637193
-0.08503195353555217,-0.08105743467316764,0.003974518862384521
-0.37609047647852556,-0.3661461209439513,0.009944355534574234
-0.12840454489324965,-0.14374898343667994,0.015344438543430289
-0.2927375814125705,-0.2970577644725899,0.004320183060019411
-0.785597933741305,-0.7628202290984986,0.022777704642806484
-0.6759035119139141,-0.6628195414812857,0.013083970432628322
-0.7918997668880646,-0.7825379035914354,0.009361863296629247
-0.14064960590419692,-0.15020779002450474,0.009558184120307817
0.8588368199935354,0.8532059427837015,0.005630877209833907
0.5720190689968937,0.5553968659964628,0.016622203000430935
0.6515047542408501,0.6499679087052178,0.0015368455356322697
0.9156178803600756,0.9010559758506456,0.014561904509430068
0.279636873987232,0.26580757304629604,0.013829300940935985
-0.8907387326743762,-0.8742612665087597,0.016477466165616517
0.5409061713192266,0.532036708552424,0.00886946276680256
0.8434173230093818,0.8247252391404833,0.018692083868898424
0.7573440673828044,0.7457384845804194,0.011605582802384995
0.33870988355063963,0.34085330806244707,0.0021434245118074347
0.8467080089207987,0.833727064145964,0.01298094477483469
-0.9529586564714596,-0.9333934186493473,0.01956523782211228
-0.14465408748546402,-0.15344700129683767,0.008792913811373648
-0.6591634808606429,-0.6397475737955731,0.019415907065069793
0.5338221587598092,0.5159997398732302,0.017822418886578983
0.8476195036711062,0.8414446412576286,0.006174862413477533
0.8756347000965494,0.853423866597889,0.022210833498660376
0.7608853598388855,0.7403550464993703,0.02053031333951516
0.7930885322253687,0.7775233657878611,0.015565166437507605
0.0377880528391376,0.02759582148775358,0.010192231351384022
0.09255863299599876,0.09933833859685078,0.006779705600852018
-0.724137624068361,-0.7173445154182762,0.006793108650084867
0.31372237277347115,0.3067259425595303,0.006996430213940863
0.4480586400517407,0.43729673370722494,0.010761906344515737
-0.7260801069519507,-0.7116639302547589,0.014416176697191752
-0.6440713134797179,-0.6381855760564252,0.005885737423292681
-0.31818086744819546,-0.3239804358964251,0.005799568448229653
0.882840194523851,0.8680043396547038,0.01483585486914718
-0.9286475833099094,-0.9154628116957475,0.013184771614161872
-0.26383873342659064,-0.26426059118616974,0.0004218577595790918
-0.19669903163673982,-0.17828241213803173,0.018416619498708098
-0.4408374774583191,-0.4418747791791653,0.0010373017208462065
0.10406056831974676,0.1075022088679491,0.0034416405482023404
-0.9622088549727931,-0.9436500524843124,0.01855880248848063
-0.3435745534068144,-0.33765718314932003,0.005917370257494392
0.2502544446379847,0.23505378728181764,0.015200657356167047
-0.7552062081357204,-0.7334817094104596,0.02172449872526072
-0.6856396471007332,-0.6762923048013239,0.009347342299409367
0.12084789418801685,0.11355607758653845,0.007291816601478401
0.2374813620519269,0.2507112592179262,0.013229897165999288
0.029321574958089385,0.02842719405853541,0.0008943808995539766
0.49684267456161063,0.48646455918622256,0.010378115375388075
-0.9404194576932795,-0.9233116544491561,0.01710780324412342
0.6242511854515265,0.6116378924398317,0.012613293011694782
0.9265392507654887,0.9110253677689861,0.015513882996502582
-0.9245307030650001,-0.9138684999114112,0.0106622031535889
0.5848774610211734,0.5911405081424674,0.006263047121293996
-0.7011889175133362,-0.6781957698156335,0.022993147697702776
0.09969772611172843,0.0907935387507801,0.008904187360948335
-0.9376571941936074,-0.9232862669345414,0.014370927259065969
-0.9412209954590565,-0.9225393284889614,0.0186816669700951
0.8998660942867818,0.8893506632503615,0.010515431036420275
-0.9230264778097402,-0.9078804345553418,0.01514604325439839
-0.8502180987348348,-0.8373016252796687,0.012916473455166111
-0.6995440197341243,-0.6995962922195279,5.227248540362606e-05
0.9330057680737488,0.9172543863886061,0.015751381685142674
-0.6644470777290897,-0.6445392852793259,0.019907792449763817
-0.8661272828115736,-0.8580400856976093,0.008087197113964328
-0.49673263153718483,-0.49195878460746106,0.0047738469297237685
0.9307043771628207,0.9098240800358709,0.02088029712694983
-0.7353981551640262,-0.7313609320111234,0.00403722315290278
-0.7581211985203593,-0.7404090383966001,0.017712160123759202
0.33456487224059284,0.3190544892223752,0.01551038301821761
-0.862720510440018,-0.841905184001489,0.020815326438529014
-0.5117907259760532,-0.5008753332855187,0.010915392690534542
-0.7636175953887745,-0.7428041840779159,0.020813411310858565
-0.896971803202626,-0.8881918667091071,0.008779936493518936
0.9428783708616687,0.9228384400275053,0.020039930834163444
0.14647206390236073,0.14266463444340272,0.0038074294589580115
0.5632753196781053,0.5615069005592718,0.0017684191188335197
0.20182502034644142,0.18789801072210216,0.013927009624339265
0.5422340548126807,0.5288214013705438,0.013412653442136935
-0.08651431100569856,-0.0801292775815,0.0063850334241985635
0.3254924560620512,0.32530918825721744,0.00018326780483374217
-0.29519335196487434,-0.28658520216741484,0.008608149797459497
-0.759190006785023,-0.7481816435356203,0.011008363249402686
0.028852013741568917,0.04054721061074697,0.01169519686917805
0.948669012382611,0.9337404948815886,0.01492851750102242
0.8428001711229716,0.8197131406644441,0.023087030458527447
0.7458375993136593,0.7355823437693696,0.010255255544289743
-0.370746041361978,-0.3526001821966129,0.018145859165365097
-0.700789727674069,-0.7000927258386523,0.0006970018354166552
0.8974254522865581,0.8789537282058125,0.0184717240807456
0.5207444589244568,0.5195569333119111,0.001187525612545648
-0.7912912906719908,-0.7760116130393525,0.015279677632638267
0.2141731815688234,0.21452888127982161,0.0003556997109982196
0.9384589027943258,0.9272376443371105,0.011221258457215222
0.4330876119414045,0.42929601810769,0.0037915938337144683
-0.6790199213935842,-0.6660279699805289,0.012991951413055314
0.6937717665202476,0.6809044831178461,0.012867283402401508
-0.8763739376019737,-0.863058258438449,0.013315679163524718
0.8781473718417387,0.8696068831255186,0.008540488716220151
-0.7885745466510848,-0.7797506186407472,0.0088239280103376
0.9056939777735461,0.891471273897575,0.014222703875971132
-0.9426206481305494,-0.9230141950229499,0.019606453107599453
0.42174236083931665,0.4276202394546994,0.005877878615382748
0.8009971088778759,0.7857275906051985,0.015269518272677418
0.9296206889643924,0.9118897319236788,0.01773095704071359
0.9122235867906816,0.9006703301981642,0.01155325659251738
0.7103107162463148,0.6903123537743172,0.0199983624719976
0.6304040162856194,0.6171226776985165,0.013281338587102898
0.7041886263287714,0.6888700718916322,0.015318554437139253
-0.18178529958019768,-0.16493708102309584,0.016848218557101835
-0.29801493505327104,-0.3140675243521793,0.016052589298908237
-0.5190186735185442,-0.5104975957396222,0.008521077778922082
-0.8303574287550719,-0.8288803843706803,0.001477044384391557
-0.25160989593178423,-0.2464108416043087,0.005199054327475527
0.6664630171739877,0.6593933586975503,0.007069658476437368
-0.4035871132172481,-0.4091771267337955,0.005590013516547421
0.271867156918221,0.2644670400231046,0.007400116895116382
-0.26674521055578426,-0.259533656017546,0.007211554538238241
0.6395976340928593,0.6130582922394091,0.026539341853450193
-0.7476220259763634,-0.7311840365647037,0.016437989411659748
-0.9268042895142212,-0.9075858774207735,0.019218412093447768
-0.9538674770961554,-0.9491549953689328,0.004712481727222606
-0.909201489405072,-0.8941466508218445,0.015054838583227426
-0.774758732484553,-0.7618360452570504,0.01292268722750256
0.9262485180924184,0.9087698478314958,0.017478670260922535
-0.43141318113489213,-0.42482607315485804,0.00658710798003409
-0.4253756405941483,-0.41169960480147644,0.013676035792671848
-0.3259591721611001,-0.31580699577373966,0.010152176387360434
0.23448673389216948,0.23066172566429224,0.0038250082278772357
-0.44035843561327453,-0.42567458307228,0.014683852540994524
0.7810345569687928,0.7739939367064569,0.007040620262335873
-0.2639287195839358,-0.27030415238927513,0.0063754328053393094
0.7608129431625359,0.7575122854798729,0.0033006576826629663
-0.8078792530750972,-0.7943964692983648,0.013482783776732399
-0.7819472899881237,-0.7599632379134046,0.021984052074719096
-0.7017742383520097,-0.6906646146729843,0.011109623679025349
-0.7186936924086118,-0.713341292757963,0.00535239965064882
-0.04702849714127318,-0.04615583728003501,0.0008726598612381758
0.9250804695954744,0.9060666710460485,0.019013798549425864
0.4904739967275025,0.4722414920131841,0.01823250471431842
-0.1201827962986215,-0.1299912697156987,0.00980847341707719
-0.9343275247242597,-0.9232484335994225,0.011079091124837182
0.9350043315191929,0.9157804367349469,0.01922389478424602
0.8865898032970144,0.8681178649274011,0.01847193836961336
0.5925848739618378,0.5742366908079253,0.018348183153912512
0.09643831673452678,0.10264285507178275,0.006204538337255969
-0.35396162516985774,-0.3545051641774853,0.000543539007627547
0.29358635654366794,0.2937956341435964,0.00020927759992844797
0.957236809827726,0.9388365364364472,0.01840027339127881
-0.22648137471148183,-0.21940407407935528,0.007077300632126554
-0.7410626503179534,-0.7279619617106484,0.013100688607304956
0.7729156894941444,0.7701346301148934,0.002781059379250994
0.5908278971838092,0.5880222220291335,0.0028056751546757797
0.9290227930304196,0.9085786735436018,0.02044411948681779
0.8382043600884956,0.8261360862921326,0.012068273796362994
-0.9404409877530409,-0.9245940814916892,0.015846906261351656
-0.43518521185422254,-0.43467153277096776,0.0005136790832547811
-0.7226667534477274,-0.7053850468694194,0.017281706578307965
0.8235160813856569,0.8067492585391639,0.016766822846493
-0.748378219758292,-0.7425541754812263,0.005824044277065732
-0.7744412430619927,-0.7618125088733705,0.012628734188622204
-0.4027057248724548,-0.40141763487203247,0.0012880900004223483
-0.9311820249513838,-0.9116051965284365,0.01957682842294728
-0.46077500528640636,-0.44956121491963263,0.011213790366773724
-0.9034301794991468,-0.8862138943428738,0.017216285156273048
-0.8717391371179558,-0.8659878268683995,0.0057513102495563295
0.5821307144882213,0.5817398153899394,0.00039089909828193825
-0.942879094108925,-0.9265419848467222,0.016337109262202776
0.45769746681330725,0.4593360262054549,0.0016385593921476316
-0.8645066750666041,-0.8542693918113232,0.010237283255280838
0.5965116027225371,0.5885265853171937,0.007985017405343409
-0.8541173517021593,-0.8380789457730347,0.016038405929124644
0.49756488305016183,0.4866571729080451,0.010907710142116722
0.6669834462290993,0.6635363404723073,0.0034471057567920793
0.4457309868250728,0.436169498776345,0.009561488048727806
-0.35617024695611504,-0.3472643592287613,0.008905887727353734
0.8483987648245133,0.8319348762834731,0.016463888541040195
-0.35141995132208004,-0.3350736619087951,0.01634628941328492
0.8384426237923784,0.8217379568894582,0.016704666902920273
0.36389406104646344,0.36174603546190875,0.0021480255845546803
-0.2372413419140597,-0.24413293723595803,0.006891595321898314
0.7865876513829202,0.7733459743608234,0.013241677022096776
0.7983548232442488,0.779038578056663,0.01931624518758579
0.8967025715833942,0.8815456429208122,0.015156928662582003
0.377223444593661,0.38790256348364277,0.010679118889981798
0.8160558385095839,0.8042986259872658,0.011757212522318095
-0.9580225741890578,-0.9398532964271993,0.018169277761858504
0.38512786479567956,0.3636849118582527,0.021442952937426873
-0.9112133073253724,-0.902875990935554,0.008337316389818383
0.6379881835749982,0.6371941537704647,0.0007940298045334693
-0.49080203293238717,-0.4822326892954968,0.00856934363689038
-0.011566890252288213,-0.0191785179880905,0.007611627735802288
0.6595820083045736,0.6441477741371398,0.015434234167433836
-0.7902464173168705,-0.7764367727041981,0.013809644612672423
0.13089204413695088,0.12905127683291714,0.0018407673040337358
-0.8528264218368851,-0.8383876960062816,0.01443872583060346
-0.261655948922362,-0.27005944123506476,0.008403492312702765
-0.9208000472771943,-0.8999003710074638,0.02089967626973055
0.3789444287613071,0.372962107099135,0.005982321662172052
-0.9486187166500201,-0.933696181689722,0.01492253496029805
0.028771521208758536,0.026557222986557702,0.002214298222200834
-0.622069897096566,-0.607570257292749,0.014499639803816966
-0.8629420718972831,-0.8490875027685914,0.013854569128691763
0.932544716903152,0.914543889655964,0.01800082724718799
-0.49584182788203834,-0.4959207940205136,7.896613847524492e-05
-0.5096157041326671,-0.5057869714583195,0.003828732674347579
0.8414784522712503,0.819982760133491,0.02149569213775926
0.7409123653476113,0.7375420135207329,0.0033703518268783927
0.8972170992215304,0.8826247920388408,0.014592307182689557
0.7332833926717666,0.7203665068560894,0.012916885815677182
0.5842509129257011,0.5626943105809208,0.021556602344780296
-0.8383012968311814,-0.8294717475408026,0.008829549290378824
-0.22811751723844395,-0.22687198390694224,0.001245533331501708
-0.7555217808361908,-0.7455709085121712,0.009950872324019588
0.12885466277700447,0.11888438349999181,0.009970279277012661
-0.6276218751511512,-0.624756536050939,0.0028653391002122497
0.700846583111323,0.6833760836048804,0.017470499506442527
0.5371966189925024,0.5271715856872966,0.010025033305205766
-0.43155381456999103,-0.42291319836638047,0.008640616203610563
0.7637757120462778,0.7485740352108701,0.01520167683540774
-0.9549028685370925,-0.9388204655544342,0.016082402982658284
0.9352631938741195,0.9169995225915414,0.01826367128257811
-0.4769088665862956,-0.4625727589179718,0.014336107668323828
0.9058355534977368,0.8873292854920566,0.018506268005680226
-0.6702013037605506,-0.6690031626213048,0.0011981411392458785
0.9674845810839141,0.9540870597431581,0.013397521340756002
-0.01720838813934208,-0.006157281290677372,0.01105110684866471
-0.5489675893208402,-0.5435362594892902,0.005431329831550036
-0.6157010780271837,-0.6029579470860876,0.012743130941096026
0.14013433480325463,0.12912414148634288,0.011010193316911748
0.4557349555357363,0.45706815888668023,0.0013332033509439456
-0.9434569988582946,-0.9265499770627524,0.016907021795542154
0.9261116517350184,0.9147052772151706,0.011406374519847828
-0.9367728221470688,-0.9254494136163991,0.01132340853066971
-0.028334358559878935,-0.021595815836510626,0.00673854272336831
0.336171351039522,0.33267180568457083,0.0034995453549511724
0.9362231563609609,0.9173863150319675,0.018836841328993326
0.9386135069337069,0.9300536018991814,0.008559905034525528
-0.44437300967170706,-0.45199965278134424,0.007626643109637177
0.2410484500513692,0.22403581428243954,0.017012635768929668
0.6420664423532417,0.6431815622655259,0.0011151199122841904
0.8546940525063137,0.8369831450579719,0.017710907448341806
-0.08253066886192299,-0.07526486506907061,0.007265803792852382
0.40041079836531,0.38284319093916735,0.017567607426142662
-0.5352177677940605,-0.5393623772108038,0.004144609416743328
-0.5608046799517669,-0.5623637169988442,0.0015590370470773829
0.9376139309848699,0.9253060534579155,0.012307877526954392
0.8254823461754873,0.8084565733943987,0.017025772781088633
-0.9464024156209824,-0.9339202635775664,0.012482152043415962
-0.8047458985208261,-0.7993935120078379,0.005352386512988194
0.8613626726470018,0.8501319028192942,0.011230769827707654
-0.17615062830726508,-0.16202303722072195,0.014127591086543129
-0.12307088465818355,-0.13169072641236276,0.008619841754179208
0.3310880954186797,0.3174899310116864,0.013598164406993296
-0.7997198516144076,-0.7840030003317958,0.0157168512826118
0.13545041820882026,0.12274836541772048,0.012702052791099774
-0.13994454017582986,-0.14606896489578658,0.0061244247199567226
-0.1504054761677893,-0.13642439639570805,0.01398107977208124
-0.8851276004238876,-0.8693139596119541,0.015813640811933483
0.0027605198096151704,0.003983793355511083,0.0012232735458959122
0.9318690310806439,0.9216248871794269,0.010244143901216973
0.4515477810571479,0.443522707768036,0.008025073289111895
0.8175921255756335,0.805207631682769,0.012384493892864556
-0.9364213938390497,-0.9183567401198401,0.01806465371920951
0.7979263464613366,0.7869451140247209,0.010981232436615751
0.0588002784631423,0.0568788345114619,0.001921443951680403
0.7855743579632226,0.7704053885815002,0.015168969381722408
0.009090623008776697,0.011844972399646336,0.0027543493908696384
0.728865703905012,0.724893480429808,0.003972223475204095
-0.22750523501566006,-0.23414812267823773,0.006642887662577673
0.9339074208786312,0.9208124686616299,0.013094952217001299
0.9491150340989349,0.9389460243074192,0.010169009791515693
-0.7405550611716465,-0.720365174445488,0.020189886726158512
-0.607947775846367,-0.6038874364410655,0.004060339405301483
0.29199531634441217,0.2758165629531015,0.016178753391310696
0.9399585853102962,0.9193648229426525,0.020593762367643653
-0.5190392731679048,-0.5098500053058962,0.009189267862008577
0.09801434956706137,0.09374678009326902,0.004267569473792351
0.11841505305433664,0.1126091364455833,0.005805916608753334
-0.39450677231227976,-0.38591556192791876,0.008591210384361003
0.629657676294481,0.6266522524925479,0.003005423801933138
0.9474847523473301,0.9348662952314388,0.012618457115891268
0.11971900365463752,0.1336844392383919,0.01396543558375439
0.16166502395264085,0.1510625774739201,0.010602446478720745
-0.09478207138558375,-0.08849381937764925,0.006288252007934508
0.25551058731842863,0.24381152193473626,0.011699065383692364
0.2706176850840136,0.2696053194270612,0.001012365656952452
0.15724830552174104,0.16168506519349274,0.004436759671751694
-0.9160897911278265,-0.9016485448596145,0.014441246268211971
0.7127955696128861,0.6971880776168772,0.01560749199600897
-0.8533895009557474,-0.837837048065869,0.015552452889878388
-0.851267070580156,-0.8302793891985308,0.02098768138162521
-0.5887385681355746,-0.5900568697886552,0.0013183016530806668
-0.7669841764320419,-0.7468567513868122,0.020127425045229685
-0.7999329260822509,-0.7896341417563486,0.010298784325902255
0.9444192707777814,0.9343589950155375,0.010060275762243887
-0.5735740428199648,-0.5725469978191444,0.0010270450008204035
0.7017333994627348,0.6892742649098351,0.012459134552899709
-0.9436215778841599,-0.9291444927839251,0.014477085100234821
0.23778865458878046,0.2382232050067302,0.00043455041794973615
0.6839560755619409,0.688180267241358,0.004224191679417011
-0.6002268983528133,-0.5971321899487145,0.003094708404098756
0.27117216374543707,0.25707250287903843,0.014099660866398633
-0.3715419544155204,-0.3705336241383488,0.0010083302771716207
-0.6490000960203884,-0.6436641754666332,0.005335920553755202
0.2275453831850342,0.23607651099144003,0.00853112780640583
0.858161940989372,0.8520682075742655,0.00609373341510655
-0.6130469183917014,-0.595436591523721,0.017610326867980475
-0.9576884646546692,-0.9404410659421779,0.017247398712491258
-0.9690446835681127,-0.952249951197901,0.016794732370211674
0.606514552305497,0.598700736529166,0.007813815776331001
-0.8696412517626889,-0.8543552424142138,0.015286009348475127
-0.9544188015954543,-0.9387462150549053,0.01567258654054904
-0.864347107256331,-0.8493675083899568,0.014979598866374233
-0.6109464360624491,-0.5886744488533987,0.022271987209050437
0.9308640976553672,0.9128337761459486,0.018030321509418523
-0.7348801114775985,-0.7226927445302477,0.012187366947350786
-0.9176448737759917,-0.9034789424442724,0.014165931331719284
0.164906260234175,0.15108081549435368,0.013825444739821335
0.8783741168959283,0.8636293487237664,0.01474476817216186
0.6149445917820225,0.6174711035712321,0.0025265117892095956
-0.08978389086205243,-0.08710994315104098,0.002673947711011454
0.8408298161730281,0.8315261493497277,0.009303666823300416
-0.8095179009128703,-0.8031626234633971,0.0063552774494732844
-0.7056272972166042,-0.6985579665215196,0.007069330695084641
-0.4410722367811994,-0.42657277741638155,0.014499459364817835
-0.6883624590751333,-0.6752940769658988,0.013068382109234444
0.4334871995912294,0.4372122426432016,0.0037250430519721878
0.48191033048827475,0.4696807665527234,0.012229563935551357
0.9075602877562152,0.8920360186585428,0.01552426909767246
0.39945752765033554,0.402569192185198,0.003111664534862446
-0.8590538194237818,-0.8386403460084073,0.020413473415374472
0.38431762833585276,0.37520116154129324,0.009116466794559519
0.5019180560531313,0.5041996432589257,0.002281587205794411
0.8780298745685977,0.8604236884016322,0.01760618616696552
0.9155083411511252,0.8981460360027024,0.017362305148422852
-0.382587117574577,-0.36505453405317245,0.01753258352140452
0.8311859832401759,0.8126185264379038,0.01856745680227212
0.6723503987583933,0.6557809697505029,0.01656942900789038
0.684392669706329,0.6719122817540083,0.012480387952320648
0.01945519061928636,0.010596790563189079,0.00885840005609728
0.20904158278250531,0.2221716783238922,0.013130095541386888
0.3267017721597257,0.32865707904682184,0.0019553068870961643
-0.21200449262356383,-0.2176022729975742,0.005597780374010375
-0.9041197065762068,-0.8871412953127918,0.016978411263414928
-0.8954254229250963,-0.8797310910649349,0.015694331860161448
-0.8623507157976039,-0.8402569475801329,0.022093768217471
-0.5696765965869337,-0.5475396154293346,0.0221369811575991
-0.29482645180175865,-0.29361477570708117,0.001211676094677483
0.4145466736112001,0.4044854303361751,0.010061243275025
0.9169251522418512,0.8981298587032801,0.018795293538571123
-0.12027472737042283,-0.13032844993277554,0.010053722562352707
0.10939499483535273,0.09658515076753889,0.012809844067813839
-0.5789911570678806,-0.5718149296699595,0.00717622739792112
0.44273936821029486,0.4335234964600046,0.009215871750290261
0.8326525563134923,0.8262239120893891,0.006428644224103275
0.020477285920323985,0.02142548075404759,0.0009481948337236035
0.38543960286766565,0.37147698414704167,0.013962618720623987
0.9488605729649665,0.9373838215212346,0.011476751443731947
0.9317565642986188,0.9159252746120068,0.01583128968661196
0.7374786893552133,0.7206535708416839,0.016825118513529413
0.14108635183179008,0.1312072121359685,0.009879139695821576
0.8260395978655856,0.8200517248395356,0.005987873026049972
0.9728021815073072,0.9590357211318778,0.01376646037542939
-0.8699850231822488,-0.853188510721141,0.016796512461107804
0.892785569642878,0.8806667967365032,0.012118772906374864
0.8564559815095644,0.8445376774715218,0.011918304038042615
-0.6505155183402055,-0.6354534223559044,0.015062095984301083
0.01993539692727827,0.028764470483483785,0.008829073556205515
-0.448134851550429,-0.43574714219923183,0.012387709351197151
0.827317619618894,0.811883032500024,0.015434587118870025
-0.8236052765787396,-0.8063186371623872,0.017286639416352445
-0.03933817931646379,-0.038849959037525486,0.00048822027893830056
0.4510908634744014,0.44285382895644415,0.008237034517957265
0.21695827480060864,0.2142979272919059,0.002660347508702754
0.015841476934211226,0.015539601262259556,0.0003018756719516697
0.9170601160441163,0.8949386981104843,0.02212141793363198
0.6990743925286369,0.6781039792615898,0.020970413267047072
-0.9280906259480433,-0.914800065698665,0.013290560249378247
0.298948780353496,0.3040425222868299,0.005093741933333895
-0.9392117111767887,-0.9188486527032667,0.020363058473522044
-0.18190642077030156,-0.1914040484276317,0.009497627657330143
-0.40137117907363945,-0.39118547650829305,0.0101857025653464
-0.10905831419063933,-0.12285287814600289,0.013794563955363562
-0.786766679249845,-0.7794110235445298,0.007355655705315156
0.8982586580303292,0.8804776416488057,0.017781016381523518
0.8211457420632234,0.8153194873023253,0.005826254760898153
-0.9286593279185664,-0.9090381985514642,0.019621129367102252
-0.7902390274501359,-0.7839911405370045,0.006247886913131384
0.48625827502596264,0.48446604536890103,0.0017922296570616059
-0.9202528638288108,-0.8974531546858932,0.022799709142917624
-0.9281262195612657,-0.9137716392548119,0.014354580306453868
-0.3790171562237606,-0.3611965883116745,0.017820567912086083
0.8301131936832408,0.8120432366478589,0.018069957035381834
-0.8394460653013922,-0.8247335402549233,0.014712525046468916
-0.7505241501140764,-0.7471014769011705,0.0034226732129059023
0.9321743455994689,0.9229822609659248,0.00919208463354404
-0.6571174792237161,-0.6554149805454528,0.0017024986782633311
-0.6235044535063594,-0.6228705891944837,0.0006338643118757314
-0.360394227155471,-0.3692063215378854,0.008812094382414426
0.7872886674053069,0.7688719435984791,0.018416723806827795
0.2039933464216692,0.21897311754815352,0.014979771126484326
0.19324852928279312,0.1965158568501372,0.003267327567344075
0.5472237301710222,0.5555494475822605,0.008325717411238331
-0.5207263762616445,-0.5090887749559535,0.011637601305691025
-0.5161621558841597,-0.49838536282399687,0.017776793060162832
0.7092788017282169,0.7110597529418102,0.0017809512135933403
0.4839949015857387,0.4938128182980487,0.009817916712309971
-0.6409598531512918,-0.6272603850788554,0.013699468072436383
0.44272688905137814,0.43305281312565164,0.0096740759257265
0.8356992996160681,0.8292789790276901,0.006420320588378048
0.9159296626131812,0.8965876661230268,0.019341996490154445
-0.7325142905613489,-0.7123252683139044,0.020189022247444455
-0.8589569065423107,-0.8452405076033903,0.013716398938920404
-0.047876579549621566,-0.04104666103189463,0.006829918517726935
0.9208669118818522,0.9039379830226042,0.016928928859248016
-0.8597493310838783,-0.8363277947636417,0.02342153632023658
0.8733076204352566,0.8569759918621013,0.016331628573155288
0.16667294720150058,0.17410214883426223,0.007429201632761645
0.791433524390457,0.7791155361157387,0.012317988274718306
0.6523518695148676,0.6374774019912848,0.01487446752358279
-0.9190070077516744,-0.8986419434751068,0.02036506427656759
0.9523691661368363,0.940195118509784,0.01217404762705232
0.9081722052464646,0.8911007108302036,0.01707149441626099
-0.30997242893514754,-0.2973555022527112,0.012616926682436358
0.4393695102478377,0.4351490740758267,0.004220436172011011
-0.3908521124891371,-0.37867365067804076,0.01217846181109633
0.5999429290386163,0.584097473849246,0.015845455189370306
-0.4147817802627898,-0.4250534902368997,0.010271709974109922
0.8680552554798608,0.847053746942105,0.021001508537755842
0.9461432210050719,0.9323075527469081,0.013835668258163736
0.09321113297626694,0.09467478307032262,0.0014636500940556768
-0.7053907330330241,-0.6856015281401333,0.01978920489289082
0.07627285419008466,0.08094854502412287,0.00467569083403821
-0.03784752153118548,-0.052007558051854814,0.014160036520669335
0.3750283024014204,0.359620735756643,0.015407566644777382
-0.15598160346095655,-0.1357559082871074,0.020225695173849145
-0.8318824715783917,-0.8102124341344078,0.02167003744398388
0.9533672003982557,0.9355638375181617,0.017803362880093987
-0.9273267539636244,-0.9177257688431559,0.009600985120468475
-0.9006051438892455,-0.8867002603699375,0.013904883519307965
-0.22642388749352269,-0.2234136551234438,0.0030102323700788858
-0.6347234778566608,-0.6316354295594114,0.0030880482972494017
-0.31127705216134777,-0.30398839028301605,0.007288661878331715
0.5450632373010966,0.5295196090268807,0.01554362827421596
-0.7221589438811005,-0.7018266429115357,0.02033230096956473
-0.8773495898055503,-0.8545328414026931,0.02281674840285719
-0.7933476040581077,-0.7746552270635344,0.018692376994573268
0.10258937694355774,0.1058819008920171,0.0032925239484593583
-0.5145773956719285,-0.49718122572054607,0.017396169951382434
-0.6237001475685293,-0.6320907529882221,0.008390605419692831
-0.05573851086433842,-0.05438511423185311,0.001353396632485307
0.8552178642348234,0.8462864454851867,0.008931418749636655
0.6592419612308336,0.6428300771840192,0.016411884046814373
0.5514516905860037,0.5330069717211569,0.018444718864846887
-0.30467174108264444,-0.2963536902108328,0.008318050871811644
-0.5925103441280308,-0.5861460436320037,0.006364300496027098
-0.5377712336823994,-0.5223374541923369,0.015433779490062527
0.2585135171852588,0.24180267744199377,0.01671083974326501
0.9693418493369026,0.9516632351376417,0.017678614199260867
0.7687536906697592,0.7490923706707219,0.019661319999037308
-0.5322546486124414,-0.5209887873023719,0.01126586131006957
-0.26617806743605105,-0.2646368819201883,0.0015411855158627419
0.8989543997759333,0.8799347232545195,0.019019676521413786
0.36340255534482974,0.3493295477373358,0.014073007607493915
0.639426847047661,0.6381044165453361,0.001322430502324834
0.3453314272892357,0.35164681562296285,0.006315388333727134
0.29222806298539533,0.2753323122560521,0.01689575072934324
0.6674660254799942,0.6521375496295528,0.015328475850441392
0.41761010761532963,0.40868024713300055,0.008929860482329077
-0.8384638186233772,-0.8245422632580238,0.013921555365353333
0.1208758741174935,0.1048269548125613,0.0160489193049322
0.2724276423181916,0.2630586009083409,0.009369041409850731
0.8964321436371725,0.8842549471067884,0.012177196530384071
0.8048202884680292,0.7965826645287148,0.008237623939314376
-0.8037524964835989,-0.7823740288496595,0.02137846763393947
0.35346054250993075,0.3646686950029568,0.011208152493026036
-0.0480812735839559,-0.032082441254596,0.015998832329359898
0.057582586299185085,0.06293646385887845,0.005353877559693368
0.6286144238863526,0.6176677020722156,0.010946721814137028
-0.8614138682289577,-0.8472218794634396,0.014191988765518082
-0.501528069792361,-0.48268147074575757,0.018846599046603407
-0.6268925005613896,-0.6155430659962533,0.011349434565136263
0.03370954715505715,0.043060760516831456,0.009351213361774309
-0.7384762785257817,-0.7274012209641673,0.011075057561614421
-0.94955371229363,-0.9325828298429162,0.016970882450713765
0.7594957610551147,0.7427878797661108,0.016707881289003912
0.01712648886449456,0.023296135525695125,0.006169646661200564
0.5215604707732111,0.5144080178216296,0.007152452951581512
0.09888824556017213,0.10012053481355979,0.0012322892533876556
0.3985149138651512,0.3807582708028453,0.0177566430623059
0.8755323043871724,0.8626268765716772,0.012905427815495196
0.05809524461495555,0.04475373832915858,0.013341506285796972
-0.7148310063597809,-0.7024297502680915,0.012401256091689405
0.44979968577499313,0.4584118553040144,0.008612169529021274
0.8030083543185351,0.7911105461677044,0.011897808150830746
0.92157933038942,0.912746042210508,0.008833288178911936
0.2713237029295473,0.2565040270089834,0.01481967592056388
0.26836969473101546,0.26133441958746817,0.007035275143547293
0.9324266805862081,0.9203461651289578,0.012080515457250307
0.023513892875228034,0.018885015440569287,0.0046288774346587465
0.9053122712534787,0.8903226856295217,0.014989585623957025
0.8988678960051867,0.8884614853409095,0.010406410664277166
-0.7088353957341776,-0.6974988658334392,0.011336529900738412
-0.2935970212506249,-0.29818924179390927,0.004592220543284342
-0.6835343247108201,-0.6754066557814734,0.008127668929346687
0.9431240297487443,0.9245557658670313,0.018568263881713065
-0.25137539954878724,-0.2552290621705506,0.003853662621763343
-0.054562184455365655,-0.045794201916443726,0.008767982538921928
0.6398737112240369,0.63567639349478,0.004197317729256911
0.7971158835176441,0.7823462272330941,0.014769656284549959
0.37008594902007375,0.3627060916106136,0.007379857409460122
