True_u,Predicted_u,Absolute_Error_u
0.1705598,0.13516438,0.035395414
0.16745985,0.12434522,0.043114625
0.11529918,0.08819531,0.027103871
0.21956964,0.18764149,0.03192815
0.3970888,0.35362026,0.043468535
0.3818825,0.345738,0.036144495
0.11169033,0.09343253,0.018257797
-0.104061656,-0.11714429,0.013082631
0.10697494,0.08574401,0.021230929
0.53089875,0.5041535,0.02674526
0.6644034,0.6385574,0.025846004
0.290938,0.2719602,0.018977791
-0.21586645,-0.22452243,0.00865598
-0.19519317,-0.20271868,0.0075255036
0.2675611,0.24874088,0.018820226
0.79322225,0.75827503,0.034947217
0.61293733,0.58135194,0.031585395
-0.06523092,-0.07608167,0.01085075
-0.44203007,-0.43933594,0.00269413
-0.028422697,-0.038024064,0.009601368
0.16605024,0.12835029,0.037699953
0.2534233,0.21223362,0.041189685
0.2338148,0.19788687,0.035927936
0.07520625,0.05858141,0.016624838
0.017369227,0.004798132,0.0125710955
0.22386041,0.19551629,0.028344125
0.51336515,0.47506353,0.038301617
0.4591497,0.42963672,0.029512972
0.13717902,0.11840856,0.018770456
-0.19940563,-0.21157777,0.012172148
0.0032538571,-0.010807766,0.014061622
0.5274634,0.50505817,0.022405207
0.73973864,0.71126366,0.028474987
0.39527476,0.37247628,0.022798479
-0.21341701,-0.22078517,0.0073681623
-0.314681,-0.31821093,0.003529936
0.27105275,0.2504139,0.020638853
0.7838189,0.746547,0.037271917
0.7283967,0.69240844,0.03598827
-0.62321544,-0.61250085,0.010714591
0.14912796,0.10689308,0.042234883
0.1324613,0.10383452,0.028626777
0.24851985,0.21421899,0.034300864
0.4062069,0.36259463,0.04361227
0.30599788,0.27531707,0.030680805
0.017715136,0.0038168875,0.013898248
-0.07163131,-0.08627992,0.014648609
0.17485878,0.15189095,0.02296783
0.5833734,0.5554665,0.027906954
0.58224404,0.5574856,0.024758458
0.10929746,0.09348354,0.015813924
-0.26187906,-0.26940116,0.007522106
-0.12005593,-0.1291492,0.00909327
0.47718644,0.45291397,0.024272472
0.82302576,0.7870583,0.03596747
0.40483195,0.37938508,0.025446862
-0.16905427,-0.17659113,0.0075368583
-0.41265643,-0.410895,0.0017614365
0.19431116,0.17705967,0.017251492
0.18094693,0.14402224,0.03692469
0.2614802,0.21992588,0.04155433
0.21147002,0.17758612,0.0338839
0.04963203,0.034668013,0.014964018
0.0618104,0.045365978,0.016444422
0.32358897,0.28971282,0.03387615
0.5363285,0.49738774,0.038940758
0.40662506,0.37877852,0.027846545
-0.0014462743,-0.01732532,0.015879044
-0.18854958,-0.2008655,0.012315929
0.1705953,0.15358531,0.017009988
0.602488,0.5783454,0.024142563
0.7002725,0.6723228,0.02794969
0.18658212,0.16888079,0.017701328
-0.33192474,-0.33579782,0.00387308
-0.24568085,-0.25107005,0.0053891987
0.38930547,0.3649696,0.024335861
0.868201,0.8280068,0.040194213
0.5280964,0.4986328,0.02946359
-0.59227324,-0.5826517,0.009621561
0.13194218,0.091014706,0.040927477
0.14355895,0.11424011,0.02931884
0.30523476,0.2665973,0.03863746
0.3970576,0.35512653,0.041931063
0.26261693,0.23508875,0.027528182
-0.026295792,-0.038204648,0.011908855
-0.042467404,-0.05823819,0.015770786
0.31707898,0.29036143,0.026717544
0.64597255,0.6165244,0.029448152
0.5237757,0.49971598,0.024059713
0.020690475,0.0065631783,0.014127296
-0.2909503,-0.2975064,0.0065560937
0.06292973,0.049772903,0.013156824
0.6553095,0.62618977,0.02911973
0.8000153,0.7644553,0.035559952
0.29086357,0.2687978,0.022065759
-0.3334573,-0.33568528,0.0022279918
-0.28282112,-0.28527066,0.0024495423
0.31024024,0.28893742,0.02130282
0.2028671,0.16612767,0.03673944
0.2598706,0.21807304,0.04179755
0.1580231,0.12829225,0.029730856
0.021883618,0.008319618,0.013564
0.08966303,0.07097423,0.018688798
0.37668678,0.3403332,0.036353588
0.53740144,0.49901164,0.038389802
0.28021562,0.25641885,0.023796767
-0.11415303,-0.12746492,0.013311893
-0.16141279,-0.17395532,0.012542531
0.26009718,0.24135649,0.018740684
0.7101537,0.6833147,0.026839018
0.5698232,0.54429376,0.025529444
0.081682175,0.06663358,0.015048593
-0.36042118,-0.36322844,0.0028072596
-0.0620311,-0.07259645,0.010565352
0.60534936,0.57418007,0.031169295
0.8422009,0.8025958,0.03960508
0.4118868,0.38619402,0.02569279
-0.5684843,-0.55973005,0.008754253
0.11405514,0.07518615,0.038868994
0.18332234,0.15173706,0.031585276
0.3430803,0.302685,0.04039532
0.3900134,0.34982327,0.04019013
0.16369855,0.14267193,0.021026626
-0.08297142,-0.09250691,0.0095354915
0.050570212,0.031176798,0.019393414
0.3908134,0.36214617,0.028667241
0.6580161,0.6278719,0.030144215
0.37445405,0.35280943,0.021644622
-0.1350896,-0.14600351,0.0109139085
-0.23310511,-0.24041884,0.0073137283
0.16484997,0.14927311,0.015576854
0.72654146,0.6951532,0.031388283
0.68715304,0.6544638,0.032689214
0.059742134,0.044696845,0.015045289
-0.3855789,-0.38600343,0.00042453408
-0.18820599,-0.19375533,0.0055493414
0.5346425,0.5054974,0.029145122
0.2416638,0.20489953,0.036764264
0.24230401,0.2012539,0.041050106
0.11916802,0.09225089,0.02691713
0.006125915,-0.007038332,0.013164246
0.17046183,0.14615203,0.0243098
0.46848172,0.4279991,0.04048261
0.52776724,0.49039128,0.037375957
0.20963418,0.18823008,0.021404102
-0.16223185,-0.1740064,0.011774555
-0.05893326,-0.07331124,0.014377978
0.43797567,0.41544038,0.022535294
0.74266464,0.7143632,0.028301418
0.48738784,0.4633022,0.02408564
-0.112698175,-0.1225685,0.009870328
-0.33882546,-0.3417738,0.0029483438
0.1594534,0.14243162,0.01702179
0.6976288,0.66333616,0.03429264
0.7910496,0.75284815,0.03820145
0.1662311,0.14864385,0.017587245
-0.5096199,-0.5029679,0.0066519976
0.09602656,0.059536017,0.036490545
0.21695471,0.18433921,0.032615498
0.39883405,0.35610962,0.04272443
0.33959508,0.30430803,0.035287052
0.0564522,0.04186473,0.014587469
-0.10702168,-0.11559407,0.008572385
0.10632455,0.08509015,0.0212344
0.525219,0.49277878,0.032440245
0.6210022,0.5911643,0.029837906
0.29001132,0.2698234,0.020187914
-0.2029659,-0.21197441,0.009008512
-0.18044503,-0.18845803,0.008012995
0.37478447,0.35386464,0.02091983
0.8083864,0.7741457,0.034240663
0.60674256,0.5760277,0.03071487
-0.04982241,-0.061382625,0.011560217
-0.41329888,-0.41258287,0.0007160008
0.035680003,0.022703096,0.012976907
0.7281245,0.6920739,0.036050618
0.2961405,0.25889334,0.03724715
0.22737728,0.1880697,0.03930758
0.04130569,0.019299546,0.022006145
0.0155956345,0.0010077085,0.014587926
0.22203797,0.19506836,0.026969612
0.52359664,0.4816206,0.041976035
0.46083683,0.4272869,0.033549935
0.059742253,0.04353502,0.016207233
-0.20545954,-0.21552268,0.010063142
0.0048103095,-0.010488382,0.015298691
0.5280213,0.5029121,0.025109172
0.73616385,0.70678854,0.029375315
0.29374436,0.27389836,0.019845992
-0.2668579,-0.27207604,0.005218148
-0.2955733,-0.29919413,0.0036208332
0.27758458,0.25693896,0.020645618
0.8283217,0.78943795,0.038883746
0.62982666,0.5965473,0.03327936
0.04625576,0.032678045,0.013577715
-0.46830505,-0.46310997,0.0051950812
0.100084916,0.06637786,0.033707052
0.30274332,0.267196,0.035547316
0.43877885,0.39603505,0.042743802
0.30884457,0.27707985,0.031764716
-0.016554134,-0.027207898,0.010653764
-0.101229444,-0.11036707,0.009137623
0.24632686,0.2202222,0.026104659
0.5988342,0.5641369,0.034697294
0.5907055,0.5609212,0.029784322
0.10514686,0.089103505,0.016043358
-0.28922355,-0.2952235,0.0059999526
-0.028006298,-0.039042532,0.011036234
0.48196718,0.45767638,0.0242908
0.82186675,0.7862229,0.035643876
0.40751687,0.38238752,0.025129348
-0.24226691,-0.24731144,0.005044535
-0.3345027,-0.33581814,0.0013154447
0.16054519,0.14335547,0.017189711
0.80616266,0.7669906,0.039172053
0.3831693,0.3449099,0.038259387
0.15565379,0.12065366,0.03500013
-0.029996403,-0.04775091,0.017754506
0.016473334,0.0016633864,0.014809947
0.34828407,0.3153035,0.03298056
0.5850338,0.5420321,0.04300165
0.34989315,0.3221313,0.027761847
-0.030888604,-0.0433589,0.012470296
-0.22014658,-0.22853461,0.008388028
0.17034493,0.15136144,0.018983498
0.6804052,0.65044844,0.029956758
0.7132061,0.68283725,0.030368865
0.18735784,0.17014262,0.017215222
-0.32965308,-0.33208495,0.0024318695
-0.15045983,-0.15757988,0.007120058
0.50811005,0.48000664,0.028103411
0.8665197,0.8256865,0.040833175
0.5300396,0.49978465,0.03025496
-0.17506184,-0.18090603,0.0058441907
-0.36131668,-0.3597336,0.0015830696
0.14346135,0.11170108,0.031760268
0.38534582,0.3483204,0.03702542
0.47517222,0.43351662,0.0416556
0.19679539,0.1728721,0.023923293
-0.13535996,-0.14011104,0.0047510862
-0.098139405,-0.1071934,0.009053998
0.33330804,0.30475247,0.028555572
0.6951746,0.65732527,0.037849307
0.4663431,0.43944204,0.026901066
-0.08493186,-0.095502384,0.010570526
-0.31815642,-0.32187188,0.0037154555
0.0629098,0.049859643,0.013050154
0.6731636,0.6424141,0.0307495
0.7644533,0.729224,0.035229266
0.2964976,0.27469024,0.021807373
-0.32140112,-0.32304233,0.0016412139
-0.26272395,-0.265803,0.0030790567
0.41101345,0.3850891,0.025924355
0.8955056,0.85257274,0.042932868
0.48707005,0.44747016,0.039599895
0.08534998,0.05566114,0.029688839
-0.11337862,-0.12632456,0.012945943
0.095346935,0.07677363,0.018573307
0.49691555,0.45832083,0.038594723
0.6226856,0.5802222,0.04246342
0.27786273,0.25406462,0.023798108
-0.18722656,-0.19329928,0.006072715
-0.16334541,-0.17224492,0.00889951
0.26779574,0.24633679,0.021458954
0.75557005,0.7219009,0.033669174
0.59173,0.5630975,0.028632522
-0.031187493,-0.04186787,0.0106803775
-0.37641606,-0.376062,0.0003540516
-0.057180144,-0.06662873,0.009448588
0.6210079,0.58859855,0.03240937
0.8514571,0.81025946,0.041197658
0.29863468,0.2761639,0.022470772
-0.2667449,-0.26900566,0.0022607446
-0.2829278,-0.28399011,0.0010623038
0.18887909,0.15886933,0.030009761
0.5178907,0.47774184,0.040148854
0.4468738,0.40950933,0.037364483
0.11301384,0.09457379,0.018440053
-0.21672559,-0.21780147,0.0010758787
-0.0027524137,-0.015653191,0.012900777
0.51625746,0.4816167,0.03464076
0.7204735,0.6817339,0.03873962
0.38775477,0.36297527,0.024779499
-0.19045424,-0.19677626,0.0063220114
-0.27952176,-0.28274006,0.0032182932
0.27994716,0.2604759,0.019471258
0.76401705,0.7289081,0.035108924
0.71106625,0.6762691,0.034797132
0.06025552,0.04643779,0.013817731
-0.41159382,-0.40907562,0.0025182068
-0.06608371,-0.07541636,0.009332649
0.5351494,0.5044881,0.030661285
0.902156,0.8582764,0.04387957
0.6140011,0.5725482,0.041452885
-0.06467229,-0.085779354,0.021107063
-0.14454985,-0.15479104,0.010241196
0.15627353,0.13607547,0.020198062
0.6041074,0.56320417,0.04090321
0.5894006,0.55095583,0.038444757
0.09020996,0.07519414,0.015015818
-0.27991152,-0.28144887,0.0015373528
-0.12179443,-0.13069634,0.008901909
0.48028216,0.452035,0.028247148
0.81784844,0.78037107,0.037477374
0.40601817,0.38191247,0.024105698
-0.14526539,-0.15162319,0.006357804
-0.3703074,-0.36877438,0.0015330017
0.16977681,0.15301733,0.016759485
0.8004471,0.7609439,0.039503217
0.8104789,0.7698586,0.040620327
0.17768028,0.15957697,0.018103316
-0.39498478,-0.39215356,0.0028312206
-0.09762607,-0.10536374,0.007737674
0.32802287,0.29679474,0.031228125
0.62394416,0.5825809,0.04136324
0.42445764,0.3910557,0.033401936
-0.07257745,-0.081372105,0.008794658
-0.26584712,-0.2648842,0.00096291304
0.15921427,0.14024602,0.018968254
0.63040614,0.5925091,0.03789705
0.7221338,0.6833701,0.038763702
0.1790805,0.16138047,0.017700031
-0.34276536,-0.34274277,2.259016e-05
-0.23956576,-0.24266955,0.0031037927
0.40162548,0.37757096,0.024054527
0.86914533,0.8286734,0.04047191
0.5321328,0.5023983,0.029734492
-0.16449027,-0.16984186,0.005351588
-0.4199316,-0.41600177,0.0039298236
0.05329546,0.039956115,0.013339344
0.7446566,0.7058331,0.038823545
0.8237533,0.782034,0.041719317
0.74370277,0.7003757,0.043327093
-0.18437278,-0.19748399,0.013111204
-0.16150515,-0.16934882,0.007843673
0.34096888,0.3143546,0.026614279
0.7377815,0.6938906,0.043890953
0.56193656,0.5268423,0.03509426
-0.030387376,-0.039691277,0.009303901
-0.36103904,-0.35842422,0.002614826
0.050869174,0.036872484,0.0139966905
0.688299,0.6523397,0.035959303
0.82828516,0.7885768,0.039708376
0.295337,0.2743093,0.021027684
-0.3286093,-0.32768464,0.00092464685
-0.26162994,-0.26275128,0.0011213422
0.29660296,0.27512902,0.021473944
0.8706271,0.8274557,0.043171406
0.65153354,0.61602443,0.03550911
-0.060044847,-0.06916545,0.009120606
-0.41885844,-0.41468102,0.0041774213
0.013186862,0.0012002971,0.011986565
0.44378993,0.41175267,0.03203726
0.69598186,0.6546926,0.04128927
0.27057406,0.24616937,0.02440469
-0.19907582,-0.20171337,0.0026375502
-0.28536037,-0.28347984,0.0018805265
0.2665054,0.24443184,0.022073552
0.7951641,0.7520379,0.043126225
0.60859686,0.57436335,0.03423351
0.055039953,0.042208515,0.012831438
-0.4102077,-0.40625122,0.003956467
-0.06811038,-0.07630728,0.008196905
0.63456875,0.60120744,0.033361316
0.86593145,0.82367826,0.042253196
0.42400032,0.39750525,0.02649507
-0.26560235,-0.2664719,0.00086954236
-0.34081239,-0.3389132,0.0018991828
0.30768952,0.2848448,0.022844732
0.8281529,0.7855379,0.042614996
0.75063014,0.7110596,0.03957057
-0.5639615,-0.55455065,0.009410858
-0.32945868,-0.33367157,0.004212886
-0.05168096,-0.061910063,0.010229103
0.47020805,0.4404433,0.029764742
0.8111999,0.767184,0.044015884
0.39457372,0.36828482,0.026288897
-0.24934912,-0.24918553,0.00016358495
-0.33437338,-0.33185378,0.0025196075
0.15980974,0.14260696,0.01720278
0.79619884,0.7554769,0.040721953
0.7319777,0.69419765,0.037780046
0.04796442,0.03567206,0.012292359
-0.40434334,-0.39959735,0.00474599
-0.17778918,-0.1814195,0.0036303252
0.5461175,0.51470655,0.031410933
0.9133344,0.86744803,0.045886397
0.43129992,0.4037426,0.027557313
-0.16394028,-0.16883335,0.0048930645
-0.37953416,-0.3766012,0.0029329658
0.24016301,0.2193265,0.020836517
0.65056646,0.6141827,0.036383748
0.73135084,0.6916129,0.03973794
0.16408038,0.14613041,0.017949969
-0.3756017,-0.3705593,0.005042404
-0.17779359,-0.18008327,0.0022896826
0.50916815,0.4786601,0.030508041
0.87527895,0.83019006,0.045088887
0.52858245,0.4976945,0.030887961
-0.18461178,-0.18784727,0.0032354891
-0.41492882,-0.4095753,0.0053535104
0.16652632,0.14974944,0.016776875
0.7484836,0.70944273,0.039040864
0.82964754,0.7871727,0.042474866
0.175544,0.15815634,0.017387658
-0.40249768,-0.3974689,0.0050287843
-0.2619296,-0.26260516,0.00067555904
0.4384452,0.41026962,0.028175592
0.9139103,0.8674227,0.04648763
0.55147386,0.51901984,0.032454014
-0.5155833,-0.50828755,0.0072957277
-0.40407205,-0.40232858,0.0017434657
0.032863315,0.021190546,0.011672769
0.7026688,0.6658118,0.03685701
0.7926367,0.75179005,0.040846646
0.2860009,0.26522413,0.020776778
-0.3645283,-0.35949793,0.005030364
-0.2926626,-0.29103395,0.0016286373
0.41492394,0.38835984,0.026564091
0.91338164,0.8673922,0.045989454
0.65562344,0.61967176,0.035951674
-0.07957216,-0.08693581,0.007363647
-0.44836628,-0.44123015,0.0071361363
0.050702516,0.03824008,0.012462437
0.7602168,0.7195946,0.040622175
0.89056736,0.84467894,0.045888424
0.31038773,0.28730315,0.02308458
-0.3243358,-0.32296446,0.0013713539
-0.23452534,-0.23730972,0.0027843863
0.3584229,0.33262625,0.025796652
0.78413254,0.7452034,0.038929164
0.62670416,0.59301996,0.033684194
-0.08169826,-0.08872351,0.0070252493
-0.45635238,-0.44800386,0.008348525
-0.093684085,-0.0989352,0.005251117
0.64536077,0.61078197,0.0345788
0.88591164,0.8414017,0.044509947
0.29202682,0.2706401,0.021386713
-0.30012769,-0.29846078,0.0016669035
-0.3769899,-0.3724719,0.0045180023
0.3002192,0.2778992,0.022320002
0.89846104,0.85226995,0.046191096
0.6634171,0.62638706,0.03703004
0.050685253,0.037986804,0.012698449
-0.42822415,-0.42198884,0.0062353015
-0.050134353,-0.059221912,0.009087559
0.6658087,0.6283633,0.037445366
0.8791341,0.83361936,0.045514762
0.4368143,0.40837857,0.028435737
-0.468756,-0.46400532,0.004750669
-0.37121114,-0.36832365,0.0028874874
0.28082252,0.2612359,0.019586623
0.82293123,0.78313935,0.039791882
0.7516585,0.713967,0.037691474
0.028412797,0.018180406,0.010232391
-0.4787988,-0.46939194,0.009406865
-0.0952324,-0.1010542,0.0058218017
0.5500993,0.5184267,0.031672597
0.9334989,0.88617444,0.04732448
0.42802045,0.40040398,0.027616471
-0.29205716,-0.2911065,0.0009506643
-0.41809705,-0.41214052,0.0059565306
0.18314905,0.16495693,0.018192127
0.8401012,0.7955845,0.044516683
0.755676,0.7146392,0.041036785
0.06749351,0.053657793,0.013835721
-0.35957414,-0.3572826,0.0022915304
-0.12431078,-0.13194808,0.007637307
0.56937337,0.53524625,0.034127116
0.93358374,0.89053315,0.043050587
0.42014694,0.3952936,0.024853349
-0.20767744,-0.20933235,0.0016549081
-0.45079398,-0.44285882,0.007935166
0.15670277,0.14199679,0.014705986
0.84540474,0.8038913,0.041513443
0.84720844,0.80476177,0.042446673
0.16190468,0.14554669,0.016357988
-0.4428119,-0.4356397,0.007172197
-0.19709769,-0.19982806,0.0027303696
0.55768895,0.52462965,0.0330593
0.9312134,0.88296515,0.04824823
0.5527586,0.51955765,0.03320092
-0.17098874,-0.1753149,0.0043261647
-0.3814987,-0.3776943,0.0038043857
0.19981264,0.18032533,0.019487306
0.75134104,0.7103179,0.041023135
0.8123829,0.7693695,0.043013394
0.20435502,0.18418816,0.020166859
-0.38481635,-0.3845445,0.00027185678
-0.3111655,-0.3093523,0.0018132031
0.4215643,0.3973457,0.024218619
0.93657076,0.893307,0.043263793
0.55232674,0.5226823,0.02964443
-0.21290599,-0.21419948,0.0012934953
-0.48270822,-0.47375953,0.008948684
0.03416364,0.023114922,0.011048717
0.77084446,0.7305055,0.040338933
0.8478552,0.80370444,0.04415077
0.3016303,0.27858478,0.02304551
-0.36009213,-0.3570407,0.00305143
-0.26738033,-0.26816836,0.000788033
0.441341,0.41226256,0.029078454
0.91389185,0.8662219,0.047669947
0.6541294,0.61690426,0.037225127
-0.033731855,-0.044346064,0.010614209
-0.35728458,-0.3563207,0.0009638667
0.10540541,0.0881684,0.017237015
0.73207986,0.6919424,0.04013747
0.9992139,0.9541172,0.045096695
0.2978366,0.27799025,0.01984635
-0.39441922,-0.3891674,0.005251825
-0.31342918,-0.31097922,0.0024499595
0.2985007,0.27832764,0.020173043
0.9139899,0.870211,0.043778896
0.67097855,0.6354221,0.035556436
-0.087918736,-0.0950089,0.007090166
-0.46096808,-0.45379415,0.0071739256
-0.07149818,-0.07982855,0.008330375
0.6703328,0.6324214,0.037911415
0.89229184,0.8453757,0.046916127
0.30917478,0.28517622,0.023998559
-0.24440752,-0.24684007,0.002432555
-0.29936096,-0.30004588,0.000684917
0.32837635,0.30324647,0.025129884
0.8574478,0.812539,0.04490882
0.6374983,0.60113364,0.036364675
0.1044259,0.08695837,0.017467529
-0.3121754,-0.3165643,0.0043888986
-0.10863738,-0.11371722,0.005079843
0.6746279,0.64120346,0.033424437
0.9176836,0.87522465,0.04245895
0.43282872,0.40751785,0.025310874
-0.30653387,-0.30503058,0.0015032887
-0.38109568,-0.37685254,0.0042431355
0.307664,0.28571847,0.021945536
0.85089517,0.8074184,0.04347676
0.76415604,0.7231702,0.040985823
0.052844543,0.038969893,0.01387465
-0.42006344,-0.41581923,0.0042442083
-0.04245541,-0.05317962,0.010724213
0.5574475,0.5233967,0.034050822
0.89517224,0.84841895,0.046753287
0.4325696,0.4036217,0.02894789
-0.19611008,-0.20199314,0.005883053
-0.29091716,-0.2943526,0.003435433
0.22973584,0.20696595,0.022769883
0.7734768,0.73224545,0.041231334
1.071105,1.0230869,0.048018098
0.036040355,0.025735613,0.010304742
-0.4475811,-0.44069815,0.0068829656
-0.20245574,-0.20469086,0.0022351146
0.56398064,0.53364897,0.030331671
0.9448897,0.899943,0.04494673
0.4345101,0.40757692,0.026933193
-0.1855283,-0.18978138,0.0042530894
-0.40478873,-0.40100008,0.00378865
0.19112793,0.17181522,0.01931271
0.8347632,0.7903779,0.044385314
0.82321525,0.7790869,0.04412836
0.19402157,0.17379248,0.020229086
-0.3363829,-0.33694413,0.00056123734
-0.105800554,-0.115470916,0.009670362
0.54960644,0.51581395,0.033792496
0.8569011,0.812556,0.04434508
0.5297531,0.4971699,0.032583177
-0.06284692,-0.0762766,0.013429679
-0.18198106,-0.19326507,0.011284009
0.1365002,0.12231966,0.014180534
0.781937,0.744137,0.037800014
0.8607818,0.8200206,0.040761173
0.17342499,0.15703167,0.016393319
-0.4266558,-0.42175353,0.0049022734
-0.27849376,-0.27920446,0.000710696
0.4434206,0.41580832,0.027612269
0.9273137,0.8809747,0.046338975
0.55299735,0.51990736,0.033089995
-0.15252383,-0.15961236,0.007088527
-0.38255626,-0.3814703,0.0010859668
0.092866436,0.07581494,0.017051496
0.7384011,0.6975057,0.040895402
0.7929508,0.75046533,0.042485476
0.32180396,0.296355,0.025448948
-0.22429845,-0.23132724,0.0070287883
-0.13476625,-0.1459908,0.011224553
0.4419009,0.4113015,0.030599415
0.8069851,0.76558614,0.041398942
1.0942497,1.0446308,0.04961896
-0.08135836,-0.08772326,0.0063649043
-0.46124616,-0.4544781,0.006768048
0.052348938,0.04007747,0.012271468
0.7768018,0.7381913,0.038610518
0.905312,0.8615311,0.043780923
0.31146127,0.28843138,0.023029894
-0.33203575,-0.33217055,0.0001347959
-0.23924088,-0.24316193,0.003921047
0.32654676,0.3013674,0.025179356
0.870346,0.8249093,0.04543668
0.64473224,0.6074532,0.03727901
-0.012414555,-0.026183872,0.0137693165
-0.3171187,-0.32067466,0.0035559535
0.021034714,0.005080218,0.015954496
0.6308689,0.5942359,0.036633015
0.79876524,0.7572542,0.04151106
0.3275777,0.30110967,0.026468039
-0.098937355,-0.11375586,0.014818504
-0.08116175,-0.09831482,0.01715307
0.26609722,0.24652712,0.019570097
0.91808283,0.8745635,0.043519318
0.67650074,0.64172757,0.03477317
0.055676255,0.042678922,0.012997333
-0.42651507,-0.4229357,0.0035793781
-0.046117157,-0.056516774,0.010399617
0.6698147,0.63342315,0.036391556
0.8797292,0.83523697,0.044492245
0.43616432,0.40699297,0.029171348
-0.20985866,-0.21647905,0.006620392
-0.2592956,-0.2647897,0.005494088
0.33616814,0.30938113,0.026787013
0.78538203,0.7432717,0.042110324
0.70212966,0.66332257,0.038807094
0.12282195,0.10297755,0.019844398
-0.24311261,-0.25241056,0.009297952
0.06351948,0.043738067,0.01978141
0.52365345,0.49037367,0.033279777
0.7661979,0.7272216,0.03897631
1.1143731,1.0630243,0.051348805
-0.27780673,-0.27763918,0.00016754866
-0.40381315,-0.40002984,0.0037833154
0.19449063,0.17608999,0.01840064
0.8454458,0.8036899,0.041755915
0.7586036,0.7196055,0.038998067
0.07513761,0.05957636,0.015561249
-0.34691405,-0.3483265,0.0014124513
-0.11422231,-0.12435976,0.010137446
0.55557656,0.5217033,0.03387326
0.8709414,0.8260983,0.044843078
0.43289512,0.40294594,0.029949188
-0.07556254,-0.08894397,0.0133814365
-0.24048847,-0.24935623,0.0088677555
0.24390793,0.21914311,0.024764821
0.7425948,0.70303136,0.039563417
0.72134763,0.683148,0.038199604
0.24065499,0.21555285,0.025102139
-0.14330909,-0.16032149,0.017012402
0.082148276,0.058155265,0.023993012
0.49962097,0.47050592,0.029115051
0.9359403,0.89083856,0.04510176
0.560767,0.5293041,0.031462908
-0.15238678,-0.15909673,0.006709948
-0.35899383,-0.3593431,0.00034928322
0.21086438,0.19014254,0.020721838
0.74887013,0.7092885,0.039581656
0.80579364,0.7639976,0.04179603
0.21129076,0.189193,0.022097766
-0.28445885,-0.2907123,0.006253451
-0.1473987,-0.15897797,0.011579275
0.44556648,0.41455483,0.031011641
0.8237006,0.78127956,0.042421043
0.51879144,0.48606497,0.032726467
-0.02420574,-0.04165874,0.017453
-0.18651587,-0.20087957,0.014363706
0.17614679,0.15126172,0.024885073
0.64112175,0.60545385,0.035667896
0.6666147,0.63142407,0.035190642
1.1044172,1.0524247,0.051992536
-0.33081988,-0.32966688,0.0011529922
-0.23996307,-0.24326417,0.003301099
0.4506965,0.4221252,0.028571308
0.9088851,0.86428267,0.044602454
0.6540499,0.61811817,0.035931706
-0.014576186,-0.028403325,0.013827139
-0.32753068,-0.33178243,0.0042517483
0.12008903,0.100366555,0.019722477
0.7208854,0.6814949,0.039390504
0.81462055,0.77242404,0.042196512
0.33001322,0.3028351,0.027178109
-0.17108092,-0.18396913,0.012888208
-0.08616932,-0.102562085,0.016392767
0.34934956,0.32049015,0.028859407
0.7464851,0.7079594,0.0385257
0.56938267,0.5358931,0.033489585
0.09805055,0.07430796,0.023742586
-0.10374094,-0.12566651,0.021925576
0.174347,0.14616777,0.028179228
0.5997321,0.5659156,0.033816516
0.88741404,0.84324133,0.044172704
0.32159403,0.29773885,0.02385518
-0.21370615,-0.21965142,0.0059452653
-0.26606566,-0.27137375,0.0053080916
0.33880064,0.3125302,0.02627045
0.84592414,0.8029805,0.042943656
0.6325017,0.5964396,0.03606212
0.120745756,0.10032355,0.020422205
-0.25744334,-0.2672707,0.009827375
0.05671492,0.036672644,0.020042274
0.6140326,0.57800025,0.03603238
0.7629677,0.72352815,0.03943956
0.42137146,0.39115405,0.03021741
-0.0493429,-0.06898855,0.019645646
-0.072467074,-0.09321834,0.020751268
0.35200298,0.32193425,0.030068725
0.6518638,0.61729336,0.034570456
0.5820579,0.5496405,0.032417417
-0.13372073,-0.16032526,0.026604533
-0.38109872,-0.37935272,0.0017459989
-0.016357245,-0.028987011,0.012629766
0.5603835,0.52699643,0.033387065
0.88311625,0.8389291,0.04418713
0.43816245,0.40880576,0.029356688
-0.16335754,-0.17407537,0.010717824
-0.25294122,-0.26204434,0.009103119
0.24349749,0.21847524,0.025022253
0.75826406,0.7181655,0.040098548
0.6783651,0.6409689,0.037396193
0.14894956,0.12576462,0.02318494
-0.16008233,-0.17637177,0.016289443
0.024216456,0.0022544574,0.021961998
0.5104005,0.47735584,0.033044636
0.7219027,0.6855308,0.036371946
0.40798363,0.3778305,0.030153126
0.06717971,0.041090578,0.026089132
-0.028758753,-0.05610422,0.027345467
0.3086879,0.27740255,0.031285346
0.76178676,0.7211952,0.040591538
0.8135651,0.7714025,0.042162597
0.2098694,0.18890725,0.020962149
-0.29683727,-0.3016376,0.0048003197
-0.0752802,-0.088754945,0.013474748
0.549564,0.51563805,0.03392595
0.8402447,0.79766893,0.042575777
0.5277661,0.49470815,0.033057958
-0.03379811,-0.051514294,0.017716184
-0.1812514,-0.19622305,0.014971644
0.17171326,0.14673083,0.024982437
0.65776116,0.6212035,0.036557674
0.686662,0.650305,0.036357045
0.25539908,0.22804374,0.027355343
-0.082522474,-0.10505693,0.022534452
0.023208374,-0.0027781392,0.025986513
0.4193081,0.38771233,0.031595767
0.6507023,0.61825573,0.032446563
0.4467077,0.41633675,0.03037095
-0.049923506,-0.08250704,0.03258353
-0.34459722,-0.34566465,0.0010674298
0.11259031,0.094132625,0.018457688
0.72985023,0.6901174,0.039732814
0.7805819,0.7396417,0.040940166
0.33091342,0.30415028,0.026763141
-0.18743132,-0.1995951,0.012163773
-0.10107657,-0.11715379,0.01607722
0.44460145,0.4129622,0.031639248
0.78718126,0.7471731,0.040008187
0.583672,0.5492121,0.03445989
0.089324355,0.06571929,0.023605064
-0.12521769,-0.14577566,0.02055797
0.20055851,0.17276199,0.027796522
0.60974455,0.57561505,0.0341295
0.6586037,0.6250264,0.033577323
0.33290115,0.3031402,0.029760957
0.022119856,-0.0073277354,0.029447591
0.087319486,0.05522708,0.032092407
0.3605854,0.32854658,0.032038808
0.8111678,0.7684157,0.042752087
0.638555,0.60226595,0.036289036
0.009192365,-0.0061129713,0.015305337
-0.2803802,-0.28774706,0.007366866
0.04396959,0.025003446,0.018966144
0.62450105,0.587968,0.036533058
0.7822935,0.74193376,0.040359735
0.33467448,0.3064035,0.02827099
-0.06767215,-0.08689107,0.019218922
-0.093885764,-0.11398148,0.020095713
0.35421172,0.32389328,0.030318439
0.70767075,0.67126334,0.03640741
0.54577595,0.51302075,0.032755196
0.19463353,0.1666776,0.027955934
-0.045253623,-0.07226281,0.027009185
0.16789909,0.13747914,0.030419946
0.5115263,0.47997892,0.031547368
0.58532804,0.5556066,0.029721439
0.37613228,0.34590563,0.030226648
0.023372276,-0.014410149,0.037782423
-0.23419972,-0.24081467,0.0066149533
0.3417692,0.31453988,0.02722931
0.7729911,0.7318674,0.041123748
0.69193983,0.65390176,0.038038075
0.1377763,0.11564589,0.022130407
-0.20966676,-0.22377643,0.014109671
0.08367996,0.060564265,0.023115695
0.52001554,0.4862084,0.03380713
0.7474357,0.709473,0.037962675
0.4147351,0.3839022,0.030832916
-0.0072197528,-0.031537686,0.024317933
-0.05640805,-0.08169005,0.025282
0.28512388,0.25460732,0.030516565
0.61324286,0.5805118,0.032731056
0.5475871,0.51661897,0.03096813
0.21871564,0.18796834,0.030747294
0.04704399,0.0132899275,0.033754062
0.1644382,0.1292962,0.035142004
0.42841998,0.39802048,0.030399501
0.8769931,0.8322011,0.044791996
0.43178535,0.40227637,0.029508978
-0.057834104,-0.072566226,0.014732122
-0.2143791,-0.22618352,0.011804417
0.252332,0.22586626,0.026465744
0.7293189,0.690329,0.0389899
0.7073696,0.66970724,0.037662387
0.24893022,0.22167198,0.027258232
-0.11409021,-0.13533263,0.021242417
0.056799524,0.030882638,0.025916886
0.49448308,0.46146446,0.03301862
0.68018544,0.6458312,0.03435421
0.46030474,0.42909244,0.0312123
0.10039136,0.07073454,0.02965682
0.02177669,-0.009859752,0.03163644
0.24261038,0.20990267,0.032707706
0.51528543,0.4855211,0.029764324
0.5136288,0.4860235,0.027605295
0.28003412,0.2475013,0.032532826
0.100839086,0.05893719,0.041901898
-0.13475654,-0.14672847,0.011971936
0.4437705,0.4126267,0.031143785
0.8082299,0.76673794,0.041491985
0.51333106,0.48055655,0.032774508
-0.0077786525,-0.028021784,0.020243132
-0.16116616,-0.1797252,0.018559039
0.18684702,0.15943956,0.027407452
0.6287961,0.59328276,0.03551334
0.6509416,0.6161525,0.034789085
0.33308488,0.3029091,0.030175775
-0.00785334,-0.03578417,0.02793083
0.06131133,0.031003362,0.03030797
0.40792292,0.37596822,0.031954706
0.6029548,0.5726883,0.030266523
0.46859556,0.43902397,0.029571593
0.19020164,0.1566281,0.033573538
0.09000596,0.051506776,0.03849918
0.26497418,0.22931024,0.035663933
0.44878557,0.4220538,0.02673176
0.872117,0.82825273,0.04386425
0.32878906,0.30190304,0.026886016
-0.15498488,-0.16931409,0.01432921
-0.0706056,-0.08925117,0.01864557
0.34994087,0.3198699,0.03007096
0.7301872,0.69225645,0.037930727
0.5591352,0.5254241,0.033711076
0.10987038,0.083230056,0.026640326
-0.07969142,-0.10559234,0.025900923
0.1499818,0.119952634,0.030029163
0.52806354,0.49531817,0.03274536
0.6134926,0.5819128,0.031579792
0.32803375,0.2970347,0.030999035
0.09542322,0.061814647,0.033608574
0.09501685,0.058895145,0.036121707
0.34271216,0.31000975,0.032702416
0.50969005,0.48337418,0.026315868
0.41361496,0.38629043,0.027324528
0.25327548,0.21769309,0.035582393
0.1667972,0.12098755,0.045809656
0.051399752,0.031526476,0.019873276
0.6037576,0.56796557,0.035792053
0.7464012,0.7077485,0.038652718
0.41619265,0.38557005,0.030622602
-0.03498778,-0.057606656,0.022618875
-0.054785486,-0.07926496,0.024479475
0.35123402,0.3196206,0.03161341
0.6348703,0.6006715,0.03419876
0.56675094,0.5344031,0.032347858
0.20732872,0.17642231,0.030906409
0.0031296874,-0.02978372,0.03291341
0.19003274,0.15611552,0.03391722
0.4376888,0.40639535,0.03129345
0.54547143,0.518104,0.027367413
0.35888687,0.32845166,0.030435205
0.15815909,0.119205646,0.038953446
0.15272868,0.10988989,0.04283879
0.30424488,0.26883826,0.03540662
0.41264415,0.38945553,0.02318862
0.8699999,0.82752556,0.04247433
0.15100418,0.12778139,0.02322279
-0.14578909,-0.16371255,0.01792346
0.034015205,0.009978485,0.02403672
0.50120157,0.46770105,0.033500522
0.7018424,0.6662261,0.03561634
0.40140322,0.37024137,0.031161845
0.078997895,0.049572445,0.02942545
-0.009064274,-0.04039525,0.031330973
0.28952676,0.25662202,0.032904744
0.5670261,0.5362863,0.030739784
0.537413,0.50828123,0.02913177
0.275991,0.24316822,0.032822773
0.095941804,0.05660724,0.039334565
0.19529411,0.15647954,0.038814574
0.39634836,0.36649495,0.029853404
0.45613497,0.43315515,0.022979826
0.35234356,0.3245455,0.027798057
0.23261896,0.19052045,0.042098507
0.23573686,0.18790588,0.047830984
0.15670967,0.13196814,0.02474153
0.6422158,0.6061541,0.036061704
0.66819537,0.6326305,0.03556484
0.25458002,0.22607696,0.02850306
-0.06591397,-0.09209636,0.02618239
0.036885742,0.0072168102,0.02966893
0.41181934,0.37912098,0.032698363
0.6272807,0.5956485,0.031632185
0.43459067,0.40359366,0.030997008
0.1319577,0.09727898,0.034678712
0.060145248,0.021693043,0.038452204
0.25574955,0.21981601,0.03593354
0.4695018,0.4414794,0.028022379
0.46004325,0.43462908,0.025414169
0.31017804,0.2778064,0.03237164
0.18517047,0.14073992,0.044430554
0.22852181,0.18366079,0.04486102
0.33566037,0.30477756,0.030882806
0.35997653,0.34149355,0.018482983
0.8326761,0.79301447,0.039661646
0.09466434,0.070548154,0.024116188
-0.10845509,-0.13122952,0.022774428
0.20370525,0.17418677,0.029518485
0.540037,0.5066394,0.033397555
0.63495785,0.60231435,0.032643497
0.32776323,0.2964799,0.03128332
0.039294314,0.0053923395,0.033901975
0.10253513,0.06643732,0.03609781
0.34345075,0.30982593,0.033624828
0.5344587,0.5068081,0.027650595
0.42979008,0.40123856,0.028551519
0.21286656,0.17499404,0.037872523
0.1444492,0.09937012,0.045079082
0.2517512,0.2112513,0.04049991
0.38279614,0.3560506,0.026745528
0.385362,0.3649045,0.020457506
0.29485205,0.26221982,0.03263223
0.25910178,0.21154362,0.04755816
0.28520423,0.23575802,0.04944621
0.31969982,0.28998378,0.029716045
0.68390083,0.64867467,0.035226166
0.52865374,0.49652097,0.032132775
0.19798188,0.16820905,0.029772833
-0.02429752,-0.055753287,0.031455766
0.17620401,0.14245676,0.033747256
0.4930123,0.46143654,0.03157577
0.5575519,0.528888,0.028663933
0.36528364,0.3339171,0.031366527
0.13727258,0.09753882,0.03973376
0.14365584,0.10077132,0.042884514
0.33346903,0.2992053,0.03426373
0.43688688,0.41241372,0.02447316
0.38900352,0.36465964,0.024343878
0.26434028,0.22579159,0.038548693
0.22608572,0.17513098,0.050954744
0.285316,0.24191616,0.043399826
0.31587356,0.28871748,0.027156085
0.29100117,0.2755966,0.015404582
0.79242176,0.7560074,0.036414385
0.010151425,-0.015815167,0.025966592
-0.03355534,-0.061858594,0.028303254
0.28546157,0.25336716,0.03209442
0.58704805,0.5554262,0.031621873
0.5236914,0.49352196,0.030169457
0.22324724,0.1895327,0.033714548
0.07079967,0.03141576,0.03938391
0.17880061,0.13929564,0.039504975
0.4081329,0.3771569,0.030975997
0.4818756,0.45776156,0.024114043
0.33778453,0.30669138,0.03109315
0.21695048,0.1738093,0.04314117
0.20629156,0.15661128,0.049680278
0.3041759,0.26666942,0.03750649
0.35192436,0.33132485,0.020599514
0.31744605,0.2984124,0.01903364
0.2812847,0.24456358,0.03672111
0.3043331,0.24927686,0.05505623
0.31486282,0.2681828,0.046680003
0.4424296,0.41053683,0.031892776
0.6501575,0.617625,0.032532513
0.44520795,0.41445887,0.030749083
0.11665717,0.08379456,0.03286261
0.048242107,0.011507041,0.036735065
0.24857244,0.21272287,0.03584957
0.4890116,0.46000913,0.029002458
0.48310825,0.45670712,0.026401132
0.2792185,0.24401543,0.03520307
0.15133697,0.104800485,0.046536483
0.2095626,0.163425,0.0461376
0.3445195,0.31240204,0.032117456
0.388528,0.36883545,0.01969254
0.31766534,0.29024372,0.027421623
0.26450354,0.21758318,0.04692036
0.28175053,0.2261375,0.055613026
0.3047945,0.26275414,0.042040348
0.26775405,0.24847461,0.019279435
0.2272359,0.21200962,0.015226275
0.73410964,0.7014431,0.032666564
0.019177543,-0.011090187,0.03026773
0.08463605,0.05139008,0.033245966
0.39810014,0.36571684,0.032383293
0.56942207,0.54112184,0.028300226
0.4465259,0.41754824,0.028977662
0.2024197,0.1649699,0.037449792
0.11980032,0.07484822,0.044952102
0.2709473,0.23176402,0.03918329
0.40081343,0.37292197,0.027891457
0.41282877,0.3912517,0.02157706
0.29963058,0.26571977,0.03391081
0.23440842,0.18325295,0.051155478
0.270099,0.21933888,0.050760135
0.30778503,0.2729004,0.03488463
0.29075858,0.27454454,0.016214043
0.26262578,0.24056587,0.022059917
0.29972082,0.25366434,0.04605648
0.35994273,0.30007493,0.0598678
0.3218838,0.2771379,0.044745892
0.47334167,0.4418426,0.031499088
0.5826481,0.55310786,0.02954024
0.32467008,0.29327887,0.031391203
0.119768396,0.08247151,0.037296884
0.12288294,0.08185678,0.04102616
0.3378055,0.30343595,0.034369558
0.47517723,0.45068035,0.024496883
0.38986108,0.3629058,0.026955277
0.25945494,0.22025637,0.039198563
0.20172088,0.14971276,0.052008122
0.27575836,0.2309379,0.044820458
0.33913007,0.3137039,0.02542618
0.3196507,0.30225697,0.017393738
0.28303856,0.25287062,0.030167937
0.29928148,0.24619868,0.053082794
0.3315388,0.2746079,0.0569309
0.2877779,0.25339386,0.034384042
0.20127082,0.18710715,0.014163673
0.17806658,0.1623602,0.015706375
0.4405336,0.37187198,0.06866163
0.037754513,0.002431546,0.035322968
0.20607717,0.17029426,0.03578292
0.42252636,0.39155847,0.030967891
0.51123863,0.4860081,0.025230527
0.34827667,0.31738606,0.030890614
0.18225747,0.13837324,0.043884233
0.18311347,0.13401537,0.049098104
0.30480954,0.26662183,0.038187712
0.379787,0.35799786,0.021789134
0.33790684,0.31570265,0.02220419
0.27649742,0.23478208,0.04171534
0.28142065,0.22455004,0.05687061
0.30834657,0.25731745,0.051029116
0.2803808,0.25380176,0.026579022
0.2211342,0.20888674,0.012247458
0.24594593,0.21694306,0.029002875
0.33747196,0.28526345,0.052208513
0.4057432,0.34369093,0.06205228
0.28153875,0.24483283,0.036705926
0.5139698,0.4846742,0.029295594
0.5099965,0.48273137,0.027265102
0.2798839,0.24648562,0.03339827
0.12793754,0.08491865,0.043018892
0.21554792,0.17327873,0.042269185
0.38015276,0.35023883,0.029913932
0.4210752,0.40012625,0.020948946
0.33494842,0.3069636,0.027984828
0.25083238,0.20380262,0.047029763
0.26007763,0.20460801,0.055469617
0.30119765,0.25784516,0.043352485
0.29481468,0.27419633,0.02061835
0.2578972,0.24141422,0.016482979
0.27999294,0.24114668,0.038846254
0.35483447,0.29370818,0.06112629
0.3642756,0.30721626,0.057059348
0.2493409,0.22010349,0.02923742
0.11903481,0.110929236,0.008105576
0.175831,0.15343235,0.02239865
0.4951283,0.42425555,0.070872754
0.09384343,0.053962473,0.039880957
0.2660464,0.2293199,0.036726505
0.44600216,0.41925377,0.026748389
0.4321791,0.40845552,0.023723572
0.30670604,0.27359435,0.03311169
0.21233813,0.16337347,0.048964664
0.25154492,0.20190649,0.049638435
0.32470664,0.29278296,0.03192368
0.32529956,0.30868894,0.016610622
0.28689596,0.26375037,0.023145586
0.29117557,0.24403845,0.047137126
0.33486128,0.27339205,0.061469227
0.31452534,0.26977363,0.044751704
0.2295929,0.20847829,0.021114618
0.15871651,0.14807841,0.010638103
0.24743605,0.21380837,0.033627674
0.40961653,0.34800094,0.061615586
0.41575667,0.35686868,0.05888799
0.23602258,0.2045216,0.03150098
0.49272382,0.466205,0.026518822
0.4128607,0.3856405,0.02722019
0.22744596,0.18901256,0.038433403
0.1749217,0.12745304,0.047468662
0.26545212,0.22297134,0.04248078
0.36364776,0.33746418,0.026183575
0.355479,0.3366878,0.018791199
0.29054752,0.25664464,0.033902884
0.28018665,0.22790742,0.052279234
0.30895546,0.2521023,0.056853175
0.29684794,0.26132804,0.035519898
0.22970581,0.21617952,0.013526291
0.22043906,0.19971596,0.020723104
0.29839346,0.25407535,0.04431811
0.4082363,0.34309554,0.065140754
0.35211036,0.301725,0.050385356
0.16043799,0.1421164,0.018321589
0.051481042,0.045994952,0.0054860897
0.18043914,0.15370405,0.026735097
0.544595,0.4719665,0.0726285
0.1689473,0.12622686,0.042720437
0.33181068,0.29803517,0.03377551
0.41273558,0.38958547,0.023150116
0.36752924,0.3444622,0.023067057
0.2718408,0.23233615,0.039504662
0.25369918,0.19936131,0.054337874
0.2971095,0.2510434,0.046066105
0.30128798,0.27390566,0.027382314
0.26054266,0.2467218,0.013820857
0.26148492,0.23180775,0.029677168
0.33544996,0.27919665,0.056253314
0.38067228,0.31771657,0.06295571
0.29867765,0.2584482,0.04022944
0.1445189,0.13255514,0.011963755
0.12745617,0.113505654,0.013950519
0.3075249,0.26278013,0.04474476
0.46840495,0.40227902,0.06612593
0.41377327,0.35787642,0.05589685
0.1267524,0.10669898,0.020053424
0.4619251,0.43951356,0.022411525
0.33086324,0.3009764,0.029886842
0.23367412,0.19093013,0.042743996
0.2318629,0.18154511,0.050317794
0.30622256,0.26844817,0.037774384
0.3274061,0.30795085,0.019455254
0.2925124,0.27473024,0.017782152
0.2822608,0.24440728,0.037853524
0.32838902,0.26935315,0.059035867
0.3361307,0.28341606,0.052714646
0.24812856,0.2225837,0.025544867
0.15916626,0.14948213,0.009684131
0.19791532,0.17433546,0.02357985
0.36326513,0.30849606,0.05476907
0.44950438,0.3836131,0.065891266
0.33005026,0.2844827,0.045567572
0.07946764,0.06741055,0.012057088
0.014942453,0.007861574,0.007080879
0.2605756,0.22227438,0.038301215
0.57397646,0.5020265,0.07194996
0.22807907,0.1833143,0.044764772
0.33705974,0.30600822,0.031051517
0.36196154,0.34352803,0.018433511
0.30484062,0.27846986,0.026370764
0.2794313,0.23223773,0.047193587
0.30643085,0.24924725,0.057183594
0.31033808,0.26716778,0.043170303
0.24578856,0.22723056,0.018557996
0.2020197,0.18786576,0.0141539425
0.25648916,0.22283407,0.033655092
0.38725013,0.3263335,0.060916632
0.39758536,0.33850983,0.059075534
0.22479504,0.19606273,0.028732315
0.05466583,0.049032904,0.005632926
0.10437985,0.08801819,0.016361661
0.35797474,0.30734822,0.050626516
0.5257055,0.4566133,0.069092214
0.3354715,0.2903241,0.04514742
0.037331212,0.023965795,0.013365418
0.40087247,0.38224268,0.01862979
0.2961939,0.2638344,0.03235951
0.25543353,0.20582238,0.04961115
0.28807062,0.23826599,0.049804628
0.30365226,0.26945078,0.034201473
0.26418954,0.249113,0.015076548
0.24449103,0.2233583,0.021132722
0.30900237,0.26220298,0.04679939
0.3829624,0.32074714,0.06221527
0.3432272,0.29392925,0.04929796
0.18553695,0.16616274,0.019374207
0.09546527,0.08725804,0.008207232
0.23228116,0.19919807,0.033083096
0.42096704,0.36108246,0.059884578
0.4741004,0.40960315,0.06449726
0.23261037,0.19952491,0.033085465
-0.036875226,-0.040161435,0.003286209
0.03236544,0.0186968,0.013668641
0.31685987,0.2724544,0.04440546
0.60279876,0.5313788,0.071419954
0.28332213,0.24030028,0.043021843
0.32137144,0.29720387,0.024167567
0.2939968,0.2785345,0.015462309
0.27338457,0.24458109,0.028803483
0.31614757,0.26408362,0.052063942
0.3511726,0.2944991,0.056673497
0.28228837,0.24819613,0.034092247
0.17555517,0.16233528,0.013219893
0.15518379,0.14037094,0.014812857
0.30429184,0.26063803,0.043653816
0.45509952,0.38920614,0.06589338
0.367034,0.31650183,0.050532162
0.15317228,0.13137145,0.021800831
-0.016975407,-0.020008884,0.0030334778
0.15276368,0.12691368,0.025849998
0.46807876,0.4069445,0.06113425
0.55594987,0.48741,0.06853986
0.27147046,0.23318233,0.03828813
-0.106780745,-0.10946885,0.0026881024
0.33076355,0.3168467,0.01391685
0.28078955,0.24123423,0.039555326
0.3032831,0.24900195,0.054281145
0.32125777,0.27224472,0.04901305
0.26495203,0.23959044,0.025361598
0.19125523,0.1801263,0.011128932
0.2348191,0.20694771,0.027871385
0.349667,0.29787993,0.05178708
0.42651117,0.36391354,0.06259763
0.29282445,0.25383693,0.038987517
0.08127737,0.07170117,0.009576201
0.045060683,0.03687953,0.008181155
0.26333064,0.22515914,0.0381715
0.5109772,0.44405222,0.06692499
0.4359863,0.3795353,0.056451023
0.09420547,0.07471866,0.019486807
-0.1216493,-0.12099664,0.0006526634
0.04358296,0.025874892,0.017708069
0.45450646,0.3980049,0.056501567
0.58305717,0.51646215,0.06659502
0.30372456,0.26206318,0.04166138
0.27010453,0.25079483,0.0193097
0.22984713,0.21459173,0.0152554065
0.2781689,0.24133918,0.03682971
0.3763397,0.31748357,0.05885613
0.38019714,0.32475895,0.05543819
0.23685187,0.20863509,0.02821678
0.086982004,0.07997247,0.007009536
0.15845333,0.13697924,0.021474093
0.38792574,0.33411402,0.05381173
0.50333583,0.43651065,0.06682518
0.33318776,0.28855938,0.04462838
0.02118862,0.011263753,0.009924867
-0.0497219,-0.05451329,0.00479139
0.1870474,0.15607317,0.03097424
0.5409697,0.47553557,0.06543416
0.521155,0.45926043,0.061894566
0.1077677,0.08406621,0.023701489
-0.22550605,-0.22139378,0.0041122735
0.25050208,0.24075978,0.009742305
0.29927316,0.254593,0.04468015
0.35851508,0.30015388,0.058361202
0.31720993,0.27481297,0.042396963
0.20623757,0.18656585,0.019671723
0.1255623,0.116136275,0.00942602
0.23894618,0.20701705,0.031929135
0.42856398,0.36858416,0.059979826
0.4311007,0.37318283,0.057917863
0.23999058,0.20754816,0.03244242
-0.0064344048,-0.010918381,0.004483976
0.053747423,0.03960017,0.014147252
0.37110627,0.3215436,0.049562663
0.5700787,0.50119185,0.06888682
0.3997316,0.34914485,0.05058676
-0.00896054,-0.020946443,0.011985903
-0.17610507,-0.17469057,0.0014144927
0.15850337,0.12885132,0.029652044
0.5384125,0.47664508,0.06176743
0.56525654,0.5025519,0.06270462
0.29079846,0.25579023,0.035008222
0.19401881,0.18182479,0.012194023
0.1950732,0.17596063,0.019112572
0.30054572,0.25870848,0.041837245
0.43226162,0.37013784,0.062123775
0.3591503,0.3110428,0.048107505
0.13458964,0.11764128,0.016948365
0.014120166,0.009850284,0.004269882
0.16484834,0.1394876,0.025360748
0.45322928,0.39468327,0.058546007
0.512347,0.44904158,0.06330541
0.21219698,0.18089099,0.031305984
-0.07828552,-0.08205238,0.003766857
-0.071238644,-0.077841975,0.0066033304
0.31793955,0.2745792,0.043360353
0.6310682,0.5608662,0.07020205
0.4154059,0.36494708,0.05045882
-0.005431944,-0.021046376,0.015614431
-0.29512084,-0.28884494,0.0062758923
0.1642731,0.1591385,0.0051345974
0.35344025,0.29950234,0.053937912
0.4047513,0.34467265,0.06007865
0.29449645,0.25661567,0.03788078
0.10893293,0.09842638,0.010506548
0.09558106,0.08318111,0.012399949
0.30879614,0.26641732,0.042378813
0.49081704,0.42724013,0.06357691
0.42504936,0.3710571,0.05399227
0.1111969,0.091678,0.019518897
-0.09159885,-0.09207843,0.00047957897
0.12154839,0.097774655,0.023773737
0.4445436,0.3897315,0.054812104
0.5963915,0.5288697,0.06752181
0.26099533,0.2241373,0.036858022
-0.17175516,-0.17235906,0.00060389936
-0.20620567,-0.20571023,0.0004954338
0.22948956,0.19373813,0.035751432
0.665003,0.5956378,0.0693652
0.45238483,0.40028068,0.052104145
0.2366673,0.21027038,0.02639693
0.11830285,0.11009588,0.008206971
0.17518656,0.15333547,0.021851093
0.3761148,0.32401842,0.052096367
0.47314164,0.41034493,0.06279671
0.3309745,0.2878693,0.043105185
0.046273824,0.03571913,0.010554694
-0.021814154,-0.027475834,0.0056616794
0.25505736,0.21869743,0.036359936
0.5537501,0.4882524,0.0654977
0.50790083,0.44830912,0.05959171
0.12062802,0.0970874,0.023540623
-0.19513625,-0.19211298,0.0030232668
0.0020522051,-0.013623947,0.015676152
0.47392938,0.4186723,0.055257082
0.67123085,0.6010121,0.07021874
0.33735436,0.29429105,0.043063313
-0.20269127,-0.20488794,0.0021966696
-0.29560655,-0.2923014,0.003305167
0.07772626,0.07651143,0.0012148321
0.40961507,0.35022247,0.0593926
0.4156237,0.35870227,0.056921422
0.20744516,0.18067655,0.02676861
0.013089952,0.00890508,0.004184872
0.075614996,0.060953535,0.014661461
0.36465922,0.31664738,0.04801184
0.54978955,0.48367736,0.06611219
0.33558235,0.29263613,0.04294622
0.012912369,0.0005866906,0.012325679
-0.1459543,-0.14552867,0.00042562187
0.166869,0.13788752,0.028981477
0.57594866,0.5120959,0.06385273
0.5484625,0.48811325,0.060349256
0.16293108,0.13415286,0.028778225
-0.27433172,-0.2697591,0.00457263
-0.1373502,-0.14478844,0.0074382424
0.41315785,0.3640719,0.049085945
0.7247441,0.6536612,0.07108289
0.37564778,0.33019546,0.045452327
0.17622864,0.15526778,0.020960867
0.055859063,0.049148485,0.0067105778
0.22155124,0.19004034,0.031510904
0.43840784,0.3807574,0.057650447
0.49483746,0.43302333,0.06181413
0.22107653,0.19012359,0.030952945
-0.07655189,-0.07844047,0.0018885806
0.003846562,-0.008179418,0.01202598
0.31707957,0.2749669,0.04211268
0.6120733,0.5445139,0.06755942
0.41072732,0.3618885,0.048838824
-0.058934417,-0.06873786,0.00980344
-0.26388273,-0.25863534,0.0052473843
0.048796747,0.028005157,0.02079159
0.564089,0.5038035,0.06028551
0.643801,0.5785058,0.06529516
0.13297102,0.10544103,0.027529992
-0.32121694,-0.31709382,0.0041231215
-0.28668445,-0.28627762,0.0004068315
0.89853364,0.81739444,0.08113921
0.481044,0.41555074,0.065493256
0.37466693,0.32548591,0.049181014
0.13080439,0.110655844,0.020148546
-0.05692126,-0.058529176,0.0016079172
0.136039,0.11192213,0.024116874
0.4841938,0.42563242,0.058561385
0.57773036,0.5120551,0.06567526
0.26582858,0.22969662,0.036131963
-0.14147227,-0.1429078,0.0014355332
-0.12745623,-0.13191052,0.004454285
0.31908476,0.27738506,0.041699708
0.64841014,0.581377,0.06703311
0.5040869,0.44923425,0.054852664
-0.04479868,-0.058507334,0.013708655
-0.36204636,-0.3537792,0.008267164
-0.09214276,-0.10443421,0.012291446
0.51543534,0.46039006,0.055045277
0.7322786,0.6630871,0.069191456
0.17502442,0.1437856,0.031238824
0.07040924,0.059220165,0.011189073
0.011250803,0.0043869466,0.0068638567
0.2595884,0.22239132,0.03719707
0.53351015,0.46800244,0.06550771
0.447624,0.39308184,0.054542154
0.072883226,0.055060197,0.01782303
-0.15926772,-0.15733059,0.001937136
0.02242175,0.0063268607,0.01609489
0.46494156,0.41090223,0.05403933
0.63402295,0.5673763,0.066646636
0.33826908,0.2962191,0.042049974
-0.17476772,-0.17759793,0.0028302073
-0.2653394,-0.26284286,0.0024965405
0.22025599,0.18617186,0.034084126
0.6983563,0.63043356,0.06792271
0.6067926,0.54616725,0.060625374
0.0040274765,-0.014987389,0.019014865
-0.4546167,-0.44366047,0.010956228
-0.14545697,-0.15607956,0.010622591
0.91248316,0.8330853,0.07939786
0.52689695,0.4593305,0.067566454
0.33531928,0.29131463,0.04400465
-0.006899581,-0.015483647,0.008584065
-0.08099896,-0.084554434,0.0035554767
0.17800762,0.14837338,0.029634237
0.5589417,0.49546698,0.063474745
0.5353929,0.47572514,0.059667736
0.09299003,0.070955575,0.022034459
-0.25977546,-0.25456908,0.0052063763
-0.11168627,-0.119683206,0.007996939
0.40954092,0.3614897,0.04805121
0.70720184,0.6380596,0.06914222
0.33700243,0.2954412,0.041561216
-0.17270459,-0.17868683,0.005982235
-0.3976809,-0.38936058,0.008320332
0.09176939,0.06604628,0.025723107
0.6908164,0.6255531,0.06526333
0.63600564,0.5750627,0.060942948
0.049896352,0.026645515,0.023250837
-0.016821556,-0.022414949,0.005593393
0.03171645,0.018313538,0.013402913
0.37812704,0.32856283,0.049564213
0.59133345,0.52278596,0.06854749
0.40600199,0.35650682,0.04949516
-0.031245466,-0.041942026,0.01069656
-0.20703825,-0.20450073,0.0025375187
0.1500396,0.121841356,0.028198242
0.55151695,0.49182156,0.059695393
0.62865585,0.5643812,0.06427467
0.14514592,0.117712915,0.027433008
-0.3330857,-0.3265962,0.0064894855
-0.17918588,-0.18499844,0.0058125556
0.31874794,0.27788183,0.040866107
0.7557093,0.6857823,0.06992698
0.4417455,0.3935055,0.048239976
-0.23796493,-0.24197961,0.0040146858
-0.5121023,-0.49955678,0.012545526
-0.059979483,-0.07691157,0.016932085
0.9277222,0.84965086,0.078071356
0.5302875,0.46539152,0.06489599
0.20471112,0.1736959,0.031015217
-0.10565429,-0.10827619,0.0026218966
-0.09552541,-0.101184666,0.00565926
0.3196147,0.27691916,0.042695552
0.65015435,0.580985,0.06916934
0.4207287,0.37167147,0.049057245
-0.02223812,-0.036580373,0.014342252
-0.32457837,-0.31733438,0.007243991
0.023157189,0.003482453,0.019674735
0.5867991,0.52683574,0.059963346
0.7164201,0.6484409,0.06797922
0.2262338,0.19248946,0.033744335
-0.3728269,-0.3670428,0.0057840943
-0.33212608,-0.33020476,0.0019213259
0.31603503,0.27563688,0.04039815
0.769662,0.7010118,0.068650246
0.5577163,0.50299495,0.054721355
-0.2020473,-0.21025535,0.008208051
-0.1333136,-0.13136649,0.0019471049
0.04454254,0.026983704,0.017558835
0.45475912,0.39897245,0.05578667
0.61432743,0.5461115,0.06821591
0.2579748,0.2216121,0.036362708
-0.19754903,-0.19708918,0.00045984983
-0.2316855,-0.23022662,0.0014588833
0.22638422,0.19159967,0.034784555
0.6810476,0.61307186,0.06797576
0.5196879,0.46474245,0.05494544
-0.079117455,-0.09148245,0.012364998
-0.41957456,-0.40950695,0.010067612
-0.12501392,-0.13603446,0.011020541
0.5292822,0.47488937,0.054392844
0.7593548,0.69088334,0.06847149
0.33080938,0.29023913,0.04057026
-0.374952,-0.37176067,0.003191322
-0.48135337,-0.4726505,0.008702874
0.18022591,0.14829598,0.031929925
0.90194315,0.8274961,0.074447036
0.5224603,0.46064335,0.06181693
0.109021515,0.08555888,0.023462638
-0.22344461,-0.21932776,0.004116848
-0.013399452,-0.02868882,0.015289368
0.4828988,0.42733213,0.05556667
0.68832284,0.6180877,0.07023513
0.3380423,0.2956867,0.042355597
-0.2245832,-0.22579962,0.0012164265
-0.31951317,-0.31532264,0.0041905344
0.10234223,0.07613743,0.026204802
0.6775346,0.61250335,0.06503123
0.62622625,0.5656974,0.060528874
-0.022025652,-0.039853394,0.017827742
-0.51015526,-0.49757016,0.0125851035
-0.28523296,-0.28786173,0.0026287735
0.43536335,0.38795042,0.047412932
0.82682455,0.7563218,0.07050276
0.3248707,0.2850201,0.039850593
-0.34706375,-0.34764555,0.00058180094
-0.22627588,-0.22003336,0.0062425137
0.15969357,0.12999511,0.029698461
0.5908867,0.5249921,0.065894604
0.5602859,0.4986114,0.061674535
0.15533108,0.12666598,0.028665096
-0.30073783,-0.29517567,0.0055621564
-0.15597433,-0.16276726,0.0067929327
0.41750354,0.36865836,0.048845172
0.73999834,0.66939926,0.07059908
0.4387791,0.39009982,0.048679262
-0.21545997,-0.2200641,0.004604131
-0.45428568,-0.44426474,0.0100209415
0.07382014,0.048830178,0.024989959
0.6363524,0.5759881,0.060364306
0.7297797,0.6645221,0.06525761
0.06626803,0.042013112,0.024254914
-0.56264234,-0.5497554,0.012886941
-0.34395817,-0.34495473,0.0009965599
0.30846396,0.26924205,0.039221913
0.88799506,0.81623125,0.07176381
0.42380953,0.37235048,0.051459044
-0.07895857,-0.08837051,0.0094119385
-0.2922632,-0.2859989,0.006264299
0.036985576,0.016070152,0.020915424
0.57507277,0.51357776,0.061495006
0.65671927,0.59059054,0.06612873
0.12497051,0.09779929,0.027171217
-0.34516805,-0.3401481,0.005019963
-0.30770084,-0.30654114,0.0011596978
0.31681842,0.27578613,0.041032284
0.7852405,0.7144134,0.07082707
0.44609106,0.39795256,0.0481385
-0.16972703,-0.17920788,0.009480849
-0.5681111,-0.5539806,0.014130533
-0.08537021,-0.10130848,0.015938267
0.66058683,0.6004808,0.06010604
0.81874907,0.7502616,0.068487465
0.18021554,0.14905915,0.03115639
-0.5748727,-0.56370753,0.011165142
-0.33738172,-0.32575738,0.011624336
0.3195473,0.27625576,0.04329154
0.6642938,0.59463876,0.06965506
0.5116444,0.45514518,0.056499243
-0.061563477,-0.075005576,0.013442099
-0.39033285,-0.38109055,0.009242296
-0.10811863,-0.12011539,0.011996761
0.52217007,0.46659794,0.055572122
0.745416,0.6758866,0.069529414
0.21430592,0.1806817,0.033624217
-0.42789114,-0.42048973,0.0074014068
-0.45701376,-0.44889572,0.008118033
0.18486936,0.15249422,0.032375142
0.793885,0.72495556,0.068929434
0.56679755,0.51242477,0.054372787
-0.21990278,-0.22780354,0.00790076
-0.6474713,-0.631405,0.016066313
-0.25709468,-0.26410577,0.0070110857
0.5697216,0.516446,0.053275585
0.7887941,0.7242767,0.06451738
0.35339877,0.30850536,0.044893414
-0.20046617,-0.20270793,0.0022417605
-0.29319754,-0.28993776,0.003259778
0.21543507,0.180445,0.034990072
0.7129427,0.64302117,0.06992155
0.61631036,0.5543767,0.061933637
-0.009447936,-0.028231513,0.018783577
-0.48293108,-0.47102168,0.011909395
-0.1617126,-0.17190099,0.010188386
0.43256733,0.38424835,0.048318982
0.81399375,0.7426559,0.07133788
0.32623637,0.28579572,0.04044065
-0.42232424,-0.4177706,0.004553646
-0.5315755,-0.5215171,0.010058403
0.0280647,0.0048814155,0.023183284
0.76265365,0.6977913,0.06486237
0.6870168,0.6273951,0.05962169
-0.1266223,-0.140733,0.014110699
-0.7192646,-0.7016784,0.017586231
-0.42964268,-0.41455647,0.015086204
0.41314375,0.36330548,0.049838275
0.7239644,0.65211684,0.07184756
0.33538204,0.2926185,0.04276353
-0.19591166,-0.20145898,0.005547315
-0.42816025,-0.41891465,0.009245604
0.08174687,0.055714715,0.026032154
0.7022783,0.6357433,0.066534996
0.6442297,0.5825409,0.06168878
0.07445796,0.04934838,0.025109578
-0.53886116,-0.52650803,0.012353122
-0.32702148,-0.32860804,0.0015865564
0.43856877,0.39096248,0.04760629
0.850635,0.7796594,0.0709756
0.45265967,0.40560043,0.047059238
-0.37714562,-0.3770453,0.00010031462
-0.66341615,-0.6481658,0.015250325
0.0030252698,-0.018948434,0.021973703
0.6915509,0.6327972,0.05875373
0.71334547,0.65440875,0.058936715
0.16909666,0.13835388,0.03074278
-0.3671582,-0.35970533,0.0074528754
-0.2038108,-0.20928642,0.0054756254
0.3169758,0.27491838,0.042057425
0.7711314,0.69900215,0.07212925
0.44341514,0.3940665,0.049348623
-0.26133773,-0.26482663,0.0034888983
-0.54332423,-0.52981496,0.0135092735
-0.07447501,-0.09126672,0.016791709
0.6530122,0.59169424,0.06131798
0.74982315,0.6836719,0.06615126
0.04578509,0.022006823,0.023778269
-0.55371654,-0.5430214,0.010695159
-0.49072695,-0.4845752,0.006151736
0.3038237,0.26492754,0.038896173
0.88058406,0.8105572,0.070026875
0.45378482,0.40799335,0.045791477
-0.2949919,-0.30053362,0.005541712
-0.7634153,-0.7450196,0.018395662
-0.5293716,-0.5104298,0.01894182
0.597745,0.5359119,0.061833084
0.7318578,0.6616323,0.07022548
0.21884574,0.18431464,0.0345311
-0.4042883,-0.3977008,0.0065875053
-0.35988143,-0.3573699,0.002511531
0.3135955,0.27229095,0.04130456
0.78249604,0.71223295,0.07026309
0.5621068,0.50648445,0.05562234
-0.20589933,-0.2145766,0.008677274
-0.625427,-0.60984373,0.015583277
-0.2442439,-0.25192586,0.007681951
0.5657448,0.51134425,0.054400563
0.8385964,0.76968646,0.06890994
0.16760354,0.1369451,0.030658439
-0.61913294,-0.6069189,0.012214065
-0.64089704,-0.6283696,0.012527406
0.14352395,0.11405419,0.029469758
0.867746,0.8012834,0.06646258
0.49545842,0.4491251,0.046333313
-0.043216493,-0.05949523,0.016278736
-0.45586506,-0.4448281,0.011036962
-0.1463287,-0.15720077,0.010872066
0.53540397,0.479518,0.05588597
0.77316576,0.7027439,0.070421875
0.32761744,0.2861833,0.04143414
-0.40234408,-0.39853522,0.003808856
-0.51039255,-0.50096714,0.009425402
0.17328726,0.140952,0.03233525
0.81670296,0.7468372,0.06986576
0.6812885,0.6203143,0.06097418
-0.11639717,-0.13128999,0.014892817
-0.6992634,-0.6819975,0.017265916
-0.2876348,-0.2939624,0.0063275993
0.44384134,0.397785,0.04605633
0.8986734,0.82928944,0.06938398
0.30596042,0.26871592,0.0372445
-0.5789659,-0.5705752,0.008390725
-0.6950516,-0.6815751,0.013476491
-0.61138827,-0.5899209,0.021467388
0.6909515,0.62458324,0.06636828
0.63590074,0.57399374,0.061906993
-0.038978405,-0.0568919,0.017913494
-0.5442806,-0.5308208,0.013459802
-0.30926943,-0.31155446,0.0022850335
0.4367202,0.38824448,0.048475713
0.83988124,0.76773846,0.07214278
0.32135424,0.28088507,0.04046917
-0.36086085,-0.36147508,0.00061422586
-0.6427608,-0.62798697,0.014773846
0.01008146,-0.0127861,0.02286756
0.7788683,0.7136207,0.065247595
0.69773495,0.6380166,0.05971837
0.0016284455,-0.01998103,0.021609476
-0.72773135,-0.71114314,0.016588211
-0.46262723,-0.46065104,0.001976192
0.44457135,0.40015623,0.044415116
0.9193447,0.852164,0.06718075
0.3622776,0.3236489,0.038628697
-0.1720018,-0.18071277,0.00871098
-0.48753667,-0.47672498,0.0108116865
0.062495526,0.03735845,0.025137074
0.6453975,0.5838221,0.061575413
0.7407565,0.6740746,0.06668192
0.05469817,0.030146416,0.024551753
-0.5927652,-0.57917243,0.01359278
-0.36583567,-0.36653593,0.00070026517
0.30564463,0.265778,0.039866626
0.87169594,0.8002652,0.07143074
0.45369214,0.4066459,0.047046244
-0.41294384,-0.4120827,0.0008611381
-0.7442282,-0.72613925,0.018088937
-0.16718617,-0.18058082,0.013394654
0.70106864,0.642505,0.05856365
0.8070441,0.7441925,0.06285161
-0.021607507,-0.04169475,0.020087242
-0.7100786,-0.69621646,0.013862133
-0.62560755,-0.61666816,0.008939385
1.1411828,1.0656685,0.07551432
0.80059147,0.7291175,0.071473956
0.4479065,0.39928025,0.048626244
-0.18896271,-0.19826141,0.009298697
-0.59884197,-0.58403516,0.014806807
-0.09963002,-0.1156041,0.015974082
0.6682407,0.60703105,0.06120968
0.8297097,0.7599283,0.06978142
0.17348982,0.14192465,0.031565174
-0.5984589,-0.5868532,0.01160568
-0.52969426,-0.52277106,0.0069231987
0.29989514,0.2612304,0.03866473
0.861323,0.7932572,0.06806582
0.5888035,0.5362291,0.052574456
-0.32128632,-0.32623908,0.0049527586
-0.80289984,-0.78392327,0.01897657
-0.34839055,-0.35288566,0.004495114
0.58695954,0.536689,0.050270557
0.89157736,0.82783145,0.063745916
0.0642564,0.040701922,0.023554478
-0.38888922,-0.38510388,0.003785342
-0.48367983,-0.47499487,0.008684963
0.17944963,0.14705615,0.032393485
0.8061159,0.7364514,0.06966454
0.57143515,0.5164079,0.055027246
-0.23661135,-0.24441938,0.0078080297
-0.67390156,-0.6573289,0.016572654
-0.27259943,-0.27955136,0.006951928
0.5735473,0.51949215,0.054055154
0.85599536,0.7873407,0.06865466
0.30942833,0.2710919,0.038336426
-0.561404,-0.55358166,0.007822335
-0.6771927,-0.6641182,0.013074517
0.13473545,0.10571683,0.029018618
0.88045615,0.81456625,0.065889895
0.7160814,0.6595928,0.056488574
-0.198889,-0.21018596,0.011296958
-0.8515469,-0.8321604,0.01938647
-0.37724814,-0.38081017,0.0035620332
1.1370778,1.0644481,0.07262969
0.8273968,0.75621337,0.07118344
0.3246834,0.28432807,0.040355325
-0.4438963,-0.43899444,0.004901856
-0.55456513,-0.544114,0.010451138
0.019897852,-0.003309683,0.023207534
0.77142525,0.70593476,0.065490484
0.69311494,0.6328557,0.060259223
-0.13797843,-0.15215042,0.014171988
-0.7414508,-0.72352445,0.017926335
-0.44631034,-0.44491333,0.0013970137
0.44524685,0.39980513,0.045441717
0.91342276,0.84476477,0.068657994
0.3012125,0.2646306,0.036581904
-0.48479998,-0.48209232,0.0027076602
-0.7970013,-0.7797131,0.017288208
-0.04557723,-0.06493588,0.019358646
0.8196977,0.7601864,0.059511304
0.72151774,0.6679124,0.053605318
-0.10007745,-0.11562683,0.015549377
-0.51150477,-0.501812,0.009692788
-0.3443687,-0.34550148,0.0011327863
0.44079888,0.39349344,0.047305435
0.8618557,0.7909137,0.070941985
0.4540466,0.40695396,0.047092646
-0.39333674,-0.39306742,0.0002693236
-0.68421024,-0.66870326,0.015506983
-0.003957558,-0.025990872,0.022033313
0.6969485,0.63779044,0.059158087
0.80203646,0.7383269,0.06370956
-0.012504713,-0.033377454,0.020872742
-0.762281,-0.74534935,0.016931653
-0.4871484,-0.48477876,0.0023696423
0.2895404,0.25360042,0.03593999
0.92951,0.86358714,0.06592286
0.45005012,0.4081079,0.04194221
-0.51967067,-0.5161618,0.0035088658
-0.8778829,-0.85866535,0.01921755
-0.23127155,-0.24162108,0.010349527
1.0965608,1.0286958,0.067865014
0.75991786,0.69456136,0.06535649
0.03835929,0.015049938,0.023309354
-0.57345796,-0.56247383,0.010984123
-0.5078871,-0.5014558,0.006431341
0.30282786,0.2641645,0.038663357
0.88969064,0.8197459,0.06994474
0.45460042,0.40881953,0.045780897
-0.30647293,-0.3119641,0.0054911673
-0.781175,-0.76268435,0.018490672
-0.1843046,-0.19697565,0.012671053
0.70860875,0.651403,0.057205737
0.88708925,0.82218224,0.064907014
0.13208947,0.1047649,0.027324565
-0.7367645,-0.72282624,0.013938248
-0.64805484,-0.6390458,0.009009063
0.28266007,0.24876271,0.033897355
0.8997483,0.8390673,0.060681045
0.59362686,0.5478329,0.04579395
-0.41736954,-0.41895846,0.0015889108
-0.6736728,-0.65619004,0.017482758
-0.25642645,-0.26355964,0.007133186
0.5700354,0.5164947,0.053540707
0.847271,0.7791687,0.0681023
0.1635947,0.13336022,0.030234471
-0.63593835,-0.623588,0.012350321
-0.6568477,-0.6442142,0.0126335025
0.14016274,0.110901795,0.02926094
0.87426263,0.80803895,0.06622368
0.59213436,0.5411727,0.050961673
-0.34249452,-0.34678254,0.0042880177
-0.83376217,-0.8146979,0.019064248
-0.3665393,-0.3705523,0.004013002
0.589181,0.54047835,0.048702657
0.8982975,0.8365339,0.061763585
0.28672382,0.25374886,0.03297496
-0.6679773,-0.6585343,0.009442985
-0.783732,-0.77001274,0.013719261
0.10396837,0.07958645,0.02438192
1.0269607,0.96516514,0.061795592
0.6905164,0.6306809,0.059835494
-0.12569514,-0.13995445,0.014259309
-0.71796024,-0.70051134,0.017448902
-0.29826307,-0.304174,0.005910933
0.44502103,0.39972815,0.045292884
0.90591925,0.8374166,0.068502665
0.3043169,0.26754832,0.036768585
-0.5917054,-0.5832948,0.008410573
-0.7080613,-0.69464123,0.013420045
-0.03875352,-0.058468435,0.019714914
0.8161306,0.75596344,0.060167134
0.7199027,0.6654775,0.05442518
-0.21393415,-0.22448087,0.010546714
-0.8766096,-0.8575308,0.01907885
-0.53982604,-0.536486,0.0033400059
0.4406291,0.40123242,0.039396673
0.9442221,0.88449633,0.05972576
0.27781224,0.24725349,0.03055875
-0.57162946,-0.567218,0.004411459
-0.7649569,-0.74410033,0.02085656
0.003950016,-0.018019117,0.021969134
0.7854681,0.72173166,0.06373644
0.7021885,0.6438077,0.058380783
-0.004535829,-0.025480112,0.020944282
-0.74321985,-0.72659695,0.016622901
-0.47348338,-0.47130755,0.0021758378
0.44504544,0.40141836,0.043627083
0.9239578,0.8577956,0.06616223
0.45109856,0.40877452,0.042324036
-0.50789446,-0.5046694,0.0032250285
-0.82417464,-0.8069616,0.017213047
-0.05617249,-0.074485786,0.018313296
0.7188539,0.66647357,0.052380323
0.8273457,0.771514,0.05583173
-0.06385645,-0.08049601,0.01663956
-0.86817557,-0.8512983,0.016877294
-0.5619038,-0.55841106,0.003492713
0.2711849,0.24115777,0.030027121
0.9784501,0.9217761,0.056674004
0.47029814,0.42379484,0.046503305
-0.42637178,-0.42497435,0.0013974309
-0.76150614,-0.74326694,0.0182392
-0.17508529,-0.18780063,0.01271534
0.70471185,0.64762026,0.057091594
0.81119084,0.7498259,0.06136495
-0.027300214,-0.046770833,0.019470619
-0.72226036,-0.7084782,0.013782144
-0.63575006,-0.62685674,0.008893311
0.28478366,0.25060114,0.03418252
0.9366625,0.87361723,0.06304526
0.4468252,0.4069776,0.039847612
-0.39020732,-0.39285383,0.0026465058
-0.89946955,-0.8807661,0.01870346
-0.24216294,-0.25185907,0.009696126
0.7198724,0.67091304,0.048959374
0.90444326,0.84940654,0.055036724
0.09853672,0.07649137,0.022045352
-0.8135166,-0.80048215,0.013034463
-0.8785813,-0.8533529,0.025228381
0.29807857,0.26074883,0.037329733
0.86751443,0.8013828,0.06613165
0.5902757,0.5393272,0.0509485
-0.33170867,-0.33608758,0.004378915
-0.8179807,-0.7990256,0.018955112
-0.3571821,-0.36124974,0.0040676594
0.58791757,0.53905255,0.04886502
0.894618,0.8325386,0.06207937
0.12229795,0.09663928,0.025658667
-0.76208574,-0.7480686,0.014017165
-0.77378887,-0.76002926,0.013759613
0.107059516,0.0823443,0.024715215
0.9025107,0.84494966,0.05756104
0.5911026,0.5478337,0.04326892
-0.4107248,-0.41275665,0.0020318627
-0.9246521,-0.9068339,0.017818213
-0.42076612,-0.4232388,0.0024726987
0.5844965,0.5442582,0.04023832
0.83270735,0.78463393,0.04807341
0.33425435,0.295834,0.03842035
-0.5773396,-0.56901735,0.008322239
-0.69333416,-0.67996013,0.013374031
0.13032019,0.10247819,0.027842
0.88475245,0.8209098,0.063842654
0.71766776,0.6630125,0.054655254
-0.20678684,-0.21741706,0.01063022
-0.86435807,-0.84517944,0.019178629
-0.38482517,-0.3880681,0.0032429397
0.44129828,0.40157932,0.039718956
0.9421084,0.88176537,0.060343027
0.28022906,0.24927011,0.03095895
-0.6859915,-0.6765814,0.009410143
-0.80040145,-0.7870966,0.01330483
-0.07846153,-0.09437402,0.015912496
0.8258978,0.7754749,0.050422907
0.7181945,0.67331403,0.04488045
-0.2590443,-0.26683435,0.007790059
-0.9389166,-0.9225786,0.01633805
-0.9501903,-0.9230044,0.027185917
0.44465804,0.40069383,0.043964207
0.91889936,0.85229445,0.06660491
0.29767227,0.2625452,0.035127074
-0.497614,-0.49438998,0.0032240152
-0.81193227,-0.7945863,0.017345965
-0.05162159,-0.07003576,0.018414173
0.8214897,0.764028,0.05746168
0.72162735,0.669925,0.05170238
-0.059411503,-0.07619386,0.016782358
-0.85986847,-0.84272355,0.017144918
-0.55622345,-0.5525916,0.0036318302
0.43730494,0.40024415,0.037060797
0.94472057,0.88849807,0.0562225
0.4364691,0.4015196,0.03494951
-0.5729279,-0.56892604,0.004001856
-0.8944221,-0.8791446,0.015277505
-0.087187394,-0.10186158,0.014674187
0.7132335,0.6708327,0.042400777
0.7255738,0.68413514,0.04143864
0.036934763,0.014155232,0.022779532
-0.7811039,-0.76379794,0.01730597
-0.50066644,-0.49773833,0.002928108
0.2864097,0.25185826,0.03455144
0.93309444,0.8693733,0.06372112
0.44782382,0.40755025,0.040273577
-0.5306378,-0.5267399,0.0038979053
-0.89043033,-0.87138754,0.01904279
-0.23777846,-0.24748199,0.009703532
0.71962535,0.67006654,0.04955882
0.8279695,0.77531385,0.052655637
-0.07423549,-0.08952946,0.015293971
-0.8076944,-0.7943045,0.013389885
-0.7056712,-0.69703114,0.008640051
0.26621673,0.23817621,0.028040513
0.9420221,0.89033794,0.05168414
0.42887247,0.39692578,0.03194669
-0.43095252,-0.43256116,0.00160864
-0.9426247,-0.927591,0.015033662
-1.0291643,-0.99978787,0.029376447
0.7110856,0.6553796,0.055706024
0.8910871,0.828015,0.063072085
0.12601529,0.09992886,0.026086427
-0.7519824,-0.73775125,0.014231145
-0.66080993,-0.6514969,0.009313047
0.2794191,0.24693422,0.032484874
0.90117127,0.84274584,0.058425426
0.59194154,0.5480323,0.04390925
-0.4059634,-0.407881,0.0019176006
-0.91924906,-0.90093637,0.018312693
-0.41764706,-0.41994268,0.0022956133
0.58572376,0.54484206,0.040881693
0.90267074,0.85116357,0.051507175
0.09133727,0.0709467,0.02039057
-0.82151014,-0.8091923,0.012317836
-0.8232876,-0.81174713,0.0115404725
0.085719526,0.06591252,0.019807003
0.892647,0.8470861,0.045560956
0.4690705,0.4385208,0.030549705
-0.26711407,-0.27500802,0.00789395
-0.8522828,-0.832875,0.019407809
-0.37779874,-0.38117868,0.003379941
0.5890672,0.54191303,0.04715419
0.9005506,0.8407929,0.05975771
0.28266093,0.25111443,0.031546503
-0.67938405,-0.6696739,0.009710133
-0.79451734,-0.78076714,0.0137501955
0.09977875,0.07656464,0.02321411
0.90371394,0.8492875,0.05442643
0.7197914,0.6740361,0.045755327
-0.25646558,-0.26419818,0.0077326
-0.93717784,-0.92009276,0.017085075
-0.4284703,-0.43061313,0.0021428168
0.42806196,0.39589563,0.032166332
0.9373861,0.8890188,0.04836732
0.25745916,0.23312877,0.024330392
-0.7179936,-0.7106041,0.0073895454
-0.8234244,-0.8135788,0.009845614
-1.0781187,-1.0481429,0.029975772
0.8193418,0.76038384,0.058957934
0.7210311,0.6679779,0.0530532
-0.22332564,-0.23307915,0.00975351
-0.8915327,-0.8722789,0.01925379
-0.5502636,-0.5465041,0.0037595034
0.43864444,0.4007152,0.037929237
0.94516,0.88758284,0.057577133
0.2739343,0.24478787,0.029146433
-0.5692833,-0.5649578,0.004325509
-0.8916326,-0.8756374,0.015995204
-0.085493214,-0.10029341,0.014800198
0.82349914,0.7762188,0.04728037
0.71388245,0.67201465,0.041867793
-0.09144502,-0.10447455,0.013029531
-0.9029341,-0.88896084,0.013973236
-0.5847342,-0.58204937,0.0026848316
0.4213263,0.39208275,0.029243559
0.9258078,0.882291,0.043516755
0.32086164,0.29671422,0.024147421
-0.42231762,-0.42323348,0.00091585517
-0.83982295,-0.82232153,0.017501414
-0.06264077,-0.080266066,0.017625295
0.71972317,0.6686716,0.051051557
0.8283293,0.7740892,0.054240108
-0.07012162,-0.08586471,0.015743084
-0.87902784,-0.86208767,0.016940176
-0.569599,-0.5657903,0.0038086772
0.26827052,0.23951338,0.02875714
0.94427305,0.8910643,0.05320877
0.43159148,0.3987925,0.032798976
-0.5817926,-0.5777392,0.004053414
-0.94338053,-0.92736876,0.016011775
-0.26618183,-0.27394527,0.0077634454
0.70834386,0.66887075,0.039473116
0.8121571,0.77083796,0.04131913
-0.096798144,-0.10876708,0.011968933
-0.8229984,-0.8133391,0.00965929
-0.71211135,-0.7066047,0.0055066347
1.1370435,1.0905724,0.04647112
0.9404029,0.878213,0.062189937
0.59338796,0.5478985,0.04548949
-0.39922687,-0.40138584,0.0021589696
-0.9114412,-0.89262074,0.018820465
-0.24834023,-0.25748503,0.009144798
0.71976537,0.672221,0.04754436
0.9046122,0.8512948,0.053317368
0.09450103,0.07346603,0.021035
-0.8190486,-0.8060391,0.013009489
-0.71417445,-0.705825,0.008349478
0.26210132,0.2356788,0.026422516
0.8967941,0.84962183,0.04717225
0.57571363,0.5408239,0.034889758
-0.43475714,-0.43618616,0.0014290214
-0.9429468,-0.929023,0.013923764
-0.4322622,-0.4347175,0.0024552941
0.5668556,0.53517014,0.03168547
0.8747959,0.8357413,0.039054632
0.012462779,-0.0017118326,0.014174611
-0.68386793,-0.6736953,0.0101726055
-0.7851178,-0.77120906,0.013908744
0.10347121,0.0792731,0.024198115
0.9042329,0.84772855,0.05650437
0.5901222,0.54788524,0.042236984
-0.41723034,-0.41885903,0.0016286969
-0.932615,-0.9148314,0.017783582
-0.42562547,-0.42775017,0.002124697
0.58307725,0.5441569,0.038920343
0.8998249,0.8509981,0.048826814
0.26050216,0.23529617,0.025205985
-0.7182673,-0.7101871,0.008080244
-0.8254709,-0.81470406,0.010766864
0.08267832,0.06405238,0.018625937
0.8857305,0.8432533,0.04247719
0.696963,0.66169524,0.03526777
-0.26998013,-0.27645388,0.00647375
-0.9318506,-0.92041147,0.011439145
-0.42574388,-0.42880055,0.0030566752
1.1052251,1.0630373,0.04218781
0.9446823,0.8849336,0.05974871
0.27765384,0.24719872,0.030455127
-0.69409835,-0.68458074,0.00951761
-0.8080355,-0.7947265,0.013309002
-0.08196644,-0.09744105,0.01547461
0.82574135,0.7764656,0.049275756
0.7170028,0.6733181,0.04368472
-0.26276723,-0.27010694,0.007339716
-0.9429581,-0.9268084,0.0161497
-0.5842236,-0.58117604,0.0030475855
0.4242424,0.39380586,0.030436546
0.93115866,0.8856928,0.045465887
0.25290316,0.23007533,0.022827834
-0.58497626,-0.58219075,0.0027855039
-0.89538366,-0.88430995,0.0110737085
-0.09404359,-0.10625271,0.012209117
0.7944717,0.7588004,0.035671294
0.68230355,0.65111977,0.03118378
-0.14260927,-0.15216172,0.009552449
-0.80160856,-0.78740907,0.014199495
-0.5625735,-0.55895257,0.0036209226
0.43633714,0.39972824,0.036608905
0.9454412,0.8900468,0.05539441
0.43473017,0.40044475,0.034285426
-0.5774027,-0.5733395,0.004063189
-0.89861906,-0.8835396,0.015079439
-0.08934506,-0.10361142,0.014266357
0.7116489,0.6703858,0.041263103
0.8164252,0.77316934,0.043255866
-0.09481392,-0.107244834,0.012430914
-0.9013687,-0.888593,0.01277566
-0.58275723,-0.58063537,0.0021218657
0.25297937,0.23027709,0.022702277
0.916071,0.8755691,0.040501893
0.4084801,0.38349265,0.02498746
-0.57653177,-0.57497543,0.0015563369
-0.9177137,-0.90823394,0.009479761
-0.2581226,-0.2656002,0.0074776113
1.0388728,1.001693,0.037179828
0.8296989,0.7774737,0.052225232
-0.077621385,-0.0927614,0.015140012
-0.81282717,-0.79966056,0.013166606
-0.70950884,-0.70106244,0.008446395
0.26469025,0.23708987,0.027600378
0.94085455,0.89017147,0.05068308
0.5790046,0.54249674,0.036507845
-0.43266323,-0.43420532,0.0015420914
-0.9429882,-0.92835087,0.014637351
-0.2667738,-0.2744849,0.0077111125
0.7020491,0.66485834,0.037190735
0.88039297,0.8393751,0.04101789
0.07665387,0.060179826,0.016474042
-0.8149457,-0.8066292,0.008316517
-0.70309156,-0.69871914,0.004372418
0.24816586,0.22766341,0.020502448
0.85648745,0.8219875,0.034499943
0.54381746,0.5183005,0.025516987
-0.43440214,-0.4371649,0.0027627647
-0.9582658,-0.9390335,0.019232273
-0.42082214,-0.42328107,0.00245893
0.58485955,0.54443634,0.040423214
0.9016633,0.85089666,0.050766647
0.0892958,0.069165185,0.020130612
-0.82308203,-0.8111601,0.011921942
-0.8238203,-0.81270146,0.011118829
0.084667616,0.06518764,0.019479975
0.8897038,0.8452389,0.044464886
0.56920487,0.5363256,0.032879293
-0.43347165,-0.43532985,0.0018582046
-0.9351487,-0.92292315,0.012225568
-0.42753166,-0.4305123,0.0029806495
0.5598658,0.5302481,0.029617667
0.86233777,0.82623297,0.0361048
0.24175204,0.2226053,0.01914674
-0.69274867,-0.68928206,0.0034666061
-0.7854972,-0.780831,0.004666209
0.08019759,0.06535843,0.014839157
0.9483001,0.9163874,0.031912744
0.7228771,0.6774853,0.045391798
-0.2588058,-0.2666477,0.007841885
-0.93892956,-0.9224693,0.01646024
-0.4293845,-0.4317817,0.0023972094
0.42653173,0.39482036,0.03171137
0.934449,0.8870298,0.04741919
0.25565353,0.23173694,0.023916587
-0.7163712,-0.70945156,0.0069196224
-0.8203656,-0.8111126,0.009253025
-0.09355614,-0.106290005,0.012733862
0.7993301,0.761859,0.037471116
0.68724394,0.6544209,0.032823026
-0.26659536,-0.27325007,0.0066547096
-0.91638815,-0.90702826,0.009359896
-0.5625369,-0.562741,0.0002040863
0.40299305,0.3802247,0.022768348
0.8791722,0.847119,0.032053232
0.23598315,0.21898216,0.017000988
-0.55387014,-0.55486387,0.0009937286
-1.0179241,-0.9979664,0.019957662
-0.086801805,-0.101633266,0.014831461
0.82145894,0.77495587,0.046503067
0.71131796,0.6701615,0.04115647
-0.09250556,-0.10554812,0.013042562
-0.9009587,-0.88778424,0.013174474
-0.5827939,-0.58061665,0.0021772385
0.4193715,0.39065334,0.028718144
0.9208566,0.8784482,0.042408407
0.41164365,0.38542026,0.026223391
-0.57872456,-0.5770069,0.0017176867
-0.8825704,-0.87351215,0.009058237
-0.09143267,-0.103430435,0.011997767
0.6787278,0.6483451,0.030382693
0.77345705,0.74235547,0.031101584
-0.09417927,-0.104596235,0.010416962
-0.8487928,-0.8433679,0.0054249167
-0.5406941,-0.54255575,0.0018616319
0.24173741,0.22466987,0.017067537
0.8820357,0.8545687,0.027466953
0.44860214,0.41560122,0.033000916
-0.5823173,-0.5788088,0.0035085082
-0.94195914,-0.92691165,0.015047491
-0.2658028,-0.273819,0.008016199
0.70501924,0.66637796,0.038641274
0.8076827,0.767341,0.040341675
-0.09668708,-0.108708695,0.012021616
-0.8177036,-0.8089647,0.008738875
-0.7064043,-0.70170707,0.0046972632
0.24978742,0.22834074,0.021446675
0.90220976,0.8649112,0.03729856
0.5481702,0.52126926,0.026900947
-0.42005807,-0.42315316,0.0030950904
-0.8972114,-0.89011204,0.0070993304
-0.24946964,-0.25734046,0.007870823
0.6609246,0.63467366,0.026250958
0.8221495,0.7942629,0.02788663
0.0738106,0.061005205,0.012805395
-0.74291533,-0.7418032,0.0011121035
-1.0985912,-1.0774724,0.02111876
0.26035836,0.23439996,0.025958404
0.892702,0.8467788,0.045923173
0.57216394,0.5381028,0.034061134
-0.43344918,-0.43537617,0.0019269884
-0.937705,-0.92497927,0.012725711
-0.4290851,-0.43209,0.0030049086
0.56311905,0.5322292,0.030889869
0.86794937,0.83013666,0.03781271
0.07461145,0.058950294,0.015661154
-0.80160064,-0.7952197,0.0063809156
-0.7925668,-0.78734416,0.0052226186
0.08003096,0.0645331,0.015497863
0.84030753,0.8089584,0.031349123
0.53323394,0.5099009,0.023333013
-0.25074267,-0.25776118,0.0070185065
-0.8616056,-0.85777843,0.0038271546
-0.38423133,-0.38979045,0.0055591166
0.5225389,0.5022862,0.020252705
0.7330541,0.71102715,0.022026956
0.2897898,0.26405782,0.02573198
-0.71690047,-0.70966536,0.00723511
-0.82228464,-0.8125681,0.009716511
0.0819385,0.06354639,0.018392108
0.87972146,0.83864087,0.041080594
0.69154507,0.65738595,0.034159124
-0.2678508,-0.27468076,0.006829977
-0.9228457,-0.91280025,0.010045469
-0.42033425,-0.42403904,0.0037047863
0.40561405,0.38179109,0.023822963
0.88658035,0.85277176,0.03380859
0.23768838,0.21981779,0.01787059
-0.6755639,-0.6738788,0.0016850829
-0.7635851,-0.7610835,0.002501607
-0.08005793,-0.09119676,0.011138834
0.7444894,0.7192994,0.025189996
0.63604194,0.6142602,0.021781743
-0.23498987,-0.24233745,0.007347584
-0.8161622,-0.8158122,0.00035005808
-1.1271055,-1.1068804,0.020225048
0.42140207,0.39192334,0.029478729
0.92529505,0.88154745,0.043747604
0.2502614,0.22804107,0.022220328
-0.5816583,-0.5796476,0.002010703
-0.8884238,-0.8786747,0.0097491145
-0.092662394,-0.10493985,0.012277454
0.7875206,0.753215,0.034305573
0.67572063,0.6457137,0.030006945
-0.09567225,-0.10641955,0.010747299
-0.8585358,-0.8523675,0.006168306
-0.5482377,-0.54976505,0.001527369
0.39660928,0.37563944,0.020969838
0.86057174,0.83187354,0.028698206
0.38361782,0.36513776,0.018480062
-0.52602565,-0.5286251,0.0025994182
-0.79486036,-0.7941094,0.0007509589
-0.0688609,-0.07955538,0.010694474
0.6253003,0.60591716,0.019383132
0.6262223,0.6083507,0.017871618
-0.032321885,-0.046560213,0.014238328
-0.897985,-0.88635737,0.0116276145
-0.57979536,-0.57835287,0.001442492
0.25099728,0.2289688,0.022028476
0.9085626,0.86982346,0.038739145
0.40458477,0.38046575,0.02411902
-0.5708048,-0.57011217,0.000692606
-0.9071168,-0.8991425,0.007974267
-0.25371003,-0.26158392,0.007873893
0.66672415,0.63915056,0.027573586
0.75801134,0.7300342,0.027977169
-0.090242304,-0.10042428,0.010181978
-0.7542602,-0.7524251,0.0018351078
-0.6420012,-0.6431646,0.0011633635
0.23949842,0.22368318,0.015815243
0.8300537,0.80651975,0.02353394
0.5047944,0.48734704,0.017447382
-0.36378545,-0.36974186,0.0059564114
-0.7806817,-0.78280383,0.0021221042
-1.1617776,-1.1423943,0.019383311
0.69731766,0.66179043,0.03552723
0.87390345,0.8348117,0.039091766
0.07502876,0.059048124,0.015980639
-0.8090599,-0.80185926,0.0072006583
-0.6967237,-0.69333404,0.0033896565
0.24636585,0.22650935,0.019856498
0.848004,0.81520075,0.032803237
0.5380903,0.51368916,0.024401128
-0.41048408,-0.41425574,0.0037716627
-0.8749859,-0.870219,0.0047668815
-0.39239234,-0.39766976,0.005277425
0.5275573,0.50614053,0.021416783
0.80277437,0.77823174,0.02454263
0.07510837,0.063059755,0.012048617
-0.71423197,-0.71528596,0.0010539889
-0.69649327,-0.698859,0.0023657084
0.08971586,0.07760986,0.012106001
0.76196915,0.7439266,0.018042564
0.4025357,0.38928077,0.0132549405
-0.18981928,-0.19880866,0.008989379
-0.9307581,-0.91962224,0.011135876
-0.42509648,-0.4283614,0.003264904
0.5553425,0.52710706,0.028235435
0.8546275,0.8204006,0.034226894
0.23920275,0.22079939,0.018403366
-0.6853188,-0.68282473,0.0024940968
-0.7756617,-0.77219456,0.0034671426
0.08063852,0.06612081,0.01451771
0.8233848,0.7954875,0.027897298
0.64340764,0.62033635,0.023071289
-0.24157736,-0.24881135,0.007233992
-0.83366215,-0.83220756,0.0014545918
-0.36782756,-0.374194,0.0063664317
0.38044944,0.36420453,0.016244918
0.8072275,0.7872057,0.020021796
0.2253288,0.21303381,0.012294993
-0.5779496,-0.5826637,0.0047141314
-0.6457326,-0.6510283,0.005295694
-1.1636757,-1.1461695,0.017506123
0.79383534,0.7582969,0.035538435
0.68169165,0.6505865,0.03110516
-0.26554993,-0.27214104,0.0065911114
-0.90915596,-0.9009059,0.008250058
-0.5571022,-0.5578742,0.00077199936
0.3995712,0.37786686,0.021704346
0.8701247,0.8399454,0.030179322
0.23371683,0.21742369,0.016293138
-0.53708065,-0.5389546,0.00187397
-0.81163245,-0.8096775,0.0019549727
-0.0738876,-0.08462806,0.010740459
0.72747993,0.7054538,0.022026122
0.6207834,0.6018183,0.018965065
-0.07419599,-0.08353399,0.009337999
-0.74883205,-0.7511223,0.0022902489
-0.4644678,-0.4707012,0.006233394
0.37023625,0.35682735,0.013408899
0.7713131,0.75645655,0.014856517
0.28002122,0.26943696,0.010584265
-0.47588715,-0.4771126,0.0012254417
-0.8778036,-0.86950976,0.008293867
-0.09100234,-0.10256295,0.011560611
0.67329925,0.644563,0.028736234
0.76653284,0.73721343,0.029319406
-0.09339622,-0.103497416,0.010101199
-0.839565,-0.8351431,0.00442189
-0.53358305,-0.535987,0.0024039745
0.24016483,0.22385125,0.016313583
0.84184223,0.8167003,0.025141954
0.37619382,0.35974163,0.016452193
-0.50738525,-0.5109945,0.00360924
-0.8019101,-0.80264753,0.00073742867
-0.2086518,-0.21725367,0.008601874
0.6099315,0.5933587,0.016572833
0.6851288,0.6694993,0.01562953
-0.06033142,-0.06918815,0.008856729
-0.6317456,-0.63753915,0.0057935715
-0.525384,-0.53289366,0.007509649
0.9182697,0.9063639,0.011905789
0.89598024,0.86070275,0.035277486
0.5436684,0.5182509,0.025417507
-0.41723612,-0.42035905,0.0031229258
-0.88940924,-0.8831375,0.00627172
-0.24651399,-0.2542482,0.0077342093
0.65491873,0.63023126,0.024687469
0.81375575,0.78768235,0.026073396
0.073628016,0.061388776,0.01223924
-0.7313622,-0.7310933,0.00026893616
-0.6198204,-0.62227386,0.0024534464
0.23742282,0.2231499,0.014272928
0.77446723,0.75482416,0.019643068
0.49293768,0.47795293,0.014984757
-0.34584367,-0.35233122,0.0064875484
-0.7456131,-0.74979556,0.004182458
-0.31619236,-0.32427832,0.008085966
0.4814034,0.46944934,0.011954069
0.71252865,0.70136315,0.0111655
0.04278875,0.034252953,0.008535799
-0.7073879,-0.7036268,0.0037611127
-0.78677267,-0.78203404,0.004738629
0.07976185,0.06501258,0.014749266
0.8332528,0.8037764,0.029476404
0.5283758,0.5064534,0.02192241
-0.2477102,-0.254546,0.0068357885
-0.8510377,-0.8480326,0.0030050874
-0.37816882,-0.38384557,0.0056767464
0.51747805,0.498543,0.018935055
0.7835876,0.7624524,0.021135151
0.22642347,0.21363023,0.012793243
-0.5954895,-0.5990551,0.0035656095
-0.6663677,-0.6703456,0.003977895
0.09347361,0.08240656,0.011067055
0.73996586,0.7253354,0.014630437
0.5784382,0.5664439,0.011994302
-0.18378137,-0.19177575,0.007994384
-0.6815555,-0.6891076,0.0075520873
-0.27817512,-0.28730083,0.0091257095
0.8696785,0.8620044,0.007674098
0.87974215,0.84782135,0.03192079
0.23574816,0.21886973,0.016878426
-0.668802,-0.6674616,0.0013404489
-0.7549011,-0.7529228,0.0019783378
-0.07785607,-0.08853482,0.010678746
0.73714656,0.71366674,0.02347982
0.62935066,0.60912013,0.020230532
-0.23051074,-0.23769274,0.007182002
-0.802808,-0.8032689,0.00046092272
-0.4788151,-0.48413762,0.005322516
0.37392962,0.3597316,0.014198005
0.78437227,0.76790166,0.016470611
0.22308959,0.21237034,0.010719255
-0.44325095,-0.44978428,0.0065333247
-0.67084867,-0.67744136,0.006592691
-0.03276437,-0.042172022,0.009407651
0.64554435,0.63600445,0.009539902
0.5500771,0.5423301,0.0077469945
-0.06294668,-0.07099977,0.008053094
-0.78610724,-0.78188276,0.004224479
-0.5419776,-0.54366356,0.001685977
0.39381954,0.37401238,0.01980716
0.8523358,0.8254915,0.026844323
0.38025662,0.36295077,0.017305851
-0.51804304,-0.52084786,0.0028048158
-0.7823718,-0.7822814,9.0420246e-05
-0.06555402,-0.07581111,0.010257088
0.6183803,0.6005353,0.017845035
0.6959139,0.6788412,0.017072737
-0.06532091,-0.07414115,0.008820243
-0.7127151,-0.7168826,0.004167497
-0.43727356,-0.44443935,0.0071657896
0.23444146,0.2236789,0.010762557
0.7458285,0.73457897,0.011249542
0.34527656,0.33649695,0.008779615
-0.3966709,-0.4049702,0.008299291
-0.63348645,-0.6432851,0.009798646
-0.13407515,-0.14336039,0.009285241
0.79720813,0.7936119,0.0035962462
0.7523779,0.72597414,0.026403785
-0.08802855,-0.09776123,0.0097326785
-0.7435413,-0.7422298,0.001311481
-0.63164085,-0.63319856,0.0015577078
0.23860054,0.22370358,0.014896959
0.82035923,0.7986744,0.021684825
0.49933875,0.4832575,0.016081244
-0.35546985,-0.36145273,0.005982876
-0.7644658,-0.7673321,0.0028662682
-0.19206423,-0.20074174,0.008677512
0.5932406,0.57956773,0.013672888
0.7251915,0.7124592,0.012732267
0.08721498,0.07839855,0.0088164285
-0.5921592,-0.59965885,0.007499635
-0.4884029,-0.49727196,0.008869052
0.23339327,0.22480094,0.0085923225
0.6752392,0.6691799,0.006059289
0.43825248,0.4329765,0.0052759647
-0.25546765,-0.26477587,0.009308219
-0.89353496,-0.88893634,0.0045986176
-0.38511458,-0.39047667,0.0053620934
0.5228569,0.5027155,0.020141363
0.79361427,0.7708049,0.022809386
0.07628751,0.06489071,0.0113967955
-0.70016074,-0.70180994,0.0016492009
-0.68160135,-0.68456656,0.0029652119
0.09172297,0.08028562,0.011437349
0.75143814,0.73520714,0.016231
0.4800567,0.4675322,0.012524515
-0.19165024,-0.19945295,0.00780271
-0.7020953,-0.70842195,0.006326616
-0.2901677,-0.298849,0.008681297
0.46832937,0.4589283,0.009401083
0.6859933,0.67838186,0.0076114535
0.21930985,0.21221122,0.00709863
-0.45316145,-0.46306753,0.009906083
-0.50110734,-0.51267755,0.011570215
0.11885187,0.111519635,0.0073322356
0.7111743,0.71122026,4.595518e-05
0.6405559,0.61876374,0.021792173
-0.23547289,-0.24264221,0.007169321
-0.81741166,-0.81682557,0.0005860925
-0.35816985,-0.36468476,0.006514907
0.3774389,0.36227363,0.015165269
0.79588056,0.77769095,0.018189609
0.22452325,0.21311364,0.0114096105
-0.5622493,-0.56747067,0.005221367
-0.6274466,-0.6333991,0.005952537
-0.03799109,-0.047536403,0.009545311
0.6563639,0.645338,0.011025906
0.5593756,0.5503116,0.009063959
-0.16336553,-0.17147112,0.008105591
-0.6029535,-0.612575,0.009621501
-0.35497904,-0.36506486,0.010085821
0.34508434,0.3387253,0.0063590407
0.67233926,0.67009336,0.002245903
0.21779081,0.21296065,0.0048301667
-0.31272843,-0.3238148,0.0110863745
-0.90598226,-0.9032495,0.0027327538
-0.06900448,-0.079558015,0.010553531
0.71822244,0.6977387,0.020483732
0.612758,0.59521484,0.017543137
-0.069031425,-0.078103386,0.009071961
-0.72920907,-0.7324214,0.0032123327
-0.4496375,-0.45630497,0.006667465
0.36702535,0.3547154,0.012309939
0.7582507,0.7452855,0.012965202
0.3493339,0.33960032,0.0097335875
-0.4105603,-0.41832888,0.0077685714
-0.6236743,-0.6324783,0.008804023
-0.018150367,-0.027161008,0.009010641
0.5466012,0.54004997,0.006551206
0.6042544,0.5998631,0.0043913126
-0.015726157,-0.023123372,0.007397216
-0.52888876,-0.5415952,0.012706459
-0.29981193,-0.31146568,0.011653751
0.23279226,0.22805117,0.0047410876
0.6459092,0.6493954,0.003486216
0.38986683,0.37399426,0.015872568
-0.49357432,-0.49784356,0.0042692423
-0.78088725,-0.7828264,0.0019391775
-0.19912006,-0.20784368,0.008723617
0.6012238,0.58609337,0.01513046
0.6738911,0.6599063,0.013984799
-0.05370268,-0.062326174,0.008623496
-0.6096867,-0.61638397,0.006697297
-0.5047831,-0.5130021,0.008219004
0.23408954,0.22474048,0.009349063
0.71675813,0.70911825,0.007639885
0.4452155,0.43874487,0.0064706206
-0.25604713,-0.26495406,0.008906931
-0.5798521,-0.59192735,0.012075245
-0.10993789,-0.11930815,0.00937026
0.5163764,0.51418936,0.0021870136
0.6145006,0.61558145,0.0010808706
0.11283235,0.107885696,0.0049466565
-0.4058749,-0.420589,0.014714092
-0.93355757,-0.9327756,0.00078195333
0.23718628,0.2234843,0.01370199
0.76204705,0.7440469,0.018000126
0.48618618,0.47235677,0.01382941
-0.3323566,-0.33931953,0.006962925
-0.7208266,-0.7263008,0.00547415
-0.30135792,-0.30986395,0.00850603
0.4746117,0.4639329,0.010678798
0.6983236,0.6889858,0.009337783
0.093270354,0.08527003,0.008000322
-0.54675555,-0.55632365,0.009568095
-0.5214122,-0.5322285,0.010816336
0.1159435,0.10807176,0.00787174
0.6461481,0.6436184,0.0025296807
0.42305928,0.42032528,0.0027340055
-0.10864528,-0.117039606,0.008394323
-0.49993524,-0.5150934,0.015158147
-0.1712226,-0.18230546,0.011082858
0.410645,0.41129172,0.0006467104
0.5323433,0.5377625,0.0054191947
0.25300676,0.24036573,0.012641028
-0.5768441,-0.58151656,0.0046724677
-0.64456373,-0.6498079,0.005244136
0.097110875,0.08634412,0.010766752
0.726189,0.7132607,0.012928307
0.5682549,0.5576799,0.0105749965
-0.17213205,-0.18033114,0.008199096
-0.6537035,-0.66257375,0.008870244
-0.26152283,-0.27106854,0.009545714
0.3487754,0.34133428,0.0074411035
0.6864165,0.68236804,0.0040484667
0.21849062,0.21283224,0.0056583732
-0.40907767,-0.42060235,0.011524677
-0.4507232,-0.4641987,0.0134755075
0.01980828,0.0119095035,0.007898776
0.5576624,0.5595418,0.001879394
0.47665733,0.47919646,0.002539128
-0.07268611,-0.08104116,0.008355044
-0.393504,-0.41094908,0.017445087
-0.9142378,-0.9161758,0.0019379854
0.37032124,0.3569046,0.013416648
0.76995367,0.75516534,0.01478833
0.2225044,0.21232823,0.010176182
-0.42527586,-0.43268746,0.007411599
-0.6449464,-0.6529329,0.007986486
-0.024554614,-0.03393603,0.009381417
0.63255125,0.62462324,0.007928014
0.53923064,0.53293765,0.006292999
-0.022287223,-0.030054152,0.0077669285
-0.5525023,-0.56441575,0.011913478
-0.31730267,-0.3286273,0.011324614
0.33736524,0.33298466,0.0043805838
0.6413094,0.64262915,0.001319766
0.31656647,0.31485304,0.0017134249
-0.26706383,-0.27910435,0.012040526
-0.41926405,-0.43606538,0.016801327
0.044532023,0.03750628,0.0070257448
0.4626668,0.46784627,0.005179465
0.45283386,0.45995197,0.007118106
-0.006728638,-0.016156673,0.0094280355
-0.6895363,-0.6952119,0.005675614
-0.4197466,-0.4278528,0.008106202
0.23430443,0.22407304,0.010231391
0.7304852,0.72094876,0.009536445
0.34108657,0.3331678,0.007918775
-0.37728032,-0.3864135,0.00913319
-0.6048205,-0.61602837,0.011207879
-0.121055104,-0.13056482,0.00950972
0.5262906,0.5225344,0.003756225
0.5784376,0.5771916,0.0012460351
-0.0006054232,-0.0076686,0.007063177
-0.42976934,-0.44381064,0.014041305
-0.33799642,-0.3520973,0.014100879
0.23277311,0.22955862,0.0032144934
0.5931676,0.59990865,0.006741047
0.38424966,0.38783386,0.003584206
-0.13091637,-0.14180638,0.010890007
-0.3555868,-0.3755624,0.019975603
-0.8993207,-0.90399534,0.0046746135
0.58366233,0.5712348,0.012427509
0.71138823,0.7002248,0.0111634135
0.09011843,0.08151542,0.008603014
-0.56916344,-0.57796234,0.008798897
-0.4669025,-0.47686294,0.009960443
0.23330209,0.22528063,0.008021459
0.66025746,0.655853,0.004404485
0.43038464,0.42625338,0.0041312575
-0.22713298,-0.2367989,0.009665921
-0.52724636,-0.5416125,0.01436615
-0.18757595,-0.19858013,0.01100418
0.4180936,0.41733426,0.0007593334
0.584212,0.58868104,0.004469037
0.120314986,0.11633407,0.0039809123
-0.35397485,-0.3703716,0.016396761
-0.32409507,-0.3415612,0.017466128
0.14768942,0.14413866,0.003550753
0.524875,0.5362647,0.011389732
0.31546402,0.32091865,0.0054546297
-0.11957315,-0.1280721,0.008498944
-0.6791974,-0.68699014,0.007792771
-0.2766746,-0.28597233,0.009297729
0.4612155,0.45285606,0.008359432
0.6717761,0.6657318,0.006044328
0.2185859,0.21203646,0.006549433
-0.43194038,-0.44285294,0.010912567
-0.4767029,-0.48942396,0.012721062
0.12275933,0.11576117,0.006998159
0.61750185,0.61829215,0.000790298
0.48768356,0.4885917,0.00090813637
-0.08596537,-0.09448134,0.008515969
-0.4454794,-0.46271923,0.017239839
-0.13946669,-0.15108107,0.011614382
0.31743038,0.31826296,0.0008325875
0.55948275,0.5697831,0.010300338
0.21558416,0.2162802,0.00069604814
-0.2266117,-0.24311033,0.016498625
-0.2441651,-0.2636701,0.019504994
-0.8585116,-0.8660116,0.007499993
0.64506686,0.6354502,0.009616673
0.54967606,0.5418503,0.007825732
-0.15412627,-0.16250731,0.008381039
-0.58042693,-0.5912964,0.010869443
-0.338193,-0.34902,0.010827005
0.3410556,0.33552015,0.0055354536
0.6571109,0.6564784,0.0006325245
0.21701975,0.2127798,0.0042399466
-0.2890932,-0.30073345,0.011640251
-0.45001298,-0.465945,0.015932024
0.034712076,0.027265538,0.0074465387
0.5317045,0.5366616,0.0049571395
0.45503506,0.46033722,0.005302161
0.038311403,0.032676037,0.005635366
-0.3400708,-0.3592493,0.01917848
-0.16031595,-0.17500784,0.014691889
0.30494437,0.3090014,0.00405702
0.50967115,0.5252867,0.015615523
0.24606209,0.2507055,0.0046434253
-0.32011712,-0.32863405,0.0085169375
-0.6034344,-0.61338216,0.009947777
-0.012366953,-0.021316068,0.008949115
0.5370912,0.5317867,0.0053045154
0.59226674,0.58927697,0.002989769
-0.009719487,-0.01704936,0.007329872
-0.5059498,-0.5197604,0.013810575
-0.3641178,-0.3775311,0.01341331
0.23218797,0.22805727,0.004130706
0.61087394,0.6156046,0.004730642
0.30797487,0.3082127,0.00023782253
-0.23063372,-0.24355093,0.012917206
-0.38946205,-0.40854463,0.019082576
-0.025701147,-0.034965333,0.009264186
0.44099048,0.44893214,0.007941663
0.4708083,0.48247474,0.011666447
0.06366836,0.059067324,0.004601039
-0.22276671,-0.242553,0.019786283
-0.14895186,-0.16737625,0.018424392
0.55991375,0.584116,0.024202228
0.70360947,0.6975809,0.0060285926
0.43820345,0.43281758,0.0053858757
-0.24428734,-0.25355422,0.009266883
-0.55782795,-0.57098454,0.013156593
-0.10047627,-0.109964654,0.009488381
0.5065817,0.50564843,0.0009332895
0.6006698,0.60325724,0.0025874376
0.115403555,0.11083502,0.004568532
-0.3836457,-0.39920226,0.015556544
-0.2956839,-0.3109651,0.0152812
0.23201701,0.23035066,0.0016663522
0.54204065,0.551493,0.009452343
0.36855173,0.3745367,0.005984962
-0.10002758,-0.111239485,0.011211902
-0.30032015,-0.32194513,0.021624982
-0.055520263,-0.0677623,0.012242038
0.3553296,0.3648133,0.009483695
0.4577622,0.47596872,0.018206507
0.13191974,0.13107865,0.00084109604
-0.46353805,-0.47368434,0.01014629
-0.50265723,-0.5142869,0.011629641
0.11834791,0.11092173,0.00742618
0.6331678,0.63219094,0.0009768605
0.4158434,0.41421172,0.0016316772
-0.09938385,-0.107834436,0.008450583
-0.47679946,-0.49292734,0.016127884
-0.15794931,-0.16930246,0.01135315
0.40328625,0.40501568,0.0017294288
0.55469793,0.5625205,0.007822573
0.21537325,0.21518423,0.00018902123
-0.2535913,-0.26950395,0.015912652
-0.27446094,-0.2932562,0.018795252
0.15519755,0.15278378,0.0024137646
0.49398246,0.508644,0.014661521
0.3981228,0.41074112,0.012618333
0.01494537,0.0071737715,0.0077715986
-0.208987,-0.23284787,0.023860872
-0.0024228592,-0.014825251,0.012402392
0.50752,0.53531647,0.027796447
0.6730097,0.6706477,0.0023620129
0.21743487,0.21252167,0.004913196
-0.39136946,-0.4034826,0.012113124
-0.43041763,-0.44462502,0.014207393
0.026037233,0.018390048,0.0076471847
0.54561746,0.5489506,0.0033331513
0.46652058,0.47035372,0.003833145
-0.06277475,-0.07112596,0.008351214
-0.3700523,-0.38830778,0.018255472
-0.18245047,-0.19673361,0.0142831355
0.30915663,0.31210166,0.0029450357
0.5265717,0.5403478,0.0137761235
0.21480477,0.21712998,0.002325207
-0.12663785,-0.14126766,0.014629811
-0.22251882,-0.24484125,0.022322431
0.103994064,0.09940976,0.004584305
0.4190601,0.43696848,0.017908365
0.3625835,0.37955597,0.016972482
0.09538955,0.091431536,0.0039580166
-0.48640513,-0.49869686,0.012291729
-0.30159134,-0.31324604,0.011654705
0.33347422,0.33012328,0.0033509433
0.6270189,0.63003767,0.0030187368
0.31235018,0.31163296,0.0007172227
-0.25049803,-0.262888,0.012389988
-0.39571846,-0.41328144,0.017562985
0.051324002,0.04459578,0.0067282207
0.45234832,0.45884907,0.006500751
0.48508868,0.4951536,0.01006493
0.05503046,0.05011675,0.00491371
-0.2831223,-0.30377698,0.020654678
-0.17402127,-0.19194075,0.01791948
0.23196968,0.23458856,0.002618879
0.4752238,0.49431062,0.019086808
0.27311492,0.28192493,0.0088100135
-0.061556738,-0.0769825,0.01542576
-0.14561841,-0.17091532,0.025296912
0.081262276,0.073276326,0.0079859495
0.4467264,0.47708926,0.030362844
0.5674551,0.5678411,0.00038599968
0.0059763095,-0.0007045948,0.0066809044
-0.40767002,-0.42232597,0.014655948
-0.31775886,-0.33232412,0.014565259
0.23234239,0.22996403,0.0023783594
0.57793754,0.58639073,0.00845319
0.37664777,0.38144937,0.004801601
-0.11623906,-0.12723103,0.010991968
-0.32927838,-0.35000342,0.020725042
0.0009488863,-0.008015084,0.0089639705
0.4181358,0.42908487,0.010949075
0.4740515,0.4905924,0.016540885
0.14855412,0.14870627,0.00015215576
-0.16686429,-0.18779539,0.020931095
-0.0983488,-0.117583804,0.019235007
0.2317216,0.2369501,0.0052285045
0.4107185,0.43390596,0.023187459
0.30151463,0.31771192,0.016197294
0.038290862,0.026067832,0.0122230295
-0.52202535,-0.53744537,0.01542002
-0.17261012,-0.18365264,0.01104252
0.41085768,0.4114552,0.00059753656
0.56965053,0.5758934,0.0062428713
0.12388092,0.12055059,0.003330335
-0.3294966,-0.3464712,0.016974598
-0.29931378,-0.31734794,0.01803416
0.15151098,0.14859536,0.0029156208
0.50963634,0.52269727,0.013060927
0.35215855,0.36082166,0.008663118
0.0028077886,-0.005036259,0.007844048
-0.23780145,-0.26087984,0.023078397
-0.018920062,-0.031233717,0.012313655
0.33864418,0.35076752,0.012123346
0.4240023,0.4456441,0.02164182
0.21407788,0.22069639,0.0066185147
-0.05296469,-0.072491616,0.019526925
-0.050108217,-0.07343084,0.023322627
0.19071408,0.19345833,0.0027442575
0.38508555,0.4169666,0.031881034
0.47984228,0.48237783,0.0025355518
-0.07357957,-0.08189123,0.008311659
-0.41663197,-0.43462226,0.017990291
-0.12262643,-0.13425703,0.011630602
0.31346828,0.3154775,0.002009213
0.5428104,0.5549695,0.012159109
0.21550247,0.21711032,0.0016078502
-0.20232655,-0.21922854,0.016901985
-0.21699673,-0.23703326,0.020036533
0.096175686,0.091283575,0.004892111
0.43307483,0.44951695,0.01644212
0.37415022,0.38979736,0.015647143
0.043305453,0.035921287,0.007384166
-0.13211787,-0.15620898,0.02409111
-0.008391471,-0.02483518,0.01644371
0.27415594,0.28582302,0.011667073
0.38411763,0.41189566,0.02777803
0.21328238,0.22245647,0.009174094
0.048019234,0.031349726,0.016669508
-0.48998305,-0.50813204,0.018148988
0.044116624,0.037146863,0.006969761
0.5177127,0.52449673,0.006784022
0.44361687,0.45056933,0.0069524646
0.047765926,0.042603288,0.0051626377
-0.30913574,-0.3289953,0.019859552
-0.13756071,-0.15246253,0.014901817
0.3008757,0.3061373,0.0052616
0.49180567,0.5093054,0.017499745
0.27777562,0.2856459,0.007870287
-0.0808871,-0.09601702,0.015129916
-0.15927584,-0.18291143,0.023635581
0.12342,0.11974654,0.0036734566
0.35881048,0.3771132,0.018302709
0.36802372,0.3909293,0.022905588
0.12702283,0.12524942,0.001773417
-0.040922917,-0.06674109,0.02581817
0.030110314,0.009176395,0.020933919
0.23058192,0.24018551,0.00960359
0.3354505,0.36924154,0.033791035
0.31486458,0.31656358,0.0016990006
-0.20726079,-0.22046216,0.013201371
-0.35597673,-0.3758639,0.01988718
-0.010562586,-0.019587794,0.009025209
0.42910373,0.43873453,0.009630799
0.4557593,0.46925062,0.0134913325
0.07401456,0.06990686,0.004107699
-0.19171946,-0.21204539,0.020325929
-0.12082161,-0.13961005,0.018788442
0.23238991,0.23686977,0.0044798553
0.43858638,0.46135226,0.022765875
0.3099363,0.3250201,0.01508379
0.026033297,0.0144428285,0.011590469
-0.079382434,-0.105943106,0.026560672
0.110253654,0.10277956,0.0074740946
0.3223358,0.34487942,0.02254361
0.33849356,0.36836007,0.029866517
0.18342401,0.18867718,0.005253166
0.06044413,0.03573537,0.024708763
-0.46460637,-0.4860782,0.021471828
0.23278931,0.23214251,0.0006467998
0.5247899,0.5362504,0.011460483
0.3601343,0.36762735,0.007493049
-0.07959582,-0.09082888,0.011233062
-0.2649908,-0.28737563,0.022384822
-0.034777205,-0.046995677,0.012218472
0.3467947,0.35777313,0.0109784305
0.43986735,0.4599976,0.020130247
0.15818907,0.15968762,0.0014985502
-0.10749033,-0.1295008,0.022010475
-0.07554323,-0.098374344,0.022831112
0.18727751,0.18946128,0.0021837652
0.3758028,0.4024527,0.026649922
0.28396508,0.30276948,0.018804401
0.111675195,0.10532996,0.006345235
0.014115675,-0.01408792,0.028203595
0.12526606,0.11311917,0.01214689
0.2691082,0.29123867,0.02213046
0.28011945,0.31223541,0.032115966
0.23211953,0.23336966,0.0012501329
-0.2249872,-0.24142307,0.016435876
-0.24244073,-0.26188865,0.019447923
0.16104296,0.15939769,0.001645267
0.47614658,0.49279854,0.016651958
0.3855687,0.3998843,0.014315605
0.03107951,0.023566516,0.007512994
-0.17276025,-0.19731697,0.024556726
0.018752776,0.006411698,0.012341078
0.27883506,0.28954315,0.010708094
0.40140557,0.4276596,0.026254028
0.2140101,0.22243878,0.008428678
0.00036434116,-0.019813586,0.020177927
0.009111851,-0.015068162,0.024180014
0.16856113,0.16710864,0.0014524907
0.31338853,0.34226447,0.028875947
0.27664202,0.30348718,0.026845157
0.15163401,0.14602803,0.0056059808
0.1102594,0.08213586,0.028123535
-0.40997094,-0.43419138,0.024220437
0.30509588,0.30927947,0.0041835904
0.5076994,0.5235049,0.015805542
0.21534877,0.2186679,0.0033191293
-0.10150809,-0.11639595,0.014887862
-0.18790658,-0.21092258,0.023016006
0.114973865,0.11091256,0.004061304
0.40321144,0.42295203,0.019740582
0.34982193,0.36845046,0.018628538
0.118702486,0.11656171,0.0021407753
-0.06956768,-0.09484357,0.025275886
0.03706199,0.020307839,0.01675415
0.26488358,0.27878547,0.013901889
0.3480487,0.37925756,0.031208873
0.24070457,0.25702778,0.016323209
0.0942211,0.07768117,0.016539931
0.08269945,0.054826304,0.027873144
0.19439334,0.19432952,6.382167e-05
0.2604141,0.2897082,0.029294103
0.24257937,0.2738042,0.031224817
0.0938688,0.090493076,0.003375724
-0.25002405,-0.27148768,0.021463633
-0.14586553,-0.16427314,0.018407613
0.2324591,0.23606208,0.0036029816
0.45623562,0.47729412,0.0210585
0.2687104,0.27874613,0.010035723
-0.03679582,-0.052416347,0.015620526
-0.110353574,-0.13631202,0.025958449
0.09692624,0.08924018,0.0076860636
0.3344278,0.35564703,0.021219224
0.33774844,0.36380115,0.026052713
0.14517677,0.14430484,0.00087192655
0.03285616,0.008577971,0.024278188
0.08145204,0.06001756,0.021434482
0.22971715,0.24110113,0.0113839805
0.29334876,0.3293094,0.035960644
0.2397416,0.26448634,0.02474475
0.1672422,0.15608855,0.011153653
0.16811338,0.13764338,0.030469999
-0.35772306,-0.38492364,0.02720058
0.40609446,0.41859606,0.012501597
0.45680866,0.4751733,0.018364638
0.15339473,0.15421586,0.0008211285
-0.13685074,-0.15837069,0.021519944
-0.07113016,-0.09076323,0.019633077
0.1825558,0.18406531,0.0015095174
0.39306673,0.4180787,0.025011957
0.29266685,0.31024888,0.01758203
0.061253656,0.04968004,0.011573616
-0.017469067,-0.045192946,0.027723879
0.10699479,0.09478441,0.012210384
0.27803975,0.29900926,0.02096951
0.30422705,0.3372616,0.033034533
0.19136128,0.19792965,0.0065683722
0.11545928,0.09014428,0.025315002
0.14680877,0.12092411,0.025884666
0.21907134,0.22650208,0.0074307323
0.23851317,0.27739018,0.03887701
0.21369521,0.23775414,0.024058923
0.047879,0.04181843,0.0060605705
-0.20702243,-0.2309048,0.023882374
-0.0011504121,-0.013531955,0.0123815425
0.3301347,0.34356862,0.013433933
0.40704408,0.43041652,0.023372442
0.21376674,0.22128133,0.007514596
-0.027446544,-0.047318783,0.019872239
-0.02164235,-0.045410674,0.023768324
0.19503938,0.19850151,0.0034621358
0.34229127,0.37210518,0.029813915
0.28932276,0.3148079,0.025485128
0.13704608,0.13118587,0.0058602095
0.073789634,0.044621184,0.02916845
0.15877351,0.14683267,0.011940837
0.24020423,0.25921395,0.019009724
0.25634354,0.2953159,0.038972348
0.20920579,0.22421657,0.015010774
0.19691542,0.17498723,0.021928191
0.22653562,0.19994819,0.026587427
-0.2918094,-0.3213705,0.029561102
0.4188418,0.43680903,0.017967224
0.3624154,0.37944877,0.017033368
0.05573237,0.048494864,0.007237505
-0.10372156,-0.12843774,0.024716184
0.012189631,-0.004444812,0.016634444
0.26939318,0.28213108,0.0127379
0.36638847,0.39585152,0.029463053
0.21259496,0.22263858,0.010043621
0.069718786,0.05327722,0.016441565
0.049252912,0.021819802,0.02743311
0.184397,0.18384007,0.0005569309
0.28378657,0.3155004,0.031713843
0.2523754,0.28178707,0.029411674
0.18695979,0.18828814,0.0013283491
0.16549727,0.13669483,0.02880244
0.20541924,0.18813045,0.01728879
0.22455905,0.24650909,0.021950036
0.20269834,0.24598546,0.04328713
0.20580252,0.2260153,0.020212784
-0.02653756,-0.0395077,0.012970138
-0.13247561,-0.15677705,0.02430144
0.13104396,0.12772669,0.0033172667
0.3471904,0.36682874,0.01963833
0.35370052,0.3780667,0.02436617
0.13460009,0.13322358,0.0013765097
-0.013703371,-0.04003325,0.026329879
0.052878,0.031680055,0.021197945
0.22961767,0.24007115,0.0104534775
0.3128593,0.3471387,0.034279406
0.23069362,0.24896155,0.01826793
0.13384244,0.11715283,0.016689606
0.13400999,0.10395597,0.030054018
0.20049573,0.19493449,0.0055612475
0.23600975,0.2677953,0.031785548
0.21712846,0.25444353,0.03731507
0.21114627,0.2138634,0.0027171373
0.24750695,0.22102134,0.026485607
0.27222225,0.24968845,0.022533804
0.15196644,0.20730646,0.05534002
0.42196628,0.44626293,0.024296641
0.30153167,0.31772238,0.016190708
0.041140277,0.029500928,0.011639349
-0.052245613,-0.07940535,0.02715974
0.12155174,0.11427264,0.007279098
0.31064305,0.33447242,0.02382937
0.32237297,0.35372075,0.03134778
0.18634968,0.19221473,0.0058650523
0.08463366,0.05965078,0.024982885
0.1276564,0.10580851,0.021847889
0.21441929,0.22115593,0.006736636
0.25668412,0.2940443,0.03736016
0.22194786,0.24888732,0.026939452
0.19851613,0.18763602,0.010880113
0.22374272,0.19265653,0.031086192
0.24167572,0.23050639,0.011169329
0.20557205,0.23562257,0.030050516
0.16736092,0.21171753,0.044356614
0.22601764,0.23489365,0.008876011
-0.057019036,-0.07708667,0.020067636
-0.051680036,-0.07501119,0.02333115
0.19022903,0.19295278,0.0027237535
0.35999766,0.38807952,0.028081864
0.27543068,0.2953161,0.01988542
0.12262617,0.11647273,0.006153442
0.04072129,0.0120315105,0.02868978
0.13997346,0.12790169,0.012071773
0.26038185,0.28362107,0.023239225
0.27070057,0.30661777,0.035917193
0.20961116,0.22377987,0.0141687095
0.17086491,0.14910142,0.021763489
0.19785464,0.17151505,0.02633959
0.22504264,0.23376536,0.0087227225
0.20488153,0.24650519,0.041623652
0.19018435,0.22575589,0.03557153
0.23729141,0.23378243,0.003508985
0.30999035,0.27820155,0.031788796
0.28911617,0.27859926,0.010516912
0.10668926,0.16430868,0.057619423
0.38475636,0.41245997,0.027703613
0.21290492,0.22203878,0.0091338605
0.02179235,0.0012910693,0.02050128
0.033002745,0.008419803,0.024582941
0.17544213,0.17437121,0.0010709167
0.29917872,0.3293628,0.03018409
0.2648931,0.29292992,0.028036803
0.16235228,0.15698996,0.005362317
0.13537674,0.10692805,0.028448686
0.18391426,0.16662844,0.017285824
0.22974408,0.25069344,0.020949364
0.220268,0.26211163,0.041843638
0.20699215,0.2235852,0.016593054
0.23754084,0.2208428,0.016698048
0.28052473,0.25056532,0.02995941
0.24791798,0.25127867,0.0033606887
0.16168393,0.20404983,0.042365894
0.1526649,0.19169262,0.03902772
0.25618815,0.25926164,0.0030734837
-0.027305022,-0.051138192,0.02383317
0.055891313,0.038959436,0.016931877
0.25991645,0.27471456,0.014798105
0.33101648,0.36363888,0.032622397
0.23564167,0.25284845,0.017206773
0.112745084,0.09609867,0.016646415
0.10850716,0.08025396,0.028253198
0.20115632,0.20151584,0.00035952032
0.24847329,0.27894554,0.030472249
0.23231716,0.26825058,0.03593342
0.20318367,0.20542634,0.0022426695
0.22255372,0.19319166,0.029362053
0.24888714,0.22643898,0.022448152
0.22244114,0.23956266,0.017121524
0.16636679,0.21241727,0.04605049
0.1892246,0.21515693,0.025932327
0.29672283,0.2802643,0.016458541
0.36678922,0.33464,0.032149225
0.2947283,0.2920089,0.0027194023
0.06849721,0.12674727,0.058250055
0.32379264,0.35118532,0.027392685
0.15282196,0.15230241,0.0005195439
0.05816251,0.033503443,0.024659067
0.10398723,0.082314,0.021673232
0.2285694,0.24069399,0.012124583
0.27590358,0.31324714,0.03734356
0.23090775,0.25668466,0.025776908
0.18237554,0.17133567,0.011039868
0.19510642,0.1643291,0.03077732
0.22581714,0.22089069,0.004926458
0.21074064,0.24497266,0.03423202
0.18423882,0.2272552,0.043016374
0.21569936,0.22668415,0.010984793
0.29953694,0.2728177,0.026719242
0.31797135,0.2954614,0.022509962
0.239964,0.25197935,0.012015358
0.11886084,0.16704611,0.048185274
0.14846732,0.18381463,0.035347313
0.3291092,0.31905907,0.010050118
0.006586908,-0.022730162,0.02931707
0.123895176,0.1117211,0.012174077
0.2692193,0.29127306,0.022053748
0.28737268,0.32178974,0.034417063
0.19490352,0.20203762,0.007134095
0.14163436,0.11602661,0.02560775
0.17268248,0.14654437,0.026138112
0.22215134,0.23019105,0.008039713
0.22162284,0.26182914,0.0402063
0.20370264,0.23282492,0.029122278
0.22617881,0.22232597,0.0038528442
0.28299928,0.2514267,0.03157258
0.27452812,0.2637828,0.010745317
0.18678153,0.2189584,0.032176867
0.13277519,0.17972396,0.046948776
0.20071995,0.22120538,0.020485431
0.35659498,0.33449098,0.022103995
0.4018312,0.37470245,0.027128756
0.24671963,0.26068637,0.013966739
0.03211502,0.09144357,0.05932855
0.2778788,0.30474865,0.026869863
0.15073954,0.14510207,0.005637467
0.1053312,0.07570932,0.029621877
0.17644586,0.16459967,0.011846185
0.2350762,0.25502875,0.01995255
0.23783904,0.27822116,0.040382117
0.20839481,0.22416806,0.015773252
0.22114247,0.19911356,0.022028908
0.25310022,0.22636169,0.026738524
0.24144067,0.24426998,0.0028293133
0.17645372,0.21755376,0.04110004
0.164856,0.20273964,0.03788364
0.261693,0.25886568,0.0028273165
0.3616449,0.33135355,0.030291349
0.34306797,0.32642198,0.016645998
0.18527633,0.21373427,0.02845794
0.07493022,0.1273999,0.052469686
0.19544695,0.21816818,0.022721231
0.391605,0.37546867,0.016136318
0.06610341,0.034030583,0.03207283
0.19397365,0.19387153,0.00010211766
0.2679709,0.30108133,0.03311044
0.23961142,0.27027196,0.03066054
0.19622108,0.1979826,0.001761511
0.19659813,0.1674679,0.02913022
0.22748142,0.21020262,0.017278805
0.21924531,0.24213873,0.022893414
0.18381526,0.2284789,0.044663638
0.19479586,0.21978354,0.024987683
0.2792652,0.26266298,0.016602218
0.33777046,0.30744037,0.030330092
0.2630019,0.26736096,0.0043590665
0.14745432,0.18749082,0.0400365
0.1104255,0.1564025,0.045976996
0.26241294,0.26854736,0.0061344206
0.4390601,0.40858263,0.030477464
0.42547175,0.4033242,0.022147566
0.20784262,0.23116745,0.023324832
0.013702383,0.071205996,0.05750361
0.22848552,0.24839659,0.019911066
0.15789236,0.14113203,0.016760334
0.16794017,0.13747062,0.030469552
0.21492669,0.20966049,0.0052662045
0.22293392,0.2559584,0.03302449
0.20115907,0.23977822,0.038619146
0.22029613,0.22346415,0.0031680167
0.2763513,0.24969073,0.026660576
0.2976169,0.275044,0.022572905
0.22001866,0.2387076,0.018688947
0.12924258,0.17792323,0.04868065
0.15765601,0.19196934,0.03431332
0.3114818,0.3019826,0.009499192
0.42330474,0.3908913,0.032413423
0.3168997,0.31493956,0.0019601285
0.10961604,0.15284307,0.04322703
0.04813821,0.10099944,0.05286123
0.23560414,0.2515497,0.015945554
0.490272,0.46350366,0.026768327
0.12785693,0.09200491,0.035852015
0.21934843,0.22676171,0.007413283
0.23823367,0.27708504,0.038851365
0.2126974,0.24075933,0.028061926
0.2178806,0.20711789,0.010762721
0.25712907,0.22570293,0.031426147
0.26030082,0.2492923,0.011008516
0.1960339,0.22713733,0.031103432
0.14922774,0.19487394,0.045646206
0.22246356,0.2346593,0.012195736
0.3521235,0.3251655,0.026957989
0.38012516,0.35290834,0.027216822
0.24537784,0.25862154,0.013243705
0.08427008,0.13480438,0.0505343
0.12972356,0.16690712,0.037183553
0.31557673,0.3145866,0.0009901226
0.4995327,0.4670613,0.03247139
0.38983852,0.38132483,0.008513689
0.11061833,0.15047397,0.039855637
0.0199025,0.07262831,0.052725814
0.21179348,0.22793643,0.01614295
0.1988227,0.1768824,0.021940306
0.22852191,0.20192415,0.026597768
0.22953747,0.23890443,0.009366959
0.19136128,0.23120832,0.039847046
0.17712519,0.2138557,0.036730513
0.25124043,0.24800922,0.0032312125
0.3420943,0.31003407,0.032060236
0.30680224,0.29646498,0.010337263
0.19128916,0.21878769,0.027498528
0.092279166,0.14345671,0.051177546
0.19773589,0.21962297,0.021887079
0.4007345,0.37866986,0.022064656
0.45009285,0.42292285,0.027170002
0.29414195,0.30104682,0.0069048703
0.0552465,0.105482236,0.050235737
0.06521272,0.11136022,0.046147503
0.34363702,0.34383553,0.00019851327
0.5572506,0.526959,0.030291617
0.1955923,0.15762244,0.037969857
0.22469069,0.24665879,0.021968096
0.20085698,0.24418217,0.043325186
0.20660827,0.2239794,0.017371133
0.26041082,0.2436938,0.016717017
0.3117299,0.28149003,0.03023988
0.256599,0.26039907,0.0038000643
0.14569212,0.18922846,0.043536335
0.139718,0.17977951,0.04006152
0.2564158,0.26195744,0.0055416226
0.4151076,0.38453972,0.030567884
0.38014513,0.36373225,0.016412884
0.17347598,0.20354155,0.030065566
0.03995533,0.09462121,0.054665882
0.1494946,0.18128319,0.031788588
0.42312562,0.4077391,0.015386522
0.53694963,0.5063944,0.030555248
0.30923864,0.31767654,0.008437902
0.0470625,0.09496126,0.047898762
0.025018446,0.074506134,0.049487688
0.21280666,0.21795894,0.005152285
0.25358164,0.22389986,0.029681787
0.2745381,0.25196686,0.022571236
0.22157177,0.23945817,0.0178864
0.14744514,0.19480884,0.0473637
0.18395779,0.21071558,0.026757792
0.31781217,0.30134198,0.016470194
0.39676535,0.3643452,0.03242016
0.30680874,0.30434403,0.0024647117
0.1222874,0.16436777,0.042080365
0.0804354,0.1285148,0.048079394
0.275045,0.2820242,0.0069791973
0.46832237,0.44134754,0.026974827
0.46528044,0.44325915,0.022021294
0.20295356,0.22752269,0.024569124
-0.012190313,0.04563255,0.05782286
0.08283815,0.124241754,0.041403607
0.417114,0.4099006,0.007213384
0.6153844,0.583185,0.032199383
0.26338413,0.22287264,0.04051149
0.19806808,0.23351288,0.035444796
0.16684839,0.21119106,0.044342667
0.21914071,0.23069228,0.011551574
0.32595214,0.29902372,0.026928425
0.34127495,0.31866255,0.022612393
0.24286732,0.25540575,0.012538433
0.10162912,0.15090133,0.04927221
0.13919795,0.17534348,0.036145538
0.33975297,0.33065727,0.009095699
0.47424692,0.4415992,0.03264773
0.37645024,0.36744925,0.009000987
0.120436765,0.15922157,0.03878481
0.015355878,0.07013525,0.054779373
0.23848157,0.25538597,0.016904399
0.53121644,0.5045369,0.026679516
0.55471563,0.5280286,0.026687026
0.2553537,0.2733619,0.018008202
-0.047192294,0.011381309,0.058573604
0.09542707,0.13390754,0.038480468
0.23433296,0.23401529,0.00031767786
0.3112239,0.27936468,0.03185922
0.28994015,0.2793559,0.010584235
0.17752115,0.21066253,0.033141375
0.11592239,0.16402845,0.04810606
0.19914888,0.2202572,0.021108314
0.37801528,0.35581255,0.02220273
0.42537925,0.39809135,0.0272879
0.24874774,0.26315284,0.014405102
0.07073151,0.11980287,0.049071357
0.077926055,0.12298368,0.045057625
0.3338004,0.33343384,0.00036656857
0.5461784,0.5136096,0.032568812
0.41365063,0.4056105,0.00804013
0.14207223,0.17597748,0.033905253
-0.0467257,0.012929458,0.05965516
0.17830913,0.20545451,0.027145386
0.5474968,0.52668285,0.020813942
0.6103792,0.5842659,0.026113331
0.33143002,0.28956956,0.04186046
0.16164571,0.2039756,0.042329893
0.1526501,0.19162513,0.03897503
0.27219322,0.26965758,0.0025356412
0.38657793,0.35609946,0.030478477
0.3603561,0.34376693,0.016589165
0.179419,0.20861903,0.029200032
0.05762548,0.11111878,0.0534933
0.19335175,0.21660595,0.0232542
0.4048988,0.3892322,0.015666604
0.51189315,0.4811837,0.030709445
0.30366242,0.31147844,0.007816017
0.026216052,0.07826697,0.05205092
0.0071268515,0.060098708,0.052971855
0.30028903,0.30963147,0.009342432
0.59785455,0.5676368,0.030217767
0.50321907,0.4887183,0.014500767
0.12218547,0.15816341,0.035977945
-0.096207246,-0.03401342,0.062193826
0.14034031,0.17277558,0.03243527
0.28647622,0.27431086,0.012165368
0.3619847,0.33151788,0.030466825
0.26875773,0.27360126,0.004843533
0.13528085,0.17635603,0.041075185
0.095967725,0.14300369,0.047035962
0.26788902,0.27442777,0.0065387487
0.4618307,0.43123284,0.030597866
0.44385093,0.42170417,0.022146761
0.20521185,0.22908808,0.023876235
0.0058557605,0.06264111,0.056785345
0.13726498,0.1705292,0.03326422
0.45253924,0.43756613,0.014973104
0.5914781,0.5590806,0.03239751
0.3779299,0.37872562,0.000795722
0.022701954,0.072097935,0.04939598
-0.03610976,0.019392332,0.055502094
0.3122145,0.32293245,0.010717958
0.62366754,0.59788704,0.025780499
0.5979022,0.5776423,0.020259857
-0.22775991,-0.1527295,0.075030416
0.11221713,0.16218394,0.049966812
0.1485464,0.18384415,0.03529775
0.32412925,0.31488752,0.00924173
0.44657627,0.41408664,0.032489628
0.32543004,0.3238409,0.0015891492
0.09752537,0.1416972,0.044171825
0.032310724,0.08616353,0.053852804
0.23650566,0.25293228,0.016426623
0.50880206,0.48207524,0.026726812
0.5001069,0.47849238,0.021614492
0.25427666,0.27176028,0.017483622
-0.03066221,0.02705863,0.05772084
0.064028524,0.10692736,0.042898834
0.4377623,0.43116426,0.0065980256
0.65468013,0.622725,0.031955123
0.46663588,0.4603803,0.006255597
0.043006685,0.087905444,0.04489876
-0.11190117,-0.050352518,0.061548654
0.27109376,0.28881314,0.017719388
0.3593861,0.3365243,0.022861779
0.4008196,0.37365952,0.027160078
0.24646842,0.26039347,0.013925046
0.068338685,0.12005213,0.051713444
0.120524585,0.15864216,0.038117573
0.3236513,0.323062,0.0005893111
0.5210006,0.48854616,0.03245446
0.40059227,0.3923787,0.00821358
0.1011906,0.1418327,0.040642098
-0.016883958,0.039994616,0.056878574
0.18086977,0.20754573,0.026675954
0.529665,0.5087381,0.020926893
0.5909618,0.56472933,0.026232481
0.2550132,0.27419108,0.019177884
-0.046490084,0.00987948,0.056369565
-0.019717736,0.031900253,0.051617987
0.39472595,0.3975328,0.0028068423
0.71101815,0.679684,0.03133416
0.49302906,0.4878173,0.0052117705
-0.25969258,-0.1842097,0.075482875
0.075407326,0.12787187,0.052464545
0.19521993,0.21792701,0.022707075
0.41834995,0.3964933,0.021856666
0.46946225,0.44245702,0.027005225
0.29821962,0.30572093,0.007501304
0.041012507,0.092316814,0.051304307
0.05327584,0.10037964,0.0471038
0.3507343,0.35136288,0.0006285906
0.57601535,0.54585594,0.030159414
0.48863664,0.47404048,0.014596164
0.12867683,0.16419932,0.03552249
-0.08017442,-0.018576154,0.061598264
0.17166649,0.20014048,0.028473988
0.5218009,0.5082956,0.01350528
0.67590505,0.64647996,0.029425085
0.33271545,0.34445694,0.011741489
-0.0890085,-0.030637966,0.058370538
-0.106261335,-0.047389384,0.05887195
0.34982893,0.36018106,0.010352135
0.423992,0.39662427,0.02736774
0.39522743,0.3791673,0.016060144
0.16714354,0.19818708,0.031043544
0.023134882,0.07905407,0.055919193
0.14324464,0.17596573,0.032721087
0.43697035,0.42196488,0.015005469
0.5565434,0.5262219,0.030321538
0.31256562,0.32163376,0.009068131
0.03493284,0.08378943,0.04885659
-0.021888478,0.033088934,0.05497741
0.30823174,0.31875566,0.010523915
0.63700384,0.6073472,0.029656649
0.5826457,0.56233835,0.020307362
0.1795137,0.20861298,0.029099286
-0.12897444,-0.06510052,0.06387392
0.08558092,0.124048024,0.0384671
0.55698407,0.54435426,0.012629807
0.7457231,0.7149128,0.030810356
0.42531407,0.4293231,0.004009038
-0.27276537,-0.19875273,0.07401264
0.06573,0.11510363,0.049373634
0.27991143,0.28759027,0.0076788366
0.48820886,0.4615364,0.026672453
0.48231113,0.46068397,0.021627158
0.19968373,0.22516891,0.025485188
-0.028957032,0.030090354,0.059047386
0.07333902,0.11575313,0.042414106
0.4270134,0.42033538,0.006678015
0.63439137,0.6025178,0.031873584
0.3921198,0.3940317,0.0019119084
-0.0021472485,0.049064025,0.051211275
-0.09661321,-0.035418227,0.061194986
0.2409399,0.26176733,0.020827428
0.65613335,0.6310674,0.025065958
0.6249165,0.60545206,0.019464433
0.2514072,0.27310988,0.021702677
-0.15588109,-0.092371926,0.063509166
-0.012076641,0.035503738,0.04758038
0.51790154,0.5129267,0.004974842
0.5067581,0.47277108,0.033987015
0.38883898,0.38040254,0.008436441
0.110661134,0.15059133,0.039930195
-0.0010192546,0.05506033,0.056079585
0.23920271,0.25697657,0.017773867
0.5502362,0.52399594,0.02624029
0.5729902,0.5467704,0.026219785
0.25508654,0.27396914,0.018882602
-0.063127816,-0.0033827901,0.059745025
0.044881564,0.0894872,0.04460564
0.38858533,0.39131665,0.0027313232
0.69310725,0.66184187,0.031265378
0.4847808,0.47953567,0.0052451193
0.023239123,0.06965907,0.04641995
-0.14271107,-0.07959775,0.063113324
0.15323877,0.18425614,0.031017363
0.64538354,0.62661195,0.018771589
0.7167784,0.69263345,0.024144948
0.24635854,0.26914668,0.022788137
-0.29033783,-0.21722347,0.073114365
0.06450238,0.11094366,0.04644128
0.34293604,0.34324616,0.00031012297
0.56954217,0.53733546,0.032206714
0.42527017,0.41789064,0.007379532
0.13528496,0.17027223,0.03498727
-0.06389932,-0.0029514248,0.0609479
0.17502531,0.2031497,0.028124392
0.5631533,0.54293,0.02022332
0.62730837,0.6017661,0.02554226
0.3304307,0.3420227,0.011592001
-0.075295545,-0.017190771,0.058104776
-0.04392238,0.009282984,0.053205363
0.40640005,0.4102533,0.0038532317
0.7250576,0.6966194,0.02843821
0.5841496,0.5721464,0.012003183
0.07258901,0.11263244,0.04004343
-0.20865132,-0.1420529,0.066598415
0.14034024,0.17235315,0.03201291
0.6104128,0.59871006,0.011702716
0.57195866,0.5356388,0.036319852
0.308844,0.31742597,0.008581966
0.010981967,0.06427049,0.053288523
-0.00785298,0.04634916,0.05420214
0.30490077,0.31505978,0.010159016
0.6189155,0.5891967,0.029718816
0.51689804,0.50306684,0.013831198
0.11514037,0.15218721,0.037046842
-0.113138534,-0.049718108,0.06342043
0.09232256,0.13053724,0.038214684
0.5466949,0.53404284,0.0126520395
0.7112191,0.6825361,0.028682947
0.33714145,0.35002905,0.012887597
-0.06294148,-0.008627025,0.05431445
-0.13384631,-0.073616855,0.060229458
0.32904944,0.34283045,0.013781011
0.76898336,0.74130195,0.02768141
0.68295974,0.6649912,0.017968535
0.14381267,0.176236,0.032423332
-0.27276576,-0.20371445,0.06905131
0.12569015,0.16079877,0.035108626
0.46898526,0.4544974,0.014487863
0.6151195,0.5830967,0.032022834
0.38608858,0.3876031,0.0015145242
0.009906853,0.060438566,0.050531715
-0.05087287,0.0057974174,0.056670286
0.31603,0.32758543,0.011555433
0.64145917,0.61629575,0.025163412
0.61271805,0.59314585,0.019572198
0.17172448,0.20209087,0.030366391
-0.16157968,-0.09617961,0.06540007
-0.0026486344,0.044856515,0.047505148
0.5010128,0.49706757,0.0039452314
0.7781831,0.74817294,0.030010164
0.4336179,0.43862337,0.005005479
-0.09854528,-0.043083735,0.05546155
-0.21643624,-0.15126327,0.06517297
0.23044893,0.25407866,0.023629725
0.76165307,0.73862386,0.023029208
0.647129,0.6072009,0.03992808
0.25539756,0.27361575,0.01821819
-0.047534794,0.011280346,0.05881514
0.054361276,0.098222554,0.043861277
0.44950435,0.44350296,0.006001383
0.6763567,0.64486504,0.031491637
0.4770498,0.4714808,0.005569011
0.03298336,0.078905694,0.045922335
-0.12785971,-0.065203704,0.06265601
0.2402219,0.26207763,0.021855727
0.6877694,0.6633776,0.02439183
0.7048204,0.680619,0.024201393
0.24872167,0.27146485,0.02274318
-0.18599667,-0.12129773,0.064698935
-0.031100927,0.017522959,0.048623886
0.42814094,0.43356356,0.005422622
0.8190953,0.7898725,0.029222786
0.537983,0.5352516,0.0027313828
-0.054766133,-0.005539969,0.049226165
-0.21715756,-0.15517178,0.061985776
0.16782367,0.19670305,0.028879374
0.54843754,0.5278227,0.020614862
0.61128736,0.5853843,0.025903046
0.25544125,0.27531582,0.019874573
-0.061296247,-0.003973577,0.05732267
-0.032045204,0.020494193,0.052539397
0.40175924,0.40523043,0.0034711957
0.73051876,0.6997207,0.030798078
0.502023,0.49751973,0.00450325
0.08007566,0.11981327,0.039737612
-0.19350566,-0.1271308,0.06637485
0.14516643,0.17709735,0.031930923
0.66929173,0.6512483,0.018043458
0.7427337,0.7193565,0.02337724
0.34202445,0.35658526,0.014560819
-0.18435162,-0.12283438,0.061517246
-0.13689011,-0.080848515,0.0560416
0.4361167,0.4421356,0.006018907
0.8283231,0.8019591,0.026364028
0.7068462,0.66559744,0.04124874
0.12217063,0.15832382,0.036153197
-0.097371124,-0.03496968,0.062401444
0.16877763,0.19783974,0.029062107
0.53582925,0.52269936,0.01312989
0.6955601,0.66648304,0.029077053
0.33587015,0.34821242,0.012342274
-0.103317335,-0.044118665,0.05919867
-0.120294176,-0.06058443,0.059709746
0.32828364,0.34173587,0.013452232
0.7564255,0.7285153,0.027910173
0.6034378,0.59208524,0.011352539
0.05814926,0.098992035,0.040842775
-0.23861909,-0.17122929,0.0673898
0.03680161,0.078055605,0.041253995
0.6205696,0.61009514,0.010474443
0.81990576,0.79334563,0.026560128
0.34100014,0.3561553,0.015155166
-0.15614438,-0.099965155,0.056179225
-0.17878537,-0.121995755,0.056789614
0.2882951,0.3022613,0.013966203
0.6577745,0.6281876,0.029586911
0.59898984,0.5788584,0.020131469
0.17610395,0.20566408,0.029560134
-0.14542536,-0.08092804,0.06449732
0.07909612,0.11808716,0.038991034
0.5691104,0.5568544,0.012255967
0.7637302,0.7332975,0.030432701
0.43058085,0.43512413,0.0045432746
-0.08652079,-0.031497434,0.055023357
-0.16045529,-0.09957774,0.060877547
0.23316944,0.2565994,0.02342996
0.7513786,0.72822696,0.023151636
0.70283574,0.68547046,0.017365277
0.13396946,0.16693968,0.03297022
-0.28247467,-0.21473731,0.067737356
-0.078055926,-0.02873003,0.0493259
0.54362947,0.5414879,0.002141595
0.87435895,0.8464441,0.027914882
0.76978385,0.726675,0.04310888
-0.01425562,0.037353765,0.051609386
-0.112123035,-0.050508022,0.061615013
0.2410326,0.26209733,0.021064728
0.67292637,0.64795995,0.024966419
0.6390813,0.6197895,0.019291818
0.25067323,0.27270398,0.022030741
-0.1708814,-0.10693182,0.063949585
-0.021329312,0.02667471,0.048004024
0.51492995,0.5113245,0.0036054254
0.80717534,0.7775147,0.029660642
0.53375036,0.53063184,0.003118515
-0.044692427,0.0042871507,0.048979577
-0.24444702,-0.17903842,0.0654086
0.22604223,0.2499861,0.023943871
0.7811411,0.7587089,0.022432208
0.7924365,0.77027684,0.022159636
0.22732843,0.2516469,0.024318472
-0.2977627,-0.2324718,0.0652909
-0.03827334,0.005519323,0.04379266
0.36119038,0.36798805,0.0067976713
0.7120297,0.6806737,0.031355977
0.49374422,0.4885344,0.0052098334
0.013792112,0.0604028,0.046610687
-0.15759501,-0.09427229,0.063322715
0.14954309,0.18070398,0.031160891
0.6580457,0.6393828,0.01866293
0.7306364,0.7066538,0.023982644
0.24490742,0.2679273,0.023019865
-0.1708211,-0.109892495,0.060928605
-0.12524363,-0.06968208,0.055561557
0.4341463,0.4397449,0.005598575
0.8434275,0.81454474,0.028882742
0.5468266,0.54436356,0.0024630427
0.020419616,0.061853673,0.041434057
-0.31094387,-0.24357557,0.0673683
0.10583537,0.13872123,0.032885857
0.73458636,0.7182399,0.016346455
0.81399816,0.79252315,0.021475017
0.82013947,0.7766686,0.04347086
-0.08897217,-0.030721137,0.05825104
-0.05548574,-0.0022057632,0.053279977
0.41173503,0.41552806,0.003793031
0.74075836,0.71223027,0.028528094
0.5939786,0.5819388,0.012039781
0.06565152,0.10569275,0.04004123
-0.22361694,-0.15703884,0.066578105
0.13617912,0.16819027,0.03201115
0.6129824,0.6018768,0.011105597
0.80850476,0.7813308,0.027173936
0.34167168,0.35625345,0.01458177
-0.20990966,-0.14869,0.061219662
-0.22477052,-0.16359155,0.061178967
0.33062345,0.3454765,0.01485306
0.8468084,0.8207654,0.026042998
0.6531061,0.64341706,0.009689033
-0.0029606353,0.038212698,0.04117333
-0.3515182,-0.28501505,0.06650317
0.041593913,0.07761479,0.03602088
0.5095942,0.5020433,0.007550895
0.7267325,0.69788337,0.028849125
0.33872682,0.35151473,0.012787908
-0.07449109,-0.020280262,0.054210827
-0.14690548,-0.08683832,0.060067162
0.33030006,0.34390587,0.013605803
0.7822638,0.7544721,0.027791739
0.69288313,0.6748301,0.018053055
0.1390703,0.17131868,0.032248378
-0.26770675,-0.20066129,0.067045465
0.022265552,0.06317268,0.04090713
0.63267,0.6221527,0.010517299
0.86415744,0.83561903,0.028538406
0.44830656,0.45437983,0.0060732663
-0.17835043,-0.12293957,0.055410862
-0.26176375,-0.20118174,0.060582012
0.20945644,0.2331436,0.023687154
0.81681925,0.7953219,0.021497369
0.7521037,0.73628557,0.015818119
-0.53130394,-0.4547469,0.07655704
-0.17678721,-0.11142031,0.0653669
-0.01191931,0.035437115,0.047356427
0.50744647,0.5032845,0.004161954
0.7919427,0.76172835,0.03021437
0.43669772,0.44146287,0.004765153
-0.10988823,-0.054800857,0.055087376
-0.23022328,-0.16551276,0.06471053
0.22814487,0.2514112,0.02326633
0.77061045,0.74748725,0.023123205
0.71778333,0.7004171,0.01736623
0.23035197,0.2540019,0.023649916
-0.28420386,-0.21950002,0.06470384
-0.09679098,-0.048362892,0.048428085
0.54854554,0.5461076,0.0024379492
0.88978076,0.86199,0.027790785
0.55862284,0.5566034,0.002019465
-0.121643275,-0.07368545,0.047957823
-0.34992877,-0.28674862,0.06318015
0.24181676,0.26192096,0.0201042
0.6539275,0.6341419,0.019785583
0.71673906,0.692371,0.024368048
0.24649131,0.2690249,0.022533596
-0.20011744,-0.1357603,0.06435713
-0.040411558,0.0077921357,0.04820369
0.43062717,0.4356769,0.0050497353
0.83039093,0.80091035,0.029480577
0.54186773,0.5387797,0.003088057
-0.06422381,-0.015642459,0.048581354
-0.27179164,-0.2071097,0.06468193
0.110793926,0.14306001,0.032266088
0.72723556,0.7101752,0.01706034
0.805962,0.7837504,0.022211611
0.21905065,0.24263924,0.023588598
-0.27224576,-0.21229802,0.059947744
-0.21357633,-0.15938456,0.05419177
0.44037327,0.44625005,0.0058767796
0.9086671,0.8816599,0.027007163
0.56047994,0.5586639,0.0018160343
-0.5487773,-0.4748256,0.07395169
-0.20838742,-0.14212942,0.066258
0.1403682,0.17206936,0.031701162
0.6781347,0.6598595,0.018275201
0.7524405,0.7288214,0.023619115
0.34131607,0.35547662,0.014160544
-0.19706142,-0.13622628,0.060835138
-0.14796305,-0.09269477,0.05526828
0.43719682,0.44266334,0.005466521
0.83645535,0.8097657,0.026689649
0.6475237,0.6371844,0.01033932
0.0044732983,0.04511438,0.04064108
-0.33827087,-0.27223665,0.06603423
0.094033286,0.12591468,0.031881392
0.65397465,0.64395005,0.010024607
0.8752497,0.8498483,0.025401413
0.32710236,0.3416402,0.014537841
-0.30782956,-0.24930243,0.058527127
-0.32044092,-0.26249343,0.057947487
0.3469208,0.35873508,0.011814296
0.73202413,0.70758903,0.024435103
0.61008453,0.59865046,0.011434078
0.05040807,0.09100303,0.04059496
-0.25311586,-0.18618965,0.06692621
0.02926126,0.06998951,0.04072825
0.62567925,0.6148197,0.010859549
0.8282854,0.8014022,0.026883185
0.33912906,0.35365885,0.014529794
-0.16735385,-0.1122041,0.055149756
-0.24966678,-0.1893483,0.060318485
0.3272115,0.34156382,0.014352322
0.86067635,0.83462936,0.026046991
0.74651897,0.7299712,0.0165478
0.09273859,0.12452515,0.03178656
-0.3776939,-0.31306225,0.06463164
-0.03830925,0.0008765713,0.039185822
0.66074765,0.65101326,0.009734392
0.9180808,0.89148027,0.02660054
0.44117594,0.44710234,0.0059264004
-0.5408119,-0.47119164,0.06962025
-0.17413573,-0.11325073,0.060884997
0.23020573,0.25348577,0.02328004
0.76007545,0.73680717,0.023268282
0.7093669,0.6918169,0.017549992
0.12788998,0.16035706,0.032467082
-0.29654917,-0.22967298,0.06687619
-0.08769539,-0.039281722,0.048413668
0.545139,0.5423854,0.0027536154
0.88070554,0.85238886,0.028316677
0.44789106,0.453731,0.005839944
-0.20067446,-0.14631866,0.0543558
-0.33745062,-0.27440333,0.06304729
0.20067967,0.22343674,0.022757068
0.8251468,0.80350995,0.021636844
0.75699854,0.74094045,0.016058087
0.19606422,0.21866727,0.02260305
-0.3859435,-0.32519218,0.06075132
-0.17052497,-0.12545213,0.04507284
0.5669348,0.5637363,0.0031985044
0.8374511,0.8062562,0.031194925
0.5373041,0.5342788,0.0030252934
-0.054781415,-0.0059479964,0.04883342
-0.25833,-0.193304,0.065025985
0.22231029,0.24587886,0.02356857
0.7202097,0.7030265,0.017183244
0.7982019,0.7757654,0.0224365
0.22256945,0.246173,0.023603544
-0.31094474,-0.24689479,0.064049944
-0.11570845,-0.067979775,0.047728673
0.44020757,0.4458018,0.0055942237
0.9017795,0.87412614,0.027653337
0.5593597,0.5570281,0.0023316145
-0.14086886,-0.09426674,0.046602115
-0.3745277,-0.31322125,0.061306447
0.06372258,0.0940531,0.030330516
0.75800896,0.7420833,0.015925646
0.84006625,0.8195186,0.020547628
0.18040794,0.2022856,0.021877661
-0.5420676,-0.47597352,0.06609407
-0.1390967,-0.083158135,0.05593857
0.43543443,0.4411459,0.005711466
0.85268426,0.8239322,0.028752089
0.54895246,0.5464529,0.0024995804
0.012069798,0.05312551,0.041055713
-0.32486537,-0.25822002,0.066645354
0.0995274,0.13173802,0.03221062
0.7380767,0.72134274,0.016733944
0.8177557,0.79588944,0.021866262
0.32949254,0.34400958,0.014517039
-0.29632267,-0.23741975,0.05890292
-0.23489653,-0.1818864,0.05301012
0.43772972,0.44311932,0.005389601
0.88772154,0.86276937,0.024952173
0.6670035,0.657521,0.009482503
-0.0592386,-0.021269094,0.037969507
-0.43971953,-0.37861297,0.061106563
0.044551693,0.073761255,0.029209562
0.6701855,0.6604654,0.009720087
0.89209473,0.8590072,0.03308755
0.34034982,0.35525966,0.014909834
-0.22300667,-0.16169205,0.061314613
-0.2375432,-0.17645177,0.061091423
0.32876688,0.34355244,0.014785558
0.8535992,0.82759166,0.026007533
0.6555726,0.64574796,0.009824634
-0.011435953,0.029119028,0.04055498
-0.36489365,-0.29941672,0.065476924
-0.030751778,0.008958714,0.039710492
0.6589039,0.64901483,0.009889066
0.88512844,0.8600572,0.025071263
0.32051396,0.33464143,0.014127463
-0.2541056,-0.20207904,0.052026555
-0.34295774,-0.28659979,0.05635795
0.30587927,0.31911808,0.013238817
0.89680386,0.8727044,0.02409947
0.76419777,0.74903864,0.01515913
0.040000677,0.06911445,0.02911377
-0.4993222,-0.4390855,0.060236692
0.0033874696,0.045744866,0.042357396
0.6379084,0.6278295,0.010078907
0.8730814,0.8449527,0.028128684
0.44828957,0.45459625,0.006306678
-0.1898034,-0.1344821,0.055321306
-0.27409056,-0.21380894,0.06028162
0.20502341,0.22843452,0.02341111
0.8211304,0.79953444,0.021595955
0.7545597,0.73851717,0.01604253
0.08008471,0.11163683,0.03155212
-0.40329242,-0.3395591,0.06373331
-0.16154367,-0.11576706,0.045776606
0.55387956,0.55137885,0.0025007129
0.9254739,0.8992021,0.02627182
0.43626872,0.4418185,0.0055497885
-0.28470173,-0.23454694,0.05015479
-0.4324472,-0.37470368,0.05774352
0.1617937,0.18245463,0.020660937
0.8435999,0.8239524,0.019647539
0.96256196,0.9262972,0.036264777
0.22681364,0.25106058,0.024246931
-0.2979471,-0.23280947,0.06513764
-0.10632809,-0.057566807,0.048761286
0.5507467,0.5486624,0.0020842552
0.8970326,0.86959857,0.027434051
0.55958,0.55772084,0.0018591881
-0.13138358,-0.083642684,0.0477409
-0.36253747,-0.29984808,0.062689394
0.19230576,0.2150927,0.022786945
0.75704867,0.74114925,0.01589942
0.8388445,0.81810397,0.020740509
0.18616775,0.20852192,0.02235417
-0.40957493,-0.34989566,0.05967927
-0.18836261,-0.14424036,0.04412225
0.4277291,0.43282434,0.0050952435
0.93208694,0.90682924,0.025257707
0.5514305,0.5494719,0.0019586086
-0.21383308,-0.17141318,0.042419896
-0.4127773,-0.36026046,0.052516848
0.085985266,0.120609574,0.03462431
0.7342202,0.7178808,0.016339421
0.8135133,0.79198766,0.021525621
0.21518919,0.23932442,0.024135232
-0.28449857,-0.22419186,0.060306713
-0.2243226,-0.16989286,0.05442974
0.44000477,0.44613954,0.0061347783
0.91462576,0.887892,0.026733756
0.5607423,0.55898833,0.0017539859
-0.05085155,-0.011684398,0.03916715
-0.42796388,-0.36521304,0.062750846
0.051583357,0.08174599,0.030162632
0.7621331,0.7467249,0.015408218
0.844845,0.82484883,0.019996166
0.3016058,0.31515676,0.013550967
-0.3852351,-0.33123833,0.05399677
-0.31464177,-0.26631954,0.04832223
0.41850168,0.4235347,0.005033016
0.90293485,0.8807575,0.022177339
1.0031971,0.96616745,0.037029624
-0.0030430022,0.038413208,0.04145621
-0.35195348,-0.28516716,0.06678632
0.088754006,0.12136251,0.0326085
0.65827763,0.6489701,0.009307504
0.8824898,0.8577673,0.024722517
0.324986,0.34005743,0.015071422
-0.31948477,-0.2606197,0.05886507
-0.33181024,-0.27366114,0.0581491
0.3106831,0.32489687,0.014213771
0.8967952,0.87280935,0.023985863
0.6693332,0.6605627,0.008770525
-0.074588396,-0.036714666,0.03787373
-0.46299562,-0.40245444,0.060541183
-0.09187251,-0.055320144,0.03655237
0.6628795,0.65404594,0.008833587
0.90492535,0.88247716,0.022448182
0.28798687,0.30121896,0.013232082
-0.33295003,-0.28557232,0.047377706
-0.35376537,-0.3065474,0.047217965
0.28521565,0.30366856,0.018452913
0.86975145,0.8446226,0.025128841
0.7527316,0.73708606,0.015645564
0.087233685,0.119836375,0.03260269
-0.3906834,-0.32532275,0.065360665
-0.04546461,-0.0055669816,0.039897628
0.6641016,0.6550882,0.009013414
0.9245564,0.89861995,0.025936425
0.4404596,0.44689837,0.006438762
-0.27433446,-0.22236978,0.051964685
-0.36454684,-0.3083741,0.05617273
0.16835949,0.19018757,0.021828085
0.84489256,0.82536507,0.019527495
0.76658547,0.7523372,0.014248252
0.0273346,0.056515183,0.029180583
-0.49621662,-0.43801382,0.058202803
-0.23142144,-0.18963204,0.041789398
0.5402069,0.5385529,0.0016540289
0.93575585,0.91300595,0.0227499
1.0491723,1.0107981,0.038374186
-0.21132135,-0.15621297,0.055108383
-0.3500331,-0.2862279,0.06380519
0.19750424,0.22113647,0.023632228
0.83174884,0.81110173,0.020647109
0.7618904,0.74679554,0.015094876
0.19225691,0.21570048,0.023443565
-0.39784217,-0.3363797,0.061462462
-0.17905736,-0.13329278,0.04576458
0.5537865,0.55217826,0.0016082525
0.9330553,0.90816545,0.024889827
0.55543965,0.5542247,0.0012149215
-0.20448841,-0.16037524,0.044113174
-0.45418662,-0.39671665,0.057469964
0.15202004,0.17312239,0.021102354
0.7621189,0.74836946,0.013749421
0.8459997,0.8281303,0.017869413
0.1414305,0.1623515,0.020921007
-0.4953632,-0.44110957,0.054253638
-0.1755507,-0.13939428,0.036156416
0.3870811,0.39746976,0.010388672
0.91002244,0.88336235,0.026660085
0.5614573,0.5600607,0.0013965964
-0.14973035,-0.102366164,0.04736419
-0.38647693,-0.32443756,0.062039375
0.05836972,0.08958932,0.031219602
0.7620369,0.74719274,0.014844179
0.84465533,0.8251808,0.019474506
0.17629355,0.19904082,0.022747263
-0.37454033,-0.31878594,0.055754393
-0.30486992,-0.2548006,0.050069332
0.42293528,0.4289512,0.0060159266
0.9361711,0.9125991,0.023572028
0.5477715,0.5469515,0.0008200407
-0.11394425,-0.07797008,0.035974167
-0.5172464,-0.46028376,0.05696267
-0.000814684,0.027033549,0.027848233
0.75679314,0.74427766,0.012515485
0.8411246,0.82477874,0.016345859
1.0740677,1.0357516,0.03831613
-0.30778962,-0.24853824,0.059251383
-0.24498427,-0.19150533,0.05347894
0.43763736,0.44390792,0.0062705576
0.8935724,0.86978847,0.023783922
0.6693367,0.6609716,0.008365095
-0.06650728,-0.027702011,0.03880527
-0.45143414,-0.38960877,0.061825365
0.03898315,0.06914439,0.03016124
0.66414404,0.656047,0.008097053
0.9047322,0.88287127,0.021860957
0.29304993,0.30734026,0.014290333
-0.4056111,-0.35200465,0.05360645
-0.41581643,-0.36303475,0.05278167
0.277178,0.29072094,0.01354295
0.90289044,0.882684,0.020206451
0.6558883,0.64941317,0.0064751506
-0.1372527,-0.10241066,0.034842044
-0.54726636,-0.49242193,0.05484444
-0.07749215,-0.047380928,0.03011122
0.5902828,0.58608055,0.0042022467
0.89071625,0.8665754,0.024140835
0.31796303,0.33274388,0.014780849
-0.26410693,-0.21170633,0.052400604
-0.35369545,-0.29691252,0.05678293
0.3031797,0.31737807,0.014198363
0.900678,0.87799704,0.022680938
0.76614743,0.75237143,0.013776004
0.034002688,0.06409459,0.0300919
-0.48521012,-0.4257412,0.059468925
-0.10723207,-0.07085027,0.036381803
0.6593725,0.6520753,0.007297218
0.9357003,0.9136147,0.022085607
0.41256696,0.4194384,0.006871432
-0.35126346,-0.3041285,0.047134966
-0.4445808,-0.39378372,0.050797075
0.12254935,0.14325295,0.020703606
0.8364958,0.8211632,0.015332639
0.75058323,0.7400762,0.010507047
-0.74518627,-0.6827682,0.062418044
-0.41544545,-0.35208383,0.063361615
-0.17029066,-0.12453397,0.04575669
0.55372965,0.5519976,0.0017320514
0.9291619,0.9041344,0.025027514
0.43415606,0.4406347,0.0064786375
-0.2943848,-0.24382335,0.050561458
-0.4432904,-0.38514045,0.058149964
0.15694624,0.17864063,0.021694392
0.8439434,0.826022,0.017921388
0.76347166,0.7508243,0.01264739
0.14683826,0.16865069,0.021812424
-0.48521668,-0.429784,0.055432677
-0.24834342,-0.20684277,0.041500658
0.5326676,0.53263843,2.9146671e-05
0.9321162,0.91195726,0.020158947
0.5291492,0.52991736,0.00076818466
-0.27292565,-0.23250943,0.04041621
-0.5332367,-0.48109025,0.052146435
0.15539914,0.17365037,0.018251225
0.68504727,0.6745309,0.0105163455
0.8409508,0.82091755,0.02003324
0.1808948,0.20337565,0.022480845
-0.42079693,-0.3615219,0.05927503
-0.19706056,-0.15292825,0.044132307
0.42485312,0.4308422,0.0059890747
0.93338317,0.9097556,0.02362758
0.5490975,0.54846555,0.00063192844
-0.22241808,-0.17941314,0.043004945
-0.47503364,-0.41913477,0.055898875
0.005242138,0.0337743,0.028532162
0.7570156,0.7451133,0.011902273
0.8410767,0.8254299,0.015646756
0.12831987,0.14984012,0.021520242
-0.45392868,-0.4035468,0.05038187
-0.37774488,-0.3322614,0.04548347
0.38896924,0.39633676,0.0073675215
0.92519236,0.9070848,0.018107533
0.5160176,0.5177906,0.0017729998
-0.75082666,-0.6902693,0.060557365
-0.43963453,-0.37810498,0.061529547
0.044793908,0.074523024,0.029729117
0.7615924,0.74691194,0.014680445
0.9016716,0.8792285,0.022443116
0.2965385,0.31056145,0.014022946
-0.39546236,-0.34179592,0.053666443
-0.3240341,-0.27575997,0.04827413
0.4142278,0.42044336,0.0062155426
0.9013863,0.8812479,0.020138443
0.65675277,0.6505598,0.006192982
-0.13012423,-0.094720505,0.03540372
-0.5372829,-0.48175058,0.055532306
-0.015150325,0.012804964,0.02795529
0.64446336,0.63935983,0.0051035285
0.89467585,0.87789613,0.01677972
0.24996147,0.2646922,0.014730722
-0.4807837,-0.43188366,0.048900038
-0.48907515,-0.44069573,0.04837942
0.2719006,0.28478858,0.0128879845
0.847146,0.8266149,0.020531058
0.6668786,0.6582431,0.008635461
-0.083071105,-0.0460655,0.037005607
-0.47406486,-0.41485637,0.059208483
-0.100086965,-0.06407926,0.036007702
0.6594045,0.6515066,0.007897913
0.9024555,0.881583,0.020872533
0.2817525,0.29571372,0.013961226
-0.34232867,-0.29509172,0.04723695
-0.43520898,-0.38419417,0.05101481
0.2656607,0.2794317,0.0137709975
0.8972225,0.87909406,0.018128455
0.75125676,0.74120486,0.010051906
-0.022144055,0.0060716723,0.028215727
-0.5660673,-0.5123052,0.05376208
-0.1676688,-0.13372083,0.033947974
0.6332634,0.6296563,0.0036070943
0.91889226,0.9026433,0.016248941
0.37283581,0.38173568,0.008899868
-0.72870344,-0.6709317,0.057771742
-0.37599117,-0.32163724,0.054353923
0.16164348,0.18260455,0.020961076
0.84224564,0.82320887,0.01903677
0.7629151,0.7492556,0.013659477
0.019332135,0.047989655,0.02865752
-0.50665283,-0.44974044,0.056912392
-0.24033682,-0.19912969,0.041207135
0.5345435,0.5339993,0.0005441904
0.93124896,0.91060305,0.020645916
0.40187633,0.4091041,0.0072277784
-0.36936206,-0.32358736,0.0457747
-0.52398604,-0.4715475,0.052438527
0.10926657,0.13025577,0.020989202
0.82845247,0.8154153,0.013037145
0.7413352,0.73307747,0.008257747
0.0966281,0.118317366,0.021689266
-0.5598482,-0.5088863,0.05096191
-0.3117316,-0.27257016,0.039161444
0.5133184,0.51591116,0.0025927424
0.9562876,0.92982316,0.026464462
0.5506732,0.54895747,0.0017157197
-0.21393475,-0.17145762,0.04247713
-0.46469113,-0.40916464,0.055526495
0.14476822,0.16518119,0.020412967
0.7573931,0.7443219,0.013071239
0.8411256,0.82436466,0.016760945
0.13366002,0.15459178,0.020931765
-0.5050826,-0.45184052,0.053242087
-0.26516446,-0.22512135,0.040043116
0.39238453,0.39940605,0.0070215166
0.9254365,0.9070503,0.018386185
0.5188374,0.52066416,0.0018267632
-0.28936338,-0.24958053,0.039782852
-0.55101043,-0.49988535,0.05112508
-0.048915196,-0.021224983,0.027690213
0.7317591,0.7246047,0.0071543455
0.81677306,0.80641073,0.010362327
0.07817773,0.100234374,0.022056647
-0.7184275,-0.66244614,0.055981338
-0.31774437,-0.2695866,0.04815778
0.4174103,0.42253488,0.005124569
0.9329387,0.9094867,0.023451984
0.5420999,0.540971,0.001128912
-0.122676924,-0.087946005,0.03473092
-0.5273195,-0.4721377,0.0551818
-0.008813954,0.018398393,0.027212348
0.75099903,0.7395286,0.011470437
0.89563876,0.87775403,0.017884731
0.25473982,0.2689172,0.014177382
-0.4721116,-0.42331013,0.04880148
-0.39474094,-0.35045257,0.044288367
0.37803566,0.38609827,0.008062601
0.8842497,0.8697027,0.01454699
0.62731844,0.62501484,0.0023036003
-0.18988782,-0.1558954,0.033992425
-0.60978496,-0.5579674,0.051817536
-0.06829873,-0.040281847,0.02801688
0.6202837,0.61900115,0.0012825727
0.99628305,0.96844614,0.027836919
0.28670022,0.29973307,0.013032854
-0.41579393,-0.36434045,0.05145347
-0.42571273,-0.37501547,0.050697267
0.2706217,0.28325677,0.012635082
0.8985952,0.8786792,0.019915998
0.6501809,0.64386725,0.006313622
-0.14575733,-0.11182245,0.033934884
-0.556753,-0.5032904,0.053462565
-0.16055457,-0.12719344,0.033361137
0.63654655,0.63192683,0.0046197176
0.8883023,0.87267816,0.015624166
0.23804766,0.25293392,0.01488626
-0.41138145,-0.3673236,0.044057846
-0.5057215,-0.4580882,0.04763332
0.22226891,0.23766907,0.015400156
0.8747187,0.8622668,0.012451947
0.72225773,0.716847,0.005410731
-0.07547587,-0.047006022,0.02846985
-0.6612045,-0.60848486,0.052719653
-0.12972574,-0.09430121,0.03542453
0.65579647,0.6475681,0.008228362
0.93315685,0.91058266,0.022574186
0.40687206,0.41278866,0.0059165955
-0.3605438,-0.31517205,0.04537174
-0.45395184,-0.40490335,0.049048483
0.11553077,0.13543871,0.019907944
0.83173084,0.816863,0.014867842
0.745136,0.73528194,0.009854078
-0.035902806,-0.008542324,0.02736048
-0.5842972,-0.53204393,0.052253246
-0.30427366,-0.26545915,0.038814515
0.50244194,0.5050168,0.002574861
0.91248935,0.8975954,0.014893949
0.36233217,0.37198785,0.009655684
-0.43461716,-0.39076146,0.043855697
-0.59225714,-0.5421047,0.05015242
0.061697733,0.084134944,0.022437211
0.8022746,0.7940442,0.008230388
1.0563105,1.0262926,0.030017972
0.14053819,0.16088894,0.020350754
-0.49537787,-0.4418901,0.053487778
-0.25677577,-0.21700409,0.039771676
0.5285311,0.52752614,0.0010049343
0.9296176,0.90900815,0.020609438
0.5243552,0.52451307,0.0001578927
-0.2812405,-0.24202089,0.039219603
-0.5423178,-0.4914542,0.050863594
0.09772324,0.1180119,0.020288661
0.73675686,0.72791773,0.00883913
0.8216364,0.8097433,0.011893094
0.08477278,0.10621227,0.021439493
-0.5766711,-0.5264409,0.050230205
-0.32619414,-0.28727362,0.03892052
0.35406908,0.363871,0.009801924
0.903016,0.8900426,0.012973368
0.4830778,0.48814192,0.00506413
-0.34771624,-0.3080799,0.039636344
-0.5586953,-0.5105163,0.04817903
-0.025441414,0.0030642434,0.028505657
0.75596666,0.7429202,0.013046443
0.84016573,0.82342714,0.016738594
0.12251279,0.14269544,0.020182654
-0.4631594,-0.4143057,0.048853725
-0.38623536,-0.3421598,0.04407555
0.38470075,0.39118496,0.0064842105
0.9233609,0.904881,0.018479884
0.51192546,0.51335144,0.0014259815
-0.18217354,-0.14885189,0.03332165
-0.6016438,-0.54992634,0.05171746
-0.061059568,-0.033802524,0.027257044
0.7264813,0.7195029,0.0069783926
0.874557,0.8618458,0.012711227
0.21147016,0.22756082,0.016090661
-0.537195,-0.48951295,0.047682077
-0.45564803,-0.41161436,0.044033676
0.3400328,0.3509983,0.010965526
0.8597852,0.84951574,0.010269463
1.0797383,1.0499053,0.02983296
-0.13730577,-0.10312112,0.03418465
-0.5472886,-0.4930593,0.05422929
-0.0211244,0.005536015,0.026660416
0.6429541,0.6366093,0.006344795
0.89448684,0.87653977,0.017947078
0.24552093,0.25913516,0.013614222
-0.48944116,-0.44160146,0.0478397
-0.49750304,-0.45003536,0.04746768
0.229602,0.24357727,0.013975278
0.881552,0.8667081,0.014843881
0.62183475,0.61918235,0.0026524067
-0.20292352,-0.16930851,0.033615008
-0.62626284,-0.57462925,0.051633596
-0.21541686,-0.1815854,0.033831462
0.6065648,0.6057898,0.0007750392
0.8648683,0.8537016,0.011166692
0.3392028,0.35029215,0.011089355
-0.4698159,-0.42507744,0.04473847
-0.48811418,-0.44261706,0.04549712
0.21234462,0.22780734,0.015462726
0.898613,0.87931406,0.019298911
0.7512238,0.7399078,0.011316001
-0.027948095,-0.00090207224,0.027046023
-0.5754813,-0.52276,0.05272132
-0.17413451,-0.14128426,0.03285025
0.63199407,0.62713885,0.0048552155
0.9191903,0.9017233,0.017466962
0.36969325,0.3776859,0.007992655
-0.42675427,-0.38324076,0.043513507
-0.5215435,-0.47429758,0.04724592
0.06902427,0.090323605,0.021299332
0.8083899,0.79811245,0.01027745
0.7179489,0.7120788,0.005870104
-0.08645476,-0.05792017,0.028534587
-0.64901525,-0.5967923,0.052222967
-0.35964966,-0.31955105,0.040098608
0.46900576,0.47464758,0.005641818
0.88934314,0.8776622,0.011680961
1.1099151,1.0802865,0.029628634
-0.37778395,-0.3326762,0.045107752
-0.53332245,-0.48159263,0.051729828
0.10485353,0.12484193,0.019988395
0.82914066,0.81470025,0.014440417
0.7412206,0.7315012,0.009719372
0.09212096,0.11266722,0.020546257
-0.56845385,-0.5181815,0.050272346
-0.3185291,-0.28008795,0.03844115
0.49603382,0.49817932,0.002145499
0.90975034,0.8941768,0.015573561
0.4899757,0.4931576,0.0031819046
-0.34041464,-0.30129686,0.039117783
-0.6075234,-0.5571081,0.050415277
0.052166168,0.074524276,0.022358108
0.7088102,0.7036526,0.00515759
0.79555476,0.7870619,0.008492827
0.04037511,0.063898094,0.023522984
-0.63588786,-0.58372366,0.052164197
-0.29220322,-0.25429475,0.037908465
0.3265212,0.33624652,0.009725332
0.9270006,0.9077221,0.019278467
0.51728916,0.5181318,0.00084263086
-0.29655242,-0.25750378,0.039048642
-0.5597516,-0.50922847,0.050523102
-0.05410411,-0.027351364,0.026752744
0.731662,0.7229252,0.008736789
0.81713504,0.8050559,0.01207912
0.073987104,0.095041625,0.021054521
-0.52958816,-0.48227227,0.047315896
-0.448377,-0.4048582,0.04351881
0.3461859,0.3554646,0.009278715
0.89948624,0.88537806,0.014108181
0.47651318,0.4807756,0.0042624176
-0.23478599,-0.2000812,0.03470479
-0.663104,-0.61004126,0.053062737
-0.10816317,-0.07840082,0.02976235
0.6983005,0.69401103,0.0042894483
0.8501506,0.8394884,0.010662198
1.1163702,1.0883665,0.028003693
-0.48076755,-0.4321466,0.04862094
-0.4026199,-0.35861826,0.04400164
0.37540165,0.38271594,0.0073142946
0.8848517,0.8690201,0.01583159
0.62625295,0.6225787,0.0036742687
-0.19590591,-0.1627289,0.033177003
-0.6181304,-0.5666655,0.051464915
-0.07323968,-0.04606274,0.027176935
0.6112841,0.60870713,0.0025769472
0.869168,0.85574275,0.013425231
0.20178886,0.21732488,0.015536025
-0.5514998,-0.50362253,0.047877252
-0.5580352,-0.509806,0.048229218
0.18791477,0.20447631,0.016561538
0.85539466,0.84364974,0.011744916
0.5899887,0.5897421,0.00024658442
-0.25207874,-0.2159545,0.036124244
-0.68310374,-0.6279536,0.05515015
-0.18320641,-0.14928868,0.033917725
0.55265623,0.5520559,0.000600338
0.8881171,0.87221044,0.015906632
0.3741628,0.38217193,0.008009136
-0.41898948,-0.37528914,0.043700337
-0.513643,-0.46633255,0.04731047
0.2185365,0.23301286,0.014476359
0.8746116,0.8604101,0.014201522
0.7214107,0.71416765,0.007243037
-0.080428936,-0.052857757,0.027571179
-0.6415023,-0.5898744,0.051627934
-0.2279938,-0.19418207,0.033811733
0.5988172,0.5973082,0.0015090108
0.8927016,0.87875515,0.013946474
0.33063775,0.34089208,0.0102543235
-0.48248172,-0.4370724,0.04540932
-0.57781,-0.5278552,0.049954772
0.02650361,0.0507264,0.02422279
0.7820461,0.7734812,0.008564889
0.69067216,0.68607026,0.004601896
-0.88396966,-0.8186725,0.06529719
-0.5930366,-0.5406844,0.05235219
-0.31142873,-0.27258807,0.03884065
0.49925894,0.5015452,0.0022862554
0.9112716,0.8955587,0.015712857
0.35866043,0.36740878,0.0087483525
-0.44175476,-0.39833763,0.043417126
-0.59991354,-0.54997605,0.049937487
0.057152763,0.07865657,0.021503806
0.8002241,0.7899196,0.010304511
0.70955527,0.70321345,0.006341815
0.04531848,0.06745045,0.022131968
-0.6289931,-0.5778206,0.051172495
-0.37203124,-0.3316035,0.040427744
0.46082535,0.46555495,0.0047295988
0.88363236,0.8700161,0.013616264
0.456114,0.46116757,0.00505358
-0.38968328,-0.3470226,0.042660683
-0.6607277,-0.60527587,0.05545181
0.06696765,0.090311415,0.023343764
0.6499105,0.645769,0.0041415095
0.8183525,0.80699205,0.0113604665
0.07894922,0.100384176,0.021434955
-0.5846151,-0.534534,0.050081134
-0.33309895,-0.29439124,0.038707703
0.3496236,0.35874733,0.009123743
0.90058273,0.88616055,0.014422178
0.47943172,0.48304704,0.0036153197
-0.35398746,-0.31488332,0.039104134
-0.62178284,-0.57124263,0.05054021
-0.10323734,-0.07471679,0.028520547
0.7002183,0.6943694,0.005848944
0.78768474,0.7779581,0.009726644
0.029993856,0.053066242,0.023072386
-0.58432776,-0.5340364,0.05029136
-0.50012624,-0.4528378,0.047288448
0.31104657,0.32274872,0.01170215
0.8761696,0.8624011,0.013768494
0.446403,0.4520452,0.0056422055
-0.8818903,-0.81468165,0.06720865
-0.6097962,-0.55800563,0.051790595
-0.06787823,-0.040244915,0.027633317
0.72140163,0.7148775,0.0065241456
0.86988866,0.85715955,0.012729108
0.20562781,0.22126077,0.015632957
-0.54436433,-0.49704605,0.04731828
-0.4624964,-0.4187859,0.0437105
0.3350236,0.34491223,0.009888619
0.8560479,0.8437471,0.012300849
0.5917293,0.59051234,0.001216948
-0.24697325,-0.21232371,0.034649536
-0.6763563,-0.6228675,0.05348879
-0.119291425,-0.08952136,0.029770061
0.5795398,0.57882583,0.00071394444
0.84326077,0.83062834,0.01263243
0.16436704,0.1820758,0.017708763
-0.6018587,-0.5487185,0.053140163
-0.6072208,-0.5527898,0.05443102
0.19406402,0.21174441,0.017680392
0.81996953,0.8094582,0.010511339
0.6152081,0.613789,0.0014190674
-0.21022132,-0.1764385,0.033782825
-0.6337623,-0.582351,0.05141127
-0.22239879,-0.18862624,0.033772543
0.6004524,0.5995049,0.00094753504
0.85920113,0.84729546,0.01190567
0.3333091,0.3433881,0.010078996
-0.47631976,-0.4320936,0.04422617
-0.5714033,-0.522933,0.04847032
0.17694154,0.19365986,0.016718313
0.8466331,0.83434975,0.012283325
0.6911173,0.6852338,0.005883515
-0.124960914,-0.09500861,0.029952303
-0.69526595,-0.63926023,0.056005716
-0.27274162,-0.23491028,0.037831336
0.5708026,0.57032925,0.0004733801
0.8717575,0.85702175,0.014735758
0.3006676,0.31270182,0.012034208
-0.8512142,-0.7833479,0.067866266
-0.5301478,-0.4827078,0.047439992
0.0616235,0.08376306,0.022139564
0.8011463,0.7922332,0.0089131
0.7107956,0.70569813,0.005097449
-0.09348324,-0.06511565,0.028367586
-0.6559044,-0.60415286,0.051751554
-0.36636883,-0.3266919,0.039676934
0.46257776,0.467428,0.0048502386
0.8833077,0.87008697,0.013220727
0.32004756,0.33046752,0.010419965
-0.38462374,-0.34382784,0.040795892
-0.654594,-0.6014893,0.0531047
0.016106501,0.040219218,0.024112716
0.77414775,0.7642976,0.009850144
0.6830442,0.6768534,0.006190777
0.007883976,0.032803405,0.024919428
-0.6777898,-0.61983454,0.057955265
-0.41477725,-0.36813456,0.04664269
0.45193556,0.45706236,0.005126804
0.9292553,0.91521657,0.014038742
0.48221847,0.48709014,0.0048716664
-0.3478066,-0.30847806,0.039328545
-0.61463857,-0.56444514,0.05019343
0.04490587,0.06767448,0.02276861
0.7013729,0.6968216,0.004551351
0.788243,0.77982473,0.008418262
0.033606425,0.056478932,0.022872508
-0.6422199,-0.5907811,0.05143881
-0.38425794,-0.34339294,0.040865004
0.31280637,0.32388023,0.011073858
0.8750778,0.86129725,0.013780534
0.4470136,0.4515848,0.0045711994
-0.4006945,-0.3579881,0.0427064
-0.67220753,-0.6161791,0.056028426
-0.14267643,-0.11022071,0.03245572
0.67739165,0.6713042,0.0060874224
0.76829416,0.757361,0.010933161
-0.0024343168,0.024289342,0.026723659
-0.8334075,-0.76437765,0.06902987
-0.45911753,-0.41509134,0.044026196
0.33861881,0.34954822,0.010929406
0.8916648,0.8798083,0.011856496
0.46894714,0.47440886,0.0054617226
-0.24179633,-0.20715542,0.03464091
-0.66967374,-0.61727226,0.052401483
-0.114964835,-0.085496746,0.02946809
0.6911033,0.68660307,0.0045002103
0.84306705,0.8316107,0.01145637
0.16672948,0.18384227,0.017112792
-0.5963409,-0.54578495,0.050555944
-0.51160455,-0.46401677,0.047587782
0.3021592,0.3136573,0.011498123
0.834373,0.8211897,0.013183296
0.5665609,0.56521773,0.0013431907
-0.28673178,-0.2474501,0.03928168
-0.72326875,-0.6616668,0.061601937
-0.15401562,-0.1192119,0.03480372
0.56920224,0.5679907,0.001211524
0.96345145,0.9488149,0.014636517
0.1945083,0.21162926,0.017120957
-0.558563,-0.5106182,0.047944784
-0.5649082,-0.5167543,0.048153877
0.18089387,0.19839373,0.017499864
0.84810096,0.8378707,0.010230243
0.5828746,0.5832583,0.0003836751
-0.25859126,-0.22316042,0.03543085
-0.68919545,-0.6352349,0.05396056
-0.2684055,-0.23197937,0.036426127
0.57149255,0.57139546,9.7095966e-05
0.8363043,0.8238538,0.012450516
0.30164123,0.31266212,0.011020899
-0.5222392,-0.47315648,0.049082726
-0.6179666,-0.56326944,0.054697156
0.14628428,0.16547012,0.019185841
0.83092356,0.8166477,0.014275849
0.6742161,0.66711533,0.007100761
-0.15701617,-0.12206666,0.03494951
-0.76690954,-0.69944876,0.067460775
-0.2504534,-0.21502884,0.035424575
0.5924942,0.59336656,0.0008723736
0.8863983,0.8751709,0.011227429
0.32409832,0.33578932,0.011691004
-0.4890548,-0.44388074,0.045174062
-0.584207,-0.5348723,0.049334705
0.02018968,0.044401612,0.024211932
0.77563065,0.7675939,0.008036733
0.6842905,0.67951035,0.0047801733
-0.13484399,-0.10430976,0.03053423
-0.7070855,-0.6506984,0.056387067
-0.41054884,-0.36661837,0.04393047
0.43608233,0.4415061,0.0054237545
0.86671686,0.8513952,0.015321672
0.2937372,0.30515498,0.011417776
-0.423879,-0.37704456,0.04683444
-0.69835144,-0.63651717,0.061834276
-0.012230089,0.01598788,0.02821797
0.7650637,0.7531175,0.011946201
1.0208893,1.0041881,0.016701221
0.03931877,0.062982954,0.023664184
-0.6358666,-0.58446467,0.051401913
-0.378369,-0.3374714,0.040897608
0.4554823,0.46191052,0.006428212
0.87857693,0.867074,0.011502922
0.45060286,0.4565993,0.005996436
-0.39570314,-0.35390145,0.04180169
-0.66671175,-0.6127954,0.053916335
0.0076099527,0.032605253,0.0249953
0.6787263,0.67376316,0.0049631596
0.76869375,0.75889957,0.009794176
-2.052874e-05,0.025079383,0.02509991
-0.68856525,-0.63047856,0.058086693
-0.42406628,-0.37738365,0.046682626
0.28917366,0.30165642,0.012482762
0.8653005,0.8486629,0.016637564
0.4297109,0.43460935,0.0048984587
-0.435479,-0.3853417,0.05013728
-0.65343,-0.59046715,0.06296283
-0.13483457,-0.10387517,0.030959405
0.6967605,0.69339454,0.003365934
0.7842566,0.7771375,0.0071190596
0.024811368,0.049115706,0.024304338
-0.5906283,-0.5404628,0.050165534
-0.5060753,-0.45914388,0.046931446
0.30650297,0.31888962,0.01238665
0.87232184,0.85978305,0.012538791
0.44184384,0.44748986,0.00564602
-0.2825577,-0.24474816,0.037809536
-0.71825594,-0.6599685,0.05828744
-0.15052634,-0.117554404,0.03297194
0.6743143,0.66845495,0.005859375
0.83134955,0.81721354,0.014136016
0.14176151,0.16093823,0.019176722
-0.6371496,-0.5782893,0.058860302
-0.54942334,-0.493648,0.055775344
0.2846062,0.29781693,0.013210744
0.8314746,0.81545585,0.016018748
1.0402958,1.0224402,0.017855644
-0.25242925,-0.21635981,0.036069438
-0.68308306,-0.6288691,0.05421394
-0.12405622,-0.09309771,0.030958511
0.57688576,0.57817245,0.0012866855
0.8412017,0.8308039,0.0103978515
0.16037598,0.17889272,0.018516734
-0.6076674,-0.5554965,0.052170873
-0.6128473,-0.5598347,0.05301261
0.1503451,0.16951846,0.019173354
0.8335548,0.8211177,0.012437105
0.5641444,0.5634514,0.0006929636
-0.29456815,-0.2546258,0.039942354
-0.7336808,-0.6714946,0.06218618
-0.30210957,-0.25995696,0.042152613
0.55895275,0.5581246,0.00082814693
0.83201253,0.81657237,0.015440166
0.28627622,0.29887033,0.012594104
-0.55665576,-0.49873543,0.057920337
-0.5732654,-0.5131136,0.060151756
0.120815605,0.14143807,0.020622462
0.8463698,0.83629245,0.010077357
0.6901252,0.6864912,0.0036340356
-0.12919049,-0.09787263,0.03131786
-0.70151293,-0.6451855,0.056327462
-0.27726123,-0.23899923,0.038261995
0.56925714,0.57012784,0.00087070465
0.8710759,0.85784596,0.013229966
0.29803798,0.31020585,0.012167871
-0.5317619,-0.48111683,0.050645053
-0.6279233,-0.57181656,0.056106746
-0.008410685,0.018869525,0.02728021
0.766334,0.75571156,0.010622442
0.67484796,0.6680518,0.006796181
-0.16240327,-0.126894,0.035509273
-0.747657,-0.68093127,0.06672573
-0.44254833,-0.39061484,0.051933497
0.4273566,0.43330413,0.0059475303
0.87126154,0.85262364,0.018637896
1.0696491,1.0496279,0.0200212
-0.38975564,-0.34711978,0.042635858
-0.6608479,-0.60623795,0.054609954
0.013182288,0.038859043,0.025676755
0.77477413,0.7669696,0.007804513
0.6832209,0.6789845,0.0042364
0.005088515,0.03094612,0.025857605
-0.68340147,-0.6259501,0.057451367
-0.41911274,-0.37312794,0.045984805
0.43474782,0.44104892,0.006301105
0.86938184,0.8544557,0.014926136
0.43357676,0.43908975,0.0055129826
-0.43121907,-0.3828796,0.048339456
-0.7077485,-0.6443243,0.06342417
-0.015498865,0.013621289,0.029120155
0.6745724,0.6678221,0.0067502856
0.7690813,0.75671786,0.012363434
-0.018220637,0.011459197,0.029679835
-0.7243271,-0.65542686,0.06890023
-0.36131346,-0.31129763,0.050015837
0.24450621,0.25994816,0.015441954
0.87708914,0.864754,0.012335122
0.44687563,0.45327774,0.006402105
-0.40515435,-0.3607506,0.04440376
-0.67792064,-0.6207038,0.057216823
-0.14548849,-0.11201099,0.033477493
0.67886907,0.67423064,0.0046384335
0.77024996,0.7606999,0.009550035
-0.0042826873,0.02251438,0.026797067
-0.63239616,-0.57483613,0.057560027
-0.54483205,-0.4905083,0.054323763
0.28868467,0.30211827,0.013433605
0.87061614,0.8541852,0.016430914
0.4315264,0.43722463,0.005698234
-0.30996048,-0.2650121,0.0449484
-0.7562376,-0.686411,0.0698266
-0.17195135,-0.13285778,0.03909357
0.677652,0.6701096,0.0075423717
0.8413132,0.82405454,0.017258644
1.076526,1.0548364,0.021689653
-0.6019201,-0.5487254,0.0531947
-0.5165635,-0.46676502,0.04979846
0.30195087,0.31502828,0.013077408
0.837403,0.8257479,0.011655092
0.5682761,0.5685852,0.0003091097
-0.2897301,-0.24925107,0.040479034
-0.72862375,-0.66667813,0.061945617
-0.15595233,-0.12092086,0.035031475
0.5628977,0.56281114,8.6545944e-05
0.8357704,0.8215571,0.014213324
0.1406029,0.16111097,0.020508066
-0.6452522,-0.5836857,0.06156653
-0.6495532,-0.5864083,0.06314486
0.13509175,0.15749407,0.022402316
0.8389425,0.82323575,0.015706778
0.5643384,0.5631392,0.0011991858
-0.31714955,-0.2695567,0.04759285
-0.7679614,-0.6944941,0.073467255
-0.23922446,-0.19472283,0.044501632
0.48587555,0.49031535,0.004439801
0.8391234,0.8272724,0.011851013
0.3018007,0.3144766,0.012675911
-0.52664226,-0.47512662,0.05151564
-0.622813,-0.56603056,0.056782424
0.14624341,0.1667874,0.020543993
0.8354019,0.82230854,0.013093352
0.6780357,0.6720412,0.0059944987
-0.15823899,-0.122830406,0.035408586
-0.7430037,-0.67734426,0.06565946
-0.30733907,-0.26292893,0.04441014
0.562296,0.5618344,0.00046157837
0.8744522,0.85713,0.017322183
0.28841072,0.30227584,0.013865113
-0.5627273,-0.5018505,0.060876787
-0.6606851,-0.5933595,0.06732565
-0.022062946,0.010123502,0.03218645
0.7773114,0.76418066,0.013130724
0.6850546,0.6765441,0.00851053
-0.97384495,-0.8863252,0.087519765
-0.71267563,-0.6526578,0.060017824
-0.41442052,-0.367828,0.046592504
0.43725196,0.44380394,0.006551981
0.8709221,0.8563288,0.014593303
0.29498458,0.30795634,0.012971759
-0.4268363,-0.37811905,0.04871726
-0.70297515,-0.6397314,0.06324375
-0.01212473,0.016837653,0.028962383
0.769739,0.7585112,0.011227787
0.6784522,0.671446,0.0070061684
-0.014782359,0.014770526,0.029552884
-0.72010285,-0.6518106,0.06829226
-0.44775674,-0.3929261,0.05483064
0.43131554,0.43828627,0.0069707334
0.88053757,0.86217314,0.01836443
0.4342495,0.44078538,0.0065358877
-0.45477477,-0.39754418,0.05723059
-0.73873055,-0.66481495,0.0739156
0.032819297,0.06268425,0.029864956
0.5922276,0.59108543,0.0011421442
0.77073663,0.76083815,0.009898484
-0.0012809001,0.025896113,0.027177013
-0.69331354,-0.631789,0.06152451
-0.42723843,-0.37799168,0.04924676
0.29060113,0.30424362,0.01364249
0.87099046,0.85479164,0.016198814
0.43319216,0.43898833,0.0057961643
-0.43760493,-0.3862623,0.051342636
-0.75181454,-0.68294054,0.068874
-0.16892947,-0.13022292,0.038706556
0.67907023,0.6720333,0.0070369244
0.77537453,0.7627571,0.012617409
-0.018692372,0.013099087,0.03179146
-0.66346914,-0.5943747,0.06909442
-0.57245713,-0.5076829,0.064774215
0.28712052,0.3026375,0.015516967
0.88837826,0.8687057,0.019672573
0.4374532,0.44346437,0.006011158
-0.9666806,-0.8775421,0.08913851
-0.72329384,-0.6607744,0.06251943
-0.15306267,-0.11787169,0.035190985
0.67607754,0.67025906,0.005818486
0.83473486,0.8205091,0.014225781
0.1421962,0.1629438,0.020747602
-0.6408915,-0.5792561,0.061635375
-0.55258393,-0.49471465,0.057869285
0.28712514,0.30099434,0.013869196
0.8382583,0.82235795,0.015900373
0.5647001,0.56326246,0.001437664
-0.3141968,-0.2669908,0.047205985
-0.7640258,-0.69054115,0.07348466
-0.17437504,-0.13294575,0.041429296
0.5667109,0.56623536,0.00047552586
0.8495706,0.8326094,0.016961157
0.13553734,0.1600158,0.024478465
-0.67283654,-0.6010129,0.07182366
-0.6763074,-0.60422796,0.07207942
0.17578463,0.19786598,0.022081345
0.7754263,0.76442546,0.011000872
0.56384534,0.5630701,0.000775218
-0.29742935,-0.25471732,0.042712033
-0.73815835,-0.6720997,0.066058636
-0.304621,-0.26007262,0.044548392
0.56105846,0.56039333,0.00066512823
0.8364156,0.82065004,0.015765548
0.28842372,0.3017753,0.013351589
-0.5592431,-0.49938756,0.05985552
-0.6569754,-0.59073657,0.06623882
0.13368708,0.15670726,0.023020178
0.8436132,0.8266856,0.0169276
0.6841371,0.67620665,0.007930458
-0.17422822,-0.13220988,0.04201834
-0.7749175,-0.69689655,0.07802093
-0.32549378,-0.2732385,0.052255273
0.5713131,0.5705262,0.0007869005
0.8942335,0.8739233,0.020310223
0.29159185,0.30654556,0.014953703
-0.92913955,-0.84059334,0.08854622
-0.63341343,-0.57344544,0.059967995
-0.011103988,0.017696345,0.028800333
0.76650476,0.7550113,0.011493444
0.67557704,0.66838044,0.007196605
-0.16415396,-0.12670843,0.03744553
-0.7516658,-0.6818363,0.069829464
-0.44511688,-0.39116234,0.05395454
0.42946574,0.43549877,0.006033033
0.87657124,0.8573796,0.019191623
0.2875535,0.30140013,0.013846636
-0.45234522,-0.39565957,0.056685656
-0.7352086,-0.66093314,0.074275434
-0.023788165,0.010078797,0.033866964
0.7820577,0.7687328,0.013324916
0.6897209,0.68184036,0.0078805685
-0.022561042,0.012151352,0.034712393
-0.74771756,-0.6697088,0.07800877
-0.46637252,-0.40550232,0.0608702
0.4568764,0.46225554,0.0053791404
0.89554834,0.87729657,0.018251777
0.4311428,0.43658164,0.0054388344
-0.4348449,-0.38367552,0.051169395
-0.7119019,-0.6449938,0.06690812
-0.017775495,0.012511086,0.03028658
0.6748418,0.66728497,0.0075568557
0.770476,0.75716096,0.013315022
-0.019015767,0.011628478,0.030644245
-0.72775126,-0.6564536,0.071297646
-0.45372376,-0.39708972,0.05663404
0.2848917,0.29958555,0.014693856
0.88304466,0.86294997,0.020094693
0.4347376,0.44108814,0.006350547
-0.45948532,-0.39929366,0.06019166
-0.781693,-0.7012263,0.08046669
-0.18108489,-0.13637127,0.044713616
0.69229245,0.6840854,0.008207023
0.79204005,0.7774774,0.014562666
-0.024149818,0.010066915,0.03421673
-0.9050706,-0.81690466,0.08816594
-0.5527364,-0.4952977,0.0574387
0.28524175,0.2988155,0.013573736
0.8683259,0.8502535,0.018072367
0.42926043,0.4346977,0.005437255
-0.3130357,-0.26638782,0.046647877
-0.7600722,-0.68765587,0.072416306
-0.17439759,-0.13435254,0.040045053
0.6778041,0.66928375,0.008520365
0.8426601,0.82435405,0.018306077
0.1332357,0.15619627,0.022960573
-0.6700624,-0.59908974,0.07097268
-0.5783934,-0.51162666,0.06676674
0.285777,0.301611,0.015834004
0.85351884,0.8352901,0.01822877
0.5732181,0.5720903,0.0011277795
-0.3294615,-0.27546287,0.05399862
-0.7908267,-0.7090172,0.08180946
-0.18407564,-0.13975857,0.044317067
0.586481,0.5836218,0.0028591752
0.93749607,0.9159674,0.021528661
0.13637586,0.1573631,0.020987242
-0.64942175,-0.5850835,0.06433827
-0.6536333,-0.5879771,0.065656185
0.13153294,0.15401942,0.022486478
0.8362233,0.8187233,0.017499983
0.5618761,0.5595889,0.002287209
-0.3202009,-0.27159333,0.048607558
-0.7714661,-0.69589794,0.07556814
-0.32540503,-0.27513784,0.05026719
0.56484145,0.5628308,0.0020106435
0.8489792,0.82999784,0.018981338
0.28715247,0.30225858,0.015106112
-0.58273447,-0.51401496,0.068719506
-0.6821485,-0.60652256,0.075625956
0.13071425,0.15667455,0.025960296
0.85983574,0.84082985,0.019005895
0.696017,0.68674624,0.009270787
-0.18421273,-0.14023128,0.043981448
-0.8293201,-0.7454493,0.08387077
-0.32838345,-0.2816864,0.04669705
0.5573897,0.55607563,0.001314044
0.86955464,0.85046595,0.019088686
0.28394285,0.29741746,0.013474613
-0.5667131,-0.50448626,0.062226832
-0.664538,-0.5959346,0.0686034
-0.025964905,0.006093597,0.0320585
0.77347416,0.75868803,0.014786124
0.6815229,0.67189413,0.009628773
-0.1795035,-0.13770288,0.04180062
-0.7817778,-0.7029255,0.078852296
-0.46601307,-0.40517253,0.060840547
0.43267977,0.43932247,0.0066426992
0.8919565,0.8705315,0.021425009
0.2877811,0.30378035,0.015999258
-0.47043943,-0.40751666,0.062922776
-0.7592864,-0.679058,0.08022839
-0.030027142,0.0045854077,0.03461255
0.7949412,0.7784211,0.016520083
1.0042845,0.97831243,0.025972068
-0.019592766,0.010412459,0.030005224
-0.72434235,-0.6539097,0.07043266
-0.45206884,-0.3960776,0.055991232
0.4263108,0.43214408,0.005833268
0.87509954,0.8545435,0.020556033
0.42926177,0.43442172,0.0051599443
-0.45875672,-0.40110448,0.057652235
-0.7422891,-0.667144,0.075145125
-0.02847665,0.004590366,0.033067018
0.6836606,0.67401046,0.009650171
0.7824016,0.76673317,0.015668452
-0.02751533,0.0066801975,0.034195527
-0.7538746,-0.6741496,0.07972503
-0.4718164,-0.40893653,0.06287986
0.28561607,0.3015262,0.015910119
0.89746296,0.87521124,0.022251725
0.4377482,0.44361365,0.0058654547
-0.4761058,-0.41465017,0.061455637
-0.77913916,-0.6988917,0.08024746
-0.20077133,-0.15985253,0.040918797
0.6742803,0.66628003,0.008000255
0.7702756,0.7562004,0.01407522
-0.023363793,0.008368035,0.03173183
-0.6674784,-0.59769344,0.06978494
-0.57641417,-0.5114868,0.06492734
0.28208733,0.29627675,0.014189422
0.8823084,0.8604307,0.021877706
0.43193182,0.43693182,0.004999995
-0.32995364,-0.27854982,0.05140382
-0.7881704,-0.7080609,0.08010948
-0.1858495,-0.14190239,0.043947116
0.6889811,0.679236,0.009745121
0.8575391,0.83741134,0.020127773
0.13001485,0.1552841,0.025269255
-0.69184893,-0.61551285,0.076336086
-0.59695464,-0.52724934,0.06970531
0.28574184,0.30003712,0.01429528
0.863064,0.8411895,0.021874487
1.0341647,1.0058488,0.028315902
-0.31835628,-0.2703686,0.04798767
-0.76810384,-0.69260925,0.07549459
-0.32385227,-0.27354974,0.050302535
0.56220764,0.56010264,0.0021049976
0.8444665,0.8251647,0.019301832
0.13079526,0.15394178,0.023146525
-0.6765642,-0.6046701,0.07189411
-0.67986256,-0.607305,0.07255757
0.1284369,0.15222566,0.023788765
0.8531674,0.8326568,0.020510614
0.5711456,0.5679427,0.0032029152
-0.3344317,-0.2812952,0.053136498
-0.79650915,-0.7140624,0.082446754
-0.33823118,-0.2840546,0.05417657
0.5730942,0.57025635,0.0028378367
0.86190015,0.84085476,0.021045387
0.28636968,0.3005966,0.014226913
-0.60058606,-0.5324858,0.06810027
-0.6159063,-0.5470577,0.06884861
0.07504841,0.10154097,0.026492558
0.84129024,0.82339925,0.01789099
0.6811564,0.6721154,0.009041011
-0.17795196,-0.13575245,0.042199507
-0.7786375,-0.70013565,0.07850188
-0.32912895,-0.2776546,0.051474363
0.5669802,0.5640611,0.0029190779
0.8890334,0.8662844,0.022749007
0.28662172,0.3005217,0.013899982
-0.58798313,-0.5201646,0.06781852
-0.68752617,-0.61302465,0.074501514
-0.030525722,0.0037179445,0.034243666
0.78988826,0.7731863,0.016701937
0.69423825,0.6834884,0.010749817
-0.18859817,-0.14417057,0.044427603
-0.80391014,-0.7214538,0.08245635
-0.4802661,-0.41890922,0.061356872
0.43546355,0.43927613,0.0038125813
0.8997707,0.87434274,0.025427938
1.0768669,1.0455192,0.031347632
-0.45565632,-0.39795548,0.057700843
-0.7389428,-0.6623393,0.07660347
-0.026168859,0.007899838,0.034068696
0.7804035,0.76505464,0.015348852
0.6873006,0.67726296,0.010037661
-0.02585583,0.007485177,0.033341005
-0.75108796,-0.67332065,0.07776731
-0.46962145,-0.40898138,0.060640067
0.435302,0.4402679,0.0049659014
0.8967472,0.87307084,0.023676336
0.43768427,0.4424405,0.004756242
-0.47440487,-0.41266128,0.061743587
-0.76421845,-0.6841357,0.080082774
-0.03209266,0.002145517,0.03423818
0.6952741,0.6837493,0.0115247965
0.7933816,0.7754592,0.017922401
-0.034347095,-0.0015373968,0.032809697
-0.7728114,-0.69562244,0.07718897
-0.3913017,-0.33812058,0.05318111
0.21426955,0.2336128,0.019343257
0.8850973,0.8643004,0.020796955
0.4347555,0.44084832,0.0060928166
-0.46225902,-0.40091735,0.061341673
-0.7850962,-0.704012,0.08108425
-0.18312846,-0.13954094,0.04358752
0.691201,0.6805425,0.010658443
0.7902071,0.7732275,0.016979575
-0.027103161,0.00639272,0.03349588
-0.68932015,-0.6146423,0.074677825
-0.59456694,-0.5255644,0.06900257
0.2876401,0.30170643,0.014066339
0.90204483,0.8776016,0.02444321
0.4386125,0.4430399,0.004427403
-0.3414562,-0.28848642,0.052969784
-0.80826133,-0.726881,0.08138031
-0.19366486,-0.15155566,0.042109206
0.6937711,0.68027365,0.013497472
0.86040604,0.83597356,0.02443248
1.0969169,1.0638493,0.033067584
-0.6731554,-0.6004141,0.07274133
-0.5808345,-0.5111535,0.06968099
0.28723505,0.30303067,0.015795618
0.85680145,0.83647686,0.020324588
0.5747159,0.5717036,0.0030122995
-0.33130515,-0.27814388,0.053161263
-0.79380023,-0.7121622,0.08163804
-0.33528292,-0.28235322,0.0529297
0.576654,0.57267874,0.003975272
0.8657482,0.8435803,0.022167921
0.13169548,0.15525524,0.023559764
-0.69601375,-0.62072814,0.07528561
-0.6981745,-0.6229323,0.07524216
0.12840284,0.1515335,0.023130655
0.8654232,0.84213734,0.023285866
0.57468677,0.56908643,0.005600333
-0.34686705,-0.29638085,0.050486207
-0.8141119,-0.7363512,0.0777607
-0.2640366,-0.22076216,0.043274432
0.47885808,0.48298872,0.0041306317
0.85620165,0.83676237,0.01943928
0.2904282,0.3061625,0.015734315
-0.5847426,-0.513665,0.071077585
-0.68450755,-0.6077617,0.07674587
0.13256446,0.15711816,0.024553701
0.864496,0.8427966,0.021699369
0.6990526,0.6875574,0.011495173
-0.18499427,-0.14134638,0.043647885
-0.8014296,-0.719354,0.082075655
-0.33901677,-0.28602275,0.052994013
0.57884645,0.5741336,0.0047128797
0.9058991,0.88042897,0.025470138
0.2879766,0.3008949,0.0129182935
-0.603911,-0.5358549,0.06805611
-0.703802,-0.6305807,0.073221266
-0.037119083,-0.0063935015,0.030725582
0.7897115,0.76877975,0.02093172
0.6879689,0.6725235,0.015445411
-1.0223159,-0.93406886,0.088247
-0.7848617,-0.70313025,0.08173144
-0.4664324,-0.4017087,0.0647237
0.4391245,0.44582674,0.0067022443
0.90135837,0.8779167,0.023441672
0.2923744,0.30748254,0.015108138
-0.47109762,-0.4081792,0.062918425
-0.7615462,-0.68099076,0.08055544
-0.02805531,0.0058903685,0.03394568
0.79933774,0.78108346,0.01825428
0.70188487,0.68954945,0.01233542
-0.029725514,0.003586009,0.033311523
-0.7704837,-0.6910938,0.07938987
-0.48211503,-0.42137256,0.060742468
0.4381986,0.4407778,0.0025792122
0.90298563,0.8761279,0.026857734
0.4337199,0.43533424,0.0016143322
-0.4890489,-0.431763,0.057285905
-0.7795401,-0.7060583,0.0734818
0.013574524,0.037754092,0.024179569
0.6010287,0.5978907,0.0031380057
0.79341584,0.7775627,0.015853167
-0.023696495,0.012976375,0.03667287
-0.75620276,-0.6721759,0.08402687
-0.47162688,-0.4070848,0.064542085
0.29179096,0.30644062,0.014649659
0.90775925,0.88291705,0.024842203
0.44398385,0.44839603,0.004412174
-0.47634226,-0.4141818,0.062160462
-0.80595624,-0.7234845,0.08247173
-0.18951946,-0.14627007,0.0432494
0.70141,0.68826926,0.013140738
0.7987594,0.77912927,0.019630134
-0.03456015,-0.0025804602,0.03197969
-0.70584154,-0.6330007,0.07284087
-0.60861194,-0.54314506,0.06546688
0.27989566,0.28936002,0.009464353
0.8923772,0.86357284,0.028804362
0.42243353,0.42137483,0.0010586977
-1.0090238,-0.92425805,0.08476573
-0.79082286,-0.7069125,0.083910346
-0.18293813,-0.13491517,0.048022956
0.6997234,0.68957984,0.010143578
0.86955017,0.84776706,0.021783113
0.13548946,0.16098918,0.025499716
-0.69324094,-0.6153995,0.07784146
-0.59739417,-0.5267645,0.07062966
0.29195103,0.30550855,0.0135575235
0.8725499,0.8491225,0.023427367
0.58172953,0.57640624,0.005323291
-0.34279844,-0.29035085,0.052447587
-0.8120188,-0.7308281,0.081190705
-0.34596914,-0.29493582,0.051033318
0.57475173,0.5674779,0.007273853
0.86145884,0.83575857,0.025700271
0.1187708,0.1381247,0.019353904
-0.7114824,-0.64266014,0.068822265
-0.7121324,-0.644998,0.06713438
0.15242931,0.16602115,0.013591841
0.8031656,0.78719485,0.015970767
0.58045214,0.5776968,0.002755344
-0.3328513,-0.27507156,0.05777973
-0.79878867,-0.7105049,0.08828378
-0.33649632,-0.28004783,0.05644849
0.5823473,0.57807827,0.004269004
0.8731142,0.84996295,0.023151278
0.29263684,0.30636775,0.013730913
-0.6010577,-0.5310825,0.0699752
-0.7014582,-0.62584037,0.07561785
0.12960531,0.15209395,0.022488639
0.86923045,0.8446273,0.024603128
0.6973072,0.6829592,0.01434803
-0.1977213,-0.15688325,0.040838048
-0.81735206,-0.73926955,0.0780825
-0.35227665,-0.3045038,0.047772855
0.56286806,0.55322385,0.00964421
0.88231033,0.85232353,0.029986799
0.2628833,0.26950493,0.006621629
-0.9652441,-0.88568884,0.07955527
-0.69024074,-0.6115524,0.07868832
-0.026988365,0.0114168115,0.038405176
0.7998379,0.7826245,0.017213404
0.70348155,0.692184,0.011297584
-0.18606889,-0.13948764,0.046581253
-0.8058749,-0.7204474,0.08542746
-0.47974008,-0.416717,0.06302309
0.44232997,0.44572458,0.0033946037
0.9092399,0.8826964,0.026543498
0.28801566,0.30049717,0.012481511
-0.48573694,-0.42510247,0.060634464
-0.77765995,-0.6996901,0.07796985
-0.038905475,-0.008401042,0.030504433
0.78778815,0.76582354,0.02196461
0.68435466,0.66806346,0.016291201
-0.049114667,-0.021315398,0.02779927
-0.7846939,-0.71350867,0.07118523
-0.49790174,-0.44586104,0.052040696
0.42345893,0.41862628,0.004832655
0.93482673,0.9098691,0.024957657
0.44290522,0.44854558,0.0056403577
-0.47458506,-0.40693763,0.06764743
-0.7660873,-0.6793428,0.08674449
-0.02936124,0.006795551,0.036156792
0.7024677,0.6896818,0.012785852
0.80102664,0.78172594,0.0193007
-0.031717572,0.0022023746,0.033919945
-0.77431476,-0.6938037,0.08051103
-0.48504645,-0.4238473,0.06119916
0.28462055,0.29629362,0.011673063
0.9004287,0.8726381,0.027790606
0.42993134,0.43107018,0.0011388361
-0.4927053,-0.43492714,0.05777815
-0.8201786,-0.7436557,0.07652295
-0.20693472,-0.16998342,0.036951303
0.6710184,0.652868,0.018150449
0.75968796,0.7352591,0.024428844
-0.06387014,-0.039503444,0.024366695
-0.9358691,-0.8603589,0.075510204
-0.59990543,-0.52679616,0.07310927
0.28973407,0.30680862,0.017074555
0.9068267,0.88160396,0.025222719
0.44166535,0.44713715,0.005471796
-0.3415061,-0.2851049,0.056401193
-0.8101125,-0.724787,0.08532548
-0.19296417,-0.14910834,0.04385583
0.69785416,0.6839059,0.013948262
0.8648367,0.8399559,0.024880767
0.122375935,0.14424372,0.021867782
-0.709492,-0.63583887,0.07365316
-0.6121232,-0.545839,0.06628418
0.2736526,0.2831028,0.009450197
0.8451974,0.8179629,0.027234495
0.55068135,0.5408529,0.009828448
-0.36430132,-0.31898764,0.045313686
-0.8240026,-0.7522912,0.07171142
-0.3673071,-0.3251341,0.042173
0.5339773,0.52037466,0.013602674
0.9781451,0.94940233,0.02874279
0.13079111,0.15584604,0.025054932
-0.69800895,-0.61582357,0.08218539
-0.7000889,-0.61828566,0.08180326
0.12786868,0.15270136,0.02483268
0.8661193,0.841542,0.02457732
0.57495224,0.56922364,0.0057286024
-0.3479563,-0.29474175,0.05321455
-0.81576174,-0.73365086,0.08211088
-0.35094544,-0.29948354,0.051461905
0.56563485,0.5581126,0.0075222254
0.849803,0.8236665,0.026136458
0.26783112,0.27753875,0.00970763
-0.6180714,-0.5540713,0.06400007
-0.71548146,-0.6471087,0.068372786
0.10020975,0.11641065,0.0162009
0.8176579,0.7885451,0.029112816
0.64217407,0.622792,0.01938206
-0.23031102,-0.19780576,0.03250526
-0.8569127,-0.7879698,0.068942845
-0.35916886,-0.30239013,0.05677873
0.4370445,0.44312885,0.0060843527
0.9023479,0.8762013,0.02614665
0.2850284,0.29975754,0.014729142
-0.60603446,-0.533414,0.07262045
-0.70574576,-0.62856185,0.0771839
-0.03958838,-0.007034924,0.032553457
0.78641504,0.765311,0.021104038
0.6846575,0.6697492,0.014908314
-0.20542747,-0.16429543,0.041132033
-0.8205203,-0.7414047,0.07911557
-0.4963975,-0.4390706,0.057326883
0.4108279,0.40984154,0.0009863675
0.8627762,0.8325074,0.030268848
0.24834745,0.25531918,0.006971732
-0.50766736,-0.45538962,0.052277744
-0.7892233,-0.7213642,0.06785911
-0.07610948,-0.053501476,0.022608
0.7129327,0.68630487,0.026627839
1.0441868,1.0100039,0.034182906
-0.034145802,0.00030683068,0.034452632
-0.7727458,-0.68727773,0.085468054
-0.4851053,-0.41947842,0.06562689
0.4325473,0.43566892,0.0031216145
0.8958849,0.8680228,0.027862072
0.4279917,0.43021896,0.0022272766
-0.49184352,-0.4312078,0.060635716
-0.7812787,-0.7032649,0.07801384
-0.048527382,-0.01814824,0.030379143
0.6723294,0.65618306,0.016146362
0.7627338,0.7401463,0.022587538
-0.060902357,-0.032483544,0.028418813
-0.7878622,-0.7151702,0.07269198
-0.5043366,-0.45103496,0.053301632
0.24029432,0.24572352,0.0054291934
0.82770056,0.79562306,0.03207749
0.36720717,0.36241984,0.004787326
-0.51841474,-0.47021657,0.048198164
-0.8053407,-0.7411757,0.064164996
-0.2232304,-0.17687272,0.04635769
0.69265085,0.68011963,0.012531221
0.7893354,0.7693446,0.019990802
-0.0402649,-0.0057281083,0.034536794
-0.70828855,-0.6313097,0.07697886
-0.61141974,-0.5426874,0.06873232
0.27255523,0.2830769,0.01052168
0.8816078,0.85269606,0.02891171
0.4139726,0.41438857,0.00041598082
-0.36286786,-0.31396133,0.048906535
-0.8229965,-0.74601024,0.07698625
-0.21722437,-0.17967102,0.037553355
0.6478122,0.62978834,0.018023849
0.8017717,0.7729977,0.028774023
0.07691996,0.09226572,0.01534576
-0.7246662,-0.66096044,0.06370574
-0.6296208,-0.57344025,0.056180537
0.21231946,0.21511057,0.0027911067
0.74588436,0.7146434,0.03124094
1.0673611,1.0304171,0.03694403
-0.34759244,-0.29485363,0.052738816
-0.8140709,-0.7287037,0.0853672
-0.350656,-0.2966075,0.05404851
0.5642334,0.5568674,0.0073660016
0.8486809,0.8223008,0.026380122
0.11060322,0.13124512,0.0206419
-0.7139176,-0.6416755,0.07224214
-0.71442574,-0.6433051,0.07112062
0.10172044,0.12025999,0.018539555
0.8209239,0.7932529,0.02767104
0.5283172,0.5182718,0.010045409
-0.3741823,-0.3284564,0.04572591
-0.8266635,-0.7539138,0.072749674
-0.3771773,-0.33409426,0.043083042
0.4980729,0.48511943,0.01295346
0.76012415,0.7296655,0.03045863
0.19934833,0.20245858,0.0031102449
-0.63918924,-0.58544374,0.05374551
-0.6509599,-0.5979077,0.053052187
0.0637837,0.0897184,0.025934704
0.8565412,0.8314895,0.025051713
0.6850158,0.6701994,0.014816403
-0.20416343,-0.16154431,0.042619124
-0.81913936,-0.73819846,0.0809409
-0.35754216,-0.3080346,0.04950756
0.41277054,0.41213772,0.0006328225
0.8659688,0.8360838,0.029884994
0.25148234,0.25979593,0.008313596
-0.62370473,-0.5610626,0.06264216
-0.7192776,-0.6515814,0.06769621
-0.07281042,-0.046896946,0.025913473
0.7192564,0.694262,0.024994373
0.6122026,0.59277606,0.019426525
-0.24476427,-0.2117709,0.03299336
-0.8292892,-0.7611708,0.06811839
-0.52126056,-0.4738471,0.04741347
0.3285494,0.32167235,0.0068770647
0.7414347,0.7076217,0.033813
1.099785,1.0594201,0.04036486
-0.48998398,-0.43077037,0.05921361
-0.77975035,-0.7002838,0.07946652
-0.04635518,-0.015170436,0.031184744
0.77321416,0.7504479,0.022766232
0.6696828,0.6529949,0.01668793
-0.057906393,-0.029200602,0.02870579
-0.78658724,-0.7129877,0.07359952
-0.50244755,-0.4477329,0.05471465
0.3923313,0.39005047,0.0022808313
0.8353122,0.8043884,0.030923784
0.3737575,0.37080926,0.0029482543
-0.5158465,-0.4640058,0.051840693
-0.7916806,-0.7237133,0.067967296
-0.09306704,-0.070236415,0.022830628
0.5838426,0.56285834,0.020984232
0.65884835,0.63186955,0.02697879
-0.12027354,-0.09967963,0.020593911
-0.7975817,-0.7357185,0.061863184
-0.4496808,-0.41090578,0.038775027
0.20318899,0.21804465,0.014855668
0.88732916,0.85852355,0.028805614
0.41888866,0.41918203,0.00029337406
-0.4971506,-0.4390007,0.058149904
-0.8217225,-0.7444848,0.077237725
-0.21390648,-0.17659642,0.037310064
0.65485054,0.63669527,0.018155277
0.74140155,0.71718556,0.024215996
-0.07396033,-0.047981113,0.025979213
-0.72312206,-0.65741616,0.065705895
-0.62773556,-0.56882113,0.058914423
0.21959472,0.22445513,0.004860416
0.79312575,0.7608386,0.03228712
0.3392715,0.33422944,0.0050420463
-0.39911926,-0.35904476,0.040074497
-0.8300095,-0.76403224,0.065977275
-0.26377007,-0.23465207,0.029118001
0.53247887,0.5100941,0.022384763
0.6633137,0.63128084,0.032032847
1.1045275,1.0623822,0.042145252
-0.71191776,-0.64184266,0.070075095
-0.61485,-0.54985,0.065
0.2645334,0.27295533,0.008421928
0.8303614,0.8020515,0.028309941
0.5368244,0.52627766,0.010546744
-0.3703633,-0.32515126,0.04521203
-0.82522833,-0.75275713,0.0724712
-0.3734212,-0.3299312,0.043489993
0.5080512,0.49591842,0.012132794
0.77277786,0.7431822,0.029595673
0.057982203,0.07196598,0.013983775
-0.7286494,-0.66638017,0.06226921
-0.72731614,-0.66612715,0.061188996
0.0399314,0.05174774,0.011816338
0.7045265,0.6731039,0.031422555
0.42177767,0.40683168,0.014945984
-0.4174946,-0.38045943,0.037035167
-0.83202386,-0.76965296,0.062370896
-0.34680527,-0.31646824,0.030337036
0.46522743,0.4615418,0.0036856234
0.84001833,0.81226814,0.027750194
0.25963333,0.26740378,0.007770449
-0.62103564,-0.5589988,0.062036812
-0.71741796,-0.6507333,0.06668466
0.09123573,0.10650721,0.015271485
0.80052465,0.7710791,0.029445529
0.6249968,0.60555977,0.019437015
-0.23870413,-0.20557812,0.03312601
-0.82846606,-0.7594927,0.06897336
-0.38639984,-0.34558555,0.04081428
0.34070307,0.3351588,0.005544275
0.75869846,0.7257003,0.032998145
0.1728691,0.17538682,0.002517715
-0.64565253,-0.5925529,0.053099632
-0.7322219,-0.6745543,0.057667613
-0.13809735,-0.11930649,0.018790856
0.57814735,0.5498186,0.028328776
0.46954986,0.4467405,0.022809356
-1.0093505,-0.9374911,0.07185942
-0.82188296,-0.7483651,0.07351786
-0.49879563,-0.44494176,0.05385387
0.40320462,0.40025762,0.0029470026
0.850521,0.81900215,0.031518877
0.23865725,0.24403743,0.0053801835
-0.51179373,-0.46128958,0.050504148
-0.79042804,-0.72370136,0.066726685
-0.08483428,-0.06222755,0.022606727
0.69269663,0.66648597,0.026210666
0.584135,0.56352323,0.020611763
-0.11107405,-0.08955662,0.021517433
-0.79654604,-0.7329755,0.06357056
-0.5292015,-0.483133,0.04606852
0.29818723,0.29096642,0.0072208047
0.69665825,0.6626643,0.03399396
0.26303133,0.25524783,0.0077835023
-0.55093294,-0.50752795,0.043404996
-0.7985425,-0.7398496,0.058692873
-0.12370569,-0.10986007,0.013845623
0.5748201,0.5622065,0.0126135945
0.7565441,0.7319069,0.024637222
-0.065577194,-0.04060705,0.024970144
-0.78919065,-0.7207785,0.068412125
-0.50701416,-0.45701995,0.0499942
0.23172252,0.2355727,0.003850177
0.8123913,0.7799021,0.03248918
0.35413352,0.34869695,0.0054365695
-0.5229419,-0.47543404,0.047507852
-0.8293265,-0.7635325,0.06579399
-0.25568148,-0.22595501,0.029726475
0.55210906,0.53051156,0.021597505
0.621907,0.5945381,0.027368903
-0.14027819,-0.1208242,0.019453987
-0.7379292,-0.68137634,0.056552887
-0.6488241,-0.5986098,0.05021429
0.11684328,0.11676131,8.197129e-05
0.62309515,0.5886514,0.034443736
0.20644246,0.19774403,0.008698434
-0.9901083,-0.92056507,0.06954324
-0.8240024,-0.7536333,0.070369065
-0.21960363,-0.18630965,0.033293977
0.6411578,0.62118125,0.019976556
0.7922482,0.7621384,0.030109763
0.0698749,0.08267791,0.012803011
-0.7263928,-0.6661648,0.06022799
-0.6317716,-0.5779985,0.053773105
0.20167768,0.20391633,0.0022386461
0.7274785,0.6964307,0.031047821
0.4415711,0.42691025,0.014660835
-0.41021883,-0.37297222,0.037246615
-0.8308321,-0.7677975,0.063034594
-0.41357213,-0.3774004,0.036171734
0.38804188,0.37223357,0.015808314
0.6176464,0.5855741,0.032072306
-0.036925364,-0.02812872,0.0087966435
-0.74357706,-0.6894907,0.054086387
-0.7404412,-0.68706316,0.053378046
-0.030706465,-0.025362471,0.005343994
0.7571842,0.7313808,0.025803387
0.5242701,0.5115217,0.01274842
-0.37679848,-0.33602816,0.040770322
-0.82747275,-0.7604893,0.06698346
-0.37994,-0.34090212,0.039037883
0.48907325,0.474756,0.014317244
0.7471262,0.716188,0.030938208
0.18912594,0.19098406,0.0018581152
-0.6419054,-0.5900756,0.051829815
-0.73012495,-0.6732724,0.05685258
0.02042508,0.030269686,0.009844607
0.6670038,0.63531405,0.031689763
0.4947475,0.47237387,0.022373617
-0.29917893,-0.27229476,0.026884168
-0.83246547,-0.7719142,0.060551286
-0.4336571,-0.39937547,0.03428164
0.21041583,0.20150857,0.0089072585
0.5698276,0.53554076,0.034286857
0.044402003,0.04367252,0.0007294826
-0.94710785,-0.8813959,0.065711975
-0.72125834,-0.65985477,0.061403573
-0.07522387,-0.053583924,0.021639947
0.7130687,0.6864107,0.026657999
0.60457027,0.58345985,0.021110415
-0.2490996,-0.2198397,0.02925989
-0.82985455,-0.7663277,0.06352687
-0.52388203,-0.4794479,0.04443413
0.3178532,0.3103471,0.0075061023
0.72467834,0.6910606,0.033617735
0.14881322,0.14946994,0.000656724
-0.5447814,-0.5017494,0.04303199
-0.79761964,-0.73901147,0.058608174
-0.15739486,-0.13991131,0.017483547
0.53563684,0.50740874,0.028228104
0.42709064,0.4042487,0.02284193
-0.19830352,-0.18144083,0.01686269
-0.8031544,-0.74667895,0.05647546
-0.56728226,-0.52694356,0.040338695
0.15994424,0.14983314,0.0101110935
0.8073562,0.776308,0.031048179
0.3695186,0.36378402,0.0057345927
-0.5178732,-0.47143686,0.04643637
-0.7923617,-0.73042065,0.061941028
-0.09720023,-0.077784196,0.019416034
0.57458186,0.5526411,0.021940768
0.6472588,0.6198023,0.027456522
-0.1270172,-0.10848725,0.018529952
-0.79830235,-0.7392648,0.059037566
-0.5364828,-0.4938903,0.042592525
0.13675845,0.13674936,9.089708e-06
0.6553694,0.6214315,0.03393787
0.23087749,0.22239262,0.00848487
-0.5601743,-0.51873535,0.041438937
-0.83172387,-0.7729401,0.05878377
-0.32361034,-0.29859743,0.02501291
0.37895352,0.35598302,0.022970498
0.42829815,0.40023467,0.028063476
-0.23892564,-0.22276914,0.016156495
-0.91795963,-0.8551248,0.06283486
-0.6327103,-0.5787873,0.05392295
0.21495707,0.21679278,0.0018357038
0.78482985,0.7515093,0.033320546
0.33202073,0.32485574,0.007164985
-0.402594,-0.36649463,0.036099374
-0.83037764,-0.7690164,0.061361253
-0.2683863,-0.24167016,0.026716143
0.5200824,0.49763286,0.022449553
0.64799243,0.6162824,0.03171003
-0.018924134,-0.010355387,0.008568747
-0.74117357,-0.68774223,0.053431332
-0.6540863,-0.60637724,0.047709048
0.087878495,0.08721901,0.00065948814
0.5446435,0.51275516,0.031888366
0.2819333,0.2656863,0.016247004
-0.46783042,-0.4350114,0.032819033
-0.8313212,-0.77410793,0.057213247
-0.4712803,-0.43909353,0.032186776
0.21365085,0.19696362,0.01668723
0.8722669,0.8348843,0.037382603
0.052574802,0.06370248,0.011127677
-0.7299158,-0.6728515,0.057064295
-0.72837913,-0.67236006,0.056019068
0.033631995,0.042905264,0.009273268
0.69236964,0.66071886,0.03165078
0.41065845,0.39496294,0.015695512
-0.42181087,-0.38734227,0.03446859
-0.8322149,-0.77278197,0.059432924
-0.42514706,-0.39141524,0.03373182
0.35252154,0.3363286,0.016192943
0.57272196,0.54097253,0.031749427
0.06753412,0.06692365,0.0006104708
-0.6680261,-0.6212384,0.04678768
-0.74326503,-0.6916081,0.05165696
-0.092146136,-0.0847055,0.007440634
0.45668888,0.42527005,0.03141883
0.29784214,0.27554414,0.022298008
-0.38289967,-0.35868374,0.024215937
-0.8530729,-0.79559785,0.05747503
-0.40642133,-0.368004,0.03841734
0.3319176,0.32430992,0.0076076984
0.7460002,0.71231526,0.03368491
0.1639898,0.16449405,0.0005042553
-0.6477895,-0.5987092,0.049080253
-0.73335433,-0.67949355,0.053860784
-0.14509344,-0.12803896,0.017054483
0.5628704,0.5348822,0.027988195
0.45429075,0.43169,0.02260074
-0.3167073,-0.29152995,0.02517736
-0.8326549,-0.77474535,0.05790955
-0.5609504,-0.52085227,0.04009813
0.17327957,0.16437398,0.00890559
0.5169587,0.48356122,0.033397496
0.009574787,0.008835599,0.00073918793
-0.588434,-0.5489994,0.039434552
-0.8016387,-0.7474591,0.05417961
-0.2616967,-0.24600965,0.015687048
0.31075463,0.28391883,0.0268358
0.897155,0.85543936,0.041715622
-0.118254066,-0.098973885,0.01928018
-0.79742855,-0.73798245,0.059446096
-0.5324867,-0.4900496,0.042437077
0.2862734,0.27777684,0.008496553
0.6796869,0.64578986,0.033897042
0.2500454,0.24152003,0.008525357
-0.5546445,-0.51367766,0.04096687
-0.7989866,-0.7428777,0.056108892
-0.18017896,-0.1639036,0.016275361
0.4064669,0.38378903,0.022677869
0.45914719,0.4314356,0.02771157
-0.2233607,-0.20723403,0.016126677
-0.8041639,-0.7494793,0.05468458
-0.5776242,-0.53840536,0.039218843
-0.0077699902,-0.008623234,0.00085324375
0.42031989,0.38782382,0.032496065
0.054087285,0.045889933,0.008197352
-0.60699034,-0.56821424,0.0387761
-0.8124619,-0.75869477,0.053767145
-0.28919262,-0.2598497,0.02934292
0.5358971,0.5132383,0.022658765
0.6041642,0.57618374,0.027980447
-0.14933214,-0.13194671,0.017385423
-0.73950464,-0.68624234,0.053262293
-0.6513742,-0.6039823,0.04739189
0.103695475,0.10290347,0.00079200417
0.60197777,0.5682264,0.03375137
0.304682,0.28853646,0.016145527
-0.45980167,-0.42722368,0.03257799
-0.831608,-0.7747856,0.05682242
-0.34434903,-0.32021338,0.02413565
0.32639048,0.3041236,0.022266865
0.42390096,0.39318246,0.030718505
-0.14903286,-0.14138483,0.007648036
-0.7559692,-0.7058997,0.05006951
-0.68145996,-0.6367368,0.044723153
-0.07240734,-0.072812796,0.00040545315
0.29091397,0.26178825,0.02912572
0.8742552,0.8307668,0.043488383
-0.4166059,-0.3809349,0.035670996
-0.8312655,-0.77102613,0.060239375
-0.4198752,-0.38604212,0.033833086
0.36952722,0.35309765,0.016429573
0.5948289,0.56291306,0.031915843
-0.050048493,-0.042225085,0.007823408
-0.7452071,-0.69337827,0.0518288
-0.7419307,-0.6905382,0.051392496
-0.07762797,-0.070272684,0.0073552877
0.48433155,0.45306805,0.0312635
0.23071565,0.2148747,0.015840948
-0.48528942,-0.45331228,0.031977147
-0.8318041,-0.77605134,0.055752754
-0.48865342,-0.45709127,0.03156215
0.1533366,0.13809621,0.015240386
0.32378426,0.2943475,0.029436767
-0.09932063,-0.099225625,9.500235e-05
-0.6980163,-0.65360934,0.04440695
-0.7034756,-0.6587306,0.04474497
-0.045683857,-0.033500366,0.012183491
0.64206564,0.60980594,0.032259703
0.47183028,0.4489738,0.022856474
-0.3089389,-0.2835816,0.025357276
-0.8326838,-0.7745466,0.05813718
-0.44102588,-0.40835342,0.032672465
0.1905282,0.18144195,0.009086251
0.54207534,0.5085466,0.033528745
0.026388144,0.025582476,0.00080566853
-0.67590743,-0.6302895,0.045617938
-0.74698544,-0.69662946,0.05035597
-0.24909478,-0.23344977,0.015645012
0.33808464,0.3113901,0.026694536
0.2359086,0.21468046,0.021228135
-0.4082905,-0.3842552,0.024035305
-0.83028847,-0.7754771,0.05481136
-0.6081486,-0.56996375,0.03818482
-0.021757014,-0.028968005,0.0072109904
0.2410717,0.21164799,0.029423714
0.8541992,0.80850285,0.04569632
-0.55070704,-0.50833666,0.04237038
-0.7985561,-0.7414364,0.057119668
-0.17088462,-0.15455323,0.01633139
0.5074162,0.47905353,0.028362662
0.40012172,0.37728405,0.022837669
-0.21245764,-0.19635329,0.016104355
-0.80384845,-0.74903667,0.054811776
-0.573187,-0.5339961,0.03919089
0.12423972,0.11537698,0.008862741
0.44761127,0.4149603,0.032650977
0.074557565,0.066278405,0.00827916
-0.60185665,-0.56311506,0.03874159
-0.8023497,-0.7492462,0.053103507
-0.29453272,-0.2787692,0.015763521
0.17489143,0.15448505,0.02040638
0.20563532,0.18099563,0.024639696
-0.34717578,-0.33074266,0.01643312
-0.8062544,-0.7541418,0.05211258
-0.5732105,-0.53984165,0.033368826
0.05285756,0.056445256,0.0035876967
0.6230556,0.5886333,0.03442228
0.20670033,0.19777831,0.008922011
-0.5668177,-0.52642405,0.04039365
-0.8318086,-0.7744538,0.057354808
-0.33595374,-0.3117927,0.02416104
0.3482498,0.3255408,0.022708982
0.3950859,0.36761758,0.027468324
-0.25513417,-0.23925085,0.015883312
-0.75467813,-0.70451975,0.05015838
-0.6787407,-0.6339966,0.044744074
-0.054555397,-0.055116467,0.0005610697
0.34508458,0.31386063,0.031223953
0.09111796,0.07684979,0.014268175
-0.53178793,-0.5002351,0.03155285
-0.82771224,-0.7735632,0.05414903
-0.44098726,-0.41712078,0.023866475
0.07802346,0.05939341,0.018630054
0.14181659,0.11595221,0.025864378
0.8062506,0.7599281,0.046322465
-0.74369466,-0.69025916,0.053435504
-0.65841657,-0.6113116,0.047104955
0.06472897,0.06350463,0.001224339
0.50836784,0.47636175,0.032006085
0.25123477,0.2349338,0.016300976
-0.47835472,-0.44618607,0.032168657
-0.8311757,-0.77503854,0.056137145
-0.48176262,-0.45016253,0.031600088
0.17554992,0.15987585,0.01567407
0.35147315,0.32153207,0.029941082
-0.19015396,-0.18228096,0.007872999
-0.7599619,-0.71056944,0.04939246
-0.7552438,-0.70621204,0.049031734
-0.22376524,-0.21569428,0.008070961
0.21313073,0.18571365,0.027417079
0.0021624032,-0.01050977,0.012672174
-0.56047046,-0.5288911,0.031579375
-0.8260799,-0.7727777,0.05330223
-0.51838154,-0.49110112,0.02728042
0.24494553,0.23343028,0.011515245
0.5363701,0.50411355,0.032256544
0.0429194,0.042001635,0.00091776624
-0.6728528,-0.626553,0.046299815
-0.7456323,-0.69465566,0.050976634
-0.11411822,-0.106999554,0.0071186647
0.4163395,0.38523105,0.031108439
0.26085716,0.23898393,0.021873236
-0.3981677,-0.37414634,0.024021357
-0.83093727,-0.77580184,0.05513543
-0.5082375,-0.4769508,0.031286687
-0.00015698058,-0.0077838805,0.0076269
0.27154568,0.24150929,0.03003639
-0.14980428,-0.14895998,0.0008442998
-0.7064541,-0.6624246,0.044029474
-0.7597027,-0.71133643,0.04836625
-0.3761006,-0.3595188,0.016581804
0.06402946,0.042338073,0.02169139
-0.02489534,-0.041111022,0.016215682
-0.93188244,-0.8697963,0.062086165
-0.83272105,-0.77440256,0.058318496
-0.5680998,-0.5281487,0.039951086
0.1446825,0.13537167,0.009310827
0.4763492,0.44273198,0.03361723
-0.017116608,-0.01798772,0.00087111257
-0.59647787,-0.5573914,0.03908646
-0.8022349,-0.74861044,0.05362445
-0.2811854,-0.265614,0.015571386
0.26871988,0.24258102,0.026138857
0.16929361,0.14876376,0.020529851
-0.33331755,-0.31707564,0.016241908
-0.80641866,-0.75400007,0.05241859
-0.6218224,-0.58388567,0.037936747
-0.079408996,-0.08566457,0.0062555745
0.16021931,0.13255586,0.027663454
-0.13686126,-0.1417566,0.0048953295
-0.65356,-0.61549586,0.038064122
-0.8016672,-0.7507044,0.050962806
-0.39882666,-0.38399956,0.014827102
0.2986472,0.28056577,0.018081427
0.42350063,0.3952973,0.028203338
-0.24125317,-0.225219,0.016034171
-0.8049054,-0.75027156,0.054633856
-0.58509326,-0.54611015,0.038983107
-0.03443685,-0.0354678,0.001030948
0.37725818,0.34490576,0.032352418
0.022095067,0.014084008,0.00801106
-0.61523193,-0.5766508,0.038581133
-0.8284825,-0.77388555,0.05459696
-0.42961282,-0.40588138,0.02373144
0.10728014,0.08777372,0.019506425
0.13226038,0.10883012,0.023430265
-0.38229218,-0.36543015,0.016862035
-0.7678287,-0.7194647,0.048363984
-0.7077235,-0.6643508,0.04337269
-0.24061894,-0.23820126,0.0024176836
0.046130747,0.021351136,0.02477961
-0.15188384,-0.16097437,0.009090528
-0.91193604,-0.8514059,0.060530126
-0.8313902,-0.7740418,0.05734843
-0.3574475,-0.33335692,0.024090588
0.29250735,0.2698254,0.022681952
0.38481835,0.35379046,0.031027883
-0.1714697,-0.16390574,0.0075639635
-0.75825864,-0.7083159,0.04994273
-0.68600386,-0.641491,0.044512868
-0.09986695,-0.100213856,0.00034690648
0.2476858,0.21903846,0.028647348
0.030777022,0.017184153,0.013592869
-0.55140877,-0.5198439,0.03156489
-0.82586545,-0.77217317,0.05369228
-0.55444115,-0.5232376,0.031203568
-0.05707265,-0.06877988,0.011707228
0.064420424,0.040240806,0.024179619
-0.3497819,-0.33939198,0.010389924
-0.77164274,-0.72389126,0.047751486
-0.76592296,-0.718593,0.047329962
-0.36752978,-0.35831127,0.009218514
0.40346584,0.3749789,0.028486937
0.20203885,0.18587707,0.016161785
-0.49515185,-0.46305242,0.032099426
-0.8313623,-0.77543473,0.055927575
-0.49856603,-0.467083,0.031483024
0.12156202,0.10613339,0.0154286325
0.28409177,0.25462958,0.029462188
-0.1257447,-0.1255807,0.00016400218
-0.7025275,-0.6582265,0.044301033
-0.75811386,-0.70940584,0.04870802
-0.262996,-0.25460273,0.008393258
0.1402299,0.11391625,0.026313648
0.008733435,-0.008640712,0.017374147
-0.4993042,-0.47462296,0.02468124
-0.8236917,-0.7708471,0.052844644
-0.58243495,-0.55109125,0.0313437
-0.21484777,-0.21811776,0.0032699853
-0.02935366,-0.052103627,0.022749968
-0.34031087,-0.33532667,0.0049842
-0.8800888,-0.82233876,0.057750046
-0.74936926,-0.6985845,0.050784767
-0.26369882,-0.24811131,0.015587509
0.30588678,0.2787973,0.027089477
0.20457222,0.18307014,0.021502078
-0.42121422,-0.3972099,0.02400431
-0.82955354,-0.7747748,0.054778755
-0.6146408,-0.5765749,0.03806585
-0.049745247,-0.056953255,0.0072080083
0.20138231,0.17221603,0.029166281
-0.19481023,-0.19346394,0.0013462901
-0.64646566,-0.60837483,0.038090825
-0.80182487,-0.7505071,0.05131775
-0.4078451,-0.3909296,0.0169155
-0.005011895,-0.025327407,0.020315511
-0.09007143,-0.10487588,0.014804445
-0.46387202,-0.4455749,0.018297106
-0.8038269,-0.75345206,0.050374866
-0.6708078,-0.6332753,0.03753251
-0.29016522,-0.2918823,0.0017170906
0.40048298,0.3687875,0.031695485
0.05262089,0.04416373,0.0084571615
-0.60742915,-0.5685834,0.038845718
-0.8022832,-0.74908346,0.053199768
-0.30875373,-0.29313406,0.015619665
0.14550702,0.12488374,0.020623282
0.17336519,0.14861475,0.024750441
-0.36270407,-0.3463275,0.016376555
-0.8060369,-0.75408727,0.05194962
-0.63298947,-0.59529734,0.03769213
-0.21257924,-0.21108848,0.0014907569
0.09057339,0.06413299,0.026440404
-0.18741009,-0.19145595,0.004045859
-0.66495854,-0.62702405,0.037934482
-0.8196449,-0.76744384,0.052201092
-0.5298621,-0.5050539,0.024808228
-0.15314826,-0.16622618,0.013077915
-0.14719364,-0.1632644,0.016070753
-0.5120975,-0.4926843,0.019413173
-0.8579996,-0.80228436,0.055715263
-0.6841519,-0.63907623,0.045075655
-0.07226345,-0.07293451,0.0006710589
0.31590265,0.28444257,0.031460077
0.0668874,0.052452583,0.014434818
-0.5395998,-0.5081325,0.03146726
-0.8266798,-0.77266645,0.05401337
-0.45166048,-0.4279579,0.023702592
0.04963035,0.03097795,0.018652402
0.10946415,0.08372343,0.02574072
-0.32498908,-0.3154001,0.009588987
-0.7697948,-0.72191787,0.047876954
-0.7134967,-0.6705056,0.0429911
-0.283334,-0.28020975,0.003124237
-0.03995176,-0.061533663,0.021581903
-0.20709613,-0.21494114,0.007845014
-0.62494206,-0.5929087,0.032033384
-0.8148385,-0.76350975,0.05132878
-0.6269044,-0.5951372,0.03176725
-0.2936121,-0.29905966,0.0054475665
0.40407214,0.36839384,0.035678297
-0.20465262,-0.19678973,0.007862896
-0.7609685,-0.71160424,0.04936427
-0.75607497,-0.70712817,0.048946798
-0.23888569,-0.23093326,0.007952422
0.18453501,0.15705161,0.027483404
-0.021836096,-0.034553196,0.0127171
-0.4833479,-0.45906806,0.024279833
-0.8247769,-0.77175057,0.05302632
-0.57073367,-0.5396785,0.031055152
-0.11092623,-0.12161911,0.01069288
-0.0016383646,-0.024365475,0.022727111
-0.31121257,-0.30725804,0.0039545298
-0.729988,-0.68696344,0.04302454
-0.7671406,-0.7202896,0.04685104
-0.42068726,-0.4089597,0.0117275715
-0.15107104,-0.16914599,0.018074945
-0.25222418,-0.26215422,0.009930044
-0.598572,-0.5721045,0.026467502
-0.8204079,-0.76867354,0.051734388
-0.52655405,-0.4943793,0.032174736
-0.019345427,-0.026884835,0.0075394083
0.24418469,0.21427079,0.029913902
-0.16734013,-0.16650212,0.0008380115
-0.7089377,-0.66511023,0.043827474
-0.76033676,-0.7122388,0.048097968
-0.38844967,-0.3719988,0.016450882
0.036647264,0.015083935,0.021563329
-0.050851647,-0.066908024,0.016056377
-0.5222515,-0.4974619,0.024789602
-0.82086116,-0.7687773,0.05208385
-0.6634478,-0.6261035,0.037344277
-0.26381165,-0.26597694,0.0021652877
-0.097733155,-0.11862906,0.020895906
-0.38268712,-0.3767147,0.005972415
-0.6942864,-0.65644217,0.03784424
-0.7962355,-0.74706703,0.049168468
-0.5361417,-0.51634747,0.019794226
-0.28346476,-0.2950962,0.011631429
0.37299582,0.3354864,0.03750941
-0.34523776,-0.32894278,0.016294986
-0.80607975,-0.7539058,0.052173972
-0.6262146,-0.58844626,0.037768364
-0.09955647,-0.105685785,0.006129317
0.13172643,0.10434311,0.02738332
-0.15750143,-0.16229,0.0047885776
-0.6580191,-0.6202172,0.03780192
-0.8008526,-0.75028515,0.05056745
-0.43828833,-0.42096582,0.01732251
-0.116379805,-0.13065359,0.014273785
-0.10791762,-0.12532754,0.01740992
-0.4940236,-0.47523883,0.018784761
-0.80207705,-0.7523995,0.04967755
-0.68134403,-0.6440007,0.037343323
-0.40160283,-0.39517823,0.006424606
-0.21134777,-0.22841242,0.017064646
-0.40287843,-0.40055105,0.0023273826
-0.71072733,-0.6727592,0.03796816
-0.79790545,-0.74886113,0.04904431
-0.4575351,-0.43231276,0.025222331
0.08216255,0.06319091,0.018971644
0.10516846,0.08226663,0.022901833
-0.39492074,-0.37802768,0.016893059
-0.76854086,-0.72053725,0.048003614
-0.7100807,-0.66704124,0.04303944
-0.2589915,-0.25643474,0.002556771
0.016486418,-0.0078054103,0.024291828
-0.17562884,-0.18439904,0.008770198
-0.61544997,-0.58371407,0.031735897
-0.8165869,-0.7652098,0.051377118
-0.55434066,-0.52924246,0.025098205
-0.2172133,-0.22836529,0.011151984
-0.18862917,-0.20541842,0.016789258
-0.4859865,-0.47228718,0.013699323
-0.7765982,-0.73032016,0.04627806
-0.73790246,-0.6957875,0.042114973
-0.47110954,-0.46240705,0.008702487
-0.33262223,-0.34429145,0.011669219
0.30595458,0.26912788,0.0368267
-0.55911624,-0.5276113,0.03150493
-0.824788,-0.77152276,0.053265214
-0.56201404,-0.53090864,0.0311054
-0.0819811,-0.093148224,0.011167124
0.03398834,0.010522514,0.023465827
-0.36620262,-0.35565478,0.010547847
-0.7722243,-0.7249249,0.047299385
-0.76641417,-0.7195404,0.04687375
-0.40130448,-0.3901333,0.011171192
-0.11499582,-0.13418134,0.019185513
-0.26828113,-0.27425957,0.0059784353
-0.5866326,-0.56060296,0.026029646
-0.81247634,-0.7619112,0.050565124
-0.6446343,-0.6127356,0.031898677
-0.35534087,-0.3584948,0.0031539202
-0.29843897,-0.3113337,0.01289472
-0.4988113,-0.48907745,0.009733856
-0.7522008,-0.70983785,0.04236293
-0.7509734,-0.70840144,0.042571962
-0.31506535,-0.30341265,0.011652708
0.10713002,0.08194469,0.025185332
-0.020924171,-0.03738741,0.016463237
-0.5107165,-0.48598182,0.024734676
-0.82239115,-0.7700762,0.052314937
-0.5905926,-0.55938154,0.031211078
-0.23888746,-0.2416142,0.0027267337
-0.06275194,-0.08456111,0.021809168
-0.36095053,-0.35558042,0.0053701103
-0.7367105,-0.69406545,0.042645037
-0.76902986,-0.72277343,0.046256423
-0.52154034,-0.50224847,0.019291878
-0.25118643,-0.26386446,0.012678027
-0.3193593,-0.32696933,0.007610023
-0.6233238,-0.59635985,0.02696395
-0.8062017,-0.7563987,0.04980302
-0.7090533,-0.6715212,0.03753209
-0.47817975,-0.4732397,0.0049400628
-0.39491192,-0.40512902,0.0102171
0.240016,0.2036643,0.036351696
-0.6528084,-0.6148275,0.037980914
-0.80155355,-0.75067484,0.050878704
-0.424155,-0.4069037,0.017251283
-0.039890494,-0.05901937,0.019128874
-0.12256093,-0.13632116,0.013760224
-0.47978163,-0.46124613,0.018535495
-0.8031375,-0.7533242,0.04981327
-0.676508,-0.63924086,0.03726715
-0.32187134,-0.32220432,0.00033298135
-0.17803024,-0.19610207,0.01807183
-0.37935042,-0.37778258,0.0015678406
-0.7062929,-0.6685433,0.037749648
-0.7941817,-0.7457269,0.04845482
-0.5692162,-0.54853743,0.020678759
-0.3821762,-0.38754216,0.0053659678
-0.38951066,-0.39712712,0.0076164603
-0.62008244,-0.59759814,0.022484303
-0.79169136,-0.7437736,0.047917783
-0.7057648,-0.67100644,0.03475833
-0.2782816,-0.27248356,0.005798042
0.04880939,0.024000226,0.024809165
-0.2173846,-0.2203919,0.0030072927
-0.6718457,-0.63401055,0.03783512
-0.818317,-0.76664394,0.051673055
-0.5437677,-0.51877594,0.02499175
-0.18879439,-0.20063943,0.011845037
-0.18488245,-0.19962095,0.0147385
-0.5292387,-0.5095128,0.019725919
-0.77659416,-0.7303064,0.046287775
-0.73600084,-0.69397634,0.042024493
-0.45158747,-0.4435435,0.008043975
-0.29065177,-0.30473727,0.014085501
-0.41955158,-0.42032215,0.00077056885
-0.686254,-0.65324706,0.033006966
-0.80039614,-0.7511716,0.049224555
-0.65135944,-0.6237012,0.027658224
-0.47478488,-0.47660202,0.001817137
-0.47286862,-0.47900298,0.006134361
0.15722355,0.122743204,0.03448035
-0.7715913,-0.723949,0.04764229
-0.71787673,-0.67502344,0.042853296
-0.31152728,-0.30743685,0.0040904284
-0.0834434,-0.103339076,0.019895673
-0.24255022,-0.24910341,0.006553188
-0.63573885,-0.6036406,0.032098234
-0.8132794,-0.76253164,0.050747752
-0.6374943,-0.6057209,0.031773448
-0.33017167,-0.33407602,0.0039043427
-0.267847,-0.28170177,0.013854772
-0.5280169,-0.5129793,0.015037596
-0.77767223,-0.7318811,0.04579115
-0.7713611,-0.7259471,0.04541403
-0.5595528,-0.54356486,0.015987933
-0.4072781,-0.4159854,0.008707315
-0.5040358,-0.501618,0.0024177432
-0.67981035,-0.65109307,0.02871728
-0.7935825,-0.74486834,0.04871416
-0.6963076,-0.6653257,0.030981898
-0.19457865,-0.19963467,0.0050560236
-0.047574993,-0.06848165,0.020906653
-0.34066775,-0.33564276,0.0050249994
-0.73436505,-0.69146013,0.042904913
-0.7687302,-0.72217643,0.04655379
-0.4452133,-0.43271157,0.012501717
-0.19564696,-0.21196364,0.016316682
-0.29167852,-0.3000928,0.0084142685
-0.6134442,-0.5867091,0.026735127
-0.80852187,-0.75858545,0.049936414
-0.6635241,-0.6312773,0.03224677
-0.45664477,-0.45246035,0.004184425
-0.3649221,-0.37618834,0.011266232
-0.5462693,-0.5348276,0.011441708
-0.7569824,-0.7148516,0.04213077
-0.77105725,-0.72596854,0.04508871
-0.6433276,-0.62010354,0.023224056
-0.51824385,-0.5207504,0.0025065541
-0.56426656,-0.5624406,0.0018259883
-0.81764823,-0.76290494,0.05474329
-0.80399656,-0.7537279,0.05026865
-0.6714709,-0.6339903,0.037480593
-0.29802805,-0.29891014,0.00088208914
-0.14495319,-0.16396125,0.019008055
-0.41206273,-0.40502086,0.0070418715
-0.70176405,-0.66391593,0.037848115
-0.7955604,-0.7468323,0.04872811
-0.55589956,-0.53556174,0.02033782
-0.3256366,-0.33554673,0.009910136
-0.3881402,-0.39316714,0.0050269365
-0.60765713,-0.58560646,0.022050679
-0.79361224,-0.74568236,0.047929883
-0.71984214,-0.68223435,0.03760779
-0.53150386,-0.5245356,0.00696826
-0.4683754,-0.47559077,0.007215351
-0.58209974,-0.5731035,0.008996248
-0.74354386,-0.7051178,0.03842604
-0.78035444,-0.7332305,0.04712397
-0.67679495,-0.6536367,0.023158252
-0.19945683,-0.20811772,0.008660898
-0.15216802,-0.16787137,0.01570335
-0.51450884,-0.49499175,0.019517094
-0.801516,-0.75204176,0.04947424
-0.6889267,-0.6514788,0.03744787
-0.4306342,-0.42315656,0.007477641
-0.2572241,-0.2724343,0.0152101815
-0.43533856,-0.43177736,0.0035611987
-0.7176028,-0.6796705,0.037932277
-0.80282176,-0.7533886,0.04943317
-0.6415365,-0.6142122,0.02732426
-0.44784114,-0.45067993,0.0028387904
-0.45854527,-0.46343413,0.0048888624
-0.65007955,-0.626564,0.023515522
-0.7765575,-0.73133373,0.045223773
-0.7531674,-0.7113729,0.04179448
-0.6230927,-0.60868156,0.014411151
-0.56448174,-0.5677333,0.0032515526
-0.6319741,-0.62431175,0.007662356
-0.80133766,-0.7476662,0.05367148
-0.81499755,-0.76371133,0.05128622
-0.56970984,-0.5440768,0.025633037
-0.25693142,-0.2665709,0.009639472
-0.23269065,-0.24775626,0.01506561
-0.5095717,-0.49500188,0.014569789
-0.77751505,-0.73139405,0.046121
-0.74144226,-0.6994211,0.042021155
-0.4982859,-0.48860055,0.009685338
-0.37456456,-0.38451752,0.009952962
-0.47802532,-0.4765871,0.0014382303
-0.7021846,-0.6687223,0.033462346
-0.795224,-0.74644965,0.04877436
-0.7021176,-0.6688108,0.033306837
-0.5552069,-0.5507848,0.0044220686
-0.53904885,-0.5424587,0.0034098625
-0.66726345,-0.6471001,0.020163357
-0.7738089,-0.7287202,0.04508871
-0.7673066,-0.7224418,0.044864833
-0.6891695,-0.6690338,0.0201357
-0.18130831,-0.19645663,0.015148312
-0.30246556,-0.30719003,0.0047244728
-0.6007167,-0.5741455,0.026571214
-0.8104986,-0.7600266,0.05047202
-0.65461636,-0.6223886,0.032227755
-0.38873464,-0.39062274,0.0018880963
-0.33881664,-0.35012645,0.0113098025
-0.52407753,-0.51339453,0.010683
-0.75491005,-0.71263146,0.042278588
-0.77114713,-0.7258737,0.045273423
-0.5952841,-0.5779949,0.017289221
-0.47395608,-0.48006678,0.006110698
-0.5360637,-0.53543705,0.00062662363
-0.6995984,-0.670167,0.029431343
-0.787573,-0.7392381,0.048334897
-0.72151095,-0.6874429,0.034068048
-0.64295703,-0.63144004,0.011516988
-0.62274617,-0.6235402,0.0007940531
-0.6980981,-0.680445,0.017653108
-0.78409225,-0.7321127,0.05197954
-0.77009577,-0.72367984,0.046415925
-0.537931,-0.51802593,0.01990509
-0.2871003,-0.29849175,0.011391461
-0.3526977,-0.35907665,0.0063789487
-0.635471,-0.60803276,0.027438223
-0.7949571,-0.74657404,0.048383057
-0.7142112,-0.6765432,0.03766805
-0.5043638,-0.49845558,0.005908191
-0.4312707,-0.44006926,0.008798569
-0.58596534,-0.57302916,0.012936175
-0.73905104,-0.7007034,0.03834766
-0.7822677,-0.7349917,0.04727596
-0.66835034,-0.6441607,0.024189651
-0.5748781,-0.57512164,0.00024354458
-0.61559504,-0.61168087,0.0039141774
-0.71048015,-0.6844789,0.026001275
-0.77557534,-0.7285313,0.04704404
-0.7478389,-0.7090412,0.038797736
-0.7006924,-0.6869903,0.013702095
-0.22193968,-0.23790802,0.015968338
-0.4043091,-0.40187067,0.002438426
-0.7111045,-0.67306757,0.038036942
-0.7926354,-0.744106,0.048529387
-0.5835352,-0.562298,0.021237195
-0.4119616,-0.41625372,0.0042921305
-0.42101115,-0.4274716,0.006460458
-0.6336621,-0.61065495,0.023007154
-0.7896331,-0.74180895,0.047824144
-0.7273181,-0.6893906,0.03792751
-0.6002144,-0.5867717,0.013442695
-0.5283506,-0.533261,0.0049104095
-0.6229708,-0.61235255,0.010618269
-0.74913603,-0.71040696,0.03872907
-0.7800804,-0.73192316,0.048157215
-0.7181233,-0.6878222,0.030301094
-0.66217536,-0.65621996,0.005955398
-0.6817571,-0.6773534,0.0044037104
-0.74083877,-0.7133004,0.02753836
-0.77051854,-0.71953267,0.050985873
-0.7392164,-0.6968297,0.04238671
-0.47127718,-0.4625353,0.008741885
-0.32252544,-0.3355545,0.013029069
-0.44459018,-0.444471,0.00011917949
-0.69277585,-0.6594105,0.03336537
-0.79763925,-0.74835867,0.049280584
-0.6606147,-0.6325568,0.028057933
-0.5010058,-0.50187796,0.00087213516
-0.501813,-0.50689256,0.0050795674
-0.6483047,-0.62888837,0.019416332
-0.7743127,-0.72900987,0.04530281
-0.7545143,-0.7125,0.0420143
-0.6562253,-0.6404389,0.01578641
-0.621527,-0.62156105,3.4034252e-05
-0.67266136,-0.6633058,0.009355545
-0.74873173,-0.7132547,0.035477042
-0.7695868,-0.72155404,0.04803276
-0.7462211,-0.7106349,0.035586238
-0.7317399,-0.7197847,0.011955202
-0.26264682,-0.2798866,0.01723978
-0.54323924,-0.5276358,0.015603423
-0.7771224,-0.7311414,0.04598099
-0.7707418,-0.72513133,0.045610487
-0.5742631,-0.55768037,0.016582727
-0.43530867,-0.44306037,0.0077517033
-0.5263185,-0.5230879,0.0032305717
-0.6878169,-0.6586871,0.029129803
-0.79042614,-0.74164826,0.04877788
-0.71360546,-0.679697,0.033908486
-0.5998561,-0.593654,0.0062021017
-0.5927229,-0.59402174,0.0012988448
-0.6779721,-0.6612331,0.016738951
-0.7633461,-0.7208236,0.04252249
-0.76398647,-0.7189259,0.045060575
-0.71524537,-0.6928092,0.022436142
-0.70058393,-0.69709,0.003493905
-0.73017126,-0.72114015,0.009031117
-0.7591816,-0.7265936,0.032588005
-0.7584315,-0.7094962,0.048935294
-0.67461437,-0.6413914,0.033222973
-0.4765373,-0.47165897,0.0048783123
-0.3928289,-0.40318796,0.010359049
-0.5628146,-0.550727,0.012087584
-0.7576439,-0.7152412,0.042402685
-0.7699576,-0.7246396,0.045318007
-0.6535899,-0.6298638,0.023726106
-0.5421843,-0.5438481,0.001663804
-0.5859613,-0.583345,0.0026162863
-0.7155927,-0.6853327,0.030259967
-0.7781453,-0.73078096,0.047364354
-0.7444166,-0.7056545,0.038762093
-0.67906535,-0.66595334,0.013112009
-0.6729124,-0.67163384,0.0012785792
-0.72615725,-0.7071589,0.018998325
-0.76014376,-0.72039086,0.0397529
-0.76053226,-0.713367,0.047165275
-0.7517822,-0.7233242,0.028458
-0.76911926,-0.76064295,0.008476317
-0.32081485,-0.33763146,0.016816616
-0.61865187,-0.5961433,0.022508562
-0.79150206,-0.7434058,0.04809624
-0.72271985,-0.68478626,0.037933588
-0.54995817,-0.5422747,0.007683456
-0.4942152,-0.5005404,0.0063251853
-0.59957963,-0.58988494,0.0096946955
-0.745559,-0.7067841,0.038774848
-0.7776329,-0.73027223,0.04736066
-0.6911807,-0.66586,0.025320709
-0.63579875,-0.6310275,0.0047712326
-0.65442187,-0.6512877,0.003134191
-0.7300694,-0.7029766,0.027092814
-0.7695549,-0.7222428,0.04731214
-0.75146514,-0.71204394,0.0394212
-0.7363126,-0.71667457,0.019638062
-0.7476339,-0.7429135,0.00472039
-0.76822114,-0.7508265,0.017394662
-0.7629917,-0.72249186,0.040499866
-0.75038743,-0.7025526,0.047834814
-0.65706366,-0.628327,0.028736651
-0.47166952,-0.47365594,0.0019864142
-0.48352444,-0.4875247,0.0040002465
-0.66030127,-0.63626343,0.024037838
-0.7752708,-0.72977495,0.045495868
-0.7534936,-0.71135855,0.04213506
-0.6377439,-0.6226591,0.015084803
-0.5883899,-0.5907753,0.0023854375
-0.64996433,-0.6415719,0.008392453
-0.7438267,-0.70845544,0.035371244
-0.77329737,-0.7249549,0.048342466
-0.73311454,-0.70181006,0.03130448
-0.70662457,-0.69864553,0.007979035
-0.7253935,-0.7207847,0.0046087503
-0.75618047,-0.7316379,0.02454257
-0.76046586,-0.7147212,0.045744658
-0.75461394,-0.7113883,0.043225646
-0.7753129,-0.7535088,0.021804094
-0.81001985,-0.8012943,0.008725524
-0.3930917,-0.4076813,0.014589578
-0.7078447,-0.67407644,0.033768237
-0.7924016,-0.7435181,0.048883498
-0.7074983,-0.67377937,0.033718944
-0.5762351,-0.5709436,0.0052915215
-0.5642754,-0.5667148,0.0024394393
-0.6794288,-0.65862083,0.020807981
-0.7721446,-0.7267112,0.045433402
-0.76562417,-0.7203898,0.045234382
-0.7024167,-0.6804875,0.021929204
-0.67571837,-0.67333215,0.0023862123
-0.7143454,-0.7030269,0.011318505
-0.7533969,-0.7210506,0.03234631
-0.7628543,-0.71444714,0.048407137
-0.7538592,-0.7173811,0.036478102
-0.76680464,-0.75284916,0.013955474
-0.7915455,-0.78377306,0.0077724457
-0.79096764,-0.76840895,0.02255869
-0.75704646,-0.7131058,0.043940663
-0.75085115,-0.7065507,0.044300437
-0.6224385,-0.6025531,0.019885361
-0.50312066,-0.5080577,0.0049370527
-0.56120765,-0.55954534,0.0016623139
-0.7077369,-0.6778046,0.02993232
-0.7844599,-0.73591083,0.048549056
-0.7265926,-0.69201726,0.034575343
-0.66102463,-0.6486336,0.012391031
-0.6477023,-0.6474691,0.00023317337
-0.7120501,-0.693646,0.018404067
-0.7636786,-0.7207352,0.042943418
-0.76082295,-0.71538717,0.045435786
-0.7439565,-0.71585023,0.028106272
-0.7493166,-0.7417489,0.007567644
-0.77074647,-0.759721,0.011025488
-0.769907,-0.7362934,0.033613622
-0.7521482,-0.7043692,0.047779024
-0.75680566,-0.71593374,0.04087192
-0.80558395,-0.7858997,0.019684255
-0.848452,-0.83874184,0.009710133
-0.4632094,-0.47581238,0.012602985
-0.7429273,-0.70437986,0.038547456
-0.78023356,-0.73291004,0.047323525
-0.68089825,-0.6560307,0.024867535
-0.60284185,-0.6018313,0.0010105371
-0.6406379,-0.6355831,0.005054772
-0.72120184,-0.69451207,0.026689768
-0.77282566,-0.7254498,0.047375858
-0.7501672,-0.7108427,0.039324462
-0.71805656,-0.70299655,0.015060008
-0.72642547,-0.72262543,0.0038000345
-0.7547297,-0.73795944,0.016770244
-0.7629679,-0.7225283,0.040439606
-0.75387263,-0.7062765,0.047596157
-0.76815456,-0.73843294,0.029721618
-0.80457383,-0.791728,0.012845814
-0.8269157,-0.81552786,0.011387825
-0.7913271,-0.7600932,0.031233907
-0.73961353,-0.6913536,0.048259914
-0.7545743,-0.71212447,0.042449832
-0.6330403,-0.61634207,0.016698241
-0.5623425,-0.5657094,0.0033668876
-0.64605033,-0.63435423,0.0116961
-0.75265837,-0.713616,0.039042354
-0.77696925,-0.7286762,0.048293054
-0.72705907,-0.6961009,0.030958176
-0.68733364,-0.6801381,0.0071955323
-0.70749193,-0.7018542,0.0056377053
-0.75074375,-0.722461,0.028282762
-0.7632699,-0.7175422,0.04572773
-0.75605816,-0.7128875,0.04317063
-0.7652004,-0.7438933,0.021307051
-0.79441345,-0.78737813,0.007035315
-0.802914,-0.7871203,0.01579374
-0.77085286,-0.73282236,0.038030505
-0.7406709,-0.6917302,0.04894072
-0.77574134,-0.7408397,0.03490162
-0.8488066,-0.8335089,0.015297711
-0.8769383,-0.8646711,0.012267172
-0.5355888,-0.5454109,0.009822071
-0.77380186,-0.7285844,0.045217454
-0.75621724,-0.71409357,0.042123675
-0.67679113,-0.6599676,0.01682353
-0.65324074,-0.6517331,0.0015076399
-0.69722396,-0.68663216,0.010591805
-0.7542979,-0.7183113,0.035986602
-0.7661376,-0.717859,0.04827857
-0.7514082,-0.71520317,0.036205053
-0.75231445,-0.73900104,0.013313413
-0.7742389,-0.76720923,0.0070296526
-0.778365,-0.7524355,0.02592951
-0.7553595,-0.7091974,0.04616207
-0.74888927,-0.702703,0.04618627
-0.7903192,-0.7632622,0.027056992
-0.8479099,-0.8371661,0.010743856
-0.8423485,-0.8242881,0.018060446
-0.7864094,-0.75067556,0.03573382
-0.72641164,-0.6769053,0.049506366
-0.7764104,-0.73878473,0.03762567
-0.6394272,-0.6290953,0.010331869
-0.62717617,-0.62681323,0.00036293268
-0.698563,-0.68082327,0.017739713
-0.76437604,-0.7217297,0.04264635
-0.7630065,-0.71782583,0.04518068
-0.7308657,-0.7075102,0.023355544
-0.7296996,-0.72471195,0.004987657
-0.75468266,-0.7443561,0.010326564
-0.7663726,-0.7331244,0.033248246
-0.7547566,-0.7062425,0.048514128
-0.7609501,-0.7236621,0.03728801
-0.7957204,-0.77655137,0.019169033
-0.8344206,-0.8253549,0.009065747
-0.8128428,-0.78882027,0.02402252
-0.7531546,-0.7086031,0.04455149
-0.73899764,-0.6921673,0.046830356
-0.795353,-0.7630735,0.03227949
-0.88298213,-0.8683228,0.014659345
-0.88413084,-0.8667274,0.017403424
-0.69278914,-0.63844466,0.054344475
-0.77581745,-0.72871715,0.047100306
-0.7485237,-0.7096118,0.03891194
-0.7025166,-0.6882126,0.014304042
-0.7049728,-0.70205855,0.00291425
-0.74446046,-0.7244727,0.019987762
-0.76269513,-0.72262585,0.040069282
-0.75755733,-0.71023566,0.047321677
-0.7623177,-0.73307216,0.029245555
-0.79323375,-0.783402,0.009831727
-0.809098,-0.796031,0.013067007
-0.7875425,-0.75670415,0.03083837
-0.7441259,-0.69605374,0.04807216
-0.7570196,-0.7154626,0.041556954
-0.8296513,-0.8083799,0.021271408
-0.8819178,-0.8702988,0.011618972
-0.849941,-0.8274796,0.022461414
-0.7574008,-0.7146609,0.042739928
-0.7193465,-0.6702599,0.04908663
-0.8102218,-0.7778263,0.032395482
-0.6727444,-0.6639031,0.008841276
-0.685348,-0.6806856,0.0046623945
-0.7425887,-0.7149144,0.027674317
-0.7666912,-0.7195377,0.047153533
-0.7569317,-0.7141747,0.042757034
-0.75372624,-0.7330988,0.020627439
-0.7755101,-0.76928735,0.006222725
-0.78634465,-0.76789236,0.018452287
-0.76433516,-0.72347087,0.04086429
-0.74526626,-0.6966332,0.04863304
-0.7733474,-0.7388691,0.034478307
-0.8375437,-0.82281554,0.0147281885
-0.86003524,-0.8467593,0.013275921
-0.800917,-0.76866835,0.032248676
-0.7376389,-0.6904989,0.047140002
-0.7410444,-0.6959132,0.045131207
-0.8369598,-0.8106329,0.026326895
-0.91668296,-0.90296084,0.013722122
-0.88489676,-0.8637475,0.021149278
-0.67981374,-0.62546206,0.054351687
-0.769773,-0.7217997,0.047973335
-0.7419556,-0.7102883,0.031667292
-0.73223746,-0.7229435,0.009293973
-0.7530521,-0.74699086,0.006061256
-0.76913667,-0.743881,0.02525568
-0.7581968,-0.712456,0.045740783
-0.7540978,-0.7107138,0.043384016
-0.78939044,-0.76668155,0.022708893
-0.8322944,-0.82227665,0.010017753
-0.8314726,-0.8140306,0.017441988
-0.77326775,-0.7346239,0.038643837
-0.73095435,-0.681819,0.049135327
-0.7673425,-0.7282725,0.03907001
-0.86107546,-0.84156084,0.01951462
-0.9028329,-0.888932,0.013900936
-0.8265813,-0.79646677,0.030114532
-0.72408247,-0.6762267,0.047855794
-0.7176964,-0.66967,0.048026443
-0.83200693,-0.801844,0.03016293
-0.7061818,-0.70079947,0.005382359
-0.73593545,-0.72357774,0.012357712
-0.76033664,-0.7277143,0.032622337
-0.7587558,-0.71062595,0.048129857
-0.75775886,-0.7210697,0.036689162
-0.7854982,-0.7705011,0.014997125
-0.81381154,-0.8047882,0.009023368
-0.8031088,-0.7797895,0.023319304
-0.755324,-0.711258,0.044066012
-0.7423111,-0.6959526,0.046358526
-0.8041541,-0.77603215,0.028121948
-0.87765867,-0.865179,0.012479663
-0.8747506,-0.85791093,0.016839683
-0.7886555,-0.7522162,0.0364393
-0.71556276,-0.6657908,0.049771965
-0.7651057,-0.7249932,0.040112495
-0.8642432,-0.8401341,0.024109125
-0.93240637,-0.9175192,0.014887154
-0.8524179,-0.8243712,0.028046668
-0.67155355,-0.61782086,0.053732693
-0.758762,-0.7135518,0.045210183
-0.7527854,-0.7243082,0.028477192
-0.7709223,-0.76224875,0.008673549
-0.7897772,-0.77774805,0.012029171
-0.7745725,-0.74069625,0.03387624
-0.7480276,-0.7004093,0.04761833
-0.7568501,-0.7158636,0.040986538
-0.8179321,-0.79745,0.020482123
-0.8659721,-0.8551809,0.0107911825
-0.8277285,-0.8026283,0.025100231
-0.7591109,-0.7168825,0.0422284
-0.7240293,-0.6754212,0.048608124
-0.80037445,-0.7672973,0.03307712
-0.90220904,-0.8861851,0.016023934
-0.8991228,-0.88050383,0.018618941
-0.80802125,-0.77379465,0.034226596
-0.70368654,-0.65398645,0.04970008
-0.7385088,-0.6945723,0.04393649
-0.8744852,-0.8494313,0.025053918
-0.7490662,-0.7435923,0.005473852
-0.7691483,-0.75170445,0.017443836
-0.7632208,-0.7228243,0.04039651
-0.74990666,-0.702554,0.04735267
-0.7744062,-0.74434704,0.030059159
-0.82004315,-0.8063229,0.013720274
-0.84263974,-0.8303279,0.012311816
-0.79575825,-0.7641708,0.031587422
-0.7348649,-0.68669504,0.04816985
-0.7434308,-0.6988375,0.044593275
-0.82983965,-0.8041812,0.025658429
-0.9044749,-0.8914334,0.013041496
-0.8614206,-0.8379379,0.02348268
-0.7514292,-0.7083022,0.043127
-0.7038879,-0.65375954,0.05012834
-0.78131545,-0.74373907,0.037576377
-0.906964,-0.88732046,0.019643545
-0.9260166,-0.9079845,0.018032134
-0.80344844,-0.76822025,0.035228193
-0.6620164,-0.608546,0.053470373
-0.7546427,-0.7114893,0.043153405
-0.7755671,-0.7537767,0.021790385
-0.8121116,-0.8041853,0.007926345
-0.81544715,-0.79898447,0.016462684
-0.77144086,-0.73333395,0.03810692
-0.7356428,-0.6868978,0.048744977
-0.77769464,-0.74258465,0.035109997
-0.8598832,-0.8438498,0.016033411
-0.8887169,-0.8756398,0.01307708
-0.8219527,-0.7924562,0.029496491
-0.72847044,-0.68110085,0.0473696
-0.73362875,-0.68817997,0.04544878
-0.82299834,-0.79251176,0.030486584
-0.9250329,-0.90939164,0.015641272
-0.8914052,-0.8693573,0.022047937
-0.760242,-0.7190653,0.041176677
-0.685771,-0.6349091,0.050861895
-0.750902,-0.7092761,0.041625917
-0.8939918,-0.8709028,0.023089051
-0.79353803,-0.78849846,0.0050395727
-0.78516155,-0.7588931,0.026268482
-0.7517986,-0.70576066,0.046037972
-0.74530846,-0.6992479,0.046060562
-0.7958521,-0.7684648,0.027387321
-0.8606093,-0.84913963,0.011469662
-0.851022,-0.8323994,0.018622577
-0.7868013,-0.75090545,0.035895824
-0.7208647,-0.671489,0.049375713
-0.7654202,-0.725838,0.039582193
-0.87398505,-0.85344684,0.02053821
-0.9180284,-0.90300626,0.015022159
-0.8492556,-0.8217275,0.027528107
-0.72723705,-0.68109965,0.046137393
-0.7071087,-0.65878165,0.04832703
-0.8243225,-0.7926554,0.031667113
-0.9369048,-0.9198944,0.01701039
-0.91292197,-0.8921729,0.020749092
-0.77094126,-0.7319812,0.03896004
-0.66111493,-0.60889107,0.05222386
-0.7613061,-0.72348255,0.037823558
-0.8048476,-0.7852323,0.019615293
-0.8476377,-0.8379277,0.009710014
-0.81871134,-0.7943236,0.024387717
-0.74981874,-0.705301,0.044517756
-0.73473036,-0.68797725,0.04675311
-0.7968309,-0.764336,0.032494903
-0.89067966,-0.8754544,0.015225232
-0.8899451,-0.87202865,0.017916441
-0.7871317,-0.75010246,0.037029266
-0.70928663,-0.6599769,0.04930973
-0.7416935,-0.6982042,0.043489277
-0.86844677,-0.84355086,0.024895906
-0.93965584,-0.92387307,0.015782773
-0.8506033,-0.8219252,0.02867806
-0.73022974,-0.6857301,0.044499636
-0.67878956,-0.6282443,0.050545275
-0.7915227,-0.7556497,0.035872996
-0.92399454,-0.9046253,0.019369245
-0.8377878,-0.8323564,0.0054314137
-0.7905824,-0.759477,0.0311054
-0.73944175,-0.6913676,0.048074126
-0.7551366,-0.7135004,0.04163623
-0.8357655,-0.8141154,0.021650076
-0.89102924,-0.87888134,0.012147903
-0.85415226,-0.8313305,0.022821784
-0.7540212,-0.7112424,0.04277885
-0.7138697,-0.6648433,0.04902637
-0.8018365,-0.7680465,0.033789992
-0.9007516,-0.8817132,0.01903838
-0.920355,-0.90287584,0.017479181
-0.80468,-0.76986724,0.03481275
-0.6916399,-0.6415792,0.05006069
-0.71087724,-0.66404337,0.046833873
-0.84546214,-0.81638205,0.029080093
-0.94309425,-0.9261959,0.016898334
-0.8671054,-0.8405869,0.026518524
-0.71250594,-0.6672619,0.045244038
-0.65622795,-0.6046801,0.051547825
-0.77331126,-0.7378974,0.03541386
-0.84713835,-0.8319504,0.015187919
-0.8693601,-0.8556184,0.013741672
-0.80205035,-0.7695548,0.03249556
-0.7329965,-0.6857953,0.047201216
-0.737169,-0.691971,0.045198023
-0.8390127,-0.8124082,0.026604474
-0.9216852,-0.9075393,0.014145911
-0.8867021,-0.865223,0.02147913
-0.7632168,-0.7223892,0.040827572
-0.6920728,-0.641503,0.050569832
-0.77658844,-0.73843175,0.03815669
-0.9097825,-0.8894156,0.020366907
-0.9376007,-0.9203154,0.017285287
-0.82107586,-0.788607,0.032468855
-0.6835019,-0.63410836,0.049393535
-0.6932784,-0.6456678,0.04761058
-0.8083275,-0.77523947,0.03308803
-0.92675036,-0.9083985,0.018351853
-0.87730473,-0.87055093,0.0067538023
-0.7725447,-0.73359716,0.038947523
-0.7258613,-0.6765246,0.04933673
-0.7662001,-0.72688377,0.039316356
-0.8666376,-0.8467532,0.019884408
-0.90924674,-0.8949489,0.014297843
-0.8268238,-0.7964537,0.030370057
-0.7188233,-0.67087156,0.047951758
-0.71244025,-0.6643365,0.04810375
-0.82431835,-0.79308057,0.031237781
-0.93330336,-0.9168261,0.016477227
-0.89352614,-0.87077266,0.022753477
-0.7749055,-0.7362617,0.038643777
-0.6729731,-0.6216465,0.051326573
-0.7413051,-0.69919926,0.042105854
-0.8868265,-0.8630651,0.023761392
-0.9319932,-0.91387755,0.01811564
-0.8322099,-0.8022379,0.029971957
-0.6785452,-0.6304322,0.04811299
-0.66990733,-0.6213214,0.04858595
-0.8039283,-0.77405965,0.029868662
-0.88815814,-0.8751831,0.012975037
-0.88228124,-0.8650023,0.01727897
-0.78793323,-0.7511696,0.03676361
-0.7100665,-0.6600546,0.050011873
-0.7627768,-0.72240984,0.040366948
-0.8660057,-0.8415984,0.024407327
-0.93532896,-0.9201235,0.015205443
-0.85103405,-0.8227463,0.028287768
-0.71715873,-0.67043495,0.046723783
-0.69603306,-0.6471425,0.04889053
-0.7950533,-0.7595029,0.035550416
-0.9251373,-0.90611774,0.019019544
-0.90849584,-0.88725215,0.021243691
-0.75978017,-0.72037697,0.0394032
-0.6582141,-0.60691893,0.05129516
-0.7002063,-0.6545714,0.045634866
-0.84789246,-0.82072604,0.027166426
-0.9192949,-0.9015098,0.017785072
-0.9134533,-0.9057545,0.0076987743
-0.756981,-0.71430624,0.04267478
-0.7192559,-0.6702406,0.049015343
-0.8016565,-0.7681674,0.033489108
-0.90878624,-0.8923595,0.016426742
-0.9034363,-0.88445723,0.018979073
-0.80660015,-0.7720664,0.03453374
-0.6979215,-0.6479596,0.049961925
-0.7341661,-0.68998826,0.04417783
-0.87049276,-0.8448582,0.025634527
-0.943543,-0.92707115,0.016471863
-0.8703072,-0.8441068,0.026200414
-0.7189366,-0.6739014,0.045035243
-0.66567194,-0.6145988,0.051073134
-0.7816277,-0.74529725,0.03633046
-0.8982072,-0.8764955,0.021711707
-0.9095971,-0.88976395,0.019833148
-0.7650372,-0.72826767,0.03676951
-0.6355956,-0.5836267,0.051968932
-0.67240214,-0.6256178,0.04678434
-0.8282111,-0.80040807,0.027803063
-0.9150186,-0.90144277,0.013575852
-0.8663322,-0.8423808,0.023951352
-0.748238,-0.7046798,0.04355824
-0.6982928,-0.64775574,0.05053705
-0.77962476,-0.74168223,0.03794253
-0.90934145,-0.8893966,0.019944847
-0.92724246,-0.9089511,0.018291354
-0.79994655,-0.7644588,0.03548777
-0.69023746,-0.6409688,0.049268663
-0.6997614,-0.6523139,0.047447503
-0.83982056,-0.8102083,0.029612243
-0.93845695,-0.9211549,0.017302036
-0.88036215,-0.8562716,0.024090528
-0.7216057,-0.6787139,0.0428918
-0.6376091,-0.58507216,0.052536964
-0.734501,-0.6943558,0.04014522
-0.8753416,-0.8532958,0.022045791
-0.89394295,-0.8753668,0.018576145
-0.94179964,-0.9327909,0.009008765
-0.7240964,-0.6761916,0.04790479
-0.7302097,-0.68423426,0.045975447
-0.8251612,-0.7941904,0.030970812
-0.9313787,-0.915334,0.016044736
-0.89416736,-0.87175703,0.022410333
-0.7566153,-0.71505374,0.041561544
-0.67968786,-0.62843144,0.05125642
-0.7467815,-0.7048321,0.04194945
-0.890856,-0.867387,0.02346903
-0.9367341,-0.91891867,0.017815411
-0.8127432,-0.7797669,0.03297627
-0.6699048,-0.6199408,0.04996401
-0.66354597,-0.61339545,0.050150514
-0.79637605,-0.762921,0.033455074
-0.913528,-0.89503443,0.018493593
-0.85755354,-0.83310837,0.024445176
-0.7218432,-0.681548,0.040295184
-0.6137189,-0.5605325,0.053186417
-0.6964355,-0.654525,0.04191053
-0.8704792,-0.8473468,0.023132443
-0.92730683,-0.9117302,0.015576661
-0.8521846,-0.82416135,0.028023243
-0.7227834,-0.6761454,0.046638012
-0.7020322,-0.6532127,0.048819482
-0.8239968,-0.7919387,0.03205806
-0.92790824,-0.90919316,0.018715084
-0.9127798,-0.8918031,0.020976722
-0.76630104,-0.72703767,0.039263368
-0.6593861,-0.6074169,0.05196917
-0.73058957,-0.6879012,0.04268837
-0.8558202,-0.8288421,0.026978076
-0.9287656,-0.9111627,0.01760292
-0.81896746,-0.78870505,0.03026241
-0.66330546,-0.61472034,0.048585117
-0.6407864,-0.5900002,0.050786197
-0.74425954,-0.7070912,0.037168324
-0.87067264,-0.8506791,0.019993544
-0.84323066,-0.8212835,0.021947145
-0.563947,-0.5060443,0.057902694
-0.7038968,-0.65404814,0.049848676
-0.73879385,-0.6947596,0.044034243
-0.8720178,-0.84663695,0.02538085
-0.94500154,-0.9288309,0.01617062
-0.85063136,-0.82157487,0.02905649
-0.7253522,-0.6804238,0.04492843
-0.67253935,-0.6215455,0.05099386
-0.7880492,-0.7518665,0.0361827
-0.9219544,-0.90243745,0.019516945
-0.9019497,-0.8803012,0.021648526
-0.77381873,-0.7371678,0.036650956
-0.64347714,-0.5916101,0.051867068
-0.6860377,-0.6399124,0.046125293
-0.8332509,-0.8058965,0.02735436
-0.9016394,-0.88388985,0.017749548
-0.814852,-0.7874979,0.027354121
-0.65660894,-0.6100328,0.046576142
-0.6039168,-0.55108666,0.05283016
-0.7210061,-0.6848675,0.036138594
-0.89500165,-0.8734124,0.02158928
-0.9271154,-0.9091033,0.018012106
-0.80398285,-0.7686944,0.035288453
-0.68557334,-0.63501954,0.0505538
-0.7058767,-0.65856487,0.047311842
-0.8449257,-0.81548744,0.029438257
-0.9442284,-0.92711323,0.017115176
-0.8648619,-0.83811635,0.026745558
-0.70637596,-0.6607815,0.045594454
-0.6450528,-0.59261507,0.052437723
-0.7430543,-0.70301944,0.04003483
-0.8867685,-0.86482173,0.021946788
-0.89566857,-0.8757233,0.019945264
-0.7488253,-0.71177614,0.037049174
-0.6307481,-0.57974416,0.051003933
-0.6407178,-0.59156996,0.049147844
-0.7764663,-0.74585724,0.030609071
-0.86230785,-0.84481406,0.017493784
-0.79726285,-0.7729854,0.024277449
-0.5502885,-0.49223414,0.058054358
-0.6859066,-0.6348943,0.051012278
-0.7748211,-0.73618793,0.038633168
-0.9130818,-0.89228433,0.020797491
-0.94052505,-0.9228915,0.017633557
-0.8188635,-0.7860501,0.03281343
-0.67698747,-0.6271784,0.0498091
-0.6871943,-0.6391872,0.04800707
-0.80439985,-0.771063,0.03333682
-0.9238245,-0.90541315,0.018411338
-0.8687193,-0.8443456,0.02437365
-0.70662177,-0.6633152,0.04330659
-0.62203765,-0.5689736,0.05306405
-0.6931367,-0.64952236,0.043614328
-0.8365888,-0.8120439,0.024544895
-0.8723938,-0.8540053,0.01838851
-0.7425194,-0.7086809,0.03383845
-0.60402185,-0.55250937,0.05151248
-0.59747255,-0.5457642,0.05170834
-0.7184926,-0.68551844,0.032974184
-0.92931145,-0.91102564,0.018285811
-0.89574414,-0.8725392,0.023204923
-0.7716188,-0.7325891,0.039029658
-0.6661379,-0.61441565,0.05172223
-0.736739,-0.69424975,0.04248923
-0.88562834,-0.8615918,0.024036527
-0.93066555,-0.91237515,0.0182904
-0.8278702,-0.7976998,0.030170381
-0.67137635,-0.6229368,0.048439562
-0.64861554,-0.59797406,0.050641477
-0.78175396,-0.747984,0.033769965
-0.88493544,-0.86492246,0.020012975
-0.85856044,-0.83658284,0.021977603
-0.7032896,-0.6627545,0.040535152
-0.59685683,-0.5432029,0.053653955
-0.6642036,-0.62022823,0.043975353
-0.7749114,-0.7475979,0.02731353
-0.8306573,-0.81357366,0.017083645
-0.7247341,-0.6944698,0.030264318
-0.5404047,-0.48287508,0.0575296
-0.689902,-0.6406646,0.04923743
-0.7923743,-0.75643986,0.03593445
-0.9255995,-0.9062131,0.01938641
-0.9073455,-0.88580304,0.02154243
-0.75447595,-0.71477365,0.039702296
-0.65083814,-0.59919655,0.051641583
-0.6935939,-0.6476405,0.045953393
-0.8427781,-0.8154589,0.027319193
-0.9138607,-0.8960686,0.017792106
-0.8019786,-0.7715015,0.030477107
-0.6661533,-0.6196825,0.04647082
-0.6122601,-0.5595701,0.05269003
-0.72491246,-0.68754405,0.037368417
-0.84601617,-0.8262113,0.019804895
-0.81683177,-0.7951301,0.021701694
-0.69260466,-0.65532327,0.037281394
-0.5751608,-0.52177155,0.05338925
-0.61041266,-0.5631626,0.047250032
-0.7285784,-0.70208937,0.02648902
-0.9408576,-0.92342496,0.01743263
-0.8683904,-0.841836,0.026554406
-0.7128367,-0.6675233,0.04531336
-0.6585337,-0.60716724,0.05136645
-0.7764921,-0.73986864,0.036623478
-0.8940682,-0.8721407,0.021927476
-0.90453374,-0.8845592,0.01997453
-0.7579122,-0.7209462,0.036966026
-0.6275343,-0.575258,0.052276254
-0.6491651,-0.6001627,0.04900241
-0.7882097,-0.75756574,0.03064394
-0.8776971,-0.86003035,0.017666757
-0.7909261,-0.7635931,0.027333021
-0.6369266,-0.5900582,0.046868384
-0.579827,-0.52576876,0.054058254
-0.66492647,-0.6240324,0.04089409
-0.7811508,-0.7597648,0.021386027
-0.7775185,-0.7586132,0.018905282
-0.6501331,-0.6129763,0.03715676
-0.52724963,-0.4699415,0.057308137
-0.6928639,-0.64511883,0.04774505
-0.8357112,-0.8057863,0.02992487
-0.93489933,-0.91729593,0.017603397
-0.8750544,-0.85072625,0.024328172
-0.7142858,-0.6711626,0.043123186
-0.62972724,-0.5769161,0.052811146
-0.7268412,-0.6864688,0.04037243
-0.8670679,-0.84494495,0.02212292
-0.88453454,-0.8659739,0.018560648
-0.7538615,-0.7199865,0.03387499
-0.6130128,-0.561633,0.0513798
-0.6223097,-0.5727989,0.049510777
-0.72609514,-0.6920811,0.034014046
-0.82342625,-0.80546254,0.017963707
-0.7650895,-0.74110276,0.023986757
-0.6226432,-0.5785426,0.044100583
-0.5521839,-0.4975641,0.05461982
-0.60546386,-0.5611349,0.044328988
-0.7070851,-0.68401945,0.023065627
-0.9515646,-0.93566805,0.015896559
-0.8067111,-0.77350086,0.033210218
-0.6623759,-0.61223626,0.050139666
-0.65598077,-0.6056255,0.050355256
-0.7889041,-0.7552298,0.0336743
-0.90514624,-0.8864962,0.018650055
-0.8482576,-0.8236944,0.024563193
-0.71260864,-0.672146,0.040462613
-0.6052227,-0.5517732,0.05344951
-0.6737302,-0.62982434,0.043905854
-0.8093582,-0.7848238,0.024534404
-0.8404612,-0.82226926,0.018191934
-0.73865896,-0.70822465,0.03043431
-0.5982544,-0.5485207,0.0497337
-0.57799894,-0.52590454,0.0520944
-0.68285847,-0.6490136,0.03384489
-0.7545173,-0.7358545,0.01866281
-0.7224971,-0.70201784,0.020479262
-0.60001045,-0.5593499,0.04066056
-0.5187686,-0.4629038,0.05586481
-0.7208398,-0.6776364,0.043203413
-0.84844154,-0.8212274,0.02721417
-0.9202404,-0.9024127,0.01782769
-0.8098351,-0.77940446,0.030430615
-0.6547835,-0.6060241,0.0487594
-0.632395,-0.58140403,0.050991
-0.73419446,-0.6968651,0.037329376
-0.8576738,-0.8376503,0.020023525
-0.8294835,-0.8075511,0.021932423
-0.68008894,-0.63937986,0.04070908
-0.58433235,-0.53109616,0.053236187
-0.6207528,-0.57355213,0.04720068
-0.74181825,-0.71466017,0.027158082
-0.7894385,-0.7728319,0.01660657
-0.6899273,-0.65988606,0.030041218
-0.57976,-0.5324271,0.047332942
-0.5379546,-0.48380125,0.054153383
-0.61405206,-0.57686317,0.037188888
-0.68578583,-0.6683865,0.017399311
-0.95150536,-0.93669385,0.014811516
-0.76511675,-0.7283219,0.03679484
-0.6354863,-0.5835071,0.051979184
-0.67749363,-0.63121945,0.046274185
-0.82206863,-0.79456365,0.02750498
-0.88806295,-0.8702158,0.01784718
-0.8017448,-0.7743095,0.027435303
-0.6464769,-0.5997413,0.046735644
-0.59496737,-0.5419165,0.053050876
-0.70007735,-0.6625805,0.037496865
-0.79578143,-0.7740777,0.02170372
-0.7936351,-0.7743392,0.019295871
-0.66338587,-0.6260987,0.037287176
-0.555778,-0.5020052,0.053772807
-0.57066226,-0.5204545,0.050207734
-0.66887575,-0.63887703,0.02999872
-0.7214139,-0.70600617,0.015407741
-0.64928347,-0.62346655,0.025816917
-0.5408985,-0.49342787,0.04747063
-0.50411856,-0.44919237,0.054926187
-0.7297169,-0.68897617,0.04074073
-0.87511903,-0.85301065,0.022108376
-0.88247603,-0.8623976,0.02007842
-0.7375264,-0.7003673,0.037159145
-0.62180144,-0.57066,0.05114144
-0.6313049,-0.58199865,0.049306273
-0.7621437,-0.73144966,0.030694008
-0.84351146,-0.8260456,0.01746589
-0.77931714,-0.75506765,0.024249494
-0.63397527,-0.58990383,0.044071436
-0.5616248,-0.50719184,0.05443299
-0.6378939,-0.59690875,0.040985167
-0.73931015,-0.7183466,0.02096355
-0.740081,-0.7233392,0.016741812
-0.6347015,-0.6013858,0.03331572
-0.5320091,-0.47940007,0.052609056
-0.53581333,-0.48528352,0.050529808
-0.5948443,-0.56178385,0.03306043
-0.63988274,-0.62519836,0.014684379
-0.9384456,-0.92406046,0.014385164
-0.69687086,-0.653471,0.04339987
-0.61398786,-0.5608191,0.053168774
-0.6828974,-0.6391681,0.043729305
-0.82097954,-0.7963591,0.024620414
-0.853869,-0.83545554,0.018413484
-0.7274929,-0.69359314,0.033899784
-0.59425694,-0.5425806,0.051676333
-0.5876616,-0.53576446,0.05189717
-0.69637996,-0.66240954,0.033970416
-0.7817228,-0.7641984,0.017524362
-0.7251949,-0.70158076,0.023614109
-0.6136513,-0.5728959,0.04075539
-0.5320423,-0.47706193,0.054980397
-0.5775957,-0.5331759,0.044419825
-0.6603788,-0.637672,0.022706807
-0.66651297,-0.6512179,0.015295088
-0.5914497,-0.5626632,0.02878648
-0.50425404,-0.4537282,0.050525844
-0.49525705,-0.4441999,0.05105716
-0.76103145,-0.72598565,0.035045803
-0.8693465,-0.8492791,0.020067394
-0.8420309,-0.82001716,0.022013724
-0.69091326,-0.6503026,0.04061067
-0.5882424,-0.5344536,0.05378884
-0.65227205,-0.60819006,0.044081986
-0.7563668,-0.7290473,0.02731949
-0.8070643,-0.7900777,0.016986609
-0.70536745,-0.67512715,0.030240297
-0.57641906,-0.5264647,0.049954355
-0.5575744,-0.5051937,0.05238068
-0.62893605,-0.59160304,0.03733301
-0.7069233,-0.6889181,0.018005192
-0.6744257,-0.65462416,0.019801557
-0.5673648,-0.5268092,0.040555596
-0.50375247,-0.44917437,0.054578096
-0.52169186,-0.47394228,0.04774958
-0.578323,-0.5535017,0.024821281
-0.5859446,-0.5734895,0.012455106
-0.9214676,-0.90794504,0.013522565
-0.6561931,-0.6096396,0.046553493
-0.60382783,-0.55102843,0.052799404
-0.71180356,-0.67438644,0.037417114
-0.8263083,-0.80655205,0.019756258
-0.8105762,-0.7910398,0.019536376
-0.6769837,-0.6396803,0.037303388
-0.56561154,-0.5120753,0.053536236
-0.5981696,-0.55080587,0.047363758
-0.7051116,-0.6782973,0.026814342
-0.74308765,-0.72714555,0.015942097
-0.6685538,-0.64236087,0.026192963
-0.55384666,-0.50641876,0.047427893
-0.5171915,-0.4627336,0.054457933
-0.57870203,-0.5417414,0.03696066
-0.6238056,-0.604891,0.01891458
-0.6068962,-0.59103286,0.015863359
-0.526624,-0.49046972,0.0361543
-0.4698754,-0.41486457,0.055010825
-0.47487974,-0.42650807,0.048371673
-0.7635155,-0.73135084,0.032164633
-0.859739,-0.8421666,0.017572403
-0.7743305,-0.74704975,0.027280748
-0.6257731,-0.5788396,0.046933472
-0.570989,-0.51681226,0.054176748
-0.6510379,-0.6101171,0.040920794
-0.75873256,-0.7374867,0.021245837
-0.7528415,-0.7341229,0.0187186
-0.6325537,-0.59542674,0.03712696
-0.5431042,-0.49068937,0.052414805
-0.54775184,-0.49737164,0.0503802
-0.6297876,-0.60023063,0.02955699
-0.66913795,-0.6546756,0.014462352
-0.6155515,-0.5937668,0.021784663
-0.52299196,-0.47893336,0.04405859
-0.48068777,-0.42484915,0.055838615
-0.51274717,-0.47235075,0.040396422
-0.5439508,-0.5268184,0.017132401
-0.5241938,-0.5122654,0.011928439
-0.8948858,-0.88192487,0.012960911
-0.6038964,-0.5524145,0.051481903
-0.6126459,-0.56305563,0.04959029
-0.71134686,-0.6773881,0.033958793
-0.80233496,-0.784575,0.017759979
-0.7448216,-0.7210021,0.023819506
-0.6091828,-0.5650735,0.044109285
-0.5427545,-0.48801982,0.054734647
-0.5915003,-0.54715496,0.04434532
-0.6826802,-0.6596099,0.023070276
-0.692267,-0.67640626,0.015860736
-0.5976752,-0.5647776,0.03289759
-0.5092837,-0.45649126,0.05279246
-0.5021995,-0.4491687,0.05303076
-0.5550258,-0.5224663,0.032559514
-0.5833833,-0.5698915,0.013491809
-0.5398084,-0.5196239,0.020184517
-0.48073995,-0.44094464,0.03979531
-0.4459177,-0.3896451,0.056272596
-0.45358557,-0.4120766,0.041508973
-0.78039837,-0.7540288,0.026369572
-0.8226027,-0.8046562,0.017946482
-0.7228869,-0.6925885,0.030298412
-0.5876877,-0.53790253,0.049785137
-0.5681115,-0.515947,0.052164495
-0.6663192,-0.63260365,0.033715546
-0.7314421,-0.7130856,0.018356502
-0.6990082,-0.6788307,0.020177543
-0.58399826,-0.54341567,0.040582597
-0.5118619,-0.4566187,0.055243224
-0.5494224,-0.5050928,0.044329584
-0.60276437,-0.57752293,0.025241435
-0.6163167,-0.60310626,0.013210416
-0.54813015,-0.52007496,0.028055191
-0.47804442,-0.42748114,0.050563276
-0.4658591,-0.41251126,0.053347826
-0.48434183,-0.44852713,0.035814703
-0.49134275,-0.47828233,0.013060421
-0.46006033,-0.44519618,0.014864147
-0.41808346,-0.35586867,0.06221479
-0.57524806,-0.52189887,0.053349197
-0.6101856,-0.5629626,0.04722303
-0.7255059,-0.698585,0.026920915
-0.7690343,-0.7528079,0.01622641
-0.672548,-0.64273494,0.029813051
-0.5674587,-0.52015007,0.047308624
-0.52787286,-0.47366348,0.05420938
-0.59758276,-0.5605571,0.03702563
-0.6612526,-0.6442476,0.017005026
-0.63673156,-0.6203018,0.016429782
-0.54720974,-0.5108852,0.03632456
-0.4815852,-0.42682412,0.054761082
-0.49396297,-0.44629157,0.047671407
-0.53193533,-0.50808007,0.023855269
-0.5283089,-0.5173341,0.010974824
-0.48295024,-0.46033815,0.022612095
-0.43850636,-0.39122096,0.047285408
-0.42509788,-0.36959293,0.055504948
-0.42047802,-0.38739833,0.033079684
-0.7677696,-0.74433357,0.02343601
-0.77720666,-0.7582935,0.01891315
-0.6499829,-0.612843,0.037139952
-0.5460286,-0.49218762,0.053840995
-0.5598867,-0.50967675,0.05020994
-0.6521201,-0.6224167,0.029703438
-0.6995126,-0.68461716,0.014895439
-0.62972474,-0.60428417,0.025440574
-0.5278944,-0.4805023,0.04739207
-0.4916037,-0.43604115,0.055562556
-0.5319355,-0.49149466,0.040440857
-0.5757604,-0.5580366,0.017723799
-0.5554297,-0.5409248,0.0145049095
-0.48937255,-0.4538241,0.03554845
-0.44813916,-0.39491716,0.053222
-0.444514,-0.39369217,0.05082184
-0.4517871,-0.4255028,0.026284307
-0.4337867,-0.42553917,0.0082475245
-0.402358,-0.38573542,0.016622573
-0.39839163,-0.33620387,0.06218776
-0.55229294,-0.49773386,0.05455908
-0.6258204,-0.5849459,0.04087448
-0.7223697,-0.70185876,0.020510912
-0.7212177,-0.70501524,0.01620245
-0.61911464,-0.5860892,0.033025444
-0.5211275,-0.46851593,0.05261159
-0.52425086,-0.47376594,0.050484926
-0.5779412,-0.5452157,0.032725453
-0.6169631,-0.60290736,0.014055729
-0.5703568,-0.5496926,0.020664215
-0.49266523,-0.44887635,0.04378888
-0.45843962,-0.40241337,0.05602625
-0.47151455,-0.42759225,0.043922305
-0.48776457,-0.46883363,0.018930942
-0.4677031,-0.4575136,0.010189503
-0.42854157,-0.39855465,0.029986918
-0.4084784,-0.35508826,0.053390145
-0.4005666,-0.34694383,0.053622782
-0.37475923,-0.3469477,0.027811527
-0.7577671,-0.7393508,0.018416286
-0.7094047,-0.68621695,0.023187757
-0.600725,-0.5601147,0.040610313
-0.52202916,-0.46695897,0.05507019
-0.5649979,-0.520699,0.044298887
-0.6419937,-0.61981845,0.022175252
-0.64550275,-0.6308887,0.014614046
-0.57342213,-0.54508907,0.028333068
-0.49195844,-0.44151178,0.05044666
-0.47850904,-0.42534202,0.053167015
-0.5161477,-0.48434988,0.031797796
-0.5262483,-0.5125186,0.0137296915
-0.49434865,-0.4788072,0.015541434
-0.44522002,-0.40599358,0.039226443
-0.42236775,-0.36595556,0.05641219
-0.41965604,-0.37618458,0.043471456
-0.40174055,-0.38107723,0.020663321
-0.3684706,-0.3623933,0.0060773194
-0.35170323,-0.32814306,0.023560166
-0.37670916,-0.31548673,0.061222434
-0.54722506,-0.49470863,0.05251643
-0.615219,-0.5780935,0.03712547
-0.6882871,-0.670901,0.017386079
-0.6554822,-0.63629186,0.019190311
-0.5530521,-0.5127144,0.04033774
-0.4928352,-0.4382141,0.0546211
-0.5088097,-0.46117458,0.04763511
-0.55880934,-0.53458124,0.024228096
-0.56244415,-0.5508435,0.011600673
-0.50451463,-0.47746703,0.027047604
-0.4547764,-0.40750074,0.047275662
-0.43741024,-0.38208643,0.05532381
-0.44504204,-0.4099952,0.035046846
-0.43386418,-0.42269242,0.011171758
-0.4032247,-0.39303666,0.010188043
-0.38325068,-0.34960282,0.033647865
-0.38349348,-0.32790983,0.055583656
-0.3679477,-0.32092497,0.04702273
-0.3137979,-0.29614866,0.017649233
-0.7214399,-0.70553976,0.015900135
-0.6513744,-0.62562424,0.02575016
-0.54148436,-0.4940737,0.047410667
-0.5064836,-0.45191061,0.054573
-0.5631432,-0.52647436,0.036668837
-0.60285425,-0.584659,0.018195271
-0.58455855,-0.56950843,0.015050113
-0.50971454,-0.4739429,0.03577164
-0.4582781,-0.40325013,0.05502796
-0.45850146,-0.40771684,0.050784618
-0.47722706,-0.4505382,0.026688874
-0.46781972,-0.4588111,0.009008616
-0.43148243,-0.4103221,0.021160334
-0.40689585,-0.35986936,0.047026485
-0.39896286,-0.34226617,0.056696683
-0.38129216,-0.3427355,0.038556665
-0.33781546,-0.3266948,0.011120677
-0.3031781,-0.2961943,0.0069838166
-0.30557135,-0.2785422,0.027029157
-0.3528589,-0.29225752,0.060601383
-0.5358856,-0.48531392,0.05057165
-0.61205333,-0.5828888,0.029164553
-0.64650154,-0.6328212,0.013680339
-0.59453356,-0.5733995,0.021134079
-0.5083821,-0.4644707,0.043911368
-0.46953976,-0.41358483,0.055954933
-0.4965549,-0.45644143,0.04011348
-0.52006274,-0.50380886,0.016253889
-0.4983063,-0.48740846,0.010897845
-0.45130524,-0.4209352,0.030370027
-0.42174634,-0.36838248,0.05336386
-0.41557062,-0.36475548,0.050815135
-0.40098238,-0.37141284,0.029569536
-0.36699402,-0.35996974,0.007024288
-0.34250408,-0.3278392,0.014664888
-0.35038173,-0.30808654,0.042295188
-0.3608355,-0.30385703,0.056978464
-0.3261086,-0.2838615,0.042247117
-0.24484152,-0.23339543,0.011446089
-0.67982274,-0.66733277,0.0124899745
-0.57954407,-0.5469589,0.032585144
-0.4975178,-0.44458118,0.052936614
-0.4903327,-0.43716827,0.053164423
-0.53584266,-0.5036925,0.03215015
-0.55716556,-0.5446135,0.012552083
-0.515604,-0.49622256,0.019381464
-0.4632426,-0.42376223,0.03948036
-0.4340994,-0.37772626,0.05637315
-0.43649673,-0.39283898,0.04365775
-0.42902812,-0.41171798,0.017310143
-0.4004615,-0.3924325,0.008028984
-0.37675744,-0.35263374,0.024123698
-0.37713298,-0.3266606,0.05047238
-0.37235048,-0.31866327,0.053687215
-0.3264038,-0.29858908,0.027814716
-0.2656707,-0.259923,0.005747676
-0.23959018,-0.23189151,0.00769867
-0.27942097,-0.2431366,0.036284372
-0.32271793,-0.26457724,0.058140695
-0.53317416,-0.48842034,0.04475382
-0.57999706,-0.5552591,0.024737954
-0.5883707,-0.5760244,0.012346268
-0.52569735,-0.49816436,0.027532995
-0.4643803,-0.41375887,0.05062142
-0.45311108,-0.39964563,0.053465456
-0.46427417,-0.42885944,0.035414726
-0.46187007,-0.44989204,0.01197803
-0.43117318,-0.41737646,0.013796717
-0.40448347,-0.36581632,0.038667142
-0.39624634,-0.34064344,0.055602908
-0.38395208,-0.33675,0.04720208
-0.3421713,-0.32321554,0.018955767
-0.295114,-0.2916257,0.0034883022
-0.2948549,-0.27295467,0.021900237
-0.32115793,-0.27491197,0.046245962
-0.3327275,-0.27679715,0.055930346
-0.26159644,-0.23043884,0.031157598
-0.15946463,-0.1576244,0.0018402338
-0.62481284,-0.6145293,0.01028353
-0.52733576,-0.4912246,0.036111176
-0.46984464,-0.41483393,0.055010706
-0.4787597,-0.43103778,0.047721922
-0.50549054,-0.48227656,0.023213983
-0.49563432,-0.48572138,0.009912938
-0.4554443,-0.4336046,0.021839708
-0.42218998,-0.3749743,0.04721567
-0.4123223,-0.3566588,0.055663526
-0.39949614,-0.36519745,0.03429869
-0.3659526,-0.35393175,0.012020856
-0.33278924,-0.3248228,0.007966429
-0.33552253,-0.30286065,0.032661885
-0.3565339,-0.3007425,0.055791408
-0.33852986,-0.28794703,0.050582826
-0.26318055,-0.24194913,0.021231428
-0.18563214,-0.18609703,0.00046488643
-0.19531342,-0.18119484,0.014118582
-0.26709715,-0.22159538,0.04550177
-0.29004133,-0.23375723,0.0562841
-0.5113684,-0.47025618,0.041112214
-0.54460454,-0.52756447,0.017040074
-0.52221173,-0.5085408,0.013670921
-0.47179115,-0.44089952,0.030891627
-0.43466103,-0.38124382,0.053417206
-0.42953205,-0.37859654,0.050935507
-0.4237739,-0.39815238,0.025621533
-0.39631385,-0.3893412,0.0069726408
-0.36920026,-0.353638,0.015562266
-0.36788332,-0.32525074,0.04263258
-0.3736131,-0.31658515,0.057027936
-0.3377631,-0.29989117,0.037871927
-0.2676451,-0.25877905,0.008866042
-0.22416833,-0.22203831,0.0021300167
-0.25092632,-0.22537246,0.025553852
-0.30737996,-0.25399244,0.053387523
-0.28965485,-0.23946893,0.05018592
-0.19462058,-0.17047234,0.02414824
-0.0781136,-0.081645094,0.0035314932
-0.565772,-0.55847037,0.0073016286
-0.4743719,-0.43057942,0.043792486
-0.44680682,-0.39045838,0.056348443
-0.45277357,-0.40886316,0.043910414
-0.45461634,-0.4364395,0.018176824
-0.42942894,-0.42031035,0.009118587
-0.4013,-0.37183884,0.029461175
-0.3941609,-0.34059465,0.053566247
-0.3861031,-0.3323111,0.053792
-0.3490572,-0.32055312,0.028504074
-0.29288623,-0.2881753,0.0047109127
-0.27593616,-0.2632459,0.012690246
-0.29934403,-0.26253736,0.036806673
-0.33312604,-0.27594358,0.05718246
-0.28531373,-0.24366257,0.04165116
-0.17760466,-0.1681505,0.009454161
-0.11495643,-0.11699156,0.002035126
-0.15140863,-0.1339963,0.017412335
-0.24701998,-0.19760436,0.04941562
-0.23840915,-0.18843679,0.049972355
-0.4885496,-0.45547047,0.033079118
-0.4897865,-0.47680435,0.01298216
-0.45863318,-0.4438544,0.014778793
-0.42313933,-0.38407812,0.03906122
-0.41009897,-0.3533783,0.056720674
-0.39958492,-0.35618433,0.043400586
-0.36827564,-0.3483963,0.019879341
-0.32662535,-0.3218336,0.0047917366
-0.31990427,-0.29713374,0.022770524
-0.34538785,-0.29495576,0.050432086
-0.34319702,-0.2894003,0.05379671
-0.2836632,-0.25181925,0.03184396
-0.19140893,-0.18816316,0.003245771
-0.16763778,-0.16239096,0.005246818
-0.23357253,-0.19824375,0.035328776
-0.28633213,-0.23050983,0.055822298
-0.2414944,-0.19602124,0.04547316
-0.09799191,-0.08706893,0.010922983
0.0016367469,-0.0064094113,0.008046159
-0.5009931,-0.49647364,0.004519433
-0.4378113,-0.3904625,0.047348797
-0.42490447,-0.3693071,0.055597365
-0.42044154,-0.3856322,0.03480935
-0.39513153,-0.38485995,0.010271579
-0.36381128,-0.35460854,0.009202749
-0.35733008,-0.32405615,0.033273935
-0.36997032,-0.31414357,0.055826753
-0.3492843,-0.30227795,0.04700634
-0.28081512,-0.26348436,0.017330766
-0.21919188,-0.21815568,0.001036197
-0.22356506,-0.20830853,0.015256524
-0.28469637,-0.23881537,0.045881003
-0.30443853,-0.24839894,0.056039587
-0.21129997,-0.18134595,0.029954016
-0.09687729,-0.09417486,0.00270243
-0.050882827,-0.05325669,0.002373863
-0.14194871,-0.1143897,0.027559012
-0.24199212,-0.18641706,0.055575058
-0.18668456,-0.14138518,0.04529938
-0.4478786,-0.41954234,0.028336257
-0.42916694,-0.4209619,0.008205056
-0.39943373,-0.37884605,0.020587683
-0.38920215,-0.3421529,0.047049254
-0.3864511,-0.32949096,0.056960136
-0.35841668,-0.3200619,0.038354784
-0.2996444,-0.28947964,0.0101647675
-0.2628279,-0.25696188,0.005866021
-0.2762131,-0.24978796,0.026425153
-0.32238886,-0.2688593,0.05352956
-0.30606064,-0.25562257,0.050438076
-0.20509274,-0.18547274,0.019620001
-0.109479934,-0.11266453,0.0031845942
-0.1145984,-0.10751413,0.007084273
-0.21021034,-0.17035928,0.039851055
-0.26490757,-0.20768411,0.057223454
-0.1611525,-0.12733915,0.033813342
0.0064082043,0.004881033,0.0015271711
0.069072016,0.059298486,0.00977353
-0.43283308,-0.43071738,0.0021156967
-0.40809655,-0.35460052,0.053496033
-0.4003599,-0.3494552,0.05090469
-0.37439722,-0.34519923,0.02919799
-0.32847673,-0.3223563,0.0061204135
-0.3079225,-0.2940282,0.0138943195
-0.33001316,-0.2878605,0.042152643
-0.34778303,-0.2905938,0.057189226
-0.3053479,-0.26326042,0.042087466
-0.21036841,-0.1995398,0.010828614
-0.15177436,-0.15210289,0.0003285259
-0.19815932,-0.17399909,0.024160236
-0.27696204,-0.2236852,0.053276837
-0.26771063,-0.21428055,0.05343008
-0.14084417,-0.11823394,0.022610225
-0.0040699183,-0.01044934,0.0063794213
-0.016764907,-0.013552729,0.0032121781
-0.12134808,-0.088999316,0.032348767
-0.21985467,-0.16296837,0.0568863
-0.102407545,-0.06809536,0.03431218
-0.39934045,-0.37989673,0.01944372
-0.36533663,-0.3580851,0.007251531
-0.34903237,-0.325404,0.023628384
-0.36161152,-0.31112346,0.050488055
-0.35811463,-0.30434147,0.053773165
-0.29997653,-0.27261615,0.02736038
-0.22907192,-0.2242715,0.004800409
-0.2040107,-0.19724901,0.006761685
-0.2567842,-0.2208265,0.035957694
-0.30616853,-0.24894607,0.057222456
-0.24600077,-0.20502338,0.04097739
-0.13092265,-0.118588395,0.01233425
-0.03810093,-0.04418291,0.0060819797
-0.09484983,-0.079249166,0.015600666
-0.21323526,-0.16423704,0.04899822
-0.22019409,-0.16726361,0.052930474
-0.08879398,-0.062549494,0.026244484
0.091552086,0.08318928,0.008362807
0.10509743,0.099143066,0.0059543625
-0.23096181,-0.16584261,0.06511921
-0.3835103,-0.3278671,0.0556432
-0.3676033,-0.32049978,0.047103524
-0.31420293,-0.2958436,0.018359333
-0.2608412,-0.25824094,0.0026002526
-0.26795813,-0.24662927,0.021328866
-0.30385286,-0.2577371,0.046115756
-0.31903833,-0.26305676,0.055981576
-0.23811768,-0.20738207,0.030735612
-0.12532578,-0.12442993,0.0008958578
-0.09135701,-0.091905,0.0005479902
-0.1690683,-0.14059158,0.02847673
-0.2574163,-0.20175555,0.055660754
-0.20524013,-0.16038948,0.044850647
-0.03929353,-0.030446978,0.008846553
0.07196668,0.061063442,0.0109032355
0.019588042,0.025812581,0.006224539
-0.13623986,-0.09320258,0.043037273
-0.1845385,-0.12944199,0.055096507
-0.00012463587,0.020932434,0.02105707
-0.3406797,-0.3265356,0.014144093
-0.30291277,-0.29575202,0.007160753
-0.31429556,-0.28203756,0.032258004
-0.34329802,-0.28752786,0.05577016
-0.3232787,-0.27280298,0.050475717
-0.2376593,-0.21702917,0.020630136
-0.15276316,-0.15420182,0.0014386624
-0.16752,-0.15413512,0.013384879
-0.24975073,-0.20445262,0.045298114
-0.27950388,-0.22232793,0.05717595
-0.18634437,-0.1518288,0.034515575
-0.03374661,-0.03346757,0.00027904287
0.014566649,0.0095733795,0.004993269
-0.06712163,-0.047338173,0.01978346
-0.19808878,-0.14570631,0.05238247
-0.17029746,-0.12179905,0.048498407
0.022866327,0.034182984,0.011316657
0.18114549,0.16509505,0.016050443
0.14226647,0.1385679,0.0036985725
-0.20150226,-0.13715011,0.064352155
-0.36100203,-0.3040311,0.056970924
-0.31886944,-0.2813737,0.037495732
-0.23951678,-0.23150335,0.008013427
-0.19398315,-0.19281287,0.0011702776
-0.2280462,-0.20306788,0.02497831
-0.29290086,-0.2396385,0.053262353
-0.27402672,-0.22402063,0.05000609
-0.17122713,-0.14767802,0.02354911
-0.047043398,-0.05160087,0.0045574717
-0.0548452,-0.050074916,0.0047702827
-0.17122953,-0.13232455,0.03890498
-0.23615222,-0.17918703,0.056965187
-0.14411761,-0.10556037,0.03855724
0.046708323,0.04745025,0.0007419251
0.13509616,0.122399576,0.012696587
0.013263892,0.030019052,0.01675516
-0.12590215,-0.07859144,0.047310703
-0.13792446,-0.08633854,0.05158592
0.083789684,0.09647706,0.012687378
-0.26797178,-0.2623042,0.005667597
-0.24985838,-0.23804244,0.011815935
-0.28035042,-0.24399696,0.036353454
-0.31991062,-0.26283842,0.057072192
-0.267472,-0.22619827,0.041273728
-0.15069468,-0.14214848,0.008546203
-0.08508291,-0.08820133,0.0031184182
-0.12702703,-0.11037363,0.016653404
-0.23112872,-0.18196352,0.049165204
-0.23668599,-0.18367262,0.05301337
-0.09056557,-0.069730274,0.020835295
0.051043723,0.04446372,0.0065800026
0.06629021,0.06206443,0.0042257756
-0.078214005,-0.047216285,0.03099772
-0.18996584,-0.13347246,0.056493387
-0.08087753,-0.044092547,0.03678498
0.11354648,0.115897104,0.002350621
0.2518103,0.2321999,0.019610405
0.132817,0.13917357,0.006356567
-0.16316585,-0.10105968,0.06210617
-0.3292734,-0.2756348,0.053638607
-0.2631027,-0.23187667,0.031226039
-0.16283344,-0.16072848,0.002104953
-0.13983536,-0.13567537,0.004159987
-0.21406735,-0.17928003,0.034787327
-0.27216512,-0.21653242,0.055632696
-0.2244554,-0.17935754,0.045097858
-0.07224645,-0.062269993,0.009976454
0.03170295,0.02242301,0.00927994
-0.039835844,-0.026413051,0.013422793
-0.15589043,-0.11248488,0.043405555
-0.20020036,-0.14499724,0.055203125
-0.040988166,-0.016467497,0.02452067
0.15780276,0.14628193,0.011520833
0.19090031,0.17770277,0.013197541
0.02835874,0.050045576,0.021686835
-0.13312215,-0.07900848,0.054113664
-0.05083871,-0.009813292,0.041025415
0.21026285,0.20752868,0.0027341694
-0.19128092,-0.19075438,0.00052653253
-0.19794045,-0.18370962,0.014230832
-0.2679091,-0.22241998,0.045489132
-0.29032463,-0.23448673,0.0558379
-0.18988764,-0.16066025,0.02922739
-0.06834649,-0.06688291,0.0014635846
-0.021428255,-0.025109196,0.0036809407
-0.120366745,-0.09354949,0.026817255
-0.22722554,-0.17189951,0.05532603
-0.18782264,-0.13910063,0.048722014
-0.0064722165,0.0058683185,0.0123405345
0.14387204,0.12942687,0.014445171
0.079776384,0.083294615,0.0035182312
-0.0979701,-0.055976514,0.041993584
-0.160111,-0.10398112,0.056129873
-0.002844216,0.025905518,0.028749734
0.23855887,0.22631551,0.01224336
0.2944409,0.2760529,0.018388003
0.14615794,0.15734947,0.011191532
-0.1258682,-0.06556698,0.060301222
-0.2907629,-0.24050629,0.05025661
-0.1797762,-0.16119653,0.018579677
-0.07767456,-0.08240306,0.004728496
-0.08618629,-0.08039462,0.0057916716
-0.19121413,-0.15193912,0.039275005
-0.25050187,-0.19350392,0.056997955
-0.14039338,-0.10729818,0.033095196
0.0359604,0.033028223,0.002932176
0.100080945,0.088780925,0.01130002
-0.012785715,0.0048145335,0.01760025
-0.1649081,-0.113119766,0.05178833
-0.13423273,-0.08656215,0.04767058
0.0457091,0.06132061,0.015611511
0.24528335,0.22708929,0.018194064
0.20629592,0.19941266,0.0068832636
-0.0029325555,0.031039167,0.033971723
-0.112497434,-0.057151146,0.055346288
0.02592159,0.059218347,0.033296756
0.30644017,0.294495,0.011945188
-0.105754875,-0.11171756,0.0059626848
-0.17323978,-0.15007965,0.02316013
-0.24751994,-0.19816485,0.04935509
-0.25208557,-0.19894367,0.053141892
-0.11568888,-0.09413368,0.0215552
0.029294081,0.021187708,0.008106373
0.0132203,0.014960809,0.0017405087
-0.099805415,-0.068255894,0.03154952
-0.20477895,-0.14816801,0.056610942
-0.10099518,-0.06373614,0.037259042
0.11419078,0.11171022,0.002480559
0.20954086,0.1929995,0.016541362
0.10616713,0.113521814,0.007354684
-0.08927325,-0.04289035,0.0463829
-0.10328098,-0.05247115,0.050809827
0.12635909,0.1385946,0.012235507
0.33177263,0.31144658,0.020326048
0.33458632,0.31725845,0.017327875
0.10480232,0.1292024,0.024400078
-0.071809985,-0.01601534,0.055794645
-0.22804672,-0.18702814,0.041018575
-0.10011888,-0.08920886,0.010910019
-0.0013198485,-0.009330763,0.008010915
-0.066114895,-0.05182778,0.014287114
-0.19574513,-0.14716733,0.0485778
-0.20373718,-0.1511499,0.052587286
-0.06400114,-0.038797837,0.025203306
0.12620136,0.1159561,0.010245264
0.13822891,0.1304936,0.007735312
-0.030728303,-0.0014152547,0.029313048
-0.14874932,-0.094408825,0.054340497
-0.0694427,-0.02797167,0.041471027
0.17724128,0.1764782,0.00076307356
0.32629043,0.30259672,0.02369371
0.1913464,0.19487436,0.0035279542
0.00021477827,0.039352424,0.039137647
-0.0701462,-0.017223902,0.0529223
0.15849678,0.17509736,0.016600579
0.43060896,0.40493524,0.025673717
-0.02210299,-0.032735683,0.010632694
-0.14285186,-0.115363576,0.027488284
-0.24200267,-0.18650754,0.055495128
-0.18537909,-0.14105627,0.04432282
-0.006073117,0.0011532665,0.0072263833
0.11162115,0.098535895,0.013085254
0.05240703,0.056970116,0.0045630857
-0.11617948,-0.073766924,0.042412557
-0.16819447,-0.1134174,0.05477707
0.011560739,0.034038097,0.022477359
0.20921758,0.19822551,0.010992065
0.2645784,0.2475081,0.017070308
0.08000865,0.099537246,0.019528598
-0.09992523,-0.046475045,0.053450182
-0.042383958,0.003012235,0.045396194
0.22456655,0.22676113,0.0021945834
0.43002483,0.400763,0.029261827
0.31971484,0.31182024,0.007894605
0.058979418,0.09618163,0.037202213
-0.02196371,0.030268423,0.05223213
-0.1661862,-0.13137016,0.03481604
0.005686296,0.0040256083,0.0016606878
0.055401668,0.048303332,0.007098336
-0.037034426,-0.01856203,0.018472396
-0.18090492,-0.12882921,0.052075714
-0.15137331,-0.10333357,0.04803974
0.055316605,0.06504022,0.009723619
0.22243267,0.20400722,0.01842545
0.17832032,0.17264007,0.005680248
-0.022517713,0.012033035,0.03455075
-0.12817636,-0.072549276,0.055627085
0.045317058,0.07221954,0.026902486
0.30860338,0.2926339,0.015969485
0.38610592,0.36039764,0.025708288
0.20073901,0.20934993,0.008610919
-0.027822118,0.020966873,0.04878899
0.013365352,0.057125803,0.043760452
0.25707865,0.26334742,0.0062687695
0.51575947,0.48293722,0.03282225
0.06613505,0.04985382,0.016281229
-0.14821151,-0.10994473,0.038266778
-0.2208335,-0.16394411,0.056889385
-0.12080832,-0.082957715,0.037850603
0.08517329,0.08398556,0.0011877269
0.17795745,0.16292067,0.015036777
0.044008795,0.059348013,0.015339218
-0.10663391,-0.059825365,0.046808545
-0.11993234,-0.068753354,0.051178984
0.10233743,0.115535,0.013197571
0.32048312,0.29830608,0.02217704
0.27317855,0.26288632,0.010292232
0.08408065,0.10921366,0.025133006
-0.0786282,-0.024006633,0.054621562
0.06992687,0.10157089,0.031644017
0.36724192,0.35229966,0.014942259
0.4840636,0.45295897,0.031104624
0.32739428,0.32433212,0.0030621588
0.05789225,0.10001659,0.042124335
0.066839784,0.109358035,0.04251825
-0.070064716,-0.048084784,0.021979932
0.09394652,0.085284196,0.008662321
0.10729441,0.101057194,0.0062372163
-0.052303124,-0.022218628,0.030084496
-0.1741384,-0.11779622,0.056342177
-0.05723242,-0.021234151,0.03599827
0.14964539,0.15016407,0.0005186796
0.29480252,0.27273187,0.022070646
0.1658414,0.17051077,0.0046693683
-0.052207515,-0.0067621293,0.045445386
-0.086672254,-0.033366684,0.05330557
0.13603798,0.15354545,0.017507479
0.40163857,0.37748945,0.02414912
0.40097743,0.38001984,0.02095759
0.15102433,0.1734825,0.022458166
-0.016032018,0.03542445,0.051456466
0.08894045,0.1252928,0.036352344
0.40814114,0.3958153,0.012325823
0.5881716,0.5498457,0.038325906
0.15163304,0.13027585,0.021357194
-0.13509685,-0.09212638,0.04297047
-0.18407038,-0.1289791,0.055091277
-0.012467665,0.010997392,0.023465056
0.19972365,0.18607494,0.013648704
0.23245089,0.21708068,0.015370205
0.056520924,0.07703372,0.020512797
-0.11632175,-0.062494133,0.053827617
-0.029409328,0.010934151,0.04034348
0.23948461,0.23577444,0.0037101656
0.39913887,0.37157226,0.027566612
0.29330316,0.28672004,0.0065831244
0.039980758,0.07781413,0.037833374
-0.036235664,0.015860084,0.05209575
0.20791525,0.22229652,0.014381275
0.46390164,0.43964866,0.024252981
0.5222846,0.49134418,0.030940443
0.26988783,0.281182,0.011294156
0.035451684,0.08540905,0.04995737
0.1404023,0.17583427,0.035431966
0.010863533,0.025018614,0.014155081
0.18646578,0.17002007,0.016445711
0.1147956,0.11679108,0.001995474
-0.07729102,-0.035804056,0.041486964
-0.14425443,-0.08828777,0.05596666
0.022460602,0.05029765,0.02783705
0.27679753,0.2625737,0.014223844
0.3336101,0.3130971,0.020512998
0.17550415,0.18531406,0.009809911
-0.045396708,0.003885656,0.049282365
-0.0052975495,0.039055705,0.044353254
0.28016716,0.2797128,0.0004543662
0.49701068,0.4640282,0.03298247
0.42120034,0.40326527,0.017935067
0.14417729,0.17272651,0.028549224
0.0036033026,0.05617695,0.052573647
0.22418259,0.24378411,0.019601524
0.54796356,0.5189779,0.02898568
0.6309182,0.59130526,0.03961295
0.23019812,0.2047117,0.02548641
-0.14811309,-0.09650825,0.051604837
-0.11583409,-0.06847291,0.04736118
0.07451892,0.08904341,0.01452449
0.2841515,0.26407528,0.020076215
0.24083602,0.23232847,0.00850755
0.019111773,0.052370135,0.033258364
-0.09640346,-0.04132665,0.055076808
0.048146915,0.080660224,0.03251331
0.33649626,0.32329047,0.0132057965
0.4513159,0.42217776,0.029138148
0.2508066,0.25717515,0.0063685477
0.039003488,0.08175694,0.042753454
0.01944317,0.06703509,0.047591917
0.3061402,0.3100801,0.003939897
0.5753474,0.5391333,0.036214113
0.50190496,0.47955778,0.022347182
0.2574657,0.27535006,0.017884374
0.055751786,0.106685616,0.05093383
0.26604852,0.28624162,0.0201931
0.124892436,0.12523201,0.0003395751
0.2455215,0.2274263,0.018095195
0.13481615,0.141074,0.006257847
-0.07135871,-0.025338933,0.046019778
-0.08634487,-0.03584353,0.05050134
0.15295467,0.16413443,0.01117976
0.36562616,0.34363833,0.021987826
0.3668816,0.3479514,0.018930197
0.12728623,0.15081638,0.023530155
-0.046280812,0.0076082395,0.05388905
0.11062903,0.14080699,0.030177958
0.3787647,0.36812258,0.010642111
0.55549186,0.5192384,0.036253452
0.37614697,0.3707045,0.0054424703
0.09381978,0.13470265,0.04088287
0.049443047,0.099016264,0.049573217
0.32023188,0.32942486,0.009192973
0.63223946,0.59505033,0.037189126
0.6193731,0.58616287,0.033210218
0.017315937,0.07839533,0.06107939
-0.13320123,-0.07904566,0.054155566
-0.05066831,-0.0096145095,0.0410538
0.20551334,0.20364136,0.0018719882
0.3589661,0.33380088,0.02516523
0.21757905,0.22005688,0.0024778247
0.018968565,0.05758052,0.038611956
-0.05393427,-0.001363452,0.052570816
0.18146057,0.19715685,0.015696272
0.45980635,0.43270546,0.02710089
0.48802954,0.4592484,0.028781146
0.24474096,0.25731128,0.012570322
0.01737338,0.06787924,0.050505858
0.1265332,0.16152169,0.034988493
0.45667696,0.44188657,0.014790386
0.64113027,0.59983754,0.041292727
0.5008937,0.48347503,0.017418683
0.19238307,0.22452977,0.032146707
0.1020113,0.14976968,0.047758378
0.40589136,0.40861583,0.0027244687
0.21440554,0.20655106,0.007854477
0.29437986,0.27609706,0.0182828
0.10216867,0.1209845,0.01881583
-0.08413451,-0.03096175,0.05317276
-0.025000988,0.019987235,0.044988222
0.2492073,0.2504299,0.0012225956
0.45914385,0.42852676,0.030617088
0.34480494,0.33582044,0.008984506
0.07719062,0.11381523,0.03662461
-0.013950866,0.039131667,0.053082533
0.20016278,0.22093013,0.020767346
0.5158696,0.4889207,0.026948929
0.57390684,0.5402068,0.03370005
0.36758977,0.36834162,0.000751853
0.09483297,0.1398041,0.044971123
0.14236517,0.18163025,0.03926508
0.47550184,0.46504426,0.010457575
0.7178601,0.67186797,0.045992136
0.6195621,0.59054226,0.029019833
0.056449927,0.115546234,0.059096307
-0.112816565,-0.057432227,0.055384338
0.06566124,0.091957234,0.026295997
0.33552882,0.31845176,0.017077059
0.413825,0.386915,0.026910007
0.22286549,0.23066394,0.007798448
-0.011320407,0.03706928,0.048389688
0.030670907,0.073953144,0.043282237
0.2788106,0.2842176,0.0054070055
0.541124,0.5070991,0.034024894
0.47142306,0.45095196,0.020471096
0.18268105,0.20977119,0.027090132
0.037214886,0.08879606,0.05158117
0.21244985,0.23850133,0.026051477
0.55324227,0.5282916,0.024950683
0.6778829,0.63563126,0.042251647
0.4331233,0.4305168,0.0026064813
0.18471788,0.22216271,0.03744483
0.1624566,0.20498183,0.04252523
0.498749,0.49120337,0.00754562
0.3311279,0.3106925,0.020435423
0.29843998,0.28712708,0.011312902
0.10383084,0.12834409,0.024513252
-0.06283761,-0.00853811,0.054299496
0.0887768,0.11984784,0.031071045
0.3913392,0.37537843,0.015960783
0.5092114,0.4769665,0.03224492
0.34896353,0.34502703,0.0039364994
0.0749848,0.11659883,0.041614033
0.054588083,0.10111212,0.046524037
0.3509175,0.35278177,0.0018642843
0.6028542,0.5675718,0.035282373
0.5916791,0.5602594,0.031419694
0.29649377,0.31271258,0.016218811
0.09012113,0.13992202,0.049800895
0.27185565,0.29528433,0.023428679
0.573394,0.5521181,0.021275878
0.76266813,0.71387696,0.04879117
0.5528824,0.5379869,0.014895499
0.107724294,0.16299821,0.05527392
-0.07066708,-0.01769769,0.05296939
0.15701054,0.17377156,0.01676102
0.42735735,0.4020494,0.025307953
0.42552516,0.4034814,0.022043765
0.17034277,0.19214587,0.021803096
0.00038107275,0.051428795,0.051047724
0.10688477,0.14267986,0.035795085
0.42985162,0.4165912,0.013260424
0.61102045,0.5716064,0.03941405
0.42269894,0.41494793,0.007751018
0.1733202,0.2063374,0.033017203
0.08453394,0.1330005,0.048466556
0.36190483,0.36917454,0.0072697103
0.6789884,0.6391163,0.03987211
0.6996744,0.6584477,0.041226745
0.4143534,0.41876575,0.004412353
0.15744418,0.20309745,0.04565327
0.2784784,0.30710733,0.028628916
0.64177215,0.6158478,0.025924325
0.4194201,0.39170563,0.027714461
0.31730148,0.30965796,0.007643521
0.058113284,0.09540263,0.037289344
-0.019606125,0.0320834,0.051689524
0.17856953,0.2002743,0.021704778
0.48773584,0.46236348,0.025372356
0.54580307,0.5137377,0.03206539
0.28943938,0.29998535,0.010545969
0.052298278,0.10178573,0.04948745
0.12415349,0.16419339,0.040039904
0.45253015,0.44338843,0.009141713
0.69256496,0.6482143,0.044350684
0.5461898,0.5263372,0.019852579
0.22972837,0.260418,0.030689627
0.124743864,0.17334057,0.04859671
0.36555815,0.37868503,0.01312688
0.7101668,0.6717015,0.03846532
0.76316804,0.7179425,0.04522556
0.53113425,0.52328694,0.007847309
0.15460938,0.20672628,0.0521169
0.011309815,0.055328608,0.044018794
0.30393812,0.30239657,0.0015415549
0.5239243,0.4895218,0.03440249
0.44546613,0.42634648,0.01911965
0.16324243,0.19112858,0.027886152
0.02058563,0.072720364,0.052134734
0.24392077,0.26277182,0.018851042
0.5705816,0.54047227,0.030109346
0.65314966,0.6123973,0.04075235
0.41242287,0.4109371,0.001485765
0.1310206,0.17476907,0.04374847
0.17988774,0.2177609,0.037873164
0.46212158,0.4582342,0.0038873851
0.75069684,0.7039705,0.046726346
0.6616433,0.6302011,0.031442225
0.33667493,0.35695824,0.020283312
0.17804891,0.22451654,0.046467632
0.36622244,0.385187,0.018964559
0.7262103,0.6905634,0.035646915
0.5164933,0.47995588,0.03653744
0.27437603,0.27964824,0.0052722096
0.05736436,0.09955083,0.04218647
0.0373926,0.08446903,0.047076426
0.32897526,0.33186415,0.0028888881
0.60145754,0.563787,0.037670553
0.5256305,0.50205654,0.023573935
0.27729654,0.29440138,0.017104834
0.073328584,0.12377795,0.050449364
0.2532872,0.27759323,0.02430603
0.60244364,0.5746276,0.027816057
0.7275006,0.68216497,0.04533565
0.53410286,0.52030635,0.013796508
0.22158764,0.25760612,0.036018476
0.19925421,0.24038209,0.041127875
0.5217325,0.51459783,0.007134676
0.7856953,0.73908424,0.04661107
0.76336676,0.7214339,0.04193288
0.44643626,0.4552785,0.00884223
0.22073488,0.26656538,0.045830503
0.12602636,0.15625425,0.030227885
0.40626827,0.3941208,0.012147456
0.58562434,0.54754376,0.038080573
0.40103942,0.39431065,0.0067287683
0.11273768,0.15300955,0.04027187
0.06759015,0.11665479,0.049064644
0.34228987,0.35048273,0.008192867
0.657376,0.61872625,0.038649738
0.6429415,0.6084063,0.03453517
0.33755288,0.35185343,0.014300555
0.14045507,0.18686272,0.046407655
0.2610058,0.29050156,0.029495776
0.6169465,0.5931389,0.023807645
0.8062488,0.7546306,0.05161816
0.5919901,0.5749108,0.017079294
0.32070234,0.34730163,0.026599288
0.22751814,0.27030167,0.04278353
0.5160697,0.5152382,0.0008314848
0.83583236,0.7858244,0.05000794
0.59376335,0.55142957,0.04233378
0.26916105,0.28053445,0.011373401
0.035494953,0.085485496,0.049990542
0.14720622,0.18140651,0.034200296
0.48379025,0.46745306,0.016337186
0.67032355,0.6271792,0.043144345
0.5261325,0.50729406,0.018838465
0.21219978,0.24361563,0.03141585
0.120669566,0.16787343,0.04720386
0.34760952,0.3616004,0.013990879
0.6920179,0.65460205,0.037415862
0.7459885,0.70179343,0.044195056
0.45406207,0.45643133,0.0023692548
0.19367997,0.23794015,0.044260174
0.27154323,0.3054517,0.033908457
0.6174116,0.59898007,0.018431544
0.8599792,0.80476916,0.055210054
0.69909364,0.6701775,0.02891612
0.37244594,0.39645654,0.024010599
0.27694976,0.3178497,0.040899932
0.2138412,0.23501101,0.021169811
0.54752505,0.5185746,0.028950453
0.6052989,0.56957114,0.03572774
0.39275652,0.39215034,0.00060617924
0.11379262,0.15814,0.044347383
0.16224821,0.20079003,0.038541824
0.5004894,0.4886248,0.011864603
0.7450168,0.6972386,0.04777819
0.64390767,0.6134188,0.030488849
0.31963974,0.34071198,0.021072239
0.16076173,0.20799762,0.04723589
0.40507123,0.41620338,0.011132151
0.75189,0.71072644,0.041163564
0.8294769,0.7775146,0.051962316
0.5676433,0.5577462,0.009897113
0.27353957,0.3112661,0.03772652
0.3248843,0.3561973,0.031313002
0.6081009,0.5959595,0.012141407
0.88808393,0.8320942,0.055989742
0.674227,0.62516516,0.049061835
0.2048198,0.23090062,0.026080817
0.055363316,0.106380485,0.05101717
0.23463391,0.2596657,0.02503179
0.5819594,0.55518425,0.026775181
0.7074316,0.66318154,0.04425007
0.45697716,0.45304638,0.0039307773
0.20421618,0.24091902,0.03670284
0.18173088,0.22356707,0.041836187
0.5045714,0.49829462,0.0062767565
0.7956846,0.745935,0.049749553
0.7028873,0.6688228,0.03406447
0.43057355,0.44022933,0.009655774
0.2146979,0.25960925,0.044911355
0.40290684,0.42001247,0.017105639
0.7573532,0.7199793,0.0373739
0.8747163,0.8196389,0.055077374
0.6726188,0.65067154,0.021947265
0.36172703,0.3910384,0.029311359
0.3724495,0.40172228,0.029272795
0.3565673,0.36009082,0.0035235286
0.6347911,0.5973627,0.03742838
0.6216638,0.5882523,0.033411503
0.31898162,0.33404696,0.015065342
0.10838673,0.1575545,0.049167775
0.29326183,0.3156622,0.02240038
0.59869903,0.57582426,0.022874773
0.7890574,0.73841125,0.050646126
0.5754664,0.55921483,0.016251564
0.2578728,0.2922548,0.034382015
0.20978242,0.25334775,0.043565333
0.50018036,0.5001708,9.536743e-06
0.8227827,0.7736102,0.04917252
0.7979302,0.75364137,0.044288814
0.48065773,0.48763,0.006972283
0.282296,0.32241732,0.040121317
0.40326327,0.42569524,0.02243197
0.748088,0.716056,0.032032013
0.92176557,0.8619877,0.059777856
0.7433442,0.6888195,0.05452466
0.1936036,0.22569469,0.03209108
0.10276342,0.15053536,0.04777194
0.38549697,0.39143682,0.0059398413
0.70727074,0.66543967,0.041831076
0.7267363,0.68362117,0.04311514
0.4361475,0.43932486,0.0031773448
0.17578334,0.22070476,0.044921428
0.29818124,0.325877,0.027695775
0.65693825,0.6306158,0.026322484
0.8458555,0.7914836,0.054371893
0.68495154,0.65680254,0.028149009
0.35575867,0.38056844,0.024809778
0.26320568,0.3042725,0.041066825
0.49196583,0.49839115,0.006425321
0.8290218,0.7826828,0.046339035
0.8725279,0.81980926,0.05271864
0.5833608,0.57841563,0.004945159
0.33494762,0.37222654,0.03727892
0.44327787,0.46434942,0.021071553
0.45091876,0.44431603,0.0066027343
0.72155845,0.6752011,0.046357334
0.5712126,0.5497442,0.021468401
0.24903753,0.27877522,0.029737681
0.14251254,0.19035734,0.047844797
0.386238,0.39820638,0.011968374
0.7336833,0.6935646,0.040118694
0.7858042,0.73894334,0.046860874
0.5510246,0.5419449,0.009079695
0.2555151,0.29398084,0.03846574
0.30691808,0.3390262,0.032108128
0.65119886,0.6306105,0.020588338
0.890183,0.83273494,0.05744803
0.7798984,0.7408465,0.03905189
0.45612413,0.47016522,0.014041096
0.30305585,0.34352723,0.040471375
0.5379332,0.54162693,0.0036937594
0.8601624,0.8115028,0.048659563
0.92304283,0.8641618,0.058881044
0.7972691,0.7390068,0.05826229
0.14864917,0.19159704,0.042947873
0.1982145,0.23519662,0.03698212
0.48360574,0.47840214,0.0052036047
0.774316,0.7259097,0.048406303
0.6832205,0.65029335,0.032927155
0.3550757,0.37432626,0.019250572
0.19549054,0.2411105,0.045619965
0.38453746,0.40245676,0.017919302
0.74120176,0.7047698,0.03643197
0.8606873,0.80649537,0.054191947
0.59894764,0.5870926,0.011855066
0.34402564,0.37414414,0.030118495
0.32345498,0.35856855,0.035113573
0.6369144,0.62286603,0.014048338
0.90928864,0.8515828,0.05770582
0.81242007,0.77105355,0.041366518
0.5534841,0.5560683,0.002584219
0.3562612,0.39363652,0.03737533
0.55755717,0.56225,0.0046928525
0.58978325,0.565866,0.023917258
0.7502197,0.70334893,0.046870768
0.55412334,0.53906345,0.015059888
0.23894663,0.27404812,0.03510149
0.21656385,0.25678065,0.040216804
0.5403153,0.5319805,0.008334756
0.804243,0.7562621,0.047980905
0.78079337,0.7375693,0.043224096
0.46316692,0.47095662,0.007789701
0.2492619,0.29236132,0.04309942
0.43566018,0.45084855,0.015188366
0.7340546,0.7028503,0.031204343
0.9112961,0.852237,0.059059143
0.6974948,0.67379826,0.023696542
0.39395142,0.42129406,0.027342647
0.35098338,0.3872204,0.03623703
0.61933345,0.6120617,0.0072717667
0.9063697,0.85086226,0.05550742
0.8750769,0.8249129,0.050163984
0.3249351,0.37171313,0.046778023
0.15720665,0.20279336,0.045586705
0.27846366,0.3070137,0.028550029
0.63542515,0.6104154,0.025009751
0.824282,0.77137876,0.052903235
0.6088621,0.59065527,0.018206835
0.3372769,0.36288148,0.025604576
0.24437803,0.28618076,0.041802734
0.53206927,0.5301595,0.0019097924
0.8491972,0.7981518,0.051045418
0.85900444,0.80718875,0.05181569
0.5679359,0.56378686,0.0041490197
0.31637764,0.35448888,0.03811124
0.4348528,0.45529148,0.020438671
0.7690552,0.7353993,0.033655882
0.9355739,0.87447065,0.061103225
0.7804326,0.74577343,0.034659147
0.48234496,0.49977887,0.017433912
0.40326583,0.4362333,0.032967478
0.626454,0.6214748,0.004979193
0.67462814,0.6415056,0.03312254
0.76341784,0.71809995,0.04531789
0.4706061,0.4719906,0.0013844967
0.21033762,0.25367516,0.04333754
0.28819937,0.32112917,0.032929808
0.63272744,0.61325,0.019477427
0.87334436,0.81709933,0.05624503
0.71254104,0.6826226,0.029918432
0.3880238,0.41100016,0.022976369
0.28449997,0.3257732,0.041273236
0.52157754,0.52612615,0.0045486093
0.8485922,0.80071956,0.047872663
0.88862056,0.83452344,0.054097116
0.66365135,0.64762723,0.016024113
0.39279765,0.4237884,0.03099075
0.4418017,0.46619955,0.02439785
0.7458669,0.7187185,0.027148366
0.9464608,0.88398814,0.06247264
0.84299195,0.79876876,0.04422319
0.36855432,0.41180092,0.043246597
0.17752457,0.22390977,0.0463852
0.42137295,0.43157503,0.01020208
0.7220733,0.6869344,0.035138905
0.84273136,0.7898449,0.052886486
0.5818041,0.5709702,0.010833919
0.28988317,0.3265861,0.03670293
0.34102002,0.37127843,0.030258417
0.621165,0.6080568,0.013108194
0.8969549,0.84016687,0.056788027
0.80035144,0.7597988,0.040552616
0.48536927,0.49753848,0.012169212
0.3380823,0.37635988,0.038277566
0.51344126,0.5239347,0.010493457
0.8324614,0.78948176,0.042979658
0.9299714,0.8701248,0.05984658
0.6934551,0.6751962,0.01825893
0.47326636,0.4954649,0.022198528
0.45928562,0.4859048,0.026619196
0.73217976,0.7094849,0.022694886
0.7866865,0.73968494,0.04700154
0.71691644,0.6820207,0.034895718
0.4457628,0.45454937,0.008786559
0.23162046,0.2755662,0.04394573
0.41836116,0.43450987,0.016148716
0.76876265,0.7305732,0.03818947
0.8838222,0.8280175,0.05580473
0.68362653,0.66083884,0.02278769
0.37726587,0.40547878,0.028212905
0.35804287,0.39111218,0.033069313
0.6611545,0.64542174,0.015732765
0.89814335,0.8432921,0.054851234
0.8675849,0.8179968,0.049588084
0.5781024,0.57886875,0.0007663369
0.39141285,0.4263578,0.03494495
0.55535454,0.5629548,0.007600248
0.806006,0.7691024,0.03690362
0.9451281,0.882147,0.06298107
0.7620695,0.73302794,0.029041588
0.42060646,0.45851827,0.037911803
0.22682016,0.26953614,0.04271598
0.51507014,0.5142259,0.0008442402
0.8339446,0.78406245,0.049882174
0.8083891,0.7634098,0.044979334
0.4945829,0.5006721,0.0060892105
0.2991942,0.3382345,0.039040327
0.4185785,0.43996322,0.021384716
0.7570993,0.7243232,0.032776058
0.92646825,0.8661554,0.060312867
0.7181588,0.6929853,0.025173485
0.46740088,0.48571452,0.018313646
0.3862974,0.42023465,0.033937246
0.64194226,0.63293266,0.0090096
0.9118963,0.8555043,0.056392014
0.91072345,0.85415,0.05657345
0.66031444,0.64964867,0.010665774
0.4547979,0.4840256,0.029227704
0.5540353,0.5662375,0.012202203
0.8200429,0.78075165,0.039291263
0.8486551,0.79503936,0.05361575
0.6976067,0.6687584,0.02884829
0.3717277,0.39568248,0.023954779
0.28065774,0.32074928,0.040091544
0.50629085,0.5118371,0.005546272
0.8373397,0.790395,0.046944678
0.87898487,0.8257353,0.053249598
0.59483886,0.5890487,0.005790174
0.35201868,0.38808364,0.036064953
0.42596766,0.45135203,0.025384367
0.73635584,0.7099568,0.026399016
0.9425494,0.8805705,0.061978936
0.7929928,0.7571552,0.03583759
0.51131684,0.52663976,0.015322924
0.4268602,0.45938292,0.03252271
0.62552816,0.62280655,0.0027216077
0.88592803,0.83391345,0.05201459
0.90793467,0.85063237,0.057302296
0.7263839,0.7048327,0.021551251
0.46684268,0.50015557,0.033312887
0.32257533,0.35408816,0.031512827
0.66438854,0.6430684,0.021320164
0.8991334,0.8411185,0.05801487
0.78940696,0.7497569,0.039650083
0.47080252,0.48396033,0.013157815
0.32106718,0.3604224,0.03935522
0.55120945,0.5539847,0.0027752519
0.8245389,0.782308,0.042230904
0.9252128,0.8659642,0.059248626
0.68415815,0.66666776,0.017490387
0.42684886,0.45563006,0.028781205
0.474314,0.4964804,0.022166401
0.7118302,0.6922013,0.019628882
0.9343776,0.87346417,0.060913444
0.84603447,0.80103207,0.0450024
0.59055567,0.59521925,0.0046635866
0.4789794,0.50762784,0.028648436
0.6161935,0.6188062,0.00261271
0.8516796,0.804888,0.046791613
0.9145855,0.85307455,0.06151092
0.6128847,0.6003131,0.012571573
0.36130717,0.39057082,0.029263645
0.34148368,0.37565023,0.034166545
0.6493355,0.6345345,0.014801025
0.91520983,0.85704374,0.058166087
0.81920546,0.7773192,0.04188627
0.5660886,0.5677983,0.0017096996
0.37465373,0.41076714,0.03611341
0.5424545,0.55105096,0.00859648
0.84390104,0.79985535,0.044045687
0.93308324,0.87259936,0.060483873
0.75708735,0.7286363,0.028451025
0.5041583,0.5240667,0.019908369
0.49266604,0.51674825,0.024082214
0.7321637,0.71046346,0.021700263
0.90733963,0.8497199,0.05761975
0.874189,0.8219571,0.052231908
0.6580345,0.65193594,0.0060985684
0.52284086,0.54888755,0.026046693
0.44581276,0.46124595,0.015433192
0.74668705,0.71476406,0.031922996
0.91985023,0.86022794,0.059622288
0.70864767,0.6843035,0.024344146
0.4110937,0.43748963,0.026395917
0.36961845,0.40476593,0.035147488
0.6313636,0.62327784,0.008085728
0.9093552,0.8534891,0.055866122
0.8775138,0.8269955,0.050518334
0.6022085,0.60130674,0.00090175867
0.4387137,0.46917048,0.030456781
0.5410799,0.5543512,0.013271332
0.8136315,0.7757705,0.03786099
0.9389897,0.8758276,0.06316209
0.7687976,0.73876107,0.030036509
0.5777333,0.5877629,0.010029614
0.5227204,0.5466257,0.023905277
0.7080785,0.6927806,0.01529789
0.88845754,0.83081347,0.05764407
0.9515466,0.88606113,0.06548548
0.5828025,0.5779192,0.0048832893
0.33517304,0.3724176,0.03724456
0.4520051,0.47156712,0.019562036
0.77909935,0.7448163,0.034283042
0.9404363,0.878942,0.06149429
0.78782266,0.75264937,0.035173297
0.49784017,0.5142929,0.01645273
0.42187366,0.45361266,0.031738997
0.61540097,0.6136548,0.0017461777
0.88659674,0.8349806,0.051616132
0.9109527,0.8539273,0.057025373
0.6772143,0.6651003,0.012114048
0.48911288,0.5157647,0.02665183
0.54997677,0.5663376,0.01636082
0.78025,0.74905205,0.031197965
0.92024434,0.85715616,0.06308818
0.80545884,0.7664337,0.039025128
0.6128599,0.6195463,0.0066863894
0.5680308,0.5883132,0.020282447
0.5269808,0.5324534,0.0054726005
0.8593979,0.8108442,0.048553705
0.8972198,0.8425599,0.054659903
0.67556304,0.6588827,0.01668036
0.41081005,0.4408523,0.03004226
0.45915836,0.48256734,0.02340898
0.75448656,0.7267436,0.027742982
0.9473837,0.8847217,0.062662005
0.8458783,0.8013375,0.044540823
0.5798153,0.5855541,0.005738795
0.46230653,0.4923705,0.030063957
0.64666647,0.64222354,0.00444293
0.85278803,0.8067964,0.04599166
0.91833586,0.85724133,0.061094522
0.7345034,0.71185774,0.022645652
0.5534557,0.5724347,0.018979013
0.5916726,0.60427976,0.012607157
0.7493955,0.7247585,0.024636984
0.8818956,0.8213402,0.0605554
0.98822933,0.9180172,0.070212126
0.50146633,0.5128738,0.011407495
0.35699362,0.39440075,0.03740713
0.5292948,0.53896546,0.009670675
0.84065473,0.79714304,0.04351169
0.9341932,0.87401974,0.060173452
0.7030401,0.6841971,0.018842995
0.48965156,0.5108542,0.021202624
0.47686613,0.5023428,0.025476694
0.7275168,0.706581,0.020935774
0.93152046,0.87034374,0.061176717
0.8471837,0.8016835,0.04550022
0.6509707,0.6458253,0.005145371
0.5131594,0.5391206,0.02596122
0.63779765,0.6384339,0.00063622
0.8435398,0.7969996,0.0465402
0.9006262,0.83807844,0.06254774
0.76960063,0.7376515,0.031949103
0.6137348,0.62391937,0.010184586
0.6270846,0.636461,0.009376407
0.6540839,0.6410002,0.013083696
0.9070131,0.8515416,0.05547154
0.8755469,0.8254317,0.050115168
0.59155715,0.5916116,5.4478645e-05
0.4097977,0.4437729,0.033975214
0.569713,0.57647914,0.0067661405
0.8121611,0.7748309,0.03733021
0.94499624,0.8819533,0.06304294
0.7673891,0.7379527,0.02943641
0.5335491,0.55132276,0.017773688
0.5062026,0.5316453,0.02544272
0.7034221,0.6889818,0.014440358
0.8982252,0.8406788,0.057546377
0.8650977,0.81292874,0.052168965
0.6728206,0.6651518,0.007668853
0.5695313,0.58927095,0.019739628
0.6399214,0.6441582,0.0042367578
0.8013833,0.76126236,0.04012096
0.8607455,0.79942495,0.061320543
1.0099878,0.9366396,0.073348224
0.4831891,0.50070924,0.01752013
0.4040691,0.43711853,0.033049434
0.6543138,0.64459264,0.00972116
0.9166972,0.8599435,0.056753695
0.91402614,0.85720384,0.0568223
0.67026913,0.65901214,0.011256993
0.4719908,0.50016385,0.02817306
0.5682014,0.5794622,0.011260748
0.8186154,0.77999973,0.038615644
0.93082094,0.86769307,0.063127875
0.80957824,0.7709373,0.038640916
0.6016707,0.60966104,0.00799036
0.5547136,0.57595164,0.021238029
0.68672854,0.6779457,0.008782864
0.85419786,0.8018163,0.052381575
0.856972,0.8004608,0.056511164
0.7139185,0.6964064,0.017512083
0.6151961,0.6304262,0.015230119
0.66522425,0.6671292,0.0019049644
0.7220524,0.69920164,0.022850752
0.9480604,0.88560575,0.06245464
0.800605,0.7642607,0.03634429
0.5256213,0.54014325,0.014521956
0.44398743,0.47553214,0.031544715
0.63694125,0.6335096,0.0034316778
0.88776433,0.83559495,0.052169383
0.90740514,0.8501206,0.057284534
0.73219514,0.710247,0.021948159
0.53764355,0.55818564,0.020542085
0.57751614,0.5916114,0.014095247
0.78297895,0.7510618,0.031917155
0.90344495,0.84092724,0.0625177
0.82671034,0.7807033,0.046007037
0.6581315,0.65610546,0.0020260215
0.59469,0.61325365,0.018563628
0.70325196,0.6919237,0.01132828
0.80626506,0.75995374,0.04631132
0.8242318,0.7658833,0.058348477
1.0154419,0.9408126,0.07462931
0.4427175,0.47058645,0.027868956
0.48952487,0.5107898,0.02126494
0.7207186,0.7004792,0.020239413
0.9357646,0.87464803,0.061116576
0.8489234,0.8036781,0.04524529
0.60194516,0.6058827,0.0039375424
0.49525747,0.5228378,0.02758035
0.6272263,0.6290565,0.0018302202
0.84934443,0.8030033,0.04634112
0.9048003,0.84400415,0.06079614
0.7394966,0.7159647,0.023531914
0.60038775,0.61210114,0.011713386
0.59878033,0.6137657,0.014985383
0.7513763,0.72591865,0.02545762
0.8584044,0.7988255,0.059578896
0.8002803,0.7545954,0.045684874
0.6971608,0.68552583,0.011634946
0.6407039,0.65447205,0.0137681365
0.7067445,0.6957451,0.010999382
0.8194609,0.7802015,0.039259434
0.9469463,0.8839773,0.06296903
0.763161,0.7341992,0.028961778
0.51817787,0.5371819,0.019004047
0.50769985,0.5308042,0.02310437
0.7382976,0.716106,0.022191584
0.9052365,0.84763336,0.05760312
0.8720719,0.8198961,0.05217582
0.66585726,0.6591738,0.006683469
0.5450693,0.56839424,0.023324966
0.6560773,0.65487623,0.0012010932
0.8077235,0.7678473,0.039876223
0.87756306,0.8158495,0.061713576
0.7642984,0.7320063,0.032292068
0.63700396,0.6448299,0.007825971
0.6310684,0.6448554,0.013786972
0.7286093,0.708848,0.019761324
0.8025497,0.7476606,0.054889143
0.77374005,0.72388613,0.04985392
0.6565126,0.6751935,0.01868087
0.45438644,0.4837716,0.02938515
0.5539829,0.56631875,0.012335837
0.8167223,0.7784353,0.038286984
0.93607426,0.87283444,0.06323981
0.771782,0.74138224,0.03039974
0.58923155,0.5984254,0.009193838
0.537721,0.5605606,0.022839606
0.7135615,0.69775885,0.015802622
0.8821474,0.8248214,0.05732596
0.8688387,0.81202805,0.056810677
0.7116665,0.69493693,0.016729593
0.5991853,0.61623824,0.017052948
0.6597332,0.66185147,0.0021182895
0.7883826,0.7482887,0.0400939
0.82968116,0.7696286,0.060052574
0.7627421,0.72351587,0.039226234
0.6798691,0.6786994,0.0011697412
0.6744104,0.683359,0.008948624
0.72029805,0.7022239,0.018074155
0.85921395,0.8124319,0.046782076
0.90928,0.85197866,0.057301342
0.68397963,0.6711788,0.012800813
0.5042949,0.52983284,0.025537968
0.5630932,0.57845235,0.015359163
0.7817761,0.75021404,0.03156203
0.9127536,0.84983736,0.06291622
0.80328524,0.76416737,0.039117873
0.6230755,0.62893885,0.0058633685
0.57818365,0.59853625,0.020352602
0.6976926,0.68735236,0.010340214
0.83302176,0.78105444,0.051967323
0.8300576,0.7743521,0.055705547
0.7346148,0.708991,0.025623798
0.65032876,0.659759,0.00943023
0.67623025,0.67983013,0.0035998821
0.7494938,0.7157171,0.0337767
0.7696343,0.71201193,0.057622373
0.73371506,0.68977094,0.04394412
0.6947467,0.7088427,0.014096022
0.47828263,0.50707877,0.028796136
0.6549765,0.64967656,0.005299926
0.85060805,0.80432004,0.046288013
0.91126376,0.85015,0.061113775
0.7366906,0.7135649,0.023125708
0.56713337,0.58503586,0.017902493
0.6038787,0.6154902,0.011611521
0.750205,0.7252128,0.024992168
0.87041,0.81024843,0.06016159
0.80860555,0.7626914,0.045914173
0.6721443,0.66830057,0.0038437247
0.625907,0.6415801,0.015673101
0.69385296,0.68761957,0.006233394
0.7817976,0.7359927,0.04580486
0.7859494,0.729042,0.056907415
0.72216123,0.69564664,0.02651459
0.691223,0.69237125,0.0011482239
0.7044818,0.707536,0.0030542016
0.7201277,0.69050545,0.029622257
0.90893817,0.85091954,0.058018625
0.8440356,0.7981922,0.045843422
0.6579047,0.6518982,0.0060064793
0.5289308,0.55359256,0.02466178
0.6465121,0.6462347,0.00027740002
0.83742136,0.79075366,0.046667695
0.8882422,0.82592195,0.062320232
0.7663933,0.7342272,0.032166123
0.62511134,0.6343213,0.009209931
0.627084,0.63933843,0.012254417
0.74749655,0.72117835,0.026318192
0.81644434,0.7608583,0.05558604
0.7869682,0.7365223,0.050445855
0.7018436,0.68884146,0.013002157
0.67092973,0.68170476,0.01077503
0.71039075,0.7011372,0.0092535615
0.735142,0.695673,0.039469004
0.7218055,0.6662408,0.0555647
0.70139295,0.66873455,0.0326584
0.7307331,0.73918426,0.008451164
0.52197784,0.54600394,0.024026096
0.70781976,0.6925739,0.015245855
0.88864183,0.8310223,0.057619512
0.8559754,0.8037116,0.052263796
0.6779248,0.6694561,0.0084686875
0.5844734,0.60294765,0.01847428
0.64964175,0.6529013,0.0032595396
0.79378766,0.7535871,0.04020053
0.84343165,0.782568,0.060863674
0.752208,0.71946853,0.03273946
0.67140484,0.6715379,0.00013303757
0.6607978,0.6716398,0.010842025
0.7265054,0.70568407,0.020821333
0.7627471,0.70910543,0.053641677
0.7397699,0.68728435,0.052485526
0.7074365,0.6864282,0.021008313
0.7131615,0.7174535,0.0042919517
0.7245978,0.7170458,0.0075520277
0.69055885,0.6516138,0.03894508
0.91392994,0.85205066,0.061879277
0.805108,0.76604724,0.03906077
0.61240476,0.6191756,0.006770849
0.57054186,0.59032655,0.019784689
0.6917912,0.68212986,0.009661317
0.841773,0.78939635,0.052376628
0.8414826,0.7851387,0.056343853
0.7139577,0.69588614,0.018071592
0.6299494,0.64394003,0.013990641
0.6654508,0.6704698,0.005019009
0.7550484,0.7212757,0.033772707
0.78738976,0.7286321,0.058757663
0.7384542,0.6994561,0.038998127
0.69529414,0.6919458,0.0033483505
0.7011606,0.7085493,0.007388711
0.7193018,0.70265687,0.016644955
0.7011472,0.6534701,0.0476771
0.6728024,0.6232412,0.049561203
0.68569744,0.6583897,0.027307749
0.7626253,0.7660636,0.003438294
0.59010327,0.60296893,0.012865663
0.7799376,0.747474,0.03246361
0.8875088,0.82509923,0.06240958
0.81586856,0.76968837,0.04618019
0.66509914,0.6620207,0.0030784607
0.6112113,0.6282978,0.017086506
0.70649314,0.6943644,0.012128711
0.79196656,0.74570894,0.046257615
0.8022932,0.7443835,0.057909667
0.7257906,0.6994021,0.026388526
0.67655206,0.6830627,0.0065106153
0.69795525,0.6989046,0.0009493232
0.72642905,0.6984834,0.027945638
0.7202415,0.66569644,0.054545045
0.6971855,0.6542296,0.042955935
0.71024776,0.698739,0.011508763
0.74277395,0.7448104,0.0020364523
0.7274362,0.7132244,0.014211774
0.6445007,0.60286427,0.041636407
0.914269,0.8478737,0.06639528
0.73857963,0.71433294,0.024246693
0.6134819,0.623707,0.010225117
0.61388546,0.62730354,0.013418078
0.74868023,0.72260356,0.026076674
0.8385983,0.7792556,0.059342682
0.78560704,0.73989254,0.045714498
0.69920105,0.6867546,0.012446463
0.65698844,0.6693248,0.012336373
0.70546186,0.69713414,0.008327723
0.7519733,0.7066878,0.045285463
0.7425884,0.68565375,0.056934655
0.71060354,0.6776869,0.032916605
0.7108799,0.7094048,0.0014750957
0.7285272,0.7286686,0.00014138222
0.7048144,0.67632246,0.028491914
0.65051,0.60157907,0.048930943
0.63020414,0.58583975,0.044364393
0.7000458,0.68151486,0.018530965
0.78449816,0.7816714,0.0028267503
0.66100293,0.65942913,0.001573801
0.79999995,0.75979286,0.040207088
0.85876787,0.7973103,0.061457574
0.757451,0.7247058,0.032745183
0.6493028,0.6556482,0.0063453913
0.6471379,0.65929645,0.012158573
0.72720486,0.7067482,0.020456672
0.78033644,0.7257836,0.054552853
0.7526356,0.7030615,0.049574077
0.7047635,0.6901393,0.014624178
0.70076984,0.70676804,0.005998194
0.7184201,0.7121686,0.006251514
0.70608705,0.66707677,0.039010286
0.66867113,0.6151452,0.053525925
0.66745573,0.6302185,0.037237227
0.7264094,0.717138,0.009271383
0.7664746,0.76377183,0.0027027726
0.6953751,0.67094517,0.024429917
0.57168853,0.52663016,0.04505837
0.89278716,0.8255906,0.06719655
0.7130968,0.6954813,0.017615497
0.6157002,0.6309113,0.015211105
0.67002094,0.6706923,0.0006713867
0.77773046,0.73742396,0.04030651
0.80712473,0.74749774,0.059626997
0.74973977,0.7103678,0.039371967
0.6882188,0.6857796,0.0024392009
0.68975574,0.697147,0.007391274
0.7188935,0.7028381,0.016055405
0.72050583,0.67180663,0.0486992
0.6951374,0.6442157,0.05092168
0.699526,0.67754537,0.021980643
0.7394469,0.7404351,0.000988245
0.7443978,0.7382627,0.006135106
0.67250663,0.63921416,0.033292472
0.58614916,0.53678566,0.049363494
0.61541146,0.579971,0.035440445
0.7396372,0.7267072,0.012929976
0.80106837,0.79311717,0.0079512
0.6978337,0.6877973,0.010036409
0.81916535,0.767355,0.051810324
0.8126978,0.7573122,0.05538565
0.73055935,0.70432234,0.026237011
0.6643654,0.6720292,0.0076637864
0.68797743,0.689999,0.0020215511
0.73987675,0.7058162,0.034060538
0.74402183,0.68699235,0.057029486
0.7148792,0.6711177,0.04376149
0.70764846,0.6968725,0.010775983
0.72969395,0.7334569,0.0037629604
0.71907985,0.70088845,0.018191397
0.6663373,0.62388164,0.042455673
0.61768866,0.56796193,0.049726725
0.66649586,0.6389867,0.027509153
0.7652153,0.7591535,0.0060617924
0.76714325,0.756586,0.010557234
0.6552834,0.626539,0.0287444
0.5026796,0.45908806,0.04359153
0.8663131,0.7979982,0.06831491
0.67931587,0.67417485,0.00514102
0.64242876,0.65607274,0.01364398
0.70050377,0.69295543,0.007548332
0.76793486,0.7222547,0.045680165
0.76440626,0.7080838,0.056322455
0.7162242,0.68918294,0.027041256
0.7017513,0.70132834,0.00042295456
0.7172441,0.7186756,0.0014315248
0.7137263,0.68520564,0.028520644
0.6729948,0.6204974,0.052497387
0.6610806,0.61926985,0.04181075
0.70282733,0.684793,0.018034339
0.76809025,0.7665417,0.0015485287
0.73114127,0.7150209,0.016120374
0.6046608,0.5647266,0.039934218
0.52728695,0.48112142,0.046165526
0.6050345,0.5742695,0.030764997
0.7714762,0.7584534,0.01302278
0.7865203,0.7717475,0.014772773
0.73852897,0.7142958,0.024233162
0.80101925,0.7459844,0.055034876
0.7722054,0.722173,0.050032437
0.7043585,0.69029534,0.0140631795
0.6861557,0.6948498,0.008694112
0.71550614,0.70498073,0.010525405
0.7224701,0.683047,0.039423108
0.6975986,0.6428316,0.054766953
0.69027424,0.65745187,0.03282237
0.72852194,0.7239716,0.004550338
0.75417084,0.753063,0.0011078119
0.7027427,0.67854494,0.024197757
0.6021311,0.55542153,0.046709597
0.5846953,0.5422776,0.042417705
0.6950068,0.6751578,0.019849002
0.7965673,0.78862655,0.007940769
0.75789386,0.7418091,0.01608473
0.56611747,0.5318304,0.034287095
0.4328723,0.39225075,0.04062155
0.8277844,0.760512,0.067272425
0.6802495,0.6788939,0.0013555884
0.67495066,0.6837461,0.00879544
0.72630286,0.704719,0.021583855
0.745458,0.6925504,0.052907586
0.7213545,0.66961014,0.05174434
0.7051738,0.68342805,0.021745741
0.7260513,0.7283513,0.002300024
0.73116755,0.72221327,0.008954287
0.6784497,0.64020365,0.038246036
0.6195567,0.56861335,0.050943375
0.6368069,0.6005036,0.03630328
0.7358965,0.7240075,0.0118890405
0.7886013,0.7821755,0.006425798
0.7085673,0.68702245,0.021544874
0.5390699,0.4986355,0.04043439
0.4886636,0.44822294,0.04044068
0.6463834,0.62209135,0.024292052
0.8261861,0.81259537,0.013590753
0.769249,0.7499084,0.019340634
0.74389404,0.71309865,0.030795395
0.77058095,0.712876,0.057704926
0.72916156,0.69037557,0.038785994
0.70266676,0.6977497,0.004917085
0.71461284,0.719769,0.0051561594
0.7205236,0.7028574,0.01766622
0.68405527,0.63710785,0.04694742
0.6528118,0.6041587,0.048653126
0.67865825,0.6509961,0.027662158
0.7546194,0.74977237,0.0048470497
0.75954014,0.75013196,0.009408176
0.64745975,0.6146294,0.032830358
0.5321562,0.4859447,0.04621154
0.5569461,0.51974714,0.03719896
0.7181975,0.6999974,0.0182001
0.8267472,0.81542826,0.011318922
0.6954711,0.67209107,0.023380041
0.4895128,0.45508742,0.034425378
0.37900332,0.34296697,0.036036342
0.7811524,0.71515554,0.065996885
0.688093,0.6927327,0.004639685
0.7076189,0.70678586,0.0008330345
0.72233826,0.69404966,0.028288603
0.701616,0.6482932,0.053322792
0.68319046,0.64086634,0.042324126
0.7134579,0.70059544,0.012862444
0.7549049,0.7545906,0.0003143549
0.7300575,0.71454144,0.015516043
0.6297322,0.5889771,0.040755093
0.56682813,0.52020437,0.046623766
0.6473133,0.61970025,0.027613044
0.7648792,0.7528819,0.011997342
0.79716367,0.785202,0.011961639
0.63356584,0.60484093,0.028724909
0.4460967,0.40603077,0.040065914
0.48449567,0.45091078,0.033584893
0.671922,0.64912784,0.022794187
0.85596895,0.83853936,0.01742959
0.6951628,0.6708184,0.024344385
0.73670065,0.6956963,0.04100436
0.7242758,0.66873527,0.05554056
0.7028458,0.67007047,0.032775342
0.7193429,0.71599054,0.003352344
0.73868215,0.73662496,0.0020571947
0.6986884,0.66990095,0.028787434
0.6307095,0.58309627,0.047613263
0.6116189,0.56835043,0.043268442
0.6986969,0.67912227,0.019574642
0.7913135,0.78524494,0.0060685873
0.7325763,0.7140571,0.018519223
0.588566,0.5535198,0.03504622
0.4690417,0.4267831,0.04225859
0.57447636,0.5445897,0.029886663
0.78187835,0.76523334,0.016645014
0.8383386,0.8219215,0.016417086
0.6387935,0.61234826,0.02644527
0.36945158,0.3360773,0.03337428
0.36695012,0.33668336,0.030266762
0.94347095,0.92288834,0.020582616
0.7126609,0.7166421,0.003981173
0.7246684,0.7168701,0.0077982545
0.69428134,0.6557937,0.038487613
0.647112,0.5953065,0.051805496
0.6543493,0.61772376,0.036625564
0.7311575,0.72007984,0.011077642
0.776807,0.771455,0.0053520203
0.69044375,0.6653359,0.02510786
0.5497757,0.5063202,0.04345554
0.51867,0.47712314,0.04154688
0.65532166,0.63089484,0.024426818
0.8160252,0.803254,0.012771189
0.7627939,0.7433955,0.019398391
0.5256449,0.49321672,0.032428175
0.3691406,0.3330357,0.036104888
0.47439346,0.4449855,0.029407948
0.7547373,0.73256373,0.022173584
0.86343163,0.8409383,0.022493303
0.6339423,0.60758793,0.026354373
0.7041783,0.65993065,0.044247627
0.6754426,0.6260025,0.049440086
0.69583386,0.67344004,0.022393823
0.75041646,0.74901575,0.0014007092
0.75167835,0.7434144,0.008263946
0.66101843,0.627977,0.033041418
0.5612078,0.5139288,0.047279
0.599684,0.5650095,0.034674525
0.71821827,0.7004114,0.017806888
0.81558675,0.8050999,0.010486841
0.69991124,0.67656374,0.023347497
0.4849087,0.44782338,0.037085325
0.42845237,0.39212707,0.036325306
0.5822278,0.55535907,0.02686876
0.82145774,0.8020073,0.019450426
0.8042949,0.7818747,0.022420168
0.50858843,0.48006904,0.028519392
0.26342186,0.23428299,0.029138878
0.35106412,0.3249415,0.02612263
0.9644574,0.93790317,0.026554227
0.74202967,0.7436912,0.0016615391
0.7180408,0.69900924,0.019031584
0.6482564,0.6069011,0.041355312
0.5926716,0.5449687,0.04770285
0.65706474,0.62954146,0.02752328
0.7737172,0.76501286,0.008704364
0.77319914,0.76012844,0.013070703
0.6446544,0.6157272,0.028927207
0.47518513,0.43395272,0.041232407
0.50730145,0.47289106,0.034410387
0.715331,0.6945217,0.020809293
0.84749436,0.8305358,0.016958535
0.7264916,0.70270574,0.02378583
0.43615997,0.40486926,0.03129071
0.3095839,0.27873322,0.030850679
0.53698415,0.51100326,0.02598089
0.8015177,0.77642673,0.025090992
0.85136884,0.8241621,0.027206719
0.49372214,0.4674422,0.026279926
0.65101475,0.60218334,0.048831403
0.6414879,0.60089767,0.040590227
0.7004368,0.6817027,0.018734097
0.779773,0.7756285,0.0041444898
0.73162764,0.71402335,0.017604291
0.5829786,0.54440004,0.03857857
0.49725616,0.45367157,0.043584585
0.5892227,0.5589935,0.03022921
0.7766146,0.7608118,0.0158028
0.81351435,0.796885,0.016629338
0.6050587,0.5764472,0.02861154
0.39773393,0.36313525,0.03459868
0.39337084,0.36199602,0.031374812
0.6579416,0.63335013,0.024591446
0.8744514,0.8509459,0.023505509
0.717183,0.6905005,0.026682496
0.40833005,0.3814998,0.026830256
0.18878537,0.16506526,0.023720115
0.41896036,0.394969,0.023991376
0.969006,0.93672717,0.032278836
0.7658535,0.7627678,0.0030857325
0.69573575,0.67117006,0.024565697
0.5736873,0.5289137,0.04477364
0.55807877,0.51752245,0.04055631
0.69058114,0.6698304,0.020750761
0.80666465,0.79562765,0.011036992
0.76021725,0.7417951,0.018422127
0.5442214,0.511028,0.03319341
0.39840677,0.36087254,0.037534237
0.49388173,0.46370617,0.030175567
0.753633,0.73183125,0.02180177
0.8560611,0.83406335,0.02199775
0.6154633,0.58817804,0.027285278
0.3000166,0.2715957,0.028420925
0.2647341,0.2388853,0.025848791
0.56990933,0.5441918,0.025717556
0.8810967,0.8513397,0.029757023
0.7647238,0.7345909,0.03013289
0.3237828,0.3011583,0.022624493
0.5893718,0.5410399,0.048331916
0.6157864,0.58051926,0.035267115
0.73941326,0.72612995,0.013283312
0.7997807,0.7908316,0.008949101
0.7034088,0.6808631,0.022545695
0.5087019,0.47027966,0.038422257
0.45496324,0.41711816,0.037845075
0.6354119,0.6105894,0.024822533
0.8355931,0.8182176,0.017375529
0.8004344,0.77892196,0.021512449
0.5252215,0.49594685,0.029274672
0.29436383,0.26357993,0.030783892
0.42443094,0.39754787,0.026883066
0.70110214,0.675259,0.025843143
0.8923866,0.8639649,0.0284217
0.64558893,0.6173885,0.028200448
0.24238177,0.21997666,0.022405103
0.16265571,0.14364605,0.019009665
0.45258665,0.4287205,0.023866147
0.97411686,0.9365952,0.03752166
0.7671486,0.7564067,0.0107418895
0.62887824,0.5965939,0.03228432
0.49505442,0.45119736,0.043857068
0.528644,0.49309102,0.03555301
0.7163146,0.69682634,0.019488275
0.8382396,0.82367903,0.01456058
0.68838143,0.6637466,0.024634838
0.45915538,0.4265649,0.03259048
0.33954647,0.30681038,0.032736093
0.55046195,0.52415395,0.026308
0.83460224,0.8105551,0.024047136
0.8112861,0.78456545,0.026720643
0.5281754,0.50081956,0.02735585
0.20195971,0.17840806,0.023551658
0.29103458,0.26864174,0.02239284
0.68749833,0.658951,0.028547347
0.91348493,0.8786215,0.034863412
0.69255584,0.66135585,0.031199992
0.20338589,0.18564287,0.017743021
0.51349485,0.4659883,0.04750654
0.6325272,0.6052954,0.027231753
0.77133226,0.7578914,0.013440847
0.80626976,0.7922879,0.013981879
0.61734575,0.58876073,0.028585017
0.40697244,0.3695178,0.037454635
0.45357206,0.42186224,0.03170982
0.6639397,0.64013517,0.023804545
0.86646456,0.8451803,0.021284282
0.7203836,0.6944292,0.025954366
0.3788751,0.35064697,0.028228134
0.22142963,0.19557428,0.025855348
0.43760931,0.41272527,0.024884045
0.80657876,0.77723956,0.029339194
0.8609531,0.82857054,0.032382548
0.47745928,0.45138022,0.026079059
0.12906435,0.11214019,0.016924158
0.14302501,0.12751865,0.015506357
0.5888112,0.56055164,0.028259575
0.9460704,0.9049005,0.04116988
0.734548,0.71585476,0.018693209
0.5639489,0.5298234,0.034125507
0.4297261,0.3896221,0.040104
0.55314106,0.5240957,0.029045343
0.7871275,0.76876646,0.018361032
0.84838504,0.82934403,0.019041002
0.62586355,0.5989394,0.026924133
0.33061495,0.2998773,0.030737668
0.33068043,0.30293489,0.027745545
0.6425947,0.6169964,0.025598288
0.8752875,0.84726685,0.02802062
0.7661881,0.7366761,0.029511988
0.35684103,0.33244962,0.024391413
0.111830756,0.09371756,0.018113196
0.30103222,0.28048477,0.02054745
0.7479001,0.7155899,0.032310247
0.906629,0.86788285,0.03874618
0.51167905,0.48438832,0.027290732
0.024463559,0.014782766,0.009680793
0.43921766,0.39482543,0.044392228
0.6447728,0.62053096,0.024241865
0.82689226,0.8128521,0.014040172
0.7647611,0.7444125,0.020348608
0.4997021,0.46829388,0.03140822
0.32864973,0.29492888,0.03372085
0.4473891,0.41930044,0.028088659
0.7550483,0.73122704,0.023821235
0.872106,0.84652275,0.025583267
0.6538979,0.62630725,0.027590632
0.2729388,0.2482504,0.024688393
0.195766,0.17431939,0.021446615
0.5441238,0.518272,0.025851846
0.8933166,0.85889375,0.034422874
0.8202242,0.7854125,0.034811735
0.3598855,0.3372041,0.022681415
0.0013440088,-0.008847193,0.010191202
0.2248678,0.20848717,0.016380638
0.6572074,0.6248851,0.032322347
0.9232723,0.8792518,0.044020534
0.7006712,0.6778549,0.0228163
0.4536165,0.4177716,0.035844892
0.39370334,0.35894722,0.034756124
0.56607974,0.53975415,0.026325583
0.82880837,0.8081382,0.020670176
0.8084632,0.784676,0.0237872
0.4866129,0.45872927,0.02788362
0.22317544,0.19657132,0.026604116
0.31994012,0.29558504,0.024355084
0.6928575,0.66567665,0.02718085
0.90727806,0.8750346,0.03224349
0.6281093,0.5989643,0.029145002
0.2390067,0.21885511,0.020151585
0.05841484,0.04484946,0.01356538
0.41750884,0.3944342,0.023074627
0.86652595,0.8276791,0.03884685
0.8199005,0.7808912,0.039009333
0.38790932,0.36466634,0.02324298
-0.08568694,-0.08890722,0.0032202825
0.3554989,0.31461093,0.04088798
0.71369016,0.6928997,0.020790458
0.85690403,0.8394658,0.017438233
0.7241289,0.70021456,0.023914337
0.40850863,0.37832227,0.030186355
0.2736408,0.24452253,0.029118285
0.5206725,0.49523583,0.02543667
0.804652,0.7783966,0.02625537
0.8567732,0.8277136,0.029059589
0.4963298,0.46983808,0.026491731
0.1331341,0.11371775,0.019416347
0.23620456,0.21681255,0.019392014
0.5997956,0.5719861,0.0278095
0.9238172,0.88523304,0.038584173
0.6807476,0.64783186,0.03291577
0.15311651,0.13826431,0.014852196
-0.07009287,-0.07525911,0.00516624
0.26728252,0.24986379,0.017418727
0.8078291,0.7672561,0.040573
0.8214262,0.7789251,0.042501092
0.6079767,0.58067673,0.02729994
0.36776316,0.33420226,0.033560902
0.3653546,0.33502704,0.030327559
0.6516038,0.6273601,0.024243712
0.8830911,0.85920703,0.023884058
0.7138917,0.687112,0.026779711
0.38531426,0.35932672,0.025987536
0.15401316,0.13203251,0.021980643
0.39921382,0.3759779,0.023235917
0.8097573,0.778654,0.031103313
0.90169877,0.8663039,0.035394847
0.5280824,0.5006702,0.027412176
0.06532921,0.052184902,0.013144307
0.08393872,0.07192022,0.012018494
0.56998116,0.54116875,0.028812408
0.91302323,0.8697172,0.043306053
0.7438974,0.70575076,0.038146615
0.15543997,0.14211376,0.013326213
-0.17772043,-0.17513733,0.0025831014
0.27580228,0.23973234,0.036069945
0.75498545,0.7334228,0.021562636
0.8637475,0.8419257,0.021821797
0.6058047,0.5790853,0.026719391
0.27094206,0.24355297,0.027389094
0.23538257,0.21065225,0.024730325
0.5593176,0.5341519,0.025165677
0.8870182,0.8569352,0.030083
0.76366246,0.7331642,0.030498266
0.3113341,0.28918535,0.022148758
0.04508045,0.030805701,0.014274748
0.25515053,0.23690654,0.018243983
0.7429242,0.70952404,0.033400178
0.9136059,0.8724997,0.041106224
0.57864004,0.5481798,0.030460238
0.023600714,0.015074878,0.008525836
-0.072089545,-0.07530186,0.0032123178
0.4337361,0.409049,0.024687082
0.918747,0.8709877,0.047759295
0.7437222,0.70296466,0.040757537
0.5334491,0.5055154,0.027933717
0.2648617,0.2350896,0.029772103
0.4047835,0.378713,0.026070476
0.69815284,0.67291594,0.025236905
0.8991907,0.87124336,0.027947366
0.63867825,0.611088,0.027590275
0.21610765,0.19465569,0.021451965
0.13421656,0.11630857,0.017907992
0.4382097,0.41499472,0.023214996
0.8637069,0.8287479,0.03495896
0.82042074,0.7845677,0.03585303
0.32002193,0.29918888,0.020833045
-0.065468155,-0.07176729,0.006299138
0.094811454,0.08394868,0.010862775
0.6439324,0.61117303,0.03275937
0.9438196,0.89684474,0.046974838
0.54441357,0.51370853,0.030705035
0.010810766,0.004749751,0.006061015
-0.22150104,-0.21547462,0.006026417
0.18657322,0.15624481,0.030328408
0.8396269,0.8157627,0.02386421
0.81387013,0.78765786,0.026212275
0.515006,0.48853266,0.026473343
0.17307784,0.15054329,0.02253455
0.26807475,0.24662587,0.02144888
0.6834146,0.65569776,0.027716815
0.91740215,0.88328886,0.034113288
0.68776,0.65713674,0.030623257
0.18566905,0.16854304,0.017126009
-0.007918418,-0.01760513,0.009686711
0.3841688,0.36263427,0.021534532
0.8091039,0.77153796,0.037565947
0.8766018,0.8345795,0.042022288
0.35330757,0.33149233,0.02181524
-0.15091442,-0.15043117,0.00048324466
0.007937022,0.002454575,0.0054824464
0.5140389,0.4850363,0.029002607
0.9477932,0.8967149,0.05107826
0.5518762,0.5194098,0.03246641
0.3923291,0.36547154,0.026857555
0.1919924,0.16744493,0.024547473
0.4208961,0.3968982,0.023997903
0.8080903,0.77948636,0.028603971
0.86408913,0.832653,0.031436145
0.4632343,0.43822095,0.025013357
0.1011339,0.08520914,0.01592476
0.11711542,0.102586575,0.014528848
0.58054423,0.5532302,0.027314007
0.9322939,0.89238,0.039913893
0.6669769,0.63443005,0.032546878
0.18225531,0.16730794,0.01494737
-0.14004037,-0.14117625,0.0011358857
0.22479647,0.20956959,0.015226886
0.80338037,0.76239806,0.040982306
0.9230831,0.8750807,0.04800242
0.40866584,0.38377994,0.024885893
-0.20587078,-0.20050493,0.0053658485
-0.16701983,-0.16268143,0.0043383986
1.1009456,1.0399904,0.060955167
0.88067734,0.8524375,0.028239846
0.7650049,0.73600036,0.029004514
0.335895,0.3127859,0.023109108
0.08100019,0.0642213,0.016778886
0.2798539,0.26043832,0.019415587
0.7454947,0.7143804,0.03111434
0.9097069,0.8723077,0.037399173
0.49947166,0.47336975,0.026101917
-0.0032650058,-0.012042239,0.008777234
-0.039099336,-0.045159567,0.0060602315
0.4478638,0.42390758,0.02395621
0.9169553,0.8730143,0.04394102
0.7335911,0.69577414,0.03781694
0.103419214,0.09295104,0.0104681775
-0.2497365,-0.24316163,0.006574869
0.04873712,0.042027287,0.0067098327
0.70388186,0.6647554,0.039126456
0.9225325,0.8711412,0.051391304
0.42310607,0.39665574,0.026450336
0.28640363,0.26315838,0.023245245
0.16592044,0.14624402,0.019676417
0.5323813,0.50728345,0.025097847
0.89734983,0.86342543,0.0339244
0.82014066,0.78637016,0.0337705
0.34039927,0.31916177,0.021237493
-0.03125185,-0.040121265,0.008869413
0.20213099,0.18701075,0.015120238
0.6505067,0.61964697,0.030859709
0.94085187,0.8977745,0.04307735
0.5549374,0.5256873,0.029250145
-0.0425893,-0.047039945,0.0044506453
-0.1423977,-0.14144507,0.00095263124
0.28937668,0.27153584,0.017840832
0.86834776,0.8228297,0.04551804
0.8025477,0.7587611,0.043786585
0.13776018,0.12615332,0.011606857
-0.35625598,-0.34224677,0.0140092075
-0.13535684,-0.1320632,0.0032936484
1.0954803,1.0332508,0.062229514
0.9128599,0.87958586,0.033274055
0.61883634,0.5903402,0.028496146
0.21166341,0.19339645,0.018266961
0.024390325,0.012786487,0.011603838
0.40026018,0.37848622,0.021773964
0.86764383,0.8300423,0.03760153
0.81833875,0.78094256,0.037396193
0.36992547,0.34830844,0.021617025
-0.11941873,-0.12136768,0.0019489452
0.03319088,0.026167838,0.007023042
0.6266522,0.5945398,0.03211236
0.9465972,0.89920586,0.047391355
0.62451965,0.59050184,0.0340178
-0.050676234,-0.053122822,0.0024465881
-0.2953533,-0.2851545,0.010198802
0.23211278,0.21660633,0.015506446
0.7848444,0.740576,0.04426837
0.8649077,0.815295,0.0496127
0.16137365,0.14854155,0.01283209
0.12673812,0.109658025,0.017080091
0.20670074,0.1892952,0.01740554
0.58932406,0.56188005,0.027444005
0.9282312,0.88945687,0.03877431
0.67322373,0.6413673,0.031856418
0.12297642,0.11020473,0.012771696
-0.10805935,-0.11120136,0.0031420141
0.24407698,0.22832228,0.0157547
0.8052815,0.76650083,0.03878069
0.87653327,0.833487,0.043046296
0.31212613,0.29285452,0.019271612
-0.17748812,-0.17434554,0.0031425804
-0.14102079,-0.13869384,0.0023269504
0.48771635,0.46025014,0.027466208
0.94851935,0.8975317,0.05098766
0.5955035,0.5610358,0.034467697
-0.027262395,-0.030134737,0.0028723422
-0.42637715,-0.40780804,0.018569112
0.045611657,0.039556455,0.0060552023
1.0613796,0.99971014,0.06166941
0.9062193,0.86880624,0.03741306
0.51205146,0.48546007,0.02659139
0.026801022,0.016683271,0.010117751
0.04805541,0.038546685,0.009508725
0.557511,0.5296753,0.027835667
0.9152836,0.87272805,0.04255557
0.738124,0.7015443,0.036579728
0.12585375,0.11468108,0.011172667
-0.21896833,-0.2143954,0.004572928
0.0705349,0.06292785,0.0076070502
0.7091649,0.67199916,0.03716576
0.92326516,0.87492514,0.048340023
0.37410134,0.35143918,0.022662163
-0.27727258,-0.2675628,0.009709775
-0.30973303,-0.29771963,0.012013406
0.3225991,0.30227235,0.020326763
0.9136525,0.8615253,0.052127182
0.67776906,0.6371997,0.040569365
-0.117124476,-0.11479551,0.002328962
0.01482706,0.0041397884,0.010687271
0.22482795,0.20857756,0.016250387
0.73847616,0.70412385,0.034352303
0.9167895,0.8745914,0.042198062
0.5651678,0.5357389,0.0294289
-0.014573634,-0.02019004,0.005616406
-0.11281089,-0.11330369,0.00049280375
0.4153775,0.39238098,0.022996515
0.9196255,0.87341595,0.046209574
0.80602527,0.7640385,0.041986763
0.15732987,0.14542158,0.011908293
-0.3264006,-0.31457582,0.011824787
-0.0060068304,-0.009319376,0.0033125458
0.5807313,0.5478947,0.032836556
0.94803226,0.89555246,0.052479804
0.4531403,0.42542794,0.027712345
-0.29118752,-0.27967438,0.011513144
-0.4020906,-0.38408566,0.018004954
0.13811123,0.1269492,0.011162028
1.0335661,0.972304,0.06126213
0.82164425,0.7833996,0.038244665
0.29291713,0.2738856,0.019031525
-0.11036048,-0.11266038,0.0022998974
0.059353296,0.051147625,0.008205671
0.6342578,0.6017474,0.0325104
0.9465738,0.8995094,0.047064424
0.5296684,0.5006089,0.02905947
-0.024875717,-0.028259752,0.003384035
-0.2646363,-0.25604814,0.008588165
0.24907818,0.23336156,0.015716627
0.86458874,0.8182547,0.04633403
0.793194,0.7495485,0.0436455
0.21479768,0.19996135,0.014836326
-0.39823923,-0.38128057,0.016958654
-0.19303611,-0.18633614,0.0066999644
0.5506419,0.5177528,0.032889068
0.94013596,0.8854207,0.054715276
0.54208595,0.5082178,0.033868134
-0.27765092,-0.26627436,0.01137656
-0.11801154,-0.12100709,0.0029955506
0.3618911,0.34097552,0.020915568
0.80746543,0.76771134,0.039754093
0.8771541,0.8333204,0.043833733
0.33021617,0.31002828,0.020187885
-0.19429265,-0.19011526,0.0041773915
-0.027254328,-0.030102216,0.0028478876
0.499388,0.47163048,0.027757525
0.948815,0.89870554,0.050109446
0.6049253,0.57106966,0.033855617
-0.10999968,-0.10819767,0.0018020123
-0.39504912,-0.3783751,0.016674012
0.06581005,0.059132837,0.0066772103
0.7741959,0.7302805,0.04391539
0.85660034,0.8075028,0.049097538
0.15826906,0.14590234,0.012366727
-0.4307909,-0.41117758,0.019613326
-0.37367478,-0.35677177,0.016903013
0.38555372,0.36031246,0.025241256
0.9554366,0.89745027,0.05798632
0.7486712,0.71062595,0.038045228
0.15152109,0.1388638,0.012657285
-0.1833647,-0.18025887,0.0031058341
0.19842532,0.18477558,0.013649747
0.8004337,0.7582649,0.042168796
0.92387897,0.8750285,0.048850477
0.3900244,0.36676568,0.023258716
-0.24512097,-0.23662359,0.008497387
-0.20326763,-0.19637679,0.0068908483
0.46257454,0.43563467,0.026939869
0.915997,0.8651974,0.05079961
0.68577224,0.64633286,0.03943938
-0.077092975,-0.07657823,0.0005147457
-0.49123088,-0.4683919,0.02283898
-0.125172,-0.121800445,0.003371559
0.6504541,0.6112931,0.039161026
0.9012776,0.84747386,0.053803742
0.24654381,0.22854038,0.018003434
-0.5123866,-0.48756707,0.024819553
-0.21725813,-0.21362256,0.0036355704
0.43135852,0.40689754,0.024460971
0.9191264,0.87156314,0.047563255
0.7277598,0.6882951,0.039464653
0.07447591,0.06641786,0.008058049
-0.28959593,-0.2791586,0.01043734
0.020519441,0.015967181,0.00455226
0.6969067,0.657947,0.038959682
0.9213403,0.87033355,0.051006734
0.46708074,0.43924376,0.027836978
-0.2600835,-0.24977499,0.010308504
-0.36966243,-0.3532565,0.01640594
0.2924234,0.27356535,0.018858045
0.9069982,0.854572,0.05242622
0.7632162,0.71789455,0.045321643
-0.014547154,-0.017613174,0.00306602
-0.5780725,-0.5497582,0.028314292
-0.18907338,-0.18227845,0.0067949295
0.49815372,0.46583885,0.032314867
0.89411116,0.8384333,0.05567783
0.56198853,0.530487,0.03150153
-0.07532867,-0.07669077,0.0013621002
-0.17686485,-0.17247212,0.004392728
0.2703021,0.25300884,0.017293245
0.86709666,0.8193901,0.047706544
0.7984628,0.7536505,0.04481232
0.11513242,0.10551142,0.009621002
-0.39040047,-0.37325084,0.017149627
-0.16232108,-0.15689214,0.00542894
0.5622177,0.52903,0.033187687
0.9436744,0.88958955,0.054084837
0.42816424,0.40149716,0.026667088
-0.23899034,-0.22945039,0.009539947
-0.5140762,-0.4892605,0.024815679
0.106318824,0.09687847,0.009440355
0.8294915,0.7792177,0.050273776
0.7401785,0.6941454,0.046033144
0.07235814,0.06376588,0.008592255
-0.61868125,-0.5875246,0.03115666
-0.3283709,-0.3176874,0.010683507
0.61923116,0.5848061,0.03442508
0.9480568,0.8965622,0.0514946
0.61621356,0.58065903,0.03555453
-0.0763337,-0.07634935,1.564622e-05
-0.3254496,-0.31196848,0.01348111
0.21563354,0.2009285,0.014705047
0.780322,0.73537713,0.044944882
0.8610667,0.81137776,0.049688935
0.18120414,0.1680104,0.013193741
-0.4525372,-0.4311635,0.021373719
-0.23695114,-0.22719638,0.009754762
0.40140617,0.3759184,0.02548778
0.9316988,0.87633806,0.055360734
0.52152634,0.4884571,0.033069223
-0.30777797,-0.29445642,0.013321549
-0.6241822,-0.5927851,0.031397104
-0.08579847,-0.085069515,0.00072895736
0.71726847,0.6712455,0.04602295
0.72448605,0.6772807,0.04720533
0.33667725,0.315232,0.021445245
-0.20520264,-0.19919936,0.0060032755
-0.16623363,-0.16147262,0.0047610104
0.47775543,0.44917238,0.02858305
0.9479104,0.8939977,0.0539127
0.694953,0.6540683,0.040884733
-0.04677036,-0.047692522,0.0009221621
-0.4510446,-0.42970303,0.021341562
0.029815244,0.025013512,0.0048017316
0.7631498,0.7177973,0.04535252
0.9058319,0.8521752,0.053656697
0.2662832,0.2478468,0.018436417
-0.47547427,-0.45247054,0.023003727
-0.41343412,-0.39380547,0.019628644
0.36410376,0.33954912,0.02455464
0.8806607,0.82601327,0.054647446
0.61346537,0.5734215,0.04004389
-0.24174894,-0.23257619,0.0091727525
-0.69014806,-0.6546304,0.035517633
-0.4191151,-0.4024079,0.016707182
0.70442545,0.66443616,0.039989293
0.9225723,0.870401,0.05217129
0.3616689,0.33849964,0.02316928
-0.30133602,-0.28879288,0.012543142
-0.33274558,-0.31800127,0.014744312
0.31109565,0.29084834,0.02024731
0.9107225,0.8571934,0.053529084
0.670771,0.63019323,0.04057777
-0.117500894,-0.1143107,0.003190197
-0.54192257,-0.5149375,0.02698505
-0.16214654,-0.15646198,0.0056845546
0.6347649,0.59523386,0.039531052
0.8901383,0.83558387,0.054554462
0.36353272,0.33849505,0.025037676
-0.45930853,-0.43723574,0.022072792
-0.56948245,-0.5409128,0.028569639
0.18020609,0.16492298,0.015283108
0.8584499,0.8025719,0.055877984
0.60538715,0.5636338,0.04175335
0.1943307,0.17990099,0.014429718
-0.3525148,-0.33790907,0.014605731
-0.024521517,-0.02672977,0.0022082534
0.57333094,0.5388045,0.034526467
0.94628096,0.8908633,0.055417657
0.44313923,0.41513473,0.028004497
-0.31114662,-0.29708686,0.014059752
-0.4218472,-0.40135318,0.020494014
0.12595624,0.115654744,0.010301493
0.8366209,0.78590834,0.050712585
0.74958056,0.7033914,0.04618919
-0.04938536,-0.050410733,0.0010253713
-0.62417734,-0.59238356,0.031793773
-0.34948042,-0.33343396,0.016046464
0.47907987,0.44698036,0.032099515
0.903664,0.8461434,0.05752057
0.3246047,0.3002984,0.024306297
-0.40576875,-0.38725534,0.018513411
-0.6918885,-0.65633816,0.035550356
-0.5179716,-0.49489072,0.023080856
0.86233807,0.81281376,0.049524307
0.78897786,0.74250686,0.046471
0.20018823,0.18542416,0.0147640705
-0.42210582,-0.40221053,0.019895285
-0.21228106,-0.20360425,0.008676812
0.54277635,0.50908995,0.0336864
0.93701756,0.88074356,0.056273997
0.5335325,0.49986404,0.03366846
-0.28573304,-0.27283594,0.012897104
-0.5667145,-0.53779984,0.02891469
0.07455409,0.06653937,0.008014724
0.7274119,0.6814187,0.04599321
0.81406295,0.7624764,0.05158657
0.041780356,0.034649946,0.0071304105
-0.6599575,-0.62604046,0.03391707
-0.40608823,-0.3870694,0.019018829
0.3040279,0.28046712,0.023560762
0.8782853,0.81937045,0.05891484
0.34789303,0.31997213,0.027920902
-0.059061013,-0.060016155,0.0009551421
-0.42190555,-0.402763,0.019142538
0.04857732,0.04251348,0.0060638413
0.7694493,0.7232249,0.046224415
0.8526964,0.8012912,0.05140519
0.1435081,0.13200082,0.011507288
-0.45307893,-0.4304345,0.02264443
-0.39375505,-0.3743284,0.019426644
0.37566727,0.35077652,0.02489075
0.92377055,0.86691636,0.05685419
0.62451893,0.58449084,0.040028095
-0.22742136,-0.21841595,0.009005412
-0.6766639,-0.6416058,0.03505808
-0.121100575,-0.11856333,0.002537243
0.7017149,0.65542024,0.04629463
0.8542941,0.7981443,0.05614984
0.14901178,0.13420267,0.014809102
-0.64777535,-0.6149488,0.032826543
-0.5647783,-0.53717786,0.027600467
1.0530547,0.98107415,0.071980536
0.91384864,0.8603716,0.05347705
0.67867124,0.6373081,0.04136312
-0.09818587,-0.09640761,0.0017782599
-0.51859885,-0.49263424,0.025964618
-0.14522278,-0.14006795,0.005154833
0.6432149,0.6031521,0.040062785
0.89747745,0.84243405,0.0550434
0.23320168,0.21633415,0.016867533
-0.53368413,-0.5061737,0.027510464
-0.5569396,-0.5282597,0.028679907
0.19017716,0.17497553,0.015201628
0.8695275,0.81403726,0.055490255
0.59376603,0.5538446,0.039921463
-0.14063746,-0.13755,0.003087461
-0.73900366,-0.7002584,0.038745284
-0.3093525,-0.29635695,0.012995541
0.55752057,0.5174705,0.04005009
0.82497156,0.76738244,0.057589114
0.19302121,0.17303926,0.01998195
-0.21086526,-0.20330834,0.0075569153
-0.39913705,-0.38062832,0.018508732
0.27729124,0.25834903,0.018942207
0.9039067,0.84916747,0.054739237
0.7570936,0.7102541,0.046839535
-0.034688707,-0.036048677,0.0013599694
-0.6071496,-0.5750941,0.032055497
-0.21053556,-0.20144932,0.009086236
0.48824808,0.4562852,0.03196287
0.91320217,0.85589796,0.057304204
0.3350463,0.31116226,0.023884028
-0.51160073,-0.48603055,0.025570184
-0.6219994,-0.5900399,0.031959474
-0.0035200329,-0.008425467,0.004905434
0.77728206,0.7251612,0.052120864
0.6762945,0.6293734,0.046921134
-0.18357232,-0.17896847,0.004603848
-0.78210586,-0.74112535,0.040980518
-0.47527072,-0.45366535,0.021605372
1.0177757,0.945498,0.072277665
0.9414911,0.88543326,0.05605787
0.41400257,0.386796,0.02720657
-0.26740313,-0.25590998,0.011493146
-0.5474333,-0.51935315,0.028080165
0.08665061,0.07844817,0.008202441
0.82459164,0.77328,0.051311612
0.73337156,0.6870555,0.046316028
0.052963044,0.046371907,0.0065911375
-0.6498437,-0.6152152,0.03462851
-0.39886126,-0.37932235,0.01953891
0.4552743,0.42381984,0.031454474
0.8903825,0.8324128,0.05796975
0.44015718,0.4083223,0.03183487
-0.45010564,-0.4288315,0.02127415
-0.73921156,-0.7003224,0.03888917
-0.03980873,-0.043650422,0.0038416907
0.65257055,0.60523814,0.047332406
0.7360886,0.68213606,0.053952515
-0.104789756,-0.10745426,0.0026645064
-0.43750447,-0.4170731,0.02043137
-0.2686881,-0.25714958,0.011538535
0.3858781,0.36039478,0.02548331
0.9288182,0.8717429,0.05707532
0.508928,0.47574311,0.033184886
-0.3390374,-0.32266098,0.016376406
-0.6618102,-0.6261799,0.035630345
-0.11080332,-0.10760609,0.0031972304
0.7100602,0.66435224,0.04570794
0.79824406,0.7467777,0.051466346
0.0050595533,0.00021815559,0.0048413975
-0.6453622,-0.6118296,0.03353262
-0.5659317,-0.5373259,0.02860576
0.27716976,0.25473586,0.022433907
0.8622769,0.80359334,0.058683574
0.5381673,0.4983472,0.039820105
-0.35410646,-0.3394947,0.014611751
-0.8042561,-0.7618871,0.042369008
-0.21703134,-0.21215422,0.0048771203
0.94880855,0.878535,0.07027358
0.9020966,0.84728974,0.054806888
0.24609643,0.22800379,0.018092647
-0.5133976,-0.48761076,0.025786817
-0.44903293,-0.42641255,0.02262038
0.34742898,0.3236547,0.023774266
0.8761419,0.8209611,0.055180788
0.6028397,0.5634995,0.039340198
-0.27158844,-0.25913456,0.012453884
-0.72961646,-0.69001776,0.039598703
-0.30316022,-0.28939274,0.013767481
0.5658693,0.52700555,0.03886372
0.8368088,0.7808519,0.0559569
0.11846318,0.10519506,0.013268121
-0.68938106,-0.6536472,0.03573388
-0.69705313,-0.66067576,0.03637737
0.09371231,0.08090281,0.0128095
0.7911135,0.73356634,0.057547152
0.50275767,0.4618695,0.04088816
-0.25866744,-0.2524135,0.006253928
-0.5603696,-0.5326983,0.027671337
-0.19230221,-0.1850679,0.007234305
0.6237259,0.5839611,0.039764762
0.8847586,0.8292973,0.055461287
0.3462701,0.32201785,0.024252266
-0.49435917,-0.46883988,0.025519282
-0.6064118,-0.5739215,0.032490313
0.15978183,0.14656557,0.013216257
0.852777,0.79767704,0.055099964
0.68564546,0.6399949,0.04565054
-0.17572552,-0.17008942,0.005636096
-0.7806406,-0.73882824,0.04181236
-0.3427791,-0.32774207,0.01503703
0.40078998,0.3699612,0.030828774
0.83937,0.780618,0.058752
0.23687936,0.21460772,0.022271648
-0.61852497,-0.58754194,0.03098303
-0.71008146,-0.6735125,0.03656894
-0.07976987,-0.08431875,0.0045488775
0.88817984,0.81974024,0.0684396
0.7438751,0.6971315,0.04674357
-0.075354695,-0.07528749,6.720424e-05
-0.6609199,-0.62641805,0.03450185
-0.3799669,-0.36145103,0.018515885
0.46468487,0.43333414,0.03135073
0.89708453,0.83966434,0.057420194
0.30739036,0.28494376,0.022446603
-0.43613923,-0.4140399,0.022099316
-0.7274642,-0.6879242,0.039539993
-0.032067332,-0.034894828,0.0028274953
0.75568175,0.70440954,0.051272213
0.6525929,0.60670865,0.04588425
-0.059439767,-0.062411636,0.002971869
-0.7740365,-0.7329539,0.04108262
-0.4997607,-0.47560602,0.024154663
0.37053022,0.3394093,0.031120926
0.7983884,0.7387045,0.05968392
0.34808967,0.3158234,0.03226626
-0.5144606,-0.49192294,0.022537678
-0.7022388,-0.66617733,0.036061466
0.053784855,0.046616133,0.0071687214
0.71720284,0.671115,0.04608786
0.8046437,0.7528606,0.051783085
0.021001862,0.015379263,0.0056225993
-0.6899735,-0.6529399,0.037033558
-0.43216878,-0.4103034,0.021865368
0.28742272,0.26585403,0.021568686
0.8692131,0.81201977,0.05719334
0.41517234,0.38497782,0.030194521
-0.47648418,-0.45280784,0.023676336
-0.7989668,-0.7558164,0.043150425
-0.21425973,-0.20728506,0.0069746673
0.6273435,0.5814848,0.04585868
0.7087661,0.65670377,0.052062333
-0.08507748,-0.08782829,0.002750814
-0.7118955,-0.67485625,0.03703928
-0.613315,-0.58279204,0.030522943
0.20467693,0.18103866,0.023638263
0.7754669,0.71279603,0.06267089
0.6208632,0.58026093,0.040602267
-0.24888021,-0.23898938,0.009890825
-0.7012735,-0.66439027,0.036883235
-0.13965055,-0.13574569,0.0039048642
0.6897308,0.64394057,0.045790255
0.84288275,0.78749496,0.055387795
0.1325902,0.11984222,0.012747988
-0.66923535,-0.6333396,0.035895765
-0.5859205,-0.55510354,0.030816972
0.25549212,0.2345547,0.020937428
0.79897517,0.7439209,0.055054247
0.5123026,0.47404075,0.03826183
-0.3685633,-0.35258487,0.015978426
-0.8090832,-0.76539725,0.043685973
-0.37086073,-0.35491973,0.015940994
0.47835758,0.43915293,0.039204657
0.728848,0.6720149,0.05683309
0.046587035,0.033217575,0.01336946
-0.6881347,-0.6536526,0.034482062
-0.77953833,-0.7387342,0.040804148
0.17679837,0.16184425,0.01495412
0.85816133,0.80253804,0.055623293
0.5807094,0.5410279,0.039681494
-0.15451829,-0.15032886,0.0041894317
-0.7518606,-0.71143997,0.04042065
-0.3217566,-0.3071666,0.014589995
0.5435791,0.50536346,0.038215637
0.8099711,0.75502497,0.054946125
0.24919774,0.22819702,0.021000713
-0.60187525,-0.5705932,0.031282067
-0.69766486,-0.6604356,0.03722924
0.07876275,0.0672182,0.011544548
0.75795674,0.70263755,0.05531919
0.5867972,0.5411088,0.04568839
-0.23749089,-0.23086616,0.0066247284
-0.7896593,-0.7470679,0.042591393
-0.3618246,-0.34751245,0.014312148
0.3231114,0.29099172,0.03211966
0.6842467,0.6266437,0.057603
0.35042042,0.3246261,0.025794327
-0.5197421,-0.4941141,0.02562797
-0.62731147,-0.59498787,0.0323236
-0.011582025,-0.01615659,0.0045745643
0.762187,0.7105598,0.05162722
0.66091865,0.61502826,0.04589039
-0.18979508,-0.18393482,0.005860254
-0.78053206,-0.7383044,0.042227685
-0.4773985,-0.45368046,0.023718059
0.38062078,0.35101596,0.029604822
0.80455244,0.74782175,0.056730688
0.21873981,0.19801128,0.020728528
-0.494235,-0.47013596,0.024099052
-0.7528714,-0.71209955,0.040771842
-0.08186595,-0.08470802,0.0028420687
0.64606047,0.5944668,0.05159366
0.54089856,0.4949556,0.045942962
-0.09676301,-0.10074767,0.00398466
-0.7039212,-0.6670988,0.03682238
-0.8623322,-0.81640774,0.045924485
0.44463563,0.41272694,0.03190869
0.8721053,0.81395787,0.05814743
0.42758638,0.39570484,0.03188154
-0.44517073,-0.42425826,0.020912468
-0.7255231,-0.68738854,0.038134575
-0.04063246,-0.04437193,0.0037394688
0.63368046,0.58824795,0.045432508
0.7132977,0.66253555,0.050762177
-0.06505599,-0.06765187,0.0025958791
-0.7458942,-0.7055691,0.040325105
-0.47779915,-0.45402128,0.023777872
0.21472818,0.19408439,0.020643786
0.75170666,0.6952928,0.05641389
0.32485494,0.2949546,0.029900342
-0.47356483,-0.4512846,0.022280246
-0.73616564,-0.69618326,0.03998238
-0.20625049,-0.20208241,0.0041680783
0.5105045,0.46512693,0.045377553
0.49884748,0.45367017,0.04517731
0.056207426,0.04691068,0.009296745
-0.6305378,-0.5985767,0.031961083
-0.5488698,-0.52182764,0.02704215
0.27059904,0.24748185,0.023117185
0.8340458,0.7759623,0.058083534
0.5193624,0.48016435,0.03919804
-0.33701608,-0.3235119,0.013504177
-0.7647707,-0.7244339,0.040336788
-0.20205349,-0.19639178,0.005661711
0.59266895,0.548285,0.044383943
0.7270083,0.6735038,0.053504467
0.06374063,0.052300144,0.011440489
-0.65193975,-0.61675966,0.03518009
-0.553403,-0.52454555,0.02885747
0.19631256,0.17454351,0.021769047
0.6551317,0.6009377,0.054193974
0.40115067,0.3632537,0.03789696
-0.3169086,-0.3050572,0.0118514
-0.6426322,-0.60749197,0.035140216
-0.8984798,-0.85019356,0.04828626
0.5490358,0.5091979,0.039837897
0.80676174,0.75050175,0.05625999
0.116397224,0.10191747,0.014479756
-0.6508519,-0.61838275,0.032469153
-0.6521658,-0.61974996,0.032415807
0.098510355,0.08432613,0.014184222
0.7523381,0.6972012,0.05513692
0.4787054,0.44037423,0.03833118
-0.2062894,-0.20120786,0.0050815344
-0.7351349,-0.6953141,0.03982079
-0.32462567,-0.31036606,0.014259607
0.4452728,0.40880215,0.03647065
0.6635562,0.611185,0.052371204
0.18008351,0.15893199,0.021151528
-0.5110537,-0.48530963,0.02574405
-0.5597518,-0.5303287,0.029423118
0.06821394,0.053550567,0.014663372
0.57783103,0.5268845,0.050946534
0.37208527,0.33645427,0.035631
-0.098040365,-0.09892557,0.0008852035
-0.7370523,-0.69891036,0.038141966
-0.31495625,-0.30316857,0.011787683
0.38790607,0.35564014,0.03226593
0.795053,0.7369219,0.0581311
0.2304357,0.20692813,0.023507565
-0.557906,-0.5323179,0.025588095
-0.6344956,-0.6036035,0.030892134
-0.053906757,-0.059003845,0.0050970875
0.63726974,0.58805317,0.04921657
0.5351994,0.49223197,0.04296744
-0.19545144,-0.19003707,0.0054143667
-0.63885,-0.6029381,0.035911858
-0.39122346,-0.37203002,0.01919344
0.30163512,0.27162173,0.030013382
0.61539996,0.5614887,0.05391127
0.16264963,0.14051111,0.022138521
-0.34298962,-0.32743347,0.015556157
-0.4919967,-0.4640243,0.0279724
-0.9292632,-0.8789255,0.050337672
0.7207327,0.6683684,0.05236429
0.6190824,0.5722961,0.04678631
-0.046674922,-0.052573856,0.005898934
-0.70226175,-0.6677385,0.03452325
-0.4404164,-0.42271397,0.01770243
0.3568979,0.32430893,0.03258896
0.73933864,0.6823377,0.057000935
0.32983014,0.29858923,0.03124091
-0.42771584,-0.40957725,0.018138587
-0.6408403,-0.6068782,0.03396207
-0.045108948,-0.049251337,0.0041423887
0.503572,0.46190196,0.041670024
0.5501703,0.5037175,0.04645282
-0.053880066,-0.05897517,0.0050951056
-0.53721964,-0.50773,0.029489636
-0.31150922,-0.29822987,0.013279349
0.181502,0.15837239,0.023129612
0.5232535,0.47509694,0.04815656
0.18847212,0.16771573,0.020756394
-0.35704637,-0.34261325,0.014433116
-0.7346201,-0.6969745,0.03764558
-0.18338832,-0.18102197,0.002366349
0.5909357,0.5438159,0.047119796
0.65895396,0.60684586,0.05210811
-0.060210012,-0.06761486,0.007404849
-0.612546,-0.58522874,0.027317286
-0.51287335,-0.49120757,0.021665782
0.2084933,0.18475527,0.023738042
0.67275035,0.61884606,0.053904295
0.40059927,0.36481926,0.035780013
-0.2762641,-0.2649433,0.0113208
-0.5761555,-0.54237574,0.03377974
-0.12717049,-0.12542509,0.0017454028
0.44490588,0.4029706,0.041935265
0.51791096,0.46839416,0.049516797
0.06618656,0.05087716,0.015309401
-0.36520955,-0.34500363,0.020205915
-0.26831567,-0.25321442,0.015101254
0.5480093,0.5001222,0.047887087
0.7509453,0.6945614,0.056383908
0.48033196,0.44031605,0.040015906
-0.32506254,-0.314718,0.010344535
-0.7131701,-0.67906755,0.03410256
-0.3076019,-0.29999578,0.007606119
0.44824994,0.40743595,0.040813982
0.6601562,0.6054367,0.054719508
0.06505934,0.048586812,0.01647253
-0.5522421,-0.52681965,0.025422454
-0.5204358,-0.4942202,0.026215613
0.08648507,0.07305278,0.013432294
0.5708286,0.5226832,0.048145413
0.3529771,0.3191065,0.033870608
-0.123681605,-0.12304695,0.00063465536
-0.44600335,-0.4206386,0.025364757
-0.1490405,-0.14658566,0.002454847
0.32112244,0.28608483,0.035037607
0.42173228,0.37992805,0.041804224
0.11959285,0.10634552,0.0132473335
-0.4712948,-0.45015174,0.021143049
-0.6322255,-0.6014415,0.03078401
0.08748157,0.07128382,0.016197756
0.7004162,0.64410824,0.05630797
0.53963006,0.49274462,0.04688543
-0.1905719,-0.19163144,0.0010595322
-0.65958464,-0.63087875,0.028705895
-0.27543366,-0.2706576,0.0047760606
0.30921674,0.27690443,0.032312304
0.618485,0.56578946,0.052695513
0.1713622,0.1498029,0.021559313
-0.39690214,-0.37599087,0.020911276
-0.41434953,-0.38988,0.024469525
0.008070246,0.0004954642,0.0075747822
0.45029733,0.40572712,0.044570208
0.36336878,0.32339412,0.03997466
-0.06325886,-0.067449376,0.0041905195
-0.27082345,-0.2541329,0.016690552
-0.1051848,-0.09918589,0.0059989095
0.4315782,0.39260182,0.03897637
0.7504794,0.6921054,0.058373988
0.20610571,0.18206213,0.024043575
-0.4387309,-0.42214426,0.016586632
-0.65752184,-0.6280411,0.029480755
-0.048151832,-0.05884424,0.010692406
0.5888239,0.5366033,0.052220643
0.48849678,0.4422498,0.046246976
-0.054489426,-0.065090664,0.010601237
-0.5455839,-0.521211,0.024372876
-0.3114959,-0.2994947,0.012001187
0.2844312,0.2560821,0.028349102
0.53647673,0.48883998,0.047636747
0.24324962,0.21664055,0.026609078
-0.22595435,-0.21556918,0.010385171
-0.31270972,-0.29473343,0.017976284
0.05251353,0.03932292,0.0131906085
0.3311524,0.29335514,0.037797272
0.3237581,0.28865722,0.035100877
0.045057427,0.041219775,0.0038376525
-0.64652187,-0.6143526,0.032169282
-0.4385623,-0.42077324,0.017789066
0.208245,0.18276961,0.025475383
0.6955589,0.6374163,0.058142602
0.3030395,0.26938194,0.03365755
-0.4043371,-0.39327323,0.011063874
-0.6177207,-0.5931705,0.0245502
-0.1433581,-0.14882629,0.0054681897
0.46432745,0.4195013,0.04482615
0.49699682,0.45019376,0.046803057
-0.031278845,-0.03936373,0.008084886
-0.38808253,-0.36625955,0.021822989
-0.28114057,-0.26458567,0.016554892
0.18871604,0.16685548,0.021860555
0.44195214,0.39538205,0.046570092
0.2687935,0.23480375,0.033989742
-0.064220585,-0.0662922,0.0020716116
-0.15608455,-0.14469935,0.011385202
0.06374639,0.057690736,0.006055657
0.32090157,0.29075557,0.030146003
0.68819404,0.632059,0.05613506
0.05755446,0.041952655,0.015601806
-0.6066625,-0.57988656,0.026775956
-0.5015587,-0.48314875,0.018409967
0.1943886,0.16631474,0.028073862
0.60568887,0.5501231,0.055565774
0.37124825,0.33041805,0.040830195
-0.25345418,-0.2524519,0.0010022819
-0.5125844,-0.4909137,0.0216707
-0.18404146,-0.18111666,0.0029248
0.34454003,0.31052977,0.03401026
0.46145976,0.41750652,0.04395324
0.08009961,0.06642404,0.0136755705
-0.2495816,-0.23425262,0.015328988
-0.18506132,-0.17479913,0.010262191
0.13758376,0.11691919,0.020664573
0.32897627,0.28823826,0.040738016
0.21409914,0.18825002,0.025849119
0.06269588,0.061335206,0.0013606772
-0.7075837,-0.67153496,0.03604877
-0.32113254,-0.31165242,0.009480119
0.42690375,0.38568148,0.041222274
0.63285387,0.57700866,0.0558452
0.16972578,0.1431279,0.026597872
-0.47434783,-0.46002722,0.014320612
-0.50383705,-0.48796523,0.015871823
0.082625516,0.060623724,0.022001792
0.5370551,0.4850751,0.05197999
0.4007009,0.35864735,0.04205355
-0.10458985,-0.10762557,0.0030357167
-0.37626186,-0.3534946,0.022767246
-0.098195836,-0.09473001,0.0034658238
0.24754964,0.22002631,0.027523324
0.3855133,0.3411712,0.0443421
0.14966536,0.12594807,0.023717284
-0.0671605,-0.06526349,0.0018970147
-0.019347044,-0.016768845,0.002578199
0.14012241,0.12860887,0.011513546
0.23475029,0.21166226,0.023088023
0.52566814,0.4788913,0.04677683
-0.2111134,-0.20973805,0.0013753474
-0.64931417,-0.6202482,0.029065967
-0.39503682,-0.3845245,0.010512322
0.29377413,0.25762224,0.036151886
0.5980962,0.5411025,0.056993663
0.15646967,0.12797591,0.028493762
-0.3192581,-0.3149844,0.004273683
-0.44125336,-0.4248663,0.016387075
0.01327106,0.0013540722,0.011916988
0.42714503,0.38502505,0.04211998
0.33978504,0.30395815,0.03582689
0.02245789,0.014239604,0.008218287
-0.20052998,-0.18631165,0.01421833
-0.039308045,-0.040120427,0.0008123815
0.22320357,0.19258909,0.03061448
0.28160474,0.2423274,0.03927733
0.16653156,0.14552717,0.021004394
0.09408583,0.09531287,0.0012270436
-0.78819114,-0.7467823,0.041408837
-0.070706934,-0.07853253,0.007825598
0.50397426,0.45631495,0.047659308
0.5532856,0.50123614,0.052049458
-0.07532062,-0.08691355,0.011592932
-0.57262677,-0.55277556,0.019851208
-0.41210663,-0.40333077,0.00877586
0.18055046,0.15056233,0.029988125
0.52616453,0.47305313,0.053111404
0.23155515,0.19993882,0.03161633
-0.22797817,-0.22155628,0.006421894
-0.31856653,-0.29874137,0.01982516
-0.0021984219,-0.005937421,0.0037389994
0.32071725,0.2849739,0.035743356
0.30487838,0.2660374,0.03884098
0.07172787,0.05700045,0.014727421
-0.0145194335,-0.0139320325,0.000587401
0.07583565,0.07193848,0.0038971752
0.18718298,0.16910404,0.018078938
0.1680865,0.1510759,0.0170106
0.41353762,0.37325174,0.040285885
-0.3348822,-0.32571083,0.009171367
-0.6677643,-0.6377722,0.029992104
-0.1739368,-0.17882986,0.0048930645
0.46181628,0.41331813,0.048498154
0.5462354,0.4911482,0.05508718
0.047101505,0.024586573,0.022514932
-0.42725167,-0.4164014,0.0108502805
-0.31248665,-0.30555505,0.006931603
0.1808618,0.15550883,0.02535297
0.42958474,0.38566312,0.04392162
0.26470247,0.23412916,0.030573308
-0.070878886,-0.06919243,0.0016864538
-0.15050147,-0.13788067,0.012620807
0.040375624,0.033070225,0.0073053986
0.23575792,0.20172991,0.03402801
0.22919166,0.1927667,0.036424965
0.13392867,0.119119175,0.014809497
0.1543248,0.15531091,0.0009861141
-0.81907785,-0.7755718,0.043506026
0.05233617,0.03560977,0.0167264
0.61768365,0.5614073,0.05627632
0.37068334,0.32993028,0.040753067
-0.1920216,-0.19659826,0.004576668
-0.5839853,-0.56399727,0.01998806
-0.2307719,-0.23482317,0.004051268
0.34577245,0.30338928,0.042383164
0.47767287,0.4263387,0.051334172
0.14213808,0.11601877,0.026119307
-0.26126853,-0.251939,0.009329528
-0.23352401,-0.21967116,0.01385285
0.12837121,0.11278415,0.015587062
0.34523708,0.3051666,0.040070474
0.25127274,0.2165098,0.034762934
0.056160085,0.044728052,0.011432033
0.027885118,0.027845785,3.9333478e-05
0.14589475,0.13402247,0.011872277
0.18632175,0.16641137,0.01991038
0.12877727,0.11550757,0.013269693
0.18319036,0.15796465,0.025225714
-0.54027617,-0.51738465,0.022891521
-0.5806027,-0.5566783,0.02392441
-0.0598049,-0.072928645,0.013123743
0.5154338,0.46242958,0.053004205
0.41610092,0.36868167,0.04741925
-0.15320505,-0.16309126,0.009886205
-0.4509935,-0.4389631,0.012030423
-0.231476,-0.23067214,0.00080385804
0.24762005,0.2163365,0.031283543
0.4201347,0.37541184,0.044722855
0.14056307,0.1204479,0.020115174
-0.09553362,-0.090176836,0.005356781
-0.10120061,-0.09152214,0.009678468
0.12543915,0.108487085,0.016952068
0.24668126,0.20805173,0.03862953
0.18299949,0.15127912,0.03172037
0.13683373,0.12422636,0.012607366
0.20695288,0.20626397,0.0006889105
-0.8660725,-0.8193278,0.046744704
0.2920683,0.25856704,0.033501267
0.63417256,0.5760576,0.058114946
0.25790435,0.22416246,0.03374189
-0.3960049,-0.38727865,0.008726239
-0.5486305,-0.5313523,0.017278194
-0.031288866,-0.04927112,0.017982256
0.40549415,0.35814652,0.047347635
0.42199796,0.37353227,0.0484657
-0.021309568,-0.036016636,0.014707068
-0.3163889,-0.30230942,0.014079481
-0.17233086,-0.16310604,0.009224817
0.18214375,0.16111572,0.021028027
0.33365968,0.29331133,0.04034835
0.17561176,0.14911811,0.026493654
0.027462212,0.022447404,0.005014809
0.067419894,0.06524196,0.0021779314
0.17448466,0.15857133,0.015913323
0.16629203,0.1436612,0.022630826
0.11549349,0.105343275,0.0101502165
-0.05778644,-0.06680892,0.009022478
-0.6168783,-0.5888562,0.02802205
-0.5043777,-0.48580533,0.01857239
0.16687082,0.13808008,0.028790742
0.57598704,0.51834154,0.0576455
0.32704213,0.2849264,0.042115718
-0.24253596,-0.24688467,0.00434871
-0.45825675,-0.44602954,0.012227207
-0.07302326,-0.08411076,0.0110875
0.35736534,0.3165015,0.04086384
0.3872335,0.34424776,0.042985737
0.08051853,0.06576867,0.014749862
-0.14121643,-0.12967262,0.01154381
-0.03310659,-0.029563082,0.0035435092
0.18686242,0.16123903,0.025623396
0.23575193,0.1962114,0.03954053
0.16049398,0.13166873,0.028825253
0.15145065,0.14233845,0.009112194
0.24833962,0.24558613,0.0027534962
-0.88328743,-0.83533406,0.047953367
0.39574635,0.35476002,0.04098633
0.5950098,0.5391664,0.055843413
0.023775421,0.0056640683,0.018111352
-0.54570174,-0.5270545,0.018647254
-0.4956064,-0.48214525,0.013461143
0.0683393,0.043207128,0.025132176
0.49053648,0.4366165,0.05391997
0.29164982,0.25153208,0.04011774
-0.09639248,-0.10581332,0.0094208345
-0.31734163,-0.30290824,0.014433384
-0.06007208,-0.060615215,0.00054313615
0.26824778,0.23787852,0.030369267
0.3044309,0.26610336,0.038327545
0.13918881,0.11715186,0.022036955
0.02906513,0.026066005,0.002999125
0.10484131,0.09874581,0.006095499
0.18823388,0.16617152,0.022062361
0.13908397,0.11527338,0.023810588
0.113544926,0.10508186,0.008463062
-0.17670622,-0.1777109,0.001004681
-0.69918096,-0.66549397,0.033686996
-0.30830753,-0.30321172,0.0050958097
0.27064857,0.23451623,0.036132336
0.5671074,0.5096416,0.05746579
0.13389705,0.10439517,0.029501878
-0.39312813,-0.38754272,0.0055854023
-0.3879769,-0.38084555,0.007131368
0.009841309,-0.0076255496,0.017466858
0.39231056,0.34798062,0.04432994
0.30517882,0.26821,0.036968827
-0.02881524,-0.033108234,0.0042929947
-0.1454417,-0.13236907,0.013072625
0.009076878,0.008481938,0.00059494004
0.20843017,0.17901815,0.029412016
0.22148512,0.18188591,0.03959921
0.14028794,0.11701915,0.023268789
0.17008395,0.1619068,0.008177161
0.27112663,0.2665467,0.0045799315
-0.90545213,-0.8559443,0.049507856
0.56299335,0.5102846,0.052708745
0.45865634,0.4119816,0.04667473
-0.09671205,-0.10676722,0.010055169
-0.5916985,-0.5700417,0.021656811
-0.3463784,-0.34308514,0.003293246
0.25626746,0.21815728,0.03811018
0.50363606,0.4483407,0.05529535
0.21250072,0.17752466,0.034976065
-0.23019134,-0.22973613,0.00045520067
-0.28944242,-0.27716702,0.012275398
0.05958636,0.048058055,0.011528306
0.29836544,0.264316,0.03404945
0.27536392,0.23965271,0.035711214
0.076907314,0.06380512,0.013102196
0.024514338,0.024777789,0.00026345067
0.12744562,0.11842661,0.00901901
0.18845539,0.1636583,0.024797082
0.122982174,0.099370256,0.023611918
0.13699019,0.13017394,0.006816253
-0.39414984,-0.38016716,0.013982683
-0.6982484,-0.6646168,0.033631563
-0.19538864,-0.19811022,0.0027215779
0.45035982,0.40191105,0.04844877
0.48602557,0.43389702,0.052128553
-0.073152535,-0.088856794,0.01570426
-0.4475331,-0.4383921,0.009140998
-0.3286849,-0.32581833,0.0028665662
0.16872649,0.13919613,0.029530361
0.43053827,0.38234973,0.048188537
0.2508126,0.21804048,0.03277211
-0.07617292,-0.075723544,0.00044937432
-0.14379428,-0.1300389,0.013755381
0.07987926,0.07077401,0.00910525
0.24049218,0.20497738,0.0355148
0.20759407,0.16927466,0.03831941
0.13477017,0.1142833,0.020486869
0.19242129,0.18588889,0.006532401
0.27121434,0.26375616,0.00745818
0.040249687,0.030974975,0.009274712
