True_v,Predicted_v,Absolute_Error_v
-0.3327423,-0.3238789,0.0088633895
-0.83043957,-0.78277963,0.047659934
-0.81139576,-0.76561016,0.045785606
-0.5226403,-0.5097777,0.012862563
-0.28688857,-0.300902,0.014013439
-0.37255853,-0.36937907,0.0031794608
-0.6979804,-0.654837,0.04314339
-0.87687856,-0.82036215,0.05651641
-0.63178515,-0.6030946,0.028690577
-0.25770214,-0.26206598,0.004363835
-0.16844596,-0.17875285,0.010306895
-0.4639434,-0.44737408,0.016569316
-0.810485,-0.76379204,0.046692967
-0.76400214,-0.72033453,0.043667614
-0.43917724,-0.41866076,0.020516485
-0.105638385,-0.10536543,0.00027295202
-0.22240956,-0.21174972,0.010659844
-0.6225374,-0.587339,0.03519839
-0.8263384,-0.7802862,0.046052217
-0.57335544,-0.5414579,0.031897545
-0.5077334,-0.48398042,0.023752987
-0.36520672,-0.37000355,0.004796833
-0.5664166,-0.55133486,0.015081763
-0.835514,-0.7809875,0.054526508
-0.8414928,-0.782429,0.059063792
-0.53742987,-0.51559794,0.02183193
-0.23737986,-0.2460308,0.008650929
-0.3254074,-0.3225206,0.0028867722
-0.61917394,-0.5906063,0.028567672
-0.8688797,-0.8203446,0.04853505
-0.671263,-0.6389265,0.032336473
-0.27080357,-0.26936686,0.0014367104
-0.13208322,-0.13806777,0.0059845448
-0.3710083,-0.35490644,0.016101867
-0.75285596,-0.70835453,0.044501424
-0.7915653,-0.74585336,0.045711935
-0.41808322,-0.39609584,0.021987379
-0.11057844,-0.105470486,0.005107954
-0.14389288,-0.13598676,0.007906124
-0.9140665,-0.86298347,0.05108303
-0.8634986,-0.8113838,0.052114844
-0.7319472,-0.6949494,0.036997795
-0.46956635,-0.46305397,0.0065123737
-0.28204677,-0.29603425,0.013987482
-0.47408536,-0.45803133,0.016054034
-0.7959337,-0.74204576,0.053887963
-0.83593786,-0.7836683,0.052269578
-0.56672436,-0.543681,0.023043334
-0.21366805,-0.22132199,0.0076539367
-0.23502518,-0.23931707,0.004291892
-0.59825677,-0.57053065,0.027726114
-0.8409393,-0.7918292,0.049110055
-0.71138835,-0.6717394,0.03964895
-0.3012794,-0.29050544,0.010773957
-0.08467084,-0.08550287,0.0008320287
-0.3478373,-0.32913533,0.01870197
-0.6840251,-0.6450812,0.038943887
-0.8105474,-0.76521313,0.04533428
-0.4444823,-0.41963723,0.024845064
-0.4371907,-0.41917288,0.018017828
-0.3792333,-0.3816428,0.002409488
-0.61464584,-0.593229,0.021416843
-0.8593147,-0.8018803,0.05743438
-0.7642972,-0.7152994,0.04899776
-0.41909215,-0.41050696,0.008585185
-0.2170898,-0.22690785,0.009818047
-0.37572291,-0.3673394,0.0083835125
-0.73599154,-0.6968259,0.039165616
-0.8540043,-0.80663735,0.047366977
-0.53912485,-0.517555,0.021569848
-0.21429051,-0.21698375,0.0026932359
-0.1569816,-0.16056563,0.0035840273
-0.50813025,-0.48169702,0.02643323
-0.8278665,-0.7782584,0.04960811
-0.7483356,-0.70531934,0.043016255
-0.34375337,-0.3260472,0.017706156
-0.055449255,-0.0533005,0.002148755
-0.2561866,-0.24179061,0.014395997
-0.89994746,-0.84933627,0.050611198
-0.8637331,-0.8110844,0.052648723
-0.68217623,-0.65033,0.031846225
-0.37670013,-0.38104653,0.0043464005
-0.31140038,-0.32069534,0.009294957
-0.5271086,-0.5040561,0.023052514
-0.8322944,-0.77451116,0.057783246
-0.7967469,-0.74832803,0.04841888
-0.43429884,-0.42261907,0.011679769
-0.16226481,-0.173402,0.0111371875
-0.27967867,-0.2795472,0.00013145804
-0.66055113,-0.6274299,0.03312123
-0.85796744,-0.8075694,0.05039805
-0.5836148,-0.5536564,0.029958427
-0.18105753,-0.1784914,0.002566129
-0.09348778,-0.093318954,0.0001688227
-0.41436517,-0.39123434,0.023130834
-0.78340065,-0.73839366,0.04500699
-0.73539317,-0.694065,0.04132819
-0.37381977,-0.35267982,0.02113995
-0.39992508,-0.3845038,0.015421271
-0.43550172,-0.43067056,0.004831165
-0.7115464,-0.6780439,0.03350252
-0.8728126,-0.8139757,0.058836937
-0.71218294,-0.66955096,0.042631984
-0.3598809,-0.35702786,0.002853036
-0.2225341,-0.23022398,0.0076898783
-0.49359372,-0.47311494,0.020478785
-0.82498246,-0.77772826,0.047254205
-0.8240031,-0.7788807,0.045122385
-0.4661181,-0.44999024,0.016127855
-0.13328862,-0.14176059,0.008471966
-0.2448588,-0.24097079,0.003888011
-0.57467467,-0.5430316,0.031643093
-0.8454304,-0.7944866,0.050943792
-0.6314202,-0.59582955,0.03559065
-0.2058828,-0.19618554,0.0096972585
-0.062072806,-0.05923129,0.0028415173
-0.31853652,-0.30032906,0.01820746
-0.8915438,-0.84091187,0.05063194
-0.8326398,-0.7818513,0.05078852
-0.57535183,-0.55437887,0.020972967
-0.33204573,-0.34020498,0.00815925
-0.3347181,-0.33952633,0.0048082173
-0.63968235,-0.60277903,0.03690332
-0.873492,-0.81158936,0.061902642
-0.6924117,-0.6540676,0.038344145
-0.3652239,-0.35870263,0.0065212846
-0.15159503,-0.16236289,0.010767862
-0.39487574,-0.38430527,0.0105704665
-0.77081263,-0.72845876,0.04235387
-0.81116027,-0.7644017,0.046758592
-0.5092761,-0.4845172,0.024758905
-0.1268084,-0.1274273,0.0006188899
-0.15848133,-0.15333584,0.00514549
-0.5551187,-0.5228127,0.032305956
-0.816979,-0.76958054,0.047398448
-0.6796597,-0.6410593,0.038600445
-0.23366335,-0.22008961,0.013573736
-0.34520555,-0.33340877,0.0117967725
-0.5130657,-0.49866924,0.014396459
-0.7530425,-0.7141012,0.038941324
-0.8586056,-0.80163664,0.056968987
-0.5945465,-0.5657339,0.028812587
-0.2646836,-0.27073056,0.006046951
-0.23715992,-0.24152443,0.0043645054
-0.5515486,-0.52476555,0.02678305
-0.8527209,-0.80269855,0.050022364
-0.72984445,-0.6920786,0.03776586
-0.32446563,-0.31890795,0.005557686
-0.10383873,-0.113430955,0.009592228
-0.29586604,-0.2871573,0.008708745
-0.70158565,-0.6603655,0.04122013
-0.8298627,-0.7798818,0.04998094
-0.4861861,-0.4596255,0.026560575
-0.13777658,-0.13171671,0.00605987
-0.07965681,-0.07538293,0.0042738765
-0.46099734,-0.43422288,0.026774466
-0.86376673,-0.81400347,0.049763262
-0.80098075,-0.7525202,0.048460543
-0.5119515,-0.4962498,0.015701711
-0.27703792,-0.28929654,0.012258619
-0.4130774,-0.40664244,0.006434977
-0.74302447,-0.6940022,0.049022257
-0.8717054,-0.8102826,0.061422825
-0.6257217,-0.59312075,0.03260094
-0.24544966,-0.24774805,0.002298385
-0.18218863,-0.18853775,0.0063491166
-0.45358777,-0.4370446,0.01654318
-0.8119086,-0.76576847,0.046140134
-0.7661384,-0.7224759,0.04366249
-0.35703263,-0.34295008,0.014082551
-0.061604045,-0.06581613,0.0042120814
-0.19942403,-0.1907782,0.008645833
-0.6207664,-0.5838252,0.03694123
-0.83746743,-0.78827965,0.04918778
-0.54043365,-0.5092385,0.031195164
-0.101353705,-0.09485972,0.0064939857
-0.306964,-0.2970074,0.009956598
-0.54935473,-0.529622,0.019732714
-0.8234808,-0.7761189,0.04736191
-0.7963181,-0.74665093,0.04966718
-0.523317,-0.5014631,0.021853864
-0.21888943,-0.22719489,0.00830546
-0.30771714,-0.30259016,0.005126983
-0.6711915,-0.6325419,0.03864962
-0.86691767,-0.815219,0.051698685
-0.66477764,-0.63136446,0.03341317
-0.24964744,-0.24841538,0.0012320578
-0.102697015,-0.11064652,0.007949509
-0.42402467,-0.40449288,0.019531786
-0.8001906,-0.7514612,0.04872942
-0.79767066,-0.7494337,0.048236966
-0.40178955,-0.37992457,0.02186498
-0.03867793,-0.03793979,0.0007381402
-0.16497655,-0.15506218,0.009914368
-0.53017145,-0.49864566,0.03152579
-0.84724087,-0.7973246,0.049916267
-0.71689695,-0.67475,0.04214698
-0.3953503,-0.3890567,0.006293595
-0.26567465,-0.275716,0.010041356
-0.45149815,-0.43832058,0.013177574
-0.78258246,-0.7292412,0.05334127
-0.82533103,-0.7691584,0.05617261
-0.48393297,-0.4632618,0.020671159
-0.18548535,-0.19046621,0.004980862
-0.20591189,-0.20797177,0.002059877
-0.58396703,-0.55558485,0.028382182
-0.8582951,-0.80788577,0.050409317
-0.6440853,-0.6090151,0.03507018
-0.27309754,-0.2638253,0.009272248
-0.03972926,-0.044050854,0.004321594
-0.31973553,-0.30209008,0.017645448
-0.7418343,-0.696519,0.045315266
-0.7883656,-0.74115753,0.04720807
-0.45546016,-0.42824474,0.027215421
-0.030437147,-0.027450735,0.0029864125
-0.2522642,-0.24494445,0.0073197484
-0.64046997,-0.6103339,0.030136049
-0.84288937,-0.79313457,0.0497548
-0.7439761,-0.69966686,0.04430926
-0.38756728,-0.3783992,0.009168088
-0.17999324,-0.18866467,0.008671433
-0.40747395,-0.3903322,0.01714176
-0.72040445,-0.67660505,0.0437994
-0.8461371,-0.7954573,0.050679803
-0.5188087,-0.49545488,0.023353845
-0.13187735,-0.13744096,0.0055636168
-0.11306597,-0.11789169,0.0048257187
-0.48612866,-0.4606224,0.025506258
-0.8317783,-0.7801366,0.051641703
-0.69176984,-0.65004355,0.04172629
-0.23736092,-0.22504497,0.012315959
0.006329461,0.005179004,0.0011504572
-0.21199445,-0.19845796,0.013536498
-0.67044646,-0.629484,0.040962458
-0.7866812,-0.73867905,0.048002124
-0.60877234,-0.57446253,0.034309804
-0.32487598,-0.3219192,0.0029567778
-0.26176402,-0.2678199,0.0060558915
-0.5545913,-0.52834994,0.026241362
-0.8422835,-0.7833843,0.058899164
-0.777584,-0.726226,0.051358044
-0.40012646,-0.3848203,0.015306145
-0.115053736,-0.12259238,0.0075386465
-0.29947725,-0.29136112,0.008116126
-0.7048538,-0.6656099,0.039243877
-0.8549494,-0.8038566,0.051092803
-0.5645991,-0.5340918,0.030507326
-0.12978405,-0.12899147,0.00079257786
-0.06557589,-0.06633935,0.000763461
-0.3803471,-0.3575412,0.0228059
-0.7895623,-0.7401195,0.049442768
-0.7402812,-0.69460994,0.045671284
-0.27902037,-0.26113155,0.017888814
0.056481577,0.055025734,0.0014558434
-0.20261103,-0.19715579,0.0054552406
-0.6785135,-0.6436587,0.03485483
-0.8514456,-0.8005676,0.05087799
-0.621817,-0.5889256,0.032891393
-0.25972202,-0.26005477,0.00033274293
-0.16623124,-0.1720085,0.0057772547
-0.45440823,-0.43095276,0.02345547
-0.8062951,-0.7546742,0.0516209
-0.76549983,-0.7203083,0.045191526
-0.43058252,-0.41179967,0.018782854
-0.07391326,-0.08078058,0.0068673193
-0.19136244,-0.18774776,0.003614679
-0.6224342,-0.58566445,0.036769748
-0.8494592,-0.79585004,0.053609133
-0.61773634,-0.5798332,0.03790313
-0.14517745,-0.13742314,0.007754311
0.019637745,0.018749695,0.0008880496
-0.35049632,-0.3274435,0.023052812
-0.7326193,-0.686242,0.0463773
-0.7410726,-0.69385886,0.047213733
-0.5355753,-0.50604975,0.029525518
-0.22695497,-0.22850141,0.0015464425
-0.31170505,-0.3086817,0.0030233562
-0.5989377,-0.5666455,0.032292187
-0.84993345,-0.7912391,0.058694363
-0.65806395,-0.617454,0.040609956
-0.25199592,-0.24631475,0.005681172
-0.10251634,-0.10726909,0.004752755
-0.3458132,-0.33140638,0.01440683
-0.75169176,-0.7074164,0.044275343
-0.80011725,-0.75194263,0.04817462
-0.3969408,-0.37675756,0.020183235
-0.054028638,-0.056149468,0.0021208301
-0.0849507,-0.082416855,0.0025338456
-0.52717125,-0.4934397,0.03373155
-0.8471055,-0.79271996,0.054385543
-0.60270566,-0.5639901,0.03871554
-0.17540883,-0.16253228,0.01287654
0.09631232,0.09328244,0.003029883
-0.14111571,-0.13802268,0.003093034
-0.76164126,-0.7189859,0.04265535
-0.8038084,-0.7566941,0.047114313
-0.5393167,-0.5121845,0.027132213
-0.1860585,-0.18862298,0.002564475
-0.2039644,-0.20198518,0.001979217
-0.57330376,-0.538114,0.035189748
-0.82916206,-0.7753671,0.05379498
-0.7004621,-0.65886706,0.04159504
-0.26538676,-0.25599906,0.009387702
-0.024919372,-0.031824872,0.0069055
-0.30666253,-0.29209015,0.014572382
-0.68093395,-0.63863754,0.04229641
-0.8295872,-0.7763635,0.05322373
-0.44850096,-0.42047718,0.02802378
-4.3656393e-05,-4.25926e-05,1.0637923e-06
0.019357668,0.019750552,0.00039288402
-0.41904196,-0.3903565,0.02868545
-0.828792,-0.7745367,0.054255247
-0.61381495,-0.5723323,0.041482627
-0.40099928,-0.37987402,0.021125257
-0.16848537,-0.17015761,0.0016722381
-0.3328137,-0.32371235,0.009101361
-0.70150214,-0.65915674,0.042345405
-0.82675344,-0.77124476,0.055508673
-0.50668395,-0.4777735,0.028910458
-0.16742915,-0.1648576,0.002571553
-0.101217605,-0.102224775,0.0010071695
-0.4733112,-0.44692934,0.02638185
-0.8252168,-0.7742097,0.05100715
-0.7458234,-0.70002896,0.045794427
-0.29684287,-0.2812406,0.015602261
0.03542239,0.02992936,0.005493028
-0.18829443,-0.1767644,0.011530027
-0.6700025,-0.6256581,0.044344425
-0.85049355,-0.79439956,0.05609399
-0.51118237,-0.4764862,0.03469616
0.0023699868,0.005569808,0.0031998213
0.079640456,0.07868192,0.0009585321
-0.08152449,-0.080426365,0.0010981262
-0.79057,-0.7453302,0.045239806
-0.75425816,-0.7105228,0.043735385
-0.38077623,-0.36419177,0.016584456
-0.09986387,-0.10462915,0.0047652796
-0.22182491,-0.21444656,0.0073783547
-0.6234759,-0.58344287,0.040033042
-0.8395531,-0.78477365,0.05477947
-0.55101484,-0.51849383,0.03252101
-0.1110527,-0.10914258,0.0019101202
-0.007051717,-0.011400164,0.004348447
-0.36216244,-0.34114218,0.021020263
-0.7867978,-0.7360096,0.050788224
-0.73976296,-0.6914854,0.048277557
-0.34386042,-0.32093197,0.022928447
0.078115106,0.07491397,0.0032011345
-0.06357192,-0.056480538,0.0070913844
-0.58126,-0.5408126,0.040447414
-0.85834324,-0.80009526,0.058247983
-0.53014684,-0.49186715,0.038279682
-0.31057313,-0.29425356,0.016319573
-0.13495487,-0.13463604,0.00031882524
-0.42979228,-0.40971163,0.020080656
-0.74042696,-0.69467336,0.0457536
-0.78696966,-0.7354771,0.05149257
-0.40985292,-0.38646293,0.023389995
-0.052035693,-0.05400835,0.0019726567
-0.16894588,-0.16139644,0.007549435
-0.530444,-0.497812,0.032632023
-0.83865017,-0.7853343,0.053315878
-0.6056552,-0.5676765,0.03797871
-0.11850651,-0.11215444,0.0063520744
0.05625257,0.052351024,0.003901545
-0.24035333,-0.22340687,0.016946465
-0.7313489,-0.6817649,0.04958397
-0.7934581,-0.73954177,0.053916335
-0.31058818,-0.28687528,0.023712903
0.103477575,0.10171891,0.0017586648
0.06687771,0.068026744,0.001149036
-0.99309224,-0.92442447,0.06866777
-0.82967067,-0.7814749,0.04819578
-0.63081044,-0.59481686,0.035993576
-0.28036487,-0.26783922,0.012525648
-0.054169774,-0.05718742,0.0030176453
-0.31939933,-0.30154335,0.017855972
-0.73086834,-0.6826934,0.048174918
-0.7818652,-0.73090744,0.05095774
-0.45409903,-0.4260255,0.02807352
-0.024607869,-0.024807693,0.00019982457
-0.053810257,-0.051332816,0.002477441
-0.50833714,-0.47529247,0.033044666
-0.82156503,-0.76732683,0.0542382
-0.6682667,-0.6233248,0.044941902
-0.1440841,-0.13212834,0.011955753
0.14576282,0.14016469,0.005598128
-0.197905,-0.18076806,0.017136946
-0.65696263,-0.61005837,0.046904266
-0.8433816,-0.7840335,0.059348106
-0.3398824,-0.31181076,0.028071642
-0.16880468,-0.15998958,0.008815095
-0.11532402,-0.11235918,0.0029648393
-0.4734951,-0.44765586,0.02583924
-0.80835277,-0.7578572,0.050495565
-0.6762515,-0.63307,0.04318148
-0.23382348,-0.22045302,0.013370454
0.009646867,0.0074101463,0.002236721
-0.20228747,-0.18942343,0.012864038
-0.66150296,-0.61831903,0.043183923
-0.81662077,-0.7634497,0.05317104
-0.42684364,-0.3984688,0.02837485
-0.016367676,-0.013600589,0.002767087
0.060902074,0.05961289,0.0012891851
-0.39594337,-0.36725008,0.028693289
-0.8291928,-0.7722745,0.056918323
-0.7360648,-0.68438613,0.051678658
-0.1877885,-0.17020026,0.017588243
0.22116077,0.21338978,0.0077709854
-0.054782834,-0.044458065,0.010324769
-0.9865159,-0.91620386,0.07031202
-0.82663184,-0.7784917,0.04814017
-0.54395676,-0.5121981,0.031758666
-0.12091686,-0.11556821,0.005348645
-0.057604,-0.05597485,0.0016291514
-0.36540622,-0.34226,0.023146212
-0.77067673,-0.7199228,0.05075395
-0.72581095,-0.6780119,0.04779905
-0.2664557,-0.24826652,0.018189192
0.074828446,0.07177547,0.0030529723
-0.0796655,-0.07228752,0.0073779747
-0.5757614,-0.536552,0.039209366
-0.8437822,-0.7871692,0.05661297
-0.49294516,-0.4577635,0.03518167
0.045339532,0.047355145,0.002015613
0.17236307,0.16702108,0.005341992
-0.26680693,-0.2438757,0.022931233
-0.7951095,-0.7380348,0.057074726
-0.74053377,-0.6861068,0.054426968
-0.21963024,-0.19763534,0.021994904
-0.077962436,-0.0732802,0.0046822354
-0.17031789,-0.16099007,0.009327814
-0.59861547,-0.5629612,0.035654247
-0.8236807,-0.7723558,0.051324904
-0.5962712,-0.55790037,0.038370848
-0.1289959,-0.119746655,0.00924924
0.036441013,0.0358678,0.00057321414
-0.3315904,-0.30810407,0.023486346
-0.7170534,-0.6690161,0.04803729
-0.7768706,-0.7249877,0.051882923
-0.3159173,-0.29236627,0.023551047
0.12190178,0.11884419,0.0030575916
-0.02388438,-0.017400859,0.0064835213
-0.4720653,-0.43724728,0.034818023
-0.85635436,-0.79692775,0.059426606
-0.57113945,-0.5287022,0.042437255
0.03206823,0.037267912,0.005199682
0.24945639,0.241365,0.00809139
-0.12094758,-0.10499737,0.01595021
-0.98423404,-0.9127136,0.07152045
-0.77548295,-0.72989666,0.045586288
-0.36957923,-0.34678477,0.022794455
-0.029478682,-0.026596554,0.0028821286
-0.06267698,-0.05749057,0.0051864125
-0.5043506,-0.47108117,0.033269435
-0.8249181,-0.7708048,0.05411327
-0.5829208,-0.54335093,0.039569855
-0.15518267,-0.14169453,0.013488144
0.12052456,0.117591016,0.002933547
-0.2077941,-0.19004409,0.01775001
-0.71741647,-0.6681835,0.04923296
-0.8250521,-0.7688555,0.05619657
-0.38163167,-0.35199654,0.029635131
0.1491578,0.14667751,0.0024802983
0.11247811,0.11254174,6.363541e-05
-0.45417282,-0.41843984,0.035732985
-0.84697986,-0.78579783,0.061182022
-0.6580389,-0.6078369,0.050202012
0.00904891,0.017763898,0.008714988
0.030951833,0.030395355,0.0005564783
-0.27753335,-0.26003236,0.017500997
-0.65756524,-0.61708105,0.04048419
-0.8062399,-0.75564474,0.050595164
-0.4239823,-0.39530888,0.02867341
0.023827523,0.025827305,0.0019997824
0.042495467,0.043921944,0.001426477
-0.39733398,-0.36832306,0.029010922
-0.81080866,-0.7561238,0.054684877
-0.65219575,-0.6069518,0.04524398
-0.109841645,-0.09708774,0.012753904
0.1898927,0.18498644,0.004906252
-0.07275483,-0.061533675,0.0112211555
-0.64396465,-0.5978312,0.04613346
-0.8395218,-0.7807749,0.058746934
-0.3567698,-0.32679236,0.02997744
0.15347725,0.15244906,0.001028195
0.24892838,0.24227391,0.006654471
-0.32209432,-0.29250985,0.029584467
-0.9473296,-0.87783676,0.06949282
-0.72749597,-0.68372566,0.043770313
-0.2646844,-0.24648951,0.018194899
0.069310404,0.0684876,0.00082280487
-0.16138327,-0.14830162,0.013081655
-0.6484737,-0.6055889,0.042884767
-0.8301957,-0.77538687,0.054808855
-0.48978877,-0.45487225,0.03491652
0.02582643,0.030058576,0.004232146
0.103900865,0.10404739,0.00014652312
-0.27541232,-0.25198877,0.023423553
-0.77849853,-0.72481024,0.053688288
-0.72640604,-0.6756022,0.05080384
-0.15812884,-0.14086889,0.017259955
0.26601714,0.25807384,0.007943302
0.07299641,0.07683736,0.003840953
-0.54680586,-0.5048178,0.041988075
-0.88223577,-0.81879884,0.063436925
-0.4455021,-0.4081779,0.03732419
0.22702287,0.2232155,0.003807366
0.09979764,0.09616462,0.0036330223
-0.33426157,-0.31195152,0.022310048
-0.7716225,-0.72301304,0.048609436
-0.7208618,-0.67420346,0.046658337
-0.31784412,-0.29417372,0.023670405
0.107258104,0.10603682,0.0012212843
-0.03846506,-0.030477531,0.007987529
-0.56175697,-0.52161807,0.0401389
-0.84179485,-0.7843861,0.05740875
-0.5659811,-0.5248633,0.041117787
0.010434931,0.01759278,0.007157849
0.2165629,0.21189864,0.004664257
-0.24128053,-0.21871398,0.022566542
-0.72369194,-0.67230856,0.051383376
-0.80029315,-0.7437458,0.056547344
-0.22546783,-0.20268577,0.022782058
0.32027316,0.31043324,0.009839922
0.1362969,0.13787833,0.0015814304
-0.4237259,-0.38739833,0.03632757
-0.92464685,-0.8570592,0.06758767
-0.5962917,-0.5586354,0.037656307
-0.07984774,-0.070985146,0.008862592
0.095340006,0.09455761,0.0007823929
-0.21403454,-0.19625354,0.017781004
-0.71633285,-0.66819584,0.04813701
-0.77804613,-0.72536784,0.052678287
-0.28817776,-0.2641563,0.024021447
0.12924291,0.12885943,0.00038348138
0.09081051,0.0933996,0.0025890917
-0.45601973,-0.4205905,0.03542924
-0.85777014,-0.7986922,0.05907792
-0.5588753,-0.51727766,0.041597664
-0.024882782,-0.014298344,0.010584438
0.3203009,0.31076807,0.009532839
-0.092027605,-0.07716814,0.014859468
-0.73136187,-0.6780951,0.053266764
-0.86570084,-0.8036125,0.06208837
-0.31141695,-0.2819473,0.029469639
0.34861645,0.33876723,0.0098492205
0.18415093,0.17637376,0.0077771693
-0.49182376,-0.4587631,0.03306067
-0.8174319,-0.7642355,0.05319643
-0.65483093,-0.61043763,0.0443933
-0.11430622,-0.10132512,0.012981102
0.17916213,0.17505123,0.0041109025
-0.17523552,-0.15767103,0.01756449
-0.6429653,-0.59673977,0.046225548
-0.83139247,-0.7735862,0.057806253
-0.36073577,-0.330708,0.030027777
0.19801563,0.19557747,0.0024381578
0.22302805,0.21955317,0.0034748763
-0.3287834,-0.30006212,0.028721273
-0.8499191,-0.7908423,0.059076786
-0.6513394,-0.60341674,0.04792267
0.029936306,0.038461912,0.008525606
0.40422854,0.3909764,0.013252139
0.072251156,0.07882179,0.006570637
-0.6417861,-0.5924677,0.049318373
-0.8313687,-0.7703609,0.061007798
-0.42978227,-0.40027925,0.029503018
0.025769096,0.029591862,0.0038227662
0.101117745,0.10118878,7.1033835e-05
-0.37824067,-0.3492174,0.02902326
-0.8253281,-0.76910967,0.056218445
-0.72684497,-0.6758395,0.051005483
-0.16471171,-0.14681335,0.017898366
0.25008395,0.24383909,0.006244868
-0.033378743,-0.022053236,0.0113255065
-0.64217573,-0.59476703,0.0474087
-0.8731564,-0.81252635,0.060630083
-0.4475562,-0.4116931,0.0358631
0.20134422,0.20001979,0.0013244301
0.29922473,0.29240936,0.006815374
-0.17980517,-0.15892155,0.02088362
-0.812587,-0.75479054,0.05779648
-0.7455152,-0.6910713,0.054443955
-0.034512013,-0.020995991,0.013516022
0.48975515,0.473097,0.016658157
0.24801639,0.23717657,0.01083982
-0.57075435,-0.53113675,0.039617598
-0.8511933,-0.7938234,0.057369888
-0.4794193,-0.44375774,0.03566155
0.08105329,0.08355202,0.002498731
0.2083211,0.20363079,0.0046903044
-0.24857026,-0.22525232,0.023317948
-0.791081,-0.73474896,0.05633205
-0.7330827,-0.68009615,0.052986562
-0.23239544,-0.20887987,0.023515567
0.30147156,0.29429612,0.0071754456
0.11969015,0.12350519,0.00381504
-0.53971905,-0.49808836,0.041630685
-0.89336896,-0.8316928,0.061676145
-0.5458697,-0.5038516,0.042018116
0.17837034,0.17937158,0.0010012388
0.43377087,0.42037755,0.013393313
-0.14183694,-0.12209089,0.01974605
-0.74171907,-0.6873215,0.054397583
-0.7596171,-0.7039719,0.055645168
-0.3291752,-0.3040677,0.025107503
0.16937834,0.16544868,0.0039296597
0.010271469,0.016830157,0.0065586884
-0.46342853,-0.42764118,0.035787344
-0.8634412,-0.8030803,0.06036091
-0.5634978,-0.5208694,0.042628407
0.06089937,0.06640256,0.0055031925
0.28151724,0.27458027,0.0069369674
-0.10197347,-0.08541828,0.01655519
-0.7319467,-0.6784343,0.053512394
-0.8118948,-0.7542595,0.057635248
-0.19689487,-0.17467812,0.022216752
0.3279768,0.3206397,0.0073370934
0.2781931,0.27389672,0.0042963624
-0.4097973,-0.37528884,0.034508467
-0.9115873,-0.84873396,0.06285334
-0.5359622,-0.49400452,0.041957706
0.12695333,0.13189942,0.004946083
0.5481824,0.5298111,0.018371344
0.32058346,0.30608526,0.014498204
-0.72881806,-0.6775666,0.05125147
-0.8405506,-0.78160006,0.058950543
-0.36792353,-0.33747277,0.030450761
0.19029701,0.18714522,0.0031517893
0.1476059,0.1476424,3.6507845e-05
-0.44647616,-0.4098853,0.036590874
-0.85328114,-0.7919824,0.061298728
-0.6548683,-0.6055693,0.049299
0.019462373,0.029160598,0.009698225
0.38819978,0.37716347,0.011036307
-0.056138236,-0.04121509,0.014923148
-0.6438627,-0.5958334,0.048029304
-0.8798219,-0.81895924,0.06086266
-0.28963578,-0.26181567,0.02782011
0.4062769,0.3956158,0.010661125
0.43286562,0.42097142,0.011894196
-0.25388065,-0.22760017,0.026280478
-0.893541,-0.83190393,0.061637044
-0.56047106,-0.51717,0.043301046
-0.13286845,-0.11840259,0.014465861
0.24026234,0.23273583,0.007526517
-0.042879205,-0.03197132,0.010907885
-0.6501522,-0.6012531,0.048899114
-0.85439634,-0.79279506,0.06160128
-0.34364423,-0.3130749,0.030569345
0.19025734,0.18899584,0.0012615025
0.2864153,0.28027317,0.0061421394
-0.3101301,-0.28031912,0.029810965
-0.87003314,-0.8078938,0.062139332
-0.7480144,-0.69362473,0.054389656
-0.04516073,-0.030845087,0.014315642
0.47186497,0.4576212,0.014243782
0.11570421,0.121523544,0.0058193356
-0.64214456,-0.5946884,0.047456145
-0.92554283,-0.8627793,0.06276351
-0.39742863,-0.3635366,0.033892035
0.39651763,0.38746706,0.009050578
0.50886524,0.49407306,0.014792174
0.38004097,0.3627216,0.017319381
-0.79817504,-0.7405446,0.05763042
-0.7406101,-0.68594456,0.054665565
-0.13389938,-0.11666407,0.017235309
0.31488204,0.3049181,0.00996393
0.107564814,0.1111352,0.0035703853
-0.5473063,-0.50330126,0.044005036
-0.8977716,-0.83278865,0.06498295
-0.43794036,-0.40073878,0.037201583
0.25971785,0.25629285,0.003425002
0.41816542,0.4064363,0.011729121
-0.15197594,-0.13085413,0.021121815
-0.8270029,-0.7685657,0.05843717
-0.7531975,-0.6995418,0.053655684
-0.13252997,-0.11306526,0.019464716
0.52251613,0.5067023,0.015813828
0.2938506,0.29065514,0.0031954646
-0.5128769,-0.47286886,0.040008068
-0.93753505,-0.87520105,0.062334
-0.43254152,-0.3971716,0.035369933
-0.018371884,-0.009760725,0.0086111585
0.26323715,0.25506097,0.008176178
-0.22553611,-0.20207731,0.023458794
-0.73805994,-0.68210614,0.0559538
-0.8173766,-0.75655764,0.06081897
-0.20797667,-0.18463185,0.023344815
0.36616585,0.35526255,0.010903299
0.16990218,0.1717436,0.0018414259
-0.41825715,-0.3813395,0.036917657
-0.9151276,-0.85006154,0.06506604
-0.5427503,-0.49978974,0.042960554
0.22985518,0.22947514,0.00038003922
0.49926615,0.48460385,0.014662296
0.023685643,0.035251763,0.011566119
-0.7483932,-0.69555837,0.05283481
-0.8417559,-0.78451025,0.05724567
-0.09316071,-0.075769335,0.017391376
0.5355542,0.5201315,0.015422642
0.46790758,0.45634064,0.011566937
-1.1341493,-1.0630327,0.07111657
-0.8817399,-0.8171199,0.06462002
-0.56397843,-0.5190143,0.044964135
0.0027124805,0.012409538,0.009697057
0.3674499,0.35510457,0.012345344
-0.06990398,-0.054324817,0.01557916
-0.7442562,-0.6872778,0.056978405
-0.8837504,-0.8189304,0.06481999
-0.30011111,-0.2704479,0.029663205
0.38887724,0.37883082,0.0100464225
0.33415,0.32816088,0.0059891045
-0.39906874,-0.3636594,0.03540933
-0.8973125,-0.83519703,0.06211549
-0.6514717,-0.60365325,0.047818422
0.17013592,0.17369026,0.0035543442
0.6118037,0.5923817,0.019421995
0.07023556,0.07946779,0.0092322305
-0.63410777,-0.5886046,0.04550314
-0.9094238,-0.8503713,0.059052527
-0.15038905,-0.13041003,0.019979015
0.17425181,0.1718469,0.0024049133
0.2604784,0.25345784,0.007020563
-0.32138267,-0.2907737,0.030608982
-0.8706971,-0.80531645,0.06538063
-0.66050327,-0.6084522,0.052051067
0.057055075,0.06506775,0.0080126785
0.4493815,0.4344756,0.0149059
0.09945405,0.10638722,0.0069331676
-0.64827013,-0.5975738,0.050696313
-0.8978193,-0.83382475,0.06399453
-0.40686917,-0.37144223,0.035426944
0.37892738,0.37101838,0.007909
0.49091122,0.47763494,0.013276279
-0.2345603,-0.2088502,0.025710091
-0.90624034,-0.8458553,0.06038505
-0.7550829,-0.70343316,0.05164975
0.08241655,0.09068852,0.00827197
0.68702257,0.6648495,0.022173047
0.26087517,0.26040643,0.00046873093
-1.1088096,-1.04149,0.06731963
-0.8923274,-0.8259212,0.06640625
-0.4472436,-0.40870237,0.038541228
0.2330119,0.22918883,0.0038230717
0.33579493,0.3264701,0.009324819
-0.16618074,-0.14375366,0.022427082
-0.8281913,-0.7656533,0.06253797
-0.75689393,-0.6994779,0.05741602
-0.013820531,-0.00042620007,0.013394331
0.5316506,0.51436025,0.017290354
0.27519906,0.27329662,0.0019024312
-0.5205618,-0.47843334,0.042128474
-0.9406252,-0.87677485,0.06385034
-0.38461274,-0.35143578,0.03317696
0.44684976,0.43639112,0.010458648
0.62790024,0.60861146,0.019288778
-0.05102739,-0.03549435,0.015533041
-0.84069836,-0.7860194,0.054678977
-0.74835604,-0.6991418,0.049214244
0.015085197,0.026292864,0.011207667
0.2837906,0.27569848,0.008092105
0.14235523,0.14393228,0.0015770495
-0.5422172,-0.49697608,0.045241117
-0.9102732,-0.84206724,0.06820595
-0.54874915,-0.50317186,0.045577288
0.2048537,0.20475122,0.000102475286
0.47011575,0.45510733,0.01500842
-0.12851009,-0.10753752,0.020972565
-0.7508825,-0.6944375,0.056445003
-0.84375846,-0.7832943,0.060464144
-0.10793002,-0.08902276,0.018907256
0.57642174,0.558589,0.017832756
0.3358821,0.33161342,0.004268676
-0.36418837,-0.33188745,0.03230092
-0.94588625,-0.88463867,0.061247587
-0.50457543,-0.46671647,0.037858963
0.39267185,0.38550293,0.007168919
0.69553846,0.67381203,0.02172643
0.14263485,0.14796138,0.0053265244
-1.086624,-1.0228066,0.06381738
-0.821376,-0.75923693,0.062139094
-0.18827556,-0.16540502,0.02287054
0.35349447,0.343327,0.0101674795
0.30303624,0.2969011,0.006135136
-0.4068088,-0.36931667,0.037492126
-0.9247178,-0.85679865,0.067919135
-0.53665423,-0.4924583,0.04419592
0.14741196,0.15202342,0.0046114624
0.5810809,0.5620086,0.019072294
0.052381974,0.06334788,0.01096591
-0.74997866,-0.6959663,0.05401236
-0.9102673,-0.84906125,0.061206043
-0.2203652,-0.19617257,0.024192631
0.58081216,0.5640587,0.016753435
0.508947,0.49637872,0.012568295
-0.34069496,-0.31117424,0.02952072
-0.9074099,-0.85109663,0.056313276
-0.6214639,-0.57997364,0.041490257
0.32452253,0.32056493,0.0039575994
0.4305468,0.4146905,0.015856296
-0.044584688,-0.030347936,0.014236752
-0.6454055,-0.59373426,0.051671207
-0.8877077,-0.82142043,0.06628728
-0.28342065,-0.2539212,0.029499441
0.4302286,0.41770884,0.012519747
0.45771602,0.4445845,0.013131529
-0.24639224,-0.21850704,0.027885199
-0.9017816,-0.8377162,0.0640654
-0.6469259,-0.5982448,0.04868114
0.20214087,0.20438765,0.0022467822
0.6569176,0.6356364,0.021281183
0.24056056,0.24160786,0.0010472983
-0.62820053,-0.5831859,0.04501462
-0.91019934,-0.8523019,0.05789745
-0.34369278,-0.31478378,0.028908998
0.5461774,0.53175527,0.014422119
0.66332096,0.6436756,0.019645333
-0.15540221,-0.13646309,0.018939123
-1.0144403,-0.9563877,0.0580526
-0.7514415,-0.6940479,0.05739355
-0.035359617,-0.021315789,0.0140438285
0.49126852,0.47411215,0.017156363
0.12969792,0.13501716,0.0053192377
-0.6421764,-0.5910961,0.051080287
-0.9312791,-0.86414087,0.067138255
-0.3930079,-0.35755622,0.03545168
0.4163961,0.4065044,0.009891719
0.5307057,0.5154176,0.015288115
-0.0663391,-0.048948225,0.017390873
-0.8392775,-0.7817824,0.057495117
-0.7503321,-0.69887245,0.05145967
0.10881749,0.115848854,0.007031366
0.7268434,0.70340365,0.023439765
0.4260357,0.41782635,0.008209348
-0.47553387,-0.44058466,0.034949213
-0.9410221,-0.88513625,0.05588585
-0.31661874,-0.29096708,0.025651664
0.60311925,0.5861673,0.016951978
0.52176106,0.50203186,0.019729197
-0.14325717,-0.12244299,0.02081418
-0.82631004,-0.76450855,0.061801493
-0.75247055,-0.6953722,0.05709833
-0.12388215,-0.10378773,0.020094424
0.5405772,0.52285194,0.01772523
0.30900204,0.3053151,0.0036869347
-0.5093826,-0.46731207,0.042070538
-0.9402089,-0.8756301,0.06457883
-0.51002264,-0.46979517,0.040227473
0.36771378,0.3614613,0.0062524676
0.66628337,0.64530945,0.02097392
-0.029120887,-0.014514071,0.014606816
-0.7380796,-0.68906695,0.04901266
-0.8365882,-0.7841732,0.052415013
-0.0062103574,0.005529208,0.011739565
0.7509282,0.72713363,0.023794591
0.47470385,0.46404988,0.010653973
-0.29873195,-0.27440888,0.024323076
-0.9603357,-0.90731245,0.05302322
-0.5512602,-0.5065894,0.04467076
0.24119256,0.23948583,0.0017067343
0.51356244,0.4966016,0.01696083
0.034140076,0.045562517,0.01142244
-0.74557364,-0.68972915,0.055844486
-0.84028196,-0.7800009,0.06028104
-0.08403716,-0.06629497,0.017742194
0.5513627,0.5348755,0.016487181
0.48293105,0.47091353,0.012017518
-0.34828594,-0.3166848,0.03160113
-0.9422126,-0.88128513,0.06092745
-0.49068466,-0.45387143,0.03681323
0.28693455,0.28488243,0.0020521283
0.7678503,0.74294996,0.024900317
0.16659424,0.17061754,0.0040232986
-0.7252338,-0.6802669,0.044966877
-0.8952787,-0.8438568,0.05142188
-0.13518593,-0.119151846,0.016034082
0.73159146,0.7089288,0.02266264
0.6385418,0.61376435,0.024777472
-0.39106762,-0.35575405,0.035313576
-0.89274037,-0.82859087,0.0641495
-0.64586407,-0.5962286,0.04963547
0.18123962,0.18411694,0.0028773248
0.62625927,0.60500026,0.02125901
0.08074614,0.090041235,0.0092950985
-0.62904596,-0.58179796,0.047248006
-0.90654224,-0.8458026,0.060739636
-0.19937329,-0.17645267,0.022920623
0.618663,0.5999676,0.018695414
0.6398502,0.62075865,0.019091547
-0.16562548,-0.14507835,0.020547137
-0.8997796,-0.84500504,0.054774582
-0.60789126,-0.5683442,0.039547086
0.33320126,0.32848635,0.004714906
0.824368,0.79751825,0.026849747
0.36024123,0.35443658,0.005804658
-0.5817201,-0.5466161,0.035104036
-0.8130721,-0.7691763,0.04389578
-0.4227696,-0.38622993,0.036539674
0.39166126,0.38232085,0.009340405
0.5042307,0.4891609,0.015069783
-0.22535437,-0.19944862,0.025905758
-0.9010385,-0.8384648,0.06257373
-0.7492021,-0.6958037,0.05339837
0.09297825,0.10091889,0.007940643
0.7008437,0.6773577,0.023486018
0.2720607,0.2713035,0.0007571876
-0.61694866,-0.5731072,0.04384148
-0.94011337,-0.88160086,0.05851251
-0.3250346,-0.29777777,0.027256817
0.57967985,0.5635112,0.016168654
0.696393,0.67525774,0.02113527
0.029688047,0.03927771,0.009589663
-0.81476384,-0.7679985,0.046765327
-0.71066916,-0.66995203,0.040717125
0.21757846,0.21698138,0.0005970746
0.8706167,0.842085,0.02853167
0.7235744,0.6958715,0.027702928
-0.5119151,-0.47056064,0.041354448
-0.93454915,-0.87011474,0.06443441
-0.375311,-0.34196097,0.03335002
0.3479577,0.3421517,0.005805999
0.6422059,0.6212466,0.020959318
-0.040623214,-0.025178349,0.015444865
-0.83431137,-0.77830833,0.056003034
-0.74141526,-0.69141674,0.04999852
-0.018234164,-0.005318628,0.012915535
0.7300758,0.7063716,0.023704171
0.4584029,0.4483803,0.01002261
-0.45992482,-0.42673004,0.03319478
-0.9314606,-0.8777093,0.05375129
-0.45167634,-0.42122832,0.03044802
0.504146,0.4913101,0.01283589
0.8170963,0.7908201,0.026276171
0.061971664,0.06836226,0.006390594
-0.69216436,-0.65467304,0.03749132
-0.70011765,-0.66363955,0.036478102
-0.14716686,-0.12647803,0.020688832
0.5944815,0.5751434,0.019338131
0.35113242,0.34539962,0.0057328045
-0.35446075,-0.32245654,0.032004207
-0.9398997,-0.87768155,0.06221813
-0.4955836,-0.45739162,0.038191974
0.40654376,0.3982465,0.008297265
0.7102691,0.687167,0.023102105
0.15410219,0.1589557,0.004853502
-0.7281428,-0.68091595,0.047226846
-0.826838,-0.7763132,0.05052483
0.019084128,0.028818076,0.009733949
0.7143318,0.6920071,0.022324681
0.62837636,0.6103907,0.017985642
-0.27999857,-0.25786906,0.022129506
-0.9150488,-0.86653036,0.04851842
-0.42527434,-0.3991285,0.026145846
0.39859346,0.3894875,0.009105951
0.89535266,0.865896,0.029456675
0.81897914,0.7879205,0.03105867
-0.74431306,-0.6918186,0.052494466
-0.9056903,-0.8451355,0.060554802
-0.20817082,-0.1847024,0.02346842
0.59991336,0.58155316,0.018360198
0.5262315,0.5121529,0.014078617
-0.33064666,-0.30133954,0.029307127
-0.90102494,-0.84418344,0.056841493
-0.6127322,-0.5712692,0.041462958
0.3198899,0.3157836,0.004106313
0.80787206,0.78099275,0.02687931
0.19340356,0.19546895,0.0020653903
-0.58752316,-0.5504465,0.037076652
-0.88302404,-0.8341593,0.048864722
-0.11292918,-0.09920428,0.013724901
0.7594017,0.7352888,0.02411288
0.77090424,0.7466216,0.024282634
-0.086657114,-0.075398505,0.01125861
-0.8523426,-0.81097317,0.04136944
-0.4426243,-0.41907495,0.023549348
0.14186005,0.14702535,0.005165294
0.6822908,0.6595608,0.022729993
0.25864443,0.25814384,0.0005005896
-0.62115103,-0.57688534,0.044265687
-0.9054487,-0.84765375,0.05779493
-0.3326211,-0.3042402,0.0283809
0.56469274,0.54879755,0.015895188
0.68138087,0.66027874,0.02110213
-0.14397734,-0.12563264,0.0183447
-0.8918079,-0.8393732,0.052434742
-0.71647483,-0.6735682,0.042906642
0.20708682,0.20731255,0.00022573769
0.8583046,0.82975864,0.028545976
0.38619646,0.37855884,0.00763762
-0.5649602,-0.5325169,0.032443285
-0.90079343,-0.8557404,0.045053005
-0.24815047,-0.23135266,0.01679781
0.6917778,0.67020047,0.021577358
0.80192626,0.7762227,0.02570355
0.88976747,0.85670584,0.033061624
-0.8374626,-0.7821325,0.055330098
-0.7456921,-0.695676,0.050016046
0.12661184,0.13237302,0.0057611763
0.7515696,0.72646487,0.025104761
0.44536635,0.43566105,0.009705305
-0.4665752,-0.4322452,0.03433001
-0.9357178,-0.8799826,0.05573523
-0.3052126,-0.28030574,0.024906844
0.49239114,0.47994667,0.012444466
0.80498654,0.77863127,0.026355267
0.053134162,0.06060728,0.0074731186
-0.80183107,-0.75767606,0.044155
-0.694629,-0.65663147,0.037997544
0.0765294,0.0807863,0.004256904
0.85836166,0.8300692,0.028292477
0.56339824,0.5474227,0.015975535
-0.39336622,-0.37155345,0.021812767
-0.8732246,-0.83399814,0.039226472
-0.28614715,-0.27089363,0.015253514
0.30179542,0.29892582,0.002869606
0.69478106,0.67250276,0.022278309
-0.01411182,-0.0011473302,0.01296449
-0.73377645,-0.6860404,0.04773605
-0.8323459,-0.7807621,0.051583827
0.008967714,0.019594666,0.010626951
0.77329093,0.74789125,0.025399685
0.49259987,0.48060265,0.011997223
-0.28810832,-0.26457566,0.023532659
-0.9218804,-0.8708924,0.05098802
-0.43367535,-0.40569073,0.02798462
0.5336437,0.51893497,0.014708757
0.8470625,0.81922185,0.027840674
0.25002566,0.24735932,0.0026663393
-0.675132,-0.6405321,0.0345999
-0.77064425,-0.73374057,0.03690368
0.106548265,0.10755527,0.0010070056
0.8127272,0.7861372,0.02658999
0.7146217,0.6920128,0.022608936
-1.0646361,-1.0214484,0.043187737
-0.94414353,-0.8857814,0.058362126
-0.48279324,-0.44768187,0.035111368
0.3076758,0.30432424,0.0033515692
0.7940707,0.7677149,0.026355803
0.18290253,0.18555021,0.002647683
-0.71967566,-0.6755468,0.044128835
-0.89031667,-0.83950305,0.050813615
-0.12233576,-0.10731026,0.015025504
0.749118,0.72512805,0.023989916
0.6589491,0.63923305,0.019716024
-0.26156446,-0.241794,0.019770458
-0.86158335,-0.8176075,0.04397583
-0.5511733,-0.52161247,0.029560864
0.4219318,0.4109982,0.010933608
0.91787606,0.8872551,0.030620992
0.27709714,0.2717471,0.0053500235
-0.519897,-0.49543694,0.024460047
-0.81245524,-0.7785054,0.033949852
0.026470302,0.028237117,0.0017668158
0.56312245,0.5477252,0.015397251
0.6667198,0.6465468,0.020173013
-0.15391143,-0.13506728,0.018844143
-0.8987349,-0.8455591,0.053175807
-0.6013281,-0.56296444,0.038363636
0.35161614,0.34567475,0.005941391
0.8466382,0.81835717,0.028281033
0.376259,0.36922878,0.007030219
-0.5738625,-0.5395315,0.034330964
-0.87125385,-0.8253017,0.04595214
-0.25771824,-0.23919255,0.01852569
0.6839083,0.66255534,0.021352947
0.79541063,0.76973885,0.02567178
-0.06772355,-0.058619846,0.009103704
-0.83433557,-0.79603094,0.038304627
-0.64809006,-0.6186284,0.029461682
0.2902805,0.28303704,0.0072434545
0.9377274,0.90639025,0.031337142
0.45610404,0.44251317,0.013590872
-1.0014558,-0.9638865,0.037569284
-0.94205374,-0.8861348,0.055918932
-0.31550837,-0.28984296,0.025665402
0.60225254,0.58508337,0.017169178
0.7186928,0.69638914,0.02230364
0.04258871,0.05091587,0.00832716
-0.8105807,-0.7647754,0.045805275
-0.7042387,-0.6643094,0.03992933
0.23191868,0.23027031,0.0016483665
0.8881724,0.8583922,0.029780209
0.5549023,0.5394014,0.015500903
-0.40317196,-0.379319,0.023852944
-0.8849124,-0.8427543,0.042158067
-0.22876948,-0.21427101,0.014498472
0.58490735,0.5669116,0.017995775
0.8927626,0.8631308,0.029631793
0.12641354,0.12566341,0.00075012445
-0.7278272,-0.6981327,0.029694498
-0.61440617,-0.5904132,0.023992956
0.19279528,0.18722308,0.0055722
0.6917607,0.6706453,0.021115422
0.47741547,0.46642777,0.010987699
-0.45383713,-0.42239028,0.031446844
-0.9300905,-0.8779806,0.052109897
-0.44397315,-0.4146536,0.029319555
0.5208639,0.5070487,0.013815165
0.8349575,0.8075744,0.027383089
0.07311281,0.078561954,0.005449146
-0.6854512,-0.64859694,0.036854267
-0.78186274,-0.74230874,0.039554
0.0965546,0.09894985,0.00239525
0.87916714,0.8498345,0.029332638
0.5812957,0.5640166,0.017279148
-0.21729472,-0.20392522,0.013369501
-0.8529623,-0.8166932,0.03626913
-0.3570803,-0.3408576,0.016222715
0.6042615,0.58470476,0.01955676
0.9437938,0.9122557,0.03153807
0.31032366,0.30100194,0.009321719
-0.9470313,-0.9144988,0.032532513
-0.82646143,-0.7781579,0.048303545
0.031095264,0.039735213,0.008639948
0.73277307,0.70985985,0.022913218
0.6445481,0.62571687,0.018831253
-0.27196306,-0.25096768,0.020995378
-0.91081333,-0.8632355,0.047577858
-0.4171016,-0.3916967,0.0254049
0.41079175,0.40085107,0.009940684
0.9083314,0.87791693,0.030414462
0.26781264,0.26352945,0.00428319
-0.65822506,-0.6262742,0.03195083
-0.8256188,-0.78857124,0.037047565
-0.044443473,-0.038746096,0.005697377
0.82556415,0.7981472,0.027416945
0.7256077,0.7021391,0.023468614
-0.19058873,-0.18123712,0.009351611
-0.776399,-0.74768186,0.02871716
-0.46705964,-0.4506291,0.016430557
0.49300578,0.4762451,0.016760677
0.8579932,0.8296457,0.028347492
0.2050693,0.20610765,0.0010383427
-0.58252233,-0.5472086,0.035313725
-0.87933844,-0.83212745,0.04721099
-0.10353034,-0.09073174,0.0127986
0.7730528,0.7482976,0.02475524
0.7833208,0.75827366,0.025047123
-0.07817653,-0.06769298,0.010483548
-0.84549034,-0.8046939,0.04079646
-0.5333511,-0.5064241,0.026926994
0.43862996,0.42641595,0.012214005
0.93148744,0.9001804,0.03130704
0.44909945,0.43631768,0.012781769
-0.50099933,-0.4789889,0.022010446
-0.7897627,-0.7586984,0.031064272
-0.18121132,-0.17332149,0.007889837
0.7352602,0.7106597,0.024600506
0.83360255,0.80588984,0.027712703
-0.004014327,-0.0039785975,3.5729725e-05
-0.8467525,-0.8206223,0.0261302
-0.7159533,-0.6749378,0.041015506
0.21793815,0.2174008,0.0005373508
0.87195444,0.84321535,0.028739095
0.3965105,0.388114,0.008396506
-0.55849576,-0.5273073,0.031188488
-0.8945909,-0.8506365,0.043954432
-0.23983346,-0.22375123,0.016082227
0.7009513,0.67876875,0.022182524
0.8100085,0.7836566,0.026351929
0.11718303,0.11770323,0.00052019954
-0.7401829,-0.7077874,0.032395482
-0.6272128,-0.6005261,0.026686728
0.30372244,0.29512414,0.008598298
0.9428625,0.9111812,0.0316813
0.6069595,0.5873254,0.019634128
-0.32707328,-0.3149675,0.012105763
-0.78642136,-0.7602945,0.026126862
-0.1528179,-0.14899643,0.0038214773
0.6266016,0.6048918,0.0217098
0.93507296,0.9036886,0.03138435
0.061658725,0.06803943,0.006380707
-0.7962523,-0.7541601,0.042092204
-0.68795997,-0.6516077,0.036352277
0.085153386,0.08863482,0.0034814328
0.8673701,0.8387734,0.0285967
0.57117176,0.5546216,0.016550183
-0.38571727,-0.36474904,0.020968229
-0.86445063,-0.8259835,0.03846711
-0.36804503,-0.34993908,0.018105954
0.5968348,0.57792646,0.018908322
0.8997893,0.8697843,0.030004978
0.13953212,0.13713631,0.0023958087
-0.6032827,-0.58018243,0.023100257
-0.69065344,-0.6660327,0.024620771
0.16114913,0.15558966,0.005559474
0.905261,0.8748292,0.030431807
0.6116883,0.591027,0.020661294
-0.14709778,-0.14422247,0.0028753132
-0.7687099,-0.7480953,0.020614624
-0.44470593,-0.41763857,0.027067363
0.5428033,0.5278077,0.014995575
0.8953526,0.8658321,0.029520512
0.25755817,0.25410312,0.0034550428
-0.6673058,-0.63425666,0.033049166
-0.7620047,-0.7264407,0.035563946
0.11400192,0.11437825,0.00037632883
0.8177742,0.79085594,0.026918232
0.7189292,0.69589615,0.023033023
-0.19993219,-0.18912108,0.010811105
-0.82788545,-0.7953483,0.032537162
-0.3365514,-0.32299873,0.013552666
0.4698803,0.4544178,0.015462518
0.94278795,0.9111788,0.031609118
0.31824616,0.30769488,0.010551274
-0.56521726,-0.5476682,0.017549038
-0.71740526,-0.6965616,0.020843685
0.020966789,0.017518263,0.0034485254
0.828072,0.7999363,0.028135717
1.0331926,0.9979903,0.035202324
-0.25389484,-0.23573513,0.018159702
-0.8532949,-0.8117217,0.041573226
-0.5425701,-0.51475984,0.027810276
0.42879286,0.41740203,0.011390835
0.9226091,0.8919583,0.030650795
0.2830096,0.27697328,0.0060363114
-0.51084554,-0.48754704,0.023298502
-0.80133325,-0.7685035,0.03282976
-0.027048718,-0.02368468,0.0033640377
0.8312198,0.80346495,0.027754843
0.8309391,0.80334777,0.027591348
-0.01170113,-0.010378553,0.0013225777
-0.7477048,-0.7226496,0.02505523
-0.44268304,-0.42919073,0.013492316
0.47963837,0.462576,0.017062366
0.9351556,0.9038295,0.031326056
0.47469446,0.45766777,0.017026693
-0.4079588,-0.3993726,0.008586198
-0.60863465,-0.5957279,0.01290673
-0.27975166,-0.26157588,0.01817578
0.69061875,0.6691977,0.021421075
0.800871,0.775223,0.025647998
-0.060231823,-0.05241778,0.007814042
-0.8235662,-0.78740835,0.036157846
-0.6374733,-0.60968256,0.027790725
0.29602325,0.28821102,0.007812232
0.93863034,0.90724665,0.031383693
0.45929402,0.4452376,0.014056414
-0.4785969,-0.4601634,0.018433481
-0.79976326,-0.7715561,0.028207183
-0.1620354,-0.15675895,0.0052764565
0.7360651,0.71108073,0.02498436
0.8296945,0.80187154,0.027822971
0.16839945,0.1614232,0.006976247
-0.63294435,-0.6161716,0.016772747
-0.52120835,-0.5093236,0.011884749
0.33878,0.32454637,0.014233619
0.9154323,0.8848902,0.030542076
1.0824037,1.045523,0.036880612
-0.39397973,-0.37222487,0.02175486
-0.8735578,-0.83428234,0.039275467
-0.21954322,-0.20667635,0.01286687
0.58981806,0.57152903,0.01828903
0.894834,0.86527926,0.029554725
0.13257399,0.1308426,0.0017313957
-0.7152035,-0.68735206,0.027851462
-0.6019281,-0.57942855,0.022499561
0.1544039,0.14970262,0.0047012717
0.90489876,0.8745363,0.030362487
0.6100783,0.58969694,0.020381331
-0.3059146,-0.29690698,0.009007633
-0.75360626,-0.7316531,0.021953166
-0.281644,-0.2757655,0.0058784783
0.61544454,0.5935367,0.021907866
0.8857604,0.8560819,0.029678524
0.18049991,0.17107631,0.009423599
-0.4941879,-0.48578927,0.008398622
-0.48903263,-0.4822489,0.006783724
0.04385047,0.047417596,0.0035671256
0.8842993,0.8551564,0.029142857
0.58659464,0.5689084,0.017686248
-0.20808585,-0.19656844,0.0115174055
-0.83913165,-0.8056647,0.033466935
-0.34614626,-0.33172584,0.01442042
0.6070144,0.587154,0.019860446
0.9422033,0.9107671,0.031436205
0.31397954,0.3039493,0.01003024
-0.5770124,-0.5581083,0.01890409
-0.6609482,-0.6406801,0.020268142
0.17342173,0.16596255,0.0074591786
0.8298309,0.8016625,0.02816838
0.7271247,0.7023095,0.024815202
-0.12965967,-0.12931494,0.00034472346
-0.7025845,-0.6869246,0.015659928
-0.24815966,-0.24668278,0.0014768839
0.48006243,0.46104056,0.019021869
0.8950336,0.86527866,0.029754937
1.1375264,1.098811,0.038715363
-0.6463062,-0.61729455,0.029011667
-0.81207836,-0.7782985,0.03377986
-0.034980502,-0.03093671,0.0040437914
0.8283281,0.80094784,0.027380228
0.727751,0.70408547,0.023665547
-0.18109523,-0.17351326,0.007581964
-0.7606605,-0.7344905,0.026170015
-0.4537915,-0.43922803,0.014563471
0.47739017,0.46074817,0.016642004
0.93822044,0.9068809,0.031339526
0.3251719,0.31309852,0.012073368
-0.41931668,-0.40935397,0.009962708
-0.6831179,-0.66665024,0.01646769
0.035272446,0.029665602,0.005606843
0.814971,0.78708667,0.027884364
0.80417335,0.77684855,0.027324796
0.03953845,0.032451887,0.007086564
-0.61352,-0.6049372,0.00858283
-0.25488463,-0.25661626,0.0017316341
0.35621592,0.34663025,0.009585679
0.93596107,0.9048518,0.031109273
0.45507544,0.44151136,0.01356408
-0.48863295,-0.46932933,0.01930362
-0.77425104,-0.74636734,0.027883708
-0.17057587,-0.16455577,0.006020099
0.7360494,0.7113109,0.02473849
0.8318,0.8040786,0.027721405
0.0034719445,0.0021462534,0.0013256911
-0.7161055,-0.6959228,0.020182729
-0.5345543,-0.52135026,0.013204038
0.3370257,0.32325894,0.013766766
0.9231461,0.8922936,0.030852556
0.4735812,0.45568463,0.017896563
-0.3814694,-0.37635162,0.005117774
-0.6652642,-0.65392226,0.011341929
-0.0891939,-0.09409801,0.0049041063
0.7035483,0.67842877,0.025119543
0.77536815,0.7488633,0.026504874
1.1606818,1.1214163,0.039265513
-0.7267344,-0.6975877,0.029146671
-0.61349237,-0.58988786,0.023604512
0.31115413,0.30143756,0.00971657
0.9439708,0.91252697,0.031443834
0.6096159,0.58952147,0.020094454
-0.3154226,-0.3056059,0.009816706
-0.7688153,-0.7457154,0.0230999
-0.14229143,-0.1401731,0.0021183193
0.6172652,0.5955313,0.02173394
0.89259547,0.86275244,0.029843032
0.17765632,0.16871685,0.008939475
-0.60058105,-0.58826095,0.012320101
-0.49035978,-0.48249933,0.007860452
0.19629571,0.18468583,0.011609882
0.8628207,0.8337599,0.029060781
0.5901156,0.5682412,0.021874428
-0.22116761,-0.22366068,0.0024930686
-0.6067582,-0.6015286,0.0052295923
-0.12038976,-0.12742172,0.0070319623
0.5059106,0.48996922,0.015941352
0.903783,0.8738407,0.029942334
0.14746273,0.14359385,0.003868878
-0.5894056,-0.5693506,0.020054996
-0.6750516,-0.6536278,0.021423817
0.16859713,0.16168699,0.0069101453
0.9033519,0.8731104,0.03024149
0.61183554,0.59076715,0.021068394
-0.13739823,-0.13632867,0.0010695606
-0.71983236,-0.702863,0.016969383
-0.2586933,-0.25625604,0.0024372637
0.6118974,0.5895356,0.022361815
0.90652865,0.8763538,0.030174851
0.33188087,0.3169268,0.01495406
-0.46325582,-0.45875433,0.004501492
-0.530702,-0.5259472,0.0047547817
0.20429371,0.19061509,0.013678625
0.76824963,0.7416766,0.026573002
0.66907144,0.645068,0.024003446
-0.73472404,-0.73002636,0.0046976805
-0.81354344,-0.7842985,0.02924496
-0.32453305,-0.31343025,0.011102796
0.4755531,0.45929003,0.016263068
0.9429981,0.9116226,0.031375527
0.3232345,0.31162137,0.011613131
-0.55060184,-0.53593504,0.014666796
-0.7000332,-0.6822941,0.017739117
0.029219998,0.02425743,0.0049625672
0.82289976,0.7948835,0.02801627
0.7202192,0.6953099,0.024909317
-0.11260364,-0.1151344,0.002530761
-0.63206047,-0.6220435,0.010016978
-0.35050935,-0.34907305,0.0014362931
0.47609347,0.45639575,0.019697726
0.8724581,0.84350955,0.028948545
0.4579922,0.43879342,0.019198775
-0.31549546,-0.31823748,0.0027420223
-0.5346427,-0.5341715,0.00047117472
0.12450994,0.11067964,0.013830297
0.7486949,0.72378445,0.02491045
0.83413786,0.80646765,0.027670205
-0.0032256069,-0.0035706547,0.0003450478
-0.7325788,-0.71073174,0.02184707
-0.4295309,-0.41865918,0.010871708
0.48300692,0.4652657,0.017741233
0.93194693,0.90091527,0.031031668
0.47596633,0.45829228,0.017674059
-0.39465037,-0.38844928,0.0062010884
-0.64938766,-0.6375897,0.011797965
-0.09757691,-0.101677,0.0041000918
0.71327174,0.68794745,0.025324285
0.78831124,0.7614033,0.02690792
0.050078876,0.040851146,0.00922773
-0.5764212,-0.57220167,0.004219532
-0.41194433,-0.412819,0.00087466836
0.33845952,0.32078555,0.01767397
0.8287425,0.80134016,0.027402341
0.4397637,0.4202317,0.019531995
-0.6560296,-0.6564595,0.0004299283
-0.7859325,-0.7605461,0.025386393
-0.15209433,-0.14869052,0.0034038126
0.73811406,0.71292955,0.025184512
0.8295242,0.8017512,0.027773023
0.17405882,0.16583394,0.00822489
-0.6179624,-0.60407394,0.013888478
-0.506693,-0.49744245,0.009250551
0.3419302,0.32685158,0.015078634
0.9090885,0.8788699,0.030218601
0.59770983,0.5757886,0.021921217
-0.23231634,-0.23382878,0.0015124381
-0.62848896,-0.62169224,0.0067967176
-0.07251041,-0.079980135,0.0074697286
0.5856643,0.5630014,0.022662878
0.81310385,0.78588516,0.0272187
0.19422641,0.17984998,0.014376432
-0.46204525,-0.46454644,0.0025011897
-0.36236823,-0.36817542,0.005807191
0.2403022,0.22320293,0.017099276
0.84371793,0.8154269,0.028291047
0.61278945,0.5920592,0.020730257
-0.2958949,-0.2887973,0.007097602
-0.738686,-0.7195797,0.019106328
-0.27087027,-0.26704198,0.0038282871
0.6157857,0.59357864,0.022207081
0.88152254,0.8521198,0.029402733
0.18469425,0.17414773,0.01054652
-0.48009107,-0.4741476,0.005943477
-0.5501782,-0.5438997,0.0062784553
0.20253131,0.18934773,0.013183579
0.84296066,0.81465137,0.028309286
0.5781402,0.5561702,0.021969974
-0.07420498,-0.08231347,0.008108489
-0.5684978,-0.5675595,0.0009382963
-0.17052115,-0.17881583,0.008294672
0.5590799,0.5366996,0.022380292
0.7939348,0.7678428,0.026091993
0.3117175,0.293891,0.017826498
-0.5869867,-0.5921432,0.0051564574
-0.64926773,-0.6310864,0.018181324
0.17930894,0.17081313,0.008495808
0.8284838,0.8003883,0.028095543
0.7256662,0.7008285,0.024837732
-0.12158749,-0.122837804,0.0012503117
-0.68660766,-0.673703,0.012904644
-0.23764737,-0.23807305,0.00042568147
0.47965962,0.46019796,0.019461662
0.88692033,0.8575787,0.029341638
0.33075964,0.3148551,0.015904546
-0.43378133,-0.43293148,0.000849843
-0.55667603,-0.55457497,0.0021010637
0.07443685,0.062113635,0.012323216
0.7443399,0.7185263,0.02581358
0.6470701,0.6235589,0.023511231
-0.05272966,-0.063891776,0.011162117
-0.47684678,-0.48214802,0.005301237
-0.23966536,-0.2501217,0.010456353
0.4385752,0.41794607,0.020629138
0.9664671,0.9343179,0.032149196
0.4756397,0.45853597,0.017103732
-0.40833354,-0.40011206,0.008221477
-0.6682879,-0.6541558,0.014132082
0.041576836,0.034758054,0.0068187825
0.81007206,0.7824145,0.027657568
0.79820395,0.7711439,0.027060032
0.044726428,0.036428705,0.008297723
-0.5970243,-0.5909778,0.0060465336
-0.3245157,-0.32625324,0.001737535
0.46838623,0.4483029,0.020083338
0.8459569,0.81805533,0.02790159
0.4471228,0.42764276,0.01948005
-0.28955734,-0.29545075,0.0058934093
-0.49573836,-0.49932766,0.0035893023
-0.033995528,-0.04669228,0.01269675
0.62532294,0.602048,0.023274958
0.6749122,0.65151846,0.02339375
0.07780251,0.062363315,0.015439194
-0.48836246,-0.49844342,0.010080963
-0.5260613,-0.5143063,0.01175499
0.33936548,0.32502985,0.014335632
0.9170371,0.8865412,0.030495942
0.47256744,0.4544005,0.01816693
-0.37002027,-0.36667275,0.003347516
-0.6485946,-0.6396552,0.008939445
-0.08148202,-0.08777606,0.0062940344
0.69672406,0.6717855,0.024938583
0.7659502,0.73981565,0.02613455
0.1932199,0.17944726,0.013772637
-0.48136607,-0.48224884,0.0008827746
-0.3799685,-0.384322,0.0043534935
0.33245754,0.3141383,0.01831925
0.7939561,0.76794344,0.02601266
0.5278689,0.5066129,0.02125603
-0.1482533,-0.15984458,0.011591271
-0.45912623,-0.46796978,0.008843541
-0.012787822,-0.028382583,0.015594761
0.50320256,0.4819832,0.021219343
0.9955456,0.9627197,0.032825947
0.18068865,0.17120054,0.009488106
-0.5861599,-0.57552683,0.010633051
-0.47677904,-0.47063327,0.0061457753
0.19900684,0.1866859,0.012320936
0.85322535,0.82464814,0.028577209
0.58429503,0.56248194,0.021813095
-0.21165049,-0.21565433,0.0040038377
-0.5886011,-0.5857359,0.0028651953
-0.18197253,-0.18901716,0.0070446283
0.56766045,0.54528964,0.022370815
0.78039646,0.7544699,0.02592659
0.19319215,0.17778721,0.01540494
-0.35167715,-0.35905832,0.007381171
-0.40104866,-0.4092275,0.00817883
0.2068651,0.18926555,0.017599553
0.7071992,0.68366843,0.023530781
0.48825443,0.46779904,0.02045539
-0.020222161,-0.03615349,0.01593133
-0.40956017,-0.4240164,0.0144562125
-0.26594138,-0.2640036,0.0019377768
0.6076668,0.5852868,0.022379994
0.8961508,0.8664587,0.029692113
0.33078778,0.3155402,0.015247583
-0.4491204,-0.44627988,0.002840519
-0.51431745,-0.511493,0.0028244257
0.20548588,0.19117744,0.014308438
0.7560057,0.7299603,0.026045382
0.6578306,0.63421863,0.023611963
-0.0601346,-0.070234545,0.010099944
-0.52552885,-0.52858657,0.0030577183
-0.14877327,-0.15959892,0.010825649
0.43424663,0.413858,0.020388633
0.75208807,0.72769547,0.024392605
0.29971695,0.2815466,0.018170357
-0.3002412,-0.31243423,0.012193024
-0.38752124,-0.4005304,0.013009161
0.10010635,0.08194206,0.018164292
0.5984473,0.57745296,0.020994365
1.0380642,1.0044276,0.03363669
-0.105492115,-0.10875635,0.0032642335
-0.6145732,-0.60608447,0.008488715
-0.33776444,-0.33763072,0.00013372302
0.47137266,0.45161274,0.019759923
0.85772556,0.8294799,0.028245687
0.45173964,0.43256727,0.01917237
-0.30278656,-0.30705255,0.004265994
-0.5153014,-0.5169306,0.0016291738
0.08214777,0.06833758,0.013810188
0.71121615,0.68660295,0.024613202
0.69015414,0.66644233,0.0237118
0.074666694,0.05998457,0.014682125
-0.43328875,-0.44249195,0.009203196
-0.2106826,-0.22408535,0.013402745
0.40581328,0.385569,0.02024427
0.6850304,0.6630411,0.021989286
0.37216964,0.35299215,0.019177496
-0.17736769,-0.19453028,0.017162591
-0.28534284,-0.30393943,0.01859659
-0.11688032,-0.12096147,0.0040811524
0.7035587,0.6785006,0.02505809
0.7755356,0.7491168,0.026418805
0.05367197,0.043869052,0.009802919
-0.5568885,-0.55439353,0.0024949908
-0.39566046,-0.39812103,0.0024605691
0.33450833,0.31664613,0.0178622
0.80952716,0.78303486,0.026492298
0.4308029,0.41140804,0.019394875
-0.15844323,-0.16873449,0.010291263
-0.480108,-0.48705536,0.0069473684
-0.019824611,-0.03443066,0.014606049
0.59126925,0.5691125,0.022156775
0.6335575,0.61169845,0.02185905
0.18443201,0.16684599,0.017586023
-0.32459703,-0.33963215,0.015035123
-0.24006198,-0.2573096,0.017247602
0.28577015,0.26603064,0.019739509
0.60903394,0.5897814,0.019252539
1.0329586,0.9999943,0.03296435
-0.22166193,-0.22403587,0.0023739487
-0.60732144,-0.6020497,0.005271733
-0.06479435,-0.07307731,0.008282967
0.57509214,0.55270994,0.0223822
0.79451627,0.768104,0.026412249
0.19295084,0.17825715,0.014693692
-0.44229954,-0.44656613,0.00426659
-0.3447417,-0.3522325,0.007490784
0.20706007,0.1900627,0.016997367
0.7249297,0.70089495,0.024034739
0.5000408,0.47950435,0.020536482
-0.12707092,-0.14097448,0.013903558
-0.41155243,-0.42432866,0.012776226
-0.09446158,-0.111243986,0.016782403
0.46579695,0.44548926,0.02030769
0.6108885,0.5909711,0.019917369
0.17470737,0.15601505,0.018692315
-0.21185818,-0.23193054,0.020072356
-0.1950567,-0.21694732,0.02189061
0.15185788,0.1395998,0.012258083
0.82627225,0.7985379,0.02773434
0.5670953,0.5454257,0.021669567
-0.066986464,-0.0758291,0.00884264
-0.5453815,-0.5461624,0.00078094006
-0.1591169,-0.16849758,0.009380683
0.54549414,0.52354103,0.021953106
0.77029693,0.7452714,0.025025547
0.30449656,0.28668463,0.017811924
-0.31632602,-0.32679564,0.010469615
-0.35962385,-0.37125596,0.011632115
0.20289534,0.18455073,0.01834461
0.6168432,0.59535915,0.021484077
0.5304177,0.51038706,0.020030618
-0.008318807,-0.025993353,0.017674547
-0.34174228,-0.36025146,0.01850918
-0.063000605,-0.08322371,0.020223103
0.34584594,0.3263666,0.019479334
0.55276513,0.53559756,0.017167568
1.0301595,0.9979835,0.03217596
-0.41604728,-0.41643286,0.00038558245
-0.53430045,-0.5337072,0.00059324503
0.07839111,0.06550565,0.012885459
0.7259141,0.7007661,0.025148034
0.6300708,0.6071734,0.022897422
-0.045832846,-0.05775661,0.011923764
-0.45334697,-0.46043494,0.0070879757
-0.22416915,-0.23598821,0.011819065
0.41495273,0.39474362,0.020209104
0.7057411,0.683095,0.02264613
0.38251695,0.36337286,0.019144088
-0.19067438,-0.20637128,0.015696898
-0.34109393,-0.3577911,0.016697168
0.10337242,0.084014244,0.019358173
0.55053455,0.5312489,0.01928562
0.52213347,0.50397927,0.018154204
0.08669437,0.06688707,0.019807294
-0.25291678,-0.27691612,0.023999333
-0.05488254,-0.07860092,0.02371838
0.38911667,0.37062484,0.018491834
0.82653576,0.7992689,0.02726686
0.43840215,0.41903004,0.019372106
-0.27435774,-0.2813916,0.0070338547
-0.47224087,-0.4774477,0.0052068233
-0.02640667,-0.03989377,0.013487099
0.6068653,0.5842426,0.022622705
0.65244067,0.6299471,0.022493541
0.079467125,0.06353749,0.015929632
-0.3882148,-0.40096796,0.012753159
-0.25692225,-0.27244818,0.015525937
0.29295743,0.273425,0.019532412
0.6337348,0.6136749,0.020059943
0.34662306,0.32789615,0.018726915
-0.07596926,-0.095577225,0.019607969
-0.29265884,-0.31495914,0.022300303
0.030347945,0.00852633,0.021821614
0.4341953,0.41669202,0.017503291
0.44727424,0.4315454,0.015728831
0.9999953,0.9693578,0.030637503
-0.46067065,-0.4629977,0.0023270547
-0.3612354,-0.36691836,0.0056829453
0.32786778,0.30940714,0.018460631
0.7717394,0.74650645,0.02523297
0.5135385,0.4926761,0.02086237
-0.13692483,-0.14947811,0.012553275
-0.43391192,-0.44449836,0.010586441
-0.005690192,-0.022070667,0.016380474
0.4810858,0.46043268,0.020653129
0.6349474,0.61417454,0.020772874
0.17850374,0.1602677,0.018236041
-0.28284916,-0.3011915,0.018342346
-0.20346704,-0.2237299,0.020262852
0.18829179,0.16810556,0.02018623
0.53636,0.5189552,0.017404854
0.37073722,0.35321245,0.017524779
-0.046449926,-0.06937958,0.022929657
-0.21993314,-0.247874,0.02794087
0.018471107,-0.006349134,0.02482024
0.48246914,0.46165174,0.020817399
0.7617985,0.73639053,0.02540797
0.19245492,0.17668,0.01577492
-0.33329168,-0.34199002,0.008698344
-0.37956125,-0.38921592,0.009654671
0.20545012,0.18753746,0.017912656
0.684004,0.6612996,0.022704422
0.47241685,0.4524247,0.019992143
-0.01373475,-0.030389508,0.016654758
-0.36533275,-0.38167992,0.01634717
-0.07298031,-0.09193003,0.018949725
0.43421608,0.41465616,0.01955992
0.5813445,0.56315976,0.018184721
0.24570891,0.2268964,0.018812507
-0.17591716,-0.19893613,0.023018971
-0.19447142,-0.21990643,0.025435016
0.17529547,0.15416975,0.021125719
0.42713153,0.41185144,0.015280098
0.35855633,0.34355575,0.015000582
-0.244564,-0.27836972,0.033805728
-0.5028139,-0.50751984,0.0047059655
-0.13702747,-0.14889179,0.011864319
0.42600825,0.40560368,0.020404577
0.7307878,0.7070412,0.02374661
0.29385963,0.27557957,0.01828006
-0.28201833,-0.29552346,0.013505131
-0.36423963,-0.37882796,0.014588326
0.102512635,0.083826736,0.0186859
0.5757194,0.5554875,0.020231903
0.4930357,0.47402808,0.019007623
0.0034201758,-0.01590737,0.019327546
-0.27649498,-0.2984251,0.021930128
-0.10937183,-0.13222037,0.022848539
0.3199639,0.3008675,0.019096404
0.49774286,0.48249146,0.015251398
0.27797118,0.26022062,0.017750561
-0.07834748,-0.10473812,0.026390642
-0.15745448,-0.18862566,0.031171188
0.12418224,0.10103409,0.02314815
0.63314706,0.6098438,0.02330327
0.6744129,0.6510137,0.023399234
0.07799591,0.06265762,0.015338294
-0.41172746,-0.42246893,0.010741472
-0.19601,-0.21058257,0.014572576
0.39661598,0.37639555,0.020220429
0.6627154,0.64141417,0.02130121
0.3615332,0.34247875,0.019054443
-0.16297188,-0.18126483,0.018292949
-0.29710984,-0.31724784,0.020137995
0.025179477,0.0042896704,0.020889807
0.45943007,0.44107485,0.01835522
0.47652978,0.45976323,0.016766548
0.08819601,0.06727976,0.020916246
-0.2079882,-0.23535706,0.027368858
-0.1145172,-0.14237544,0.027858242
0.22251773,0.20248635,0.020031378
0.40966624,0.39737013,0.01229611
0.23178217,0.2147412,0.017040968
-0.17917134,-0.2169228,0.037751466
-0.45886254,-0.46750554,0.008643001
-0.012406119,-0.027912322,0.015506203
0.57732743,0.5553808,0.021946609
0.6163397,0.59484977,0.021489918
0.18303505,0.16504145,0.0179936
-0.30506095,-0.3215166,0.01645565
-0.2227278,-0.24127527,0.01854746
0.2796755,0.25979644,0.019879073
0.5857769,0.5672464,0.018530548
0.39230642,0.37411225,0.018194169
-0.05644091,-0.078169055,0.021728147
-0.24637078,-0.27216944,0.025798663
0.041419286,0.017977385,0.023441901
0.3460551,0.328564,0.017491102
0.42592105,0.4122501,0.013670951
0.14246047,0.12167495,0.020785518
-0.117621444,-0.14938797,0.031766526
-0.06102422,-0.0933204,0.03229618
0.15777686,0.13603632,0.02174054
0.6651466,0.64201707,0.023129523
0.48932612,0.46878818,0.020537943
-0.11693589,-0.13194175,0.015005864
-0.39015695,-0.4045663,0.0144093335
-0.08403602,-0.101853035,0.017817013
0.4533064,0.43311784,0.02018857
0.59038615,0.57098323,0.019402921
0.17249703,0.1534339,0.01906313
-0.19509506,-0.21644937,0.021354303
-0.21722464,-0.24078664,0.023562
0.18139723,0.1604821,0.020915136
0.48639745,0.4705194,0.015878052
0.3363507,0.31950888,0.016841829
0.028753297,0.0051941182,0.02355918
-0.17431925,-0.20566489,0.031345636
0.0064146584,-0.021282308,0.027696967
0.28610322,0.27006418,0.016039044
0.3476295,0.3373599,0.010269582
0.16271684,0.14372055,0.018996283
-0.108168095,-0.14922003,0.04105194
-0.3423463,-0.35560775,0.013261437
0.20216706,0.18328309,0.018883973
0.5998611,0.57870626,0.02115482
0.51504225,0.49523318,0.019809067
-0.0022940862,-0.020832231,0.018538145
-0.32015994,-0.34027508,0.020115137
-0.053013526,-0.07424159,0.021228068
0.3354848,0.31600317,0.01948163
0.52962977,0.51308095,0.016548812
0.22834669,0.20928913,0.019057557
-0.14175153,-0.1677195,0.02596797
-0.18243882,-0.21167342,0.029234603
0.10835887,0.08491042,0.023448445
0.37731045,0.36344162,0.013868839
0.3137573,0.29988426,0.013873041
0.04203996,0.016084597,0.025955364
-0.09239623,-0.12854585,0.03614962
0.0023771727,-0.03073228,0.033109453
0.19783568,0.18107669,0.016758993
0.70628893,0.6839712,0.022317708
0.3736237,0.3543343,0.019289404
-0.17769451,-0.19475049,0.017055973
-0.32077903,-0.33917084,0.018391818
0.105469845,0.08542142,0.020048425
0.5312846,0.51240104,0.018883526
0.5022476,0.48451152,0.017736048
0.08799475,0.06756369,0.020431057
-0.23206796,-0.25761482,0.025546864
-0.08174688,-0.10724665,0.025499769
0.29219675,0.27339682,0.01879993
0.44162416,0.42809033,0.013533831
0.24856175,0.23113586,0.017425895
-0.051352236,-0.08026731,0.028915074
-0.11229783,-0.1468498,0.034551963
0.06477774,0.037329223,0.027448516
0.27090275,0.25793195,0.012970805
0.25889176,0.24883495,0.010056809
0.08191211,0.05675702,0.025155086
-0.03857533,-0.08215696,0.043581635
-0.24360357,-0.26070836,0.01710479
0.28694668,0.26712033,0.019826353
0.6115876,0.5921137,0.01947391
0.33582914,0.3170321,0.01879704
-0.06662252,-0.08735601,0.02073349
-0.27084255,-0.2948643,0.024021745
0.03578265,0.013103234,0.022679416
0.41526696,0.39811036,0.017156601
0.42515764,0.40991777,0.015239865
0.14779118,0.12719657,0.020594612
-0.13891083,-0.16905536,0.030144528
-0.079237185,-0.11008317,0.030845985
0.20081915,0.18071179,0.020107359
0.34756088,0.337175,0.010385871
0.23305239,0.21864766,0.014404729
0.018571623,-0.011633001,0.030204624
-0.050272197,-0.09063772,0.040365525
0.07683214,0.04716077,0.029671367
0.17800663,0.16473168,0.013274953
0.67939615,0.6590227,0.020373464
0.17545924,0.15669174,0.018767491
-0.26391137,-0.2840364,0.020125031
-0.18694533,-0.20878983,0.021844491
0.18486519,0.16421942,0.020645767
0.51213974,0.4953585,0.01678124
0.35408854,0.3367645,0.01732403
-0.037348203,-0.06137019,0.024021987
-0.1984466,-0.22806528,0.02961868
-0.0034255267,-0.030148197,0.02672267
0.3051932,0.28861743,0.016575754
0.36522424,0.35343572,0.011788517
0.12962388,0.1082553,0.021368578
-0.05250681,-0.08595772,0.033450913
-0.048435193,-0.0853034,0.03686821
0.13488461,0.11190434,0.022980273
0.24413836,0.23609346,0.0080448985
0.16699526,0.15411784,0.01287742
0.06115611,0.031451866,0.029704243
0.019988272,-0.026169283,0.046157554
-0.07386204,-0.094024606,0.020162567
0.41771725,0.3984438,0.01927346
0.55492675,0.5375524,0.017374337
0.23661739,0.21759932,0.019018069
-0.15910502,-0.18372454,0.02461952
-0.17461056,-0.2017544,0.02714385
0.17043437,0.14890726,0.021527112
0.40186223,0.38719487,0.014667362
0.33585,0.321308,0.014542013
0.037270166,0.012016065,0.0252541
-0.12447172,-0.15959911,0.035127394
0.024961846,-0.004874199,0.029836046
0.21089625,0.19345757,0.01743868
0.28045967,0.27226648,0.008193195
0.13722247,0.11824105,0.01898142
0.000559974,-0.03713958,0.037699554
0.0049252184,-0.038114645,0.043039862
0.09866154,0.0712968,0.027364738
0.14332259,0.13643955,0.00688304
0.6554356,0.63748413,0.017951488
0.008236036,-0.012113108,0.020349145
-0.2539084,-0.27787137,0.023962975
-0.09557737,-0.119902074,0.024324708
0.30488053,0.28592563,0.018954903
0.4675007,0.45316997,0.014330715
0.26209912,0.24447003,0.017629087
-0.06488128,-0.0926559,0.027774617
-0.13457248,-0.16755725,0.03298478
0.10629258,0.08174531,0.024547271
0.3181439,0.30608788,0.012056023
0.28462613,0.27376547,0.010860652
0.08242646,0.05769953,0.024726927
-0.04473458,-0.084427215,0.039692637
0.029868824,-0.0057474547,0.03561628
0.15876295,0.14221032,0.016552627
0.1811653,0.17603922,0.005126074
0.110430464,0.09524077,0.015189692
0.057122212,0.01852427,0.03859794
0.07447459,0.028411625,0.04606296
0.014876522,-0.0070209783,0.0218975
0.4348478,0.41723722,0.01761058
0.44808877,0.4322312,0.015857577
0.08711307,0.065526314,0.021586753
-0.18413559,-0.21352263,0.029387042
-0.09632191,-0.12584765,0.029525742
0.21008374,0.19000874,0.020074993
0.37555408,0.36429307,0.011261016
0.21349098,0.19665322,0.01683776
0.00953618,-0.019768914,0.029305093
-0.07346917,-0.11227368,0.03880451
0.07246474,0.043447144,0.029017597
0.2158507,0.20437579,0.011474907
0.19636302,0.1881049,0.008258119
0.09452163,0.07203411,0.022487514
0.02939372,-0.013472393,0.04286611
0.06269428,0.020611225,0.042083055
0.101532385,0.081848554,0.01968383
0.07923484,0.077143356,0.0020914823
0.60093874,0.5856912,0.015247524
-0.04674072,-0.06974437,0.023003653
-0.22032899,-0.24832395,0.02799496
0.045803353,0.021428084,0.02437527
0.32285053,0.3059457,0.016904831
0.39185214,0.3793066,0.012545526
0.13461265,0.11351682,0.021095827
-0.0954807,-0.1291049,0.033624195
-0.042439632,-0.07637064,0.03393101
0.14020906,0.11745711,0.022751957
0.27217215,0.2632979,0.008874267
0.18641391,0.17310819,0.013305724
0.036375284,0.004099166,0.032276116
-0.0007251879,-0.044660047,0.04393486
0.069784865,0.035076197,0.034708668
0.12973988,0.11731712,0.012422763
0.10932474,0.10539531,0.0039294288
0.071946144,0.048889667,0.023056477
0.08753603,0.04322024,0.04431579
0.112187706,0.066037975,0.04614973
0.14852747,0.12705359,0.021473885
0.4526767,0.43807882,0.014597893
0.3125269,0.2963454,0.016181499
0.032722663,0.008244192,0.02447847
-0.14759435,-0.18108492,0.03349057
0.015883211,-0.012998307,0.028881518
0.26099497,0.24558386,0.015411109
0.3098361,0.300802,0.009034097
0.1478737,0.1289113,0.018962398
-0.016149955,-0.05259775,0.036447793
-0.0051832506,-0.04533652,0.04015327
0.119572125,0.09619549,0.023376636
0.17052828,0.16286899,0.0076592863
0.12814619,0.119272165,0.0088740215
0.067589924,0.03643157,0.031158354
0.07231631,0.023499072,0.04881724
0.095110364,0.057749633,0.03736073
0.067709215,0.05268622,0.015022997
0.0092846835,0.009217419,6.726477e-05
0.5454183,0.5331475,0.012270808
-0.12238447,-0.15009783,0.027713358
-0.15678415,-0.18810305,0.031318903
0.106701724,0.08271046,0.023991264
0.34437737,0.33165604,0.01272133
0.2840116,0.27106032,0.012951285
0.045596868,0.018770324,0.026826544
-0.06689255,-0.1050355,0.03814295
0.016820561,-0.017684244,0.034504805
0.17480707,0.15804872,0.016758353
0.21125692,0.20532109,0.005935833
0.1267357,0.11132533,0.015410371
0.044390593,0.0068233153,0.037567277
0.05245687,0.006090595,0.046366274
0.093958616,0.06572648,0.028232135
0.08018056,0.07503567,0.005144894
0.044974342,0.040928192,0.0040461496
0.06673813,0.03845641,0.028281718
0.13950501,0.08736481,0.052140206
0.12148702,0.08034109,0.04114593
0.24154279,0.22240998,0.019132808
0.40595037,0.3938273,0.012123078
0.22945248,0.21247049,0.01698199
-0.036603384,-0.066946246,0.030342862
-0.08670627,-0.12325081,0.03654454
0.06858571,0.040318917,0.028266791
0.24087374,0.22882962,0.012044117
0.22476514,0.21579525,0.008969888
0.07908574,0.053412795,0.025672942
0.0027780544,-0.040317174,0.043095227
0.04595124,0.005101629,0.04084961
0.113805115,0.09408934,0.019715779
0.11161012,0.10863255,0.0029775724
0.07304732,0.058476232,0.014571086
0.07901925,0.042176597,0.03684265
0.12155724,0.06962604,0.051931202
0.099674076,0.065355115,0.03431896
0.0010785788,-0.004877429,0.0059560076
-0.045611225,-0.04731398,0.0017027557
0.4762736,0.4668493,0.009424299
-0.11624945,-0.14819549,0.03194604
-0.06000144,-0.09244966,0.032448217
0.18775979,0.1678058,0.019953981
0.31159803,0.3025599,0.0090381205
0.2086353,0.19492239,0.013712913
0.027835527,-0.0034482304,0.03128376
-0.023782572,-0.06608751,0.042304933
0.08032486,0.049892724,0.030432135
0.1524536,0.13959359,0.012860015
0.14186396,0.13708021,0.0047837496
0.07966655,0.05681555,0.022850998
0.07106075,0.025249489,0.04581126
0.09745907,0.052804697,0.044654373
0.08248545,0.058264337,0.024221115
0.014194007,0.012887507,0.0013065003
0.0056620645,-0.0037077363,0.009369801
0.103276946,0.06398603,0.039290912
0.1909651,0.13479957,0.05616553
0.116929606,0.078759566,0.03817004
0.25437245,0.23729238,0.017080069
0.33323118,0.32266614,0.0105650425
0.12279763,0.10127462,0.021523014
-0.033931613,-0.06888778,0.034956165
-0.02637164,-0.06491054,0.0385389
0.12757295,0.10444459,0.02312836
0.2103243,0.20344791,0.006876394
0.14319153,0.1309397,0.012251824
0.06466105,0.03422526,0.03043579
0.047805972,0.0006157387,0.047190234
0.08708824,0.050616957,0.036471285
0.085339405,0.07395983,0.011379577
0.044919863,0.043903794,0.0010160692
0.04724767,0.028659059,0.018588612
0.12137606,0.07465823,0.04671783
0.15797745,0.10665708,0.051320367
0.05928947,0.034666862,0.024622608
-0.06930463,-0.07054921,0.0012445822
-0.08528754,-0.08902032,0.0037327781
0.28062797,0.21438992,0.066238046
-0.0996703,-0.13656183,0.036891527
0.0028443523,-0.030323016,0.03316737
0.19461846,0.17756096,0.017057508
0.24837494,0.24134791,0.00702703
0.12536383,0.106493235,0.018870592
0.018363394,-0.020708902,0.039072298
0.028376218,-0.016291572,0.044667788
0.097149014,0.06937953,0.027769484
0.11389672,0.10788674,0.006009981
0.07760605,0.07006032,0.007545732
0.07468948,0.042274453,0.032415025
0.116099484,0.06548254,0.050616942
0.12192119,0.07868938,0.043231808
0.033398975,0.01895266,0.014446314
-0.055157613,-0.053436384,0.0017212294
-0.015695449,-0.02892612,0.01323067
0.14649881,0.10080349,0.045695327
0.23036964,0.17297165,0.05739799
0.058674734,0.029942637,0.028732097
0.27173766,0.2592154,0.01252225
0.25851434,0.2485513,0.0099630505
0.08194495,0.0568058,0.02513915
-0.022039216,-0.06329862,0.041259404
0.043426022,0.0067131254,0.036712896
0.14298798,0.12677385,0.016214132
0.15029863,0.14621261,0.0040860176
0.0942406,0.079364985,0.014875613
0.07029507,0.030640846,0.039654225
0.09667036,0.047457352,0.049213007
0.097483546,0.06383207,0.03365148
0.032144796,0.025464509,0.0066802874
-0.011027394,-0.013584516,0.0025571221
0.06335941,0.03436217,0.028997239
0.18265557,0.1279483,0.054707274
0.17993434,0.1296893,0.05024503
0.011163217,-0.007912503,0.01907572
-0.15392193,-0.14965719,0.004264742
-0.0690401,-0.081489585,0.012449488
0.33359367,0.26514983,0.068443835
-0.050288375,-0.09064484,0.04035646
0.07711295,0.04746317,0.02964978
0.19341967,0.18262707,0.010792598
0.17067276,0.1632368,0.0074359626
0.08898746,0.0663498,0.022637665
0.04914238,0.004948222,0.04419416
0.079393886,0.03614814,0.043245748
0.09082383,0.071233995,0.019589834
0.04945826,0.048291497,0.0011667646
0.032224014,0.022329397,0.009894617
0.095415294,0.05702824,0.038387053
0.16704431,0.11241944,0.05462487
0.10613271,0.07076899,0.03536372
-0.0265521,-0.035567407,0.009015307
-0.11383312,-0.11168855,0.0021445751
0.019429874,-0.004653495,0.024083368
0.22861491,0.17289235,0.055722564
0.22769135,0.17450346,0.05318789
0.0056741913,-0.017637901,0.023312092
0.23477057,0.22554049,0.009230077
0.16827162,0.15541647,0.012855142
0.04522708,0.01213382,0.03309326
0.021893438,-0.023484467,0.045377903
0.07854353,0.043051127,0.0354924
0.111016035,0.099066034,0.011950001
0.081836596,0.07875757,0.003079027
0.06638413,0.043192472,0.023191657
0.10370287,0.058316305,0.045386568
0.13687469,0.08699299,0.049881704
0.068774365,0.044304986,0.02446938
-0.04601814,-0.04568787,0.00033026934
-0.036159966,-0.044662364,0.008502398
0.089495994,0.054190237,0.035305757
0.23538487,0.17678903,0.058595836
0.1500929,0.10756641,0.04252649
-0.09440367,-0.10204442,0.007640749
-0.21962227,-0.21368673,0.005935535
-0.05501056,-0.07301349,0.018002931
0.3739545,0.30479133,0.06916317
0.013633845,-0.027814819,0.041448664
0.11450639,0.09096151,0.023544885
0.14573713,0.13880187,0.0069352537
0.106100775,0.09782125,0.008279525
0.07162439,0.039908256,0.031716134
0.09444302,0.04429847,0.050144553
0.10879953,0.066661276,0.042138256
0.05300853,0.0382641,0.014744431
-0.019090436,-0.01832365,0.0007667858
0.022898844,0.004450019,0.018448824
0.15371099,0.104883306,0.048827685
0.20776606,0.15173657,0.056029484
0.078384325,0.047750574,0.030633751
-0.12559053,-0.12542121,0.0001693219
-0.13495778,-0.13755699,0.0025992095
0.09740026,0.060602974,0.03679729
0.28984427,0.22921123,0.06063305
0.21818691,0.16819517,0.04999174
-0.117246084,-0.1286372,0.011391111
0.18642172,0.1819928,0.004428923
0.11217666,0.09698549,0.015191168
0.056930058,0.018407831,0.03852223
0.07349639,0.02583023,0.047666155
0.093102396,0.06453283,0.028569564
0.054787654,0.050351426,0.0044362284
0.019583926,0.016238708,0.0033452176
0.06575499,0.037164133,0.028590854
0.16010077,0.1067963,0.05330447
0.14657389,0.10151072,0.045063168
-0.0021277878,-0.015970504,0.013842716
-0.119869314,-0.11643065,0.0034386665
-0.050714128,-0.063378505,0.012664378
0.1705027,0.12317282,0.047329888
0.27234998,0.21273091,0.05961907
0.118537135,0.080789834,0.0377473
-0.18045579,-0.18223329,0.0017774999
-0.24741285,-0.24431275,0.0031000972
0.04337705,0.012028696,0.031348355
0.39882502,0.33029813,0.068526894
0.0614179,0.019366873,0.042051025
0.10301747,0.08333694,0.01968053
0.08212389,0.07997741,0.0021464825
0.057624336,0.0432956,0.014328737
0.087109454,0.049547777,0.037561677
0.14353584,0.09034539,0.053190447
0.10303237,0.06823636,0.034796014
-0.02210907,-0.027475972,0.005366901
-0.071569815,-0.07258367,0.0010138527
0.02683613,0.0029173165,0.023918815
0.20933199,0.15475404,0.054577947
0.21179827,0.15959457,0.0522037
-0.015256564,-0.0340609,0.018804334
-0.21984579,-0.21387444,0.0059713423
-0.14901929,-0.15531515,0.00629586
0.15630643,0.11238517,0.043921262
0.34783784,0.28351617,0.06432167
0.12520184,0.08630675,0.038895085
-0.20940302,-0.21447043,0.005067408
0.11649771,0.11540135,0.0010963604
0.07298411,0.049947247,0.02303686
0.09034332,0.04328768,0.04705564
0.11353215,0.06779729,0.04573486
0.07563242,0.05129,0.024342421
-0.015585092,-0.016082885,0.00049779285
-0.0149979545,-0.023923112,0.008925158
0.11101867,0.07107116,0.03994751
0.21282832,0.1554948,0.05733353
0.14237492,0.10052006,0.04185486
-0.07334552,-0.08136934,0.008023821
-0.17941901,-0.17559369,0.0038253218
0.003170341,-0.021070382,0.024240723
0.23406152,0.18024212,0.053819403
0.2913135,0.23239037,0.058923125
0.0044641774,-0.020643119,0.025107296
-0.30129313,-0.29465693,0.0066362023
-0.21403334,-0.21914327,0.005109936
0.10956181,0.07076524,0.038796566
0.424997,0.35653305,0.06846395
0.0941823,0.05645254,0.03772976
0.06281667,0.051887278,0.0109293945
0.011679926,0.0115555255,0.00012440048
0.034383975,0.01586682,0.018517155
0.13755405,0.08976988,0.047784172
0.177146,0.124678575,0.05246743
0.051516153,0.02682541,0.024690744
-0.09839223,-0.09887845,0.00048621744
-0.11094748,-0.11405472,0.0031072348
0.09427227,0.057947997,0.036324274
0.28130913,0.22022629,0.06108284
0.20664622,0.15736465,0.049281567
-0.09362844,-0.10598404,0.012355603
-0.2868815,-0.27926883,0.0076126754
-0.081467174,-0.099210985,0.017743811
0.28004974,0.22374634,0.056303397
0.3753006,0.31068,0.064620584
0.055911567,0.023496866,0.0324147
-0.3567806,-0.35137698,0.005403608
0.038725726,0.04188549,0.0031597652
0.07724077,0.04418784,0.033052932
0.13878793,0.086740084,0.05204784
0.13431191,0.090103544,0.04420837
0.013848894,-0.00027479735,0.014123691
-0.090561405,-0.08788929,0.0026721135
-0.034907315,-0.047814418,0.012907103
0.15855667,0.11200716,0.046549506
0.25192356,0.19335517,0.05856839
0.07181179,0.04061832,0.031193469
-0.18797229,-0.18629381,0.0016784817
-0.22160017,-0.21903637,0.0025638044
0.04490362,0.013809211,0.03109441
0.33198822,0.2692405,0.06274772
0.24080184,0.18944855,0.05135329
-0.08041928,-0.098596856,0.018177576
-0.38077033,-0.371054,0.009716332
-0.19038928,-0.20101154,0.010622263
0.26220867,0.20941103,0.052797645
0.39987868,0.33583707,0.064041615
0.10061785,0.0654968,0.035121046
0.0017384945,-0.0042379634,0.005976458
-0.044830766,-0.04655037,0.0017196052
0.059704423,0.030347371,0.029357051
0.20541438,0.1493394,0.05607499
0.1963821,0.14505824,0.05132386
-0.0040394957,-0.02295256,0.018913064
-0.19053772,-0.18529846,0.005239263
-0.089033596,-0.101125374,0.012091778
0.14882341,0.10543414,0.04338927
0.32713097,0.2637323,0.06339866
0.12237146,0.08380601,0.03856545
-0.23483306,-0.23542471,0.0005916506
-0.30723396,-0.302795,0.0044389665
-0.035206407,-0.059803765,0.024597358
0.35758865,0.29536217,0.062226474
0.33271036,0.27412266,0.0585877
-0.116920635,-0.13471942,0.017798781
-0.47061095,-0.45905662,0.011554331
-0.04311053,-0.036777653,0.006332878
0.10310817,0.06383343,0.039274737
0.19195884,0.13578746,0.056171387
0.10785215,0.07190358,0.035948575
-0.053228464,-0.061698172,0.008469708
-0.15084757,-0.14776023,0.0030873418
0.009566638,-0.01460459,0.024171228
0.24857478,0.191678,0.056896776
0.24379198,0.18961959,0.054172397
0.010902199,-0.014178527,0.025080726
-0.2739325,-0.26791948,0.006013006
-0.19530149,-0.20074165,0.0054401606
0.17042452,0.12535447,0.045070052
0.39046475,0.32413676,0.06632799
0.19881345,0.15246087,0.04635258
-0.24905068,-0.25370148,0.0046508014
-0.42423904,-0.41493085,0.009308189
-0.056214847,-0.08093486,0.024720013
0.35267496,0.29311222,0.059562743
0.38005888,0.31924734,0.06081155
0.065299146,0.038798198,0.026500948
-0.0841865,-0.08288683,0.0012996718
-0.063199535,-0.071184784,0.007985249
0.09127394,0.055371534,0.035902407
0.25984767,0.19982141,0.06002626
0.15709701,0.113842145,0.043254867
-0.120959945,-0.12806305,0.007103108
-0.257618,-0.25072882,0.0068891943
-0.07050353,-0.088359945,0.017856412
0.26545352,0.20981914,0.05563438
0.32846847,0.26762453,0.060843945
-0.012341209,-0.037534397,0.025193188
-0.33140042,-0.32655573,0.0048446953
-0.31589925,-0.3147794,0.0011198521
0.113869175,0.074390456,0.03947872
0.45198956,0.38321978,0.06876978
0.29452237,0.24048118,0.054041192
-0.22814937,-0.23845458,0.010305211
-0.5286481,-0.5160271,0.0126209855
-0.12862109,-0.11873711,0.0098839775
0.17108491,0.12100049,0.05008442
0.2311914,0.173708,0.05748339
0.07412839,0.043143447,0.030984942
-0.16035317,-0.15937401,0.0009791553
-0.16577359,-0.167721,0.0019474179
0.099088565,0.061759677,0.037328888
0.31217483,0.25030556,0.061869264
0.22983387,0.17902924,0.05080463
-0.13028839,-0.1421109,0.011822507
-0.35275328,-0.34367374,0.009079546
-0.17536433,-0.18623576,0.010871425
0.25147372,0.19912171,0.05235201
0.41512886,0.3487649,0.06636396
0.0500363,0.017290363,0.032745935
-0.4112016,-0.40479296,0.006408632
-0.44071886,-0.43372184,0.006997019
0.0266567,-0.005931857,0.032588556
0.48622942,0.41740012,0.0688293
0.2630944,0.21260993,0.050484464
0.022813534,0.0011757837,0.02163775
-0.1579365,-0.15356135,0.004375145
-0.071588404,-0.083988406,0.012400001
0.18288298,0.13458833,0.04829465
0.294832,0.23391819,0.0609138
0.12015011,0.08189441,0.0382557
-0.21009095,-0.21126811,0.0011771619
-0.2800409,-0.27624795,0.0037929416
0.03967793,0.00804764,0.03163029
0.3728542,0.30815554,0.06469867
0.31869718,0.26064056,0.058056623
-0.10557061,-0.123559445,0.017988838
-0.4425094,-0.43156096,0.010948449
-0.22320299,-0.23344636,0.010243371
0.20485309,0.15759188,0.04726121
0.49220857,0.4220566,0.070151985
0.13943467,0.098659106,0.04077556
-0.42298818,-0.4201538,0.0028343797
-0.51304793,-0.50492424,0.008123696
-0.20988666,-0.19739465,0.012492001
0.22951207,0.17366505,0.05584702
0.22827713,0.174981,0.053296134
-0.02979049,-0.04853616,0.018745668
-0.25542864,-0.2486602,0.0067684352
-0.17308299,-0.17900118,0.00591819
0.16350181,0.11889813,0.044603683
0.3703814,0.3049028,0.06547862
0.1269606,0.08762466,0.039335944
-0.2278909,-0.23301172,0.0051208287
-0.39509162,-0.38646248,0.008629143
-0.049184535,-0.073961094,0.02477656
0.3921951,0.32847902,0.063716084
0.3608566,0.30104488,0.05981171
-0.04777553,-0.07304579,0.02527026
-0.50389767,-0.49323675,0.010660917
-0.35340306,-0.35636932,0.002966255
0.22465442,0.17647699,0.048177436
0.5473263,0.47563836,0.07168797
0.18844299,0.14400885,0.044434145
-0.072012365,-0.08320587,0.011193506
-0.2116215,-0.207097,0.004524499
-0.00466613,-0.029085651,0.02441952
0.2499072,0.19511084,0.054796353
0.31004122,0.2500818,0.05995941
-0.0034830605,-0.028729016,0.025245955
-0.33238637,-0.32515976,0.007226616
-0.23563933,-0.2404723,0.004832968
0.11195111,0.07271063,0.03924048
0.43136317,0.36332595,0.06803721
0.21224573,0.1650275,0.047218233
-0.28767768,-0.29179037,0.0041126907
-0.49878022,-0.486822,0.011958212
-0.16257404,-0.17981154,0.0172375
0.38002014,0.31941313,0.060607016
0.46250966,0.39655188,0.065957785
-0.06662432,-0.09186576,0.025241442
-0.5306155,-0.52237123,0.008244276
-0.48837754,-0.48471183,0.0036657155
0.7284541,0.64566916,0.08278495
0.30340576,0.24115133,0.06225443
0.2183679,0.16830243,0.050065473
-0.1102198,-0.122414075,0.012194276
-0.31740966,-0.30921134,0.008198321
-0.093067,-0.11083728,0.017770283
0.29502457,0.2379037,0.057120875
0.39496624,0.32942754,0.065538704
0.053744934,0.021060713,0.032684222
-0.3818225,-0.37610102,0.0057214797
-0.3598074,-0.35803878,0.0017686188
0.11945071,0.079358205,0.040092506
0.4674571,0.39917693,0.06828016
0.31487802,0.26000246,0.054875553
-0.25600502,-0.26607826,0.010073245
-0.5793861,-0.56612355,0.01326257
-0.293916,-0.30344662,0.009530634
0.3345706,0.2789546,0.05561599
0.557238,0.48669666,0.07054132
-0.009734025,-0.040122163,0.030388137
-0.1867704,-0.18797503,0.0012046397
-0.2475065,-0.24446225,0.0030442476
0.04340451,0.01199849,0.03140602
0.35173637,0.2880471,0.06368926
0.2519551,0.19995116,0.052003935
-0.09116916,-0.10935853,0.018189363
-0.4085627,-0.39840958,0.010153115
-0.20483653,-0.21540198,0.010565445
0.2730667,0.21968774,0.053378955
0.45186806,0.38417885,0.06768921
0.13810924,0.09747721,0.040632024
-0.39811808,-0.39581054,0.0023075342
-0.48615274,-0.47857925,0.0075734854
0.024403248,-0.008503869,0.032907117
0.52062595,0.45085976,0.06976619
0.42627355,0.36449853,0.06177503
-0.1901121,-0.20734002,0.017227918
-0.653001,-0.6388349,0.014166117
-0.33168668,-0.34094986,0.009263188
0.759723,0.67715466,0.08256835
0.34774107,0.2833949,0.064346164
0.12544379,0.08649763,0.03894616
-0.2564122,-0.25666657,0.00025436282
-0.3311603,-0.32635143,0.004808873
-0.040676914,-0.065424755,0.024747841
0.37433898,0.31140405,0.062934935
0.34653115,0.28734514,0.05918601
-0.1265291,-0.14435986,0.01783076
-0.49579415,-0.48394883,0.01184532
-0.33245373,-0.33579272,0.0033389926
0.21838848,0.17049637,0.04789211
0.52893144,0.45776647,0.071164966
0.14452514,0.10340631,0.04111883
-0.37833622,-0.38116792,0.0028316975
-0.6031995,-0.5911992,0.012000263
-0.09590574,-0.12091383,0.02500809
0.51771224,0.4505579,0.06715435
0.4627324,0.4003367,0.062395692
-0.12792902,-0.1508799,0.022950888
-0.27572238,-0.2718195,0.0039028823
-0.2128936,-0.21808769,0.005194083
0.17779066,0.1322556,0.045535058
0.4100477,0.342957,0.06709072
0.20582564,0.15907036,0.046755284
-0.26592934,-0.27039948,0.0044701397
-0.44811553,-0.43850052,0.009615004
-0.061003435,-0.08585878,0.024855342
0.36607453,0.30602068,0.060053855
0.44618505,0.38078642,0.06539863
-0.059356965,-0.084629424,0.025272459
-0.5520951,-0.5407807,0.011314392
-0.38575906,-0.38842946,0.0026704073
0.1322894,0.091263555,0.04102584
0.5820214,0.5096856,0.07233584
0.2615562,0.21249524,0.04906097
-0.42710137,-0.42943707,0.0023356974
-0.6986418,-0.6841321,0.014509678
-0.23486839,-0.2518077,0.016939297
0.76373464,0.683242,0.080492616
0.3454752,0.2839131,0.06156209
-0.017786164,-0.043023165,0.025237001
-0.35411415,-0.34888119,0.00523296
-0.33559436,-0.33419988,0.0013944805
0.11714468,0.077391416,0.039753266
0.4705723,0.4012257,0.06934661
0.30466765,0.25026196,0.05440569
-0.24040002,-0.25064325,0.010243237
-0.551541,-0.53871405,0.01282692
-0.18193218,-0.19903369,0.017101511
0.40613398,0.34485865,0.061275333
0.5401711,0.470073,0.07009807
0.036671422,0.0033608198,0.033310603
-0.5722992,-0.56365293,0.00864625
-0.5238336,-0.51993763,0.0038959384
0.14038292,0.099039845,0.04134307
0.6022025,0.53114426,0.07105821
0.38938913,0.33303925,0.056349874
-0.37171546,-0.38003695,0.008321494
-0.3928415,-0.3818483,0.010993183
-0.18887803,-0.1995694,0.010691375
0.26216105,0.20937632,0.052784726
0.4329865,0.36606026,0.06692624
0.04888762,0.016042322,0.0328453
-0.43279737,-0.42607626,0.006721109
-0.46170795,-0.4544559,0.0072520375
0.02609341,-0.0066263876,0.0327198
0.5029837,0.43377632,0.06920737
0.3343628,0.27898276,0.055380046
-0.18024036,-0.19749677,0.017256409
-0.62835044,-0.6144497,0.013900757
-0.3191134,-0.32842728,0.009313881
0.3537134,0.29777843,0.055934966
0.58900905,0.5181286,0.07088047
0.15567909,0.11421962,0.04145947
-0.5536438,-0.5495892,0.004054606
-0.65405434,-0.6449168,0.009137571
0.016926201,-0.016435772,0.03336197
0.7430998,0.66611993,0.076979876
0.33390096,0.27520278,0.058698177
-0.11560783,-0.1334506,0.01784277
-0.4682404,-0.45679823,0.011442184
-0.2363417,-0.24641177,0.010070071
0.21165179,0.16415147,0.047500312
0.5102513,0.4396914,0.07055989
0.14213721,0.10126006,0.040877156
-0.44122124,-0.43818197,0.0030392706
-0.5328494,-0.5245544,0.008295
-0.090978615,-0.11588356,0.024904944
0.5029515,0.43616235,0.06678915
0.4507143,0.38859925,0.062115043
-0.20833983,-0.22535981,0.017019987
-0.66879696,-0.65617126,0.012625694
-0.46360564,-0.46567345,0.0020678043
0.26878893,0.21961609,0.04917285
0.6648299,0.59174323,0.07308668
0.16298704,0.121525064,0.041461974
-0.50459534,-0.50625217,0.0016568303
-0.47946748,-0.46502832,0.014439166
-0.055270832,-0.07999959,0.024728756
0.40842706,0.3442459,0.06418115
0.37406588,0.31391326,0.06015262
-0.05369567,-0.07887629,0.025180615
-0.52812976,-0.51705444,0.011075318
-0.36964384,-0.37238413,0.0027402937
0.23115996,0.18285134,0.04830861
0.5646108,0.4926964,0.071914375
0.25544342,0.20661059,0.048832834
-0.41230983,-0.41466796,0.0023581386
-0.6496598,-0.6371132,0.012546599
-0.10573825,-0.13068247,0.024944216
0.46818504,0.40583217,0.062352866
0.56390435,0.49641904,0.0674853
-0.10236487,-0.12739871,0.025033846
-0.7286375,-0.7158493,0.012788236
-0.50250614,-0.50462514,0.0021190047
0.15507321,0.11358319,0.04149002
0.7357828,0.6613414,0.07444137
0.22726308,0.17902443,0.04823865
-0.30728763,-0.31096405,0.0036764145
-0.5267227,-0.5141669,0.012555838
-0.17306745,-0.19011985,0.017052397
0.3931834,0.3323102,0.06087321
0.47775352,0.4115537,0.06619981
-0.072599925,-0.097705014,0.025105089
-0.55254096,-0.5439673,0.008573651
-0.5070139,-0.5031199,0.003894031
0.13723493,0.09607745,0.041157477
0.6163817,0.5436349,0.07274681
0.38054207,0.32434916,0.056192905
-0.34664363,-0.35577446,0.0091308355
-0.74215543,-0.7273743,0.014781117
-0.24983901,-0.26671177,0.016872764
0.502446,0.43996307,0.062482923
0.66294396,0.59189904,0.07104492
0.028438168,-0.0048122383,0.033250406
-0.71780366,-0.7088774,0.008926272
-0.5824177,-0.56343925,0.018978477
0.12144675,0.08124035,0.040206403
0.48580968,0.41707146,0.06873822
0.32461634,0.26953962,0.05507672
-0.27146533,-0.28119668,0.009731352
-0.6065385,-0.5927518,0.013786674
-0.30799982,-0.31727228,0.009272456
0.34416115,0.28846094,0.055700213
0.5735416,0.50289637,0.07064521
0.03281216,-0.00042792055,0.03324008
-0.61521983,-0.6060627,0.009157121
-0.6375949,-0.6283318,0.009263098
0.016610626,-0.01661111,0.033221737
0.6326247,0.5615009,0.07112378
0.4063101,0.350059,0.05625111
-0.24728744,-0.264135,0.016847566
-0.79815507,-0.7835564,0.014598668
-0.40231913,-0.4116689,0.009349763
0.42452985,0.36841226,0.056117594
0.64499384,0.577595,0.067398846
0.15601593,0.1139282,0.042087734
-0.4225641,-0.41969377,0.0028703213
-0.5125314,-0.5043842,0.00814718
0.021926371,-0.010931625,0.032857995
0.5381789,0.46811548,0.07006344
0.43878165,0.37686837,0.06191328
-0.2008626,-0.21783344,0.016970843
-0.67859197,-0.66400975,0.014582217
-0.34479645,-0.35384017,0.009043723
0.262438,0.21338555,0.049052447
0.64975995,0.5767315,0.073028445
0.15996395,0.11857567,0.04138828
-0.5875021,-0.5832271,0.004275024
-0.6901024,-0.68086576,0.009236634
-0.12439696,-0.14945371,0.025056757
0.61181784,0.5444585,0.06735933
0.5390337,0.4768697,0.06216401
-0.26484635,-0.28183413,0.01698777
-0.8105391,-0.7985438,0.011995316
-0.6624135,-0.6410426,0.021370888
0.22453168,0.1764301,0.048101574
0.5481861,0.47656682,0.0716193
0.14584135,0.10471622,0.041125126
-0.39800677,-0.4004165,0.0024097264
-0.62976,-0.61725104,0.012508988
-0.10222824,-0.12708752,0.02485928
0.5325458,0.46527544,0.06727037
0.47454852,0.41214553,0.062402993
-0.09910295,-0.12406345,0.024960496
-0.711931,-0.698951,0.012979984
-0.491999,-0.493909,0.001910001
0.2806719,0.23149459,0.049177304
0.6946788,0.62167585,0.073002934
0.30080178,0.25176117,0.049040616
-0.5205749,-0.5227128,0.0021378994
-0.79821587,-0.785896,0.012319863
-0.13121381,-0.15645745,0.02524364
0.5545528,0.4926584,0.061894387
0.57962245,0.51738495,0.0622375
-0.030276688,-0.058285464,0.028008776
-0.58101904,-0.56909573,0.011923313
-0.4055692,-0.40785605,0.0022868514
0.13414821,0.093074955,0.041073255
0.60017055,0.527542,0.07262856
0.26696247,0.21788558,0.049076885
-0.44497764,-0.44697717,0.0019995272
-0.7236714,-0.7087806,0.01489079
-0.24407478,-0.2608405,0.016765729
0.49151763,0.42899674,0.06252089
0.5904689,0.52292204,0.067546844
-0.11104099,-0.1359766,0.02493561
-0.70356655,-0.6943577,0.009208858
-0.6339684,-0.6299779,0.003990531
0.16114265,0.11972992,0.041412726
0.7364473,0.663948,0.072499275
0.44609594,0.39038298,0.055712968
-0.41772705,-0.42734206,0.009615004
-0.8732964,-0.8601625,0.0131338835
-0.7479719,-0.7238881,0.024083793
0.41948232,0.35782552,0.061656803
0.55771726,0.48721066,0.0705066
0.033847973,0.0005804595,0.033267513
-0.59658086,-0.58750606,0.009074807
-0.5446092,-0.5403778,0.0042313933
0.14250325,0.10115394,0.041349307
0.61819696,0.54700786,0.071189106
0.3979593,0.3416247,0.056334585
-0.36900723,-0.3780219,0.009014666
-0.7824798,-0.76760966,0.014870167
-0.39512473,-0.4042746,0.009149879
0.4162625,0.36001432,0.056248188
0.690159,0.61932254,0.070836484
0.027879883,-0.0052856747,0.03316556
-0.7453773,-0.7367999,0.008577406
-0.7599397,-0.75175726,0.008182406
0.019957362,-0.013470957,0.03342832
0.7375465,0.66783,0.06971651
0.37543136,0.32493803,0.05049333
-0.14078164,-0.16159199,0.02081035
-0.6556121,-0.6412683,0.014343798
-0.3333413,-0.34247777,0.009136468
0.36320937,0.30705988,0.056149483
0.60526353,0.5341207,0.07114285
0.15748517,0.11601732,0.041467853
-0.57249546,-0.5681979,0.0042975545
-0.6742001,-0.6648468,0.00935334
0.015924739,-0.01739553,0.03332027
0.66149986,0.590306,0.071193874
0.52908504,0.46667242,0.06241262
-0.26000464,-0.27689403,0.016889393
-0.8319917,-0.8176695,0.014322162
-0.4178307,-0.4274008,0.009570092
0.31031203,0.26134,0.04897204
0.7626165,0.6906483,0.0719682
0.18240894,0.14141592,0.04099302
-0.6826946,-0.68004423,0.0026503801
-0.7902016,-0.7833392,0.006862402
-0.81343746,-0.78816825,0.02526921
0.51809245,0.45089835,0.067194104
0.46293664,0.40051916,0.062417477
-0.21779701,-0.23475339,0.016956374
-0.69133925,-0.67848,0.012859225
-0.47861394,-0.4805701,0.0019561648
0.27475774,0.22547747,0.04928027
0.6805671,0.6073386,0.07322848
0.16523416,0.123774804,0.04145936
-0.509396,-0.5114411,0.002045095
-0.78303057,-0.77043253,0.012598038
-0.12930928,-0.15451947,0.025210187
0.6358138,0.5686232,0.06719059
0.55868405,0.496755,0.061929047
-0.123766966,-0.14888407,0.025117107
-0.8363031,-0.82493895,0.011364162
-0.5689678,-0.57240963,0.0034418106
0.32771733,0.27910247,0.04861486
0.7974485,0.72666615,0.07078236
0.25660798,0.21273535,0.043872625
-0.3583078,-0.3653658,0.0070579946
-0.67162836,-0.6589288,0.012699544
-0.11019036,-0.1352214,0.025031045
0.48002842,0.41742915,0.06259927
0.5774237,0.50972646,0.06769723
-0.10661673,-0.13168536,0.025068633
-0.7475365,-0.7347068,0.012829661
-0.619921,-0.6158593,0.004061699
0.15812093,0.116572015,0.041548915
0.72285587,0.6499603,0.07289559
0.31190848,0.26290864,0.048999846
-0.53980184,-0.5423098,0.0025079846
-0.86002886,-0.8464325,0.013596356
-0.28520647,-0.30278134,0.017574877
0.57365954,0.51208645,0.06157309
0.6815476,0.6156041,0.06594348
-0.12709561,-0.15245274,0.025357127
-0.7958459,-0.7894313,0.006414652
-0.706757,-0.7057133,0.0010437369
1.026322,0.94690627,0.07941574
0.63278323,0.5597015,0.07308173
0.3894562,0.33304286,0.056413352
-0.35706243,-0.3662499,0.00918746
-0.7614503,-0.7466978,0.014752507
-0.2561167,-0.27309975,0.016983062
0.5134613,0.4508439,0.06261739
0.676689,0.60555845,0.071130574
0.02842627,-0.004895027,0.033321295
-0.7307858,-0.722057,0.008728802
-0.6561115,-0.6526596,0.0034518838
0.16836663,0.12688382,0.041482806
0.725702,0.6554747,0.070227265
0.46106392,0.4056063,0.05545762
-0.42841202,-0.43853578,0.0101237595
-0.8947829,-0.8826798,0.012103081
-0.44267818,-0.45362747,0.010949284
0.47861636,0.4237247,0.054891646
0.7811303,0.713146,0.06798434
-0.022521967,-0.05306457,0.030542603
-0.5658076,-0.5610565,0.0047510862
-0.65433407,-0.6451743,0.009159744
0.016842538,-0.016555317,0.033397853
0.64694023,0.5756503,0.07128996
0.41473785,0.358363,0.056374848
-0.25288147,-0.26987466,0.016993195
-0.81402045,-0.799647,0.014373481
-0.40944135,-0.4189925,0.009551138
0.43278962,0.3766238,0.056165814
0.715005,0.64452195,0.07048303
0.17974907,0.13854347,0.0412056
-0.67235637,-0.66945845,0.0028979182
-0.7796106,-0.77236366,0.0072469115
0.023664238,-0.009944584,0.033608824
0.7595611,0.69050604,0.06905508
0.60286963,0.54243904,0.060430586
-0.28768024,-0.30584672,0.018166482
-0.91980904,-0.90974385,0.010065198
-0.45010874,-0.4622611,0.012152374
1.0334957,0.9562998,0.07719588
0.6648578,0.5916685,0.07318932
0.16309552,0.12156157,0.041533947
-0.60035384,-0.59630007,0.0040537715
-0.7039255,-0.69496256,0.008962929
-0.12616296,-0.15141815,0.025255188
0.6237491,0.55636644,0.06738263
0.5489252,0.4867584,0.06216681
-0.26880622,-0.28601205,0.017205834
-0.822293,-0.8107197,0.011573255
-0.5605333,-0.56380606,0.0032727718
0.32215208,0.27331606,0.048836023
0.7861226,0.71485466,0.07126796
0.18940555,0.14848253,0.040923014
-0.57537407,-0.57954013,0.0041660666
-0.87466455,-0.86574984,0.008914709
-0.13341914,-0.15964016,0.026221022
0.7174803,0.65317494,0.064305365
0.62634546,0.56720054,0.059144914
-0.1698856,-0.19411922,0.02423361
-0.676166,-0.66663074,0.009535253
-0.50202066,-0.5041938,0.0021731257
0.28697076,0.23767777,0.049292997
0.70850325,0.63551795,0.07298529
0.30662474,0.25752163,0.04910311
-0.5290116,-0.5314856,0.00247401
-0.81024414,-0.7983984,0.0118457675
-0.13183327,-0.1573104,0.025477126
0.56411624,0.50229704,0.061819196
0.67107517,0.6047911,0.06628406
-0.12557958,-0.15095836,0.025378779
-0.85579056,-0.84565127,0.0101392865
-0.6992274,-0.69783586,0.00139153
0.1874478,0.14623788,0.04120992
0.81842893,0.74866015,0.06976879
0.35416964,0.30658606,0.04758358
-0.5878342,-0.5934697,0.0056355
-0.93122274,-0.92294365,0.008279085
-0.294077,-0.31390983,0.01983282
1.0063267,0.9328498,0.07347685
0.6034271,0.5358506,0.06757653
-0.11299331,-0.13809676,0.025103457
-0.7157781,-0.7069767,0.008801401
-0.64378715,-0.64022464,0.00356251
0.16510366,0.12359061,0.041513048
0.7489817,0.67667955,0.07230216
0.45367858,0.39804322,0.055635363
-0.4221594,-0.4321708,0.010011405
-0.8827779,-0.8703399,0.012438059
-0.2897829,-0.30788577,0.018102854
0.5915055,0.53057927,0.06092626
0.77080387,0.7023658,0.06843805
0.0360996,0.0028400822,0.03325952
-0.80801976,-0.80309504,0.0049247146
-0.71491504,-0.7153171,0.00040203333
0.20007324,0.15909728,0.040975958
0.80789405,0.74162805,0.066266
0.5143426,0.46147418,0.052868426
-0.46601027,-0.47866192,0.012651652
-0.8239833,-0.8079402,0.016043127
-0.4014887,-0.41093212,0.009443432
0.42456198,0.3683738,0.056188166
0.7023854,0.631777,0.07060844
0.029131183,-0.0041407817,0.033271965
-0.7550726,-0.7470781,0.007994473
-0.76868135,-0.7611423,0.007539034
0.022231879,-0.011357753,0.03358963
0.74838835,0.6790213,0.06936705
0.47521082,0.4203314,0.054879427
-0.28532284,-0.30335236,0.018029511
-0.91115254,-0.90057826,0.010574281
-0.44741744,-0.4592863,0.011868864
0.49268004,0.43842402,0.054256022
0.79954326,0.7327923,0.06675094
0.2075843,0.16722275,0.040361553
-0.7185115,-0.720151,0.0016394854
-0.8253919,-0.8237868,0.0016050935
0.04632731,0.012253315,0.034073997
0.9519563,0.8831391,0.0688172
0.54214656,0.47973806,0.062408507
-0.26404676,-0.28113365,0.017086893
-0.84442264,-0.8306768,0.013745844
-0.42267796,-0.43262812,0.009950161
0.31633934,0.26745656,0.048882782
0.77420735,0.70267725,0.0715301
0.18610258,0.145132,0.04097058
-0.6887606,-0.68680125,0.0019593239
-0.79630804,-0.79028064,0.0060274005
-0.13386238,-0.1599546,0.026092216
0.7082421,0.64356655,0.06467557
0.61860627,0.559107,0.059499264
-0.28907794,-0.3078927,0.018814772
-0.8910441,-0.8845504,0.0064936876
-0.5951153,-0.6023085,0.0071932077
0.36748514,0.32021648,0.04726866
0.864227,0.7978429,0.06638408
0.21975075,0.17974174,0.040009007
-0.60263187,-0.6112479,0.00861603
-0.89927197,-0.88136727,0.017904699
-0.13058051,-0.1559042,0.025323689
0.6468934,0.58007526,0.06681812
0.5678041,0.50623614,0.061567962
-0.12461282,-0.14986283,0.025250003
-0.8457854,-0.8351649,0.010620475
-0.57387304,-0.57790416,0.0040311217
0.3335989,0.28515887,0.04844004
0.80782956,0.7376774,0.07015216
0.3489317,0.30120334,0.04772836
-0.5841996,-0.5893966,0.0051969886
-0.88715094,-0.8799096,0.0072413683
-0.13048644,-0.15712595,0.026639506
0.63206947,0.57326025,0.05880922
0.7431383,0.6808116,0.06232673
-0.12107434,-0.14762144,0.026547097
-0.899959,-0.89629734,0.0036616921
-0.7233305,-0.72769815,0.0043676496
0.22326635,0.18273304,0.040533304
0.91921335,0.85398036,0.06523299
0.33302101,0.28337502,0.04964599
-0.5481381,-0.55096364,0.0028255582
-0.87196195,-0.8589859,0.01297605
-0.28772467,-0.30555183,0.017827153
0.5826106,0.52148485,0.061125755
0.6911035,0.6257388,0.06536472
-0.12703092,-0.15254906,0.025518134
-0.80195826,-0.7964095,0.005548775
-0.710738,-0.71054256,0.00019544363
0.1957001,0.15470953,0.04099056
0.83793694,0.7695451,0.06839186
0.5080902,0.45494154,0.053148657
-0.44717926,-0.46008447,0.01290521
-0.9382603,-0.9320647,0.006195605
-0.29092118,-0.3116102,0.02068901
0.6534208,0.5961447,0.05727613
0.83949643,0.77625734,0.0632391
0.059011932,0.025462836,0.033549096
-0.8254603,-0.8276964,0.0022360682
-0.9955648,-0.97492903,0.020635784
0.17183705,0.13051245,0.0413246
0.7372763,0.6676229,0.06965339
0.46808594,0.41304737,0.05503857
-0.4330827,-0.44352618,0.010443479
-0.9039748,-0.89267695,0.011297822
-0.44549665,-0.45690542,0.011408776
0.48565158,0.43119276,0.054458827
0.79039866,0.723193,0.06720567
0.040086836,0.006875164,0.03321167
-0.81830853,-0.81489867,0.0034098625
-0.82333195,-0.8208937,0.0024382472
0.042546585,0.008594282,0.033952303
0.8244355,0.75966465,0.06477082
0.5261112,0.474178,0.0519332
-0.28499904,-0.30559915,0.02060011
-0.94139785,-0.9384314,0.0029664636
-0.44409266,-0.46031076,0.016218096
0.54320896,0.4921199,0.05108905
0.7921392,0.7335246,0.058614552
0.20978577,0.16736734,0.042418435
-0.6820804,-0.6795398,0.0025405884
-0.7894601,-0.7827352,0.006724894
0.025389016,-0.008163118,0.033552133
0.77000076,0.70164895,0.068351805
0.6108052,0.55097735,0.059827864
-0.28906476,-0.30749148,0.018426716
-0.92611754,-0.9170295,0.009088039
-0.45113885,-0.46384165,0.012702793
0.36177474,0.31436813,0.047406614
0.85606295,0.7890765,0.06698644
0.21534774,0.17531163,0.040036112
-0.7219266,-0.72515374,0.0032271147
-0.82782286,-0.8281484,0.00032556057
-0.11736682,-0.14518528,0.027818456
0.7712632,0.71138746,0.059875727
0.6722917,0.61709297,0.05519873
-0.2763162,-0.29826096,0.021944761
-0.8951896,-0.8971963,0.0020067096
-1.0494771,-1.0285869,0.020890236
0.32768685,0.2791505,0.04853636
0.79760873,0.72699916,0.07060957
0.1924138,0.15174772,0.04066609
-0.5812447,-0.5857972,0.0045524836
-0.8826271,-0.87443924,0.00818789
-0.13266371,-0.15899529,0.026331574
0.7261693,0.6625907,0.063578606
0.6335581,0.57508487,0.05847323
-0.12361039,-0.1498473,0.026236907
-0.89923805,-0.89447105,0.0047670007
-0.59697074,-0.60544634,0.008475602
0.3784132,0.33172688,0.04668632
0.8796701,0.8149007,0.06476939
0.38950634,0.34390044,0.045605898
-0.5903468,-0.60081404,0.010467231
-0.89915055,-0.8999835,0.0008329749
-0.10495539,-0.13365251,0.028697118
0.68414634,0.6298185,0.054327846
0.70316356,0.6492876,0.053875983
-0.07037975,-0.09854321,0.028163463
-0.8668545,-0.8571446,0.009709895
-0.70690495,-0.7059178,0.0009871721
0.191148,0.15014863,0.040999368
0.8287134,0.7596896,0.06902379
0.35904282,0.31185025,0.047192574
-0.59152,-0.59764075,0.0061207414
-0.9366669,-0.92928094,0.007385969
-0.29350245,-0.31365275,0.020150304
0.64666194,0.58890116,0.057760775
0.7580191,0.6970135,0.061005592
-0.11680295,-0.14368474,0.026881792
-0.8269232,-0.8279824,0.0010592341
-0.7219402,-0.7280342,0.006093979
0.2329282,0.19265693,0.040271267
0.8996527,0.8373692,0.062283516
0.55336076,0.5037151,0.049645662
-0.43110287,-0.44882235,0.017719477
-0.9276736,-0.9309565,0.0032829046
-1.1102766,-1.0889612,0.021315336
0.60028476,0.53978807,0.060496688
0.78117025,0.71332145,0.0678488
0.037367165,0.004244498,0.033122666
-0.81531125,-0.8108921,0.004419148
-0.720044,-0.7209543,0.00091028214
0.038597047,0.00480146,0.033795588
0.8166914,0.7511874,0.065504014
0.5202593,0.46792173,0.052337587
-0.448032,-0.46180353,0.013771534
-0.9433413,-0.93900126,0.0043400526
-0.44798014,-0.46337453,0.01539439
0.537382,0.48588526,0.051496744
0.85315865,0.79148734,0.061671317
0.06655239,0.03296265,0.033589743
-0.8206545,-0.82493216,0.0042776465
-0.8174526,-0.82309467,0.0056420565
0.077982485,0.043300115,0.03468237
0.87574226,0.81731224,0.058430016
0.4672606,0.42195642,0.04530418
-0.2146924,-0.23627326,0.02158086
-0.9208216,-0.9106781,0.010143518
-0.45073783,-0.46282235,0.012084514
0.49949402,0.4456142,0.053879827
0.8087693,0.7426475,0.06612176
0.211051,0.17091846,0.040132537
-0.7222439,-0.7243988,0.0021548867
-0.8288492,-0.82791257,0.0009366274
0.04951389,0.015487405,0.03402649
0.8399288,0.77651006,0.063418746
0.6666512,0.61080724,0.05584395
-0.2808009,-0.30209294,0.02129203
-0.94063133,-0.9397291,0.0009022355
-0.4383374,-0.45569155,0.01735416
0.40554258,0.36019787,0.04534471
0.9110232,0.850492,0.0605312
0.25132242,0.21222338,0.039099038
-0.700724,-0.7116004,0.010876417
-0.80036676,-0.80961955,0.009252787
-1.1417416,-1.1215861,0.020155549
0.7176416,0.65336937,0.064272225
0.62641144,0.567313,0.059098423
-0.29041457,-0.30934733,0.01893276
-0.8971467,-0.89118737,0.005959332
-0.59767956,-0.60526013,0.0075805783
0.37281248,0.32582942,0.046983063
0.87264323,0.8069538,0.065689445
0.22354454,0.18375012,0.039794415
-0.5934525,-0.6028857,0.00943321
-0.9028529,-0.90216726,0.0006856322
-0.11025337,-0.13851441,0.028261043
0.7840936,0.72553235,0.058561265
0.6835609,0.62952894,0.054031968
-0.09823656,-0.12642892,0.028192356
-0.8884134,-0.89258397,0.004170537
-0.5720439,-0.5870699,0.015026033
0.42150927,0.37704727,0.044461995
0.9251425,0.86736435,0.05777818
0.33669126,0.29593658,0.040754676
-0.49240178,-0.5022258,0.009824038
-0.8937598,-0.88701683,0.0067429543
-0.12935491,-0.1560835,0.026728585
0.6396505,0.5812347,0.05841583
0.75103456,0.6892129,0.06182164
-0.11963714,-0.14625065,0.026613511
-0.9030018,-0.89999515,0.003006637
-0.7243795,-0.7293139,0.00493443
0.2277225,0.18735129,0.04037121
0.893775,0.830455,0.06331998
0.39941588,0.35435614,0.04505974
-0.5853464,-0.5972286,0.011882186
-0.93406504,-0.9356653,0.0016002655
-0.26631376,-0.29016185,0.023848087
0.6949663,0.6418225,0.0531438
0.80410886,0.7488803,0.05522853
-0.082601644,-0.11174543,0.029143788
-0.79267925,-0.8028798,0.01020056
-0.6799309,-0.69442946,0.014498532
1.1517419,1.0902874,0.061454415
0.8474893,0.7795411,0.06794822
0.51436234,0.46149337,0.052868962
-0.4481999,-0.46142298,0.013223082
-0.94194126,-0.93641686,0.005524397
-0.28962952,-0.31057,0.020940483
0.6602606,0.603422,0.05683863
0.8468219,0.7841933,0.06262863
0.062391963,0.028868357,0.033523604
-0.82399416,-0.8269665,0.0029723644
-0.716606,-0.72446734,0.007861316
0.07256539,0.038021546,0.034543846
0.87088406,0.8114347,0.059449375
0.56341094,0.5146613,0.048749626
-0.42152467,-0.44050545,0.018980771
-0.91631645,-0.9220209,0.0057044625
-0.40991074,-0.4309446,0.021033853
0.58001775,0.53227097,0.047746778
0.89167756,0.83695006,0.054727495
0.046301242,0.013349895,0.032951348
-0.7339582,-0.73490554,0.0009473562
-0.8263424,-0.82455236,0.0017900467
0.045983575,0.011962392,0.034021184
0.8324595,0.76819235,0.06426716
0.53196573,0.48034793,0.0516178
-0.28318876,-0.30407634,0.020887583
-0.94180036,-0.93965167,0.0021486878
-0.44177943,-0.45844114,0.016661704
0.5489374,0.49822176,0.050715625
0.8650135,0.80483234,0.06018114
0.24660686,0.2073477,0.03925915
-0.7060361,-0.7157347,0.009698629
-0.80677587,-0.81465316,0.00787729
0.08910112,0.054199006,0.034902114
0.88492966,0.82815194,0.056777716
0.70701027,0.6562691,0.050741196
-0.23992641,-0.26538324,0.02545683
-0.8900177,-0.90004396,0.010026276
-0.38591364,-0.40935695,0.023443311
1.1389598,1.0804868,0.05847299
0.864466,0.7979797,0.0664863
0.21962242,0.17962053,0.040001884
-0.7221984,-0.7261263,0.0039278865
-0.82772934,-0.82886004,0.0011307001
-0.11377674,-0.1418296,0.028052852
0.7778509,0.71849763,0.059353292
0.67810863,0.62337214,0.054736495
-0.27283934,-0.2951409,0.022301555
-0.89207095,-0.89500064,0.0029296875
-0.57686365,-0.5909888,0.014125168
0.41636276,0.37153718,0.044825584
0.92047286,0.8616934,0.058779478
0.2615999,0.22267736,0.038922533
-0.55680454,-0.5733482,0.016543686
-0.85897326,-0.8686872,0.009713948
-0.06413089,-0.09509453,0.030963644
0.82126534,0.7690588,0.052206516
0.71835023,0.6697481,0.048602104
-0.094308056,-0.12428392,0.029975861
-0.83480126,-0.83360314,0.001198113
-0.59580225,-0.60499114,0.00918889
0.38402718,0.3374839,0.04654327
0.8867485,0.82258797,0.064160526
0.39464006,0.3492145,0.045425564
-0.5874644,-0.5986575,0.011193097
-0.8960703,-0.8979331,0.001862824
-0.10010075,-0.129079,0.02897825
0.68966,0.635824,0.053835988
0.7992356,0.74315876,0.056076825
-0.08738647,-0.116291694,0.028905228
-0.8742373,-0.88114834,0.0069110394
-0.6865845,-0.6999996,0.013415098
0.27085412,0.23120497,0.039649144
0.93213457,0.8762534,0.055881143
0.4383676,0.39583603,0.04253158
-0.5317312,-0.55127764,0.01954645
-0.86742693,-0.8805385,0.013111591
-0.20813198,-0.23663571,0.02850373
1.0928249,1.0379931,0.054831862
0.765909,0.7053715,0.060537517
-0.11311457,-0.1403414,0.027226828
-0.82454926,-0.8266844,0.0021351576
-0.7184511,-0.7255288,0.007077694
0.23831135,0.19804485,0.0402665
0.905362,0.8437956,0.061566412
0.55850405,0.50922096,0.049283087
-0.4257036,-0.44411346,0.018409878
-0.92117065,-0.92568976,0.004519105
-0.2533937,-0.27847365,0.025079936
0.70446455,0.6526144,0.05185014
0.88773614,0.83204436,0.05569178
0.102676116,0.0683233,0.034352817
-0.77328354,-0.7862192,0.012935638
-0.65965956,-0.6766229,0.016963363
0.120998524,0.08543834,0.035560183
0.90102714,0.84902626,0.05200088
0.5978487,0.55335087,0.044497848
-0.37455034,-0.39966393,0.025113583
-0.9740167,-0.9697948,0.004221916
-0.4440155,-0.46020067,0.016185164
0.54324645,0.492091,0.051155448
0.85892034,0.7979679,0.060952425
0.07161654,0.037825283,0.033791255
-0.81500995,-0.82055074,0.005540788
-0.81088555,-0.8177993,0.006913781
0.08403868,0.049158428,0.034880254
0.88017195,0.8225176,0.05765438
0.5728021,0.52503866,0.047763467
-0.2454875,-0.27053434,0.02504684
-0.897416,-0.906213,0.00879699
-0.39293176,-0.4157241,0.02279234
0.58927846,0.5425471,0.046731353
0.8971901,0.8443775,0.052812576
0.2884943,0.2501331,0.03836119
-0.6379937,-0.65707344,0.019079745
-0.72877204,-0.74732023,0.01854819
0.14212188,0.10620889,0.03591299
1.0613977,1.009732,0.051665664
0.6763353,0.6208924,0.05544287
-0.27602553,-0.29798806,0.021962523
-0.93519694,-0.9358542,0.0006572604
-0.4321424,-0.45041102,0.018268615
0.41118085,0.3660431,0.045137763
0.9154457,0.8558063,0.059639394
0.25685552,0.2177567,0.039098814
-0.69208026,-0.70425934,0.012179077
-0.79044664,-0.80114704,0.010700405
-0.070127554,-0.10086672,0.030739166
0.81734484,0.764314,0.05303085
0.71457666,0.6652498,0.049326837
-0.2238529,-0.25063848,0.026785582
-0.8261243,-0.84024745,0.014123142
-0.51092887,-0.53309965,0.022170782
0.45786926,0.4156397,0.042229563
0.9431524,0.892539,0.050613403
0.3054033,0.26743895,0.037964344
-0.4862762,-0.5109401,0.024663866
-1.0192082,-1.015889,0.0033191442
-0.104562834,-0.13331106,0.02874823
0.7893996,0.7316246,0.05777502
0.68844247,0.635056,0.05338645
-0.09212317,-0.12081629,0.028693117
-0.87973034,-0.88558215,0.005851805
-0.5632859,-0.5795444,0.016258538
0.4270941,0.38286945,0.04422465
0.92826504,0.8714767,0.056788325
0.4337287,0.39083323,0.042895466
-0.539348,-0.55811983,0.018771827
-0.8371353,-0.85001326,0.012877941
-0.0484986,-0.08032102,0.03182242
0.7244957,0.6762078,0.048287928
0.8276571,0.7783976,0.049259484
-0.03333435,-0.06506074,0.031726394
-0.7879754,-0.8065104,0.018535018
-0.60065216,-0.6237875,0.023135364
0.3187675,0.28006095,0.03870654
0.9772982,0.929457,0.04784119
0.42319137,0.37775704,0.045434326
-0.5792481,-0.5923472,0.013099134
-0.9264416,-0.92982864,0.003387034
-0.259108,-0.28374487,0.024636865
0.69964015,0.64719385,0.052446306
0.8079137,0.7535548,0.0543589
-0.07537896,-0.10505967,0.029680707
-0.7814456,-0.7933274,0.011881769
-0.66826963,-0.68428564,0.016016006
0.2827227,0.24323708,0.039485633
0.9374924,0.88373846,0.053753912
0.59395975,0.54890263,0.045057118
-0.36559772,-0.39037973,0.024782002
-0.8404726,-0.85693115,0.016458571
-0.18857786,-0.2184437,0.029865846
0.73389435,0.6878603,0.046034038
0.9062354,0.85848737,0.04774803
0.15549871,0.12025536,0.035243355
-0.67347205,-0.6973831,0.023911059
-1.0861002,-1.083222,0.002878189
0.07850988,0.043747745,0.034762137
0.87540686,0.8169842,0.058422685
0.5680923,0.519886,0.04820627
-0.41386402,-0.4338967,0.020032674
-0.9059319,-0.91352355,0.007591665
-0.40066323,-0.42278618,0.02212295
0.5846933,0.5374755,0.047217786
0.89418757,0.840504,0.05368358
0.11499239,0.08034953,0.03464286
-0.7517259,-0.76759434,0.015868425
-0.74032956,-0.75775754,0.01742798
0.13522424,0.09934667,0.03587757
0.904899,0.85497206,0.049926937
0.605099,0.56175154,0.043347478
-0.17986646,-0.20964386,0.029777393
-0.79723775,-0.8182503,0.021012545
-0.31100738,-0.3404373,0.029429913
0.6206738,0.5785304,0.042143404
0.84647024,0.80258286,0.043887377
0.28269738,0.24253762,0.040159762
-0.6991108,-0.710227,0.011116207
-0.79853743,-0.8080434,0.009505987
0.095566034,0.060443997,0.035122037
0.8134732,0.7596996,0.05377364
0.7107559,0.6607973,0.049958587
-0.23164114,-0.25790593,0.026264787
-0.8773353,-0.8892915,0.011956215
-0.37531847,-0.39986408,0.02454561
0.45281187,0.41024682,0.042565048
0.94149876,0.88991106,0.0515877
0.29968658,0.26156014,0.03812644
-0.61398506,-0.6356932,0.02170813
-0.70173573,-0.7232438,0.021508038
-0.0072226087,-0.040835172,0.033612564
0.8380097,0.7921485,0.045861244
0.7371627,0.69391143,0.043251276
-0.14949787,-0.18100195,0.03150408
-0.7109902,-0.73693806,0.025947869
-1.1033221,-1.1026489,0.00067329407
0.4216676,0.37719852,0.04446909
0.92441845,0.8667838,0.05763465
0.2668277,0.22801463,0.03881307
-0.5485497,-0.5663236,0.017773867
-0.8485464,-0.860028,0.011481643
-0.056470845,-0.08792811,0.031457264
0.82431096,0.77307844,0.051232517
0.72150606,0.6737068,0.04779923
-0.04152771,-0.07292085,0.03139314
-0.8022809,-0.81946,0.017179072
-0.48911777,-0.51346236,0.024344593
0.46768793,0.42619488,0.04149306
0.94591683,0.8974899,0.048426926
0.4707116,0.43069708,0.040014505
-0.4524823,-0.47944978,0.026967466
-0.72807854,-0.7527091,0.024630547
0.020170905,-0.014427338,0.034598242
0.7454035,0.7033343,0.042069256
0.7566829,0.71562487,0.041058004
-0.019623173,-0.05069459,0.031071415
-0.8671089,-0.87555677,0.0084478855
-0.67882437,-0.6935535,0.014729142
0.27648303,0.23695396,0.03952907
0.9352048,0.8804789,0.054725885
0.44299725,0.4008448,0.042152435
-0.5223167,-0.54306656,0.020749867
-0.85532355,-0.8702285,0.014904976
-0.19905831,-0.2283024,0.029244095
0.731109,0.6843637,0.0467453
0.8322001,0.7848104,0.047389686
-0.017878044,-0.050292496,0.03241445
-0.6890301,-0.7116232,0.022593081
-0.5745899,-0.6002176,0.025627673
0.3307474,0.29235062,0.038396776
0.9470036,0.9018825,0.045121074
0.621067,0.58075196,0.040315032
-0.27638027,-0.307603,0.03122273
-0.71346503,-0.74205965,0.028594613
-1.1282928,-1.1296604,0.001367569
0.7090488,0.6579737,0.0510751
0.8915556,0.8369119,0.05464369
0.10801161,0.07359371,0.034417897
-0.76490086,-0.7792139,0.014313042
-0.6507414,-0.6689673,0.018225908
0.12730788,0.09163396,0.035673916
0.90354013,0.8526281,0.050912023
0.60150385,0.55762935,0.043874502
-0.3474808,-0.37379345,0.02631265
-0.81526417,-0.83467066,0.019406497
-0.32468402,-0.35322732,0.028543293
0.6172116,0.574498,0.042713583
0.90831804,0.8626929,0.04562515
0.16917758,0.13380738,0.0353702
-0.6437831,-0.67037976,0.026596665
-0.62674576,-0.65492016,0.0281744
0.19514236,0.15861623,0.03652613
0.9097444,0.86823976,0.04150462
0.5403649,0.5024458,0.037919104
-0.161764,-0.18934746,0.027583465
-0.8904991,-0.9006228,0.01012367
-0.38620713,-0.40971157,0.023504436
0.5936561,0.5475309,0.046125233
0.900198,0.84843683,0.05176115
0.29345977,0.25529417,0.0381656
-0.6287416,-0.64899623,0.020254612
-0.718256,-0.7381628,0.019906819
0.14855509,0.112561695,0.03599339
0.8368964,0.79011667,0.04677975
0.7353436,0.6913349,0.044008672
-0.16182722,-0.19263765,0.03081043
-0.768549,-0.79244536,0.023896337
-0.2888107,-0.31974414,0.03093344
0.491164,0.4516577,0.039506286
0.94588476,0.90307254,0.04281223
0.34559742,0.30883697,0.03676045
-0.49949455,-0.53062093,0.03112638
-0.5747024,-0.60679936,0.032096982
-1.1212792,-1.1257061,0.004426837
0.82140785,0.76924896,0.052158892
0.718411,0.6698539,0.048557103
-0.21763676,-0.2448481,0.027211338
-0.81741315,-0.8327907,0.0153775215
-0.5025779,-0.52563256,0.02305466
0.46248537,0.42067853,0.041806847
0.9451758,0.89567995,0.049495876
0.31041348,0.2726678,0.037745684
-0.46753755,-0.493257,0.025719434
-0.7471679,-0.7700809,0.022913039
0.009388554,-0.024760475,0.03414903
0.8410096,0.79705256,0.043957055
0.8386989,0.7959994,0.042699516
0.025842948,-0.008105685,0.033948634
-0.67944056,-0.70808995,0.02864939
-0.38264117,-0.41492778,0.032286614
0.50456375,0.46636853,0.038195223
0.9428922,0.9035202,0.039371967
0.4253968,0.3889847,0.03641209
-0.4330716,-0.45496064,0.021889031
-0.8292159,-0.84320533,0.013989449
-0.04223675,-0.07425515,0.032018404
0.7281351,0.68061125,0.047523856
0.83049756,0.7821581,0.048339486
-0.026888143,-0.058808245,0.0319201
-0.7773593,-0.7971292,0.019769907
-0.59029865,-0.61446166,0.024163008
0.32412905,0.2856539,0.038475156
0.947536,0.9012808,0.04625517
0.47928527,0.44013435,0.039150923
-0.4277798,-0.45653987,0.028760076
-0.7340651,-0.76093304,0.026867926
-0.11613616,-0.14986746,0.033731297
0.7488249,0.7084514,0.040373504
0.8394163,0.7996796,0.039736748
0.05484609,0.020049203,0.034796886
-0.55739427,-0.59046817,0.033073902
-0.44708535,-0.48193872,0.03485337
1.127455,1.0901897,0.0372653
0.94058007,0.88779616,0.052783906
0.59783995,0.5533785,0.04446143
-0.35791886,-0.38325292,0.02533406
-0.8300807,-0.84771025,0.017629564
-0.18071486,-0.21097174,0.030256882
0.73689103,0.6916509,0.045240104
0.90787226,0.8611701,0.046702147
0.16161196,0.12641872,0.035193235
-0.6604144,-0.68544143,0.025027037
-0.5465178,-0.57430136,0.027783573
0.1868835,0.15051219,0.036371306
0.91042376,0.867851,0.042572737
0.6265711,0.58759815,0.038972974
-0.25142887,-0.28400803,0.032579154
-0.67746925,-0.7088004,0.031331122
-0.22163126,-0.25634074,0.034709483
0.640792,0.60326475,0.037527263
0.90320295,0.8664,0.036802948
0.17972971,0.14409852,0.035631195
-0.65356743,-0.6722985,0.018731058
-0.73042893,-0.7488391,0.018410146
0.14152057,0.10566896,0.035851613
0.9070914,0.85812974,0.04896164
0.6085906,0.56586754,0.04272306
-0.17160818,-0.20174342,0.030135244
-0.7844136,-0.806608,0.022194445
-0.30093765,-0.33094734,0.030009687
0.6239585,0.58248436,0.041474164
0.90872264,0.8652187,0.04350394
0.3397835,0.3028994,0.0368841
-0.51554227,-0.5453431,0.029800832
-0.59245855,-0.62308836,0.030629814
0.21116057,0.17466679,0.03649378
0.842621,0.80362725,0.038993776
0.7467644,0.7094168,0.037347615
-0.07065937,-0.10568617,0.035026804
-0.6164703,-0.6521095,0.035639226
-0.17785038,-0.21470594,0.036855564
1.1026763,1.0685035,0.034172773
0.94355726,0.89292824,0.05062902
0.30505478,0.26715067,0.037904114
-0.60276675,-0.62535864,0.022591889
-0.6892584,-0.7117853,0.02252692
0.0008715217,-0.032909002,0.033780523
0.83970636,0.7947698,0.044936538
0.73929363,0.696865,0.042428613
-0.13996576,-0.17182015,0.03185439
-0.6958929,-0.7229783,0.027085423
-0.39665973,-0.42785954,0.031199813
0.5003007,0.46170077,0.03859994
0.9434837,0.9030106,0.040473104
0.3576784,0.32142988,0.036248535
-0.35225856,-0.3858963,0.033637732
-0.60162336,-0.63596386,0.0343405
0.0895092,0.053128522,0.036380675
0.84073186,0.8048684,0.03586346
0.8358419,0.801321,0.034520864
0.06981347,0.033671916,0.036141552
-0.7249122,-0.7444494,0.01953715
-0.4775974,-0.50273013,0.025132746
0.4725095,0.43141413,0.041095376
0.94675726,0.8993511,0.047406137
0.4751277,0.43555135,0.03957635
-0.4398626,-0.46758994,0.027727336
-0.7122887,-0.7380667,0.025777996
0.029285459,-0.0054703387,0.034755796
0.74718446,0.70596635,0.041218102
0.83911407,0.7983749,0.04073918
0.04593585,0.011458281,0.03447757
-0.6403098,-0.67170644,0.031396627
-0.46298432,-0.49662778,0.033643454
0.37417167,0.33730087,0.036870807
0.93861055,0.9016819,0.036928654
0.51246977,0.47695693,0.035512835
-0.30311403,-0.33954114,0.03642711
-0.5726905,-0.6111771,0.0384866
-0.016047323,-0.053665917,0.037618592
1.0514331,1.0201578,0.031275272
0.8350566,0.7884828,0.046573818
-0.008992535,-0.041658204,0.03266567
-0.6735284,-0.69726163,0.023733258
-0.5594603,-0.5860864,0.02662611
0.33708897,0.29891756,0.03817141
0.9465766,0.9025477,0.04402888
0.62391394,0.5842656,0.039648354
-0.26307204,-0.2948874,0.03181535
-0.6942847,-0.7241192,0.029834509
-0.09093403,-0.12570757,0.034773536
0.7509763,0.7123179,0.03865844
0.9042956,0.8663497,0.037945926
0.22409569,0.18857725,0.035518438
-0.5169398,-0.5524983,0.035558462
-0.40864116,-0.44564867,0.03700751
0.25307137,0.21663256,0.036438808
0.8987324,0.86532205,0.03341037
0.6433224,0.6100064,0.033316016
-0.14854723,-0.18691698,0.038369745
-0.82893515,-0.8493051,0.020369947
-0.31137493,-0.34068272,0.029307783
0.6206802,0.5785464,0.042133808
0.90818524,0.8635736,0.044611633
0.17744593,0.1420441,0.035401836
-0.6251852,-0.65299,0.027804792
-0.6076092,-0.6369748,0.0293656
0.20391043,0.16740832,0.036502108
0.9085621,0.8681752,0.040386915
0.6315522,0.59388703,0.03766519
-0.08133209,-0.11588401,0.034551926
-0.6344366,-0.66864264,0.034206033
-0.19077949,-0.22693211,0.036152616
0.6452977,0.6091903,0.03610742
0.89866614,0.8642021,0.03446406
0.3876109,0.35266146,0.03494945
-0.3724237,-0.4112209,0.0387972
-0.43546033,-0.47619218,0.040731847
0.2782135,0.24197368,0.036239818
1.0141535,0.98562145,0.028532028
0.7411066,0.69776314,0.043343484
-0.14942811,-0.18084519,0.03141707
-0.74799746,-0.7734158,0.025418341
-0.27366525,-0.30538732,0.03172207
0.49608713,0.4569939,0.039093226
0.94415194,0.90247136,0.041680574
0.35227457,0.31573674,0.036537826
-0.4797921,-0.5120096,0.032217532
-0.5530866,-0.586401,0.033314407
0.0802611,0.044070136,0.03619096
0.84116673,0.8042053,0.036961436
0.74750507,0.71190494,0.035600126
-0.04405617,-0.08005596,0.03599979
-0.53801847,-0.5763445,0.038326025
-0.26565975,-0.30440408,0.03874433
0.53338104,0.498727,0.03465405
0.9233907,0.8927029,0.030687809
0.4050635,0.37105495,0.034008563
-0.22295779,-0.26385626,0.040898472
-0.84022796,-0.86329293,0.023064971
0.020567996,-0.01398879,0.034556787
0.84123737,0.79820937,0.043027997
0.83855695,0.7967932,0.041763723
0.037162792,0.002858901,0.034303892
-0.6570944,-0.68722475,0.030130327
-0.36405805,-0.39734474,0.03328669
0.50932693,0.471576,0.03775093
0.94015807,0.901965,0.038193047
0.5088174,0.47273263,0.03608474
-0.31786308,-0.35346004,0.035596967
-0.5580629,-0.5952203,0.037157416
0.11189622,0.07502044,0.036875777
0.7534653,0.719278,0.034187317
0.8325462,0.800126,0.03242016
0.12863977,0.09230415,0.036335625
-0.4733963,-0.515663,0.042266726
-0.31244352,-0.35475495,0.04231143
0.42267314,0.3881873,0.034485847
0.93696165,0.9104218,0.026539862
0.5014629,0.4624018,0.03906107
-0.4105438,-0.44048274,0.029938936
-0.7116913,-0.7402397,0.02854836
-0.10207447,-0.13645086,0.03437639
0.74976903,0.71019644,0.039572597
0.8385346,0.79976,0.03877461
0.066697784,0.031565554,0.03513223
-0.5346243,-0.56905156,0.034427285
-0.42545864,-0.46147987,0.036021233
0.38697767,0.3505421,0.036435574
0.93317366,0.89861107,0.034562588
0.6416938,0.60752654,0.03416723
-0.14841087,-0.1860535,0.037642628
-0.52649194,-0.56780785,0.041315913
0.011437343,-0.027090307,0.038527653
0.75285864,0.7214947,0.031363964
0.8847129,0.85620433,0.028508544
0.28943738,0.25436673,0.035070658
-0.3526333,-0.39781943,0.045186132
-0.8707895,-0.8965512,0.025761664
0.19602552,0.15947449,0.03655103
0.9091993,0.867688,0.041511297
0.6291175,0.5907212,0.0383963
-0.23535515,-0.26885343,0.033498272
-0.65388876,-0.6868599,0.032971144
-0.20478232,-0.24034835,0.035566032
0.64313716,0.6062313,0.036905885
0.90057135,0.86484796,0.03572339
0.24068998,0.20509541,0.035594568
-0.47615966,-0.5143377,0.038178056
-0.4549961,-0.49463102,0.039634913
0.270255,0.23382019,0.036434814
0.8931837,0.86204004,0.031143665
0.6462225,0.61429816,0.031924307
0.020367337,-0.017802935,0.03817027
-0.45933762,-0.5046151,0.045277506
-0.06839656,-0.109804355,0.041407794
0.6576101,0.6275575,0.030052602
0.82703936,0.80130196,0.025737405
0.37442315,0.33732742,0.037095726
-0.49699157,-0.5282116,0.031220019
-0.5719588,-0.604138,0.032179236
0.22024935,0.18360457,0.036644787
0.84182346,0.8037727,0.03805077
0.74710935,0.7105381,0.036571264
-0.056710515,-0.092372626,0.03566211
-0.5924684,-0.6296834,0.037214994
-0.16092364,-0.19859576,0.037672117
0.5296031,0.4942896,0.035313517
0.9267269,0.8946339,0.03209299
0.39931718,0.3648354,0.034481764
-0.33393937,-0.37494266,0.041003287
-0.39344755,-0.43663982,0.043192267
0.16520448,0.1274151,0.037789375
0.8287479,0.8003812,0.028366745
0.7447266,0.71657383,0.028152764
0.059374493,0.020085119,0.039289374
-0.36282215,-0.41135052,0.048528373
-0.8562401,-0.885261,0.029020905
0.5048221,0.4665756,0.038246483
0.9416793,0.90232724,0.03935206
0.36385155,0.32769656,0.036154985
-0.33533886,-0.3701219,0.034783036
-0.5801337,-0.61605275,0.03591907
0.10065119,0.0638899,0.03676129
0.83947825,0.8045307,0.034947574
0.83429456,0.80067605,0.03361851
0.117491335,0.081207305,0.03628403
-0.49642864,-0.53751045,0.041081816
-0.23176846,-0.27235258,0.040584117
0.54055816,0.5068509,0.03370726
0.91708905,0.88868785,0.028401196
0.5374018,0.50548565,0.03191614
-0.18152918,-0.22405396,0.042524785
-0.38543454,-0.4329147,0.047480166
0.1969254,0.15875302,0.03817238
0.7486379,0.7220194,0.02661854
0.7526288,0.727501,0.025127828
0.11081529,0.07556728,0.035248004
-0.62170213,-0.6547121,0.033009946
-0.4459182,-0.48087752,0.034959316
0.3802234,0.3434748,0.036748588
0.93642133,0.90057933,0.035842
0.51621974,0.4810489,0.035170823
-0.28671163,-0.32420802,0.037496388
-0.55134374,-0.5913684,0.04002464
-0.003200752,-0.041409448,0.038208697
0.75347847,0.721018,0.03246045
0.82932764,0.79891706,0.030410588
0.28046766,0.24513829,0.03532937
-0.37555948,-0.41967112,0.04411164
-0.27543315,-0.31983763,0.044404477
0.43353152,0.39955628,0.033975244
0.9049287,0.88030815,0.024620533
0.6511688,0.62304294,0.028125882
-0.027033865,-0.0695915,0.042557634
-0.34655043,-0.39823097,0.051680535
-0.8488512,-0.8811234,0.03227222
0.7520553,0.7142068,0.037848473
0.9031428,0.86626244,0.036880374
0.23142631,0.19579585,0.035630465
-0.4993481,-0.5363053,0.036957204
-0.39185205,-0.43008384,0.03823179
0.26075906,0.22422239,0.036536664
0.8966481,0.864236,0.03241211
0.6448308,0.6120594,0.03277141
-0.12054475,-0.15955187,0.039007127
-0.4854062,-0.5294532,0.044047028
-0.086297736,-0.1271804,0.040882662
0.65657425,0.62556803,0.031006217
0.87853056,0.85224795,0.026282609
0.304335,0.26933143,0.035003573
-0.31269836,-0.36015853,0.04746017
-0.29000184,-0.33880436,0.048802525
0.33435956,0.29873896,0.0356206
0.86487657,0.84334576,0.021530807
0.5877396,0.560069,0.027670562
-0.0030828235,-0.03840358,0.03532076
-0.61704135,-0.6527756,0.035734236
-0.17820191,-0.21514313,0.036941215
0.6473241,0.61185473,0.035469353
0.89700645,0.8636093,0.033397138
0.39276832,0.35798907,0.03477925
-0.3561356,-0.3960951,0.03995949
-0.41762042,-0.45963907,0.042018652
0.2855301,0.24922538,0.036304712
0.83154905,0.8020193,0.02952975
0.7459389,0.71674806,0.029190838
0.044285968,0.005306878,0.03897909
-0.41755283,-0.46543157,0.047878742
-0.039810494,-0.082432665,0.04262217
0.55647,0.525655,0.030815005
0.89525956,0.8732599,0.021999657
0.44255972,0.41083506,0.03172466
-0.1799086,-0.22864498,0.04873638
-0.22631876,-0.278296,0.051977232
-0.81329495,-0.8490093,0.03571433
0.8409271,0.8050028,0.035924315
0.7480545,0.71333295,0.034721553
-0.033566516,-0.07006543,0.036498915
-0.5205898,-0.5602971,0.039707243
-0.2513351,-0.29100645,0.03967133
0.5366757,0.5024847,0.034191012
0.92074335,0.89119536,0.02954799
0.40994993,0.37615016,0.033799767
-0.20138976,-0.24307357,0.041683808
-0.41061226,-0.45683903,0.04622677
0.18498129,0.14695044,0.038030848
0.8242783,0.79813534,0.026142955
0.8172953,0.7925183,0.024776995
0.20074722,0.1633951,0.037352115
-0.32137254,-0.372264,0.05089146
-0.09181762,-0.1386491,0.04683149
0.56468254,0.5357115,0.028971016
0.8809126,0.86274624,0.018166363
0.5029562,0.47374493,0.029211283
-0.22009753,-0.256525,0.036427483
-0.54110396,-0.5795897,0.038485765
0.12074006,0.08367699,0.037063077
0.75377053,0.7205192,0.033251345
0.83144194,0.8001005,0.031341434
0.13740546,0.10088004,0.036525413
-0.45541865,-0.49898314,0.0435645
-0.2963514,-0.33969325,0.043341845
0.42754984,0.39335492,0.034194916
0.9096038,0.88388366,0.02572012
0.5433433,0.51269495,0.03064835
-0.14814454,-0.19217297,0.04402843
-0.37130105,-0.42169362,0.050392568
0.10134255,0.060298637,0.041043915
0.745999,0.7214256,0.024573386
0.8079315,0.786587,0.021344483
0.3430843,0.3088941,0.034190208
-0.20663843,-0.25935328,0.052714854
-0.11890628,-0.1706507,0.051744424
1.004406,0.99373204,0.01067394
0.9312042,0.8979541,0.033250093
0.64331245,0.60996056,0.0333519
-0.13583505,-0.17407925,0.038244203
-0.50803494,-0.55066675,0.042631805
0.022446573,-0.016439646,0.03888622
0.7526227,0.7222659,0.030356824
0.882114,0.8548605,0.027253509
0.29623094,0.26128703,0.03494391
-0.33427876,-0.38054878,0.046270013
-0.23697273,-0.283205,0.04623227
0.32629398,0.2907193,0.035574675
0.8691782,0.8467048,0.022473395
0.65220183,0.62590736,0.02629447
0.0030823643,-0.040435728,0.043518092
-0.30159464,-0.35561687,0.054022223
0.03787451,-0.007328761,0.04520327
0.66092175,0.63653195,0.024389803
0.84392196,0.82762724,0.016294718
0.32943463,0.29417446,0.03526017
-0.38535854,-0.4243186,0.03896007
-0.43737692,-0.47811678,0.040739864
0.2775357,0.24128778,0.036247924
0.89085656,0.86106044,0.029796124
0.6474475,0.6164268,0.031020701
0.031660758,-0.0068007545,0.038461514
-0.4397013,-0.4862234,0.04652211
-0.054936167,-0.096853845,0.041917678
0.65847826,0.6293391,0.029139161
0.87076503,0.84727573,0.023489296
0.43747452,0.40563077,0.03184375
-0.19910993,-0.24680427,0.04769434
-0.24711832,-0.29793572,0.0508174
0.34988344,0.3148314,0.03505203
0.8085765,0.78831416,0.02026236
0.73440635,0.7132979,0.021108449
0.14836015,0.10694306,0.041417085
-0.23253272,-0.29002517,0.05749245
0.08353141,0.036842097,0.046689313
0.9761042,0.96825975,0.007844448
0.9238442,0.89319324,0.030650973
0.4046397,0.37065536,0.033984333
-0.3163156,-0.35821575,0.041900158
-0.3742977,-0.41853878,0.04424107
0.1749937,0.1372267,0.037766993
0.8266035,0.79959226,0.027011216
0.74381083,0.7168653,0.026945531
0.0712668,0.031774957,0.039491843
-0.34241802,-0.3920481,0.049630076
-0.10850478,-0.15446329,0.04595851
0.5621726,0.5328997,0.029272914
0.88498825,0.86599797,0.018990278
0.4528809,0.4222544,0.030626476
-0.058513988,-0.10613715,0.04762316
-0.22954328,-0.28503844,0.055495158
0.26861098,0.23012666,0.03848432
0.79735124,0.7804813,0.016869962
0.78926086,0.7736751,0.01558578
0.25725636,0.21815561,0.03910075
-0.42300853,-0.46480936,0.041800827
-0.21451235,-0.2557844,0.041272044
0.5439468,0.51103884,0.032907963
0.9132089,0.88638675,0.02682215
0.5405015,0.50943476,0.031066716
-0.16422094,-0.20738102,0.04316008
-0.3635561,-0.41213483,0.04857874
0.20721969,0.16917317,0.038046524
0.7472908,0.7220109,0.02527988
0.810848,0.78870624,0.022141755
0.22248167,0.18520105,0.03728062
-0.27434155,-0.32743245,0.0530909
-0.1368074,-0.18753119,0.05072379
0.47002172,0.43912092,0.030900806
0.86954194,0.8544168,0.015125155
0.56389415,0.5383107,0.025583446
-0.005955075,-0.055661328,0.049706254
-0.18602723,-0.24580239,0.05977516
0.2035833,0.16035023,0.043233067
0.93057954,0.9244951,0.006084442
0.827961,0.798941,0.029020011
0.28903484,0.25404915,0.03498569
-0.35311034,-0.3982221,0.045111746
-0.25455698,-0.29979083,0.045233846
0.4393084,0.40600452,0.033303887
0.90004444,0.87716055,0.022883892
0.65173244,0.62482214,0.026910305
-0.010748205,-0.05362403,0.042875826
-0.32228148,-0.37505138,0.0527699
0.12885058,0.08737196,0.04147862
0.74227357,0.7200416,0.022231996
0.84827435,0.8311571,0.017117262
0.35879996,0.3252305,0.033569455
-0.16212812,-0.21673386,0.054605737
-0.078106724,-0.13140719,0.053300463
0.3870418,0.3529696,0.03407222
0.8303838,0.8178797,0.012504101
0.65122056,0.63145125,0.019769311
0.11499557,0.066921644,0.048073925
-0.48433742,-0.5299033,0.045565873
-0.068770394,-0.11009678,0.04132639
0.6575861,0.6276749,0.02991122
0.8741538,0.8494891,0.0246647
0.3131874,0.2786055,0.0345819
-0.21664338,-0.26338384,0.046740457
-0.2661178,-0.31585872,0.04974091
0.34299472,0.3078726,0.035122126
0.8598436,0.840107,0.019736588
0.6527356,0.6283161,0.024419487
0.13704033,0.096052796,0.040987536
-0.25290385,-0.30917343,0.056269586
0.07014517,0.024099087,0.04604608
0.6605686,0.6381327,0.022435904
0.8331845,0.8197116,0.013472855
0.47632918,0.4477284,0.028600782
-0.04208021,-0.0967174,0.054637194
-0.07787101,-0.1366475,0.058776483
0.40726823,0.37362576,0.03364247
0.89602035,0.8917267,0.00429368
0.7478348,0.71988,0.027954817
0.05953793,0.020365091,0.039172836
-0.39068493,-0.43975067,0.04906574
-0.021711731,-0.06473794,0.04302621
0.5596831,0.5297944,0.02988869
0.88947606,0.8692261,0.020249963
0.44840592,0.41742885,0.03097707
-0.1571794,-0.20665236,0.049472958
-0.20181899,-0.2546784,0.05285941
0.25964758,0.2212959,0.038351685
0.80082834,0.7830414,0.01778692
0.7298953,0.71097785,0.018917441
0.17492983,0.13308579,0.04184404
-0.16203892,-0.22064297,0.058604047
0.03251511,-0.01898178,0.05149689
0.5793707,0.55503714,0.024333537
0.8391141,0.83017486,0.008939266
0.48855528,0.46093935,0.027615935
0.07404971,0.020585855,0.053463854
-0.471427,-0.5203075,0.048880488
0.19750454,0.15946902,0.038035512
0.8208251,0.7960304,0.024794698
0.813674,0.79028845,0.023385525
0.21301316,0.17574792,0.03726524
-0.29486394,-0.34685025,0.051986307
-0.07098858,-0.11842123,0.047432646
0.56753373,0.53951097,0.028022766
0.8745879,0.85818464,0.016403258
0.5619944,0.5358312,0.02616316
-0.021672063,-0.0706762,0.049004138
-0.18281993,-0.24050203,0.057682097
0.2892619,0.25074607,0.038515836
0.7310538,0.71366817,0.017385662
0.7806021,0.7673527,0.013249397
0.3019105,0.26409084,0.037819654
-0.09765625,-0.15946874,0.06181249
0.016063755,-0.041426517,0.057490274
0.50366384,0.4756651,0.027998745
0.83658475,0.8318483,0.0047364235
0.56019735,0.53040737,0.029789984
-0.12726471,-0.17203274,0.044768035
-0.34412873,-0.3957488,0.051620066
0.11662071,0.07532182,0.04129889
0.74399704,0.7205852,0.02341181
0.8038954,0.7839055,0.019989908
0.35186613,0.31801325,0.033852875
-0.18190186,-0.23556828,0.053666428
-0.09621373,-0.14872812,0.05251439
0.4797037,0.44954145,0.030162245
0.85772926,0.84507096,0.012658298
0.6518207,0.6312955,0.020525217
0.11071373,0.06374759,0.046966136
-0.1398199,-0.20183076,0.062010854
0.22829612,0.18453892,0.0437572
0.72280645,0.70801985,0.014786601
0.8057781,0.79772544,0.008052647
0.41290537,0.38028204,0.03262332
-0.00094639417,-0.063439846,0.06249345
-0.4736247,-0.52641076,0.052786052
0.33529982,0.2998134,0.03548643
0.8642523,0.842966,0.021286309
0.65256244,0.6270557,0.025506735
0.020679254,-0.023381554,0.044060808
-0.27526096,-0.3304968,0.055235833
0.055311326,0.0096047195,0.045706607
0.660844,0.6373475,0.023496509
0.83826256,0.8233283,0.014934242
0.37351036,0.3400992,0.033411175
-0.060530968,-0.11441607,0.053885102
-0.097677186,-0.15556274,0.057885557
0.40095025,0.3670609,0.033889353
0.81934744,0.80895317,0.010394275
0.649719,0.6312769,0.018442094
0.2343408,0.19088306,0.043457747
-0.075979,-0.14127474,0.06529573
0.18438818,0.1343176,0.05007057
0.6537552,0.63674736,0.017007828
0.7585051,0.75075513,0.0077499747
0.4643955,0.43320307,0.031192422
-0.17766502,-0.22637343,0.04870841
-0.22390874,-0.27586228,0.05195354
0.3581686,0.32312647,0.035042137
0.80472934,0.78540564,0.019323707
0.73220474,0.7119188,0.020285964
0.16209349,0.12029959,0.041793898
-0.20779634,-0.26649097,0.05869463
0.09972524,0.052498356,0.047226883
0.5777418,0.5525076,0.025234222
0.8454214,0.8349357,0.010485649
0.48457006,0.45637476,0.028195292
-0.0052232216,-0.0616811,0.056457877
-0.03830256,-0.09910803,0.060805473
0.33449116,0.29537654,0.039114624
0.76678085,0.756815,0.009965837
0.7080764,0.6956746,0.012401819
0.26698712,0.22239627,0.044590846
0.0023970767,-0.06475036,0.067147434
-0.44273958,-0.49891198,0.0561724
0.564865,0.5358593,0.029005706
0.87978715,0.86164695,0.018140197
0.45785582,0.42729688,0.030558944
-0.0407383,-0.08925287,0.048514567
-0.20697059,-0.2637075,0.0567369
0.27868086,0.2398851,0.038795754
0.79337287,0.77722925,0.01614362
0.7851802,0.77033275,0.014847457
0.2917587,0.2536764,0.03808227
-0.12069341,-0.18161657,0.060923167
0.064357534,0.0112646865,0.05309285
0.58206064,0.55831057,0.023750067
0.82781374,0.8204571,0.0073566437
0.57490975,0.552651,0.022258759
0.10873134,0.0540194,0.054711938
-0.017141404,-0.083396785,0.06625538
0.35882574,0.31914538,0.03968036
0.70688516,0.6952701,0.011615038
0.70566744,0.6953592,0.010308266
0.27295578,0.2364066,0.03654918
-0.25314993,-0.30752942,0.054379493
-0.11826662,-0.17007384,0.051807217
0.4745479,0.44360158,0.030946314
0.86425745,0.8497845,0.014472961
0.56582355,0.54034144,0.025482118
0.0103412215,-0.04031091,0.05065213
-0.16472231,-0.22579949,0.061077178
0.21504796,0.17121741,0.043830544
0.726005,0.70974594,0.016259074
0.7724025,0.76042604,0.0119764805
0.40596315,0.3728113,0.033151865
-0.02207461,-0.08377923,0.06170462
0.049261812,-0.010176301,0.059438113
0.5098307,0.48178133,0.02804938
0.80864114,0.80398566,0.0046554804
0.64369565,0.6275984,0.016097248
0.2170032,0.16544716,0.051556036
0.022150809,-0.048760604,0.070911415
-0.416894,-0.476751,0.05985701
0.74060667,0.7187925,0.021814167
0.8439722,0.82742125,0.016550958
0.36534148,0.33147168,0.033869803
-0.14333539,-0.19916949,0.0558341
-0.060866382,-0.11528815,0.05442177
0.39328212,0.35886014,0.03442198
0.82553685,0.813433,0.012103856
0.65058804,0.6308891,0.019698918
0.13706815,0.08870798,0.04836017
-0.09984277,-0.16432002,0.06447725
0.16909355,0.11915057,0.049942978
0.65516436,0.63692176,0.018242598
0.79492956,0.78791267,0.007016897
0.42359555,0.390382,0.033213556
0.08051414,0.019544115,0.060970023
0.053393934,-0.012440538,0.06583447
0.4465037,0.41244608,0.034057617
0.77282274,0.76868355,0.004139185
0.5991359,0.57994366,0.019192219
0.19677982,0.15683961,0.03994021
-0.2332389,-0.2908297,0.057590783
0.0830984,0.036242325,0.04685607
0.66027015,0.63798815,0.022282004
0.82863706,0.81556565,0.013071418
0.4799633,0.45110714,0.028856158
-0.025865316,-0.08168547,0.055820152
-0.06042305,-0.12048398,0.06006093
0.41277826,0.37863943,0.03413883
0.7718913,0.76043135,0.011459947
0.7114643,0.69771135,0.013752937
0.25489503,0.21021433,0.0446807
-0.037765134,-0.105605096,0.067839965
0.20837505,0.15671149,0.051663563
0.58614475,0.56393963,0.022205114
0.79492617,0.7914981,0.003428042
0.5104826,0.48318365,0.027298957
0.12865339,0.06491998,0.063733414
0.104655296,0.035800822,0.06885447
-0.37169304,-0.43473515,0.063042104
0.7975882,0.7803557,0.017232537
0.7279148,0.7093653,0.018549502
0.18529457,0.14278458,0.042509988
-0.14368974,-0.20360413,0.059914395
0.04667709,-0.0058458406,0.05252293
0.5805787,0.55610204,0.024476647
0.833765,0.8250594,0.008705556
0.49167022,0.46362615,0.028044075
0.09193415,0.0376377,0.054296453
-0.03847967,-0.10398451,0.06550484
0.3501748,0.31023642,0.03993839
0.75756425,0.7484132,0.0091510415
0.7489766,0.74069095,0.008285642
0.35973698,0.31985182,0.039885163
0.037859485,-0.031874504,0.06973399
0.18413928,0.124964714,0.059174567
0.586711,0.5648974,0.021813571
0.77528393,0.77335566,0.0019282699
0.54486084,0.5198301,0.025030732
0.052054718,0.004608862,0.047445856
-0.16436134,-0.22325927,0.058897927
0.2972838,0.2583675,0.03891629
0.7287661,0.71171427,0.017051816
0.77686554,0.76395553,0.012910008
0.30957714,0.271153,0.038424134
-0.07996691,-0.1431639,0.063196994
0.031204978,-0.027536625,0.058741603
0.5064649,0.47798538,0.028479517
0.81527394,0.80942,0.005853951
0.57660145,0.55458647,0.022014976
0.13803838,0.081423834,0.056614548
0.0023836417,-0.06784884,0.07023248
0.30164292,0.25459224,0.047050685
0.6997735,0.6883064,0.011467099
0.7338241,0.7269813,0.006842792
0.44888136,0.4145293,0.034352064
0.11941922,0.04937834,0.07004088
0.17562537,0.10875031,0.066875055
0.8411926,0.8486825,0.0074899197
0.85258096,0.84081817,0.011762798
0.651243,0.63112026,0.020122707
0.123084344,0.075376116,0.04770823
-0.121043906,-0.18435611,0.0633122
0.2381739,0.19374955,0.044424355
0.7200904,0.7054806,0.014609814
0.80065536,0.79281646,0.007838905
0.4179183,0.38467368,0.03324461
0.0155983865,-0.048293486,0.06389187
0.08315535,0.021725222,0.061430126
0.4414979,0.4072612,0.0342367
0.7788895,0.77378166,0.00510782
0.64035565,0.6243899,0.01596576
0.24086452,0.18744579,0.053418726
0.058958743,-0.014729387,0.07368813
0.26771304,0.21261132,0.055101722
0.6407201,0.6246868,0.016033351
0.74582726,0.74269307,0.003134191
0.44038385,0.40219054,0.038193315
0.012651298,-0.039401468,0.052052766
-0.079470955,-0.13837749,0.058906533
0.40673453,0.37282142,0.033913106
0.81419384,0.8045703,0.0096235275
0.6487422,0.6306026,0.0181396
0.24438466,0.2002543,0.044130355
-0.057304468,-0.12400172,0.066697255
0.19611529,0.14507377,0.051041514
0.6522939,0.63511807,0.017175853
0.7828132,0.77735204,0.0054611564
0.5079478,0.48055974,0.027388066
0.11365379,0.050566696,0.06308709
0.088699386,0.020490821,0.06820856
0.45601654,0.42118663,0.034829915
0.73179835,0.7250671,0.0067312717
0.6834013,0.6729014,0.010499895
0.33310768,0.28398123,0.049126446
0.11079019,0.033673845,0.07711635
0.29874375,0.24136806,0.0573757
0.8158768,0.8229516,0.007074833
0.8395036,0.8302941,0.009209514
0.48822686,0.46036914,0.02785772
0.012070252,-0.045287985,0.057358235
-0.057245944,-0.12148921,0.06424327
0.34252214,0.30310133,0.039420813
0.76211977,0.752706,0.009413779
0.70487565,0.6927455,0.012130141
0.27690732,0.23147672,0.0454306
0.02052218,-0.048141815,0.06866399
0.17124029,0.11282015,0.058420137
0.58674824,0.56491596,0.021832287
0.7810976,0.7788181,0.00227952
0.5154461,0.487751,0.02769512
0.20830731,0.14745149,0.06085582
0.10978719,0.03535113,0.07443605
0.4070055,0.36401463,0.042990863
0.71553844,0.7092018,0.0063366294
0.7071372,0.7009261,0.006211102
0.398043,0.35196212,0.046080887
-0.06400181,-0.12391456,0.05991275
0.081000865,0.027365787,0.053635076
0.5832037,0.56017184,0.02303183
0.8212122,0.8151025,0.006109655
0.5758945,0.55411434,0.021780133
0.12441516,0.06887529,0.05553987
0.0028079404,-0.06470519,0.06751313
0.36673087,0.3266003,0.040130556
0.703208,0.6918228,0.011385202
0.73859435,0.7317877,0.0068066716
0.37523383,0.33474043,0.0404934
0.07550053,0.003438459,0.072062075
0.16258843,0.09649563,0.066092804
0.52699,0.49854153,0.028448462
0.7611011,0.75973487,0.0013662577
0.5778353,0.5559877,0.021847606
0.24519256,0.18157227,0.063620284
0.14348397,0.063993916,0.07949005
0.36913395,0.3170268,0.052107155
0.7814909,0.7864805,0.0049895644
0.76818216,0.7577636,0.010418534
0.4126447,0.37992537,0.032719344
-0.0012790618,-0.06383271,0.062553644
0.0679783,0.007795848,0.060182452
0.5131387,0.4855168,0.027621925
0.80152565,0.79799,0.0035356283
0.6420165,0.6264291,0.0155873895
0.23023628,0.17788261,0.052353665
0.042485513,-0.02987988,0.07236539
0.32155463,0.27373084,0.047823787
0.69186896,0.68143713,0.010431826
0.7516857,0.7488474,0.002838254
0.4579089,0.42297363,0.034935266
0.152105,0.07975052,0.07235448
0.20438205,0.13531695,0.069065094
0.47521532,0.43851945,0.036695868
0.7279265,0.7248728,0.0030536652
0.6221696,0.6056313,0.016538322
0.31721196,0.25638703,0.06082493
-0.09198977,-0.1583625,0.06637272
0.18431713,0.13424557,0.050071552
0.65371937,0.63670915,0.017010212
0.7883415,0.78289276,0.0054487586
0.4298933,0.39705887,0.03283444
0.099162824,0.037446257,0.061716568
0.07325365,0.006473246,0.0667804
0.45200303,0.41801792,0.033985108
0.76597214,0.76269394,0.0032781959
0.6364889,0.62152207,0.0149668455
0.32544377,0.27740106,0.048042715
0.09576025,0.01990831,0.07585194
0.28994057,0.23354553,0.05639504
0.63571364,0.62001705,0.015696585
0.7326387,0.7301215,0.0025172234
0.52389985,0.49470654,0.029193312
0.22736228,0.15631022,0.07105206
0.20908351,0.13243067,0.07665284
0.48322758,0.44480047,0.038427114
0.7543341,0.75765866,0.0033245683
0.71006924,0.6980017,0.012067556
0.2673965,0.22287205,0.04452446
-0.014568954,-0.08320343,0.06863447
0.22286476,0.17107661,0.05178815
0.5866918,0.565431,0.021260798
0.7874114,0.7854751,0.0019363165
0.51348454,0.4866849,0.026799649
0.14629655,0.08174649,0.06455006
0.09455901,0.021658752,0.07290025
0.40162697,0.3597735,0.041853487
0.7206964,0.71521,0.005486369
0.67526823,0.6656212,0.009647012
0.3501559,0.30002207,0.050133824
0.15703908,0.079432905,0.07760617
0.2710458,0.20575659,0.065289214
0.58218926,0.5592067,0.022982538
0.7259189,0.72464246,0.0012764335
0.5262368,0.49537042,0.030866355
0.294575,0.22583184,0.06874317
-0.071509816,-0.14179717,0.070287354
0.35954297,0.32008135,0.039461613
0.7520131,0.7445486,0.0074644685
0.7434365,0.7367874,0.0066491365
0.36854059,0.3290449,0.039495677
0.058942,-0.011488584,0.070430584
0.19980228,0.14028877,0.05951351
0.5867429,0.56576705,0.020975828
0.7676673,0.7670689,0.000598371
0.57834774,0.5576342,0.020713568
0.2342561,0.17216164,0.062094465
0.14292972,0.066677935,0.07625178
0.41858202,0.37508386,0.04349816
0.6711207,0.6610127,0.010107994
0.6959255,0.6903329,0.0055925846
0.4224835,0.3774904,0.044993103
0.19838189,0.11746653,0.080915354
0.2632023,0.18934071,0.0738616
0.533424,0.5016081,0.031815946
0.71431357,0.71334726,0.0009663105
0.5862234,0.56597024,0.020253181
0.15476523,0.09799758,0.05676765
0.024279675,-0.046539422,0.070819095
0.31262502,0.26584658,0.04677844
0.69570327,0.6856983,0.010004997
0.7281733,0.7228752,0.0052981377
0.45398656,0.42022097,0.033765584
0.13735239,0.066729106,0.070623286
0.19144131,0.12403203,0.067409284
0.53009295,0.5019523,0.028140664
0.7471179,0.7470651,5.275011e-05
0.6248464,0.60975385,0.015092552
0.31403857,0.25562948,0.058409095
0.17335613,0.09201862,0.08133751
0.38229242,0.32925794,0.053034484
0.65773153,0.64671135,0.011020184
0.700629,0.6973844,0.0032445788
0.48082379,0.44135836,0.039465427
0.25280246,0.17215903,0.08064343
-0.061839487,-0.13716269,0.075323194
0.4471152,0.41352355,0.033591658
0.7723324,0.7688434,0.0034889579
0.63849986,0.62380344,0.014696419
0.2534779,0.20018329,0.053294614
0.07840043,0.0042577055,0.074142724
0.2794501,0.22446509,0.054985
0.63827187,0.6234786,0.014793277
0.7391116,0.7375364,0.0015752316
0.4652806,0.43029562,0.034984976
0.21474618,0.14550358,0.0692426
0.19578555,0.120895535,0.07489002
0.48074755,0.44392258,0.03682497
0.71501917,0.7128782,0.0021409392
0.6164286,0.6002634,0.016165197
0.38306034,0.32931685,0.05374348
0.21141398,0.12686062,0.08455336
0.35528356,0.29250392,0.062779635
0.6110059,0.59258723,0.01841867
0.6652403,0.65744716,0.0077931285
0.5241265,0.4985301,0.02559644
0.1297822,0.06642646,0.06335574
0.105845176,0.0373236,0.068521574
0.46047968,0.42631096,0.03416872
0.72640336,0.7211196,0.005283773
0.6794592,0.6703339,0.009125292
0.3415686,0.29283336,0.04873523
0.12729597,0.049847383,0.07744859
0.30838144,0.2511673,0.05721414
0.58330077,0.56167984,0.02162093
0.73318624,0.7333156,0.00012934208
0.5254488,0.4963341,0.029114693
0.24924201,0.1770489,0.0721931
0.2103628,0.12902674,0.081336066
0.43934137,0.39284623,0.04649514
0.67608494,0.6694671,0.006617844
0.64073706,0.6289184,0.011818647
0.39754078,0.34136167,0.056179106
0.25269252,0.16706441,0.08562811
-0.032303818,-0.11120944,0.07890562
0.5867667,0.56556714,0.021199584
0.77454036,0.77340263,0.0011377335
0.51742905,0.49037576,0.027053297
0.22049281,0.1596419,0.060850903
0.12535296,0.050709352,0.07464361
0.41242522,0.36996618,0.04245904
0.7101685,0.70521235,0.004956126
0.70181924,0.69704586,0.0047733784
0.41695437,0.37350425,0.043450117
0.18335547,0.10440895,0.078946516
0.28946972,0.22324346,0.06622626
0.5791452,0.55629766,0.022847533
0.71309215,0.71243674,0.0006554127
0.5700683,0.5465033,0.023564994
0.31222233,0.24304417,0.069178164
0.24326262,0.15894452,0.0843181
0.4057216,0.34914348,0.05657813
0.6341061,0.62098503,0.0131210685
0.6306515,0.61763805,0.0130134225
0.40650904,0.36834723,0.038161814
0.0912595,0.018667556,0.072591946
0.17567441,0.109291434,0.066382974
0.5283446,0.5003531,0.027991474
0.75465655,0.7542878,0.00036877394
0.5771647,0.5560716,0.02109313
0.25538227,0.19190982,0.06347245
0.15699258,0.07743462,0.07955796
0.37500483,0.32333478,0.051670045
0.6625664,0.6524726,0.010093808
0.68530107,0.67982477,0.005476296
0.47838813,0.44056886,0.037819266
0.2407933,0.1621461,0.0786472
0.28061226,0.20579633,0.07481593
0.5322198,0.5002322,0.031987607
0.6926015,0.69055545,0.0020460486
0.60009164,0.58142126,0.01867038
0.36711738,0.302179,0.06493837
0.2605058,0.17160559,0.08890021
-0.006658874,-0.08977658,0.08311771
0.6882156,0.67794204,0.010273576
0.7459452,0.7434335,0.0025117397
0.46113825,0.42622963,0.034908623
0.164918,0.092285424,0.07263258
0.2155264,0.14634888,0.06917752
0.47759277,0.44125894,0.03633383
0.7219767,0.71978116,0.002195537
0.61944073,0.6037275,0.015713215
0.32917887,0.2695738,0.059605062
0.19772366,0.11502244,0.08270121
0.347718,0.28649062,0.06122738
0.61462486,0.5973742,0.017250657
0.6883488,0.6849329,0.0034159422
0.4829727,0.44300947,0.039963245
0.29514584,0.21847284,0.076673
0.27960852,0.19723573,0.082372785
0.4902973,0.4483567,0.0419406
0.6636568,0.6579717,0.005685091
0.5675501,0.5421941,0.025355995
0.36192426,0.31637895,0.04554531
0.110021174,0.033392467,0.07662871
0.29825512,0.24139614,0.05685897
0.63318455,0.61742526,0.01575929
0.7268658,0.72446716,0.0023986697
0.5245064,0.49540246,0.029103935
0.23723413,0.16616441,0.07106972
0.21941847,0.14281668,0.07660179
0.48466188,0.4466211,0.038040787
0.68207204,0.675609,0.006463051
0.64548165,0.6341369,0.011344731
0.39257866,0.33774504,0.05483362
0.23223388,0.14655931,0.08567457
0.3657533,0.3020448,0.063708484
0.56866986,0.54277027,0.025899589
0.678789,0.67550385,0.0032851696
0.52295303,0.48865148,0.03430155
0.31540838,0.23623075,0.07917763
0.28395972,0.19563304,0.08832668
0.02892051,-0.05744117,0.086361684
0.7157648,0.7096565,0.0061083436
0.6715123,0.6612511,0.010261178
0.35635448,0.30557513,0.050779343
0.16922015,0.09108835,0.0781318
0.27956584,0.21393706,0.06562878
0.5807131,0.5575481,0.023164988
0.7196882,0.71837056,0.0013176203
0.5261823,0.49541986,0.030762434
0.30400664,0.23592408,0.068082556
0.23263887,0.14979662,0.082842246
0.44503364,0.3971639,0.047869742
0.6647236,0.65675545,0.007968128
0.65709984,0.6488061,0.008293748
0.44438177,0.39494154,0.049440235
0.26930523,0.18277933,0.0865259
0.34620202,0.2732562,0.0729458
0.5601716,0.53231966,0.02785194
0.65897745,0.6539181,0.0050593615
0.5325045,0.49946976,0.033034742
0.2789699,0.21983932,0.059130594
0.1558537,0.07849341,0.077360295
0.36853704,0.31680223,0.051734805
0.6670275,0.6560103,0.011017144
0.6908333,0.68437934,0.0064539313
0.4260426,0.38046807,0.045574516
0.20904736,0.12789981,0.08114755
0.27158728,0.19761945,0.07396783
0.5328625,0.50085646,0.032006025
0.69940186,0.69679016,0.0026116967
0.5663789,0.5409593,0.025419593
0.32670924,0.2560559,0.07065335
0.25238347,0.16499628,0.08738719
0.4123345,0.3544554,0.05787909
0.62418497,0.6095485,0.014636457
0.63993925,0.6297994,0.010139823
0.48444062,0.4408324,0.04360822
0.30465445,0.21932757,0.08532688
0.3315098,0.25044551,0.081064284
0.6886823,0.6927545,0.0040721893
0.74067765,0.73920935,0.0014683008
0.62222505,0.60569847,0.01652658
0.32160193,0.26199973,0.0596022
0.18552996,0.1033336,0.08219636
0.38733745,0.33342704,0.053910404
0.6533396,0.64118326,0.012156367
0.6946059,0.6902586,0.0043472648
0.48201507,0.44198343,0.04003164
0.26160684,0.18106046,0.08054638
0.29799017,0.22145672,0.07653345
0.49047795,0.44877356,0.041704386
0.6699584,0.66379,0.006168425
0.5927857,0.57212055,0.020665169
0.3759907,0.3097529,0.06623778
0.27604315,0.18625715,0.08978599
0.3852374,0.3177723,0.0674651
0.58305836,0.5606442,0.022414148
0.6375842,0.62928474,0.00829947
0.46961266,0.42136577,0.04824689
0.2587054,0.19211698,0.06658843
0.20811296,0.1316977,0.076415256
0.482939,0.44453615,0.038402855
0.7087272,0.7047487,0.003978491
0.6134433,0.59556156,0.017881751
0.38821453,0.33331132,0.05490321
0.22250924,0.13743162,0.08507761
0.36103275,0.2976066,0.06342617
0.6074588,0.5878344,0.019624352
0.67531055,0.6693294,0.0059811473
0.52435976,0.48988992,0.034469843
0.31037295,0.23212385,0.0782491
0.2952078,0.2115282,0.0836796
0.48997188,0.44622067,0.04375121
0.6353395,0.6238719,0.011467576
0.60708404,0.59048617,0.016597867
0.415936,0.35516036,0.060775638
0.29202548,0.2002542,0.091771275
0.38967472,0.3204641,0.06921062
0.6700005,0.672019,0.0020185113
0.72618246,0.72429925,0.0018832088
0.52610123,0.4949686,0.031132638
0.260273,0.18645768,0.07381533
0.2227506,0.140113,0.08263761
0.4427939,0.39473101,0.04806289
0.67026734,0.6615064,0.008760929
0.63609135,0.622249,0.013842344
0.40198627,0.34478527,0.057200998
0.26236075,0.1765446,0.085816145
0.342249,0.26985055,0.072398454
0.56333905,0.5350689,0.028270125
0.66507053,0.65905035,0.0060201883
0.52022094,0.48376068,0.03646025
0.35269818,0.2782323,0.07446587
0.29637817,0.2071976,0.08918056
0.45307937,0.39959386,0.053485513
0.61766326,0.6046525,0.01301074
0.611195,0.59805125,0.013143778
0.4384299,0.38191614,0.056513757
0.21755068,0.13950351,0.07804717
0.29968676,0.23153894,0.06814782
0.5775361,0.55256534,0.02497077
0.70585275,0.70275116,0.0031015873
0.56842107,0.5425799,0.025841177
0.3208319,0.25018018,0.07065171
0.25443086,0.16917665,0.08525421
0.41005874,0.35218868,0.05787006
0.62904954,0.61372876,0.015320778
0.6453987,0.6343998,0.010998905
0.44808322,0.396436,0.051647216
0.28507397,0.197095,0.08797896
0.32889962,0.24858159,0.08031803
0.52168477,0.4841889,0.03749585
0.6454769,0.6377148,0.0077620745
0.544311,0.5135389,0.03077209
0.36006132,0.2839283,0.07613301
0.29911935,0.20646155,0.092657804
0.41852272,0.35584486,0.06267786
0.64678586,0.64536697,0.0014188886
0.67973226,0.67223835,0.007493913
0.4808486,0.4408282,0.040020406
0.25305519,0.17250259,0.08055259
0.29101264,0.2144812,0.07653144
0.53183275,0.49769077,0.034141988
0.6852911,0.68051386,0.0047772527
0.59645814,0.5753192,0.021138966
0.3729241,0.3066926,0.06623149
0.27034655,0.18102726,0.08931929
0.41773587,0.35785568,0.059880197
0.5873972,0.5643263,0.023070931
0.643497,0.63406354,0.009433448
0.48310193,0.43745887,0.04564306
0.3145088,0.22818501,0.08632378
0.33836523,0.25638112,0.0819841
0.48213398,0.43538904,0.046744943
0.6191349,0.6082956,0.0108392835
0.5587775,0.53372324,0.025054276
0.38297555,0.31160986,0.071365684
0.2033405,0.11698533,0.08635517
0.3557195,0.2924806,0.06323892
0.61101437,0.59166855,0.01934582
0.68138194,0.6755745,0.0058074594
0.48457393,0.44238073,0.042193204
0.3044818,0.22617073,0.07831107
0.2892813,0.20565125,0.083630055
0.49080098,0.4469544,0.043846577
0.65674806,0.6482479,0.008500159
0.58490837,0.56184983,0.023058534
0.4154025,0.35459384,0.06080866
0.28866777,0.1975507,0.09111707
0.3896171,0.32069716,0.06891993
0.5739327,0.5492447,0.024688005
0.6249401,0.6140216,0.010918498
0.5080078,0.46872202,0.03928581
0.33910656,0.2562471,0.08285946
0.32237512,0.23434198,0.08803314
0.47279495,0.42510122,0.04769373
0.62777776,0.62390924,0.0038685203
0.64180934,0.62901455,0.012794793
0.39827982,0.34138972,0.0568901
0.24452531,0.15685315,0.08767216
0.37208647,0.3065098,0.06557667
0.5661597,0.5381341,0.028025627
0.6714803,0.66561526,0.0058650374
0.5219511,0.48541906,0.036532015
0.3226106,0.24226142,0.08034916
0.29195854,0.20300245,0.08895609
0.45390943,0.40043968,0.053469747
0.6233626,0.6096859,0.013676703
0.596818,0.57797116,0.01884681
0.41706407,0.35480344,0.062260628
0.30632114,0.21569407,0.090627074
0.3637419,0.28683043,0.07691148
0.5337265,0.5012032,0.032523334
0.6137151,0.6037969,0.009918213
0.49724558,0.4572509,0.039994687
0.35613248,0.27784553,0.078286946
0.21418323,0.123723306,0.09045992
0.44814777,0.39864048,0.04950729
0.65849155,0.64903694,0.009454608
0.6510018,0.6409229,0.010078907
0.44679695,0.39540976,0.05138719
0.27847293,0.1903335,0.08813943
0.35185635,0.27745005,0.074406296
0.5570609,0.5271713,0.029889584
0.6518873,0.64417225,0.0077150464
0.5476706,0.5167437,0.030926883
0.35844058,0.2824297,0.07601088
0.30430016,0.21398872,0.09031144
0.4198256,0.35731837,0.06250724
0.5872171,0.5674901,0.019726992
0.59966373,0.58447,0.01519376
0.44265065,0.38714695,0.055503696
0.3081127,0.21656035,0.09155236
0.33790722,0.25424093,0.083666295
0.49257004,0.45217016,0.04039988
0.601055,0.5926147,0.008440316
0.56906956,0.5435254,0.025544167
0.3337756,0.26129597,0.072479635
0.26197258,0.17265207,0.08932051
0.41535524,0.35590428,0.059450954
0.6188939,0.6027321,0.0161618
0.6339426,0.6219858,0.011956811
0.4839482,0.43857718,0.045371026
0.31016403,0.22374827,0.08641577
0.33550453,0.25363106,0.08187348
0.51599467,0.4772039,0.038790762
0.63259476,0.62340987,0.009184897
0.56334996,0.53789514,0.02545482
0.38686302,0.31658918,0.07027385
0.30141082,0.20841202,0.0929988
0.41424823,0.350931,0.06331724
0.54905874,0.5228491,0.026209652
0.59515285,0.5830277,0.0121251345
0.46080306,0.4127572,0.048045874
0.31307942,0.22419317,0.088886246
0.21689475,0.12141616,0.09547859
0.4905419,0.44797948,0.042562425
0.6634045,0.6568587,0.0065458417
0.5888316,0.5672747,0.021556914
0.3792498,0.31146565,0.06778416
0.2821648,0.19084105,0.09132376
0.38723257,0.31852877,0.0687038
0.5784748,0.55467194,0.023802876
0.6312806,0.6211657,0.010114908
0.4793508,0.43259463,0.04675618
0.3371158,0.25440842,0.082707375
0.32078472,0.23319374,0.08759098
0.4758467,0.42841205,0.047434658
0.60708475,0.59526014,0.011824608
0.5490501,0.523035,0.026015103
0.40805328,0.34466615,0.063387126
0.2973238,0.20379156,0.093532234
0.37669984,0.3055939,0.07110593
0.5326872,0.50646424,0.026222944
0.567176,0.55229527,0.014880717
0.5303049,0.49702233,0.033282578
0.3156648,0.23590365,0.07976115
0.3004671,0.2151849,0.08528221
0.48871064,0.44418982,0.044520825
0.62949574,0.6176156,0.011880159
0.6020164,0.5846457,0.0173707
0.41594818,0.3539789,0.06196928
0.2947077,0.2019758,0.09273189
0.3892485,0.3193175,0.069931
0.53786856,0.50605047,0.031818092
0.6202207,0.61085844,0.00936228
0.50064677,0.46089306,0.039753705
0.33662674,0.25347206,0.08315468
0.30586642,0.21448666,0.09137976
0.43527067,0.3796951,0.05557558
0.57683414,0.5615388,0.015295327
0.55464494,0.5346258,0.020019114
0.39567542,0.33214572,0.0635297
0.290771,0.19849269,0.09227832
0.22895315,0.13075048,0.098202676
0.5601023,0.53209114,0.028011143
0.6587413,0.6534462,0.005295098
0.51790124,0.4811301,0.03677115
0.35453144,0.27876237,0.07576907
0.2990068,0.2083726,0.0906342
0.45128256,0.3970958,0.05418676
0.6119208,0.5985162,0.013404548
0.6056111,0.5917273,0.0138837695
0.44396812,0.388812,0.05515611
0.30629015,0.21475208,0.09153807
0.360031,0.28276944,0.07726157
0.52397394,0.49168953,0.03228441
0.6019926,0.5923551,0.009637535
0.51455265,0.48217136,0.032381296
0.34960067,0.272361,0.07723966
0.29588354,0.20437077,0.09151277
0.3923515,0.32897928,0.063372225
0.5422712,0.52253723,0.019733965
0.53996634,0.5209705,0.018995821
0.4616309,0.41284046,0.048790455
0.28900677,0.19961432,0.08939245
0.33102095,0.2494614,0.081559554
0.518562,0.48109514,0.037466884
0.63939244,0.6323289,0.007063508
0.5404034,0.50951695,0.030886471
0.35940397,0.28221837,0.0771856
0.2987435,0.2051135,0.093629986
0.41550636,0.35248667,0.06301969
0.57634735,0.5572178,0.019129574
0.58859015,0.5740882,0.014501929
0.46416038,0.41673818,0.0474222
0.3145511,0.22657706,0.08797403
0.3296425,0.24662945,0.08301306
0.48160133,0.44219545,0.039405882
0.5844624,0.57535636,0.00910604
0.52274054,0.49766746,0.025073081
0.357585,0.28711683,0.07046819
0.2699698,0.17606413,0.09390566
0.23675513,0.13547511,0.10128002
0.58300906,0.56097406,0.022035003
0.637702,0.6297067,0.007995307
0.48088956,0.43526787,0.045621693
0.31533942,0.22756949,0.087769926
0.33791393,0.25471598,0.08319795
0.47855896,0.43172425,0.046834707
0.6133686,0.6031797,0.010188878
0.5538864,0.5289311,0.024955332
0.38275728,0.31189585,0.07086143
0.29805565,0.20424083,0.09381482
0.37942946,0.3089055,0.07052395
0.53808415,0.5130738,0.025010347
0.5839053,0.57322824,0.01067704
0.4504145,0.4035935,0.046821
0.31846455,0.23583622,0.082628325
0.2961154,0.2085711,0.08754429
0.43552756,0.38872245,0.046805114
0.56083006,0.5505174,0.010312676
0.48821986,0.4587022,0.02951765
0.43123877,0.3741807,0.057058066
0.29095125,0.19857758,0.09237367
0.38893458,0.31939477,0.069539815
0.56915677,0.545446,0.023710787
0.61927,0.60973144,0.009538591
0.5041606,0.46509618,0.039064407
0.33700645,0.2530084,0.083998054
0.319498,0.23055495,0.08894305
0.46793604,0.4205541,0.047381938
0.5826708,0.5686102,0.0140606165
0.56006974,0.5411078,0.018961966
0.39961547,0.33668417,0.0629313
0.28823325,0.19512606,0.09310719
0.36522886,0.2954715,0.06975737
0.49643466,0.46548513,0.030949533
0.57345146,0.5657271,0.0077243447
0.460641,0.42247206,0.038168937
0.29686522,0.21425016,0.08261506
0.25810397,0.16652161,0.09158236
0.24740826,0.14449137,0.10291688
0.617808,0.6057765,0.012031496
0.5918722,0.57453316,0.01733905
0.41545844,0.35288373,0.062574714
0.30591252,0.21367437,0.09223816
0.361519,0.28355914,0.077959865
0.5288059,0.49702865,0.031777263
0.6080539,0.599587,0.008466899
0.49248314,0.45288885,0.039594293
0.35303402,0.27499193,0.07804209
0.2996781,0.20750421,0.092173874
0.42529505,0.37037492,0.054920137
0.56524503,0.55188596,0.01335907
0.5605033,0.5474491,0.013054192
0.411116,0.35727873,0.05383727
0.2755989,0.18537204,0.090226874
0.31947276,0.24362655,0.07584621
0.47725523,0.44713452,0.0301207
0.5570862,0.55011183,0.006974399
0.45139912,0.4163629,0.035036206
0.3782134,0.3066896,0.071523815
0.30545685,0.21406493,0.09139192
0.41782355,0.35499477,0.06282878
0.5818668,0.56350344,0.018363357
0.5942166,0.5805678,0.013648808
0.43911898,0.38339204,0.055726945
0.3051199,0.2119998,0.0931201
0.33358875,0.2490707,0.084518045
0.48698398,0.44751325,0.039470732
0.590139,0.5818825,0.008256495
0.50424117,0.47283453,0.03140664
0.3396331,0.26263794,0.076995164
0.2770704,0.18435067,0.09271973
0.3789076,0.3174744,0.061433196
0.5303453,0.51364547,0.01669985
0.54392344,0.5324731,0.01145035
0.41897982,0.37427303,0.04470679
0.25974035,0.17308645,0.0866539
0.2673773,0.18501016,0.08236712
0.5852541,0.58888584,0.0036317706
0.6264506,0.6188404,0.007610202
0.55875844,0.5344904,0.024268031
0.38539883,0.31445834,0.070940495
0.30047905,0.20560735,0.0948717
0.41073862,0.3467789,0.06395972
0.5436355,0.518511,0.02512449
0.5895113,0.57909584,0.010415435
0.4557775,0.40813044,0.04764706
0.30762225,0.21840662,0.089215636
0.3203564,0.2366404,0.083716005
0.44216436,0.39582005,0.04634431
0.5662556,0.55746686,0.0087887645
0.51132643,0.4885526,0.022773832
0.3430896,0.2748365,0.0682531
0.25149995,0.16029732,0.09120263
0.3265928,0.2588332,0.0677596
0.4894837,0.46791732,0.021566391
0.54051864,0.53334373,0.007174909
0.38270974,0.3345957,0.04811403
0.35648957,0.27810934,0.07838023
0.3215661,0.23295656,0.08860955
0.47246683,0.42500263,0.047464192
0.60103655,0.5905676,0.01046896
0.54408365,0.5189154,0.02516824
0.40463796,0.34046388,0.064174086
0.2940056,0.19852479,0.095480815
0.37170696,0.30004677,0.07166019
0.52679974,0.50213045,0.02466929
0.57878876,0.5710846,0.0077041388
0.46707627,0.42864957,0.038426697
0.30598563,0.22339146,0.08259417
0.28124213,0.19451894,0.08672319
0.42141062,0.37705907,0.044351548
0.53659344,0.5263973,0.010196149
0.5152517,0.5006021,0.01464957
0.3438179,0.2844409,0.059376985
0.21573555,0.12468092,0.09105463
0.2939031,0.22576496,0.06813815
0.57440656,0.57874405,0.0043374896
0.6138512,0.6053118,0.008539379
0.49713334,0.45763442,0.039498925
0.3360158,0.25145057,0.08456522
0.30473697,0.21123861,0.093498364
0.43122682,0.37488624,0.056340575
0.57090706,0.55673945,0.014167607
0.549116,0.5302011,0.018914938
0.39064145,0.32679856,0.06384289
0.2847882,0.19201602,0.09277217
0.32887018,0.2515088,0.077361375
0.48416445,0.45414108,0.030023366
0.562444,0.55665785,0.005786121
0.44790143,0.4117365,0.03616494
0.30090344,0.22678101,0.07412243
0.23686016,0.1486412,0.08821896
0.3656646,0.31492877,0.05073583
0.51978576,0.5110827,0.008703053
0.5169,0.5078629,0.009037077
0.33433783,0.28002524,0.054312587
0.31943613,0.23042826,0.08900787
0.35951728,0.281291,0.07822627
0.51923174,0.48676807,0.03246367
0.5957246,0.58670163,0.009022951
0.50982827,0.47736475,0.03246352
0.34654388,0.26743215,0.079111725
0.2922075,0.19841367,0.09379384
0.387021,0.32303834,0.063982666
0.53630364,0.51813966,0.018163979
0.5493302,0.5367287,0.012601495
0.39871663,0.3446703,0.054046333
0.25972876,0.16917336,0.0905554
0.28039515,0.19942266,0.08097249
0.43543166,0.4003133,0.03511837
0.5466492,0.5434799,0.0031692982
0.4545254,0.42839935,0.026126057
0.26685634,0.19419903,0.07265732
0.18752964,0.09770656,0.08982308
0.30064452,0.2415382,0.05910632
0.5579148,0.56141293,0.003498137
0.5829722,0.5684126,0.014559627
0.46096176,0.41303372,0.047928035
0.3136097,0.22377385,0.08983584
0.32739574,0.24213254,0.08526319
0.47659412,0.4363176,0.040276527
0.5784241,0.5698061,0.008617997
0.5173013,0.49242827,0.024873048
0.35232738,0.28097042,0.07135695
0.26357618,0.16909006,0.09448612
0.36480746,0.30262142,0.062186033
0.49633828,0.47417605,0.022162229
0.54550856,0.53891444,0.0065941215
0.4044027,0.36134705,0.043055654
0.23830585,0.15421526,0.08409059
0.2445374,0.1660733,0.07846409
0.37841186,0.33735862,0.041053236
0.52389675,0.52048683,0.0034099221
0.4610671,0.4424821,0.018584996
0.25049326,0.18299183,0.067501426
0.29324302,0.19736595,0.095877066
0.37740907,0.3057111,0.07169798
0.53269404,0.5068286,0.025865436
0.57789606,0.5667901,0.011105955
0.4461359,0.39793572,0.04820019
0.31483606,0.22958569,0.08525036
0.29158485,0.20144325,0.090141594
0.42975476,0.3823353,0.04741946
0.555053,0.545968,0.009085
0.49977547,0.4766032,0.02317226
0.35483772,0.2933803,0.061457425
0.2316519,0.13992056,0.09173134
0.3077982,0.24088584,0.06691237
0.47655126,0.45728132,0.019269943
0.53736424,0.5356104,0.0017538667
0.40979272,0.37745982,0.032332897
0.21560413,0.13821699,0.07738714
0.17880572,0.09593465,0.08287107
0.34720382,0.30596048,0.041243345
0.5443812,0.54765385,0.0032726526
0.5553662,0.5356677,0.0196985
0.39658466,0.33246925,0.064115405
0.2859639,0.19061682,0.09534708
0.36122409,0.28905734,0.07216674
0.49093258,0.45845884,0.032473743
0.5676693,0.5593377,0.008331597
0.4552453,0.41593465,0.039310634
0.290858,0.2066115,0.0842465
0.2510005,0.15891339,0.092087105
0.37660474,0.32316855,0.05343619
0.5254657,0.5152332,0.010232508
0.5039257,0.489676,0.014249682
0.32520634,0.26695096,0.058255374
0.19745962,0.11099244,0.086467184
0.24211572,0.17109898,0.071016744
0.42569625,0.4017927,0.023903549
0.5237811,0.52373993,4.118681e-05
0.38296464,0.35102734,0.0319373
0.19136925,0.118663125,0.072706126
0.27798027,0.17971566,0.098264605
0.42103344,0.36462837,0.056405067
0.55942607,0.5445204,0.014905691
0.5548792,0.54035777,0.01452142
0.40620965,0.35008368,0.05612597
0.2704184,0.17687176,0.093546644
0.3134969,0.23489666,0.07860023
0.4713203,0.4402259,0.031094402
0.5517027,0.54513794,0.0065647364
0.4621211,0.43252915,0.029591948
0.2812422,0.20575066,0.07549153
0.21322227,0.12427474,0.08894753
0.3150583,0.25681347,0.058244824
0.48836192,0.47622618,0.012135744
0.50658816,0.50040346,0.006184697
0.3238654,0.2765435,0.047321916
0.14693913,0.062443234,0.084495895
0.16721152,0.090888835,0.07632268
0.36367556,0.3319323,0.03174326
0.5183956,0.5186181,0.00022250414
0.50234276,0.47046068,0.031882077
0.33507445,0.25657892,0.07849553
0.27199697,0.17685491,0.09514207
0.37314925,0.30895352,0.06419572
0.52470994,0.5058865,0.018823445
0.5385442,0.5252553,0.013288856
0.41289094,0.36605904,0.046831906
0.25197884,0.16337213,0.088606715
0.25911298,0.17636573,0.08274725
0.420156,0.3837583,0.036397696
0.53702253,0.53293693,0.0040856004
0.4683581,0.4487414,0.019616693
0.27119943,0.20631854,0.06488089
0.15769647,0.0705526,0.08714387
0.27716666,0.22200975,0.055156916
0.44168922,0.42586872,0.015820503
0.50722486,0.5062552,0.00096964836
0.32585987,0.28711593,0.038743943
0.10454634,0.022821143,0.081725195
0.2536958,0.15207231,0.101623476
0.4362948,0.38811475,0.048180044
0.5607769,0.54979086,0.01098603
0.5057644,0.48074612,0.025018305
0.33620548,0.26494542,0.071260065
0.24328622,0.14844741,0.09483881
0.31872806,0.24794713,0.07078093
0.4835825,0.4603468,0.023235708
0.53555566,0.5277593,0.007796347
0.38766155,0.34299326,0.044668287
0.2316351,0.1509513,0.0806838
0.19715244,0.1128633,0.08428913
0.35930538,0.31812507,0.041180313
0.5145041,0.5114986,0.0030055046
0.44803032,0.43150404,0.016526282
0.26300693,0.20881641,0.054190516
0.099526584,0.01470134,0.08482525
0.19537026,0.1337381,0.061632156
0.41939184,0.4035039,0.015887946
0.49692503,0.49524063,0.0016843975
0.46635425,0.42786595,0.0384883
0.29819945,0.21397804,0.08422141
0.2725895,0.18333818,0.089251325
0.4142456,0.36695686,0.047288746
0.53123176,0.5183293,0.012902439
0.50976646,0.49241862,0.017347842
0.33522144,0.27294752,0.06227392
0.20435844,0.11121668,0.093141764
0.28391978,0.21541771,0.06850207
0.43402433,0.4061875,0.02783683
0.5284181,0.5249795,0.0034386516
0.39254978,0.359013,0.03353679
0.18435779,0.10753331,0.07682448
0.12805614,0.04416949,0.08388665
0.28651586,0.24040739,0.04610847
0.48261052,0.47844654,0.0041639805
0.45692062,0.4481547,0.008765936
0.21756448,0.16406801,0.053496465
0.042006105,-0.04119097,0.08319707
0.23182206,0.12908895,0.102733105
0.47760049,0.44541192,0.032188565
0.55744934,0.5491393,0.00831002
0.46835735,0.4372566,0.03110075
0.29053736,0.21315715,0.07738021
0.22463074,0.13270982,0.09192093
0.35636762,0.30252457,0.05384305
0.5145906,0.5036139,0.010976732
0.511875,0.5014442,0.010430753
0.33430275,0.28245282,0.05184993
0.16340618,0.07540163,0.08800455
0.21086825,0.1388284,0.07203986
0.40897247,0.38411418,0.024858296
0.514909,0.51422626,0.0006827712
0.40018228,0.37736884,0.02281344
0.1590648,0.09164441,0.06742039
0.06410729,-0.01715296,0.08126025
0.20016521,0.14755674,0.052608475
0.43878916,0.42982417,0.008964986
0.44109458,0.43194926,0.009145319
0.40100655,0.3485781,0.052428454
0.24755362,0.155356,0.09219761
0.268188,0.18463187,0.08355613
0.4272944,0.38916764,0.038126767
0.541996,0.5359086,0.0060874224
0.4472729,0.41795024,0.029322654
0.2535505,0.17771539,0.07583511
0.1714481,0.079655625,0.09179247
0.28839013,0.22886617,0.059523955
0.4758772,0.46207568,0.013801515
0.49629036,0.48804617,0.008244187
0.3358402,0.29523507,0.040605128
0.12249461,0.042147078,0.08034753
0.12736137,0.053236492,0.07412488
0.34204316,0.31261593,0.02942723
0.5030782,0.50456095,0.0014827251
0.41159552,0.39741,0.014185518
0.13937767,0.07996434,0.05941333
-0.019988088,-0.102671415,0.082683325
0.20305167,0.09882361,0.104228064
0.48960805,0.46520987,0.024398178
0.54061776,0.5314846,0.00913316
0.39497557,0.34932894,0.045646638
0.22276144,0.13538797,0.087373465
0.22887275,0.14686403,0.08200872
0.36780563,0.32365376,0.044151872
0.5192605,0.5132054,0.0060551167
0.45416734,0.43373284,0.020434499
0.23981416,0.17356272,0.06625144
0.11542108,0.027037347,0.088383734
0.20872788,0.14496304,0.06376484
0.42608687,0.40881565,0.01727122
0.4985969,0.49631822,0.0022786856
0.29989895,0.26251477,0.037384182
0.084752604,0.012850361,0.071902245
0.03466073,-0.041363243,0.07602397
0.26014003,0.224505,0.035635024
0.47994438,0.47987512,6.92606e-05
0.35733777,0.33809626,0.019241512
0.3574178,0.2984952,0.05892259
0.2152135,0.12179756,0.093415946
0.2937189,0.22426604,0.06945287
0.4692647,0.44726697,0.02199772
0.5329745,0.52846974,0.0045047402
0.4000578,0.36453018,0.035527617
0.19705155,0.11659101,0.08046055
0.15845154,0.073782586,0.08466896
0.33484915,0.29293838,0.041910768
0.487489,0.47961092,0.007878095
0.4622778,0.44990328,0.01237452
0.22971418,0.17435075,0.05536343
0.04956332,-0.034516115,0.08407943
0.15527998,0.09518627,0.06009371
0.3626324,0.34120122,0.021431178
0.49663997,0.49821293,0.0015729666
0.30857137,0.2809756,0.027595758
0.015663702,-0.054438625,0.07010233
-0.06393192,-0.14223503,0.078303106
0.1738684,0.06958224,0.104286164
0.51985985,0.50757617,0.012283683
0.49779615,0.48135942,0.016436726
0.31114548,0.25052005,0.060625434
0.17702587,0.08746674,0.08955913
0.22346255,0.14923985,0.0742227
0.41625136,0.3895765,0.026674867
0.51969206,0.5169947,0.0026973486
0.4073475,0.3812497,0.026097804
0.17305903,0.101437144,0.07162189
0.08086145,-0.0038663328,0.08472778
0.2551395,0.2080082,0.0471313
0.47189608,0.46587214,0.0060239434
0.47113484,0.46572077,0.0054140687
0.22619335,0.18193235,0.04426101
-0.013677956,-0.09200514,0.07832719
0.052206747,-0.011569287,0.06377603
0.33326957,0.31339577,0.019873798
0.48599228,0.48810476,0.002112478
0.29346296,0.26925126,0.024211705
0.2842189,0.2125608,0.071658105
0.19355033,0.10289546,0.09065487
0.29962203,0.2390889,0.060533136
0.48161837,0.46738517,0.014233202
0.5011906,0.4928526,0.008338004
0.30880055,0.2585903,0.050210238
0.12187764,0.03462523,0.08725241
0.14312433,0.06530275,0.077821575
0.35099024,0.31858784,0.032402396
0.5068043,0.5052539,0.0015503764
0.38109466,0.35681444,0.02428022
0.11528381,0.047227364,0.06805645
-0.000647802,-0.08289426,0.08224645
0.16095266,0.10943549,0.051517166
0.4253768,0.41667548,0.008701324
0.45683473,0.45329484,0.00353989
0.23175815,0.19752628,0.03423187
-0.06988936,-0.1424116,0.072522245
-0.061454326,-0.12919576,0.06774144
0.5544287,0.56601226,0.011583567
0.53232473,0.52673244,0.0055922866
0.46071646,0.4394577,0.021258742
0.25331637,0.18642117,0.0668952
0.13307935,0.043183956,0.0898954
0.2587762,0.2011515,0.057624683
0.4329001,0.41505513,0.017844975
0.502715,0.49963698,0.0030780137
0.31060523,0.270428,0.040177226
0.076216474,-0.004435887,0.08065236
0.08112171,0.0066275033,0.07449421
0.27134633,0.233399,0.037947327
0.48363864,0.48149085,0.0021477938
0.39534548,0.3798573,0.015488178
0.09513147,0.037428323,0.05770315
-0.0804663,-0.15861195,0.07814565
0.05248249,-0.0031490724,0.055631563
0.3628709,0.35008383,0.012787074
0.46814498,0.46880034,0.00065535307
0.16417935,0.12844257,0.035736784
0.23324873,0.15648134,0.076767385
0.17611611,0.09015183,0.08596428
0.34589285,0.30299714,0.042895705
0.5095578,0.50554633,0.004011452
0.43980932,0.42197305,0.017836273
0.24414389,0.18765461,0.056489274
0.07056906,-0.016559891,0.08712895
0.1719428,0.10918868,0.06275412
0.40999603,0.39350015,0.016495883
0.5000364,0.4994798,0.000556618
0.31865364,0.2881645,0.030489147
0.035878047,-0.0361847,0.072062746
-0.019179847,-0.09434085,0.07516101
0.229492,0.19415675,0.035335243
0.4472122,0.4433111,0.0039010942
0.41393346,0.40600622,0.007927239
0.086355455,0.038609132,0.047746323
-0.16676147,-0.2417539,0.07499243
-0.01403559,-0.06749497,0.053459384
0.54959154,0.56080776,0.011216223
0.5238228,0.51949984,0.004322946
0.3818067,0.34713143,0.03467527
0.16276638,0.084163174,0.07860321
0.10273437,0.016563889,0.08617048
0.26941675,0.22178516,0.04763159
0.47682703,0.47180057,0.0050264597
0.4500328,0.43994766,0.010085136
0.19646126,0.14206499,0.05439627
0.010177117,-0.071797855,0.08197497
0.07279902,0.0061975904,0.066601425
0.3423514,0.32043558,0.021915823
0.48987192,0.48992035,4.8428774e-05
0.33413452,0.31284195,0.021292567
0.004970375,-0.05750332,0.062473696
-0.12387749,-0.19815014,0.074272655
0.124792084,0.0847278,0.040064283
0.4335709,0.4310713,0.0024995804
0.4345596,0.43238828,0.0021713376
0.072328284,0.031934723,0.04039356
0.15782072,0.072046176,0.08577454
0.19231376,0.11877101,0.07354275
0.39921898,0.3734779,0.02574107
0.5105982,0.51005435,0.0005438328
0.39042485,0.36720434,0.02322051
0.13648753,0.06720177,0.06928576
0.035868045,-0.047160387,0.083028436
0.17918132,0.12600128,0.05318004
0.4315271,0.42237824,0.009148866
0.46144935,0.45661038,0.0048389733
0.19448398,0.15007886,0.044405118
-0.067315936,-0.14521496,0.077899024
-0.036715113,-0.10525344,0.06853833
0.25797626,0.23098063,0.02699563
0.48000723,0.48113698,0.0011297464
0.30480212,0.2856224,0.019179732
-0.0671887,-0.12612708,0.058938377
-0.22644931,-0.29873353,0.07228422
0.004445988,-0.04013702,0.044583008
0.5316403,0.5411924,0.009552121
0.4913043,0.48273778,0.008566529
0.3241339,0.2827718,0.041362107
0.10113307,0.019253956,0.08187912
0.10553163,0.029827297,0.075704336
0.33002183,0.30043566,0.029586166
0.4991631,0.50107473,0.0019116402
0.4034334,0.3887947,0.014638722
0.11725007,0.05735043,0.05989964
-0.050740503,-0.13219231,0.08145181
0.12506334,0.07430112,0.05076222
0.37102878,0.35672718,0.014301598
0.47148526,0.4703266,0.0011586547
0.2033486,0.16891393,0.034434676
-0.124150895,-0.19447449,0.070323594
-0.114237845,-0.17880349,0.06456564
0.15606019,0.124430515,0.031629674
0.45558238,0.45642984,0.00084745884
0.33399087,0.3228319,0.011158973
-0.08946984,-0.13997188,0.05050204
0.089720525,-0.0011997073,0.09092023
0.1931743,0.12814902,0.065025285
0.41857645,0.40120488,0.017371565
0.4942636,0.4931041,0.0011594892
0.2876442,0.25030005,0.037344158
0.06313458,-0.010177592,0.07331217
0.010408474,-0.066808954,0.07721743
0.24579124,0.2103038,0.035487443
0.475881,0.47609243,0.00021141768
0.38080478,0.36654586,0.014258921
0.10845875,0.058322925,0.050135825
-0.13340096,-0.21065658,0.07725562
0.011148744,-0.04356798,0.054716725
0.34751973,0.33437932,0.01314041
0.4757183,0.47710267,0.0013843775
0.22420402,0.1993069,0.024897113
-0.16633803,-0.22828187,0.061943844
-0.23763892,-0.30253363,0.064894706
0.11100467,0.081952915,0.029051758
0.5180457,0.5266805,0.008634806
0.45772833,0.4454451,0.012283236
0.21673949,0.16064768,0.056091815
0.030190967,-0.05530648,0.08549745
0.1391688,0.07843677,0.06073203
0.35389572,0.3334827,0.020413011
0.4931097,0.49623516,0.003125459
0.29815185,0.27062753,0.027524322
-0.006170615,-0.07653924,0.070368625
-0.08912615,-0.16631547,0.07718932
0.14581731,0.104368046,0.041449264
0.43841213,0.43512395,0.0032881796
0.40294874,0.39482692,0.008121818
0.050877236,0.0037296747,0.04714756
-0.20525531,-0.2762591,0.07100378
-0.11367562,-0.17077756,0.057101943
0.2635689,0.24633172,0.017237186
0.4689689,0.47169226,0.002723366
0.25664118,0.24060515,0.016036034
-0.19474804,-0.24809244,0.0533444
0.035670858,-0.05567543,0.091346286
0.244232,0.19627814,0.04795386
0.46722823,0.46189523,0.0053330064
0.46670294,0.46306524,0.0036377013
0.21457855,0.1707409,0.04383765
-0.03275368,-0.11228983,0.079536155
0.035016306,-0.029144496,0.0641608
0.32504445,0.30617356,0.01887089
0.48292103,0.48589182,0.002970785
0.31710705,0.29756388,0.01954317
-0.03535506,-0.096786566,0.061431505
-0.17256276,-0.24556325,0.07300049
0.030776257,-0.015250703,0.04602696
0.38399908,0.3770056,0.0069934726
0.42701033,0.42422628,0.0027840436
0.061241586,0.024168147,0.03707344
-0.29310608,-0.35951135,0.06640527
-0.24469146,-0.30276555,0.058074087
0.16078433,0.13985527,0.020929068
0.47803694,0.48378092,0.0057439804
0.37917873,0.35568228,0.023496449
0.14148165,0.079532795,0.06194886
-0.01726037,-0.100641996,0.08338162
0.14863957,0.09724945,0.051390126
0.42030188,0.41392413,0.0063777566
0.4528187,0.4515169,0.0013017952
0.2217432,0.18800804,0.033735156
-0.088157706,-0.16085574,0.072698034
-0.079430655,-0.14619748,0.06676683
0.23695108,0.2118884,0.02506268
0.47484598,0.47723573,0.0023897588
0.34360895,0.3311583,0.012450635
-0.05003322,-0.10170606,0.05167284
-0.27678204,-0.34669587,0.069913834
-0.029599493,-0.07234298,0.04274348
0.3103942,0.29998696,0.010407239
0.4483196,0.4500173,0.0016976893
0.08759839,0.060363658,0.027234733
-0.3477744,-0.40671882,0.058944434
-0.033326633,-0.1258013,0.09247466
0.26204413,0.22364685,0.038397282
0.48000634,0.47908226,0.0009240806
0.38961077,0.37607592,0.013534844
0.08187959,0.024462461,0.057417132
-0.09797696,-0.17697787,0.07900091
0.038611256,-0.016697684,0.055308938
0.35707945,0.34608275,0.010996699
0.46517187,0.46720183,0.0020299554
0.17826355,0.14591338,0.032350168
-0.1314576,-0.19591473,0.06445713
-0.19995262,-0.26715785,0.067205235
0.13066123,0.10037079,0.030290447
0.45029587,0.45131093,0.0010150671
0.32110837,0.31007472,0.011033654
-0.047280665,-0.08889704,0.041616376
-0.36896744,-0.43388963,0.064922184
-0.16645612,-0.21147098,0.04501486
0.28878257,0.28063622,0.008146346
0.4473193,0.45146495,0.004145652
0.3191101,0.29007405,0.029036045
0.02012245,-0.0525266,0.07264905
-0.03596691,-0.111785784,0.075818874
0.21973015,0.18563896,0.03409119
0.4433756,0.44267526,0.0007003248
0.40937066,0.40420687,0.005163789
0.07377065,0.026506789,0.04726386
-0.18516703,-0.26030153,0.0751345
-0.02824201,-0.080657214,0.052415203
0.27546543,0.25870836,0.016757071
0.47119677,0.47448525,0.0032884777
0.20257792,0.17898136,0.023596555
-0.21303232,-0.27318248,0.06015016
-0.31996217,-0.38536677,0.065404594
0.0071224156,-0.027006553,0.034128968
0.40691507,0.40627062,0.0006444454
0.35994384,0.35571897,0.0042248666
-0.108206384,-0.1459257,0.037719317
-0.44106692,-0.49935666,0.058289737
-0.09881967,-0.18984555,0.091025874
0.3347859,0.31293243,0.021853477
0.4869135,0.48859963,0.001686126
0.3267683,0.30762267,0.019145638
-0.011353123,-0.07340503,0.062051903
-0.14305298,-0.21769351,0.07464053
0.11295713,0.07432309,0.03863404
0.43007988,0.430294,0.00021412969
0.43119386,0.43087026,0.00032359362
0.0801299,0.042365126,0.037764773
-0.26029652,-0.32940653,0.069110006
-0.15991224,-0.21494806,0.055035815
0.24548596,0.22992966,0.015556306
0.46430296,0.4678114,0.0035084486
0.23905012,0.22375716,0.015292957
-0.2346562,-0.28532082,0.05066462
-0.4112597,-0.47147787,0.060218155
-0.13081129,-0.1674317,0.03662041
0.34246862,0.34000552,0.0024631023
0.35102597,0.3495755,0.001450479
0.20023717,0.15879679,0.041440383
-0.08911007,-0.16737016,0.07826009
-0.056545656,-0.12520024,0.06865458
0.24833494,0.22330241,0.025032535
0.47747758,0.48253548,0.005057901
0.2971024,0.2806177,0.016484678
-0.028934188,-0.08116228,0.052228093
-0.247866,-0.32018003,0.072314024
-0.009837536,-0.05320728,0.04336974
0.3729035,0.36881903,0.004084468
0.4194247,0.4190059,0.00041881204
0.10241866,0.073950335,0.028468326
-0.3176244,-0.37890244,0.061278045
-0.29760957,-0.3531818,0.05557224
0.13759032,0.118060686,0.019529633
0.4597447,0.46414766,0.0044029653
0.2852032,0.27750435,0.007698834
-0.23289825,-0.27370587,0.04080762
-0.5221892,-0.5782866,0.05609739
-0.17425275,-0.2639637,0.08971095
0.36387625,0.3499566,0.0139196515
0.46831045,0.46901584,0.00070539117
0.19043592,0.1579042,0.032531723
-0.14794162,-0.2179731,0.07003148
-0.13648923,-0.20065145,0.064162225
0.143686,0.11421245,0.029473543
0.45300043,0.45716885,0.004168421
0.3277384,0.31855175,0.009186655
-0.09834673,-0.14751507,0.04916834
-0.34152636,-0.40920034,0.06767398
-0.14572844,-0.19230549,0.04657705
0.29543984,0.28708628,0.008353561
0.44382343,0.44678473,0.0029613078
0.05738949,0.031663842,0.025725648
-0.35223883,-0.40458056,0.05234173
-0.43403995,-0.48823813,0.054198176
0.0114685325,-0.011019843,0.022488374
0.4336757,0.43815434,0.0044786334
0.20805028,0.1994751,0.008575186
0.115122706,0.06893222,0.046190485
-0.16286583,-0.23998988,0.077124044
-0.01090345,-0.06502974,0.054126292
0.34002447,0.32965973,0.010364741
0.47344434,0.47897372,0.005529374
0.21245638,0.19022523,0.022231147
-0.1915249,-0.2531018,0.061576903
-0.26388496,-0.3284557,0.064570725
0.09765675,0.07030802,0.027348727
0.4100942,0.41128957,0.0011953712
0.36430755,0.36092287,0.0033846796
-0.091464855,-0.13083906,0.03937421
-0.43558794,-0.49796233,0.062374383
-0.21512122,-0.25764072,0.042519495
0.19712795,0.1851413,0.011986658
0.45841804,0.46372837,0.005310327
0.10521425,0.08839034,0.01682391
-0.43222332,-0.479299,0.04707569
-0.56019026,-0.61122566,0.051035404
-0.24576847,-0.33266488,0.086896405
0.4338395,0.43118635,0.0026531518
0.39671257,0.39046386,0.0062487125
0.028462455,-0.01706672,0.045529176
-0.23809372,-0.3086067,0.070512995
-0.14096136,-0.19710109,0.056139722
0.2532075,0.23903616,0.014171347
0.46708763,0.47346193,0.0063742995
0.24657188,0.2325739,0.013997987
-0.21541479,-0.26788706,0.052472264
-0.3881986,-0.45110953,0.062910914
-0.032156635,-0.06364467,0.031488035
0.3999194,0.4015442,0.0016248226
0.4021929,0.40353477,0.0013418794
-0.06334128,-0.09298051,0.02963923
-0.505752,-0.56100494,0.05525291
-0.36364853,-0.40662494,0.04297641
0.17099915,0.16130854,0.009690613
0.4552013,0.46167815,0.0064768493
0.11101808,0.09944226,0.011575818
-0.029662577,-0.085826255,0.056163676
-0.21008775,-0.2824198,0.072332054
0.0053825537,-0.039567832,0.044950385
0.37743756,0.37343472,0.0040028393
0.4226346,0.42370367,0.0010690689
0.039583445,0.0045841997,0.034999244
-0.32989463,-0.39604148,0.06614685
-0.2775059,-0.3349372,0.05743131
0.14666142,0.12776187,0.018899545
0.46107098,0.46759295,0.00652197
0.21765698,0.2050424,0.012614578
-0.21638493,-0.25913516,0.042750224
-0.5000844,-0.55902517,0.05894077
-0.17527716,-0.20935199,0.034074828
0.3327177,0.33172026,0.0009974241
0.3938152,0.39616308,0.0023478866
-0.01475047,-0.03518229,0.02043182
-0.54691225,-0.59387124,0.046958983
-0.5100297,-0.55180174,0.041772068
0.5862219,0.6000089,0.013787031
0.47239304,0.47546676,0.0030737221
0.3338409,0.32324898,0.010591924
-0.080913335,-0.13096009,0.050046757
-0.31840125,-0.38762024,0.06921899
-0.056838565,-0.0978952,0.041056633
0.30106935,0.29394835,0.0071209967
0.44575205,0.45101085,0.0052587986
0.06831507,0.042740237,0.02557483
-0.38448212,-0.44303828,0.05855617
-0.36020708,-0.41309828,0.052891195
0.021784041,-0.001165626,0.022949668
0.43497106,0.440386,0.005414933
0.27026662,0.26461226,0.005654365
-0.28296193,-0.32132894,0.038367003
-0.58892787,-0.64190155,0.052973688
-0.32610664,-0.36118594,0.0350793
0.24327764,0.23975447,0.003523171
0.43177378,0.43761137,0.0058375895
-0.09288425,-0.11171973,0.018835478
-0.12899071,-0.18774675,0.05875604
-0.24053988,-0.30656773,0.06602785
0.10977339,0.080932505,0.028840885
0.44733548,0.45131636,0.003980875
0.31126973,0.30341363,0.007856101
-0.07568333,-0.11554216,0.039858826
-0.4121438,-0.47673318,0.06458938
-0.19802602,-0.24187335,0.043847337
0.27960643,0.27391955,0.005686879
0.45942035,0.46667868,0.007258326
0.11371748,0.096820585,0.016896896
-0.4132662,-0.46295503,0.049688816
-0.4980294,-0.54943967,0.051410258
-0.019757539,-0.0398017,0.02004416
0.38624942,0.3899049,0.0036554635
0.32769546,0.3277775,8.204579e-05
-0.24769183,-0.2764526,0.028760776
-0.67135465,-0.7180899,0.046735227
-0.3844611,-0.41477808,0.030316979
0.5820299,0.5954569,0.013427019
0.46896532,0.47280762,0.0038422942
0.18566555,0.16382346,0.021842092
-0.25167322,-0.3102992,0.058625966
-0.36291334,-0.42735672,0.06444338
-0.01769858,-0.049966767,0.03226819
0.402648,0.40538558,0.0027375817
0.35337585,0.35219198,0.0011838675
-0.1364569,-0.1730174,0.03656049
-0.4828556,-0.5409063,0.058050722
-0.34515315,-0.39026487,0.045111716
0.17740789,0.16801327,0.009394616
0.45664445,0.46428582,0.007641375
0.17289792,0.16375422,0.009143695
-0.4133425,-0.453538,0.040195495
-0.622295,-0.67027366,0.04797864
-0.16349886,-0.18561491,0.02211605
0.3805192,0.3850662,0.004547
0.38335755,0.38772094,0.004363388
-0.21854424,-0.23952366,0.02097942
-0.2723247,-0.33666977,0.06434506
-0.1943845,-0.24800272,0.053618222
0.23246673,0.2183669,0.014099821
0.4624973,0.46851146,0.0060141683
0.22623958,0.2135444,0.012695178
-0.26959053,-0.31903806,0.049447536
-0.45313075,-0.5128783,0.059747547
-0.15850283,-0.1938021,0.03529927
0.33638927,0.33644688,5.760789e-05
0.39607355,0.39979488,0.0037213266
-0.09976925,-0.12678744,0.02701819
-0.56858844,-0.62105876,0.052470326
-0.49064413,-0.5351214,0.044477254
0.05622126,0.043708682,0.01251258
0.45439127,0.4625211,0.008129835
0.14989454,0.14274013,0.007154405
-0.3838484,-0.414583,0.030734599
-0.7226992,-0.76557344,0.042874217
-0.31454596,-0.33751172,0.022965759
0.5559129,0.5681507,0.012237787
0.41571742,0.4157885,7.107854e-05
0.083616436,0.05685917,0.026757266
-0.35506827,-0.41470474,0.059636474
-0.33315814,-0.3875247,0.05436656
0.12208753,0.104558334,0.017529197
0.45840222,0.46583688,0.007434666
0.2765346,0.27136248,0.0051721036
-0.26241633,-0.30234635,0.039930016
-0.56203574,-0.6180007,0.055964947
-0.21507129,-0.24656323,0.031491935
0.2482243,0.24523263,0.0029916763
0.43258706,0.43962824,0.007041186
-0.042088464,-0.060177967,0.018089503
-0.6011748,-0.64532965,0.044154882
-0.55967313,-0.5985856,0.038912475
-0.08011468,-0.09490859,0.01479391
0.4275147,0.43493888,0.0074241757
0.22738627,0.22618708,0.0011991858
-0.44770712,-0.47408563,0.026378512
-0.3641715,-0.42832235,0.06415084
-0.17200789,-0.217105,0.045097113
0.2872302,0.28002384,0.0072063506
0.44159284,0.44645655,0.004863709
0.040311456,0.016515829,0.023795627
-0.38431737,-0.4356236,0.051306218
-0.46819508,-0.52181673,0.05362165
-0.005523182,-0.026412271,0.020889089
0.4320403,0.43904784,0.0070075393
0.25812477,0.2545479,0.0035768747
-0.22943808,-0.2597777,0.030339614
-0.64434445,-0.69445384,0.050109386
-0.36580074,-0.3982631,0.03246236
0.2328471,0.23138107,0.0014660209
0.45505807,0.46381176,0.008753687
0.0329715,0.022718728,0.010252774
-0.5995822,-0.63490134,0.03531915
-0.6899917,-0.72598356,0.035991848
-0.10907385,-0.12084144,0.011767596
0.5381462,0.54973096,0.011584759
0.36129147,0.3583554,0.0029360652
-0.11132947,-0.1488832,0.03755372
-0.46625134,-0.5268651,0.06061378
-0.23803239,-0.27927068,0.041238293
0.18780348,0.17750652,0.010296956
0.4574142,0.46512523,0.007711023
0.093439125,0.078411736,0.015027389
-0.45967463,-0.50628203,0.046607405
-0.59047353,-0.6413974,0.050923884
-0.14638995,-0.16982536,0.023435414
0.38242254,0.38785577,0.0054332316
0.3211875,0.3231707,0.0019831955
-0.27885988,-0.30517524,0.026315361
-0.6926098,-0.7353258,0.042716026
-0.51417315,-0.54605716,0.031884015
0.12172167,0.11774444,0.0039772317
0.45595384,0.46486416,0.008910328
0.11998044,0.11617793,0.003802508
-0.57132405,-0.5980764,0.026752353
-0.47200567,-0.53666854,0.064662874
-0.04693001,-0.07731813,0.03038812
0.39707005,0.39929396,0.002223909
0.3995125,0.40213215,0.002619654
-0.078130186,-0.106187016,0.02805683
-0.5315548,-0.58583754,0.054282725
-0.38516578,-0.42732066,0.04215488
0.16335253,0.1553258,0.008026734
0.4546793,0.4633589,0.008679599
0.15942065,0.1520992,0.007321447
-0.4507809,-0.48814502,0.037364125
-0.66623497,-0.71121645,0.04498148
-0.29561448,-0.3203767,0.024762213
0.309322,0.31257972,0.0032577217
0.3810321,0.38694084,0.0059087276
-0.20944385,-0.2270818,0.017637953
-0.7564242,-0.7927862,0.036361992
-0.6525639,-0.68229765,0.029733717
-0.005381897,-0.01123882,0.005856923
0.48088253,0.49064437,0.00976184
0.22021063,0.20876138,0.011449248
-0.23281172,-0.2735701,0.04075837
-0.5224004,-0.57930887,0.05690849
-0.18994728,-0.22279368,0.032846406
0.32932737,0.32957086,0.00024348497
0.3918013,0.3957967,0.0039953887
-0.025127212,-0.044169214,0.019042002
-0.5676975,-0.61411667,0.046419144
-0.5293782,-0.5707026,0.041324437
0.0406861,0.029966772,0.010719329
0.45429236,0.4635623,0.009269953
0.23328203,0.23227637,0.0010056645
-0.41257778,-0.44063693,0.028059155
-0.7605995,-0.8003504,0.039750934
-0.33729586,-0.35779265,0.020496786
0.21432902,0.21536237,0.0010333508
0.43011436,0.43838936,0.008275002
-0.12008624,-0.13012643,0.010040194
-0.7574663,-0.7857715,0.028305173
-0.57113373,-0.634561,0.06342727
0.012364811,-0.009786501,0.022151312
0.4336719,0.4390725,0.005400598
0.2659393,0.26113936,0.0047999322
-0.29722336,-0.33402035,0.036796987
-0.60814565,-0.65980023,0.051654577
-0.3400776,-0.3741577,0.03408009
0.23946047,0.2372761,0.0021843612
0.43119085,0.4386944,0.0075035393
-0.061220556,-0.07720863,0.015988074
-0.5717819,-0.6093937,0.037611842
-0.6617037,-0.70036733,0.038663626
-0.096394144,-0.10908367,0.012689523
0.42762098,0.43621442,0.00859344
0.22148621,0.22188325,0.00039704144
-0.34671718,-0.36600667,0.019289494
-0.81967753,-0.8528015,0.03312397
-0.48577207,-0.50558686,0.01981479
0.20711122,0.20944737,0.0023361444
0.44127986,0.45012784,0.008847982
0.12318351,0.10798645,0.015197061
-0.42904076,-0.47616735,0.04712659
-0.5145432,-0.5637065,0.04916334
-0.027876113,-0.04701628,0.019140169
0.38480702,0.38901183,0.0042048097
0.32539406,0.32646638,0.0010723174
-0.25833774,-0.28586134,0.027523607
-0.68748665,-0.73328805,0.0458014
-0.49001393,-0.52373147,0.033717543
0.12926675,0.12472124,0.0045455173
0.45556754,0.4649104,0.009342849
0.019904489,0.011564989,0.0083395
-0.630505,-0.6623745,0.03186947
-0.7724518,-0.80678385,0.034332037
-0.24211152,-0.2557248,0.013613269
0.37531093,0.38254708,0.007236153
0.30418715,0.30880198,0.00461483
-0.37869778,-0.3937119,0.015014112
-0.83792514,-0.8636631,0.025737941
-0.6508663,-0.71111226,0.06024593
0.17227688,0.16292027,0.009356618
0.45610377,0.46314394,0.007040173
0.16805325,0.15951607,0.008537188
-0.42643884,-0.46474516,0.038306326
-0.63753223,-0.6837025,0.046170294
-0.17171517,-0.19281487,0.021099702
0.37969744,0.38507205,0.0053746104
0.38260514,0.38807353,0.0054683983
-0.19499038,-0.21366863,0.018678248
-0.73144126,-0.76984614,0.038404882
-0.5442115,-0.57259536,0.028383851
0.11323465,0.110776804,0.0024578422
0.45678568,0.46649384,0.009708166
0.11226769,0.11020881,0.0020588785
-0.58786434,-0.6110232,0.023158848
-0.82313454,-0.850954,0.027819455
-0.38934007,-0.40266436,0.0133242905
0.2992531,0.3050595,0.0058063865
0.31207088,0.3179876,0.0059167147
-0.07470483,-0.09829669,0.023591854
-0.58572835,-0.6349746,0.04924625
-0.5054279,-0.54746056,0.04203266
0.05037466,0.03838254,0.011992119
0.45433953,0.4622497,0.007910162
0.14576863,0.1393434,0.0064252317
-0.39427516,-0.42348772,0.029212564
-0.7362446,-0.77752185,0.04127723
-0.3224935,-0.34431437,0.021820873
0.30544078,0.3091648,0.0037240088
0.37946922,0.38580656,0.0063373446
-0.11083716,-0.12160641,0.010769248
-0.73763096,-0.76785785,0.030226886
-0.68034154,-0.7061763,0.02583474
-0.014296902,-0.018173778,0.003876876
0.46012816,0.47000885,0.009880692
0.20906328,0.21185336,0.0027900785
-0.5136465,-0.5287126,0.015066087
-0.89097065,-0.91314787,0.02217722
-0.7384003,-0.7956034,0.057203114
0.24439049,0.24096304,0.003427446
0.43193582,0.4380233,0.006087482
-0.05029781,-0.06735848,0.017060667
-0.6170066,-0.65851986,0.041513264
-0.57359445,-0.6103909,0.03679645
-0.08660955,-0.10053935,0.013929799
0.42765316,0.43526128,0.0076081157
0.22514209,0.22473235,0.00040973723
-0.44335565,-0.46780643,0.024450779
-0.8003863,-0.8352067,0.034820378
-0.47275442,-0.49394864,0.02119422
0.20948811,0.21153398,0.0020458698
0.4313108,0.44004697,0.008736163
-0.13301,-0.14065208,0.0076420754
-0.70620096,-0.7281699,0.02196896
-0.79509795,-0.8171006,0.022002637
-0.15095514,-0.15535825,0.0044031143
0.4345889,0.44404483,0.009455919
0.13040113,0.13308145,0.0026803166
-0.19715217,-0.2231723,0.02602014
-0.66581595,-0.7122479,0.04643196
-0.38048747,-0.41082284,0.030335367
0.22941191,0.22767636,0.0017355531
0.45529968,0.46327865,0.007978976
0.026808131,0.01731599,0.009492142
-0.6138394,-0.6468652,0.0330258
-0.7039297,-0.7377291,0.03379935
-0.114734285,-0.12543276,0.010698475
0.37546545,0.38206676,0.006601304
0.30531743,0.30947763,0.0041601956
-0.3693041,-0.38539568,0.016091585
-0.8528372,-0.8810926,0.028255403
-0.61410356,-0.6333442,0.019240618
0.09583439,0.09661694,0.0007825494
0.46351695,0.4734402,0.0099232495
-0.022811556,-0.024426265,0.0016147085
-0.7362967,-0.75260746,0.016310751
-0.8795894,-0.8968631,0.017273724
-0.80953676,-0.8626947,0.053157926
0.3808747,0.385169,0.004294306
0.3181742,0.31945074,0.0012765229
-0.2937963,-0.3181947,0.024398386
-0.71396905,-0.75336593,0.039396882
-0.5304646,-0.55999607,0.029531479
0.1171714,0.11346137,0.0037100315
0.45665738,0.46519312,0.008535743
0.11586965,0.11280418,0.0030654669
-0.5763356,-0.6007543,0.024418712
-0.8099634,-0.8392774,0.029313982
-0.26026538,-0.27130005,0.0110346675
0.37571943,0.38310283,0.007383406
0.37860197,0.38592103,0.007319063
-0.27136543,-0.28007862,0.008713186
-0.86238635,-0.88349503,0.021108687
-0.64135814,-0.65538806,0.01402992
0.09164879,0.09433998,0.0026911944
0.46878245,0.47907305,0.010290593
0.023709806,0.025647098,0.0019372925
-0.41137275,-0.44299865,0.031625897
-0.6933377,-0.7345588,0.04122114
-0.31212002,-0.33500415,0.02288413
0.30685177,0.30937937,0.0025275946
0.3799165,0.38501,0.005093515
-0.22155699,-0.2377123,0.016155303
-0.7767112,-0.80994225,0.03323102
-0.66909075,-0.69625735,0.027166605
-0.010748322,-0.01577911,0.0050307875
0.45889184,0.46796232,0.009070486
0.10369068,0.102697186,0.0009934902
-0.50687087,-0.52314955,0.016278684
-0.88225347,-0.90598166,0.023728192
-0.4053813,-0.41566953,0.0102882385
0.2995542,0.30599517,0.0064409673
0.3809194,0.38896856,0.00804916
-0.15565561,-0.15818661,0.002531007
-0.8300862,-0.8441525,0.014066339
-0.7553143,-0.7661952,0.0108808875
0.6405407,0.6539638,0.013423085
0.4545162,0.4623797,0.007863492
0.22778663,0.22637591,0.0014107227
-0.43277353,-0.4584647,0.025691181
-0.7866226,-0.82275045,0.036127865
-0.35241205,-0.37114388,0.018731833
0.2109082,0.21173456,0.0008263588
0.43053684,0.43814248,0.007605642
-0.12874526,-0.1375859,0.008840635
-0.77347744,-0.7989272,0.025449753
-0.71093863,-0.7324099,0.021471262
-0.14848854,-0.15400124,0.0055126995
0.4330281,0.4418752,0.008847088
0.20603213,0.20958622,0.0035540909
-0.53098065,-0.54257447,0.011593819
-0.91239905,-0.929934,0.017534971
-0.5419732,-0.55052966,0.008556485
0.20410948,0.20992583,0.0058163553
0.4427791,0.4526287,0.009849608
-0.20744847,-0.20778106,0.00033259392
-0.53391474,-0.5658383,0.031923532
-0.6902919,-0.72559375,0.035301864
-0.109034225,-0.12082687,0.011792645
0.42773837,0.4350723,0.0073339343
0.21687108,0.21692738,5.6296587e-05
-0.36240998,-0.37986952,0.017459542
-0.8426405,-0.8724197,0.029779196
-0.50064605,-0.51839036,0.017744303
0.20469943,0.20707273,0.002373308
0.46196312,0.47092786,0.008964747
-0.021439798,-0.024156068,0.0027162693
-0.7317519,-0.74952304,0.017771125
-0.81928426,-0.83690333,0.017619073
-0.15904188,-0.1615502,0.0025083125
0.3808217,0.38920823,0.0083865225
0.3038487,0.31074196,0.0068932474
-0.4209924,-0.4260811,0.005088687
-0.92835814,-0.94018894,0.011830807
-0.6618144,-0.6679278,0.00611341
0.6340813,0.6471294,0.013048112
0.4559868,0.46414798,0.008161187
0.009223227,0.0012885005,0.007934727
-0.6556121,-0.6846146,0.029002488
-0.7986242,-0.829657,0.0310328
-0.255194,-0.2675775,0.012383491
0.37500036,0.38133428,0.0063339174
0.3023981,0.30652663,0.0041285455
-0.39165148,-0.40493023,0.013278753
-0.8561538,-0.87893987,0.02278608
-0.63761526,-0.6532031,0.015587866
0.09118246,0.092750944,0.0015684813
0.46697393,0.4763806,0.009406656
0.093165465,0.09532314,0.0021576732
-0.654932,-0.6656303,0.010698259
-0.89552456,-0.90864676,0.013122201
-0.2944849,-0.2962621,0.0017771721
0.38683742,0.39603195,0.009194523
0.38943356,0.3986575,0.009223938
-0.32696244,-0.32711476,0.00015231967
-0.7161946,-0.75004655,0.03385192
-0.56760615,-0.5936473,0.02604115
0.106429935,0.103984155,0.0024457797
0.45770386,0.4661634,0.008459538
0.1059216,0.10381097,0.0021106228
-0.60696596,-0.62783676,0.020870805
-0.8445921,-0.8694809,0.024888813
-0.40158525,-0.4134287,0.011843443
0.29855034,0.30389115,0.0053408146
0.37954095,0.38654196,0.0070010126
-0.28435537,-0.2909318,0.006576419
-0.8849148,-0.9018274,0.01691258
-0.7547447,-0.76728123,0.012536526
-0.033064645,-0.031663608,0.001401037
0.47321418,0.48319426,0.0099800825
0.09358419,0.09766121,0.0040770248
-0.5483345,-0.55290616,0.0045716763
-0.9323166,-0.9407621,0.008445501
-0.42239735,-0.42286268,0.00046533346
0.60256165,0.61499095,0.012429297
0.37910473,0.38485697,0.0057522357
-0.12249775,-0.13259757,0.010099813
-0.7610387,-0.7887293,0.02769059
-0.7008194,-0.7243261,0.023506701
-0.021281132,-0.024916254,0.0036351215
0.4614777,0.47019976,0.008722067
0.20630088,0.20873918,0.002438292
-0.5265665,-0.539963,0.013396502
-0.907426,-0.9270487,0.019622684
-0.41819534,-0.42611542,0.007920086
0.20248967,0.20715562,0.004665941
0.44052684,0.44942585,0.008899003
-0.160723,-0.16175254,0.0010295361
-0.8418506,-0.85247356,0.010622978
-0.7632222,-0.7710186,0.0077964067
-0.16104677,-0.15921283,0.0018339455
0.45000896,0.46021348,0.010204524
0.21335705,0.22063948,0.007282436
-0.55797774,-0.55910647,0.0011287332
-0.8059662,-0.837979,0.03201282
-0.489165,-0.50881946,0.019654453
0.20625474,0.20809248,0.0018377453
0.43188888,0.43972012,0.007831246
-0.14153136,-0.14867778,0.007146418
-0.7224958,-0.7425188,0.020022988
-0.8110944,-0.831001,0.01990658
-0.15705897,-0.1610304,0.0039714277
0.43604323,0.44458526,0.008542031
0.20496547,0.20887494,0.0039094687
-0.41969377,-0.42656654,0.006872773
-0.92694676,-0.94098353,0.014036775
-0.54916334,-0.55538964,0.006226301
0.20638996,0.2124876,0.0060976297
0.4782362,0.4883124,0.010076195
-0.028321994,-0.024966383,0.003355611
-0.7611359,-0.7661858,0.005049944
-0.83995914,-0.84458977,0.0046306252
-0.1522896,-0.1481846,0.0041050017
0.58311343,0.5952092,0.012095749
0.30657068,0.3107026,0.004131913
-0.38114563,-0.3962281,0.0150824785
-0.8707295,-0.8969847,0.02625519
-0.6273115,-0.64506453,0.017753005
0.0927805,0.093447335,0.0006668344
0.46506003,0.4740202,0.008960187
-0.02685937,-0.028392805,0.0015334357
-0.74719083,-0.76195997,0.014769137
-0.8904884,-0.9060223,0.015533924
-0.2939292,-0.2973673,0.0034381151
0.38439283,0.39266112,0.008268297
0.30652046,0.3134955,0.006975025
-0.42384768,-0.42714205,0.0032943785
-0.9014142,-0.90998137,0.008567154
-0.6618395,-0.6658394,0.003999889
0.09975372,0.105878755,0.006125033
0.48677626,0.49745807,0.010681808
0.10502294,0.11168694,0.0066640005
-0.6562175,-0.65666115,0.00044363737
-0.9125598,-0.9428073,0.03024751
-0.26807982,-0.27824488,0.0101650655
0.3760746,0.383214,0.0071393847
0.3789722,0.38586164,0.0068894327
-0.27790087,-0.2860093,0.008108437
-0.87405014,-0.8935367,0.019486547
-0.64970267,-0.66256857,0.012865901
-0.03207708,-0.031843506,0.0002335757
0.47080013,0.48023385,0.009433717
0.09325728,0.0961823,0.0029250234
-0.6604747,-0.66880226,0.008327544
-0.9004575,-0.9108211,0.010363579
-0.42414454,-0.42635754,0.0022130013
0.31092227,0.3190346,0.008112341
0.3944291,0.40357834,0.009149253
-0.28735247,-0.28594285,0.00140962
-0.892803,-0.8971061,0.0043030977
-0.7486859,-0.75029063,0.0016047359
-0.012114784,-0.005728001,0.006386783
0.5219199,0.5333908,0.011470914
0.11467435,0.11449561,0.00017873943
-0.51504225,-0.53031343,0.015271187
-0.8929833,-0.91522443,0.022241116
-0.4109642,-0.4204204,0.009456217
0.30011126,0.3062876,0.0061763227
0.3820672,0.38963354,0.007566333
-0.15800714,-0.16029638,0.0022892356
-0.835862,-0.8487697,0.012907743
-0.7595357,-0.76945287,0.0099172
-0.031103926,-0.028663727,0.0024401993
0.47821596,0.48817912,0.009963155
0.21124214,0.21755135,0.0063092113
-0.5453685,-0.548205,0.0028365254
-0.92742693,-0.9336351,0.0062081814
-0.41529065,-0.41451848,0.0007721782
0.22147553,0.22958203,0.0081065
0.46204245,0.47261304,0.010570586
-0.14082204,-0.13582867,0.004993364
-0.81352013,-0.81388783,0.00036770105
-0.99290127,-1.0201216,0.027220309
-0.15142936,-0.15614119,0.0047118366
0.43448782,0.4434674,0.008979589
0.20596948,0.2096972,0.0037277192
-0.53515214,-0.5458756,0.010723472
-0.9177418,-0.93402475,0.016282976
-0.544485,-0.55229086,0.007805884
0.2053554,0.21096045,0.005605042
0.44493848,0.45424455,0.009306073
-0.15907209,-0.15864801,0.00042407215
-0.75987875,-0.76685035,0.0069715977
-0.8401986,-0.8468094,0.0066108108
-0.1548992,-0.15200293,0.0028962642
0.45607203,0.46630317,0.010231137
0.2199057,0.2275348,0.0076290965
-0.40879866,-0.4072378,0.0015608668
-0.90918833,-0.9116059,0.0024175644
-0.5203368,-0.5182588,0.0020779967
0.23543331,0.24452235,0.009089038
0.48387673,0.49507776,0.011201024
0.00013438246,-0.0012343855,0.001368768
-0.7363123,-0.75292563,0.016613305
-0.8232963,-0.8396946,0.01639831
-0.15943806,-0.16130792,0.0018698573
0.38269418,0.3911197,0.008425504
0.3054622,0.31233495,0.0068727434
-0.42095408,-0.42548528,0.0045312047
-0.9284481,-0.93934125,0.010893166
-0.66047245,-0.6660025,0.0055300593
0.0977643,0.10323863,0.005474329
0.48385954,0.49424082,0.010381281
-0.022038454,-0.017640335,0.0043981187
-0.7512868,-0.75435066,0.0030638576
-0.884857,-0.88821363,0.0033566356
-0.27325958,-0.26964018,0.0036194026
0.40919137,0.41950276,0.010311395
0.3311739,0.34077585,0.009601951
-0.38751376,-0.38375875,0.0037550032
-0.84667486,-0.8460036,0.0006712675
-1.0359427,-1.0590267,0.023084044
0.0918233,0.09429503,0.00247173
0.4689543,0.47891304,0.009958744
0.09416023,0.096932165,0.0027719364
-0.6550598,-0.6647491,0.009689271
-0.8950229,-0.90703887,0.012015939
-0.2924477,-0.293656,0.0012083054
0.38948074,0.3986253,0.009144574
0.39207762,0.40115038,0.009072751
-0.2881538,-0.28766334,0.0004904568
-0.8936735,-0.899542,0.0058684945
-0.6518161,-0.65371716,0.0019010305
-0.015708322,-0.010038429,0.0056698928
0.49354756,0.5044956,0.010948062
0.114436045,0.1217349,0.007298857
-0.6313382,-0.6304019,0.00093626976
-0.85772836,-0.8579855,0.00025713444
-0.3786461,-0.37432435,0.004321754
0.343769,0.35397774,0.010208726
0.35720795,0.36751598,0.010308027
-0.23776999,-0.24217793,0.0044079423
-0.8857258,-0.9012238,0.0154979825
-0.7541546,-0.7653822,0.011227548
-0.030908713,-0.028675593,0.0022331197
0.47571948,0.48610535,0.010385871
0.09618224,0.10076369,0.0045814514
-0.5446392,-0.5484327,0.003793478
-0.9269709,-0.93452996,0.007559061
-0.417073,-0.41709244,1.9431114e-05
0.31776068,0.32675314,0.008992463
0.40086955,0.41071105,0.009841502
-0.14437534,-0.14003575,0.0043395907
-0.81809086,-0.8196908,0.0015999675
-0.72991985,-0.7298229,9.697676e-05
0.0011402388,0.00821347,0.007073231
0.5044121,0.51576275,0.011350632
0.24289772,0.2521425,0.00924477
-0.48856717,-0.48471352,0.003853649
-0.8470831,-0.84543407,0.0016490221
-1.082658,-1.1017535,0.01909542
0.20450678,0.21030827,0.005801484
0.44282663,0.4526324,0.009805769
-0.15854456,-0.15846352,8.1032515e-05
-0.83855385,-0.84778893,0.009235084
-0.7586959,-0.7652552,0.0065593123
-0.15661559,-0.15401596,0.0025996268
0.4531473,0.46365404,0.010506749
0.217232,0.22483456,0.0076025575
-0.53625727,-0.536692,0.00043475628
-0.91372424,-0.917171,0.0034467578
-0.52560925,-0.5242429,0.0013663769
0.23115326,0.24006683,0.008913562
0.4694074,0.48042682,0.011019409
-0.12636086,-0.1203611,0.0059997663
-0.7082058,-0.70650965,0.0016961694
-0.7749327,-0.77321184,0.0017208457
-0.10238145,-0.09529792,0.007083535
0.487278,0.498627,0.011348993
0.18833844,0.19755852,0.009220079
-0.3593942,-0.36356613,0.0041719377
-0.9257031,-0.93783855,0.012135446
-0.5463011,-0.55093735,0.004636228
0.20959367,0.21671517,0.0071215034
0.48110813,0.49193183,0.010823697
-0.024269769,-0.019966587,0.0043031815
-0.75395703,-0.7577607,0.0038036704
-0.83100224,-0.8345083,0.0035060644
-0.1454255,-0.1407181,0.004707396
0.4055869,0.41608182,0.010494918
0.32742405,0.33709887,0.009674817
-0.39389017,-0.39055714,0.0033330321
-0.8864447,-0.8867356,0.00029093027
-0.6109652,-0.6083536,0.0026115775
0.1367148,0.14549634,0.008781537
0.5118933,0.5234744,0.011581123
0.024607824,0.03261178,0.008003956
-0.66687816,-0.6635801,0.0032980442
-0.7824282,-0.77969867,0.002729535
-1.1035272,-1.1183977,0.014870524
0.3870547,0.39649153,0.009436816
0.30903706,0.3171926,0.0081555545
-0.42063832,-0.42228985,0.0016515255
-0.89615995,-0.90285516,0.006695211
-0.6554712,-0.6578962,0.002425015
0.10464123,0.11171474,0.007073514
0.4901252,0.5014177,0.011292487
0.110350266,0.11773969,0.007389426
-0.63822234,-0.6376551,0.0005672574
-0.8666281,-0.86734617,0.00071805716
-0.25789627,-0.25266466,0.005231619
0.41795048,0.42893946,0.0109889805
0.42017564,0.43111965,0.010944009
-0.23956305,-0.23358321,0.005979836
-0.8156492,-0.81358474,0.0020644665
-0.57199746,-0.5679013,0.0040961504
0.04184804,0.050273202,0.008425161
0.5252145,0.53681576,0.011601269
0.103597954,0.11231317,0.00871522
-0.5828537,-0.5879021,0.005048454
-0.8985353,-0.906624,0.008088708
-0.42053714,-0.42096806,0.00043091178
0.31445256,0.3236786,0.009226054
0.39770955,0.4078533,0.010143757
-0.28171042,-0.27888095,0.0028294623
-0.8833547,-0.8859585,0.0026037693
-0.73817986,-0.73836195,0.00018209219
-0.0048651067,0.002353007,0.0072181136
0.50074613,0.5124646,0.011718452
0.12521243,0.13374373,0.008531302
-0.49883988,-0.4950357,0.003804177
-0.8610201,-0.85952145,0.0014986396
-0.3562108,-0.35062894,0.005581856
0.3552609,0.36596105,0.010700136
0.4343699,0.4455198,0.011149913
-0.08135916,-0.07373099,0.0076281726
-0.70869535,-0.7051877,0.0035076737
-0.61478835,-0.61067826,0.004110098
0.6903378,0.70281136,0.012473583
0.45017338,0.46078926,0.010615885
0.21394598,0.22153655,0.007590562
-0.54161006,-0.54250133,0.00089126825
-0.9213652,-0.9253931,0.004027903
-0.4088569,-0.4064519,0.0024049878
0.22634956,0.23549652,0.009146959
0.4657516,0.4771272,0.011375606
-0.13348249,-0.12736224,0.0061202496
-0.7995614,-0.7985589,0.0010024905
-0.70910305,-0.70673805,0.002364993
-0.111503795,-0.10417301,0.0073307827
0.48287725,0.49460983,0.011732578
0.25484827,0.2648786,0.010030329
-0.46295464,-0.4578097,0.0051449537
-0.8117583,-0.80880034,0.00295794
-0.4338283,-0.42831096,0.0055173337
0.2822002,0.2922854,0.010085225
0.50447726,0.51585114,0.0113738775
-0.088668905,-0.081260614,0.007408291
-0.681591,-0.68529403,0.0037030578
-0.8379934,-0.842287,0.0042936206
-0.15116137,-0.14670607,0.004455298
0.45950726,0.47069302,0.011185765
0.2237287,0.23252551,0.008796811
-0.40236908,-0.3991534,0.0032156706
-0.8990779,-0.8995594,0.00048148632
-0.5105064,-0.50693685,0.0035695434
0.24136026,0.2513102,0.009949937
0.5079004,0.51988304,0.01198262
0.016098162,0.024430374,0.0083322115
-0.6829851,-0.67939997,0.0035851598
-0.74564034,-0.74219,0.003450334
-0.08233269,-0.07432294,0.008009754
0.44274408,0.45411357,0.011369497
0.3687508,0.37951964,0.010768831
-0.3027099,-0.2963146,0.00639531
-0.75066113,-0.7472395,0.0034216642
-0.48535812,-0.48048142,0.004876703
0.6841047,0.6962816,0.012176931
0.48689774,0.49804023,0.011142492
-0.019290444,-0.013520918,0.0057695257
-0.74714744,-0.7481004,0.00095295906
-0.87868506,-0.8798742,0.0011891723
-0.26710126,-0.26196322,0.0051380396
0.4133568,0.42454982,0.011193007
0.3356007,0.34612957,0.0105288625
-0.37855646,-0.37338793,0.0051685274
-0.8330771,-0.83081424,0.0022628307
-0.58822495,-0.5837906,0.004434347
0.15073614,0.16039315,0.00965701
0.52015275,0.5321932,0.012040436
0.15954003,0.16916306,0.009623036
-0.54174113,-0.53658533,0.005155802
-0.74518013,-0.74132544,0.003854692
-0.16848955,-0.16116317,0.0073263794
0.45998797,0.47105655,0.011068583
0.46193603,0.47283524,0.010899216
-0.16808853,-0.16144125,0.006647274
-0.84162724,-0.8447801,0.0031528473
-0.6490897,-0.6491228,3.3080578e-05
-0.01188457,-0.0050251465,0.0068594236
0.4969947,0.50864965,0.011654943
0.11860319,0.12700619,0.008402996
-0.624128,-0.6214262,0.0027017593
-0.8479907,-0.8463664,0.0016242862
-0.36975443,-0.3640406,0.0057138205
0.34898043,0.3599653,0.010984868
0.42904484,0.44052002,0.011475176
-0.22076555,-0.21357192,0.007193625
-0.7854426,-0.78172255,0.003720045
-0.6366021,-0.63183355,0.0047685504
0.06066343,0.06971102,0.009047594
0.5342245,0.54604095,0.011816442
0.18574868,0.19528939,0.009540707
-0.38437137,-0.37852824,0.0058431327
-0.7059006,-0.70236135,0.0035392642
-0.23682927,-0.23071425,0.0061150193
0.656971,0.6686084,0.011637449
0.40476388,0.41511682,0.010352939
-0.1412583,-0.135782,0.005476296
-0.8133927,-0.8131732,0.0002195239
-0.7237992,-0.72198737,0.001811862
0.0064695524,0.014573003,0.008103451
0.47828448,0.49003452,0.011750042
0.24775882,0.25783217,0.010073349
-0.479305,-0.47406018,0.0052448213
-0.8342259,-0.83099324,0.003232658
-0.3342697,-0.32759133,0.0066783726
0.27345046,0.28393954,0.010489076
0.49921545,0.5109848,0.011769325
-0.060897667,-0.052608803,0.008288864
-0.6731486,-0.66863704,0.004511535
-0.5786489,-0.573759,0.0048899055
-0.021830857,-0.013833177,0.0079976795
0.52231586,0.53343236,0.011116505
0.31559402,0.32521662,0.009622604
-0.33750096,-0.33243713,0.005063832
-0.89076585,-0.8924461,0.0016802549
-0.52165926,-0.5190766,0.0025826693
0.23508655,0.24455321,0.009466663
0.47291607,0.48433334,0.01141727
-0.12121046,-0.114247955,0.006962508
-0.7001629,-0.6970015,0.0031613708
-0.7652162,-0.7619941,0.0032220483
-0.09493051,-0.086905815,0.008024693
0.4915562,0.5033865,0.0118303
0.2670323,0.27738705,0.010354757
-0.32054535,-0.3137811,0.006764233
-0.7773395,-0.7732914,0.004048109
-0.40451685,-0.39830077,0.006216079
0.29719797,0.3074334,0.010235429
0.542945,0.5544768,0.01153177
0.093977064,0.10262751,0.008650444
-0.53439534,-0.52990234,0.004492998
-0.5803744,-0.5766353,0.0037391186
0.022153465,0.02931674,0.007163275
0.64236283,0.65339756,0.011034727
0.33392212,0.3438093,0.009887189
-0.389067,-0.38488424,0.004182756
-0.87939656,-0.87840825,0.0009883046
-0.60344017,-0.5997426,0.0036975741
0.14218822,0.15150751,0.0093192905
0.51573664,0.52760714,0.011870503
0.031059267,0.03974076,0.008681493
-0.65551686,-0.65103763,0.0044792295
-0.7689946,-0.76502436,0.0039702654
-0.18484627,-0.17727357,0.0075726956
0.45353228,0.46483478,0.011302501
0.3810956,0.39184564,0.010750055
-0.27405047,-0.26732484,0.006725639
-0.68107873,-0.6770248,0.0040539503
-0.44783092,-0.44270495,0.0051259696
0.22597747,0.23493777,0.008960307
0.5581316,0.56897455,0.010842979
0.23736955,0.24585854,0.008488983
-0.38343912,-0.37964594,0.00379318
-0.9522367,-0.95288473,0.0006480217
-0.25207338,-0.24641319,0.005660191
0.42197168,0.43297887,0.01100719
0.42417166,0.43519363,0.011021972
-0.2323304,-0.22578923,0.0065411627
-0.804442,-0.8014087,0.0030332804
-0.56103635,-0.55610394,0.0049324036
0.049507834,0.05840075,0.008892916
0.5294485,0.5412343,0.011785805
0.17578462,0.18534836,0.009563744
-0.5086499,-0.5032393,0.0054106116
-0.7048075,-0.70068264,0.00412488
-0.25674897,-0.25015897,0.0065900087
0.4015991,0.41194698,0.010347873
0.47389618,0.4845103,0.010614127
-0.10766664,-0.10095303,0.006713614
-0.60313666,-0.60009074,0.0030459166
-0.46051744,-0.45713457,0.0033828616
0.16021009,0.16738872,0.0071786344
0.59527785,0.605332,0.010054171
0.14427675,0.15285958,0.00858283
-0.49059367,-0.48646128,0.00413239
-0.84987664,-0.84782404,0.0020526052
-0.34688824,-0.34097928,0.005908966
0.36048386,0.3711868,0.010702938
0.439024,0.45017734,0.01115334
-0.072509795,-0.064577535,0.007932261
-0.69376224,-0.68960005,0.0041621923
-0.5995492,-0.59480935,0.004739821
0.08228844,0.09103963,0.008751191
0.516816,0.528037,0.011220992
0.30663258,0.31642902,0.009796441
-0.34714338,-0.34159717,0.005546212
-0.65633667,-0.6531211,0.0032155514
-0.20010808,-0.19441667,0.005691409
0.34345314,0.35238278,0.00892964
0.54248005,0.55254865,0.010068595
0.05417614,0.06042777,0.0062516294
-0.47033468,-0.46866262,0.0016720593
-0.9790735,-0.9787403,0.00033324957
-0.10362323,-0.09643392,0.0071893036
0.48708424,0.49849173,0.011407495
0.26068693,0.27052027,0.009833336
-0.4510421,-0.4457975,0.005244583
-0.79583484,-0.7926135,0.003221333
-0.42026645,-0.41458094,0.0056855083
0.28928483,0.29931653,0.0100317
0.50926226,0.52053183,0.011269569
-0.03512643,-0.02730579,0.00782064
-0.5558847,-0.55144924,0.0044354796
-0.60409063,-0.6002452,0.0038454533
0.0074538817,0.014830113,0.0073762317
0.5336786,0.5442134,0.010534823
0.3343353,0.3433437,0.009008408
-0.17949226,-0.17438339,0.005108878
-0.5699871,-0.56827974,0.001707375
-0.2358328,-0.23234347,0.0034893304
0.37462217,0.38237247,0.0077503026
0.5703283,0.5793696,0.009041309
0.046783578,0.054912057,0.008128479
-0.6688257,-0.6654477,0.003377974
-0.7297847,-0.72652066,0.0032640696
-0.071911685,-0.06419229,0.0077193975
0.4480949,0.45911103,0.01101613
0.3749018,0.38536412,0.010462314
-0.28843608,-0.28218856,0.0062475204
-0.72989476,-0.7264957,0.003399074
-0.46686333,-0.46201915,0.0048441887
0.21591692,0.22482915,0.0089122355
0.5531187,0.56400216,0.0108834505
0.12005838,0.1279286,0.00787022
-0.4835655,-0.48009783,0.003467679
-0.5729181,-0.57063574,0.002282381
-0.0519681,-0.046532527,0.005435575
0.5063789,0.5156063,0.009227395
0.44377255,0.4522713,0.008498758
-0.11461155,-0.11110012,0.0035114288
-0.45181635,-0.4520142,0.00019785762
-0.96397436,-0.9627357,0.0012386441
0.15898094,0.16810505,0.009124115
0.5245007,0.53600985,0.01150912
0.16810691,0.17722557,0.009118661
-0.52401656,-0.5193472,0.0046693683
-0.723663,-0.7202792,0.0033837557
-0.15376209,-0.14687948,0.006882608
0.46608335,0.4767374,0.010654062
0.4680287,0.47854078,0.010512084
-0.12223495,-0.11572404,0.006510906
-0.6263895,-0.6235387,0.0028508306
-0.39898685,-0.39506736,0.003919482
0.14758797,0.15486768,0.007279709
0.5700009,0.580048,0.010047138
0.26219243,0.26970518,0.0075127482
-0.32431167,-0.32184818,0.0024634898
-0.48241824,-0.48201734,0.00040090084
-0.090969756,-0.08803476,0.0029349998
0.46982586,0.47729307,0.0074672103
0.48103335,0.48827878,0.0072454214
-0.16205023,-0.15517294,0.006877288
-0.76389533,-0.76091284,0.0029824972
-0.61573046,-0.6117223,0.004008174
0.072482444,0.08087127,0.008388825
0.5390896,0.5503452,0.011255562
0.196168,0.20509323,0.008925229
-0.36384434,-0.35872,0.0051243305
-0.67855626,-0.6757831,0.0027731657
-0.2168047,-0.21133308,0.005471617
0.41809693,0.4275885,0.009491563
0.4875808,0.497357,0.009776205
0.039969187,0.04622773,0.0062585436
-0.494596,-0.49285966,0.0017363429
-0.4022152,-0.40047064,0.0017445683
0.19160575,0.19757245,0.005966708
0.5644205,0.5732008,0.008780301
0.38649154,0.39340982,0.0069182813
-0.15868977,-0.15746501,0.0012247562
-0.4067581,-0.40895015,0.0021920502
-0.95069635,-0.94895554,0.0017408133
0.2821665,0.29201645,0.009849936
0.50446147,0.5156417,0.011180222
-0.04629405,-0.038791303,0.007502746
-0.64698064,-0.64351237,0.003468275
-0.5527376,-0.54889303,0.0038445592
-0.0053869276,0.0017738361,0.0071607637
0.5282579,0.5387683,0.010510385
0.32584047,0.33478,0.008939534
-0.3013735,-0.297157,0.004216522
-0.59509826,-0.5935618,0.0015364289
-0.256187,-0.25273055,0.0034564435
0.36511427,0.37295815,0.007843882
0.5550254,0.56415725,0.009131849
0.09076977,0.09562096,0.0048511922
-0.34399068,-0.34371242,0.00027826428
-0.3740131,-0.3749375,0.00092440844
0.14547843,0.14887826,0.003399834
0.58410543,0.5916588,0.007553339
0.43789455,0.44344863,0.00555408
-0.2462092,-0.23984186,0.0063673407
-0.7497146,-0.7467169,0.0029976964
-0.38204068,-0.37682715,0.005213529
0.30724144,0.31674838,0.009506941
0.54822695,0.55913836,0.010911405
0.10867654,0.11644943,0.0077728927
-0.50511384,-0.5018874,0.003226459
-0.5484934,-0.5460778,0.0024155974
0.041029595,0.047223203,0.006193608
0.49969628,0.508993,0.009296745
0.43589625,0.44446403,0.00856778
-0.13392201,-0.13038546,0.0035365522
-0.50317764,-0.50351167,0.00033402443
-0.26859158,-0.26770458,0.0008870065
0.3143153,0.32001734,0.0057020485
0.5977153,0.6058884,0.008173108
0.23859578,0.24269778,0.0041019917
-0.2526486,-0.2547023,0.0020537078
-0.31505755,-0.31896436,0.0039068162
-0.91244406,-0.9104052,0.0020388365
0.46020645,0.47099543,0.010788977
0.38910124,0.39926803,0.010166794
-0.2526189,-0.2468797,0.005739212
-0.649782,-0.6470526,0.002729416
-0.41997385,-0.4161228,0.003851056
0.23944542,0.24752684,0.008081421
0.5638044,0.5739855,0.010181129
0.25115496,0.258736,0.007581055
-0.3473648,-0.34490332,0.002461493
-0.5098937,-0.5094804,0.0004132986
-0.0105557535,-0.0066430103,0.003912743
0.52160805,0.5298048,0.008196771
0.52346206,0.5313872,0.007925153
0.029844308,0.032505322,0.002661014
-0.38197467,-0.38442615,0.0024514794
-0.18334253,-0.18467608,0.0013335496
0.27197063,0.2750515,0.0030808747
0.6170653,0.62394816,0.0068828464
0.32555506,0.3282546,0.002699554
-0.41496724,-0.40985438,0.0051128566
-0.67530084,-0.6721927,0.0031081438
-0.23468702,-0.229039,0.005648017
0.41039568,0.42010444,0.009708762
0.48108658,0.49107414,0.009987563
-0.086588435,-0.0809559,0.0056325346
-0.56864476,-0.5671331,0.0015116334
-0.42791197,-0.42603222,0.0018797517
0.17750122,0.1836419,0.006140679
0.58132607,0.5905254,0.009199321
0.28808215,0.29442203,0.006339878
-0.18247396,-0.18106617,0.0014077872
-0.43787178,-0.43985206,0.001980275
-0.041839268,-0.040714215,0.0011250526
0.48914662,0.49542066,0.0062740445
0.5465457,0.5531741,0.006628394
0.18349352,0.18526308,0.0017695576
-0.24152198,-0.24611065,0.0045886636
-0.15682946,-0.16150193,0.0046724677
0.7358857,0.7433408,0.0074551105
0.52264696,0.53352267,0.010875702
0.3166165,0.32592088,0.009304374
-0.32281184,-0.3182016,0.0046102405
-0.62362576,-0.6216817,0.0019440651
-0.1763311,-0.17173974,0.0045913607
0.35485786,0.36301014,0.008152276
0.5489003,0.55831695,0.00941664
0.07375231,0.07890918,0.0051568747
-0.4346327,-0.43456396,6.8724155e-05
-0.3436026,-0.34361783,1.5228987e-05
0.1274116,0.13110335,0.0036917478
0.577507,0.58530915,0.007802129
0.4091208,0.41483125,0.005710453
-0.10459954,-0.10529022,0.0006906763
-0.3354237,-0.33994886,0.004525155
-0.0499286,-0.052006777,0.0020781755
0.4557222,0.45963523,0.003913015
0.60793537,0.61365527,0.0057199
0.2152135,0.21450531,0.0007081926
-0.46282592,-0.45844194,0.004383981
-0.5761975,-0.57307184,0.0031256676
0.024368575,0.031122576,0.0067540016
0.5397844,0.5498861,0.010101736
0.42727453,0.43628246,0.009007931
-0.15631321,-0.15221818,0.004095033
-0.5357786,-0.5354866,0.00029200315
-0.20854858,-0.20632927,0.0022193044
0.38640052,0.39332494,0.0069244206
0.5917222,0.60023177,0.008509576
0.22227117,0.22677818,0.004507005
-0.28431267,-0.28585884,0.0015461743
-0.30982777,-0.312747,0.002919227
0.1834018,0.1852839,0.0018821061
0.5604327,0.5664296,0.0059969425
0.50902075,0.51403105,0.005010307
0.05549626,0.053595737,0.0019005239
-0.22887239,-0.23613735,0.007264957
-0.03361828,-0.03919169,0.0055734105
0.7338704,0.74037206,0.0065016747
0.5583112,0.5690225,0.010711253
0.13348301,0.14100328,0.0075202733
-0.4572108,-0.45443514,0.002775669
-0.5430861,-0.54170954,0.0013765693
-0.03218551,-0.02753412,0.00465139
0.5137747,0.5224725,0.008697808
0.45267397,0.46056452,0.007890552
-0.09112876,-0.08868768,0.0024410784
-0.4180723,-0.4196968,0.0016244948
-0.21476665,-0.21537137,0.0006047189
0.3406554,0.34525472,0.004599333
0.6095494,0.61684114,0.007291734
0.35426736,0.35808712,0.0038197637
-0.12663099,-0.12975433,0.003123343
-0.24750137,-0.2535002,0.00599882
0.16033293,0.1590416,0.0012913346
0.58486944,0.58944386,0.004574418
0.5868311,0.59107625,0.004245162
0.1877699,0.18446769,0.0033022165
-0.5586215,-0.5555676,0.0030539036
-0.3767907,-0.3731307,0.0036599934
0.16084926,0.16782142,0.006972164
0.57537746,0.5851563,0.009778857
0.27379194,0.28088933,0.0070973933
-0.2995877,-0.29787207,0.0017156303
-0.4527591,-0.45332065,0.00056156516
-0.0690198,-0.06696014,0.0020596609
0.47876438,0.48562962,0.006865233
0.5380589,0.5452306,0.00717175
0.069311425,0.07081271,0.0015012845
-0.3192884,-0.32334307,0.0040546656
-0.19383278,-0.19758108,0.0037482977
0.30350444,0.30535197,0.0018475354
0.62923163,0.63519067,0.005959034
0.39648288,0.39861304,0.0021301508
0.0305871,0.02607127,0.0045158286
-0.15938833,-0.16844647,0.009058133
0.15665808,0.15186913,0.00478895
0.71956414,0.7248637,0.005299568
0.49459365,0.50433123,0.009737581
0.054060344,0.060210362,0.0061500184
-0.47001487,-0.46854636,0.0014685094
-0.37799445,-0.37665966,0.0013347864
0.20509326,0.210664,0.0055707395
0.57046187,0.5788973,0.008435428
0.3963981,0.4028691,0.006471008
-0.1358828,-0.1354145,0.0004682988
-0.37680724,-0.37999055,0.0031833053
0.0022346394,0.002250916,1.6276725e-05
0.4422264,0.44681895,0.004592538
0.60044104,0.6067093,0.006268263
0.21919125,0.21979406,0.0006028116
-0.17963246,-0.18585843,0.0062259734
-0.09729002,-0.10363107,0.006341055
0.28009084,0.27876914,0.0013217032
0.6323569,0.636609,0.0042521358
0.5031702,0.5046709,0.0015007257
0.109654486,0.10248526,0.0071692243
-0.555064,-0.55319136,0.0018726587
-0.23699814,-0.2335146,0.0034835339
0.37424484,0.38197967,0.007734835
0.56077147,0.56975377,0.008982301
0.10548505,0.11010839,0.0046233386
-0.31976983,-0.319883,0.00011315942
-0.3478984,-0.34934986,0.0014514625
0.16132724,0.16423872,0.0029114783
0.5902973,0.5974634,0.007166147
0.49825293,0.5039894,0.00573647
0.02619293,0.025416281,0.0007766485
-0.2714302,-0.27733037,0.0059001744
0.0005773732,-0.0027826645,0.0033600377
0.4781727,0.48114166,0.002968967
0.6407311,0.6458763,0.005145192
0.3537978,0.35362527,0.00017252564
-0.03107455,-0.039279226,0.008204676
-0.040470276,-0.050395098,0.009924822
0.3411702,0.3377588,0.0034113824
0.7147812,0.7189809,0.0041996837
0.44578373,0.45439276,0.008609027
-0.116319135,-0.11271493,0.0036042035
-0.4778673,-0.4781943,0.00032699108
-0.24650708,-0.24574718,0.0007598996
0.32560185,0.3310994,0.005497545
0.603264,0.6112181,0.007954121
0.2519822,0.25577894,0.0037967265
-0.22749794,-0.23003939,0.0025414526
-0.28722608,-0.29174924,0.004523158
0.13491677,0.13471608,0.00020068884
0.57601964,0.5812798,0.0052601695
0.5277046,0.53192204,0.004217446
0.17992018,0.1780418,0.0018783808
-0.14407974,-0.15258142,0.008501679
0.023347387,0.016323423,0.007023964
0.45517075,0.45523924,6.848574e-05
0.6603833,0.6641286,0.0037453175
0.46988946,0.4690867,0.00080275536
0.1154366,0.10543905,0.009997547
-0.55767775,-0.5575882,8.952618e-05
0.0058148284,0.009802022,0.0039871936
0.5283759,0.536505,0.00812906
0.5302348,0.53806967,0.007834852
0.046942774,0.04951506,0.0025722869
-0.3552107,-0.35782704,0.0026163459
-0.15980637,-0.16139922,0.0015928447
0.2858258,0.28861699,0.002791196
0.622864,0.6294797,0.0066156983
0.3814069,0.38440856,0.00300166
-0.0694274,-0.07374482,0.0043174177
-0.18028077,-0.1876536,0.0073728263
0.12899406,0.12529495,0.003699109
0.55725443,0.5601947,0.0029402375
0.60320884,0.60663944,0.003430605
0.24988993,0.24574673,0.0041431934
-0.033931524,-0.045393802,0.011462279
0.06984453,0.05898808,0.01085645
0.44293135,0.43968093,0.00325042
0.69280964,0.69539374,0.0025840998
0.31003928,0.31650436,0.0064650774
-0.16134238,-0.15985231,0.0014900714
-0.41034585,-0.41226605,0.0019201934
-0.021839006,-0.020772895,0.001066111
0.49765193,0.5037876,0.0061356425
0.5537562,0.56022847,0.0064722896
0.19978811,0.20135769,0.001569584
-0.21368657,-0.2185822,0.0048956275
-0.13004667,-0.13510394,0.0050572753
0.33740044,0.3382739,0.00087347627
0.62527,0.6301846,0.004914582
0.4908767,0.49315754,0.0022808313
0.086898826,0.08104289,0.005855933
-0.08658365,-0.0972615,0.010677852
0.20811687,0.2019768,0.006140068
0.5405594,0.5407488,0.00018936396
0.65791535,0.6604429,0.002527535
0.38227448,0.37734455,0.00492993
0.102677196,0.088859476,0.01381772
-0.5298645,-0.5318158,0.0019513369
0.14375177,0.14740627,0.0036544949
0.5838205,0.5915112,0.007690668
0.41947907,0.4250919,0.0056128204
-0.08110408,-0.08188096,0.0007768795
-0.3049511,-0.30961308,0.0046619773
-0.02585454,-0.028130798,0.0022762585
0.46658194,0.4702878,0.0037058592
0.6145882,0.62010366,0.005515456
0.25983244,0.25932786,0.0005045831
-0.062749766,-0.06973936,0.006989591
-0.074048206,-0.08273197,0.008683763
0.32153246,0.31904215,0.0024903119
0.64708,0.65054554,0.0034655333
0.57920027,0.5808101,0.0016098619
0.23483142,0.22774895,0.007082477
0.02696014,0.013202919,0.013757221
0.23304898,0.2229216,0.0101273805
0.5786097,0.5770362,0.001573503
0.68624806,0.68736607,0.0011180043
0.25433388,0.25889042,0.0045565367
-0.2555152,-0.25717816,0.0016629696
-0.2791264,-0.28218463,0.003058225
0.20158114,0.20329528,0.0017141402
0.5682966,0.57412267,0.005826056
0.51845336,0.5232882,0.0048348308
0.079103425,0.07696688,0.0021365434
-0.19526738,-0.202858,0.0075906217
-0.0050801993,-0.011006806,0.0059266067
0.44137752,0.44221997,0.00084245205
0.65408427,0.6584461,0.0043618083
0.39035574,0.38905746,0.0012982786
0.039008703,0.029162714,0.009845989
0.0054014106,-0.006907283,0.0123086935
0.32269788,0.316477,0.006220877
0.6446014,0.6458663,0.0012648702
0.61077076,0.6107297,4.10676e-05
0.36926162,0.36127967,0.007981956
0.15246855,0.13599086,0.01647769
-0.4694614,-0.4735229,0.0040614903
0.35478696,0.3591217,0.004334748
0.6158019,0.62286866,0.0070667863
0.36856905,0.3721412,0.003572166
-0.096235484,-0.09967772,0.0034422353
-0.21180463,-0.21816446,0.0063598305
0.18329516,0.18169382,0.0016013384
0.5933301,0.5976791,0.0043489933
0.59533364,0.5993532,0.0040195584
0.22905129,0.22579242,0.003258869
-0.06642907,-0.076742634,0.010313563
0.090119526,0.081451625,0.008667901
0.42688876,0.42444798,0.0024407804
0.6753525,0.67824674,0.0028942227
0.5016059,0.49970323,0.0019026995
0.18493329,0.1733759,0.011557385
0.11678825,0.10141823,0.015370026
0.34206787,0.3318065,0.010261357
0.6412351,0.6398309,0.0014042258
0.64905894,0.6474032,0.0016557574
0.12558079,0.12697735,0.0013965666
-0.28094506,-0.28561094,0.0046658814
-0.15834841,-0.16265748,0.004309073
0.32208583,0.32353997,0.0014541447
0.6359291,0.64161396,0.0056848526
0.4122832,0.41406697,0.0017837584
0.061740525,0.056736935,0.00500359
-0.11901191,-0.12865867,0.009646758
0.18502152,0.17975202,0.0052694976
0.5788849,0.58081913,0.0019342303
0.62109655,0.6235901,0.0024935603
0.36397952,0.3598727,0.0041068196
0.07170578,0.05900954,0.01269624
0.14218591,0.12953943,0.012646481
0.48072153,0.4762333,0.0044882298
0.6844972,0.6854985,0.0010012984
0.59259516,0.59020776,0.0023874044
0.32241228,0.3095414,0.012870878
0.21582653,0.19694667,0.01887986
-0.4109449,-0.41737708,0.0064321756
0.45566294,0.4597534,0.004090458
0.6079534,0.61381876,0.0058653355
0.24207208,0.2420948,2.272427e-05
-0.13927463,-0.14627145,0.0069968253
-0.058768418,-0.06583211,0.0070636906
0.303404,0.30156255,0.0018414557
0.64020056,0.6441343,0.0039337277
0.51716053,0.5182796,0.0011190772
0.14926979,0.14166841,0.0076013803
-0.005660602,-0.018376391,0.0127157895
0.20759705,0.19839242,0.009204626
0.5672057,0.56628555,0.0009201765
0.673357,0.6749637,0.0016067028
0.42646945,0.42015976,0.006309688
0.21058111,0.19591019,0.014670923
0.21335286,0.19672714,0.016625717
0.48821864,0.47987306,0.008345574
0.7071147,0.7065619,0.0005527735
0.6403676,0.63636523,0.0040023923
0.09435048,0.093199275,0.0011512041
-0.22771215,-0.23471129,0.006999135
0.03454858,0.030301861,0.004246719
0.49230373,0.4947286,0.002424866
0.64776856,0.6524972,0.0047286153
0.3744003,0.3736345,0.0007658005
0.0091417935,9.195926e-05,0.009049835
0.0019709568,-0.008805753,0.01077671
0.36543238,0.361438,0.0039943755
0.636453,0.6382209,0.0017679334
0.6010616,0.6015706,0.00050902367
0.29137042,0.28262687,0.008743554
0.1073266,0.091536984,0.015789613
0.25018662,0.2368749,0.013311729
0.5630009,0.5587768,0.0042241216
0.70842,0.70887065,0.00045067072
0.53420377,0.5274119,0.0067918897
0.31038174,0.29279575,0.017585993
0.29939416,0.2789222,0.02047196
-0.3365984,-0.34531555,0.0087171495
0.58528334,0.5899321,0.004648745
0.5391469,0.54273033,0.0035834312
0.20758614,0.2048127,0.002773434
-0.0998669,-0.10949939,0.009632491
0.061304364,0.053305764,0.007998601
0.4727303,0.4721851,0.0005452037
0.6676049,0.67091644,0.0033115149
0.48754844,0.48617426,0.0013741851
0.15621376,0.14547583,0.010737926
0.08361841,0.0691937,0.0144247115
0.3724572,0.3646303,0.0078268945
0.662597,0.66279703,0.00020003319
0.6649251,0.66477203,0.00015306473
0.41881967,0.409276,0.009543657
0.22940412,0.21094131,0.018462807
0.34328774,0.32719222,0.016095519
0.56934845,0.5613768,0.007971644
0.73027813,0.7291288,0.0011493564
0.6044614,0.5962326,0.008228779
0.01265216,0.0077872854,0.0048648743
-0.13700826,-0.14575975,0.008751482
0.15991278,0.1551493,0.004763484
0.56880784,0.5710932,0.0022853613
0.61264014,0.6154733,0.002833128
0.27764174,0.27260682,0.0050349236
0.038006287,0.026067922,0.011938365
0.11026199,0.09839396,0.01186803
0.46374664,0.45982403,0.0039226115
0.68901867,0.6908477,0.0018290281
0.5328697,0.52960616,0.003263533
0.29531458,0.28328237,0.012032211
0.18152581,0.16367148,0.017854333
0.39635655,0.38440868,0.01194787
0.66264266,0.6600856,0.0025570393
0.6912307,0.68943995,0.001790762
0.5287796,0.5187181,0.010061502
0.35187107,0.33119318,0.020677894
0.4063071,0.3859185,0.020388603
0.7892459,0.78949505,0.00024914742
0.63285273,0.63707834,0.0042256117
0.50455225,0.5060223,0.0014700294
0.120061725,0.11302175,0.007039979
-0.043394674,-0.05539519,0.012000516
0.2383573,0.2311973,0.007160008
0.55454016,0.5540361,0.0005040765
0.6657874,0.6677423,0.0019549131
0.40584722,0.40011084,0.005736381
0.14381334,0.1289763,0.0148370415
0.21052834,0.19584145,0.014686897
0.4680486,0.46036738,0.007681221
0.6995097,0.69939536,0.00011432171
0.618087,0.6144144,0.0036725998
0.38047096,0.36580878,0.014662176
0.28991863,0.26900604,0.020912588
0.4361188,0.4198363,0.016282499
0.6669966,0.66116565,0.0058309436
0.7336193,0.73094356,0.002675712
0.57743365,0.5642806,0.013153017
0.015553799,0.007967586,0.0075862138
-0.035926804,-0.04601659,0.010089785
0.34354138,0.34004784,0.0034935474
0.6545768,0.6573618,0.002785027
0.5900673,0.59094125,0.0008739233
0.26338482,0.25526232,0.008122504
0.067788966,0.052826844,0.014962122
0.26463348,0.253508,0.011125475
0.5919842,0.58972937,0.0022548437
0.70125544,0.7020664,0.0008109808
0.5156908,0.50948155,0.0062092543
0.27599478,0.25933138,0.016663402
0.28164265,0.26300547,0.01863718
0.5278962,0.5180065,0.009889722
0.7057754,0.7031933,0.0025820732
0.68438876,0.6802654,0.00412333
0.49612674,0.48064336,0.015483379
0.3934211,0.3694682,0.023952901
0.4893099,0.4685787,0.02073121
0.79342306,0.79237974,0.0010433197
0.6605119,0.66416806,0.003656149
0.40780875,0.40556014,0.002248615
0.07247865,0.061370064,0.011108588
0.042013876,0.028429383,0.013584493
0.3461144,0.338913,0.0072014034
0.65314776,0.6537158,0.00056803226
0.6211126,0.62035054,0.0007620454
0.39271045,0.38382304,0.00888741
0.18893588,0.17140917,0.017526701
0.3089251,0.29369277,0.015232325
0.59138834,0.58574903,0.0056393147
0.7217283,0.7209955,0.0007328391
0.60634476,0.5997933,0.0065514445
0.40044963,0.3823793,0.01807034
0.3650409,0.34261456,0.022426337
0.55218416,0.5380144,0.014169753
0.7312822,0.72694075,0.0043414235
0.73404497,0.729273,0.004771948
0.58935815,0.5727346,0.016623557
-0.007231578,-0.018300727,0.011069149
0.1189717,0.10910947,0.009862229
0.4433007,0.43995446,0.0033462346
0.68171626,0.6839135,0.0021972656
0.51560915,0.51285946,0.0027496815
0.21398379,0.20132397,0.012659818
0.15052612,0.13401493,0.016511187
0.36630252,0.35509157,0.011210948
0.6510173,0.6488937,0.0021235943
0.6815295,0.6801398,0.0013897419
0.46141005,0.450188,0.011222035
0.3126602,0.29296565,0.019694537
0.3696064,0.35019135,0.01941505
0.6010234,0.59154725,0.009476125
0.74343663,0.74104136,0.0023952723
0.6495671,0.640976,0.0085911155
0.51334,0.49422577,0.019114226
0.45665193,0.43070817,0.025943756
0.58915466,0.57041925,0.018735409
0.793877,0.7910467,0.0028303266
0.6293392,0.6311379,0.0017986894
0.3819268,0.37688142,0.005045384
0.10221897,0.08832984,0.013889134
0.17121138,0.15742582,0.013785556
0.4963009,0.49094793,0.005352974
0.6913661,0.69165945,0.00029337406
0.6038332,0.6006586,0.003174603
0.34732133,0.33346093,0.0138604045
0.24745855,0.2275266,0.019931942
0.44282523,0.429129,0.0136962235
0.6531466,0.64782774,0.00531888
0.7253916,0.7231325,0.0022591352
0.56487095,0.5531948,0.011676133
0.4114393,0.3887802,0.022659093
0.46207368,0.4397717,0.022301972
0.6221349,0.60839814,0.013736784
0.75867736,0.7540105,0.004666865
0.7142429,0.70531577,0.008927107
0.58766985,0.5655461,0.022123754
0.03445967,0.02081216,0.01364751
0.23164806,0.2214115,0.010236561
0.57809293,0.5764161,0.0016768575
0.68013334,0.6810554,0.00092208385
0.44376343,0.4365477,0.0072157383
0.23814791,0.22237971,0.0157682
0.24213344,0.22440821,0.01772523
0.50525445,0.4960276,0.009226859
0.7138949,0.71262246,0.00127244
0.6730262,0.66939604,0.0036301613
0.46769622,0.4529685,0.014727712
0.35372892,0.33072063,0.023008287
0.4854078,0.4672724,0.018135399
0.689413,0.6821658,0.0072472095
0.7560662,0.7525278,0.0035384297
0.6503686,0.6383818,0.011986792
0.52151114,0.49712718,0.024383962
0.53509074,0.508529,0.026561737
0.6760051,0.65986866,0.016136467
0.7991972,0.7946936,0.0045036077
0.61151606,0.61141026,0.000105798244
0.31287384,0.30318424,0.009689599
0.13728221,0.12035383,0.016928375
0.27547273,0.26111424,0.014358491
0.5755963,0.5705789,0.0050174
0.71471024,0.7144779,0.0002323389
0.5488036,0.54115564,0.007647991
0.3366417,0.31798932,0.01865238
0.32753175,0.30597794,0.021553814
0.5284218,0.51495105,0.013470769
0.7223872,0.71855825,0.0038289428
0.7040321,0.69857335,0.005458772
0.57200694,0.5566958,0.015311122
0.46197602,0.43634316,0.025632858
0.5406622,0.5179537,0.022708535
0.70416003,0.69299185,0.011168182
0.77665526,0.7712787,0.0053765774
0.7183217,0.7060536,0.012268066
0.6196125,0.5937802,0.025832295
0.07447407,0.05784963,0.016624436
0.3918166,0.3831445,0.008672088
0.6704249,0.670006,0.00041890144
0.6727916,0.67199683,0.00079476833
0.43796024,0.42751014,0.010450095
0.25826564,0.23867375,0.019591898
0.3679591,0.35081568,0.017143428
0.58369577,0.5748794,0.008816361
0.73663074,0.73477864,0.0018520951
0.63488865,0.62692314,0.007965505
0.45704672,0.4369651,0.02008161
0.42933512,0.40470943,0.024625689
0.5650996,0.5470805,0.01801908
0.7324644,0.72548425,0.006980121
0.7508629,0.7447367,0.006126225
0.634836,0.6169875,0.017848492
0.56509995,0.5373318,0.027768135
0.6049009,0.5776276,0.027273297
0.7271658,0.71159035,0.015575469
0.8007441,0.79377156,0.0069725513
0.551733,0.5480239,0.0037091374
0.31965613,0.3067065,0.0129496455
0.21219394,0.19324541,0.018948525
0.41807353,0.40520093,0.0128726065
0.67194974,0.6687255,0.0032242537
0.69925076,0.69679904,0.0024517179
0.54570585,0.5347575,0.01094836
0.3793861,0.3575667,0.021819383
0.43203625,0.41053677,0.021499485
0.63430357,0.6233064,0.010997176
0.75153655,0.7474685,0.0040680766
0.70274305,0.69445235,0.008290708
0.56444216,0.54331875,0.02112341
0.5199785,0.4917347,0.02824381
0.63349265,0.612822,0.020670652
0.747304,0.7365786,0.010725439
0.7851051,0.7779148,0.007190287
0.7110214,0.6928277,0.018193722
0.64862573,0.61781234,0.030813396
0.13222188,0.11279836,0.019423515
0.486438,0.47802693,0.00841108
0.70677334,0.70614874,0.0006245971
0.62970406,0.6253976,0.0043064356
0.40538087,0.38973948,0.015641391
0.32107636,0.2989956,0.02208075
0.4601998,0.44288868,0.017311126
0.6781125,0.67154545,0.006567061
0.74085915,0.73751754,0.0033416152
0.6043344,0.59103936,0.013295054
0.49383867,0.47024506,0.023593605
0.5066529,0.48086682,0.025786072
0.6592924,0.6438549,0.015437484
0.7737213,0.76779,0.005931258
0.75433373,0.7455617,0.008772016
0.65607435,0.634248,0.021826327
0.6106824,0.57931465,0.03136778
0.6824756,0.6569225,0.025553107
0.7796215,0.7666422,0.012979269
0.8087298,0.79953325,0.009196579
0.5412011,0.53470516,0.0064959526
0.30752105,0.28987005,0.017650992
0.31427163,0.29456592,0.019705713
0.54699147,0.53631186,0.010679603
0.7143872,0.71124434,0.0031428337
0.6945785,0.6898295,0.004749
0.5194731,0.50298893,0.016484141
0.425206,0.39998987,0.025216132
0.5157084,0.49382222,0.02188617
0.6917464,0.6813008,0.010445595
0.77028733,0.76560396,0.0046833754
0.6836355,0.67005634,0.01357913
0.58053404,0.5539563,0.02657777
0.5868938,0.55705965,0.029834151
0.69414717,0.6739266,0.020220578
0.78933907,0.78033715,0.009001911
0.78285325,0.7718879,0.010965347
0.73086905,0.7086001,0.022268951
0.6954808,0.6616037,0.033877134
0.20576812,0.18392564,0.02184248
0.60691047,0.600694,0.0062164664
0.7290256,0.72788334,0.0011422634
0.6218068,0.6146268,0.0071799755
0.4313782,0.412253,0.019125193
0.40017748,0.3765321,0.023645371
0.574583,0.5594851,0.015097916
0.7402099,0.73527825,0.0049316287
0.74305487,0.7376625,0.0053923726
0.61669755,0.59966916,0.017028391
0.5288838,0.5010248,0.027859032
0.5970043,0.57223827,0.024766028
0.71399534,0.6991791,0.014816225
0.79168797,0.7850259,0.0066620708
0.7456756,0.7318264,0.013849199
0.6716109,0.64378995,0.027820945
0.6704008,0.6375271,0.03287369
0.7366635,0.711462,0.0252015
0.80723786,0.79450417,0.012733698
0.81218696,0.79900163,0.013185322
0.5017301,0.4904822,0.011247873
0.35055688,0.32980898,0.0207479
0.40502763,0.38455722,0.02047041
0.6196472,0.60947454,0.010172665
0.7509268,0.7480904,0.0028364062
0.6653491,0.6560779,0.0092712045
0.5422563,0.5220652,0.020191073
0.49261412,0.46534202,0.027272105
0.614188,0.594386,0.019802034
0.7529211,0.74468315,0.008237958
0.7684515,0.7610892,0.007362306
0.6962094,0.678843,0.01736635
0.62537277,0.59541726,0.029955506
0.66052026,0.6311095,0.02941078
0.75725156,0.7400146,0.017236948
0.8096579,0.8002783,0.009379566
0.7925241,0.7782681,0.0142560005
0.7473439,0.7187059,0.028638005
0.74287546,0.7064889,0.03638655
0.27619094,0.2517766,0.02441433
0.66711307,0.661299,0.0058140755
0.7337631,0.73111683,0.0026462674
0.58741724,0.5750148,0.012402415
0.4491109,0.42532372,0.02378717
0.47995842,0.45522827,0.024730146
0.64340925,0.6288519,0.014557362
0.76686466,0.7616952,0.0051694512
0.72749525,0.7179026,0.009592652
0.617383,0.59440005,0.022982955
0.5857449,0.5553403,0.030404627
0.66327757,0.6386155,0.024662077
0.77021974,0.758072,0.012147725
0.8000799,0.79157573,0.008504152
0.745684,0.7257615,0.019922554
0.7100572,0.67855847,0.03149873
0.72620595,0.6924251,0.033780873
0.7890323,0.7668872,0.022145092
0.8300507,0.81832427,0.011726439
0.8245653,0.8081377,0.016427577
0.51353294,0.49895772,0.014575213
0.3952509,0.3711971,0.024053782
0.5171273,0.4980998,0.019027472
0.70313644,0.6953506,0.0077858567
0.76367754,0.75971997,0.0039575696
0.6693634,0.65667355,0.012689829
0.5559824,0.5304793,0.025503099
0.57035506,0.5425977,0.027757347
0.69640625,0.67941207,0.016994178
0.78184104,0.773663,0.008178055
0.7742625,0.7641564,0.010106087
0.70048726,0.67687196,0.0236153
0.67019486,0.6367467,0.03344816
0.7182968,0.68879735,0.029499471
0.79304266,0.77646005,0.016582608
0.8238595,0.81360203,0.0102574825
0.7982672,0.77809304,0.020174146
0.7754817,0.74116546,0.03431624
0.789296,0.75165147,0.037644506
0.35037276,0.32368442,0.026688337
0.7319608,0.7277047,0.0042560697
0.71560985,0.7096827,0.0059271455
0.59739685,0.58134246,0.016054392
0.50056684,0.4738971,0.02666974
0.57313275,0.54946536,0.023667395
0.7197128,0.7079083,0.011804521
0.78411466,0.7782605,0.00585413
0.73371094,0.7207625,0.012948453
0.65000015,0.6232558,0.026744366
0.6466616,0.61488307,0.031778514
0.73236156,0.71048856,0.021872997
0.80540144,0.79503566,0.010365784
0.8087398,0.7977569,0.010982871
0.76684934,0.7428617,0.02398765
0.74691653,0.71110004,0.03581649
0.779677,0.7474315,0.032245457
0.82077783,0.7993798,0.021398008
0.84334856,0.8305825,0.012766063
0.8363646,0.8144879,0.021876752
0.5084187,0.48875508,0.019663602
0.46787536,0.44234645,0.025528908
0.59231776,0.5735451,0.018772662
0.7433603,0.73587143,0.007488847
0.76010346,0.7534871,0.006616354
0.6583017,0.6397017,0.018599987
0.5991655,0.5704224,0.028743088
0.6364326,0.60819083,0.028241754
0.74387497,0.72758317,0.016291797
0.8049867,0.7970246,0.007962108
0.77109665,0.75576866,0.01532799
0.72867966,0.701123,0.027556658
0.72091407,0.6856374,0.03527665
0.7740568,0.74718416,0.026872635
0.824273,0.810036,0.014236987
0.8311936,0.8177702,0.013423443
0.8173974,0.7931721,0.024225295
0.81160957,0.77414024,0.037469327
0.8303493,0.7936651,0.036684215
0.8582158,0.84674287,0.01147294
0.75918734,0.754628,0.004559338
0.71546036,0.7066179,0.008842468
0.59248304,0.57062036,0.021862686
0.5550518,0.5259675,0.029084325
0.6578581,0.63645935,0.021398723
0.759207,0.74789596,0.011311054
0.79260707,0.78487706,0.007730007
0.7294931,0.71059555,0.018897533
0.6783044,0.6466292,0.03167516
0.7024874,0.6699369,0.032550514
0.77471626,0.7535974,0.02111888
0.82307327,0.8122473,0.010825992
0.8122964,0.7965182,0.015778184
0.78531265,0.7550513,0.030261338
0.7882423,0.7502026,0.038039684
0.8180659,0.7863024,0.031763494
0.845952,0.8273218,0.018630147
0.8535179,0.8385021,0.015015781
0.85338223,0.82564044,0.02774179
0.5393739,0.5163347,0.023039162
0.53808236,0.5115794,0.026502967
0.6775527,0.66148627,0.016066432
0.78084815,0.7743557,0.006492436
0.7639754,0.75462043,0.009354949
0.6781919,0.6556983,0.0224936
0.64066756,0.6085762,0.03209138
0.7053825,0.67914015,0.026242375
0.7901207,0.77651715,0.013603568
0.8168213,0.80738163,0.009439647
0.7844645,0.76531994,0.019144535
0.7531958,0.7201412,0.03305465
0.7693614,0.73406166,0.03529972
0.8150199,0.79135865,0.023661256
0.84135073,0.82695764,0.014393091
0.8424045,0.82583135,0.016573131
0.8360239,0.8054145,0.030609429
0.84415025,0.80365133,0.040498912
0.8605523,0.8242666,0.0362857
0.8667837,0.8531943,0.013589382
0.77666545,0.77136123,0.0053042173
0.6984786,0.68426013,0.01421845
0.6069213,0.5796982,0.02722311
0.6147928,0.58432627,0.030466557
0.7120305,0.6911865,0.020843983
0.7967767,0.787142,0.009634733
0.7915229,0.7799178,0.011605144
0.74783534,0.7249387,0.022896647
0.71997714,0.6855034,0.034473717
0.75731665,0.72630817,0.031008482
0.8134612,0.79534596,0.018115222
0.83577824,0.82392037,0.011857867
0.8256384,0.80613244,0.019505978
0.8140906,0.7801548,0.033935785
0.8255682,0.7866194,0.038948774
0.848835,0.8201981,0.028636873
0.86108524,0.8440219,0.01706332
0.8647891,0.84691036,0.01787877
0.8737469,0.84229624,0.03145063
0.564275,0.5366031,0.027671933
0.6199845,0.59456867,0.025415838
0.7273138,0.7118385,0.015475333
0.79773015,0.7903775,0.00735265
0.7570362,0.7425196,0.014516592
0.6927626,0.66435134,0.02841127
0.69389945,0.6604807,0.033418775
0.7534713,0.7276825,0.025788844
0.81493306,0.8015123,0.013420761
0.8228973,0.81029564,0.012601674
0.79533994,0.7697915,0.025548458
0.78857386,0.7523583,0.036215544
0.8096226,0.7741462,0.035476387
0.8407578,0.81780714,0.02295065
0.85457236,0.84005684,0.014515519
0.8542465,0.8320809,0.022165596
0.86048144,0.82607216,0.034409285
0.8737957,0.83197355,0.041822135
0.88218164,0.8487646,0.033417046
0.8761307,0.85985357,0.016277134
0.7758156,0.7677281,0.008087516
0.7106552,0.692579,0.018076241
0.6480875,0.61750764,0.030579865
0.6815018,0.65149206,0.030009747
0.76893944,0.75102293,0.0179165
0.81572974,0.8055916,0.010138154
0.80127114,0.78629106,0.014980078
0.7638212,0.7346206,0.029200613
0.7624578,0.7256212,0.036836565
0.8034579,0.77502537,0.028432548
0.8363428,0.818592,0.0177508
0.84659314,0.8324351,0.01415807
0.83954877,0.8137239,0.025824845
0.8428043,0.8040435,0.03876084
0.8579768,0.81857795,0.03939885
0.86989,0.84200317,0.027886808
0.87240005,0.85447735,0.0179227
0.87817544,0.8552484,0.022927046
0.89540416,0.85842323,0.036980927
0.6118497,0.58105886,0.030790865
0.68140376,0.6560195,0.025384247
0.77911705,0.7661931,0.012923956
0.8062956,0.79697627,0.009319305
0.7584261,0.73777586,0.020650208
0.7285121,0.69641906,0.032093048
0.7446316,0.7103147,0.034316897
0.8003468,0.77753234,0.022814453
0.83577037,0.82321113,0.012559235
0.83394486,0.8181766,0.01576823
0.81953627,0.7898625,0.029673755
0.8232966,0.7837929,0.039503694
0.8449032,0.8116432,0.033259988
0.86074084,0.8403462,0.020394623
0.8657019,0.84929824,0.016403675
0.8712572,0.8450872,0.026170015
0.88553387,0.8459042,0.039629698
0.8974254,0.85592,0.041505396
0.8978394,0.8651911,0.032648325
0.88616633,0.8673086,0.018857718
0.7825409,0.77165043,0.010890484
0.71632004,0.6919015,0.024418533
0.6906708,0.6565082,0.03416258
0.7352168,0.7050168,0.030200005
0.8022276,0.7848412,0.017386436
0.82954216,0.81839263,0.011149526
0.808258,0.78730285,0.020955145
0.79079556,0.75592405,0.03487152
0.80469424,0.7665879,0.038106322
0.83529043,0.8074651,0.027825356
0.854514,0.8382616,0.016252398
0.8569315,0.8384679,0.018463612
0.860762,0.83080673,0.029955268
0.8726264,0.8313031,0.041323304
0.8834684,0.8458127,0.03765571
0.88373876,0.8586099,0.025128841
0.8823505,0.86296123,0.019389272
0.8931962,0.8664368,0.026759446
0.9147492,0.87465906,0.040090144
0.65853286,0.62419075,0.03434211
0.74632215,0.7235797,0.02274245
0.8122042,0.80094206,0.011262119
0.81557864,0.8036792,0.011899412
0.77972066,0.7548956,0.024825037
0.76421845,0.72770447,0.036513984
0.7940954,0.7611612,0.03293419
0.8298617,0.80764997,0.02221173
0.8488636,0.8351285,0.0137351155
0.84491944,0.82352996,0.021389484
0.8446314,0.8089293,0.03570205
0.85729456,0.8167269,0.040567636
0.8705535,0.83785796,0.03269553
0.87436223,0.85387194,0.020490289
0.87720335,0.8572823,0.019921064
0.89108974,0.8586327,0.032457054
0.90841264,0.8660753,0.042337358
0.91522163,0.873877,0.041344643
0.90566105,0.8758064,0.029854655
0.89730996,0.87513584,0.02217412
0.7826656,0.7666655,0.016000092
0.74525577,0.71672964,0.028526127
0.74023974,0.7040427,0.036197066
0.78784376,0.76007843,0.027765334
0.83151495,0.8163264,0.015188575
0.83785135,0.82344127,0.0144100785
0.8278287,0.8027118,0.02511692
0.8257315,0.78757113,0.038160384
0.84285873,0.80552846,0.03733027
0.86042863,0.83561134,0.024817288
0.86702174,0.8499405,0.01708126
0.8712352,0.84911424,0.022120953
0.883926,0.8478228,0.03610319
0.8986953,0.85546243,0.04323286
0.9001746,0.86517835,0.03499627
0.8945316,0.8694814,0.025050223
0.89335024,0.8713272,0.022023022
0.9111161,0.87842774,0.03268838
0.93229145,0.8883861,0.043905377
0.71035874,0.6733636,0.036995113
0.78764784,0.7655201,0.022127748
0.8297145,0.81792784,0.01178664
0.82124794,0.8044649,0.016783059
0.8004583,0.7691913,0.031266987
0.80538756,0.7664132,0.038974345
0.8312194,0.7985485,0.032670856
0.85348564,0.83385617,0.019629478
0.8596475,0.84355927,0.016088247
0.86205214,0.83428895,0.027763188
0.8732148,0.83407164,0.039143145
0.8857788,0.8447056,0.041073203
0.8878585,0.85814726,0.029711246
0.8839478,0.86391366,0.020034134
0.8902465,0.8669345,0.023312032
0.910011,0.87377864,0.036232352
0.9276322,0.88275427,0.044877946
0.9242701,0.8852361,0.03903401
0.91009635,0.8822101,0.027886271
0.90792006,0.88279843,0.02512163
0.798517,0.77876693,0.019750059
0.77328914,0.7390149,0.03427422
0.78903043,0.7525467,0.036483705
0.82354766,0.7963741,0.027173579
0.8484717,0.8330482,0.015423477
0.8502548,0.8326135,0.017641246
0.848785,0.81712896,0.031656027
0.85899615,0.8175558,0.041440368
0.8725006,0.8353087,0.037191927
0.8771736,0.8527922,0.0243814
0.877516,0.8590484,0.018467546
0.88854957,0.860429,0.028120577
0.9080558,0.86683434,0.04122144
0.91912717,0.8751991,0.043928087
0.9124511,0.87813514,0.034315944
0.9008915,0.87680024,0.024091244
0.9065641,0.88022643,0.026337683
0.9252343,0.8889447,0.036289632
0.94281584,0.89729184,0.045524
0.75848436,0.71865374,0.039830625
0.8245812,0.80542874,0.019152462
0.84266263,0.8298381,0.012824535
0.83644146,0.81584686,0.020594597
0.8313549,0.79620683,0.035148084
0.84351593,0.8033827,0.040133238
0.86083263,0.8311019,0.029730737
0.86798203,0.84982276,0.01815927
0.87174904,0.85273623,0.019012809
0.88315094,0.8512901,0.03186083
0.90020156,0.85718435,0.04301721
0.905786,0.86647,0.039316
0.9004385,0.8712618,0.029176712
0.89360696,0.872017,0.021589935
0.9063023,0.8775472,0.028755069
0.92919505,0.88784426,0.041350782
0.9391955,0.89397967,0.045215845
0.9306595,0.89234596,0.038313508
0.9162633,0.8878594,0.028403878
0.91971284,0.89043826,0.029274583
0.81354576,0.7877283,0.025817454
0.81056684,0.77299356,0.037573278
0.8293215,0.7925513,0.036770225
0.85218763,0.8281388,0.024048805
0.86125976,0.8457131,0.0155466795
0.86415493,0.84086657,0.02328837
0.8744743,0.8388977,0.035576582
0.8888818,0.8459456,0.042936206
0.89298606,0.8585001,0.034485936
0.8873526,0.86488247,0.022470117
0.8894864,0.86749446,0.021991909
0.9058883,0.87382513,0.032063186
0.92750674,0.8837565,0.043750226
0.9310491,0.8883683,0.0426808
0.9168965,0.8852281,0.031668425
0.9087343,0.8834044,0.025329947
0.9183226,0.88848156,0.029841065
0.93862575,0.89748365,0.041142106
0.947125,0.90076077,0.046364248
0.8036466,0.7614556,0.04219103
0.8462169,0.827484,0.018732905
0.853856,0.8387507,0.015105307
0.85298574,0.8260172,0.026968539
0.8617041,0.8216635,0.040040612
0.8753449,0.83471626,0.040628612
0.8808094,0.8518117,0.02899772
0.87891287,0.85989976,0.019013107
0.8861896,0.8621281,0.024061501
0.9060817,0.868273,0.037808657
0.9220515,0.8773225,0.044728994
0.919974,0.88128823,0.0386858
0.9060884,0.8790729,0.027015507
0.90380347,0.87959784,0.024205625
0.9230902,0.88866335,0.034426868
0.9413431,0.8975483,0.04379481
0.9447349,0.8997421,0.044992745
0.93046564,0.89465034,0.0358153
0.921018,0.8923524,0.028665602
0.9283682,0.89591646,0.03245175
0.8379957,0.80831784,0.029677868
0.84547085,0.80467176,0.04079908
0.86168313,0.8272542,0.034428954
0.86956805,0.84816897,0.02139908
0.87216306,0.85476536,0.017397702
0.88169664,0.8544303,0.027266324
0.9002228,0.85945165,0.040771127
0.9110871,0.8684946,0.042592525
0.90732783,0.87362283,0.033704996
0.8962884,0.87324774,0.023040652
0.90197855,0.876653,0.025325537
0.9249243,0.8871468,0.037777543
0.94212276,0.89617085,0.045951903
0.9381978,0.8961577,0.04204011
0.9218799,0.8903994,0.03148049
0.9164222,0.8893296,0.027092576
0.9308009,0.89591724,0.034883678
0.94514465,0.90056497,0.044579685
0.9447737,0.8986599,0.04611379
0.8435444,0.79962724,0.04391718
0.8618015,0.844678,0.01712352
0.865137,0.8457476,0.019389391
0.87430096,0.84329206,0.0310089
0.89027524,0.8478302,0.042445064
0.8978275,0.8591097,0.038717806
0.8919973,0.865859,0.026138306
0.88822275,0.86779606,0.02042669
0.9010464,0.87322956,0.027816832
0.92482245,0.8838857,0.040936768
0.93637854,0.89132947,0.04504907
0.92465436,0.888854,0.035800338
0.91028875,0.8841456,0.026143134
0.91417706,0.8869792,0.027197838
0.9340604,0.8963416,0.037718773
0.9485367,0.90234745,0.04618925
0.9426053,0.8996012,0.043004096
0.931703,0.89618534,0.035517633
0.92774755,0.8971896,0.03055793
0.9349273,0.89838815,0.036539137
0.86226606,0.8270364,0.035229683
0.87608814,0.83453315,0.041554987
0.8839209,0.85029155,0.033629358
0.8813147,0.85992026,0.021394432
0.8836167,0.8627598,0.020856857
0.9017361,0.86833006,0.03340602
0.92116696,0.87792647,0.043240488
0.92616653,0.88395303,0.0422135
0.91257983,0.8817809,0.030798912
0.9030074,0.8793726,0.023634791
0.9169675,0.8864489,0.030518591
0.9372268,0.89649194,0.040734828
0.94851357,0.9021385,0.046375096
0.9371283,0.89770377,0.03942454
0.923474,0.8931024,0.030371606
0.9257154,0.8952758,0.030439615
0.9366208,0.89875126,0.037869513
0.9423508,0.8967179,0.0456329
0.9366347,0.89215136,0.044483364
0.9338131,0.9025285,0.03128457
0.87273186,0.85483277,0.017899096
0.8788718,0.855917,0.022954822
0.8965596,0.85966456,0.036895037
0.9126826,0.8687104,0.043972194
0.9100384,0.8742614,0.035777032
0.90060914,0.8746784,0.025930762
0.8983754,0.8754012,0.022974193
0.918215,0.8846871,0.03352785
0.94040567,0.89587,0.044535697
0.94351804,0.89883035,0.04468769
0.9282486,0.8931945,0.035054088
0.91662335,0.8892299,0.02739346
0.92568976,0.89403796,0.031651795
0.94231397,0.9003745,0.041939497
0.94672495,0.90016055,0.0465644
0.93843526,0.8964134,0.04202187
0.93170947,0.8973088,0.034400642
0.93432593,0.90117824,0.033147693
0.9345398,0.8945728,0.039967
0.88631773,0.847982,0.03833574
0.8992915,0.85764515,0.04164636
0.8963009,0.8658839,0.030417025
0.88883835,0.867947,0.020891368
0.89581215,0.8716544,0.024157763
0.91828394,0.8813973,0.036886632
0.9366593,0.8912983,0.045360982
0.9310343,0.89141846,0.03961587
0.9146002,0.8858658,0.028734386
0.91142076,0.8856308,0.025789976
0.9275071,0.89357746,0.033929646
0.9457895,0.90152884,0.04426068
0.94644445,0.9012002,0.045244277
0.93571746,0.89712226,0.0385952
0.92792416,0.8965091,0.031415045
0.93247086,0.899049,0.033421874
0.93705857,0.89554983,0.041508734
0.93171597,0.8856625,0.04605347
0.9258732,0.88248354,0.043389678
0.94121456,0.9071811,0.034033477
0.88223237,0.8629239,0.019308448
0.8956962,0.8668928,0.028803408
0.9176947,0.87605965,0.041635036
0.92816496,0.88389677,0.04426819
0.91865313,0.8837682,0.03488493
0.90508014,0.8801225,0.024957657
0.9109042,0.88371766,0.027186573
0.92998546,0.89312685,0.03685862
0.947011,0.9012453,0.045765698
0.9419385,0.89942026,0.042518258
0.9271279,0.8941159,0.033011973
0.9234616,0.8942286,0.029233038
0.93260795,0.89780223,0.034805715
0.94064367,0.89703673,0.043606937
0.9373538,0.89153355,0.045820236
0.93179715,0.89189637,0.03990078
0.93446255,0.89912313,0.035339415
0.93891513,0.9030434,0.035871744
0.92626244,0.88470596,0.041556478
0.9091976,0.8668301,0.042367518
0.91389894,0.8742553,0.039643645
0.90592366,0.87611896,0.029804707
0.897703,0.875215,0.022487998
0.91107786,0.8816166,0.029461265
0.9343872,0.89275855,0.04162866
0.9434949,0.89816564,0.045329273
0.933903,0.8952122,0.038690805
0.9194244,0.89018583,0.029238582
0.9214254,0.892199,0.029226422
0.93688196,0.89823,0.038651943
0.9444769,0.89909565,0.045381248
0.939864,0.8956016,0.04426241
0.93230754,0.8955586,0.036748946
0.9335157,0.90074533,0.032770395
0.9356994,0.8984177,0.037281692
0.9279866,0.88512003,0.042866588
0.9137317,0.8685285,0.04520321
0.91639787,0.8747628,0.041635096
0.9475077,0.91053206,0.036975622
0.8939427,0.871106,0.022836685
0.9111743,0.8785719,0.03260237
0.9328466,0.88901,0.043836594
0.93525803,0.8924708,0.042787254
0.920321,0.8880649,0.032256067
0.9122079,0.88594866,0.026259243
0.9214955,0.89088804,0.030607462
0.94004583,0.89871657,0.041329265
0.94666106,0.9004388,0.04622227
0.93670255,0.8966622,0.040040374
0.92941725,0.8960261,0.033391178
0.93090415,0.8989748,0.031929374
0.93551445,0.8966412,0.038873255
0.9307366,0.8855934,0.045143187
0.9229614,0.8782392,0.0447222
0.9266874,0.8870906,0.039596796
0.94053423,0.9039948,0.036539435
0.9370879,0.89807117,0.039016724
0.9051856,0.86233747,0.04284811
0.92706406,0.8826703,0.044393778
0.9242171,0.8853002,0.038916886
0.90981245,0.8820223,0.02779013
0.90762675,0.8824545,0.025172234
0.9260122,0.89109945,0.034912765
0.94241333,0.89865386,0.043759465
0.9445134,0.8996654,0.044847965
0.93140686,0.89516515,0.03624171
0.9238662,0.89422387,0.029642344
0.92948234,0.89711404,0.032368302
0.93751925,0.89652497,0.040994287
0.9358184,0.88982034,0.045998037
0.9301011,0.8879658,0.0421353
0.93314594,0.897015,0.036130965
0.9395639,0.90436035,0.035203516
0.93216807,0.89255035,0.039617717
0.9072423,0.86337125,0.043871045
0.89292634,0.84931576,0.043610573
0.9070419,0.86579126,0.041250646
0.9525995,0.91282016,0.039779365
0.90595454,0.87978214,0.0261724
0.92784303,0.8897595,0.038083553
0.9431328,0.8973556,0.0457772
0.93869877,0.8966473,0.042051494
0.9239854,0.89181995,0.032165468
0.9198142,0.8916644,0.028149843
0.93192023,0.89647853,0.035441697
0.94200146,0.8976396,0.04436189
0.93972874,0.8940268,0.04570192
0.93263525,0.893256,0.03937924
0.9331219,0.8994986,0.033623338
0.9364262,0.90094763,0.035478592
0.9301103,0.8892137,0.040896595
0.9125311,0.867648,0.044883072
0.9084079,0.8655012,0.0429067
0.92824334,0.8889633,0.039280057
0.9464617,0.9076222,0.03883946
0.92946947,0.8884176,0.041051865
0.87737983,0.8348348,0.04254502
0.9405963,0.8941613,0.046435
0.92673165,0.8905123,0.03621936
0.91582453,0.8875055,0.02831906
0.91776985,0.8895294,0.028240442
0.93454736,0.89647555,0.03807181
0.94513124,0.89927197,0.045859277
0.93928504,0.89641595,0.04286909
0.9314311,0.89537597,0.036055148
0.9307066,0.8990237,0.03168291
0.9348128,0.89832795,0.036484838
0.93044895,0.8868856,0.043563366
0.92070645,0.8756296,0.045076847
0.9207997,0.87942517,0.041374505
0.93635577,0.8989831,0.03737265
0.94233227,0.90419847,0.0381338
0.9155857,0.8738068,0.041778922
0.8797997,0.83656514,0.043234587
0.87032807,0.8280592,0.042268872
0.9102931,0.86891156,0.041381538
0.9526882,0.9102237,0.042464495
0.91985655,0.88872206,0.031134486
0.93762386,0.8966629,0.040960968
0.946001,0.89985627,0.046144724
0.93596363,0.8963122,0.039651453
0.92602944,0.89465135,0.03137809
0.92876893,0.8972198,0.031549156
0.9354258,0.8971099,0.038315892
0.9348219,0.8896392,0.045182705
0.92850685,0.88444227,0.04406458
0.9302808,0.8922069,0.038073897
0.93878657,0.90330386,0.035482705
0.937153,0.8989729,0.038180053
0.91282046,0.8700586,0.042761862
0.8879059,0.8439702,0.043935716
0.89960134,0.85798603,0.041615307
0.9301631,0.88967097,0.040492117
0.94837856,0.9070238,0.041354775
0.9034511,0.8611167,0.042334378
0.83382607,0.7925577,0.04126835
0.94746226,0.9001041,0.047358155
0.9296357,0.89393455,0.035701156
0.92074794,0.89210886,0.028639078
0.92843604,0.8957735,0.03266257
0.93950576,0.89742917,0.042076588
0.93976426,0.8935988,0.046165466
0.93320847,0.891201,0.042007446
0.9325122,0.89718723,0.03532499
0.93735594,0.902956,0.034399927
0.931752,0.89177084,0.039981186
0.91489935,0.87084013,0.044059217
0.9023435,0.85841256,0.043930948
0.917939,0.87750304,0.04043597
0.94451886,0.90552944,0.038989425
0.9404978,0.89991856,0.04057926
0.8928021,0.8505223,0.04227984
0.84305197,0.80118245,0.04186952
0.8588743,0.81758124,0.041293085
0.92278117,0.87987024,0.042910933
0.95047444,0.9056579,0.044816554
0.9294405,0.8949865,0.034453988
0.9435761,0.89918923,0.044386864
0.94219875,0.89701736,0.045181394
0.9340109,0.894959,0.03905195
0.9311075,0.89845616,0.032651365
0.93495524,0.90038025,0.034574986
0.9321435,0.8904544,0.041689098
0.92028236,0.8748262,0.04545617
0.91593254,0.87285566,0.043076873
0.93007034,0.89143276,0.03863758
0.9450017,0.90724283,0.037758887
0.9266027,0.8857349,0.040867805
0.8834878,0.8404343,0.043053508
0.86102045,0.81849253,0.042527914
0.89035267,0.84885573,0.041496933
0.9422056,0.89982355,0.04238206
0.93810594,0.8946205,0.043485463
0.8739407,0.83153427,0.04240644
0.79007083,0.7507748,0.03929603
0.94858325,0.90048057,0.048102677
0.92936015,0.8953621,0.033998072
0.9279519,0.8973419,0.030609965
0.9343019,0.89851093,0.03579098
0.9355318,0.89184356,0.043688238
0.92861885,0.8831118,0.045507073
0.9275608,0.8872932,0.040267587
0.93597794,0.8994921,0.03648585
0.9413158,0.9041705,0.037145317
0.92134756,0.8797306,0.041616976
0.88941056,0.84544456,0.043965995
0.887681,0.8452475,0.0424335
0.9152988,0.8743404,0.040958405
0.94980794,0.90845364,0.0413543
0.9232083,0.8807205,0.0424878
0.8502756,0.8086168,0.04165876
0.8096745,0.76954865,0.040125847
0.8453464,0.8042788,0.0410676
0.9290163,0.88397825,0.045038044
0.9319993,0.8857584,0.046240926
0.93676305,0.8980118,0.038751245
0.940647,0.8951346,0.04551238
0.9349661,0.89060616,0.044359922
0.9319745,0.89441466,0.037559807
0.9373571,0.90318996,0.03416717
0.93584913,0.8976235,0.03822565
0.9207075,0.87777394,0.042933583
0.90070707,0.8560634,0.04464364
0.9080546,0.86635333,0.041701257
0.9372843,0.8978343,0.03944999
0.9476488,0.9073633,0.040285528
0.91040635,0.8682932,0.042113125
0.8505439,0.80849254,0.042051375
0.8405693,0.79941577,0.04115355
0.8984869,0.8561586,0.042328298
0.9483878,0.9036195,0.044768274
0.92298543,0.87809163,0.0448938
0.8174122,0.7767017,0.04071051
0.7429267,0.70599395,0.036932766
0.94291204,0.89472246,0.04818958
0.9318293,0.8973368,0.034492493
0.93482953,0.9015561,0.03327346
0.9347443,0.89513093,0.039613366
0.923221,0.8781456,0.045075417
0.9138367,0.86929786,0.044538856
0.92313707,0.8829734,0.040163696
0.9432101,0.9053272,0.037882924
0.93695766,0.8969083,0.040049374
0.89611274,0.85338145,0.042731285
0.8605226,0.8177028,0.042819858
0.87224156,0.8305293,0.041712284
0.9261398,0.88394254,0.042197227
0.95021874,0.9064762,0.043742537
0.8884667,0.84553504,0.042931676
0.80786884,0.76773566,0.04013318
0.77769816,0.73913974,0.038558424
0.85676634,0.814288,0.042478323
0.9468725,0.8987744,0.048098087
0.9115433,0.8643699,0.04717338
0.9363667,0.89543736,0.040929317
0.9306256,0.88455516,0.046070457
0.9260529,0.88358897,0.04246396
0.93417436,0.89699805,0.03717631
0.9427793,0.9062289,0.036550403
0.9304984,0.8901039,0.040394545
0.8972114,0.85350823,0.04370314
0.88054156,0.8373092,0.04323238
0.89986974,0.85834664,0.0415231
0.94246936,0.9011258,0.04134357
0.9396685,0.8970916,0.04257685
0.87336844,0.83110666,0.04226178
0.8085741,0.76826954,0.04030454
0.8192121,0.77896965,0.040242434
0.9009082,0.85708326,0.04382491
0.95350885,0.90623087,0.047277987
0.87954724,0.8350735,0.044473767
0.74919254,0.71155804,0.037634492
0.7016716,0.66675663,0.03491497
0.9304744,0.88287365,0.047600746
0.93582904,0.90103227,0.034796774
0.9386132,0.90200794,0.03660524
0.9276021,0.88614833,0.04145378
0.9040997,0.85933477,0.044764936
0.90062416,0.8576809,0.04294324
0.9267011,0.8865903,0.040110826
0.94864315,0.9085149,0.04012823
0.92735004,0.8854799,0.041870117
0.8667355,0.82438725,0.042348266
0.83110476,0.78982234,0.041282415
0.87297213,0.83122486,0.041747272
0.9316021,0.88747054,0.044131577
0.9438647,0.89815265,0.045712054
0.8532879,0.81079715,0.04249072
0.7504522,0.71298045,0.03747177
0.7655872,0.72735596,0.038231254
0.8586451,0.81460065,0.044044435
0.9508485,0.90022564,0.05062288
0.86029667,0.8144063,0.04589039
0.92794126,0.88475573,0.043185532
0.9148782,0.86978096,0.045097232
0.9168799,0.87513924,0.041740656
0.9371893,0.8987934,0.03839588
0.9437459,0.9044943,0.039251626
0.9108361,0.86865103,0.042185068
0.8689755,0.8259953,0.042980194
0.85904855,0.81702846,0.042020082
0.9058355,0.863886,0.04194951
0.9514361,0.9078006,0.043635488
0.9154185,0.8716531,0.043765426
0.83571863,0.7943462,0.04137242
0.76958895,0.73120874,0.038380206
0.8201399,0.77944005,0.04069984
0.9233368,0.8765863,0.046750486
0.9478995,0.89867043,0.049229085
0.8385462,0.7949326,0.043613613
0.69086677,0.65610653,0.034760237
0.6825463,0.6481156,0.034430742
0.98449725,0.929223,0.055274248
0.9406966,0.90413135,0.036565244
0.9374804,0.8984069,0.039073467
0.90733016,0.8643762,0.042953968
0.87840235,0.83469975,0.043702602
0.89317447,0.8513529,0.0418216
0.92873305,0.887405,0.041328073
0.9490647,0.90660954,0.042455137
0.8978603,0.8551127,0.042747617
0.82053834,0.7796938,0.04084456
0.801367,0.7616022,0.039764762
0.8685597,0.82613283,0.042426884
0.9471838,0.90031195,0.04687184
0.91500586,0.8686868,0.046319067
0.7871716,0.74727154,0.039900064
0.69979864,0.66486704,0.0349316
0.74844295,0.7103556,0.038087368
0.889976,0.8421446,0.047831416
0.94262415,0.8902474,0.052376747
0.78710854,0.7443978,0.04271072
0.911008,0.8674344,0.043573618
0.89474237,0.8509386,0.04380375
0.9143809,0.8734831,0.040897787
0.94539,0.90535975,0.04003024
0.9401058,0.89861465,0.04149115
0.885535,0.8431098,0.042425215
0.8301016,0.7886789,0.041422725
0.84870684,0.80749637,0.041210473
0.91990715,0.87624484,0.04366231
0.9527512,0.90678436,0.045966864
0.8884947,0.8443546,0.04414004
0.7730758,0.7343027,0.03877312
0.7387385,0.7018703,0.036868155
0.81257254,0.77122283,0.04134971
0.9318515,0.8824634,0.04938811
0.91819775,0.8686007,0.049597025
0.7571201,0.71729916,0.03982091
0.619952,0.5890226,0.030929446
0.6584418,0.624444,0.033997774
0.9829738,0.9252798,0.057694018
0.94627213,0.90747875,0.038793385
0.92373884,0.8823276,0.04141122
0.87386024,0.8310244,0.04283583
0.84914744,0.8070265,0.042120934
0.8832753,0.8415776,0.04169768
0.94144875,0.89813006,0.04331869
0.9364001,0.8920648,0.044335306
0.8654233,0.8228712,0.042552114
0.774117,0.7354262,0.038690805
0.78619564,0.7471038,0.039091825
0.88842875,0.84358615,0.0448426
0.95196694,0.9025419,0.049425066
0.8843346,0.83789855,0.04643607
0.72738165,0.6901621,0.037219524
0.65400696,0.6213089,0.032698035
0.76687986,0.72622633,0.040653527
0.9014191,0.8506499,0.05076921
0.92328143,0.8699116,0.05336982
0.7239103,0.6839014,0.040008843
0.88129765,0.8379382,0.04335946
0.87816876,0.8359464,0.04222238
0.9109616,0.86954564,0.04141599
0.9501886,0.9078115,0.042377055
0.91953665,0.8764592,0.04307747
0.838023,0.7966695,0.041353524
0.79390216,0.7543995,0.03950268
0.83421427,0.7932319,0.040982366
0.9261506,0.880318,0.045832634
0.9405318,0.89287853,0.047653258
0.8282803,0.78598076,0.04229957
0.71517134,0.6791891,0.03598225
0.7064315,0.6708575,0.03557402
0.8385708,0.7940408,0.044529974
0.94748724,0.8947638,0.052723408
0.8592401,0.81149435,0.047745764
0.68761593,0.6510867,0.036529243
0.56104535,0.5330597,0.027985632
0.6772722,0.64033866,0.03693354
0.97264916,0.91316086,0.059488297
0.948057,0.9067837,0.041273296
0.9042115,0.8618384,0.04237312
0.8361824,0.79472613,0.041456282
0.82619834,0.7855703,0.040628016
0.89208055,0.8493785,0.04270202
0.9475207,0.901777,0.045743644
0.9189579,0.87339765,0.04556024
0.8031197,0.76274437,0.040375352
0.72275066,0.68668723,0.036063433
0.78832155,0.7483556,0.039965928
0.8957155,0.848531,0.047184467
0.94448006,0.8931548,0.05132526
0.8129269,0.7692922,0.043634713
0.6391346,0.60672754,0.032407045
0.61196196,0.58104616,0.030915797
0.7682419,0.725698,0.042543888
0.9310806,0.87585914,0.05522144
0.8625838,0.8113151,0.051268697
0.6126124,0.5789943,0.033618152
0.8462565,0.80426574,0.041990757
0.860089,0.81871074,0.04137826
0.9228358,0.8799612,0.042874634
0.9498096,0.90506464,0.04474497
0.89505553,0.8513524,0.04370314
0.79028106,0.75084907,0.03943199
0.7581172,0.72039825,0.03771895
0.8463364,0.8037484,0.042587996
0.9451154,0.89604825,0.04906714
0.92198634,0.8732065,0.048779845
0.7729572,0.73274344,0.040213764
0.6448823,0.6126641,0.032218218
0.70623416,0.6695746,0.03665954
0.8757959,0.8267445,0.049051404
0.9444204,0.88947654,0.05494386
0.80575943,0.75973654,0.046022892
0.57845354,0.5482584,0.030195117
0.5251931,0.49837753,0.026815563
0.6766203,0.63779646,0.038823843
0.9623245,0.9010485,0.06127602
0.9381282,0.8947258,0.043402374
0.8609017,0.8189084,0.04199332
0.7878828,0.7486433,0.039239526
0.80159783,0.76203406,0.039563775
0.8943281,0.85002834,0.04429978
0.95275795,0.904415,0.048342943
0.8703701,0.8256324,0.044737697
0.7273479,0.6906142,0.036733687
0.6766759,0.642899,0.03377694
0.7808935,0.7400497,0.040843785
0.9256227,0.87429726,0.05132544
0.9084188,0.85720104,0.051217735
0.75060296,0.70951194,0.041091025
0.5664375,0.53790665,0.028530836
0.6059884,0.57409126,0.031897128
0.8160901,0.768001,0.048089087
0.9358178,0.87780035,0.058017433
0.80692863,0.75752974,0.0493989
0.5235413,0.49476293,0.028778344
0.80075705,0.7608328,0.039924264
0.8607982,0.8191962,0.041601956
0.9288031,0.8838185,0.04498458
0.9422714,0.8955733,0.046698093
0.83957386,0.79727435,0.04229951
0.7251998,0.68898624,0.036213577
0.743745,0.70638114,0.037363887
0.8478637,0.8036027,0.04426098
0.9493725,0.8976586,0.051713884
0.8672527,0.819924,0.04732871
0.67916316,0.6439254,0.03523773
0.59441185,0.56466097,0.029750884
0.6951463,0.65771157,0.037434757
0.88957405,0.8372643,0.05230975
0.9144183,0.85923016,0.05518812
0.696308,0.6563335,0.03997451
0.49300203,0.4675113,0.025490731
0.4906037,0.4646485,0.0259552
0.7344568,0.68911666,0.04534012
0.9329006,0.8713265,0.0615741
0.9109281,0.86661065,0.044317424
0.81728315,0.77659065,0.04069251
0.7429621,0.706013,0.036949098
0.80228263,0.7620907,0.04019195
0.91939485,0.87177986,0.04761499
0.9465472,0.89619714,0.05035007
0.8244066,0.7808474,0.043559253
0.6617142,0.62833726,0.033376932
0.6542421,0.6210553,0.033186793
0.8145528,0.7696875,0.04486531
0.93456733,0.8802306,0.054336727
0.870224,0.8194531,0.05077088
0.6390113,0.6042725,0.03473884
0.49441117,0.4697595,0.024651676
0.6314617,0.59592915,0.035532534
0.8336271,0.7819278,0.05169928
0.9182695,0.85908526,0.059184253
0.6867381,0.6442887,0.042449355
0.3967101,0.3757865,0.020923585
0.75274664,0.71530366,0.037442982
0.8562535,0.8138198,0.04243368
0.94668823,0.89861697,0.048071265
0.9094556,0.86242145,0.047034144
0.76513976,0.72607815,0.039061606
0.6685123,0.63523453,0.03327775
0.724615,0.68742275,0.037192225
0.88257474,0.83409387,0.04848087
0.9404468,0.88693935,0.053507447
0.81703573,0.77118355,0.045852184
0.60244524,0.5712686,0.031176627
0.5511597,0.52319884,0.027960837
0.73535675,0.6931499,0.042206824
0.9239486,0.86671126,0.057237327
0.87752074,0.822686,0.054834723
0.6100546,0.5745999,0.03545469
0.39540562,0.37562922,0.019776404
0.51333493,0.48373717,0.02959776
0.803395,0.75043154,0.052963436
0.90535,0.8433768,0.061973214
0.88234085,0.8377834,0.044557452
0.74750626,0.7099892,0.03751707
0.710292,0.6749008,0.035391152
0.7951121,0.7541251,0.040986955
0.9291628,0.87870693,0.05045587
0.91349155,0.8630086,0.05048293
0.7349615,0.69584805,0.039113462
0.58490616,0.5558078,0.029098332
0.62893885,0.5962107,0.032728136
0.82628036,0.7785103,0.047770083
0.9395108,0.8823885,0.05712235
0.7785661,0.7323924,0.04617375
0.5183766,0.49096832,0.027408272
0.4395848,0.41745323,0.022131562
0.6347817,0.5969841,0.03779763
0.88633806,0.8282251,0.05811298
0.85407746,0.79740554,0.056671917
0.59421337,0.55673724,0.037476122
0.30454212,0.288836,0.015706122
0.69626135,0.66185284,0.03440851
0.8803882,0.8350472,0.045341015
0.95186305,0.90114546,0.050717592
0.87562305,0.8287203,0.046902776
0.7010802,0.66505295,0.036027253
0.6212097,0.59026647,0.030943215
0.7473457,0.707152,0.040193677
0.8957109,0.8440945,0.05161637
0.9193175,0.8649332,0.05438429
0.71411383,0.6738284,0.04028541
0.5031879,0.4778898,0.025298089
0.5513236,0.52179646,0.029527128
0.74855727,0.70325434,0.045302927
0.9276481,0.8676566,0.05999154
0.7824222,0.7325483,0.04987389
0.46823087,0.4417585,0.02647236
0.33939984,0.32216075,0.017239094
0.5141715,0.4824252,0.03174627
0.8275452,0.7702742,0.057271004
0.8297482,0.7712328,0.05851543
0.8213992,0.77890384,0.04249537
0.6871989,0.6526824,0.034516454
0.6790372,0.644824,0.034213185
0.8263662,0.7816823,0.044683874
0.9463435,0.89238685,0.053956628
0.8491339,0.80100006,0.04813385
0.6619569,0.6264782,0.03547871
0.525413,0.4993612,0.02605179
0.65301335,0.6169149,0.03609842
0.8766294,0.82289755,0.05373186
0.92317635,0.8648327,0.05834365
0.70414656,0.6615024,0.042644143
0.4289791,0.40666598,0.022313118
0.42883268,0.40579286,0.023039818
0.70347935,0.6582364,0.045242965
0.89896905,0.8374109,0.061558127
0.793168,0.7388553,0.054312706
0.43284047,0.4059195,0.026920974
0.22008654,0.20909347,0.010993078
0.6367353,0.6056101,0.031125247
0.88962823,0.84175557,0.047872663
0.9430425,0.8905562,0.0524863
0.7985621,0.75503016,0.043531954
0.6094689,0.57863176,0.030837119
0.5812737,0.55198497,0.02928871
0.7518829,0.70955163,0.04233128
0.9280756,0.8717758,0.056299806
0.8538952,0.80207664,0.05181855
0.59154695,0.5586497,0.032897234
0.4300089,0.40868494,0.02132395
0.54013735,0.50965106,0.030486286
0.81421125,0.76164883,0.052562416
0.90826285,0.84734154,0.06092131
0.705156,0.6590335,0.04612255
0.3670978,0.34658772,0.020510077
0.2980667,0.2821625,0.015904218
0.5918821,0.55188507,0.03999704
0.8793703,0.8155984,0.063771844
0.76585823,0.7099811,0.05587715
0.7685309,0.7280165,0.04051441
0.61693686,0.58625585,0.030681014
0.6846827,0.6488872,0.03579551
0.8685715,0.8189339,0.049637616
0.94236445,0.8863106,0.056053877
0.7930463,0.7469528,0.046093524
0.54986244,0.52112865,0.02873379
0.4940703,0.4689296,0.025140703
0.6566208,0.6183643,0.038256526
0.8928039,0.835486,0.057317913
0.8627081,0.8066501,0.05605799
0.56535685,0.5314319,0.033924937
0.32932815,0.31302392,0.016304225
0.41200957,0.38838342,0.023626149
0.72930676,0.6797762,0.049530566
0.9032122,0.8389014,0.06431079
0.65602356,0.6102686,0.04575497
0.2712545,0.25513744,0.016117066
0.16604695,0.15739098,0.008655965
0.5772152,0.54935914,0.027856052
0.9223183,0.8700817,0.052236557
0.90353566,0.85155904,0.05197662
0.73465234,0.6939156,0.040736735
0.53876823,0.5117606,0.02700764
0.5819089,0.5511504,0.0307585
0.80567473,0.7573304,0.048344314
0.93245274,0.87346005,0.058992684
0.79588014,0.7462615,0.04961866
0.5008116,0.47306654,0.027745038
0.37837732,0.3593936,0.018983722
0.59580517,0.5590551,0.03675008
0.83715427,0.7804731,0.056681156
0.87171066,0.81125104,0.060459614
0.5531493,0.5168644,0.036284864
0.23941149,0.22711855,0.012292936
0.3230917,0.30328247,0.019809216
0.62155557,0.57697713,0.044578433
0.88205826,0.81564116,0.0664171
0.6299613,0.58264244,0.047318876
0.67862463,0.64290285,0.03572178
0.5697606,0.541303,0.028457642
0.67751914,0.64064467,0.036874473
0.88368136,0.8307229,0.05295843
0.9096765,0.8537132,0.055963278
0.6795469,0.64001125,0.03953564
0.46611202,0.44207925,0.024032772
0.46451506,0.43992445,0.024590611
0.7209298,0.67566323,0.04526657
0.91820985,0.8565566,0.061653256
0.75817424,0.70800143,0.050172806
0.4647562,0.436694,0.028062195
0.26226687,0.24936385,0.01290302
0.46846122,0.4383676,0.03009361
0.80875057,0.75063455,0.05811602
0.87560874,0.81107944,0.0645293
0.5543408,0.5144554,0.0398854
0.1643725,0.15477921,0.009593293
0.17518498,0.16383512,0.011349857
0.96173537,0.8863868,0.075348556
0.9311835,0.8759776,0.05520594
0.8629571,0.8117019,0.051255226
0.6194835,0.5854896,0.0339939
0.46818003,0.44494352,0.023236513
0.61283624,0.57794654,0.034889698
0.82492465,0.7728589,0.05206573
0.91324365,0.8533118,0.059931874
0.67132294,0.6291716,0.042151332
0.37017924,0.35070798,0.019471258
0.3371835,0.31948832,0.017695189
0.6138442,0.57348436,0.040359855
0.88602656,0.82312787,0.062898695
0.770743,0.7159447,0.054798305
0.38166723,0.35686815,0.024799079
0.15404746,0.14649378,0.0075536817
0.3245154,0.30244735,0.022068053
0.7207169,0.6659306,0.054786265
0.8514071,0.7850915,0.06631559
0.5298205,0.48826885,0.04155165
0.6033101,0.57145864,0.03185147
0.5275447,0.50069475,0.026849926
0.72167844,0.6796071,0.042071342
0.9193858,0.8613884,0.057997406
0.8705291,0.8151684,0.055360734
0.59116334,0.5563496,0.03481376
0.36798722,0.34969524,0.01829198
0.49163777,0.46296418,0.02867359
0.79356503,0.74034667,0.053218365
0.9086087,0.8452706,0.0633381
0.674261,0.62838835,0.04587263
0.30790544,0.2901344,0.017771035
0.23532255,0.22247407,0.012848482
0.48551893,0.45181757,0.03370136
0.83206576,0.76970565,0.062360108
0.7861102,0.7263877,0.059722543
0.36520326,0.33823922,0.026964039
0.04340125,0.041386403,0.0020148456
0.16882043,0.15579425,0.013026178
0.9437356,0.86741394,0.07632166
0.935676,0.8777271,0.057948887
0.7665937,0.72035354,0.04624015
0.5296417,0.50056124,0.02908045
0.41309774,0.3922623,0.02083543
0.6175331,0.5801701,0.037362993
0.87966776,0.8209967,0.058671057
0.8458398,0.7887575,0.057082295
0.5760215,0.5390822,0.036939263
0.27650782,0.2622966,0.014211237
0.3551235,0.33388367,0.021239817
0.701596,0.6519837,0.049612343
0.8898885,0.82428974,0.065598786
0.6867102,0.6362338,0.050476372
0.262451,0.24490283,0.017548159
0.09787714,0.09262268,0.005254455
0.41471356,0.3831661,0.031547457
0.75381744,0.69402075,0.05979669
0.7990579,0.73459274,0.064465165
0.34161052,0.31298125,0.028629273
0.4938773,0.46849012,0.025387168
0.52837235,0.49970606,0.028666288
0.7355551,0.6902303,0.045324802
0.92269844,0.8619753,0.060723126
0.770877,0.7208619,0.050015092
0.44387057,0.41840225,0.02546832
0.31079718,0.29495165,0.015845537
0.49317026,0.46215424,0.031016022
0.81834906,0.7607608,0.05758828
0.8556172,0.7940473,0.06156993
0.50823885,0.47321427,0.035024583
0.19914515,0.18775803,0.011387125
0.20846045,0.1954754,0.012985051
0.5860566,0.542015,0.044041574
0.8664602,0.79898584,0.067474365
0.63931805,0.58902735,0.050290704
0.23597443,0.21707937,0.01889506
-0.031556904,-0.029807346,0.0017495584
0.2579087,0.23546897,0.022439733
0.90740985,0.8316484,0.07576144
0.91813064,0.85903555,0.059095085
0.68810207,0.64563423,0.042467833
0.4005997,0.3794999,0.021099776
0.4015486,0.3796332,0.021915406
0.688801,0.6436382,0.045162797
0.892378,0.8302383,0.06213969
0.7820818,0.72757524,0.05450654
0.40824687,0.38227427,0.025972605
0.18866226,0.17920925,0.009453014
0.41633132,0.3879685,0.02836281
0.73325133,0.67871296,0.05453837
0.85960597,0.79398674,0.06561923
0.51191443,0.473048,0.03886643
0.09297017,0.08669517,0.006274998
0.058416333,0.054013044,0.0044032894
0.44838667,0.41179848,0.036588192
0.81975716,0.75233364,0.06742352
0.6620482,0.6063097,0.05573851
0.13570859,0.12146422,0.014244363
0.40599507,0.38545555,0.020539522
0.51543367,0.48573595,0.029697716
0.80374837,0.75083816,0.05291021
0.9020823,0.8404875,0.061594844
0.6894904,0.6434582,0.04603219
0.3371264,0.3178398,0.019286603
0.2663647,0.2518284,0.014536291
0.5729748,0.5333637,0.0396111
0.8716571,0.80742097,0.064236104
0.7965713,0.7372342,0.05933714
0.38948,0.36153927,0.02794072
0.07715801,0.07321615,0.003941864
0.26426366,0.24452563,0.019738033
0.69288945,0.63795185,0.0549376
0.8508273,0.78220636,0.06862092
0.5282425,0.48450315,0.04373938
0.037910156,0.032665633,0.0052445233
-0.04830311,-0.047438845,0.0008642636
0.2917447,0.26429582,0.027448893
0.8747309,0.799246,0.07548487
0.8553786,0.798686,0.0566926
0.54078573,0.5075402,0.033245504
0.29361945,0.27883512,0.014784336
0.38177294,0.35924628,0.022526652
0.71490246,0.66529566,0.0496068
0.89659786,0.8316574,0.06494045
0.63837874,0.5928308,0.045547962
0.29014516,0.27122018,0.018924981
0.12995516,0.122884244,0.007070914
0.43618557,0.4038794,0.032306165
0.8128185,0.7495403,0.0632782
0.7625107,0.7022432,0.060267508
0.38778028,0.35647053,0.031309754
-0.016072014,-0.015925227,0.00014678761
0.10198583,0.09182043,0.010165401
0.57357025,0.52461785,0.0489524
0.8225794,0.7525978,0.069981575
0.55371815,0.5043879,0.049330235
-0.00039110507,-0.005859996,0.005468891
0.30184352,0.2874277,0.01441583
0.57220143,0.53595144,0.036249995
0.82748884,0.7702772,0.057211637
0.8636253,0.80254304,0.061082244
0.52861106,0.49291357,0.03569749
0.2003486,0.18968076,0.010667846
0.2894884,0.27091464,0.018573761
0.6024988,0.55815446,0.044344366
0.874406,0.80746865,0.06693733
0.6541792,0.6037666,0.050412595
0.19514352,0.1803914,0.01475212
0.019790672,0.018173844,0.0016168281
0.2818707,0.2583913,0.023479402
0.7287907,0.66858083,0.06020987
0.7767524,0.7117044,0.06504804
0.31352407,0.28474212,0.02878195
-0.08664835,-0.08410519,0.0025431588
-0.06354482,-0.063655056,0.00011023879
0.43134934,0.39039537,0.040953964
0.8082149,0.7357564,0.072458506
0.74955016,0.69873244,0.050817728
0.432947,0.40594578,0.027001232
0.22039774,0.20926958,0.011128157
0.43926388,0.41001052,0.029253364
0.79782176,0.7392568,0.05856496
0.86780524,0.80264133,0.06516391
0.53095734,0.4915458,0.039411545
0.123858824,0.11591665,0.007942177
0.13668515,0.12685218,0.009832963
0.54721624,0.50372183,0.043494403
0.82944334,0.7623898,0.06705356
0.67598134,0.6202196,0.055761755
0.17283429,0.15646836,0.01636593
-0.11114541,-0.10555868,0.0055867285
0.20035544,0.18006857,0.020286873
0.61911476,0.5641587,0.05495608
0.7809471,0.7119448,0.06900227
0.33406672,0.3002437,0.033823013
-0.19259377,-0.18453875,0.008055016
0.2131193,0.20364547,0.00947383
0.5912515,0.5512261,0.040025413
0.8792021,0.815468,0.063734114
0.75725645,0.70213646,0.05511999
0.34790236,0.32425886,0.023643494
0.110027835,0.10434695,0.0056808814
0.2904111,0.26950365,0.020907462
0.7060433,0.65108484,0.054958463
0.84248066,0.7756413,0.06683934
0.5460424,0.5018687,0.044173658
0.06793757,0.061103825,0.0068337433
-0.017139371,-0.018009543,0.00087017193
0.4025339,0.36712,0.03541389
0.79941,0.7311535,0.0682565
0.6985162,0.637364,0.06115222
0.17111027,0.15156437,0.019545898
-0.22169513,-0.21029821,0.011396915
0.02693207,0.017444475,0.009487595
0.5717475,0.51717323,0.05457425
0.75157523,0.6813283,0.070246935
0.66658545,0.6199422,0.046643257
0.26863885,0.2524924,0.016146451
0.1936285,0.18255551,0.011072993
0.45823365,0.4252031,0.03303054
0.8225972,0.7595974,0.062999785
0.7741219,0.7139732,0.060148656
0.33369866,0.307733,0.02596566
-0.0013897149,-0.0014681449,7.843005e-05
0.13102183,0.11943714,0.011584684
0.5897427,0.5404809,0.04926181
0.83269525,0.76295996,0.06973529
0.48776442,0.44477922,0.0429852
0.03474863,0.027303854,0.0074447747
-0.16350909,-0.15577465,0.007734433
0.24011391,0.21443672,0.02567719
0.722232,0.65661305,0.06561893
0.65618736,0.59493476,0.061252594
0.1881657,0.16402313,0.024142563
-0.30519572,-0.28984275,0.015352964
0.11400129,0.11036304,0.0036382526
0.68532425,0.6355634,0.049760878
0.8833424,0.8168228,0.06651956
0.66975594,0.6191903,0.05056566
0.22546828,0.20938748,0.016080797
0.054580208,0.05125715,0.0033230595
0.3869913,0.35617468,0.030816615
0.7412286,0.6810393,0.060189307
0.78811866,0.723173,0.06494564
0.33729213,0.30759293,0.029699206
-0.09193869,-0.087991856,0.0039468333
0.036230553,0.029019926,0.007210627
0.45057774,0.40903044,0.0415473
0.80087286,0.7300592,0.070813656
0.5173896,0.46855316,0.04883644
-0.05955719,-0.0624462,0.002889011
-0.2931476,-0.277803,0.01534459
0.06536116,0.050760996,0.014600161
0.6180602,0.55739015,0.06067002
0.61759245,0.5559252,0.061667264
0.5079151,0.47163138,0.0362837
0.159364,0.14984548,0.009518519
0.17048125,0.15918197,0.011299282
0.5660713,0.52219856,0.043872714
0.8587137,0.7904015,0.06831217
0.62177,0.5714559,0.05031413
0.20250216,0.18487741,0.01762475
-0.07430004,-0.07054477,0.0037552714
0.2273723,0.20596264,0.02140966
0.7031815,0.6424642,0.060717285
0.79248554,0.7235343,0.06895125
0.3565985,0.3219518,0.03464669
-0.15754884,-0.15136749,0.0061813593
-0.13082789,-0.1275779,0.003249988
0.39098406,0.35095188,0.04003218
0.74174875,0.67211807,0.06963068
0.5502821,0.49531552,0.0549666
-0.061577015,-0.06719859,0.005621575
-0.39619985,-0.37490886,0.021290988
0.021480238,0.023268193,0.0017879549
0.72006655,0.6651881,0.054878473
0.851569,0.78513163,0.06643736
0.4896288,0.45121974,0.038409054
0.05494721,0.050528165,0.0044190437
0.020325372,0.017766435,0.0025589373
0.42552656,0.38941523,0.036111325
0.8101129,0.74199814,0.06811476
0.64677435,0.5908551,0.05591923
0.11473031,0.10092425,0.01380606
-0.18348724,-0.17399886,0.009488374
0.057457376,0.046577577,0.0108798
0.58834153,0.53339267,0.054948866
0.75772935,0.6879873,0.069742024
0.38792634,0.34739596,0.040530384
-0.19630764,-0.18979438,0.0065132678
-0.29022464,-0.2766591,0.01356554
0.2256619,0.19600633,0.029655576
0.7025469,0.632518,0.0700289
0.5145944,0.4590754,0.055518985
0.39797023,0.36831945,0.029650778
0.04071929,0.03879302,0.0019262694
0.23549902,0.21699893,0.01850009
0.6792308,0.6240126,0.05521822
0.84222984,0.772806,0.069423854
0.5092095,0.46569505,0.04351446
0.0043534515,0.00078046473,0.003572987
-0.08334522,-0.080660366,0.002684854
0.26727274,0.2405876,0.026685134
0.7353066,0.66959965,0.06570697
0.6713842,0.60988235,0.06150186
0.1193867,0.10203446,0.017352246
-0.2893308,-0.2740023,0.015328497
-0.11589908,-0.11555037,0.00034870952
0.44997248,0.40294015,0.047032326
0.7429442,0.6707361,0.07220811
0.32681507,0.28806937,0.0387457
-0.20838176,-0.20344901,0.0049327463
-0.43319505,-0.4100459,0.023149163
-0.060757056,-0.05432448,0.0064325742
0.8032299,0.7393573,0.063872635
0.75111884,0.6904155,0.060703337
0.36528423,0.3347135,0.030570745
-0.049477566,-0.04740712,0.0020704456
0.07281403,0.06410831,0.00870572
0.55747557,0.5085181,0.048957467
0.8127331,0.74202,0.0707131
0.5370517,0.48774588,0.049305797
-0.023410624,-0.027887238,0.0044766143
-0.22869565,-0.21716727,0.011528373
0.19423828,0.170313,0.023925275
0.63381594,0.57281107,0.061004877
0.68886983,0.62230206,0.06656778
0.141899,0.11959548,0.022303522
-0.36725703,-0.3480362,0.019220829
-0.20447043,-0.19938724,0.0050831884
0.29138774,0.25426555,0.03712219
0.7015798,0.6290202,0.072559595
0.3077131,0.2672916,0.040421486
0.21484569,0.1977963,0.017049387
-0.030902762,-0.029098872,0.0018038899
0.2583568,0.23588294,0.022473872
0.7168544,0.65627575,0.060578644
0.7657477,0.7001732,0.06557453
0.2916148,0.2635929,0.028021902
-0.11695844,-0.1126111,0.0043473393
-0.09244571,-0.0909,0.0015457124
0.41326693,0.37258613,0.040680796
0.77845037,0.7068236,0.07162678
0.48282298,0.43447423,0.048348755
-0.02845392,-0.035556898,0.0071029775
-0.35617718,-0.3368568,0.019320369
0.016831795,0.004527014,0.012304781
0.58836585,0.5275544,0.06081146
0.6920806,0.6214887,0.07059193
0.17850359,0.1500682,0.028435394
-0.4152214,-0.39416757,0.02105382
-0.37448564,-0.35730913,0.017176509
0.81617737,0.7311117,0.08506566
0.81995326,0.7523792,0.067574084
0.6625514,0.6066805,0.05587089
0.1479958,0.132872,0.015123799
-0.14147645,-0.13394511,0.007531345
0.17742305,0.15816726,0.019255787
0.6049201,0.5498302,0.05508989
0.769659,0.7000675,0.06959146
0.31439885,0.28111112,0.033287734
-0.2199337,-0.21013094,0.009802759
-0.25223157,-0.24049623,0.011735335
0.25020972,0.21963471,0.030575007
0.7160486,0.6458185,0.07023013
0.51750576,0.4627381,0.05476767
-0.11338116,-0.11622782,0.0028466582
-0.4565315,-0.43112573,0.025405765
-0.16493043,-0.16465212,0.000278309
0.45513567,0.40195662,0.053179055
0.64806175,0.57727385,0.07078791
0.17020437,0.1393785,0.030825868
0.09067694,0.08142285,0.0092540905
-0.045718897,-0.044839032,0.00087986514
0.38366455,0.34885767,0.034806877
0.788707,0.7200039,0.068703115
0.68555963,0.6241768,0.06138283
0.14832835,0.12982802,0.018500328
-0.2507675,-0.23740372,0.013363779
0.0029437917,-0.005252734,0.008196525
0.55685145,0.50216967,0.054681778
0.7553239,0.6831532,0.072170675
0.34845138,0.3089611,0.039490283
-0.25544536,-0.24545242,0.009992942
-0.35030207,-0.33293557,0.017366499
0.07350519,0.054610994,0.0188942
0.6250428,0.5586216,0.06642121
0.54784274,0.4868158,0.06102693
-0.089626595,-0.09713321,0.0075066164
-0.5505099,-0.51884323,0.031666696
-0.3432082,-0.32979682,0.013411373
0.777802,0.69283915,0.084962845
0.82262653,0.7525361,0.07009041
0.47023958,0.42769468,0.0425449
0.008562997,0.0025842239,0.0059787733
-0.19257702,-0.18296318,0.009613842
0.21912904,0.19433053,0.024798512
0.7096051,0.6436797,0.06592542
0.6421858,0.5807249,0.061460912
0.16700642,0.1437044,0.023302019
-0.33257595,-0.31526935,0.017306596
-0.17407642,-0.17053914,0.0035372823
0.4134982,0.36721033,0.046287864
0.7160774,0.64331746,0.07275993
0.38858733,0.34227896,0.04630837
-0.26414263,-0.25589916,0.008243471
-0.49302158,-0.46565372,0.02736786
0.002761093,-0.012881433,0.015642526
0.5070104,0.44683573,0.060174674
0.5667853,0.5001592,0.06662607
-0.08136693,-0.092139244,0.010772318
-0.087492004,-0.084549345,0.002942659
0.009308013,0.0035773236,0.0057306895
0.43262267,0.391602,0.04102066
0.78953975,0.7184452,0.07109457
0.5006159,0.45207122,0.048544675
-0.08594584,-0.08732359,0.0013777539
-0.322388,-0.30505562,0.017332375
0.042533286,0.02908126,0.013452025
0.6034031,0.54256696,0.060836136
0.65998995,0.59331644,0.06667352
0.09281576,0.07256031,0.020255446
-0.38461873,-0.3654077,0.019211024
-0.3455453,-0.33006328,0.015482008
0.25067294,0.2147878,0.03588514
0.67226094,0.5991493,0.07311165
0.33062792,0.28575936,0.04486856
-0.24816957,-0.24355207,0.0046174973
-0.6092545,-0.573249,0.036005497
-0.18224055,-0.18414989,0.0019093454
0.7150415,0.63229144,0.08275008
0.7810724,0.7120253,0.06904709
0.3356212,0.30175173,0.033869475
-0.1882597,-0.18029188,0.00796783
-0.15990941,-0.15496464,0.0049447715
0.3720586,0.33261183,0.03944677
0.7287542,0.6589208,0.0698334
0.5338867,0.4790434,0.054843277
-0.08696456,-0.09121047,0.004245907
-0.4253219,-0.40194127,0.023380637
-0.03610324,-0.045868084,0.009764843
0.47189128,0.41842407,0.053467214
0.66259485,0.5917631,0.070831776
0.13297108,0.106229596,0.026741482
-0.47618005,-0.45112136,0.025058687
-0.50279963,-0.47568163,0.027117997
0.07394793,0.050279517,0.023668412
0.5975874,0.52670765,0.07087976
0.3732994,0.32099736,0.052302033
-0.33665332,-0.32608712,0.010566205
-0.20381507,-0.19362447,0.010190606
0.02915907,0.019668015,0.009491056
0.57223517,0.5176325,0.054602683
0.7449033,0.67515063,0.06975269
0.36762616,0.3277444,0.039881766
-0.22690757,-0.2186569,0.008250669
-0.3212641,-0.30579782,0.015466273
0.2040302,0.17520843,0.028821766
0.6882616,0.6180007,0.07026094
0.5635791,0.5025634,0.061015666
-0.066273935,-0.07505986,0.008785926
-0.5227819,-0.49322328,0.029558629
-0.21976762,-0.21647157,0.0032960474
0.41889235,0.36632353,0.052568823
0.64257956,0.56925255,0.073327005
0.18176626,0.14759976,0.0341665
-0.48910588,-0.46445772,0.02464816
-0.58452487,-0.5513493,0.033175588
-0.109799676,-0.11969312,0.009893447
0.6601773,0.5790129,0.08116442
0.6587992,0.59740007,0.061399102
0.09093184,0.074851036,0.016080804
-0.32617295,-0.30887136,0.01730159
-0.14755546,-0.14557616,0.0019792914
0.43079212,0.3843349,0.04645723
0.729314,0.6570838,0.07223022
0.30525038,0.26718423,0.03806615
-0.23861307,-0.23201983,0.0065932423
-0.46578205,-0.4405255,0.025256544
0.023880444,0.0072166147,0.01666383
0.5935546,0.5273657,0.06618893
0.51330614,0.45270878,0.06059736
-0.027821762,-0.042647257,0.014825495
-0.58557254,-0.5520921,0.033480465
-0.39768168,-0.38082317,0.016858518
0.26151213,0.2191798,0.042332336
0.59394187,0.52041996,0.07352191
0.23270313,0.19055192,0.042151213
-0.4812541,-0.45851266,0.022741437
-0.3387171,-0.31957,0.019147098
0.16711411,0.14433034,0.022783771
0.6180104,0.5573887,0.06062168
0.6740534,0.60776335,0.06629002
0.114795186,0.09365192,0.021143265
-0.4041395,-0.38293573,0.021203756
-0.23664829,-0.22987787,0.006770417
0.26938727,0.2330538,0.03633347
0.6867062,0.6141132,0.07259297
0.34866455,0.30352926,0.04513529
-0.32372525,-0.31219465,0.011530608
-0.584428,-0.5507491,0.03367889
-0.16136332,-0.16465484,0.0032915175
0.4720494,0.4123997,0.059649676
0.532478,0.46607503,0.06640294
-0.09606168,-0.10747186,0.011410184
-0.6139295,-0.57890916,0.03502035
-0.5613394,-0.5309331,0.030406296
0.08990338,0.05991102,0.029992357
0.564641,0.48900393,0.07563707
0.47382692,0.42526597,0.048560947
-0.061726257,-0.06732475,0.005598493
-0.3962131,-0.37491426,0.021298856
-0.013074683,-0.024012657,0.010937974
0.57156605,0.5112278,0.06033826
0.6771616,0.60684776,0.07031381
0.1533122,0.12588923,0.02742298
-0.45051616,-0.42755592,0.022960246
-0.40758857,-0.3885773,0.01901126
0.20837238,0.17406888,0.0343035
0.61341995,0.5429792,0.07044077
0.39091063,0.33849093,0.052419692
-0.30156893,-0.293988,0.007580936
-0.6683185,-0.62828803,0.04003048
-0.34377095,-0.33286253,0.010908425
0.32780948,0.2771435,0.050665975
0.5320973,0.46121633,0.07088095
-0.039418098,-0.0585996,0.019181501
-0.6852531,-0.6440029,0.04125017
-0.4356816,-0.41038564,0.025295973
0.22466911,0.19511913,0.029549986
0.7021972,0.63231754,0.06987965
0.498625,0.44451943,0.05410558
-0.14606583,-0.14739026,0.0013244301
-0.4951886,-0.46784103,0.027347565
-0.19630879,-0.19451663,0.0017921627
0.43601868,0.3834911,0.052527577
0.6320609,0.5616015,0.070459366
0.20103239,0.16639821,0.034634173
-0.46586463,-0.44334352,0.022521108
-0.5617982,-0.5309937,0.030804515
0.029909791,0.008206398,0.021703392
0.56434405,0.493892,0.070452034
0.42489225,0.36546737,0.059424877
-0.25890467,-0.25708434,0.0018203259
-0.7432742,-0.6968259,0.04644829
-0.4094203,-0.3938202,0.015600115
0.27239746,0.22302201,0.049375445
0.48669937,0.41527805,0.071421325
0.3448459,0.30467927,0.040166616
-0.2926303,-0.2808848,0.0117455125
-0.38825384,-0.36907235,0.01918149
0.04601843,0.028351078,0.017667351
0.60921776,0.5433587,0.06585908
0.53016037,0.46979937,0.060360998
-0.118902914,-0.12505192,0.0061490014
-0.58658725,-0.5531052,0.033482075
-0.37448758,-0.35953,0.014957577
0.27987885,0.23732862,0.042550236
0.6107303,0.5378843,0.072845995
0.13975002,0.1072881,0.03246192
-0.45272952,-0.43282756,0.019901961
-0.6907371,-0.649229,0.04150814
-0.15346462,-0.16110398,0.0076393634
0.4582724,0.39300972,0.065262675
0.36966303,0.31107673,0.0585863
-0.20159355,-0.20710914,0.0055155903
-0.7793507,-0.72926354,0.050087154
-0.5428504,-0.5101381,0.03271228
0.39335003,0.3477935,0.045556545
0.7023465,0.62998945,0.07235706
0.36787674,0.32243958,0.045437157
-0.29708993,-0.28725517,0.009834766
-0.5288911,-0.49977347,0.029117614
-0.023344148,-0.03776953,0.014425382
0.4893853,0.4299703,0.059415013
0.54973453,0.4838138,0.06592074
-0.07449534,-0.08697759,0.012482256
-0.64204454,-0.60485107,0.037193477
-0.44825548,-0.4282846,0.019970894
0.10897175,0.078388095,0.030583657
0.5593356,0.48656422,0.07277137
0.19352902,0.15285997,0.040669054
-0.51998276,-0.4949756,0.025007159
-0.78661,-0.7362526,0.0503574
-0.33371285,-0.32623598,0.0074768662
0.32804072,0.27076495,0.057275772
0.32220292,0.26386768,0.058335245
0.107000016,0.08460737,0.022392645
-0.41938406,-0.3983969,0.020987153
-0.3783336,-0.3612178,0.017115802
0.2291174,0.1941909,0.03492649
0.65757304,0.58508676,0.07248628
0.3103534,0.2664662,0.043887198
-0.2764436,-0.27044427,0.0059993267
-0.6412822,-0.6037613,0.037520885
-0.20775974,-0.20847249,0.00071275234
0.43751606,0.37882343,0.058692634
0.55018383,0.480002,0.07018185
-0.01870086,-0.03875039,0.020049531
-0.662198,-0.62383443,0.038363576
-0.60673773,-0.5732483,0.033489406
0.051573783,0.023319907,0.028253876
0.4764332,0.40668464,0.06974855
0.24104996,0.19220391,0.04884605
-0.47418603,-0.45439193,0.019794106
-0.8425182,-0.78604853,0.05646968
-0.6219847,-0.5836478,0.038336933
0.4546282,0.40171266,0.052915543
0.64808273,0.5776858,0.07039696
0.11049562,0.084857665,0.025637954
-0.5064416,-0.47975647,0.026685119
-0.53226703,-0.5036243,0.028642714
0.052277826,0.029693488,0.022584338
0.5817638,0.51175755,0.07000625
0.3548334,0.30355957,0.051273823
-0.34757042,-0.33708078,0.010489643
-0.71773326,-0.6740696,0.04366368
-0.38687488,-0.37321,0.013664871
0.2918562,0.24253932,0.049316883
0.49705487,0.4272194,0.069835484
0.041662116,0.013203356,0.02845876
-0.650438,-0.6134776,0.036960423
-0.74050444,-0.69442946,0.046074986
-0.12492217,-0.13885587,0.013933703
0.42006418,0.3509991,0.069065094
0.20318806,0.1542005,0.048987567
-0.038374748,-0.050238557,0.011863809
-0.55225784,-0.52084816,0.03140968
-0.24457048,-0.23989958,0.004670903
0.40170944,0.34985405,0.051855385
0.6275187,0.55484015,0.072678566
0.16200633,0.12893364,0.033072695
-0.51433575,-0.48827815,0.026057601
-0.6095064,-0.5750436,0.03446281
-0.1305485,-0.1393582,0.008809686
0.47705218,0.41220042,0.06485176
0.38939735,0.33113673,0.05826062
-0.29904592,-0.29459754,0.004448384
-0.78417516,-0.7343562,0.049818933
-0.55294394,-0.5247379,0.02820605
0.13062204,0.09296992,0.037652127
0.46909672,0.39716837,0.07192835
-0.015020503,-0.040924177,0.025903674
-0.61229557,-0.5792007,0.033094883
-0.8429017,-0.7859679,0.05693382
-0.7037607,-0.65908223,0.04467845
0.57848215,0.5124834,0.06599873
0.4971249,0.43697774,0.060147166
-0.04890226,-0.06250079,0.0135985315
-0.61060244,-0.57535225,0.035250187
-0.42034996,-0.40203914,0.018310815
0.24372837,0.20234592,0.041382447
0.5778984,0.50529325,0.07260513
0.2145216,0.17353578,0.040985823
-0.49472645,-0.47147974,0.023246706
-0.7322141,-0.68694794,0.04526615
-0.19071455,-0.19600578,0.0052912235
0.34766975,0.29066935,0.0570004
0.4072123,0.34301758,0.06419471
-0.23764566,-0.24075738,0.00311172
-0.8121843,-0.7591708,0.053013504
-0.6057979,-0.57271814,0.033079743
-0.038891625,-0.062883824,0.0239922
0.40985847,0.33889624,0.07096222
-0.021787452,-0.04985873,0.028071279
-0.2785413,-0.2711651,0.007376194
-0.6087514,-0.5729951,0.03575629
-0.18183754,-0.18380941,0.0019718707
0.45577618,0.3966014,0.059174776
0.5162102,0.45038256,0.06582764
-0.11545973,-0.12553649,0.010076754
-0.63481,-0.5981279,0.03668207
-0.58110785,-0.54927164,0.03183621
0.07231087,0.043439977,0.028870896
0.5242859,0.4520503,0.072235614
0.15671094,0.117729165,0.038981773
-0.45224145,-0.4339148,0.01832664
-0.8210966,-0.76707023,0.054026365
-0.36745396,-0.35739496,0.010058999
0.29155007,0.23587091,0.055679157
0.40214708,0.33383977,0.06830731
-0.17024925,-0.18206058,0.011811331
-0.8048864,-0.7518174,0.053068995
-0.7405142,-0.6934706,0.04704362
0.52090776,0.43494964,0.08595812
0.5980142,0.52740884,0.07060534
0.37391698,0.32189086,0.052026123
-0.3217468,-0.3124896,0.009257197
-0.6891587,-0.6469612,0.042197466
-0.36267906,-0.3501916,0.012487471
0.31082943,0.2609605,0.04986894
0.51512015,0.4450457,0.07007444
-0.05712444,-0.07493916,0.017814722
-0.7014014,-0.6587333,0.042668104
-0.71861714,-0.6740889,0.044528246
-0.10524319,-0.11987796,0.014634766
0.43922982,0.37048513,0.06874469
0.20391484,0.15683478,0.047080055
-0.50649494,-0.4836064,0.022888541
-0.87032264,-0.81054604,0.059776604
-0.5309463,-0.5053462,0.025600135
0.14369355,0.09908032,0.044613235
0.34167796,0.27477652,0.066901445
-0.15866947,-0.17390895,0.015239477
-0.41724247,-0.39874467,0.018497795
-0.58259934,-0.5495054,0.03309393
0.011953014,-0.00876958,0.020722594
0.54781765,0.47736797,0.07044968
0.4076919,0.3487115,0.058980405
-0.27693602,-0.2734441,0.003491938
-0.7607227,-0.7120422,0.048680484
-0.42606682,-0.40882504,0.017241776
0.14953008,0.11132366,0.03820642
0.48765245,0.41555402,0.072098434
0.0043287645,-0.022000948,0.026329713
-0.6843686,-0.64325106,0.04111755
-0.7715273,-0.72137356,0.050153732
-0.28084838,-0.28004923,0.0007991493
0.32743108,0.26532817,0.062102914
0.23654409,0.18224292,0.054301172
-0.44107917,-0.4256656,0.015413582
-0.9068321,-0.8419758,0.06485629
-0.67317224,-0.63273746,0.040434778
0.46453348,0.38112068,0.083412796
0.5942704,0.5208655,0.07340491
0.1215677,0.08982078,0.031746916
-0.47177324,-0.44968873,0.022084504
-0.7091105,-0.66494805,0.044162452
-0.17078847,-0.17699769,0.0062092245
0.44066417,0.37575537,0.0649088
0.35171732,0.2938811,0.057836235
-0.21832022,-0.22214182,0.0038215965
-0.79332566,-0.74109936,0.052226305
-0.5879928,-0.5556653,0.032327473
0.09389576,0.05791289,0.035982873
0.42950785,0.35839382,0.07111403
0.061745435,0.026688447,0.035056986
-0.64140487,-0.60453284,0.03687203
-0.8665647,-0.8058287,0.060736
-0.32814008,-0.32393524,0.0042048395
0.1954431,0.14290714,0.05253595
0.24865219,0.18877871,0.059873477
-0.3992102,-0.38931748,0.009892732
-0.61654836,-0.5807755,0.03577286
-0.46785092,-0.44563138,0.022219539
0.09100186,0.061115116,0.029886745
0.5415638,0.46835256,0.07321125
0.17532912,0.13532735,0.040001765
-0.537218,-0.5097443,0.027473688
-0.8022887,-0.748994,0.05329472
-0.34964353,-0.3403007,0.009342819
0.309754,0.2532949,0.05645913
0.36815172,0.3044318,0.06371993
-0.27394655,-0.273948,1.4603138e-06
-0.79032737,-0.73770255,0.05262482
-0.7267811,-0.68025863,0.04652244
-0.07371525,-0.095429175,0.021713927
0.36825117,0.29870442,0.06954676
0.0064486233,-0.025962513,0.032411136
-0.5792691,-0.54909796,0.030171156
-0.92343384,-0.85530263,0.06813121
-0.48391768,-0.46392465,0.019993037
0.3855152,0.30733025,0.07818496
0.5324465,0.4614587,0.07098779
-0.038120184,-0.05714795,0.019027766
-0.6816749,-0.6402523,0.041422606
-0.6249715,-0.58861256,0.036358953
0.033517282,0.0061863787,0.027330903
0.45737937,0.38750353,0.06987584
0.22216144,0.17403601,0.04812543
-0.49006158,-0.46777973,0.022281855
-0.85540587,-0.79591286,0.059493005
-0.5162785,-0.49105415,0.025224358
0.16151962,0.116235144,0.045284472
0.36115378,0.2936315,0.06752229
-0.20496552,-0.21389714,0.008931622
-0.82887405,-0.7712749,0.057599127
-0.8353957,-0.7766079,0.058787823
-0.23926365,-0.24549533,0.0062316805
0.27771688,0.21329343,0.06442344
0.05129846,0.010635842,0.04066262
-0.62375104,-0.5887615,0.034989536
-0.7219536,-0.67677647,0.045177102
-0.4076452,-0.39176446,0.015880734
0.27282798,0.22343735,0.04939063
0.47775853,0.40719354,0.070564985
0.022173855,-0.005376916,0.027550772
-0.66834295,-0.6281422,0.04020077
-0.7568169,-0.70729357,0.049523354
-0.14251311,-0.15489475,0.012381643
0.3996704,0.3308488,0.06882158
0.25517517,0.19978915,0.05538602
-0.42694557,-0.41185513,0.015090436
-0.8971816,-0.8320825,0.06509906
-0.55951345,-0.5300495,0.029463947
0.0036209181,-0.028222155,0.031843074
0.3262989,0.25786495,0.06843394
-0.1386437,-0.15698323,0.01833953
-0.78617895,-0.7323845,0.053794444
-0.85783416,-0.7954159,0.062418282
-0.39422262,-0.38466516,0.009557456
0.31703687,0.24320261,0.073834255
0.37291834,0.31381932,0.05909902
-0.32053494,-0.31423315,0.0063017905
-0.80524623,-0.75174683,0.0534994
-0.57248753,-0.5413707,0.031116843
0.11117877,0.07400066,0.037178114
0.44856846,0.3760179,0.072550565
-0.03444393,-0.059120774,0.024676844
-0.62848204,-0.5921432,0.036338866
-0.85634077,-0.79562557,0.0607152
-0.3144575,-0.31074053,0.0037169755
0.28703192,0.22550581,0.061526105
0.19618064,0.14303872,0.05314192
-0.35525793,-0.34891722,0.0063407123
-0.89920294,-0.832457,0.06674594
-0.69414973,-0.6498311,0.044318616
-0.04807496,-0.07716985,0.02909489
0.26140714,0.1955713,0.06583583
-0.082143545,-0.10961281,0.027469262
-0.72844696,-0.6806482,0.047798753
-0.84274006,-0.7861387,0.056601346
-0.21189517,-0.21578613,0.0038909614
0.32781988,0.27030173,0.057518154
0.38689843,0.32192716,0.06497127
-0.25790915,-0.2593453,0.0014361441
-0.8305318,-0.7735853,0.056946456
-0.62319785,-0.5869239,0.036273956
-0.0577595,-0.080602825,0.022843324
0.38829783,0.31708097,0.07121685
0.023556605,-0.010077266,0.033633873
-0.67040324,-0.6292628,0.041140437
-0.9180608,-0.8492186,0.06884217
-0.47396737,-0.45389292,0.020074457
0.15567599,0.10448632,0.051189676
0.20647974,0.1481189,0.058360845
-0.39582267,-0.38610303,0.00971964
-0.8677669,-0.80325615,0.06451076
-0.79910827,-0.7420851,0.057023168
-0.19990751,-0.21400678,0.01409927
0.21496974,0.14982972,0.065140024
0.14965303,0.10940671,0.040246323
-0.47434953,-0.4539768,0.020372719
-0.8423569,-0.78483135,0.057525575
-0.38730055,-0.37523386,0.012066692
0.27125555,0.21514742,0.056108132
0.38107154,0.3119476,0.069123924
-0.18959635,-0.19990921,0.010312855
-0.82028526,-0.76321125,0.05707401
-0.75476784,-0.70399225,0.050775588
-0.10859904,-0.12850042,0.01990138
0.29836923,0.2322051,0.066164136
0.06932887,0.027427342,0.041901525
-0.6040337,-0.570039,0.033994734
-0.93809813,-0.8652268,0.07287133
-0.61317635,-0.5775461,0.035630226
0.0138051445,-0.024657216,0.03846236
0.19154015,0.1305997,0.060940444
-0.32267296,-0.32301992,0.00034695864
-0.8752016,-0.8084245,0.06677711
-0.9108093,-0.8473514,0.063457906
-0.125936,-0.13974272,0.013806716
0.41922843,0.34954065,0.06968778
0.18333283,0.13595457,0.047378257
-0.5261893,-0.50105894,0.025130391
-0.88797575,-0.8244163,0.06355947
-0.5483154,-0.52005064,0.028264761
0.12370986,0.079235956,0.0444739
0.32002208,0.25262278,0.06739929
-0.12306269,-0.14276446,0.019701771
-0.7806275,-0.72672033,0.053907156
-0.8548753,-0.79175293,0.06312239
-0.26940593,-0.273253,0.0038470626
0.23507392,0.17159034,0.06348358
0.09687563,0.048215706,0.048659924
-0.5278514,-0.5029369,0.024914503
-0.9459191,-0.8703206,0.07559848
-0.6330626,-0.5949783,0.03808433
-0.1297866,-0.15402147,0.024234876
0.1336334,0.07525104,0.058382362
0.006380058,-0.021879302,0.02825936
-0.70531,-0.66213924,0.04317075
-0.7911114,-0.73840034,0.05271107
-0.29987156,-0.29781368,0.0020578802
0.3071307,0.24426869,0.06286201
0.21599852,0.16118681,0.0548117
-0.45858294,-0.4410971,0.017485827
-0.9206113,-0.8517085,0.06890285
-0.6871823,-0.6434537,0.04372859
-0.031610813,-0.062138688,0.030527875
0.2837637,0.21574298,0.06802073
-0.17183653,-0.18826641,0.016429886
-0.71903545,-0.6712862,0.04774922
-0.91880095,-0.84655315,0.0722478
-0.4177597,-0.40542236,0.012337327
0.12349376,0.06907301,0.054420754
0.037326377,-0.007893716,0.045220092
-0.4500945,-0.4354005,0.014694005
-0.9174864,-0.84355044,0.073935986
-0.98625666,-0.9147825,0.071474135
0.07460637,0.038761716,0.03584465
0.4092968,0.33749577,0.07180104
0.042141307,0.0070127356,0.03512857
-0.6587833,-0.62002224,0.03876108
-0.8819213,-0.8183076,0.06361371
-0.345017,-0.3394175,0.0055994987
0.17561159,0.12272027,0.052891314
0.22792181,0.16752869,0.060393125
-0.3839964,-0.37563473,0.008361667
-0.9146305,-0.8444454,0.070185065
-0.71199465,-0.6646277,0.047366977
-0.18618615,-0.20125884,0.015072688
0.2180847,0.15320024,0.064884454
-0.11603458,-0.14156389,0.02552931
-0.73438317,-0.683918,0.050465167
-0.9441373,-0.8668191,0.07731819
-0.54606247,-0.51847875,0.027583718
8.234165e-05,-0.04280796,0.0428903
-0.013072537,-0.055679407,0.042606868
-0.24758004,-0.251676,0.0040959567
-0.80741286,-0.75363576,0.0537771
-0.7428875,-0.695015,0.047872484
-0.09147201,-0.1128938,0.02142179
0.3482575,0.2778919,0.07036561
-0.012015856,-0.04447798,0.032462124
-0.593722,-0.5617924,0.031929612
-0.93437344,-0.8630494,0.07132405
-0.4975848,-0.47558048,0.022004306
0.1176063,0.06734238,0.05026392
0.21476991,0.1514715,0.06329842
-0.310261,-0.31178242,0.0015214086
-0.87643534,-0.8088773,0.06755805
-0.8076433,-0.7476026,0.060040712
-0.22804144,-0.24013118,0.012089744
0.12711732,0.0690591,0.058058225
-0.07735768,-0.11066393,0.03330625
-0.6556021,-0.6144761,0.041126013
-0.9305002,-0.8526381,0.077862084
-1.0270724,-0.95063215,0.076440275
0.14342822,0.098302476,0.045125745
0.34186733,0.27412993,0.0677374
-0.22173454,-0.23053718,0.008802637
-0.84142727,-0.7827114,0.05871588
-0.84685695,-0.7865411,0.060315847
-0.2545895,-0.26024133,0.0056518316
0.2577777,0.1926429,0.06513479
0.03302015,-0.0078017,0.04082185
-0.6226832,-0.5870791,0.03560412
-0.94600004,-0.8710224,0.07497764
-0.6280506,-0.5905069,0.037543714
-0.02110344,-0.058283027,0.03717959
0.14918865,0.08939022,0.059798434
-0.24480462,-0.25610346,0.011298835
-0.81401724,-0.7524388,0.061578453
-0.8679797,-0.79844695,0.06953275
-0.36202785,-0.35856283,0.0034650266
0.06053332,0.00672478,0.05380854
-0.11395741,-0.14564583,0.031688415
-0.38619885,-0.37684643,0.009352416
-0.9087594,-0.84366214,0.06509727
-0.57234675,-0.54266626,0.02968049
-0.013112623,-0.044897884,0.03178526
0.30646515,0.23763014,0.068835005
-0.15450668,-0.17291574,0.018409058
-0.7949663,-0.74003327,0.05493301
-0.8648468,-0.8006699,0.06417692
-0.40617874,-0.3955783,0.010600448
0.14566772,0.08917096,0.056496754
0.058591522,0.011074523,0.047516998
-0.54367226,-0.51736575,0.02630651
-0.94356406,-0.86617863,0.077385426
-0.7296423,-0.67843455,0.05120772
-0.15950999,-0.1820672,0.022557214
0.10540252,0.04674365,0.05865887
-0.28367856,-0.29177386,0.008095294
-0.73635054,-0.68326074,0.053089797
-0.89075446,-0.8154799,0.07527459
-1.0662652,-0.9844815,0.08178371
0.2683621,0.20745592,0.060906187
0.17778397,0.12492163,0.05286234
-0.3685095,-0.3623764,0.0061331093
-0.90604323,-0.8394699,0.06657332
-0.7022945,-0.6578061,0.04448843
-0.06383221,-0.09296524,0.02913303
0.24101937,0.1746979,0.06632146
-0.09798985,-0.12561204,0.027622186
-0.72797585,-0.6796241,0.048351765
-0.91771334,-0.84487724,0.0728361
-0.43473914,-0.42133287,0.013406277
0.020717826,-0.024335535,0.045053363
0.06059534,0.00883397,0.05176137
-0.46484417,-0.44869697,0.016147196
-0.9060661,-0.83048874,0.07557738
-0.7264052,-0.6738643,0.0525409
-0.2885087,-0.29588065,0.0073719323
0.036045063,-0.01780796,0.053853024
-0.28277114,-0.29276052,0.009989381
-0.61022305,-0.5772211,0.03300196
-0.9241354,-0.8563946,0.0677408
-0.48420665,-0.46449566,0.019710988
0.13757618,0.08669972,0.05087646
0.18711413,0.12881945,0.058294684
-0.40651783,-0.39717728,0.0093405545
-0.87022966,-0.8058333,0.06439638
-0.80158687,-0.7441924,0.057394445
-0.21269122,-0.22666685,0.013975635
0.17379932,0.110637315,0.06316201
-0.14687876,-0.17126977,0.02439101
-0.6489896,-0.6093131,0.039676547
-0.9313112,-0.85365,0.077661216
-0.5521058,-0.52349716,0.02860862
-0.03731501,-0.078514166,0.041199155
0.03702305,-0.015908023,0.05293107
-0.39409277,-0.38801217,0.0060805976
-0.84238017,-0.7720884,0.07029176
-0.77684635,-0.7145751,0.062271237
0.09383336,0.028026473,0.06580688
0.27847368,0.21361595,0.06485772
0.05197044,0.010647327,0.041323114
-0.6112711,-0.57824045,0.03303063
-0.93887115,-0.8674531,0.07141805
-0.61836594,-0.5834568,0.03490913
-0.0027159646,-0.041184347,0.038468383
0.1708586,0.109761685,0.06109692
-0.3329075,-0.33360752,0.00070002675
-0.87154883,-0.8046198,0.06692904
-0.86538506,-0.7978118,0.06757325
-0.34959546,-0.34792086,0.0016745925
0.082648434,0.02638496,0.056263473
-0.11152221,-0.1434201,0.031897888
-0.65283144,-0.61117256,0.04165888
-0.9068278,-0.8285235,0.07830429
-0.64052653,-0.5984291,0.04209745
-0.1576687,-0.18532743,0.02765873
-0.031141117,-0.07895641,0.047815293
-0.37319028,-0.37079138,0.0023989081
-0.7168504,-0.67174906,0.045101345
-0.8571,-0.7956382,0.061461806
-0.2806599,-0.28463942,0.003979504
0.21429238,0.15183687,0.062455505
0.078080505,0.029818099,0.048262406
-0.53349656,-0.5096487,0.023847878
-0.9408737,-0.866781,0.074092686
-0.6341205,-0.59671736,0.037403166
-0.14339584,-0.16778871,0.024392873
0.12740636,0.06677841,0.060627952
-0.2694047,-0.27982473,0.010420024
-0.80308527,-0.7422736,0.06081164
-0.8498869,-0.7810674,0.06881952
-0.4664441,-0.44950157,0.01694253
-0.022828106,-0.069136284,0.04630818
-0.09872672,-0.13580993,0.03708321
-0.5708733,-0.5391873,0.031686008
-0.8692948,-0.79142296,0.07787186
-0.6960642,-0.6429081,0.053156078
0.029471641,-0.031259745,0.06073139
0.26199427,0.19596674,0.06602754
-0.18557644,-0.20166546,0.016089022
-0.7210048,-0.6749308,0.046073973
-0.91480905,-0.8449267,0.06988233
-0.42431182,-0.41277304,0.011538774
0.10305545,0.04916016,0.053895287
0.018299088,-0.026907895,0.045206983
-0.4551111,-0.44136965,0.013741434
-0.90655285,-0.8337521,0.072800756
-0.72359097,-0.6732823,0.050308645
-0.18781713,-0.20912777,0.021310642
0.057944044,0.0014909116,0.05645313
-0.22233742,-0.2412607,0.018923283
-0.72198004,-0.66936785,0.052612185
-0.85975194,-0.78511703,0.07463491
-0.4774722,-0.45839983,0.019072354
-0.13257855,-0.16671106,0.03413251
-0.11021255,-0.14960138,0.039388835
-0.5157509,-0.49087432,0.024876565
-0.87015957,-0.8066329,0.06352669
-0.7137357,-0.6677462,0.045989513
-0.19887601,-0.2136094,0.014733389
0.1950588,0.13187309,0.06318571
-0.13123903,-0.15656602,0.025326997
-0.7317797,-0.6834513,0.0483284
-0.9332983,-0.85863584,0.07466245
-0.54618967,-0.51982963,0.026360035
-0.01877469,-0.061599724,0.042825036
0.016665433,-0.03273923,0.049404662
-0.47552332,-0.4593939,0.016129434
-0.84529835,-0.77703834,0.068260014
-0.7785225,-0.7177158,0.06080669
-0.30787253,-0.31433815,0.006465614
-0.012458656,-0.064042546,0.05158389
-0.26377562,-0.2789103,0.015134692
-0.6382185,-0.5949171,0.043301404
-0.83499724,-0.75815815,0.07683909
-0.5511649,-0.51881886,0.03234607
-0.046483397,-0.099922895,0.053439498
0.19189231,0.13096865,0.060923666
-0.32137644,-0.32263538,0.0012589395
-0.871795,-0.8066329,0.06516212
-0.80280286,-0.7451485,0.05765438
-0.23943476,-0.25161508,0.0121803135
0.10363691,0.04671179,0.05692512
-0.09487728,-0.12813185,0.03325457
-0.651141,-0.6119834,0.03915757
-0.9126468,-0.83714056,0.07550621
-0.639882,-0.6000858,0.039796233
-0.14160745,-0.1715465,0.029939055
-0.01010267,-0.06069614,0.05059347
-0.40776107,-0.40143266,0.006328404
-0.81476146,-0.74615353,0.06860793
-0.7977752,-0.72931963,0.06845558
-0.40836892,-0.40014035,0.00822857
-0.09871996,-0.14204267,0.043322705
-0.24452893,-0.26531273,0.020783797
-0.62640005,-0.5810767,0.045323372
-0.9260732,-0.8544071,0.07166612
-0.6307575,-0.5939912,0.03676629
-0.039346386,-0.07507303,0.035726648
0.12508358,0.06739251,0.057691067
-0.25748426,-0.26870453,0.011220276
-0.8066605,-0.7478665,0.058793962
-0.8561836,-0.78970915,0.06647444
-0.36812738,-0.3655212,0.0026061833
0.03618412,-0.017045544,0.053229667
-0.080664575,-0.11979613,0.039131552
-0.569831,-0.5406682,0.029162824
-0.8804598,-0.80475533,0.075704455
-0.63197315,-0.5909937,0.040979445
-0.2562444,-0.27220562,0.01596123
-0.06059226,-0.10896327,0.048371013
-0.35678148,-0.35900334,0.0022218525
-0.734207,-0.672658,0.06154895
-0.7546491,-0.6866948,0.0679543
-0.48379043,-0.4618496,0.021940827
-0.11238315,-0.15969591,0.04731276
0.04010772,-0.0053793024,0.045487024
-0.5494761,-0.523326,0.026150107
-0.9363238,-0.8614071,0.07491672
-0.7267237,-0.67749965,0.04922402
-0.17458244,-0.19658865,0.022006214
0.0798421,0.022822253,0.057019845
-0.29524237,-0.30388865,0.00864628
-0.7280179,-0.6776633,0.0503546
-0.8726774,-0.80051124,0.072166145
-0.47543108,-0.45854136,0.016889721
-0.06642845,-0.110254616,0.043826163
-0.13857432,-0.17371386,0.035139546
-0.4963772,-0.4770827,0.0192945
-0.82081145,-0.7480865,0.07272494
-0.6764363,-0.6245789,0.05185741
-0.29373765,-0.3059434,0.01220575
-0.13044918,-0.17303905,0.042589873
-0.32720032,-0.33603212,0.008831799
-0.6555238,-0.6016673,0.053856492
-0.98920655,-0.90781623,0.08139032
-0.4433653,-0.42949438,0.013870925
-0.00031642988,-0.043264538,0.04294811
0.037285786,-0.012202726,0.04948851
-0.47185552,-0.4562771,0.015578419
-0.8962869,-0.82398313,0.07230377
-0.7208662,-0.67091066,0.049955547
-0.29939583,-0.30723554,0.0078397095
0.010122185,-0.042893983,0.053016167
-0.25209668,-0.2693238,0.017227113
-0.7127932,-0.66183007,0.050963104
-0.85429245,-0.77960163,0.07469082
-0.55579126,-0.52563816,0.030153096
-0.17126945,-0.20360664,0.03233719
-0.15387827,-0.19138841,0.03751014
-0.50139713,-0.47990245,0.021494687
-0.745955,-0.6785577,0.0673973
-0.6890392,-0.62877584,0.060263336
-0.37900358,-0.37721634,0.0017872453
-0.19076325,-0.22886121,0.038097963
-0.07162754,-0.10557458,0.033947036
-0.6533994,-0.6136615,0.03973788
-0.9262683,-0.85049385,0.07577443
-0.5566316,-0.5287743,0.027857304
-0.058291305,-0.09785879,0.03956748
0.012308007,-0.038814403,0.051122412
-0.4034289,-0.39824358,0.005185336
-0.83220184,-0.7654258,0.06677604
-0.76689816,-0.7077058,0.05919236
-0.33022788,-0.3355674,0.005339533
-0.07689501,-0.122807086,0.045912072
-0.23063098,-0.25445262,0.023821637
-0.63188314,-0.5900868,0.041796327
-0.8059196,-0.731836,0.07408357
-0.6063482,-0.56441605,0.041932166
-0.2692933,-0.28874856,0.019455254
-0.19132733,-0.22801591,0.03668858
-0.45103073,-0.4376718,0.013358921
-0.69672287,-0.63014215,0.06658071
-1.0032046,-0.9176148,0.08558977
-0.3618289,-0.3588802,0.0029487014
0.059039883,0.005555734,0.05348415
-0.13081805,-0.16072446,0.029906407
-0.65623945,-0.61562157,0.040617883
-0.9007261,-0.8254621,0.07526398
-0.641647,-0.6015484,0.040098608
-0.17603073,-0.20322219,0.02719146
-0.05567149,-0.102706835,0.047035344
-0.3507385,-0.35493013,0.004191637
-0.75502515,-0.695604,0.059421122
-0.77947867,-0.7134742,0.066004455
-0.42297053,-0.4145768,0.008393735
-0.14427736,-0.18539894,0.041121572
-0.2325272,-0.26040497,0.027877778
-0.56045353,-0.5276446,0.03280896
-0.7522706,-0.6789933,0.073277295
-0.584364,-0.54166335,0.04270065
-0.35334945,-0.35936862,0.006019175
-0.25300375,-0.28410724,0.031103492
-0.2664183,-0.27692106,0.010502756
-0.80584586,-0.74477035,0.06107551
-0.8503345,-0.7823535,0.067981005
-0.47598466,-0.4588893,0.017095357
-0.044944093,-0.08911045,0.044166356
-0.11958307,-0.15514828,0.035565212
-0.57705015,-0.54697615,0.030074
-0.8640956,-0.7898958,0.074199855
-0.6954705,-0.64510465,0.050365865
-0.28454995,-0.29869717,0.014147222
-0.10687834,-0.15218364,0.045305297
-0.37910622,-0.38063103,0.001524806
-0.6756591,-0.6244429,0.051216245
-0.7623007,-0.69193566,0.07036507
-0.49157172,-0.47007242,0.021499306
-0.23241259,-0.26359248,0.03117989
-0.28673607,-0.309491,0.022754937
-0.50594044,-0.4813671,0.024573326
-0.68679553,-0.6172016,0.06959391
-1.0203103,-0.9296635,0.0906468
-0.20450094,-0.22367525,0.019174308
0.035374206,-0.01811829,0.053492494
-0.2391779,-0.2561265,0.016948596
-0.72678447,-0.67496866,0.051815808
-0.860321,-0.78798693,0.07233405
-0.48764667,-0.4692908,0.018355876
-0.15279268,-0.18600816,0.033215478
-0.13201523,-0.17083292,0.03881769
-0.50768256,-0.4878171,0.019865453
-0.8045339,-0.73399377,0.07054013
-0.67026985,-0.6198537,0.05041617
-0.37691423,-0.37780064,0.0008864105
-0.175685,-0.21611951,0.04043451
-0.3549102,-0.36320826,0.008298069
-0.6457867,-0.5941203,0.05166638
-0.722271,-0.6502516,0.0720194
-0.5348455,-0.50154406,0.033301413
-0.31597957,-0.3355381,0.01955852
-0.33488524,-0.3528699,0.017984658
-0.452296,-0.43843374,0.013862252
-0.8481162,-0.7789552,0.069161
-0.7824247,-0.72148335,0.06094134
-0.3224037,-0.32746068,0.0050569773
-0.034442555,-0.08332286,0.048880305
-0.21453519,-0.23847865,0.023943454
-0.64548457,-0.6038261,0.04165846
-0.836814,-0.7632781,0.07353586
-0.56041795,-0.5299356,0.030482352
-0.20827,-0.23768313,0.029413134
-0.16716632,-0.2065413,0.039374977
-0.4542398,-0.4435045,0.010735273
-0.7322657,-0.6670778,0.06518793
-0.6793254,-0.6208531,0.058472276
-0.40140793,-0.39930403,0.002103895
-0.25393987,-0.28651914,0.032579273
-0.35374817,-0.36641264,0.012664467
-0.5822464,-0.53854185,0.04370457
-0.66763276,-0.5973145,0.07031828
-1.0044038,-0.91222584,0.09217799
-0.15877499,-0.18613034,0.027355358
-0.03086136,-0.078276314,0.047414955
-0.41952276,-0.4113446,0.0081781745
-0.8167881,-0.7488255,0.06796259
-0.8003175,-0.73337245,0.066945076
-0.42097488,-0.41259038,0.008384496
-0.11975801,-0.161376,0.04161799
-0.26237148,-0.28294283,0.020571351
-0.6286911,-0.5870699,0.04162115
-0.7863773,-0.71431714,0.07206017
-0.6041657,-0.5629628,0.041202903
-0.3013446,-0.31900054,0.017655939
-0.23361444,-0.26825786,0.03464341
-0.42189375,-0.4186246,0.003269136
-0.6599645,-0.60121036,0.058754146
-0.6641823,-0.6000025,0.06417978
-0.4609041,-0.44615716,0.014746934
-0.31883264,-0.34530234,0.026469707
-0.39114878,-0.4003772,0.009228438
-0.5359818,-0.5098029,0.026178896
-0.8777309,-0.8006103,0.0771206
-0.6360323,-0.5938573,0.042174995
-0.27107164,-0.28478816,0.013716519
-0.08143191,-0.12658107,0.045149162
-0.36980566,-0.37078324,0.0009775758
-0.73714507,-0.67753035,0.059614718
-0.75771356,-0.6924586,0.06525493
-0.49515426,-0.4744377,0.020716548
-0.21067801,-0.24325332,0.03257531
-0.2679394,-0.29291302,0.02497363
-0.56132126,-0.52896297,0.03235829
-0.7312948,-0.6603049,0.07098991
-0.6209283,-0.5705204,0.050407887
-0.38070714,-0.3860108,0.005303651
-0.28953853,-0.32106513,0.031526595
-0.44562188,-0.43891793,0.006703943
-0.5990849,-0.5476241,0.051460803
-0.6339562,-0.56729233,0.06666386
-0.98058164,-0.8870638,0.09351784
-0.08556623,-0.12625432,0.04068809
-0.15600105,-0.18771446,0.03171341
-0.502341,-0.48092306,0.021417916
-0.81614965,-0.74368423,0.07246542
-0.67718315,-0.6257745,0.05140865
-0.3081424,-0.31874666,0.010604262
-0.15094842,-0.19111401,0.04016559
-0.34174496,-0.3503182,0.008573234
-0.6580899,-0.6075079,0.05058199
-0.73348486,-0.66514015,0.06834471
-0.4961082,-0.4740844,0.022023797
-0.29821408,-0.32054606,0.022331983
-0.2955964,-0.3225115,0.026915103
-0.5131174,-0.48897138,0.02414599
-0.67000586,-0.60213184,0.067874014
-0.59165025,-0.5411982,0.050452054
-0.4433809,-0.43634707,0.007033825
-0.35572127,-0.38099787,0.025276601
-0.45966476,-0.4531464,0.006518364
-0.6614043,-0.61460483,0.04679948
-0.8425778,-0.7660608,0.076516986
-0.55625683,-0.52420217,0.032054663
-0.18837275,-0.21726733,0.028894588
-0.17245424,-0.20623343,0.03377919
-0.5057938,-0.48335448,0.02243933
-0.74082136,-0.67538786,0.0654335
-0.6875665,-0.6295329,0.058033645
-0.39148086,-0.3896785,0.001802355
-0.2202737,-0.25579688,0.035523176
-0.3373813,-0.35172108,0.014339775
-0.59021026,-0.5482773,0.04193294
-0.69081306,-0.62113285,0.069680214
-0.53332597,-0.50034755,0.032978415
-0.35161346,-0.3697106,0.018097132
-0.3413824,-0.36730272,0.025920302
-0.4885875,-0.4713638,0.017223686
-0.61521924,-0.5525651,0.06265414
-0.58566576,-0.52953094,0.05613482
-0.37366715,-0.40557367,0.031906515
-0.09746898,-0.13977288,0.042303897
-0.24441123,-0.26443756,0.020026326
-0.62516177,-0.5813724,0.043789387
-0.78991157,-0.7158928,0.07401878
-0.6015238,-0.55929947,0.042224348
-0.28372982,-0.30043703,0.016707212
-0.21087842,-0.2443794,0.033500984
-0.45740062,-0.44422898,0.013171643
-0.69162714,-0.6282728,0.06335437
-0.67263395,-0.60987246,0.062761486
-0.45410028,-0.44058135,0.0135189295
-0.29638508,-0.32537007,0.028984994
-0.3815593,-0.39246222,0.010902911
-0.5416956,-0.5076449,0.034050703
-0.6413657,-0.5726543,0.0687114
-0.5514202,-0.50906783,0.04235238
-0.42132705,-0.42812514,0.0067980886
-0.40459564,-0.42449832,0.019902676
-0.4956596,-0.480563,0.015096575
-0.6955819,-0.6401116,0.055470288
-0.75838417,-0.69035244,0.06803173
-0.4242114,-0.41299158,0.011219829
-0.16487312,-0.20136365,0.03649053
-0.24836825,-0.27193195,0.023563698
-0.5542296,-0.5205524,0.03367722
-0.73305595,-0.66209775,0.0709582
-0.57819027,-0.5366733,0.04151696
-0.3649952,-0.36997047,0.0049752593
-0.26669174,-0.2980359,0.031344146
-0.4323294,-0.42698374,0.0053456426
-0.6240133,-0.5673515,0.056661785
-0.6269448,-0.5648719,0.062072873
-0.49647957,-0.47193897,0.024540603
-0.37132478,-0.39184186,0.020517081
-0.40810165,-0.42149034,0.013388693
-0.5369178,-0.5016324,0.035285413
-0.60113543,-0.5343284,0.06680703
-0.55698663,-0.50807,0.048916638
-0.42568612,-0.4530899,0.027403772
-0.1297576,-0.17091946,0.041161865
-0.38239488,-0.38009715,0.0022977293
-0.6548528,-0.60178953,0.053063273
-0.7331638,-0.66282123,0.07034254
-0.4857375,-0.462616,0.023121506
-0.25105742,-0.27773595,0.026678532
-0.30196175,-0.32117608,0.019214332
-0.50196975,-0.47780257,0.02416718
-0.66732246,-0.6012499,0.06607258
-0.5858109,-0.53671736,0.049093544
-0.39961892,-0.40190408,0.0022851527
-0.33328155,-0.36059025,0.027308702
-0.4317084,-0.4323081,0.00059971213
-0.5726136,-0.52260983,0.050003767
-0.5990828,-0.5339277,0.06515515
-0.50422287,-0.47822246,0.02600041
-0.4394919,-0.44995835,0.010466456
-0.45163694,-0.46482337,0.013186425
-0.53108466,-0.5011142,0.029970467
-0.74514985,-0.6765258,0.06862408
-0.6441808,-0.5916308,0.05254996
-0.37818998,-0.37560686,0.0025831163
-0.19890063,-0.23373201,0.03483139
-0.36108735,-0.3651401,0.004052758
-0.61996794,-0.5684633,0.051504612
-0.6869538,-0.6175946,0.06935918
-0.5220532,-0.48917738,0.032875806
-0.33172047,-0.34846377,0.016743302
-0.33443025,-0.355587,0.021156758
-0.501807,-0.47706947,0.024737507
-0.60659415,-0.54562694,0.060967207
-0.5766703,-0.52108175,0.055588543
-0.45471394,-0.4462772,0.008436739
-0.39876187,-0.42163616,0.022874296
-0.4535125,-0.45783257,0.004320085
-0.5437715,-0.5007676,0.043003917
-0.5724804,-0.50743544,0.06504494
-0.52818805,-0.4938506,0.03433746
-0.4768013,-0.498443,0.021641701
-0.19034529,-0.22524478,0.034899488
-0.44822943,-0.4337599,0.014469534
-0.6927222,-0.6265249,0.066197276
-0.6433916,-0.58469653,0.058695078
-0.40076244,-0.39537743,0.0053850114
-0.2756583,-0.30240813,0.02674982
-0.36374292,-0.37257335,0.008830428
-0.55868274,-0.51661646,0.042066276
-0.6304654,-0.5640383,0.06642711
-0.536717,-0.49557856,0.04113844
-0.40126804,-0.40834364,0.007075608
-0.38311788,-0.40458924,0.021471351
-0.48726398,-0.46960407,0.017659903
-0.57041144,-0.5099084,0.060503066
-0.55990535,-0.4998109,0.060094446
-0.4953707,-0.4766651,0.018705577
-0.46439484,-0.48014313,0.015748292
-0.49879077,-0.49881402,2.3245811e-05
-0.53990835,-0.50332415,0.0365842
-0.73478264,-0.66241544,0.07236719
-0.5778942,-0.5345578,0.04333639
-0.31243885,-0.32560977,0.013170928
-0.25665942,-0.28510728,0.028447866
-0.41996706,-0.41262203,0.007345021
-0.61998117,-0.5622026,0.057778597
-0.6204965,-0.5588374,0.061659098
-0.45240968,-0.43623745,0.01617223
-0.33998203,-0.36201146,0.02202943
-0.38841838,-0.40072757,0.012309194
-0.5192982,-0.48561314,0.03368506
-0.58261156,-0.51759624,0.065015316
-0.5222924,-0.48083434,0.04145804
-0.4574176,-0.4547575,0.0026600957
-0.44167197,-0.4610108,0.019338846
-0.49706438,-0.48495904,0.012105346
-0.5430753,-0.48833987,0.054735452
-0.54129344,-0.48319858,0.05809486
-0.5249839,-0.49782607,0.027157813
-0.52292013,-0.53973985,0.016819715
-0.2839,-0.30485725,0.020957261
-0.54123825,-0.50595784,0.035280406
-0.6831156,-0.61189175,0.071223855
-0.5851237,-0.5343407,0.05078304
-0.3844318,-0.3854133,0.0009814799
-0.313483,-0.33816567,0.02468267
-0.44173852,-0.43228015,0.009458363
-0.56138355,-0.5123863,0.048997223
-0.5850439,-0.52229977,0.06274414
-0.48462865,-0.4590988,0.025529861
-0.40912053,-0.4241234,0.0150028765
-0.43917677,-0.44870988,0.009533107
-0.5049916,-0.47832382,0.026667774
-0.5447203,-0.4822928,0.06242749
-0.5232286,-0.47500277,0.04822582
-0.49630693,-0.4909407,0.005366236
-0.50344014,-0.51775503,0.01431489
-0.52740365,-0.51922995,0.008173704
-0.53757817,-0.49019966,0.04737851
-0.72625995,-0.64918745,0.0770725
-0.48360536,-0.4591026,0.024502754
-0.31470317,-0.33213466,0.017431498
-0.31623757,-0.336891,0.020653427
-0.49713245,-0.47032714,0.026805311
-0.6195095,-0.5539151,0.065594435
-0.5525846,-0.50368106,0.048903525
-0.43851754,-0.42889163,0.009625912
-0.37845436,-0.39843038,0.01997602
-0.44914508,-0.445607,0.003538072
-0.535334,-0.48757187,0.047762126
-0.5477857,-0.48460376,0.06318194
-0.501686,-0.46767625,0.034009725
-0.46991274,-0.4772549,0.0073421597
-0.48656267,-0.49745756,0.010894895
-0.51721907,-0.48919818,0.028020889
-0.52428985,-0.4665904,0.057699442
-0.5212023,-0.46911314,0.052089185
-0.5354594,-0.5212599,0.014199495
-0.564008,-0.5741934,0.0101854205
-0.34848487,-0.35957435,0.011089474
-0.56840295,-0.52413243,0.044270515
-0.64748085,-0.57798016,0.069500685
-0.51203775,-0.477704,0.034333766
-0.36678332,-0.37896898,0.012185663
-0.3637502,-0.38263676,0.018886566
-0.4771919,-0.45804715,0.019144744
-0.56420463,-0.50539416,0.058810472
-0.53781545,-0.4846854,0.05313006
-0.46396264,-0.4525478,0.011414856
-0.4436182,-0.45844018,0.014821976
-0.47761217,-0.47860318,0.0009910166
-0.5153182,-0.47406396,0.041254252
-0.51773715,-0.45549235,0.062244803
-0.50911164,-0.4679675,0.041144133
-0.52026075,-0.5191152,0.0011455417
-0.5424364,-0.55205446,0.009618044
-0.540537,-0.5182274,0.022309601
-0.5189096,-0.46483114,0.05407843
-0.69952476,-0.6220211,0.07750368
-0.45254576,-0.436598,0.01594776
-0.31956792,-0.3433222,0.023754269
-0.39449877,-0.4000548,0.005556047
-0.52376807,-0.48807558,0.035692483
-0.59503675,-0.52922314,0.0658136
-0.52083975,-0.47936928,0.041470468
-0.4291496,-0.43139607,0.0022464693
-0.42516628,-0.4396756,0.01450932
-0.48160055,-0.4689846,0.012615949
-0.526241,-0.4738175,0.052423507
-0.5171903,-0.46070775,0.056482524
-0.49513313,-0.47517902,0.019954115
-0.5030163,-0.51490474,0.011888444
-0.52186793,-0.5255746,0.0037066936
-0.5188092,-0.48380414,0.035005063
-0.5013679,-0.44113314,0.060234785
-0.51647353,-0.4764966,0.039976925
-0.5597481,-0.55033034,0.009417772
-0.59920514,-0.60429037,0.00508523
-0.43395552,-0.4273049,0.0066506267
-0.6055678,-0.54748505,0.05808276
-0.60112095,-0.53926516,0.061855793
-0.48828822,-0.4620069,0.026281327
-0.3906354,-0.4048062,0.014170796
-0.42402676,-0.43141606,0.007389307
-0.5163654,-0.48126268,0.035102725
-0.5506655,-0.48835194,0.062313557
-0.51627636,-0.4695408,0.046735555
-0.4778039,-0.4713368,0.006467074
-0.4836037,-0.49660084,0.01299715
-0.5085647,-0.49474862,0.013816088
-0.50979006,-0.4632968,0.046493262
-0.49792987,-0.43941867,0.058511198
-0.51458764,-0.48695472,0.027632922
-0.55743474,-0.5630839,0.0056491494
-0.57087106,-0.5710679,0.00019687414
-0.5421376,-0.51338387,0.028753757
-0.49741933,-0.44314995,0.054269373
-0.67771065,-0.59915185,0.0785588
-0.41363323,-0.41344154,0.00019168854
-0.35854346,-0.3808981,0.022354633
-0.444856,-0.4409788,0.0038771927
-0.5566272,-0.50696486,0.04966235
-0.5685605,-0.5065516,0.062008858
-0.49405414,-0.4671401,0.02691403
-0.45453697,-0.4596783,0.005141318
-0.47067767,-0.47878912,0.008111447
-0.5109345,-0.48314258,0.027791888
-0.51706576,-0.4588788,0.058186978
-0.50423986,-0.45852268,0.04571718
-0.51359475,-0.4991792,0.014415532
-0.5443766,-0.55442846,0.0100518465
-0.5450767,-0.53585577,0.009220958
-0.50642043,-0.4606052,0.04581523
-0.48366043,-0.42602855,0.05763188
-0.5243358,-0.4911991,0.033136696
-0.6029832,-0.60126865,0.0017145276
-0.6205337,-0.6170306,0.0035030842
-0.5020817,-0.47826126,0.02382043
-0.60196733,-0.5404049,0.06156242
-0.569966,-0.515004,0.05496204
-0.46594208,-0.45464742,0.011294663
-0.42588,-0.44181594,0.015935928
-0.4712761,-0.47048354,0.00079256296
-0.5294149,-0.48784122,0.041573673
-0.53522646,-0.47480398,0.06042248
-0.508215,-0.47427917,0.033935845
-0.50743675,-0.50929755,0.0018607974
-0.5280972,-0.5358378,0.007740617
-0.5282745,-0.50669366,0.021580815
-0.49864048,-0.44520736,0.05343312
-0.4941928,-0.4447964,0.049396396
-0.54629374,-0.530708,0.015585721
-0.60076815,-0.60624117,0.0054730177
-0.59487355,-0.5885093,0.0063642263
-0.5210436,-0.48227412,0.038769484
-0.47402453,-0.42186323,0.052161306
-0.64550984,-0.56876177,0.07674807
-0.42652866,-0.43128446,0.004755795
-0.4135888,-0.43031484,0.016726047
-0.503348,-0.4829641,0.020383894
-0.5655254,-0.5074982,0.058027208
-0.5492137,-0.49262545,0.056588262
-0.5019778,-0.48152032,0.020457476
-0.49209827,-0.50130445,0.009206176
-0.5169863,-0.51308507,0.0039012432
-0.5254982,-0.49091405,0.034584165
-0.5083861,-0.45085707,0.057529002
-0.5108328,-0.47167647,0.039156318
-0.5536393,-0.54840857,0.005230725
-0.5871391,-0.5920113,0.0048721433
-0.563578,-0.54720414,0.016373873
-0.4951841,-0.44706282,0.048121274
-0.47955385,-0.42901227,0.05054158
-0.56195825,-0.54065996,0.02129829
-0.65544534,-0.6567756,0.0013302565
-0.63965565,-0.6303913,0.00926435
-0.5290434,-0.4975022,0.03154117
-0.59204066,-0.52774173,0.06429893
-0.5362686,-0.49539635,0.040872246
-0.48258302,-0.47665003,0.0059329867
-0.4756047,-0.488028,0.012423277
-0.51762325,-0.5025866,0.015036643
-0.5377588,-0.48661602,0.05114281
-0.52545124,-0.4714025,0.054048747
-0.5232762,-0.49543637,0.02783984
-0.5512767,-0.55379254,0.0025158525
-0.56708264,-0.5649604,0.0021222234
-0.5332473,-0.49951175,0.033735543
-0.49138764,-0.43822905,0.05315858
-0.50329334,-0.4604509,0.042842448
-0.5852527,-0.5736807,0.011572003
-0.6466985,-0.6503143,0.0036157966
-0.59353286,-0.57613033,0.01740253
-0.5033789,-0.4624671,0.040911824
-0.45947638,-0.4123431,0.047133267
-0.61356467,-0.5387754,0.074789286
-0.44574013,-0.4581913,0.012451172
-0.4745323,-0.4799954,0.0054630935
-0.530241,-0.5022744,0.027966619
-0.55667675,-0.49824935,0.058427393
-0.5353617,-0.48997593,0.045385778
-0.5224375,-0.51332843,0.00910908
-0.5393647,-0.5468015,0.007436812
-0.5513822,-0.53999907,0.011383116
-0.5292072,-0.48431116,0.044896066
-0.5067816,-0.45295814,0.05382344
-0.54025954,-0.5125323,0.027727246
-0.5989042,-0.59507203,0.0038321614
-0.624673,-0.6236017,0.0010713339
-0.55810404,-0.5305223,0.027581751
-0.47479805,-0.42408222,0.050715834
-0.49930033,-0.45872682,0.040573508
-0.5994816,-0.58307356,0.016408026
-0.6994264,-0.6991194,0.00030702353
-0.6286891,-0.6110046,0.01768452
-0.5525818,-0.508757,0.043824792
-0.57051015,-0.50911486,0.061395288
-0.5305691,-0.49732444,0.03324464
-0.5077554,-0.51060414,0.0028487444
-0.52561325,-0.5304547,0.004841447
-0.54424006,-0.51600456,0.028235495
-0.5361247,-0.48308012,0.053044587
-0.5274539,-0.47873574,0.048718154
-0.55627805,-0.5392513,0.017026722
-0.60031956,-0.60327715,0.0029575825
-0.59867,-0.5895804,0.009089589
-0.53712314,-0.49907678,0.03804636
-0.487685,-0.43650085,0.051184148
-0.53988165,-0.5077792,0.032102466
-0.64580894,-0.6403802,0.0054287314
-0.68330085,-0.6827444,0.00055646896
-0.59376514,-0.5714202,0.022344947
-0.46564254,-0.42176002,0.04388252
-0.4702448,-0.4313432,0.038901597
-0.7680878,-0.7672379,0.00084990263
-0.48665065,-0.49896052,0.012309879
-0.51758265,-0.5152859,0.0022967458
-0.5477289,-0.50763327,0.040095627
-0.54552907,-0.488532,0.05699706
-0.5387603,-0.500073,0.03868729
-0.55765486,-0.5519454,0.0057094693
-0.5836313,-0.58672595,0.0030946732
-0.5691013,-0.5454562,0.023645103
-0.5242622,-0.47323945,0.05102274
-0.5142418,-0.46484208,0.049399734
-0.5745164,-0.5515445,0.022971928
-0.6533689,-0.65146816,0.0019007325
-0.64049643,-0.63003796,0.010458469
-0.55688274,-0.5252647,0.03161806
-0.4672689,-0.41885632,0.04841259
-0.5217724,-0.4873176,0.034454793
-0.6672443,-0.6579498,0.00929451
-0.73049504,-0.7266291,0.0038659573
-0.62138784,-0.5998734,0.021514416
-0.5506423,-0.50278443,0.04785788
-0.54883575,-0.49477938,0.054056376
-0.5347926,-0.5147146,0.020078003
-0.5470364,-0.5537019,0.006665468
-0.5646694,-0.5633845,0.0012848973
-0.5557761,-0.52216077,0.03361535
-0.5308085,-0.47609657,0.054711938
-0.5448954,-0.50628257,0.038612843
-0.5938441,-0.5804853,0.013358831
-0.6422162,-0.64198416,0.00023204088
-0.6075151,-0.5875527,0.01996237
-0.52394974,-0.47977144,0.044178307
-0.50183094,-0.4566682,0.045162737
-0.5747893,-0.54770744,0.027081847
-0.69357866,-0.688335,0.005243659
-0.6952633,-0.6876652,0.007598102
-0.55770797,-0.527647,0.030060947
-0.44502115,-0.4030385,0.04198265
-0.48390377,-0.45078182,0.033121943
-0.8041862,-0.7991368,0.0050494075
-0.52860844,-0.53922844,0.010619998
-0.5483933,-0.532934,0.015459299
-0.5476815,-0.50381017,0.043871343
-0.53728956,-0.48437482,0.05291474
-0.5565078,-0.52946687,0.027040958
-0.60091734,-0.60072386,0.00019347668
-0.614084,-0.6091839,0.004900098
-0.580361,-0.5510069,0.029354095
-0.52370936,-0.47214198,0.051567376
-0.5396302,-0.498379,0.041251183
-0.6297803,-0.6144684,0.015311897
-0.6953224,-0.69115037,0.004172027
-0.65400726,-0.63807416,0.015933096
-0.5295236,-0.49186218,0.037661433
-0.47153404,-0.42726737,0.04426667
-0.58072346,-0.5553522,0.025371253
-0.71589065,-0.70810324,0.0077874064
-0.74922603,-0.7417514,0.007474661
-0.5724663,-0.54573894,0.026727378
-0.5410214,-0.4866648,0.054356605
-0.5382019,-0.49476022,0.043441713
-0.55496305,-0.540195,0.014768064
-0.58680046,-0.59211826,0.005317807
-0.5872088,-0.5753673,0.011841536
-0.5513124,-0.50905573,0.042256653
-0.529612,-0.47696686,0.052645147
-0.5671159,-0.5338179,0.033298016
-0.6437519,-0.6366553,0.007096648
-0.6695016,-0.6633398,0.006161809
-0.5989182,-0.56927687,0.02964133
-0.52088034,-0.47609738,0.044782966
-0.5206341,-0.48023313,0.040400982
-0.63817036,-0.61856824,0.01960212
-0.7435458,-0.73831666,0.0052291155
-0.704224,-0.6921156,0.012108386
-0.53837913,-0.5063385,0.032040656
-0.42906988,-0.38984412,0.039225757
-0.5419485,-0.5165985,0.025349975
-0.8278239,-0.81867146,0.009152412
-0.5653795,-0.57173604,0.0063565373
-0.5619673,-0.5400169,0.021950424
-0.53661877,-0.48701632,0.04960245
-0.5384971,-0.49345428,0.045042813
-0.5889902,-0.572152,0.016838193
-0.6391836,-0.6391443,3.927946e-05
-0.6358114,-0.6255429,0.010268509
-0.5701817,-0.531681,0.038500726
-0.5238595,-0.4728886,0.050970912
-0.5648057,-0.5282376,0.036568105
-0.6723517,-0.65893006,0.013421655
-0.7241841,-0.7161433,0.008040786
-0.6346412,-0.6107341,0.023907065
-0.5023834,-0.46191463,0.040468782
-0.48441172,-0.44437537,0.04003635
-0.6233886,-0.60196936,0.021419227
-0.7770069,-0.77098507,0.0060218573
-0.72869503,-0.71565247,0.013042569
-0.54264367,-0.5147086,0.027935088
-0.5252636,-0.46991536,0.055348247
-0.53933483,-0.5021121,0.037222743
-0.5868853,-0.5809348,0.005950451
-0.61846954,-0.6201982,0.0017286539
-0.59997976,-0.5825479,0.017431855
-0.54619324,-0.5016189,0.04457432
-0.53708214,-0.48946244,0.0476197
-0.60806865,-0.5842522,0.023816466
-0.68921965,-0.684988,0.0042316318
-0.68880147,-0.67790604,0.010895431
-0.5966141,-0.5629405,0.033673644
-0.51248604,-0.46724728,0.045238763
-0.56485236,-0.53157073,0.033281624
-0.6824324,-0.6650603,0.017372131
-0.7731225,-0.7655152,0.007607281
-0.67365146,-0.65460557,0.01904589
-0.48993996,-0.45451474,0.035425216
-0.4454263,-0.41122693,0.034199357
-0.5820534,-0.5604769,0.021576524
-0.8481355,-0.8358298,0.012305677
-0.58802664,-0.5861973,0.0018293262
-0.55571485,-0.5228857,0.032829165
-0.5256866,-0.47577018,0.049916446
-0.54525155,-0.50541556,0.03983599
-0.61899394,-0.60596156,0.013032377
-0.67167014,-0.6709067,0.0007634163
-0.63295007,-0.61334795,0.01960212
-0.5652629,-0.5234954,0.041767538
-0.53115916,-0.4825973,0.04856187
-0.6125106,-0.58398587,0.028524756
-0.72547245,-0.715105,0.010367453
-0.72819155,-0.71429133,0.01390022
-0.6261612,-0.59895957,0.027201653
-0.49402034,-0.45437077,0.039649576
-0.52671474,-0.49280143,0.033913314
-0.700267,-0.68454295,0.015724063
-0.8102931,-0.8032712,0.007021904
-0.71475196,-0.698801,0.015950978
-0.47441202,-0.4446836,0.029728413
-0.506588,-0.44937396,0.05721402
-0.5572043,-0.5310023,0.026202023
-0.616365,-0.6128406,0.0035244226
-0.640049,-0.63781935,0.002229631
-0.5890403,-0.56199694,0.027043343
-0.53117514,-0.48322338,0.047951758
-0.5472685,-0.50363207,0.04363644
-0.6395902,-0.6197055,0.019884706
-0.71934634,-0.71433586,0.0050104856
-0.6809043,-0.66203636,0.01886797
-0.56947803,-0.5296431,0.039834917
-0.51593864,-0.47246465,0.04347399
-0.59740204,-0.5676955,0.029706538
-0.74592406,-0.7319619,0.01396215
-0.77856183,-0.76711,0.01145184
-0.6247382,-0.5997513,0.024986923
-0.46848306,-0.43324202,0.035241038
-0.46435967,-0.43392605,0.030433625
-0.66926116,-0.65249044,0.01677072
-0.848998,-0.83371663,0.015281379
-0.60080725,-0.5935801,0.007227123
-0.54680765,-0.5096441,0.037163556
-0.5147975,-0.46543077,0.049366742
-0.5696662,-0.53901416,0.030652046
-0.65956867,-0.652868,0.0067006946
-0.69194496,-0.68863255,0.003312409
-0.63076884,-0.60644495,0.02432388
-0.5443465,-0.49762443,0.046722084
-0.5527503,-0.5094952,0.04325509
-0.6660613,-0.6445636,0.021497667
-0.7573043,-0.7465705,0.010733783
-0.7299518,-0.7122591,0.017692685
-0.5849404,-0.5527156,0.032224774
-0.4877903,-0.4492716,0.038518697
-0.55767983,-0.5271948,0.030485034
-0.74519575,-0.7311063,0.014089465
-0.8234536,-0.8142987,0.009154916
-0.6503045,-0.6298456,0.020458877
-0.41324294,-0.38329652,0.029946417
-0.49137643,-0.43425345,0.057122976
-0.5746194,-0.55345386,0.02116555
-0.64868605,-0.6487687,8.267164e-05
-0.63964564,-0.6298583,0.009787321
-0.5800934,-0.54886335,0.031230032
-0.523811,-0.4760607,0.047750294
-0.5750263,-0.5390351,0.035991192
-0.6856987,-0.67273754,0.012961149
-0.7353158,-0.7278885,0.007427275
-0.6757657,-0.6525224,0.023243308
-0.55641794,-0.5146944,0.04172355
-0.5324401,-0.4923053,0.040134817
-0.6577697,-0.633503,0.02426666
-0.79433995,-0.7816088,0.012731135
-0.7777187,-0.763414,0.0143046975
-0.5986461,-0.57140875,0.027237356
-0.4408354,-0.40542904,0.03540635
-0.52599525,-0.5005735,0.025421739
-0.7186203,-0.70341706,0.0152032375
-0.8502655,-0.83302724,0.01723826
-0.5911889,-0.5743083,0.016880631
-0.52204216,-0.47763845,0.044403702
-0.51726085,-0.47215697,0.045103878
-0.5883841,-0.562243,0.026141107
-0.6851429,-0.68004197,0.005100906
-0.6904709,-0.681712,0.008758903
-0.6013935,-0.5687559,0.032637596
-0.53494924,-0.48720556,0.047743678
-0.5697608,-0.5299388,0.039821982
-0.69828516,-0.67943203,0.018853128
-0.78009725,-0.7684853,0.0116119385
-0.6967007,-0.6731254,0.023575306
-0.56443995,-0.5306462,0.033793747
-0.4937824,-0.45707083,0.036711574
-0.625087,-0.5997341,0.025352895
-0.80833906,-0.79672253,0.011616528
-0.7991319,-0.7864196,0.0127123
-0.6140297,-0.5917907,0.02223903
-0.3879618,-0.3589845,0.028977305
-0.4768455,-0.4188729,0.05797261
-0.607744,-0.5956895,0.012054503
-0.667063,-0.6670686,5.6028366e-06
-0.636518,-0.62226963,0.014248371
-0.5509151,-0.512436,0.03847915
-0.5238024,-0.47791898,0.045883417
-0.6130665,-0.5852177,0.02784878
-0.71225935,-0.70161736,0.010641992
-0.74023986,-0.7301177,0.01012218
-0.6397485,-0.60897934,0.03076917
-0.5317209,-0.48736537,0.04435551
-0.54853004,-0.51086825,0.03766179
-0.6928195,-0.6706775,0.022141993
-0.8152509,-0.80188286,0.0133680105
-0.7380038,-0.71918106,0.01882273
-0.53819793,-0.5070476,0.031150341
-0.43783635,-0.4035467,0.034289658
-0.56537706,-0.54250157,0.022875488
-0.799921,-0.78690344,0.013017535
-0.81320274,-0.79387546,0.019327283
-0.56941175,-0.5430655,0.026346266
-0.5084547,-0.4617989,0.046655774
-0.52341235,-0.48169306,0.041719288
-0.62605023,-0.60823065,0.017819583
-0.7085289,-0.70540214,0.0031267405
-0.68649346,-0.6741054,0.012388051
-0.58548695,-0.54926145,0.036225498
-0.5282302,-0.48022464,0.04800555
-0.6108241,-0.57795197,0.03287214
-0.74523944,-0.73104966,0.01418978
-0.78615725,-0.7727731,0.013384163
-0.6773017,-0.6508305,0.026471198
-0.5254526,-0.48910746,0.036345154
-0.5257207,-0.49205846,0.03366226
-0.6983413,-0.67743117,0.020910144
-0.8355538,-0.82417196,0.011381865
-0.77879775,-0.76388675,0.014910996
-0.5331077,-0.5077763,0.025331378
-0.3722223,-0.34441516,0.027807146
-0.46782824,-0.40991062,0.057917625
-0.627866,-0.61944973,0.008416295
-0.67320555,-0.6712499,0.0019556284
-0.60854113,-0.58576316,0.022777975
-0.524486,-0.48092258,0.043563426
-0.5297442,-0.4861828,0.0435614
-0.63653934,-0.6126386,0.023900747
-0.7427818,-0.735681,0.0071008205
-0.71954507,-0.7036682,0.01587689
-0.6206768,-0.58643013,0.034246683
-0.52549434,-0.48097828,0.044516057
-0.5916524,-0.55873317,0.032919228
-0.7509425,-0.732473,0.018469512
-0.81856847,-0.80380005,0.014768422
-0.71359473,-0.6924134,0.021181345
-0.5114713,-0.47911385,0.032357424
-0.4614292,-0.42930642,0.03212279
-0.65134525,-0.6324798,0.018865466
-0.8568711,-0.844838,0.012033105
-0.78798956,-0.76751494,0.020474613
-0.55646455,-0.5256532,0.03081137
-0.4929594,-0.4437821,0.04917732
-0.5491506,-0.5148174,0.03433317
-0.6475991,-0.6334021,0.014196992
-0.71666455,-0.7129676,0.003696978
-0.65654397,-0.63679755,0.019746423
-0.5523856,-0.5101498,0.04223585
-0.5410264,-0.49606198,0.044964433
-0.6358402,-0.6065523,0.029287875
-0.76724005,-0.7544346,0.012805462
-0.7672597,-0.75004077,0.017218947
-0.62599707,-0.5945586,0.03143847
-0.51215434,-0.4753672,0.036787152
-0.55017745,-0.5184672,0.031710267
-0.7361615,-0.7170378,0.019123673
-0.85331964,-0.84181106,0.011508584
-0.71204394,-0.6930662,0.018977761
-0.49507764,-0.46873206,0.02634558
-0.3798731,-0.3532734,0.026599705
-0.4603538,-0.40206474,0.05828905
-0.65544295,-0.65293485,0.0025081038
-0.6607654,-0.6535539,0.0072115064
-0.59227514,-0.5652631,0.02701205
-0.51424736,-0.46932295,0.04492441
-0.5546882,-0.51683795,0.03785026
-0.6787544,-0.6622834,0.016470969
-0.7540255,-0.7474101,0.0066154003
-0.70508564,-0.6857262,0.01935941
-0.57903695,-0.53880095,0.040235996
-0.5302976,-0.48696968,0.043327898
-0.6448537,-0.6170244,0.02782929
-0.77811843,-0.76086724,0.017251194
-0.81138337,-0.79517317,0.016210198
-0.65035707,-0.62493753,0.025419533
-0.47219184,-0.43790552,0.03428632
-0.48445728,-0.45400375,0.030453533
-0.69632095,-0.6792228,0.017098129
-0.87399393,-0.861861,0.012132943
-0.71657306,-0.6945488,0.022024274
-0.52789736,-0.4889919,0.03890547
-0.49020335,-0.44137293,0.04883042
-0.56589174,-0.5356922,0.030199528
-0.68084776,-0.6729287,0.007919073
-0.7079695,-0.7013023,0.0066671968
-0.61810625,-0.5906253,0.02748096
-0.5388714,-0.49452165,0.04434976
-0.55392826,-0.51149464,0.04243362
-0.6838397,-0.66157055,0.02226913
-0.7885508,-0.7773646,0.0111861825
-0.7518238,-0.73209417,0.019729614
-0.600919,-0.567317,0.033602
-0.5041143,-0.4671623,0.03695196
-0.609111,-0.5811133,0.027997732
-0.79757154,-0.78152955,0.016041994
-0.84962416,-0.8372597,0.012364447
-0.6742115,-0.6531834,0.021028101
-0.43339804,-0.40524328,0.02815476
-0.42754063,-0.40300485,0.024535775
-0.9486481,-0.9301604,0.018487692
